time,X_NOSE,Y_NOSE,Z_NOSE,X_LEFT_EYE_INNER,Y_LEFT_EYE_INNER,Z_LEFT_EYE_INNER,X_LEFT_EYE,Y_LEFT_EYE,Z_LEFT_EYE,X_LEFT_EYE_OUTER,Y_LEFT_EYE_OUTER,Z_LEFT_EYE_OUTER,X_RIGHT_EYE_OUTER,Y_RIGHT_EYE_OUTER,Z_RIGHT_EYE_OUTER,X_RIGHT_EYE,Y_RIGHT_EYE,Z_RIGHT_EYE,X_RIGHT_EYE_OUTER.1,Y_RIGHT_EYE_OUTER.1,Z_RIGHT_EYE_OUTER.1,X_LEFT_EAR,Y_LEFT_EAR,Z_LEFT_EAR,X_RIGHT_EAR,Y_RIGHT_EAR,Z_RIGHT_EAR,X_MOUTH_LEFT,Y_MOUTH_LEFT,Z_MOUTH_LEFT,X_MOUTH_RIGHT,Y_MOUTH_RIGHT,Z_MOUTH_RIGHT,X_LEFT_SHOULDER,Y_LEFT_SHOULDER,Z_LEFT_SHOULDER,X_RIGHT_SHOULDER,Y_RIGHT_SHOULDER,Z_RIGHT_SHOULDER,X_LEFT_ELBOW,Y_LEFT_ELBOW,Z_LEFT_ELBOW,X_RIGHT_ELBOW,Y_RIGHT_ELBOW,Z_RIGHT_ELBOW,X_LEFT_WRIST,Y_LEFT_WRIST,Z_LEFT_WRIST,X_RIGHT_WRIST,Y_RIGHT_WRIST,Z_RIGHT_WRIST,X_LEFT_PINKY,Y_LEFT_PINKY,Z_LEFT_PINKY,X_RIGHT_PINKY,Y_RIGHT_PINKY,Z_RIGHT_PINKY,X_LEFT_INDEX,Y_LEFT_INDEX,Z_LEFT_INDEX,X_RIGHT_INDEX,Y_RIGHT_INDEX,Z_RIGHT_INDEX,X_LEFT_THUMB,Y_LEFT_THUMB,Z_LEFT_THUMB,X_RIGHT_THUMB,Y_RIGHT_THUMB,Z_RIGHT_THUMB,X_LEFT_HIP,Y_LEFT_HIP,Z_LEFT_HIP,X_RIGHT_HIP,Y_RIGHT_HIP,Z_RIGHT_HIP,X_LEFT_KNEE,Y_LEFT_KNEE,Z_LEFT_KNEE,X_RIGHT_KNEE,Y_RIGHT_KNEE,Z_RIGHT_KNEE,X_LEFT_ANKLE,Y_LEFT_ANKLE,Z_LEFT_ANKLE,X_RIGHT_ANKLE,Y_RIGHT_ANKLE,Z_RIGHT_ANKLE,X_LEFT_HEEL,Y_LEFT_HEEL,Z_LEFT_HEEL,X_RIGHT_HEEL,Y_RIGHT_HEEL,Z_RIGHT_HEEL,X_LEFT_FOOT_INDEX,Y_LEFT_FOOT_INDEX,Z_LEFT_FOOT_INDEX,X_RIGHT_FOOT_INDEX,Y_RIGHT_FOOT_INDEX,Z_RIGHT_FOOT_INDEX,fileID,participantID
0.0,-0.06184035243333338,0.47670988048817214,-0.18274203218623658,-0.038028372896129044,0.4995101741698929,-0.1834619927520431,-0.03485463839849464,0.4987494701247314,-0.17165852845247315,-0.034859285440000005,0.4992279053333335,-0.1760176006430108,-0.051957927790967764,0.5066492963956991,-0.18073785609741944,-0.05169231317440862,0.5055630744258068,-0.191413961935484,-0.0464785821847312,0.4920187871118282,-0.17290224498150542,0.059206508350107545,0.4823669651978498,-0.1264842699066667,-0.052293209070107545,0.4368156885419358,-0.05906705994724733,-0.010848222902759155,0.46267127490107535,-0.15070638767763442,-0.04031542266408605,0.42653547562150546,-0.15680809934580647,0.16475076796989252,0.2935397418731185,-0.049656767923849494,-0.09991448926172045,0.34950740120215074,0.12315894837204311,0.20492861130322582,0.07751522640215056,-0.049940672057935495,-0.14661333828817216,0.04291812172903226,0.14646935706322592,0.16663996647526882,-0.2286877815560237,-0.031011327732688176,-0.2095252999634409,-0.2002590761650323,0.10071111975465166,0.15685074514236563,-0.3031222619654194,-0.03885789780602151,-0.19870253000860216,-0.26272754258464526,0.06929313474062372,0.10047496586494628,-0.32479270626662377,-0.056560219023010755,-0.16887350253978498,-0.2536260594782109,0.037539624703247364,0.1470876443569893,-0.26934707646313993,-0.03830421413999997,-0.19459870067526897,-0.21329285277086027,0.0206106864,0.0899907081369893,-0.16374176876931185,-0.014902358910172052,-0.08669124709526885,-0.1443493303531398,0.016161667476946244,0.07679074971075273,-0.572920211055914,-0.08022816828408603,-0.05712413294172045,-0.5032015939096776,0.007295739975851627,0.08817380631139787,-0.9484892491505379,0.03856395780898926,-0.08681851950709682,-0.917864378475269,0.12464894974924735,0.06565952537720432,-0.9867087177806451,0.04916455548542237,-0.09229910202000002,-0.9543008351978498,0.09453537364989252,0.011471361989225807,-0.9979765515290325,-0.03850948629161292,-0.14899406371956994,-0.9555957755913984,0.020687532918580668,Donner_g_ch2_g20_compr.mp4,ch2g20
16.666666666666668,-0.06124647430712648,0.47668920282921773,-0.17996947503982946,-0.03751081658605118,0.4993779235696704,-0.18059026227902866,-0.03433383873813869,0.4987033186241753,-0.16880678136655547,-0.034382182012413796,0.4991755095747128,-0.17316264465682615,-0.05156768292745275,0.5066612738281796,-0.1779871130375974,-0.05126775041042642,0.505526500086096,-0.18867539392614027,-0.046148574851761236,0.4920299887018171,-0.17017197370461998,0.05944369368964036,0.4821609527313314,-0.1231700139928736,-0.052382684079985184,0.4368988300700782,-0.05626432548079349,-0.010325813204171167,0.4626620564895069,-0.14782139523136079,-0.04001139575598816,0.42657395496255107,-0.15412564983713017,0.16522703912829073,0.2934749127968115,-0.046218289787400106,-0.09971388486734892,0.35001110117211737,0.12520557180385622,0.2065131492547275,0.07847652310315167,-0.04888531756787098,-0.14601100941542466,0.04493821040289211,0.1445758480547276,0.16552590331375602,-0.21691165853481564,-0.033120634680318874,-0.20834122014987028,-0.19104200812696112,0.09433570761866879,0.1546325019803634,-0.28844080587787324,-0.04124652360192807,-0.19727190648846868,-0.2515999003770146,0.06203520976350025,0.09925895480897298,-0.30819614572874166,-0.05864821180234335,-0.16753249963589176,-0.24103145905277795,0.031002517096483183,0.14628602066800153,-0.2560701298794291,-0.040355032888275834,-0.19361528747237686,-0.20300683109939865,0.0261005089,0.08975510506179464,-0.16359206190602596,-0.014711255134596968,-0.08646399373099743,-0.1444865765912221,0.016014286117110872,0.07680974155782726,-0.5726393681302188,-0.08045514433185022,-0.05672204597493514,-0.5029140484055619,0.005217883675972205,0.0881866476032555,-0.9484463500344088,0.03652608905186357,-0.085234211409366,-0.9176372957413425,0.12197510201527628,0.06572801582038564,-0.986554586209566,0.04709752852382864,-0.09039515119310347,-0.954047524862366,0.09172822879201488,0.012269929403210233,-0.9968950815822027,-0.03943783489494996,-0.14704270368005937,-0.9551656110908422,0.018394789837333725,Donner_g_ch2_g20_compr.mp4,ch2g20
33.333333333333336,-0.06065259618091958,0.47666852517026337,-0.17719691789342235,-0.036993260275973314,0.49924567296944794,-0.17771853180601418,-0.033813039077782735,0.49865716712361907,-0.1659550342806378,-0.033905078584827594,0.49912311381609215,-0.1703076886706415,-0.05117743806393773,0.5066732512606602,-0.1752363699777754,-0.050843187646444216,0.5054899257463853,-0.18593682591679656,-0.045818567518791264,0.492041190291806,-0.16744170242773457,0.05968087902917318,0.48195494026481306,-0.11985575807908048,-0.05247215908986283,0.43698197159822055,-0.05346159101433965,-0.009803403505583182,0.4626528380779385,-0.14493640278508715,-0.03970736884789027,0.4266124343035967,-0.15144320032845385,0.16570331028668897,0.2934100837205045,-0.04277981165095072,-0.0995132804729774,0.350514801142084,0.12725219523566936,0.20809768720622915,0.07943781980415278,-0.047829963077806466,-0.14540868054267717,0.046958299076751954,0.14268233904622926,0.16441184015224325,-0.20513553551360755,-0.035229941627949575,-0.20715714033629964,-0.1818249400888899,0.08796029548268593,0.15241425881836118,-0.27375934979032707,-0.04363514939783463,-0.1958412829683352,-0.24047225816938383,0.05477728478637678,0.09804294375299967,-0.2915995851908596,-0.06073620458167594,-0.16619149673199854,-0.22843685862734503,0.024465409489719,0.14548439697901375,-0.24279318329571833,-0.0424058516365517,-0.19263187426948475,-0.192720809427937,0.0258284789,0.08951950198659997,-0.1634423550427401,-0.014520151359021884,-0.08623674036672602,-0.14462382282930442,0.015866904757275497,0.07682873340490178,-0.5723585252045236,-0.0806821203796144,-0.05631995900814982,-0.5026265029014462,0.003140027376092783,0.08819948889511312,-0.9484034509182798,0.03448822029473787,-0.08364990331163519,-0.9174102130074159,0.1193012542813052,0.06579650626356695,-0.9864004546384871,0.04503050156223492,-0.08849120036620692,-0.9537942145268821,0.08892108393413724,0.013068496817194662,-0.995813611635373,-0.040366183498287,-0.14509134364054882,-0.9547354465902861,0.016102046756086785,Donner_g_ch2_g20_compr.mp4,ch2g20
50.0,-0.06005871805471268,0.47664784751130895,-0.17442436074701523,-0.03647570396589545,0.49911342236922546,-0.17484680133299974,-0.03329223941742679,0.4986110156230629,-0.1631032871947201,-0.033427975157241385,0.49907071805747144,-0.16745273268445687,-0.050787193200422714,0.5066852286931407,-0.17248562691795336,-0.050418624882462015,0.5054533514066745,-0.18319825790745284,-0.0454885601858213,0.49205239188179484,-0.16471143115084913,0.05991806436870599,0.4817489277982947,-0.11654150216528739,-0.05256163409974047,0.4370651131263629,-0.050658856547885815,-0.009280993806995194,0.46264361966637013,-0.14205141033881352,-0.039403341939792384,0.4266509136446423,-0.14876075081977755,0.16617958144508718,0.2933452546441975,-0.03934133351450133,-0.09931267607860587,0.3510185011120506,0.12929881866748247,0.20968222515773083,0.0803991165051539,-0.04677460858774195,-0.14480635166992967,0.0489783877506118,0.1407888300377309,0.16329777699073045,-0.19335941249239946,-0.037339248575580276,-0.205973060522729,-0.17260787205081873,0.08158488334670305,0.15019601565635896,-0.2590778937027809,-0.04602377519374119,-0.1944106594482017,-0.22934461596175315,0.0475193598092533,0.09682693269702637,-0.2750030246529775,-0.06282419736100853,-0.16485049382810535,-0.2158422582019121,0.017928301882954814,0.144682773290026,-0.22951623671200755,-0.04445667038482756,-0.19164846106659264,-0.1824347877564754,0.0291329306,0.08928389891140531,-0.16329264817945421,-0.0143290475834468,-0.08600948700245462,-0.14476106906738673,0.015719523397440125,0.0768477252519763,-0.5720776822788283,-0.08090909642737858,-0.0559178720413645,-0.5023389573973305,0.001062171076213361,0.08821233018697072,-0.9483605518021507,0.03245035153761218,-0.08206559521390439,-0.9171831302734893,0.11662740654733413,0.06586499670674825,-0.9862463230674081,0.04296347460064119,-0.08658724953931037,-0.9535409041913983,0.0861139390762596,0.013867064231179088,-0.9947321416885431,-0.04129453210162404,-0.14313998360103825,-0.9543052820897299,0.013809303674839842,Donner_g_ch2_g20_compr.mp4,ch2g20
66.66666666666667,-0.059464839928505785,0.47662716985235454,-0.1716518036006081,-0.03595814765581759,0.498981171769003,-0.17197507085998529,-0.032771439757070836,0.4985648641225068,-0.1602515401088024,-0.032950871729655176,0.49901832229885074,-0.16459777669827222,-0.05039694833690769,0.5066972061256213,-0.16973488385813135,-0.049994062118479815,0.5054167770669636,-0.18045968989810912,-0.045158552852851336,0.4920635934717837,-0.1619811598739637,0.0601552497082388,0.48154291533177634,-0.11322724625149429,-0.052651109109618115,0.4371482546545053,-0.04785612208143197,-0.008758584108407207,0.4626344012548017,-0.13916641789253986,-0.0390993150316945,0.4266893929856879,-0.14607830131110125,0.1666558526034854,0.29328042556789047,-0.03590285537805194,-0.09911207168423435,0.3515222010820172,0.1313454420992956,0.2112667631092325,0.08136041320615502,-0.04571925409767743,-0.14420402279718217,0.050998476424471646,0.13889532102923258,0.16218371382921765,-0.1815832894711914,-0.03944855552321098,-0.20478898070915838,-0.16339080401274753,0.07520947121072018,0.14797777249435673,-0.24439643761523477,-0.04841240098964776,-0.19298003592806823,-0.21821697375412244,0.04026143483212983,0.09561092164105306,-0.2584064641150954,-0.06491219014034112,-0.16350949092421213,-0.20324765777647916,0.011391194276190633,0.14388114960103823,-0.21623929012829674,-0.04650748913310342,-0.19066504786370053,-0.17214876608501378,0.0290154554,0.08904829583621066,-0.16314294131616836,-0.014137943807871717,-0.0857822336381832,-0.14489831530546904,0.015572142037604753,0.07686671709905084,-0.5717968393531331,-0.08113607247514276,-0.05551578507457918,-0.5020514118932148,-0.001015685223666061,0.08822517147882834,-0.9483176526860218,0.03041248278048648,-0.08048128711617357,-0.9169560475395627,0.11395355881336304,0.06593348714992957,-0.9860921914963292,0.04089644763904746,-0.08468329871241381,-0.9532875938559143,0.08330679421838195,0.014665631645163517,-0.9936506717417133,-0.04222288070496108,-0.14118862356152767,-0.9538751175891738,0.0115165605935929,Donner_g_ch2_g20_compr.mp4,ch2g20
83.33333333333334,-0.058870961802298886,0.4766064921934002,-0.168879246454201,-0.03544059134573972,0.4988489211687805,-0.1691033403869708,-0.03225064009671488,0.49851871262195063,-0.15739979302288473,-0.03247376830206897,0.49896592654023003,-0.16174282071208756,-0.05000670347339268,0.5067091835581018,-0.1669841407983093,-0.04956949935449761,0.5053802027272529,-0.1777211218887654,-0.044828545519881365,0.4920747950617726,-0.15925088859707826,0.060392435047771614,0.481336902865258,-0.10991299033770117,-0.052740584119495754,0.43723139618264767,-0.04505338761497814,-0.008236174409819219,0.4626251828432333,-0.13628142544626623,-0.03879528812359661,0.4267278723267335,-0.14339585180242492,0.16713212376188363,0.29321559649158346,-0.032464377241602546,-0.09891146728986282,0.35202590105198384,0.13339206553110872,0.21285130106073416,0.08232170990715612,-0.04466389960761292,-0.14360169392443464,0.05301856509833149,0.13700181202073425,0.16106965066770487,-0.16980716644998334,-0.04155786247084168,-0.20360490089558775,-0.15417373597467635,0.0688340590747373,0.14575952933235453,-0.2297149815276886,-0.05080102678555432,-0.19154941240793474,-0.20708933154649173,0.03300350985500636,0.09439491058507976,-0.24180990357721327,-0.06700018291967372,-0.1621684880203189,-0.19065305735104623,0.004854086669426452,0.14307952591205048,-0.20296234354458595,-0.048558307881379284,-0.18968163466080842,-0.16186274441355214,0.0281229,0.08881269276101598,-0.16299323445288247,-0.013946840032296633,-0.08555498027391178,-0.14503556154355135,0.01542476067776938,0.07688570894612536,-0.5715159964274379,-0.08136304852290695,-0.05511369810779387,-0.5017638663890991,-0.003093541523545484,0.08823801277068596,-0.9482747535698927,0.028374614023360785,-0.07889697901844275,-0.916728964805636,0.11127971107939197,0.06600197759311088,-0.9859380599252502,0.038829420677453735,-0.08277934788551727,-0.9530342835204305,0.0804996493605043,0.015464199059147943,-0.9925692017948835,-0.04315122930829812,-0.1392372635220171,-0.9534449530886175,0.00922381751234596,Donner_g_ch2_g20_compr.mp4,ch2g20
100.0,-0.05827708367609199,0.47658581453444576,-0.16610668930779388,-0.03492303503566186,0.498716670568558,-0.16623160991395636,-0.03172984043635893,0.49847256112139443,-0.15454804593696705,-0.031996664874482765,0.4989135307816094,-0.1588878647259029,-0.049616458609877664,0.5067211609905824,-0.16423339773848727,-0.04914493659051541,0.5053436283875421,-0.1749825538794217,-0.0444985381869114,0.49208599665176145,-0.15652061732019285,0.060629620387304434,0.48113089039873963,-0.10659873442390808,-0.05283005912937339,0.43731453771079004,-0.0422506531485243,-0.0077137647112312325,0.46261596443166486,-0.1333964329999926,-0.03849126121549872,0.4267663516677791,-0.14071340229374862,0.16760839492028184,0.2931507674152764,-0.02902589910515316,-0.0987108628954913,0.35252960102195047,0.13543868896292185,0.21443583901223584,0.08328300660815724,-0.0436085451175484,-0.14299936505168714,0.05503865377219133,0.13510830301223592,0.15995558750619207,-0.15803104342877525,-0.04366716941847238,-0.20242082108201712,-0.14495666793660517,0.06245864693875444,0.1435412861703523,-0.21503352544014243,-0.05318965258146088,-0.19011878888780126,-0.19596168933886104,0.02574558487788288,0.09317889952910646,-0.2252133430393312,-0.06908817569900631,-0.1608274851164257,-0.1780584569256133,-0.0016830209373377356,0.1422779022230627,-0.18968539696087516,-0.05060912662965515,-0.18869822145791632,-0.15157672274209052,0.0286889058,0.08857708968582133,-0.1628435275895966,-0.01375573625672155,-0.08532772690964037,-0.1451728077816337,0.015277379317934006,0.07690470079319989,-0.5712351535017427,-0.08159002457067113,-0.054711611141008545,-0.5014763208849834,-0.005171397823424905,0.08825085406254358,-0.9482318544537637,0.02633674526623509,-0.07731267092071194,-0.9165018820717095,0.10860586334542088,0.0660704680362922,-0.9857839283541713,0.036762393715860014,-0.08087539705862072,-0.9527809731849466,0.07769250450262666,0.01626276647313237,-0.9914877318480537,-0.044079577911635165,-0.13728590348250655,-0.9530147885880613,0.0069310744310990165,Donner_g_ch2_g20_compr.mp4,ch2g20
116.66666666666669,-0.05768320554988509,0.4765651368754914,-0.16333413216138676,-0.03440547872558399,0.4985844199683355,-0.1633598794409419,-0.03120904077600298,0.4984264096208383,-0.15169629885104935,-0.031519561446896556,0.4988611350229887,-0.15603290873971826,-0.04922621374636264,0.5067331384230629,-0.16148265467866527,-0.0487203738265332,0.5053070540478313,-0.17224398587007797,-0.044168530853941436,0.4920971982417503,-0.1537903460433074,0.060866805726837246,0.4809248779322213,-0.10328447851011496,-0.05291953413925104,0.4373976792389324,-0.03944791868207047,-0.007191355012643246,0.4626067460200965,-0.13051144055371897,-0.03818723430740084,0.4268048310088247,-0.13803095278507233,0.16808466607868006,0.2930859383389694,-0.025587420968703773,-0.09851025850111977,0.3530333009919171,0.13748531239473497,0.2160203769637375,0.08424430330915836,-0.04255319062748388,-0.14239703617893965,0.05705874244605118,0.13321479400373756,0.1588415243446793,-0.14625492040756716,-0.04577647636610308,-0.20123674126844648,-0.13573959989853396,0.05608323480277157,0.14132304300835008,-0.20035206935259625,-0.05557827837736745,-0.18868816536766778,-0.18483404713123033,0.018487659900759408,0.09196288847313315,-0.2086167825014491,-0.07117616847833891,-0.15948648221253248,-0.16546385650018036,-0.008220128544101916,0.14147627853407493,-0.17640845037716435,-0.05265994537793101,-0.18771480825502423,-0.1412907010706289,0.0329973511,0.08834148661062667,-0.16269382072631072,-0.013564632481146466,-0.08510047354536897,-0.145310054019716,0.015129997958098634,0.07692369264027442,-0.5709543105760475,-0.0818170006184353,-0.05430952417422323,-0.5011887753808677,-0.007249254123304326,0.0882636953544012,-0.9481889553376346,0.024298876509109398,-0.07572836282298112,-0.9162747993377829,0.10593201561144981,0.0661389584794735,-0.9856297967830923,0.03469536675426629,-0.07897144623172417,-0.9525276628494628,0.07488535964474902,0.017061333887116798,-0.9904062619012239,-0.04500792651497221,-0.13533454344299597,-0.9525846240875052,0.004638331349852077,Donner_g_ch2_g20_compr.mp4,ch2g20
133.33333333333334,-0.05708932742367819,0.476544459216537,-0.16056157501497964,-0.03388792241550613,0.49845216936811304,-0.16048814896792743,-0.030688241115647028,0.49838025812028214,-0.14884455176513167,-0.03104245801931035,0.498808739264368,-0.15317795275353363,-0.04883596888284763,0.5067451158555435,-0.15873191161884323,-0.048295811062551,0.5052704797081206,-0.16950541786073425,-0.043838523520971465,0.4921083998317392,-0.15106007476642197,0.06110399106637006,0.4807188654657029,-0.09997022259632186,-0.05300900914912868,0.4374808207670748,-0.036645184215616626,-0.006668945314055258,0.46259752760852807,-0.12762644810744533,-0.037883207399302954,0.42684331034987033,-0.13534850327639603,0.1685609372370783,0.2930211092626624,-0.022148942832254385,-0.09830965410674825,0.3535370009618837,0.1395319358265481,0.21760491491523917,0.08520560001015948,-0.04149783613741937,-0.14179470730619215,0.059078831119911024,0.13132128499523923,0.1577274611831665,-0.1344787973863591,-0.04788578331373378,-0.20005266145487585,-0.12652253186046278,0.0497078226667887,0.13910479984634785,-0.1856706132650501,-0.057966904173274006,-0.1872575418475343,-0.17370640492359962,0.011229734923635937,0.09074687741715985,-0.192020221963567,-0.0732641612576715,-0.15814547930863926,-0.15286925607474744,-0.014757236150866097,0.14067465484508718,-0.16313150379345356,-0.05471076412620687,-0.18673139505213213,-0.13100467939916727,0.0336778425,0.088105883535432,-0.16254411386302486,-0.013373528705571382,-0.08487322018109755,-0.1454473002577983,0.01498261659826326,0.07694268448734894,-0.5706734676503522,-0.08204397666619949,-0.05390743720743791,-0.500901229876752,-0.009327110423183748,0.08827653664625883,-0.9481460562215056,0.0222610077519837,-0.07414405472525032,-0.9160477166038563,0.10325816787747873,0.06620744892265482,-0.9854756652120132,0.03262833979267256,-0.07706749540482762,-0.952274352513979,0.07207821478687138,0.017859901301101225,-0.989324791954394,-0.04593627511830924,-0.1333831834034854,-0.952154459586949,0.002345588268605134,Donner_g_ch2_g20_compr.mp4,ch2g20
150.0,-0.056495449297471294,0.47652378155758257,-0.15778901786857252,-0.03337036610542827,0.49831991876789056,-0.15761641849491298,-0.03016744145529108,0.498334106619726,-0.145992804679214,-0.03056535459172414,0.49875634350574727,-0.15032299676734898,-0.04844572401933261,0.506757093288024,-0.1559811685590212,-0.0478712482985688,0.5052339053684097,-0.16676684985139054,-0.0435085161880015,0.49211960142172806,-0.14832980348953656,0.06134117640590287,0.48051285299918456,-0.09665596668252877,-0.05309848415900632,0.43756396229521716,-0.033842449749162784,-0.006146535615467271,0.46258830919695965,-0.1247414556611717,-0.037579180491205066,0.42688178969091595,-0.1326660537677197,0.1690372083954765,0.2929562801863554,-0.018710464695804997,-0.09810904971237673,0.3540407009318503,0.14157855925836121,0.21918945286674085,0.08616689671116058,-0.04044248164735485,-0.14119237843344465,0.06109891979377087,0.1294277759867409,0.1566133980216537,-0.12270267436515102,-0.049995090261364485,-0.19886858164130522,-0.11730546382239158,0.04333241053080583,0.13688655668434563,-0.17098915717750393,-0.060355529969180574,-0.1858269183274008,-0.1625787627159689,0.0039718099465124584,0.08953086636118654,-0.17542366142568488,-0.0753521540370041,-0.15680447640474604,-0.14027465564931452,-0.021294343757630278,0.1398730311560994,-0.14985455720974278,-0.05676158287448274,-0.18574798184924002,-0.12071865772770564,0.0335566,0.08787028046023734,-0.16239440699973898,-0.013182424929996299,-0.08464596681682614,-0.14558454649588062,0.014835235238427889,0.07696167633442347,-0.570392624724657,-0.08227095271396367,-0.053505350240652595,-0.5006136843726363,-0.01140496672306317,0.08828937793811643,-0.9481031571053765,0.020223138994858007,-0.0725597466275195,-0.9158206338699297,0.10058432014350766,0.06627593936583613,-0.9853215336409343,0.030561312831078838,-0.07516354457793106,-0.952021042178495,0.06927106992899373,0.018658468715085655,-0.9882433220075643,-0.046864623721646285,-0.13143182336397485,-0.9517242950863929,5.284518735819074e-05,Donner_g_ch2_g20_compr.mp4,ch2g20
166.66666666666666,-0.055901571171264396,0.4765031038986282,-0.1550164607221654,-0.0328528097953504,0.4981876681676681,-0.1547446880218985,-0.029646641794935126,0.4982879551191698,-0.14314105759329632,-0.030088251164137936,0.4987039477471266,-0.14746804078116432,-0.04805547915581759,0.5067690707205045,-0.15323042549919919,-0.04744668553458659,0.5051973310286989,-0.16402828184204682,-0.043178508855031536,0.4921308030117169,-0.14559953221265112,0.06157836174543569,0.4803068405326662,-0.09334171076873565,-0.05318795916888396,0.43764710382335953,-0.03103971528270895,-0.005624125916879284,0.4625790907853912,-0.12185646321489806,-0.03727515358310718,0.42692026903196156,-0.1299836042590434,0.16951347955387475,0.2928914511100484,-0.015271986559355605,-0.0979084453180052,0.35454440090181694,0.14362518269017435,0.2207739908182425,0.0871281934121617,-0.03938712715729034,-0.14059004956069715,0.06311900846763072,0.12753426697824258,0.15549933486014092,-0.11092655134394294,-0.052104397208995186,-0.1976845018277346,-0.10808839578432039,0.03695699839482296,0.1346683135223434,-0.15630770108995778,-0.06274415576508713,-0.18439629480726732,-0.1514511205083382,-0.003286115030611006,0.08831485530521324,-0.1588271008878028,-0.07744014681633668,-0.15546347350085285,-0.1276800552238816,-0.02783145136439446,0.13907140746711164,-0.13657761062603196,-0.0588124016227586,-0.1847645686463479,-0.11043263605624401,0.0351445787,0.08763467738504269,-0.16224470013645312,-0.012991321154421216,-0.08441871345255472,-0.14572179273396293,0.014687853878592515,0.076980668181498,-0.5701117817989618,-0.08249792876172786,-0.053103263273867274,-0.5003261388685206,-0.013482823022942594,0.08830221922997405,-0.9480602579892474,0.01818527023773231,-0.07097543852978869,-0.9155935511360032,0.09791047240953657,0.06634442980901745,-0.9851674020698553,0.02849428586948511,-0.07325959375103451,-0.9517677318430112,0.06646392507111609,0.019457036129070078,-0.9871618520607345,-0.04779297232498333,-0.12948046332446428,-0.9512941305858367,-0.002239897893888749,Donner_g_ch2_g20_compr.mp4,ch2g20
183.33333333333331,-0.0553076930450575,0.4764824262396738,-0.1522439035757583,-0.03233525348527254,0.4980554175674456,-0.15187295754888405,-0.029125842134579173,0.49824180361861364,-0.14028931050737864,-0.029611147736551727,0.4986515519885059,-0.14461308479497967,-0.04766523429230257,0.5067810481529851,-0.15047968243937715,-0.04702212277060439,0.5051607566889882,-0.1612897138327031,-0.042848501522061565,0.4921420046017058,-0.14286926093576569,0.0618155470849685,0.48010082806614784,-0.09002745485494255,-0.0532774341787616,0.4377302453515019,-0.028236980816255114,-0.005101716218291297,0.46256987237382285,-0.11897147076862442,-0.03697112667500929,0.4269587483730072,-0.1273011547503671,0.16998975071227296,0.2928266220337414,-0.011833508422906217,-0.09770784092363367,0.35504810087178357,0.14567180612198746,0.22235852876974418,0.0880894901131628,-0.03833177266722582,-0.13998772068794965,0.06513909714149056,0.12564075796974422,0.15438527169862812,-0.09915042832273485,-0.05421370415662589,-0.19650042201416396,-0.09887132774624921,0.030581586258840082,0.13245007036034118,-0.1416262450024116,-0.0651327815609937,-0.18296567128713384,-0.14032347830070752,-0.010544040007734484,0.08709884424923994,-0.14223054034992072,-0.07952813959566928,-0.15412247059695963,-0.11508545479844867,-0.03436855897115864,0.13826978377812388,-0.12330066404232118,-0.06086322037103446,-0.1837811554434558,-0.1001466143847824,0.0351482108,0.08739907430984802,-0.16209499327316723,-0.01280021737884613,-0.08419146008828332,-0.14585903897204525,0.014540472518757144,0.07699966002857252,-0.5698309388732666,-0.08272490480949204,-0.05270117630708196,-0.5000385933644049,-0.015560679322822013,0.08831506052183168,-0.9480173588731184,0.016147401480606616,-0.06939113043205788,-0.9153664684020766,0.0952366246755655,0.06641292025219875,-0.9850132704987764,0.026427258907891386,-0.07135564292413796,-0.9515144215075273,0.06365678021323845,0.020255603543054508,-0.9860803821139047,-0.04872132092832037,-0.1275291032849537,-0.9508639660852805,-0.004532640975135692,Donner_g_ch2_g20_compr.mp4,ch2g20
199.99999999999997,-0.0547138149188506,0.47646174858071944,-0.14947134642935117,-0.03181769717519467,0.4979231669672231,-0.1490012270758696,-0.02860504247422322,0.4981956521180575,-0.13743756342146096,-0.02913404430896552,0.4985991562298852,-0.14175812880879501,-0.04727498942878756,0.5067930255854656,-0.1477289393795551,-0.04659756000662219,0.5051241823492774,-0.15855114582335939,-0.0425184941890916,0.49215320619169467,-0.14013898965888028,0.062052732424501315,0.4798948155996295,-0.08671319894114946,-0.05336690918863925,0.4378133868796443,-0.02543424634980128,-0.00457930651970331,0.46256065396225443,-0.11608647832235078,-0.036667099766911404,0.4269972277140528,-0.12461870524169079,0.17046602187067117,0.2927617929574344,-0.008395030286456828,-0.09750723652926215,0.3555518008417502,0.1477184295538006,0.22394306672124586,0.08905078681416392,-0.037276418177161305,-0.13938539181520215,0.06715918581535041,0.12374724896124589,0.15327120853711532,-0.08737430530152679,-0.05632301110425658,-0.19531634220059332,-0.08965425970817802,0.02420617412285722,0.13023182719833898,-0.12694478891486544,-0.06752140735690026,-0.18153504776700036,-0.1291958360930768,-0.017801964984857963,0.08588283319326663,-0.1256339798120386,-0.08161613237500187,-0.15278146769306641,-0.10249085437301575,-0.040905666577922835,0.1374681600891361,-0.11002371745861039,-0.06291403911931033,-0.1827977422405637,-0.08986059271332077,0.0408418663,0.08716347123465336,-0.16194528640988137,-0.012609113603271048,-0.0839642067240119,-0.14599628521012756,0.01439309115892177,0.07701865187564705,-0.5695500959475714,-0.08295188085725622,-0.05229908934029664,-0.4997510478602893,-0.017638535622701436,0.0883279018136893,-0.9479744597569894,0.014109532723480922,-0.06780682233432705,-0.91513938566815,0.09256277694159443,0.06648141069538006,-0.9848591389276974,0.02436023194629766,-0.0694516920972414,-0.9512611111720435,0.06084963535536081,0.021054170957038935,-0.9849989121670748,-0.049649669531657406,-0.12557774324544316,-0.9504338015847243,-0.006825384056382635,Donner_g_ch2_g20_compr.mp4,ch2g20
216.66666666666663,-0.0541199367926437,0.476441070921765,-0.14669878928294405,-0.03130014086511681,0.4977909163670006,-0.14612949660285512,-0.02808424281386727,0.49814950061750135,-0.13458581633554326,-0.028656940881379316,0.4985467604712645,-0.1389031728226104,-0.04688474456527254,0.5068050030179462,-0.1449781963197331,-0.046172997242639985,0.5050876080095665,-0.15581257781401564,-0.04218848685612163,0.4921644077816835,-0.13740871838199484,0.06228991776403413,0.47968880313311113,-0.08339894302735634,-0.053456384198516886,0.43789652840778664,-0.022631511883347437,-0.004056896821115322,0.462551435550686,-0.11320148587607715,-0.03636307285881352,0.42703570705509836,-0.12193625573301448,0.1709422930290694,0.29269696388112737,-0.00495655215000744,-0.09730663213489063,0.35605550081171683,0.1497650529856137,0.22552760467274752,0.09001208351516504,-0.036221063687096794,-0.13878306294245465,0.06917927448921025,0.12185373995274756,0.15215714537560254,-0.07559818228031873,-0.05843231805188728,-0.1941322623870227,-0.08043719167010682,0.017830761986874347,0.12801358403633675,-0.11226333282731929,-0.06991003315280682,-0.1801044242468669,-0.1180681938854461,-0.025059889961981427,0.08466682213729333,-0.1090374192741565,-0.08370412515433447,-0.1514404647891732,-0.08989625394758283,-0.047442774184687016,0.13666653640014834,-0.09674677087489958,-0.06496485786758618,-0.18181432903767158,-0.07957457104185914,0.0446016,0.08692786815945869,-0.16179557954659549,-0.012418009827695965,-0.08373695335974049,-0.14613353144820987,0.014245709799086397,0.07703764372272158,-0.5692692530218761,-0.0831788569050204,-0.051897002373511324,-0.4994635023561736,-0.01971639192258086,0.08834074310554692,-0.9479315606408604,0.012071663966355225,-0.06622251423659625,-0.9149123029342234,0.08988892920762334,0.06654990113856138,-0.9847050073566185,0.022293204984703933,-0.06754774127034485,-0.9510078008365596,0.05804249049748317,0.02185273837102336,-0.983917442220245,-0.05057801813499445,-0.12362638320593258,-0.9500036370841681,-0.009118127137629575,Donner_g_ch2_g20_compr.mp4,ch2g20
233.3333333333333,-0.053526058666436796,0.4764203932628106,-0.14392623213653694,-0.030782584555038947,0.49765866576677814,-0.14325776612984067,-0.027563443153511318,0.49810334911694515,-0.13173406924962558,-0.028179837453793107,0.49849436471264386,-0.1360482168364257,-0.04649449970175752,0.5068169804504267,-0.14222745325991107,-0.045748434478657785,0.5050510336698558,-0.15307400980467195,-0.041858479523151665,0.49217560937167243,-0.1346784471051094,0.06252710310356695,0.4794827906665928,-0.08008468711356324,-0.05354585920839453,0.43797966993592896,-0.019828777416893602,-0.0035344871225273357,0.4625422171391176,-0.11031649342980351,-0.03605904595071563,0.427074186396144,-0.11925380622433818,0.17141856418746762,0.29263213480482037,-0.0015180740135580517,-0.0971060277405191,0.3565592007816834,0.15181167641742682,0.2271121426242492,0.09097338021616616,-0.035165709197032276,-0.13818073406970716,0.0711993631630701,0.11996023094424924,0.15104308221408974,-0.06382205925911064,-0.060541624999517984,-0.19294818257345206,-0.07122012363203564,0.011455349850891472,0.12579534087433453,-0.09758187673977312,-0.07229865894871339,-0.1786738007267334,-0.10694055167781541,-0.032317814939104905,0.08345081108132002,-0.09244085873627442,-0.08579211793366706,-0.15009946188527998,-0.07730165352214988,-0.0539798817914512,0.13586491271116058,-0.0834698242911888,-0.06701567661586205,-0.18083091583477948,-0.06928854937039752,0.0477973223,0.08669226508426403,-0.16164587268330963,-0.01222690605212088,-0.08350969999546907,-0.14627077768629218,0.014098328439251025,0.0770566355697961,-0.568988410096181,-0.08340583295278459,-0.051494915406726,-0.4991759568520579,-0.021794248222460278,0.08835358439740452,-0.9478886615247313,0.010033795209229531,-0.06463820613886544,-0.9146852202002967,0.08721508147365226,0.0666183915817427,-0.9845508757855395,0.02022617802311021,-0.06564379044344831,-0.9507544905010757,0.05523534563960552,0.02265130578500779,-0.9828359722734152,-0.05150636673833149,-0.12167502316642201,-0.949573472583612,-0.011410870218876514,Donner_g_ch2_g20_compr.mp4,ch2g20
249.99999999999991,-0.05345023830666667,0.47676607696666673,-0.1395733891633333,-0.03073596357666666,0.4978294907666667,-0.13912553726000002,-0.027526697460000003,0.4984001541333335,-0.12763470930666665,-0.028212886193333335,0.49877702420000014,-0.1319101237433333,-0.04645830603999999,0.5071948065333333,-0.13807287113000002,-0.04566829578666667,0.5053846722,-0.14892484466666667,-0.041915124109999986,0.4925568336333335,-0.13053099173333335,0.062426382966666645,0.4794533548,-0.07633105867,-0.05356019759999999,0.4385033727333334,-0.01592634670033333,-0.0034705987612333343,0.4627969339333334,-0.10612389898333331,-0.036155068533333334,0.4274574157666668,-0.11510468064666664,0.17175577660000002,0.29272060146666673,0.002409358918000004,-0.09658091579,0.35752006490000005,0.15460135143333334,0.2281034717333333,0.09243616260000004,-0.03487640930533333,-0.137081457,0.07387848706666669,0.11746738498,0.1495791779,-0.04604003809683983,-0.06451704660666666,-0.19127188826666666,-0.05703450855299998,0.002765876172900004,0.12340535945999999,-0.07516846369599994,-0.07658340586666666,-0.17670087416666663,-0.08959104480399999,-0.042104434286,0.08318715972,-0.06763510362399996,-0.08954042025333334,-0.1484087067333333,-0.05783848559943329,-0.0626501940815,0.13522681330000003,-0.06363667624266661,-0.07087875423000001,-0.1794864088333333,-0.053509336759666626,0.0505162366,0.08631028905666667,-0.16143993417133332,-0.011948853619333328,-0.08314364987999998,-0.14646157135899995,0.013887562754333331,0.07671550567999999,-0.5686786905999999,-0.08365651075333333,-0.050771170853333325,-0.4988159155999999,-0.023919285195733338,0.08787926353,-0.9477643363333332,0.008442243944,-0.06252098772666667,-0.9141100686666667,0.08559367059666666,0.06617717253666666,-0.9842140907333334,0.018728059745646675,-0.06314782264333332,-0.9501046813999997,0.05358651288733332,0.022869685112000004,-0.9812406423666665,-0.05159894295999999,-0.11906769084,-0.948670705733333,-0.012012465287166665,Donner_g_ch2_g20_compr.mp4,ch2g20
266.66666666666663,-0.053027454243333334,0.4769210609666667,-0.13818004616333332,-0.03036163045333333,0.49785612806666674,-0.13785466836,-0.027167213900000004,0.49850025813333343,-0.12638228410666666,-0.027902820783333334,0.4988686683000001,-0.13061046930999998,-0.046128307409999986,0.5073482575333333,-0.13687893593,-0.04530709275666667,0.5055116102,-0.1477381748,-0.04162435081666666,0.4927130296000002,-0.1293276658666667,0.06258558861666665,0.4794167814,-0.07500568433666666,-0.05344698876,0.4387651424333334,-0.014888809766999994,-0.0031143397659000004,0.4629100734666667,-0.10469434588666666,-0.03589186665333333,0.4276464280666668,-0.11381264687999997,0.1720784239666667,0.2927754655666667,0.004148131768000003,-0.09613257884333333,0.3581032599,0.1553853367666667,0.2282170305,0.09338661440000003,-0.035098171118666664,-0.13600216663666664,0.07534906476666668,0.11524516884,0.14909995356666667,-0.03382369853766661,-0.06740133723666665,-0.1898102145,-0.047562054786666655,-0.0032298192437666597,0.1226579971933333,-0.059688853099333264,-0.07958929436666666,-0.17506860046666664,-0.07778054462399998,-0.04872712118933333,0.08411050495333332,-0.05073650285399995,-0.09217139062,-0.14710030976666663,-0.0446403706594333,-0.06851929365149999,0.13547173573333335,-0.05011465303599993,-0.07366552457,-0.1782731255,-0.042948818637999965,0.0382018052,0.08607098137333336,-0.16131049875799996,-0.011718933279333328,-0.08291571575999998,-0.14658090470199997,0.013697433623333333,0.07662317460999998,-0.5685149287999999,-0.08367377385666667,-0.050354452303333325,-0.49860535523333327,-0.025134064952400004,0.08767212075,-0.9476785672333332,0.008484149424,-0.06121762960000001,-0.9136480293666667,0.08544651142999998,0.06596942675666667,-0.9839845830666667,0.018946819345646675,-0.06161853397666667,-0.9495810565999998,0.05351753466733332,0.02299130677533334,-0.9804140669999999,-0.050472242476666665,-0.11743565506666667,-0.9481134221666664,-0.011476500865499997,Donner_g_ch2_g20_compr.mp4,ch2g20
283.3333333333333,-0.05251712548333333,0.4769701374333334,-0.13689790506333332,-0.029892727169999994,0.4977619666333334,-0.13669312236,-0.026712786410000005,0.4984757427666668,-0.12524333720666664,-0.027499483726666666,0.49883626523333346,-0.12942305041,-0.04570344550333332,0.5073856475333334,-0.13578096373,-0.04484929593,0.5055212442666667,-0.1466483962666667,-0.04123087876333333,0.49275706540000014,-0.12822012190000004,0.06286782455666666,0.47924754989999996,-0.07382313586666667,-0.05324469320333334,0.43887400236666674,-0.01394765910033333,-0.0026654923279000016,0.4629148497666667,-0.10341091484,-0.03552379021333334,0.42772679500000016,-0.11264217457999996,0.17248030680000004,0.29268168163333336,0.005740777158000002,-0.09565428758000001,0.3584722782,0.15601729303333334,0.2282205228333333,0.09428345420000003,-0.03536685481533333,-0.13478001858333333,0.07657036136666669,0.11280755296,0.14888475396666664,-0.021218307316666626,-0.07034228642,-0.18805195646666667,-0.037859532819999986,-0.00941799296043333,0.12227948185999997,-0.0436824968626666,-0.08262408112999998,-0.1730869204,-0.06555490407066665,-0.055490462836,0.08541025278333331,-0.033344578033999955,-0.09479595299333334,-0.14551654106666664,-0.0309817706594333,-0.07450079578149998,0.13600809306666667,-0.03618522245266661,-0.07649473714666666,-0.1767758613,-0.03210805046733331,0.0392824113,0.08584750940333336,-0.16118152135833327,-0.011464825779999997,-0.08270416794666664,-0.1466993115003333,0.013479811478000002,0.07664289977333333,-0.5683344757666665,-0.08368262912,-0.05000870525333333,-0.4984023268999999,-0.026525638032733338,0.0875384998,-0.9475984148666666,0.008540733180666666,-0.05992918897333334,-0.9132172566666666,0.08510560466666665,0.06583124382,-0.9837703739333333,0.019175524602313337,-0.06009840406,-0.9490934796333332,0.05325351484399999,0.023246849148666673,-0.9797319077333333,-0.049342344899999994,-0.11582578303333334,-0.947688612133333,-0.011197850331166664,Donner_g_ch2_g20_compr.mp4,ch2g20
300.0,-0.05200400461666666,0.4769878156666667,-0.13572177869666666,-0.029412900839999995,0.4976263442,-0.13568646199333334,-0.02625369200333334,0.4984094465000001,-0.12425964253999998,-0.027093352143333332,0.4987632594666668,-0.12839105210999996,-0.04524695190666665,0.5073912186,-0.1348113769633333,-0.04435546530333333,0.5055000111,-0.1456924887666667,-0.04080422769666667,0.49276847770000015,-0.12724159243333338,0.06316497097333332,0.47901505799999994,-0.07296761063333335,-0.05293564672000001,0.4389360170333334,-0.013218930043666659,-0.002215414845900001,0.4628745192666667,-0.10229834645000001,-0.035121328103333335,0.4277695991000001,-0.11160339427999998,0.17286848850000003,0.29249252530000003,0.006995761893,-0.09509920542000001,0.35870659596666665,0.15634265990000001,0.22821144803333332,0.09514957476666672,-0.036090683562,-0.13332213020333333,0.07762955326666669,0.10980302935333333,0.14900423893333334,-0.008491839920333288,-0.07367406300333333,-0.18585876583333336,-0.027982617016666666,-0.015947714593766663,0.1223330440933333,-0.02750848867933327,-0.08598932026333334,-0.17060828163333336,-0.05307952452399999,-0.06250784717266666,0.08715160281666663,-0.015843021903999954,-0.09772051001333332,-0.14350281876666665,-0.01711938399276662,-0.08067914929483332,0.1369098234,-0.022143583409333284,-0.07970161565666666,-0.1748643617,-0.02109479217299997,0.0393649228,0.08561939870333335,-0.16105238523333332,-0.011206442329999997,-0.08248858142333333,-0.14681716990633328,0.013256894669000003,0.07672391565,-0.5681406802333332,-0.08373158074333334,-0.04971203728999999,-0.49822524946666663,-0.027936923361400003,0.08752130028999999,-0.9476098071333334,0.008402890734,-0.05863697641666667,-0.9128785373666667,0.08474598849999998,0.06580789345333334,-0.9836639855999999,0.019188390265646664,-0.05857551680999999,-0.9487030294666666,0.052959338747333315,0.02356148921533334,-0.9791925194666666,-0.048401369973,-0.11422570353666668,-0.9473627852999996,-0.010908018741833331,Donner_g_ch2_g20_compr.mp4,ch2g20
316.6666666666667,-0.051505532363333335,0.47699592190000006,-0.13454235726333336,-0.02896660491333333,0.4974773067666667,-0.13467169636000004,-0.02583020032,0.49833105446666676,-0.12326750683999999,-0.026723469806666667,0.49867645240000014,-0.12735216847666664,-0.044820037116666656,0.5073663753666667,-0.13383721799666665,-0.043891763519999995,0.5054524903333334,-0.14473041713333337,-0.04040894856666666,0.49275482823333344,-0.1262599928666667,0.06343798430666665,0.47877371879999997,-0.07206979613333334,-0.052639525133333344,0.43894081920000005,-0.012470910626999995,-0.0017720404009000004,0.46281675943333334,-0.10117922031333333,-0.034723256433333335,0.4277863162000002,-0.1105636300133333,0.17325692353333336,0.2922942385,0.008263457445666665,-0.09453295608000001,0.3588465193333333,0.1567070981,0.22818375026666665,0.0960602413666667,-0.03676192784866667,-0.13185995913666668,0.07857624340000002,0.10691651001666667,0.14932700753333333,0.0044152072970000565,-0.07697830607666666,-0.18351798760000004,-0.017885359683333324,-0.022434260093766662,0.12263026465999997,-0.0111231154526666,-0.08933986589666666,-0.1679379207666667,-0.040285972130666654,-0.06949315474266667,0.0891345187233333,0.00185571941600004,-0.10062521273333333,-0.14131969236999997,-0.0028950922094332842,-0.08681565488483332,0.13801277406666668,-0.007925575519333278,-0.08288035965999999,-0.17280572059999996,-0.009835581270999979,0.0321011096,0.08540606474000001,-0.16092435538666666,-0.010942541384999997,-0.08228879360666667,-0.1469329498473333,0.013027672839333336,0.07681788932666668,-0.5679493651999998,-0.08375016472666667,-0.04947966945333332,-0.4980593012,-0.02933257050806667,0.08750215330333332,-0.9475879064000001,0.008460978564,-0.05738852285666667,-0.9124992809333333,0.08446706213333333,0.06578250969666667,-0.9835190906666665,0.019420438472313332,-0.05710286191999999,-0.9482686169333334,0.052757617553999984,0.023888146945333342,-0.9786778631666666,-0.047244203783999995,-0.11271137129333333,-0.947019838033333,-0.010585746828499996,Donner_g_ch2_g20_compr.mp4,ch2g20
333.33333333333337,-0.05104235733666667,0.4769624559,-0.13321168479666667,-0.02857383433333333,0.4972815121,-0.13356026642666669,-0.025464894440000004,0.49820436680000013,-0.12218681130666667,-0.026411545720000002,0.4985406889000001,-0.12621441317666668,-0.04442029185999999,0.5072778843333334,-0.13273199639666666,-0.043453301073333325,0.5053467179000001,-0.14364138813333338,-0.04003606389333332,0.4926878346000002,-0.12514723623333335,0.06368117858333333,0.4784837322666667,-0.07114268513333334,-0.05229980759000001,0.43884936413333336,-0.01167320583366666,-0.0013439912899000006,0.4627110387,-0.09998185788666668,-0.03431667241333333,0.4277453062000001,-0.10940463931333332,0.17368812490000007,0.29206477750000004,0.009566997025666666,-0.09389833027666668,0.35892508419999997,0.15709380010000001,0.2282098601,0.09706431090000003,-0.03736629783866667,-0.13038093219999997,0.0794724240666667,0.10409061220333334,0.14980265956666666,0.017467773002333386,-0.08013535251000001,-0.18105843270000002,-0.007726105253333317,-0.028983375833766662,0.12309103985999997,0.005394771800666734,-0.09256865894333334,-0.16510828413333334,-0.027418429430666642,-0.07658863520266666,0.09125278386999996,0.019731139206000045,-0.10338779462999999,-0.1389617204533333,0.01142712403723338,-0.09307906916483331,0.139251594,0.006446621407333371,-0.08590432805999998,-0.17061263376666663,0.0014806258900000294,-0.0190660637,0.08521920641333335,-0.16080048668266664,-0.010655509907999999,-0.08211768854000001,-0.14704141392366663,0.012773721058666669,0.07693514184666668,-0.5677818046333332,-0.08372972878,-0.04927270596333332,-0.49787545763333335,-0.030788412537733335,0.08747076028333331,-0.9475546274666667,0.008642427274,-0.056148901216666665,-0.9121015783,0.08404667626666666,0.06574604283,-0.9833573256666666,0.019779859075646663,-0.055641443696666654,-0.9478182680666667,0.052409045867333325,0.02425961650200001,-0.9782105289666665,-0.046039388526,-0.11118852153333333,-0.9466854181999997,-0.010516615995166661,Donner_g_ch2_g20_compr.mp4,ch2g20
350.00000000000006,-0.05060515813666667,0.4768738099,-0.13186407609666667,-0.02820417725333333,0.49703442503333334,-0.1324277106266667,-0.025124806603333338,0.4980256482333335,-0.12108425697333335,-0.026124863209999998,0.49835262830000016,-0.12505657854333335,-0.044051982219999994,0.5071353835333334,-0.13159631529666668,-0.04304686743333333,0.5051901742666668,-0.14252202533333333,-0.03969693122333332,0.4925688915333335,-0.12400486850000002,0.06394008638333332,0.47816757730000004,-0.07019488360333333,-0.05195661038000001,0.43871875050000003,-0.010824270846999998,-0.0009213191389000009,0.46254962780000003,-0.09876575424333335,-0.03392125166,0.42764951956666675,-0.10821298601333332,0.17413439730000005,0.29182183990000005,0.010882642775666668,-0.09321193430000001,0.35894134036666664,0.15750516006666668,0.22825368293333334,0.09814281423333338,-0.038008981692,-0.12886816482333333,0.08029814410000002,0.10126367318666667,0.15035980206666666,0.030685517801000047,-0.08337164344,-0.17849104753333336,0.0026126756433333554,-0.035573050043766666,0.12361994812666664,0.022126330924000036,-0.0958713826,-0.1621526991666667,-0.014271094193999969,-0.08374113894933333,0.09343341458999997,0.037774350169333386,-0.10620083758666667,-0.13645784603999997,0.02602684582056672,-0.09935806333816666,0.1405616435,0.020974553574000045,-0.08899334163666665,-0.16830492966666666,0.01298775511000003,-0.0558152571,0.08502874200666669,-0.16067727487899996,-0.010370290010666664,-0.08194376293000001,-0.1471476505883333,0.012521392666000001,0.07697319718000001,-0.5676143672333331,-0.08368707048,-0.049055354686666656,-0.4976986881666667,-0.032169627725733334,0.08746093619666666,-0.9475296133666667,0.00880557350733333,-0.05491001631666667,-0.9117380676333334,0.08377116596666664,0.06573938648333331,-0.9832059512333333,0.020108903535646667,-0.054180728386666654,-0.9474066165333332,0.05221796572399999,0.024625135155333343,-0.9777522745666666,-0.044906269102000004,-0.10969231827333333,-0.9463613536999999,-0.010294411618499994,Donner_g_ch2_g20_compr.mp4,ch2g20
366.66666666666674,-0.05011929646,0.4767646785,-0.13051132633,-0.027804918829999994,0.49677282023333336,-0.13128026359333334,-0.024756251653333335,0.49783306640000013,-0.11996702227333335,-0.025809132316666664,0.49814989503333346,-0.12388258211000001,-0.043663701173333326,0.5069688481666667,-0.13045105229666665,-0.042618492079999994,0.5050107285333334,-0.14139573993333335,-0.03933708866999999,0.49242711990000015,-0.12285505590000001,0.06422137808666664,0.47784670763333337,-0.06920851141666665,-0.05161707103000001,0.4385532502666667,-0.009944167910333332,-0.0004502959635666672,0.46236580346666667,-0.09753374932333335,-0.03348986608666666,0.42752430006666675,-0.10701314027999997,0.17459743993333338,0.2915602271666668,0.012217030025666669,-0.09248459248,0.3588992257333333,0.15786367156666667,0.22830287613333336,0.0993292332666667,-0.03873182820533334,-0.12737217665666664,0.08110595293333336,0.09824875291,0.15091296296666665,0.04404494186000005,-0.08664274908333333,-0.17588639010000004,0.013141418550000021,-0.04237200521376666,0.12411999185999997,0.03900073792066669,-0.09919309681333334,-0.15913714793333333,-0.0008988465273333104,-0.09110685773266666,0.09557124225666663,0.05591087369600006,-0.10900396854,-0.13387102310000001,0.040805472613900044,-0.10580403500249999,0.14185546613333336,0.03561862092400004,-0.09209843654666665,-0.1659471425,0.02466771831000003,-0.0880477875,0.08484412605666668,-0.16055484049699995,-0.01003779898833333,-0.08177661884000001,-0.14725100740066663,0.012219518950666667,0.07698227670666667,-0.5674757953666666,-0.08356790713333334,-0.04883838769666666,-0.4975284255333333,-0.033589451163566666,0.08746164971666665,-0.9475403024666668,0.009085702920666665,-0.05369030796666667,-0.9113723136666666,0.08347480993333332,0.06575200975333331,-0.9830927957666666,0.02056379339564667,-0.052737342309999984,-0.9469924934,0.052008974454,0.025073784425333343,-0.9773624462666665,-0.04367172495666667,-0.10811768998,-0.9460267252999999,-0.01017484805183333,Donner_g_ch2_g20_compr.mp4,ch2g20
383.3333333333334,-0.04942087580666667,0.47661920543333336,-0.1291712283966667,-0.027232374866666662,0.4964826866666667,-0.1301147737266667,-0.02421324551666667,0.4976137173333334,-0.11883400230666667,-0.02531784643333333,0.4979184363000001,-0.12268641597666667,-0.043133402249999994,0.5067570907333333,-0.12930736036333332,-0.042048657693333324,0.5047893966,-0.14027652263333334,-0.03883806281333333,0.49224302300000017,-0.12171182863333332,0.06457721657333332,0.4775260248333334,-0.06819499578999999,-0.05124379123000001,0.4383367106666667,-0.009035014290333333,0.00019789406943333297,0.46215304270000007,-0.09627126186333335,-0.0329173238,0.4273543394,-0.10580382437999997,0.1751034307,0.2913025274666668,0.013570117268999999,-0.09167208208000001,0.3588238795,0.1582878445333333,0.22834741273333337,0.10057503690000004,-0.03945981462533334,-0.1258780980733333,0.0818767457666667,0.09526390480333333,0.15142211276666662,0.057355050826666705,-0.08991155458666666,-0.17319708763333333,0.02365523462666669,-0.04914774764709999,0.12453736692666663,0.05578666155066669,-0.10251139593,-0.15600205660333333,0.012436778132666686,-0.09845545235599999,0.09757872966666664,0.0739857624393334,-0.11178803073333332,-0.13114825910000003,0.05553499927256669,-0.11224029750116665,0.14307811286666666,0.050213234174000046,-0.09518859093999998,-0.16349189036666667,0.0363242229566667,-0.108435549,0.08466481194,-0.16043407766833329,-0.009695460718333332,-0.08161451432000001,-0.1473498590346666,0.0119073214,0.07699345233,-0.5673672821333333,-0.08336781587666667,-0.04862342950333333,-0.4973678118666667,-0.0349918036509,0.08753549688999998,-0.9475388660000001,0.009647731757333331,-0.05250425724333333,-0.9109981355666665,0.08323762916666667,0.06584984034666665,-0.9829660385333333,0.02133866420898,-0.051326606909999996,-0.946569062,0.05187341883733334,0.025647830115333344,-0.9769793870666665,-0.04202907862666667,-0.10650234001666666,-0.9456939485666666,-0.009990937548499997,Donner_g_ch2_g20_compr.mp4,ch2g20
400.0000000000001,-0.0487227985,0.47646514730000006,-0.1277512661966667,-0.02665384858333333,0.4961854601666667,-0.1288457039266667,-0.02366409289666667,0.4973870110666668,-0.11760096697333333,-0.024821127523333333,0.4976786826000001,-0.12138472354333335,-0.04259440725666667,0.5065327309000001,-0.12805035926333333,-0.04147107067999999,0.5045580630333334,-0.13904190880000003,-0.03832997879,0.49204874776666685,-0.12045396473333334,0.06497116602333333,0.47720010266666674,-0.06708455254999998,-0.05086121732666667,0.4381058122,-0.007937784964666668,0.0008563052454333333,0.46192593113333336,-0.09492192322333336,-0.03233512376,0.4271673934333334,-0.10449205917999997,0.17563215570000001,0.2910356337333334,0.01497891098233333,-0.09082592287,0.3587391415666667,0.15886690466666667,0.22838610410000001,0.10187093823333337,-0.04016691309533334,-0.12435128511999997,0.08262796743333335,0.09237839888666666,0.15182456379999995,0.07064922892333336,-0.09309707230999999,-0.1704742384333333,0.03420892379666669,-0.05586631480043333,0.12482099015999998,0.07256304497733335,-0.10568561000000001,-0.15282510593333332,0.02586994850600001,-0.10575908441599999,0.09954260559666665,0.09203289017600005,-0.11434911526666666,-0.12841771693333337,0.07039208392056669,-0.11856299599916666,0.14421100693333336,0.06478349490066672,-0.09814806919666666,-0.1610098583333333,0.0480406348266667,-0.131543472,0.08449191699333332,-0.16031758674633328,-0.009332835746,-0.08145960334000002,-0.14744251093033328,0.011573234696333335,0.07698568779666667,-0.5672766691666666,-0.08311998845666668,-0.04840277062666666,-0.4972083465666666,-0.03634859550616667,0.08761124048666666,-0.9474727485333335,0.010453727867333333,-0.05132882223333333,-0.9106020189666667,0.08306011336666667,0.06595127031666666,-0.9827707577999999,0.022379449758980003,-0.04993181662333333,-0.9461228338,0.05181306988066666,0.026303117715333342,-0.9765896660666665,-0.040098156699,-0.10488193632666665,-0.9453147676666667,-0.009772413385166667,Donner_g_ch2_g20_compr.mp4,ch2g20
416.6666666666668,-0.04799578773333334,0.47631325480000003,-0.12638555293000003,-0.02603816805666667,0.4958915496666667,-0.12762282372666667,-0.023078837930000002,0.49716370823333345,-0.11641344350666667,-0.02428818575333333,0.4974413389000001,-0.12012724534333336,-0.042025076976666666,0.5063119748666667,-0.12683575643000003,-0.04086571547666667,0.5043306554333334,-0.1378507636,-0.037792925916666664,0.49185780426666686,-0.11923961150000001,0.06544720547333333,0.4768750586666668,-0.06598479891999999,-0.050465002283333345,0.4378770913,-0.006861121260333335,0.0015563806894333338,0.4616975698333334,-0.09361510405666668,-0.031725148763333336,0.42698138123333335,-0.10321658062999997,0.17618205770000003,0.29076681976666674,0.016378324012333332,-0.08994551160333333,0.3586473226,0.15941848406666667,0.22840033620000003,0.10327326413333336,-0.040894498885333336,-0.12277167063666666,0.08337877683333338,0.08944208123,0.15216067486666665,0.08399344419333336,-0.09627465665333333,-0.16765963259999997,0.044792165076666696,-0.06259407234043333,0.12500884662666664,0.08938449520733337,-0.10880656706333333,-0.14953645168,0.03935394890933335,-0.11306594541266665,0.10144667745333333,0.11005372693933341,-0.11679169673666666,-0.12559191835000003,0.08523609983256669,-0.12488047487083331,0.14528016873333335,0.07936852102066672,-0.10106028074333333,-0.15844050299999998,0.059771389373333365,-0.1110809,0.08432111193666665,-0.16020363833499995,-0.008956487828666667,-0.08130681265333334,-0.14753076484199995,0.011224729892666667,0.07697086586,-0.5672070569,-0.08281915636333334,-0.04818495526333332,-0.49705367123333327,-0.03768349362066667,0.08771452043666665,-0.9473812474333335,0.011539667933999999,-0.05016352063333333,-0.9101904210666666,0.0830613919,0.06609261701999998,-0.9825455157999998,0.023727605762313336,-0.04854800452,-0.9456568643333333,0.05195122897733333,0.027153881323333344,-0.9761981311,-0.03782608249566667,-0.10324485278333333,-0.9448928879666667,-0.009389274605166668,Donner_g_ch2_g20_compr.mp4,ch2g20
433.3333333333335,-0.04727440103666667,0.4760903294666667,-0.1250444277966667,-0.025426081936666668,0.4955362583000001,-0.12641865045999998,-0.022498283536666667,0.4968780804333334,-0.11524436197333335,-0.023759439593333334,0.49713981486666675,-0.11888621331000002,-0.04146477084,0.5060208975666667,-0.12562664093,-0.040269776193333336,0.5040317361333334,-0.1366654721,-0.03726346617666666,0.49159611800000014,-0.1180313553,0.06594771747333333,0.4765258330666668,-0.06489205779333332,-0.05007262292000001,0.4375858252333334,-0.005719317299666667,0.0022650178441,0.46140556270000005,-0.09232831278333335,-0.031117743160000006,0.42671789493333334,-0.10194271064999998,0.17675224763333336,0.2904904072,0.017797080052333335,-0.08904396179666667,0.35850948883333333,0.1600159014,0.2283912663666667,0.10473032153333336,-0.041593882402,-0.12118729946,0.08413071080000005,0.08658585273666666,0.15239142579999998,0.09731052684333337,-0.09910370295333332,-0.16480889019999997,0.05530446728000003,-0.06898202505043333,0.12506564786,0.10616099621733338,-0.11153082419,-0.14617104851999999,0.05274093201933336,-0.11998056575933332,0.10322058542666666,0.12799671382933342,-0.11878186403666666,-0.12267951072000004,0.09996384620500003,-0.13074662471783333,0.14623993066666666,0.09391091491733339,-0.10358627274333333,-0.1558222751,0.0714148245666667,-0.105752155,0.08415890733333331,-0.16009380633833328,-0.008570543763666666,-0.08116360110666666,-0.14761282741199994,0.010865288258333335,0.07694248262666667,-0.5671698695666665,-0.08249238780666668,-0.04795401805999999,-0.49689303769999993,-0.03899866559733334,0.08782083103333332,-0.9472699834333335,0.012595252034,-0.04900915977,-0.9097046153999998,0.08319562230000001,0.06623948633999999,-0.9822981610666666,0.025030501578980003,-0.04717744166,-0.9451022788666666,0.052232274573999996,0.028006035207666678,-0.9757683140666666,-0.03561888850566667,-0.10159250722333332,-0.9443923023333333,-0.008929006231833335,Donner_g_ch2_g20_compr.mp4,ch2g20
450.00000000000017,-0.046691204853333335,0.4758577382333334,-0.12384575826333337,-0.02495258375666667,0.4951714739000001,-0.12540256762666666,-0.022060192193333335,0.4965803632000001,-0.11426004987333335,-0.02337272310666667,0.49682582353333343,-0.11783230434333335,-0.04100047710666667,0.5057242174333333,-0.12457846643000002,-0.039770205700000005,0.5037302479000001,-0.135644447,-0.03682717122999999,0.4913284871666668,-0.11698207386666666,0.06641854657333332,0.4761791208000001,-0.06425820834333333,-0.04961127651333334,0.43732026666666673,-0.004738552711333334,0.0028838083697666664,0.46110537980000005,-0.09121097453000002,-0.030551167050000005,0.42645620273333334,-0.10080476947999999,0.17734616916666668,0.2902673507333334,0.018740669124333333,-0.08803690232999999,0.35839940093333333,0.16046290246666667,0.2282278577666667,0.1063208709666667,-0.04295525993866667,-0.1194121564,0.08490589253333337,0.08352094662333334,0.15243596103333332,0.11068414107000003,-0.10251834515666665,-0.16180406059999997,0.06581662606333337,-0.07555466187376665,0.12495889445999998,0.1229784271206667,-0.11483884498333334,-0.14267754430999996,0.06612423528600003,-0.12706020189599998,0.10487591946,0.14593024059266677,-0.12138937987666665,-0.11965615750666671,0.11466007894666669,-0.13679739301316665,0.14703241413333332,0.10847484556400004,-0.10670926703333335,-0.15306299356666664,0.08303610122000003,-0.125813931,0.08399777958666664,-0.1599928581346666,-0.008201362777666664,-0.08102139336333333,-0.14768256686499995,0.010520423918333336,0.07690165965333334,-0.5671596821333332,-0.08210460007,-0.04772562746666666,-0.4967371407666666,-0.04012040983,0.08792721191333332,-0.9471583280333334,0.013760701900666666,-0.04785107695666666,-0.9092510200999998,0.08347729523333333,0.06638618404999999,-0.9820497746,0.026438318275646668,-0.04580455918666667,-0.9445862397333333,0.052639379263999996,0.02881319370066668,-0.9753588241999999,-0.033304842572333335,-0.09999692275666666,-0.9439096873,-0.008333071171833335,Donner_g_ch2_g20_compr.mp4,ch2g20
466.66666666666686,-0.04635957876666667,0.4755898193333334,-0.12274868783000002,-0.02471166948,0.4947783812666668,-0.12459061726000001,-0.021861696183333335,0.49625218996666676,-0.11347500850666668,-0.02322292098666667,0.49648199213333344,-0.11697874794333334,-0.04070329095333333,0.5053855736666667,-0.1236762271966667,-0.03943790694666667,0.5033907398333335,-0.13477174260000002,-0.03655294329666667,0.4910219365000001,-0.11607476973333333,0.06673452621999999,0.47583607423333335,-0.06413600715,-0.04911298342,0.4370401327666667,-0.003947991638666668,0.003294890355299999,0.4607880069333334,-0.09028919963000004,-0.03009148417333334,0.4261684633,-0.09978384819666666,0.17791438223333333,0.2901828184333333,0.018966641442333336,-0.08695014677333332,0.35833814326666674,0.1608312472333333,0.2277753735666667,0.10808295960000006,-0.045241909992,-0.11736078132333334,0.08557896556666669,0.08035019019000002,0.15210334276666665,0.12388429734333337,-0.10662362362333332,-0.15865632243333327,0.07614095334000004,-0.0823333523071,0.12449500739333333,0.13955838214400004,-0.11878883797333334,-0.13906372463999997,0.07931128089600004,-0.13433835173599998,0.10619964077,0.16353700308933342,-0.12464967683999999,-0.11654031502333337,0.1291303277866667,-0.14309484872199998,0.1474597933333333,0.12279820229066671,-0.11052843010333334,-0.150178771,0.09444409341666668,-0.131525114,0.08383091588666665,-0.15989977314166662,-0.007907491978333332,-0.08087340223333334,-0.1477415485493333,0.010248013711,0.07682035767666667,-0.5672176704999999,-0.08170626073666669,-0.047497424999999996,-0.4965967797666666,-0.04089315592333334,0.08811897147666665,-0.9470706317333334,0.014868185940666667,-0.04668491655,-0.9088119265999998,0.08410879526999998,0.06662176370999999,-0.9818190489666666,0.027763484005646665,-0.04442624263333333,-0.944090345,0.053392008604,0.02956844322333334,-0.9749225936999998,-0.031208804198999997,-0.09847540939666667,-0.9434333706666668,-0.007279324597333337,Donner_g_ch2_g20_compr.mp4,ch2g20
483.33333333333354,-0.04626310777666667,0.4753298655666667,-0.12184224623000002,-0.024696140856666667,0.4943982705333334,-0.12404665682666667,-0.021890618963333334,0.4959347237,-0.11295404207333334,-0.023298525306666668,0.49614923526666677,-0.11639265024333334,-0.04059171292333334,0.5050572613333333,-0.12300673166333337,-0.039289842303333336,0.5030628109666668,-0.13413381293333335,-0.03646217386666666,0.4907227132333334,-0.11539909123333333,0.06687302444333333,0.47551959543333333,-0.06442089202000001,-0.04860859481,0.4367676938333334,-0.003443976407,0.0034990930199666663,0.4604816982666668,-0.08961662429333336,-0.02977040748666667,0.42589240836666675,-0.09897012037999998,0.17845181743333335,0.2901891117,0.01885840364166667,-0.08584386792666666,0.3583050972666667,0.16094192809999996,0.22695521563333335,0.1098884965666667,-0.047724307752000004,-0.11526209209333335,0.08618524070000003,0.07696626824000001,0.1516284000333333,0.13676861790000003,-0.11098245132999998,-0.1554090631333333,0.08619307651000004,-0.08921762122043332,0.12401240869333333,0.15573581035400005,-0.12299119086666668,-0.13533649942333328,0.09213830790466669,-0.14168568378599997,0.10751883187333335,0.1806161240293334,-0.12821258311666667,-0.1133049515466667,0.14317099739333336,-0.14948113228866666,0.14777450683333332,0.13672563110000005,-0.11463083756333334,-0.14718435733333332,0.10554204885666667,-0.136097312,0.08366111268333332,-0.15981027550399995,-0.007639511359333332,-0.08072319465,-0.14779503834699995,0.010000973507666667,0.07665529701666667,-0.5673296189333333,-0.08124561543000001,-0.04728614081666666,-0.4964617146333332,-0.04151228200333334,0.08837517416666665,-0.9470031275,0.016259241874,-0.04553714728333332,-0.9084049162666665,0.08498120214666666,0.06694883972666665,-0.9816031211999999,0.029392686195646667,-0.043067258596666665,-0.9436346993,0.05439058881066667,0.030289389496666676,-0.9745337111666664,-0.028814904499,-0.09703420782333333,-0.9430197144333334,-0.005918852600333336,Donner_g_ch2_g20_compr.mp4,ch2g20
500.0000000000002,-0.04623554410666668,0.47504617330000004,-0.12123178639666667,-0.024724740033333338,0.4939961537333334,-0.12384243142666666,-0.021968068243333336,0.49559377123333337,-0.11276573360666667,-0.023421011236666667,0.49579339353333346,-0.11613739484333334,-0.04052290395666667,0.5047050257,-0.12264807463000002,-0.03918750783333333,0.5027118369666668,-0.13380929393333335,-0.036414556089999994,0.49039865270000005,-0.1150309069,0.06698114838666668,0.47520274310000005,-0.06508425098666668,-0.048103175336666665,0.43648810833333346,-0.003301348918,0.003627143897966666,0.4601617465000001,-0.08926647756000003,-0.029508110553333338,0.4256000893333334,-0.09845588775333332,0.17893077653333336,0.29020984716666665,0.018322906199000004,-0.08470179773333332,0.35825863743333336,0.16077417866666663,0.22586504023333337,0.11166770613333338,-0.050479110970000005,-0.11303584495333333,0.08671090300000002,0.07337203987333334,0.15108629229999995,0.14916255739000003,-0.11537821935999998,-0.1520392539333333,0.09597033425000003,-0.09618435516043333,0.12359459629333333,0.1713353721833334,-0.1271883614,-0.13155768166999998,0.10465786110000003,-0.1490796340693333,0.10892977465,0.19697938777000007,-0.13179254985,-0.11003181313000003,0.1568140571366667,-0.155919442715,0.14806047006666667,0.15007337640333338,-0.11878171533333334,-0.14407917563,0.11631546535000001,-0.135984972,0.08348393067666667,-0.159723853876,-0.007429786687666666,-0.08056660231999999,-0.14784489207466664,0.009810888274333334,0.07645847726333334,-0.5674619312999999,-0.08076722234333333,-0.04707936833333333,-0.4963298631999999,-0.041805375553333336,0.08866831601666667,-0.9469394697333333,0.017829220471666664,-0.04442603983999999,-0.9080043571333332,0.08623466174333332,0.06731454302999998,-0.9813913220333333,0.031221377498979998,-0.04176407220333333,-0.9431880777,0.055777496134,0.030858484810000007,-0.9741530977666664,-0.02631030826233334,-0.09580184427999999,-0.9426054880000001,-0.004162097833666666,Donner_g_ch2_g20_compr.mp4,ch2g20
516.6666666666669,-0.046245065946666684,0.4746394908,-0.12056889233000001,-0.02477750529333334,0.4934802159333334,-0.12357341332666666,-0.02207205674,0.49513118556666674,-0.11251345124,-0.023567877083333338,0.49531539806666675,-0.11581780817666666,-0.04046837874666667,0.5042276580666666,-0.12222821183000002,-0.03910298571666667,0.5022406265000001,-0.13342242553333336,-0.03637846398666667,0.4899531576333334,-0.11460188559999998,0.0670727041,0.4748139042333334,-0.06563242671000001,-0.047598057263333333,0.4361131613666668,-0.0030884910453333335,0.0037138600956333327,0.4597310353666668,-0.08885284667000001,-0.029272420253333337,0.4251940712333334,-0.09788226134333332,0.1793780239666667,0.2901829734333333,0.017929515900333332,-0.08355854041333331,0.3580969141666667,0.16066201266666663,0.22469719550000003,0.1134156823666667,-0.05302048734,-0.11073691689333334,0.08698702996666668,0.06986500925666668,0.1506444922333333,0.16092132347333335,-0.11881844001666665,-0.14857990937999999,0.10513789641333336,-0.10276197669376666,0.12338627532666667,0.18615698900666675,-0.1302819188366667,-0.12769841901333331,0.11652279180333337,-0.1560150433893333,0.11051467132666666,0.21240050909333338,-0.13431334055666666,-0.10670700607333336,0.16971433561333338,-0.16195762452533333,0.14845094073333334,0.16267966255000005,-0.12196750411,-0.14088129902,0.12641428303333332,-0.144876152,0.08330843001666667,-0.15964447750133332,-0.007220585389666665,-0.08041158231,-0.14788791565999995,0.009621281893333333,0.07623419367666669,-0.5676755950666666,-0.08028332824333333,-0.046897752983333325,-0.49621105026666656,-0.04198739926,0.08883697494333333,-0.9469188664,0.019356791062666665,-0.043418547496666654,-0.9075815515666665,0.08789352209333332,0.06752817750333333,-0.9812296563333334,0.03299595206898,-0.040602688613333326,-0.9427183831666666,0.05760326922733333,0.03123230353333334,-0.9738703551999998,-0.02384062094233334,-0.09474700770333333,-0.9421869998000001,-0.0018551117303333296,Donner_g_ch2_g20_compr.mp4,ch2g20
533.3333333333335,-0.046314710496666675,0.47408700456666664,-0.11977805839666668,-0.024869497240000007,0.4928243959666667,-0.12324315145999998,-0.022216027476666667,0.4945196637666668,-0.11219906927333333,-0.023753738460000003,0.4946908980666667,-0.11543901197666666,-0.04042626098666668,0.5036162832999999,-0.12170792586333336,-0.03903167099666668,0.5016402249333335,-0.13293283496666666,-0.036352460716666674,0.4893715881000001,-0.11406947333333331,0.06714018661666667,0.47428575146666674,-0.06624206426000001,-0.04696229735666667,0.4356298134000001,-0.002859257866333333,0.0037417580962999988,0.4591549544666668,-0.08838790534,-0.02906198456666667,0.4246563519333334,-0.09721241440333332,0.17980483146666668,0.29005101369999997,0.017455834606333334,-0.08232090410333333,0.35781413700000003,0.16052536059999997,0.22344932756666672,0.11498125003333337,-0.05556283489666667,-0.10831427716000001,0.08705552513333335,0.06634839741333334,0.15031273179999996,0.17191645943333336,-0.12211207075333333,-0.14506163422333332,0.11369072359333336,-0.10936416366043333,0.12338266652666667,0.20010648477333337,-0.13322321707333337,-0.12382937720999998,0.12765342974000005,-0.16295248754266664,0.11228739875666666,0.22687621159000004,-0.13669988722333334,-0.10335181728000002,0.18178997612666672,-0.16801132182566667,0.14897013220000002,0.17445748274000003,-0.12501712719666666,-0.13762019625333333,0.1358314357,-0.150210902,0.08312577431333333,-0.1595684584203333,-0.007039173622999999,-0.08025036689666666,-0.14792698436266663,0.009458746359999999,0.07598658902666668,-0.5679209804333332,-0.07980321506666666,-0.04670570515666665,-0.49613030286666654,-0.04206081355333333,0.08898346453333332,-0.9469569617333332,0.020900276793666663,-0.04242969898666667,-0.9072530703666666,0.08956274892333331,0.06771621054666666,-0.9811298086333334,0.034769859095646664,-0.03947657445999999,-0.9423612102666665,0.059409963994000003,0.03153032706666667,-0.9736627740999998,-0.021429887217333337,-0.09378016945999999,-0.9418785398000001,0.0004941972696666704,Donner_g_ch2_g20_compr.mp4,ch2g20
550.0000000000001,-0.04634984197333334,0.47342209886666664,-0.11903087496333334,-0.024937561770000005,0.4920625095333334,-0.12295578505999998,-0.02233692134333333,0.4937946964333334,-0.11192824387333332,-0.023915076313333335,0.49395530323333336,-0.11510378254333331,-0.040349624563333346,0.5028814653333331,-0.12124505009666668,-0.038924913863333334,0.5009212319666668,-0.13250061736666666,-0.03628891657666668,0.48866711883333336,-0.11359397653333332,0.06721040374333333,0.4736871340666667,-0.06689756559333333,-0.046268790483333336,0.43503186160000007,-0.002775535583333333,0.0037873253506333316,0.45848538093333346,-0.08796717576,-0.02881683513333334,0.4240128204666667,-0.09661056319666668,0.18022873970000003,0.2898814772333333,0.016925048958333334,-0.08106973232666666,0.35742989366666666,0.16021494606666667,0.22211482030000004,0.11637027370000004,-0.05803010091666667,-0.10590272339333333,0.08686590040000003,0.06268579356333333,0.15003002003333335,0.18225119803333337,-0.12540575338999999,-0.14155272766666666,0.12170921103333336,-0.11603137939376666,0.12345838849333333,0.21329271701000005,-0.13617777509333337,-0.11999357841333332,0.13819417712333337,-0.169960520026,0.11409950774666666,0.2405197177666667,-0.1390958725066667,-0.10002333521000001,0.1932333879333334,-0.17415126045333335,0.1495249108666667,0.1855184080666667,-0.12806268574333332,-0.13436291119666668,0.14468176756666667,-0.156130269,0.08295050511666667,-0.15949561606499998,-0.006845614369333332,-0.08009565875,-0.14796292614966666,0.009284233366666667,0.07582602085333336,-0.5682519391666665,-0.07928661540000001,-0.04651115273999999,-0.49607518049999993,-0.04215147209333333,0.08916556665666665,-0.9470102741333332,0.022595109877999998,-0.04145879731333332,-0.9069553749666666,0.09111101195666665,0.06793027888999999,-0.9810432130000002,0.036700975608313334,-0.03837693743333333,-0.9420380756333332,0.061081872914,0.03196220898666667,-0.9735213910999998,-0.01892304031266667,-0.09278873833666666,-0.9416218663000001,0.0027177204363333365,Donner_g_ch2_g20_compr.mp4,ch2g20
566.6666666666667,-0.04645210988666667,0.47275824019999996,-0.11808608869666666,-0.025070955723333337,0.49129950453333343,-0.1225497266933333,-0.022525104506666664,0.49306708863333343,-0.1115425255733333,-0.024140609240000003,0.4932172805000001,-0.11465241220999998,-0.04030270888,0.5021404067666665,-0.12060790226333336,-0.03884909042333333,0.5001985932000002,-0.13189265743333334,-0.03624777794666667,0.4879579745666667,-0.11294271309999998,0.06723111834666666,0.4730821021666667,-0.06768215916666667,-0.04544055041666667,0.4344006960666667,-0.0026897433893333334,0.0037710556576333325,0.4578129948333335,-0.08746217938333332,-0.028594843780000004,0.42336303643333334,-0.09586406444333334,0.18064049206666669,0.2896983777333333,0.016229883275333333,-0.07973194729999998,0.3570223012,0.15986361246666667,0.22061106316666668,0.11773409453333337,-0.060476712263333336,-0.10340667011333335,0.08655219120000003,0.05910083581000001,0.1497653808666667,0.19218263720000003,-0.1284267606533333,-0.13797850385666663,0.12920180920000002,-0.12239893317043334,0.12359842612666666,0.22595323730000005,-0.13881639523000003,-0.11609732833666665,0.1481192862833334,-0.17659784687333333,0.11594319923666667,0.2534998520666667,-0.14118280001333336,-0.09662967173666667,0.20396253893333338,-0.17998547956666666,0.15009099803333334,0.19608549350000004,-0.13082004578666664,-0.13102598960333336,0.15293971043333332,-0.154843345,0.08279589489,-0.15943225637399996,-0.006647198592666667,-0.07996164143333333,-0.14798998029433327,0.009104129093333333,0.07573733460666666,-0.5686230009333332,-0.07873648265666666,-0.04631064706333332,-0.49602279496666657,-0.04221989543333333,0.08946297247666665,-0.9470742736333332,0.02461938758133333,-0.040544233083333325,-0.9066625929666666,0.09266983287,0.06825273257,-0.9809653693333334,0.03896573169631333,-0.037355882300000004,-0.9417218451999998,0.06276184770733334,0.03251399848666667,-0.9734372631333331,-0.016249555970233337,-0.09178079672,-0.9413945024000001,0.0048774617096666705,Donner_g_ch2_g20_compr.mp4,ch2g20
583.3333333333334,-0.046677078553333334,0.47227511276666667,-0.11704364146333333,-0.025317283280000005,0.4907070065666667,-0.12205216999333332,-0.02282438986,0.49249849623333336,-0.11107102973999998,-0.02447557623,0.49263661403333336,-0.11410514147666664,-0.040345539783333335,0.5015405992666665,-0.11985901136333335,-0.038865785806666664,0.4996309365666667,-0.13116842773333337,-0.0362818271,0.4873980565,-0.11217478846666665,0.06719361038666666,0.47255335333333337,-0.06862508676333334,-0.044570645586666666,0.43382041703333335,-0.002567788159033333,0.003647924467866665,0.4572674862666668,-0.08690814005333332,-0.02844816954000001,0.42283783243333334,-0.09503835656666668,0.18098484446666666,0.2895217334,0.015210670889666664,-0.07837922696333333,0.35664146926666673,0.1596317186,0.21876377763333335,0.1190489640666667,-0.06289632004,-0.10094379875000001,0.08624910853333335,0.05639915583333334,0.1494641559,0.20156729466666673,-0.13123009660333332,-0.13447324212999998,0.13650809393333335,-0.12696582103,0.12369898859333334,0.23789042890000006,-0.14124033583333334,-0.11223948054333333,0.15778129233333338,-0.18124704989666662,0.11774716337666667,0.26568783466666673,-0.14303919461333336,-0.09329897970666665,0.21440623006666673,-0.18396660296666667,0.1506076101,0.2060271784333334,-0.13334553033333332,-0.12773066859666668,0.16099086756666664,-0.157984108,0.08266750399999999,-0.15939070670566663,-0.006457470366,-0.07985353450333334,-0.14799880479299996,0.00893051734,0.07573611668666666,-0.5690012725333332,-0.07818491400333333,-0.04610345374333332,-0.49594454299999996,-0.0420981653,0.08983597833999998,-0.9471095535999998,0.026922866571333335,-0.03989807378,-0.9063632564666666,0.09447722390333334,0.06862654558333334,-0.9808629785,0.04152510994298,-0.03668152590333334,-0.9414003854333333,0.06471727593066667,0.03304371812666667,-0.9734489694999999,-0.013453776716233342,-0.09110796335333332,-0.9411734773,0.007195973926333337,Donner_g_ch2_g20_compr.mp4,ch2g20
600.0,-0.04703537287666666,0.4719785836333334,-0.11623649796333332,-0.025709282043333337,0.4903177703333334,-0.12179955955999998,-0.023261874603333333,0.49212463206666673,-0.1108452987733333,-0.024947001410000003,0.49225072563333333,-0.11379460424333332,-0.04051896756666667,0.5011182129333333,-0.11934618043000002,-0.03901522383999999,0.49924726343333337,-0.13067038773333334,-0.03643792297333333,0.48702042333333334,-0.11163356289999998,0.0670625512,0.4722284087,-0.06988069064333334,-0.043720118349999997,0.4334023282000001,-0.0026517436181933336,0.003412823733199999,0.4568957371000001,-0.08658253949999999,-0.02839621052333334,0.4224749116666666,-0.09441773709666666,0.18121558,0.28947871773333334,0.013915439729666666,-0.07704739834999998,0.35638949063333336,0.15944046716666668,0.21680216543333333,0.12034934770000003,-0.06528626314333334,-0.09873244084333334,0.08597232143333335,0.05444253590333333,0.1491177978,0.2103569830333334,-0.13382036918666668,-0.1311841729,0.14337587423333337,-0.13021263466333335,0.12375049022666668,0.24907899460000005,-0.14344946452666668,-0.10854780304666667,0.16685395696666672,-0.1844956868333333,0.11952882308666667,0.2770833323000001,-0.14464870553333337,-0.09011560504333331,0.2242076342333334,-0.18658462273333332,0.1510500534,0.2153274759333334,-0.13563726906,-0.12459875048333335,0.16854583216666666,-0.158005327,0.08254486148333333,-0.15936595683933327,-0.006303792642333333,-0.07975059256333333,-0.14799304164466662,0.008788520449999998,0.07573543942666666,-0.5693643134666666,-0.07765610538333331,-0.04596319817666666,-0.4958232237,-0.04182919288333333,0.09025882808666666,-0.9471425050333331,0.028932276671333333,-0.039491788900000005,-0.9060694075666667,0.09614679907000001,0.06905074861333335,-0.9807603293666666,0.04374877992964667,-0.036277580133333334,-0.9410881405333332,0.06651737618733333,0.033377147563333334,-0.9735480840666666,-0.010939773839566671,-0.09067879276,-0.9409735712666667,0.009336061126333334,Donner_g_ch2_g20_compr.mp4,ch2g20
616.6666666666666,-0.04745134077666666,0.4717940600333334,-0.11557231246333333,-0.02616855520333334,0.4900685951,-0.12171652109333331,-0.02376252866,0.4918844273333334,-0.11078772613999996,-0.02547874934666667,0.49200098416666666,-0.11364839180999999,-0.04073437800666666,0.5008062720333333,-0.11899008689666668,-0.039209927006666645,0.4989776875333333,-0.13032074316666667,-0.03663344881,0.4867556158,-0.11124383369999999,0.06688910739666665,0.47218982263333337,-0.07145965754333333,-0.04279848600333333,0.43314752830000014,-0.002903048950526667,0.0031408224458666653,0.4566700560333334,-0.08638229645333331,-0.02835441127666667,0.4222252854333333,-0.09390350100666665,0.1813839586333333,0.2897783612,0.012367226126333335,-0.07561823965333332,0.35630277183333336,0.15921438126666668,0.21480116303333333,0.12166576493333336,-0.06774419714,-0.09662714568666668,0.08566461393333336,0.05328394963666667,0.14877352283333334,0.2184432044333334,-0.13599100270666667,-0.12810732699,0.14943777093333335,-0.13239260177333334,0.12388773042666668,0.25936886480000004,-0.14524587077333334,-0.10505982194666666,0.17501249373333339,-0.18667189089999997,0.12128144724666667,0.2875702619333334,-0.14583974643333336,-0.08713362005333332,0.23307594310000007,-0.18820407986666668,0.15147827053333335,0.2238716393333334,-0.1375022966566667,-0.12164893895000001,0.17525311353333334,-0.159291312,0.08242479264666665,-0.1593575060183333,-0.006216986051666668,-0.07965053647999999,-0.14797191005966662,0.00870736472,0.07570352858999999,-0.5697262169666665,-0.07712957011999998,-0.04594900432333333,-0.4956797960333333,-0.041224169229999996,0.09073243764666668,-0.9471787684999997,0.030859787134666666,-0.039253267503333335,-0.9057619971333333,0.09798716995666668,0.06951287782666668,-0.9806746516666666,0.045880793276313336,-0.03605414628666667,-0.9407653038999999,0.06850147312733335,0.03322187187666666,-0.9737861470333331,-0.008598805856233332,-0.09046329117333334,-0.9407730234999999,0.011679983729666667,Donner_g_ch2_g20_compr.mp4,ch2g20
633.3333333333333,-0.04792118407333333,0.47162799156666674,-0.11500991782999999,-0.02667299025666667,0.4898449902333334,-0.12172260472666664,-0.024308952253333335,0.49166722600000007,-0.11081831523999995,-0.026056374793333333,0.4917762289666667,-0.11358980441,-0.04097529550999999,0.5005116025666666,-0.11872329229666666,-0.039429528149999976,0.49872602083333334,-0.13006032126666664,-0.03685318642333334,0.48650862806666667,-0.11094430249999998,0.06669543116666665,0.4722442853666667,-0.07315734597,-0.041844445493333327,0.43292139026666676,-0.00322696284986,0.002834124216199999,0.4564707778333334,-0.08626028127666664,-0.028320566640000006,0.4219947465666667,-0.09345844355333331,0.1815292697666666,0.2901788030666667,0.010631061226333335,-0.07414567970999998,0.3562766709333334,0.15902018240000002,0.2126570165666667,0.12295782673333336,-0.07034606884666667,-0.09453182809000002,0.0851777487666667,0.05262388263666667,0.1484727975333333,0.22560698436666674,-0.1381964567833333,-0.12513754643666666,0.15476389796666667,-0.13384808361333334,0.12422203102000001,0.2685473050666667,-0.14713727689999997,-0.10168767008,0.18234123150000003,-0.1881025742333333,0.12302352474,0.29691336700000004,-0.14715759720000005,-0.0843211320433333,0.2411239236666667,-0.18918590396666668,0.15189767016666667,0.2314313217333334,-0.13942987683333335,-0.11881954994,0.1812169223333333,-0.158078223,0.08231441775666666,-0.1593731375383333,-0.006196527315,-0.07955946728999999,-0.14792857125866662,0.008688113039999999,0.07567043583999998,-0.5700838080666666,-0.07663159516666664,-0.04594667626666666,-0.49551488233333324,-0.04048700959333333,0.09119707819666668,-0.9472402844999998,0.032715413838,-0.039033551619999995,-0.9054139715666665,0.09985124488666668,0.06995461033333333,-0.9806367113333333,0.047911041749646666,-0.035852700720000005,-0.9404041811999999,0.07049947145333334,0.032992517549999996,-0.9741678667333332,-0.0066558237962333336,-0.09031659321666667,-0.9405712200666665,0.014043717739666667,Donner_g_ch2_g20_compr.mp4,ch2g20
649.9999999999999,-0.048604216173333326,0.4714903684000001,-0.11465825689666664,-0.02737481054666667,0.48965621836666673,-0.12196314895999999,-0.02504280811666667,0.49148132706666675,-0.11108261141666663,-0.02681290538,0.49158452850000006,-0.11377113840999999,-0.041394371419999985,0.5002494414666666,-0.11865433419666666,-0.039833670986666646,0.49850729163333335,-0.12999521186666665,-0.03724725557666667,0.48629240626666664,-0.11083814736666664,0.06644152009999998,0.4723202710333334,-0.07518748041666666,-0.04088950097666666,0.4327311342333334,-0.0036786214765266666,0.0023751329682,0.45629262950000005,-0.08637533836,-0.028413039210000005,0.4217869608,-0.09318774781666665,0.18162291016666665,0.29062460406666674,0.008683416749666667,-0.0726262335133333,0.3562930185,0.15881778936666668,0.210540778,0.12423643976666669,-0.07296495028666666,-0.09247003388333336,0.08478919553333336,0.05221510069666666,0.14822996223333332,0.23181583233333342,-0.14026185506666664,-0.12231940952666664,0.15971854896666668,-0.13449223648,0.12463372774,0.2764630289,-0.14888331773333333,-0.09850687690333335,0.18910116066666668,-0.1886380375333333,0.12476478327666665,0.30484573493333333,-0.14837634530000002,-0.08167076941666664,0.2484684606333334,-0.18932508726666666,0.15231937056666667,0.23792553686666673,-0.14123961366333335,-0.11613196584333332,0.1867246473,-0.155392841,0.08219748710333333,-0.15940966184466665,-0.006249878718333333,-0.07946267331999998,-0.14786397793799996,0.008736682723333333,0.07564015518999999,-0.5704400809333332,-0.07613685252666663,-0.04598387763666666,-0.4953445630666666,-0.03955062441333333,0.09170534561666668,-0.9473560207999998,0.03442093748133333,-0.03883997063666666,-0.9050961317999999,0.10169619865333335,0.07043259711333334,-0.9806793961999999,0.04971551691098,-0.035679173593333335,-0.9400802994999999,0.07246668280333333,0.03274986617333333,-0.9746493132999998,-0.0051530579562333294,-0.09023027774333334,-0.9404180224333333,0.01634284605633333,Donner_g_ch2_g20_compr.mp4,ch2g20
666.6666666666665,-0.04932445734333333,0.47135325783333337,-0.11498314789999997,-0.02812489352666667,0.4894862517333333,-0.12289819962666666,-0.025823303063333337,0.4913108181333334,-0.11201958053666664,-0.027612606616666667,0.49140869876666676,-0.11465383840999999,-0.04188074407999999,0.5000050683666666,-0.11927387752999999,-0.040304648006666645,0.4983009761333333,-0.13062230416666665,-0.03771530428000001,0.48608324563333327,-0.11142420680333331,0.06612869157666665,0.47240057436666677,-0.07777376834000001,-0.04002435439999999,0.4325439796333334,-0.004802451835193332,0.0018773722515333336,0.4561311287333334,-0.08714845468666667,-0.028555689143333333,0.4215879389,-0.09358131082666665,0.18168765569999995,0.2910555983000001,0.0062260123030000005,-0.07118493645666667,0.35631393576666676,0.15802501780000003,0.20840640720000003,0.1254796247666667,-0.07563286939666666,-0.09076462976666669,0.0845352901666667,0.051673230896666665,0.14808287486666663,0.23713743933333342,-0.1422225933133333,-0.11960789563333332,0.16421130173333337,-0.13581544208,0.12513696875666666,0.2831771454333334,-0.15046265753333332,-0.09540086122000001,0.19505281410000003,-0.18986952066666665,0.12649483118666666,0.31144662846666665,-0.1495445581,-0.07901648926666666,0.2548014198666667,-0.1901023815,0.15276240990000003,0.24343024336666672,-0.14297882006666665,-0.11350648901666668,0.19166547153333333,-0.155014485,0.08206996917333331,-0.15944998513966663,-0.006367193512,-0.07935459569666665,-0.1477946240223333,0.008841163673333334,0.07560835313333333,-0.5707936328333333,-0.0755991942733333,-0.046036010839999995,-0.49520952476666663,-0.038539044556666666,0.09225996707000002,-0.9475544824333332,0.03597891206133334,-0.038616196796666655,-0.9049168032666667,0.10350900761000001,0.07097695987666668,-0.980815805,0.05136232367498,-0.035455118553333324,-0.9399154091999999,0.07439142851,0.03253366063,-0.9751474114333331,-0.0037849839628999985,-0.09012667742,-0.9403569594333332,0.018594002506333335,Donner_g_ch2_g20_compr.mp4,ch2g20
683.3333333333331,-0.05008845800666667,0.47125882816666675,-0.11517747456666663,-0.02890343642,0.48935442016666664,-0.12367383959,-0.02663272718333334,0.49117827490000004,-0.11280065767999996,-0.02844038568,0.49127267500000005,-0.1153779303033333,-0.04240970177333332,0.49980479873333333,-0.11973854787333332,-0.04081948436999998,0.4981363362,-0.1310964184,-0.038229022433333336,0.4859145883333333,-0.11185784563666665,0.06581618815,0.4724761510666668,-0.08016039239333334,-0.03918535668666666,0.43236775253333337,-0.0057296101938600005,0.0013511146472000005,0.45599411553333336,-0.08778175279333333,-0.02874429481666667,0.42141873123333334,-0.09384559657999998,0.18174362526666663,0.2914546633000001,0.003918686886333335,-0.06975098058000001,0.35634437786666673,0.15738619560000003,0.20647921863333338,0.12671795496666668,-0.07829456336666665,-0.08918953531333335,0.08448201800000002,0.05102210094333333,0.14796654149999997,0.24170174646666673,-0.14404862433333332,-0.11693586310333332,0.16822792910000003,-0.13717363846666666,0.1256208042366667,0.28888381433333343,-0.15192982636666666,-0.09234882051666667,0.20018863640000004,-0.19119876779999995,0.12809943415666666,0.31705112406666663,-0.15065900726666667,-0.07634158108666665,0.2601191088333334,-0.191041405,0.15316084063333338,0.24813544793333336,-0.14459945323333334,-0.11088871782333336,0.1959637517,-0.143409535,0.08193170872333333,-0.15949337752266662,-0.006571520017666667,-0.07923658353999997,-0.14772129753466662,0.009029590899,0.07557329069999999,-0.5711211554,-0.07509345302999997,-0.046100781966666664,-0.4950768636999999,-0.037537007716666675,0.09288818439333335,-0.9477881147666665,0.03712859529133334,-0.03838451726999999,-0.9047428212999999,0.10526587253666667,0.07161458123333335,-0.9810038914333331,0.05252491215333333,-0.03521552004999999,-0.9397556230666665,0.07623721647,0.03229351575,-0.9756494971333332,-0.0030538690428999994,-0.09003830384666667,-0.9403073286333332,0.02052742059633333,Donner_g_ch2_g20_compr.mp4,ch2g20
699.9999999999998,-0.05088480313333334,0.4712228845666667,-0.1152830659333333,-0.029721450380000004,0.48928864843333336,-0.12436754476666667,-0.02747821270666667,0.49111228660000006,-0.1135037302333333,-0.029301272886666663,0.4912036985,-0.11601484143333331,-0.043004355086666654,0.4996637852,-0.12011882303333332,-0.04140324033999998,0.4980288014666666,-0.13148559946666666,-0.03881285874666667,0.48580077526666665,-0.11220533749999999,0.06547083387,0.4725779538000002,-0.08241241922666666,-0.03853416103999999,0.4322016403666667,-0.006601236121196667,0.0007978325918666673,0.4559095624,-0.08833242191666668,-0.028998453876666667,0.42129334093333337,-0.09403063000999998,0.18177161559999996,0.2918467774000001,0.0016887205996666678,-0.06843453066333334,0.3563755789000001,0.15682605496666668,0.20464958553333337,0.12791688450000002,-0.08065508214,-0.08779870787666667,0.08448358956666668,0.05064392884333333,0.14779665286666666,0.24560549206666674,-0.14556324766666667,-0.1144734887,0.1714703403333334,-0.1376823589,0.1260225999,0.29376951863333345,-0.15312285876666665,-0.08954449691666666,0.20433510553333334,-0.19161256886666664,0.12935597606666666,0.3218328510666667,-0.15154461953333334,-0.07381839329333333,0.2643739178666667,-0.19118598846666668,0.15347128920000003,0.25215241060000004,-0.14592870163333332,-0.10845194036000001,0.19942025783333334,-0.143660977,0.08179241714,-0.1595409489443333,-0.006808559654333334,-0.07911680154999999,-0.14764403537099993,0.009250114237666668,0.07554229082333333,-0.5714560659666665,-0.07459915046999999,-0.04626940851333333,-0.4949575131999999,-0.03656504800000001,0.09352995977333335,-0.9479946448333332,0.03824765117133334,-0.03822167042666666,-0.9045900744666665,0.10685341044666666,0.07227389105666668,-0.9811693360666666,0.053655076266666664,-0.03503195922666666,-0.9396196907,0.07790148693333333,0.03211960628333333,-0.9761902721999998,-0.0023057779162333333,-0.08999381022333335,-0.9403768336333332,0.02209837110633333,Donner_g_ch2_g20_compr.mp4,ch2g20
716.6666666666664,-0.05177144855000001,0.4712171267333334,-0.11500442689999997,-0.03062640845666667,0.4892506464666667,-0.12455323086666667,-0.02840879869666667,0.4910742826666668,-0.11369495956666664,-0.03024194519333333,0.49116296470000004,-0.11616617066666665,-0.04368937288999999,0.49954812039999996,-0.11998586296666666,-0.042079023149999985,0.49794693646666666,-0.13136655559999996,-0.039488317130000006,0.4857130829333333,-0.11205401173333332,0.06505740686333333,0.4726757511333335,-0.08406082443333333,-0.037955864113333314,0.4320159023333333,-0.006824105755696667,0.00015992965253333377,0.4558470982666667,-0.08849761011000001,-0.029353501793333334,0.4211872367333333,-0.09382006542666665,0.18174682999999994,0.2921871855,-0.0002251600169999994,-0.06719347367,0.3563503025666668,0.15663133303333332,0.20290457860000005,0.12899036416666668,-0.08267423580666668,-0.08638364492333335,0.08448452040000001,0.05050949677666666,0.1473556535,0.24853896446666673,-0.14665110296666667,-0.11215237604999999,0.17414042773333338,-0.13794330976666663,0.12597797513333334,0.2974305620666668,-0.15390197293333333,-0.08699032762999999,0.20777444353333338,-0.19179251526666663,0.12978362659999998,0.3254033342,-0.15206531276666668,-0.07152791122,0.2678706154,-0.191158698,0.15332409206666667,0.25516486113333336,-0.1468539514666667,-0.10617894355333335,0.2022477929,-0.146829665,0.08165016916666668,-0.15959094800599996,-0.007088770279666668,-0.07899405050333332,-0.14756453790299992,0.009516226632000002,0.07544172859666667,-0.5717895380333332,-0.07420173228999997,-0.04644743864666667,-0.4948459680666666,-0.03559896145333334,0.09415120556000002,-0.9482182814666665,0.038834980812,-0.038105430069999995,-0.9044747335,0.10800141777666666,0.07292208049333333,-0.9813565542333332,0.05421313661333333,-0.03490571857666666,-0.9395270829666665,0.07907001395666666,0.031925969670000005,-0.9767601104999998,-0.002185938306233333,-0.09011595280666666,-0.9404872770666666,0.023131823009666663,Donner_g_ch2_g20_compr.mp4,ch2g20
733.333333333333,-0.05268221633666668,0.4711926808666667,-0.11451348106666664,-0.03156172820666667,0.48921705726666675,-0.1244335363,-0.02936516969000001,0.4910371708333335,-0.11357892149999997,-0.031202463426666664,0.4911242187,-0.11602062579999997,-0.04441768067999999,0.49942034990000006,-0.11956883409999998,-0.04280042424999999,0.49784929609999995,-0.1309633279333333,-0.04020643713000001,0.4856110815333334,-0.11162699806666665,0.06462868232666667,0.4727849845666668,-0.08513971395333333,-0.03744368500333332,0.4317996447666667,-0.006588964166696667,-0.0004884139104666665,0.4557855823,-0.08837524376000001,-0.02974010435,0.4210596708666666,-0.09334596883999999,0.18170542959999994,0.2925364111,-0.0016141414569999992,-0.06597309563999999,0.3563076395333334,0.15689450589999998,0.20137459043333336,0.13003328253333338,-0.08425573541666667,-0.08491536644666667,0.08448939703333336,0.050863793863333326,0.14674276376666667,0.2508218770000001,-0.14739786373333336,-0.10994954557666665,0.17617237790000007,-0.13788114759999998,0.12562509130666666,0.3001913409333334,-0.15440740886666668,-0.08462418861999998,0.21036116493333334,-0.19172530806666666,0.12973002563333333,0.3280865535333333,-0.15233601323333334,-0.06937414817000001,0.2704442426333334,-0.19098345289999996,0.15289682163333332,0.25748010123333337,-0.14744447903333335,-0.10402115830333336,0.2043694142666667,-0.147083282,0.08150653240333335,-0.15964189152933328,-0.007395163640666668,-0.07886818908666664,-0.14748401864033325,0.009809797357333335,0.07535591047666668,-0.5720974794666666,-0.07385312285333331,-0.046602930650000006,-0.4947326755333333,-0.03468728246000001,0.09479261560666669,-0.9484374119999999,0.039298284206666666,-0.03800242753333332,-0.9044048331333333,0.10886981248333333,0.07360298458333332,-0.9815495063999998,0.054653473749999994,-0.03479622558999999,-0.9394862776333331,0.07994154065666666,0.03188713122333334,-0.9773316812666666,-0.0020795759895666666,-0.09024347719333332,-0.9406743522333332,0.023867955818333328,Donner_g_ch2_g20_compr.mp4,ch2g20
749.9999999999997,-0.05363249728666667,0.4711870124666667,-0.11378216589999998,-0.032519429190000004,0.4892065887000001,-0.12410029466666667,-0.030339904500000008,0.49102068763333345,-0.11324981519999996,-0.03217811565333333,0.49110746183333326,-0.11566982986666664,-0.04514450617333333,0.4993219210000001,-0.1189371356333333,-0.04352166963333332,0.4977793659333333,-0.13034374906666665,-0.04092304111333334,0.48553656976666665,-0.11098619176999999,0.06415386477333333,0.4728947067666668,-0.08600475097333334,-0.03682912243333332,0.4315924750666667,-0.006203381871030001,-0.001192883162466666,0.4557419118666666,-0.08806300731333336,-0.03013915962,0.4209509738333333,-0.09267884683666665,0.1816461666666666,0.29291252139999996,-0.002901975430333334,-0.06473971734,0.35625500466666676,0.15730793266666668,0.20011245216666668,0.13108345476666666,-0.08576464067333334,-0.08347833148333335,0.08444056893333336,0.05133269428999999,0.14600338826666667,0.2527874206333334,-0.14805915716666668,-0.10794889306333331,0.17777920886666673,-0.13773102463333334,0.12501359036,0.30249246466666674,-0.15485041989999998,-0.08246102852666666,0.21244459263333335,-0.1915828177,0.12929564459999998,0.3303489610666666,-0.1525614872,-0.06736810616333334,0.2725377087333334,-0.19077612856666665,0.15226116443333332,0.25946787540000005,-0.1479605852333333,-0.10205002225666668,0.2060662233666667,-0.14695482,0.08134521470666668,-0.15969152404066664,-0.007728791915666667,-0.07872428534333331,-0.14740527364033326,0.010130732049,0.07528740561666668,-0.5724019975999999,-0.07355287960333332,-0.046708373500000004,-0.49460225659999996,-0.0337713955,0.09544812662000003,-0.9486296052,0.03964657224333334,-0.037906125759999985,-0.9043640079333334,0.10939905403666667,0.07430445352000001,-0.9817180603666665,0.054975156543333334,-0.03470412647999999,-0.9394829377666667,0.08043932897333332,0.03193270127,-0.9778488349999999,-0.001990956919566666,-0.09043215445333333,-0.9408662811666665,0.024322704566666662,Donner_g_ch2_g20_compr.mp4,ch2g20
766.6666666666663,-0.054599196333333336,0.47118327923333336,-0.11294948752333331,-0.033486745643333336,0.48919942820000006,-0.12367481113333333,-0.031322269573333346,0.4910084388666668,-0.11282717083333332,-0.033161539889999994,0.4910942713333332,-0.11523125996666664,-0.045879514889999994,0.4992284543333334,-0.11819980109999999,-0.04425127903666666,0.4977135922333333,-0.12961588396666668,-0.04164842914333334,0.4854662660666666,-0.11023883221,0.06366625084666666,0.4730105424333334,-0.08687244732666667,-0.036219387903333324,0.4313938147666667,-0.005733971509696667,-0.0019134828737999996,0.4557044101333333,-0.08766937029000002,-0.03055697011333333,0.4208491214333333,-0.09191354829,0.18158954026666665,0.2933054908333333,-0.004178168863666667,-0.06351929609333333,0.3562171219666667,0.15777000526666665,0.1990477547666667,0.1321337654666667,-0.08731531510000001,-0.08210065592333333,0.08445904423333336,0.051872096209999996,0.14507966353333332,0.2543438072000001,-0.1486019751666667,-0.10603118686999999,0.17927721466666674,-0.13728098623333335,0.12407289320666666,0.3042731756666667,-0.15512947246666667,-0.08036671278666666,0.2142912518,-0.1911043389333333,0.12850544346666665,0.33208349196666664,-0.1526510605666667,-0.06542081608000001,0.2743920310666667,-0.19025264776666664,0.15139218086666664,0.26102352286666664,-0.148365945,-0.10015481805666669,0.20762809453333336,-0.147800475,0.08118343975333334,-0.15974136015166665,-0.008081290852333334,-0.07857964945666665,-0.1473274366796666,0.010470492276666668,0.07524309651666668,-0.5727006963666665,-0.07331081396333332,-0.04677227613666667,-0.49446716366666665,-0.032879012580000005,0.09612163748666668,-0.9488344047999998,0.039459237949999997,-0.03777717222999999,-0.9044000250333334,0.10965012616999999,0.07502520431,-0.9819066673333332,0.054691230066666666,-0.034584224536666666,-0.9395687903,0.08062112462999999,0.03206019026333334,-0.9783119928999998,-0.0025158086928999987,-0.09062520470999999,-0.9410750106666665,0.024595002799999998,Donner_g_ch2_g20_compr.mp4,ch2g20
783.3333333333329,-0.055576895173333335,0.4712081463000001,-0.11215746745666663,-0.03445404993,0.48922405006666675,-0.1232737188,-0.03230361603,0.4910274686333335,-0.11242625733333333,-0.03414418262333333,0.4911125302333333,-0.11481682636666665,-0.04661916494333333,0.4991666284333335,-0.11748496159999999,-0.044986263043333335,0.4976780281333333,-0.12890645606666667,-0.042379138190000006,0.4854253327333333,-0.10951135429,0.06318298234666665,0.4731363956666667,-0.08774994020333333,-0.035632717079999994,0.43122582700000006,-0.0052486001963633335,-0.0026434969847999997,0.45569133089999997,-0.08729597649666668,-0.030993224953333332,0.4207731990333333,-0.09116715707666666,0.18155364189999998,0.29372090739999995,-0.0054437979636666675,-0.06232282511000001,0.3562846321666667,0.15827313103333332,0.19814978893333338,0.13317864780000002,-0.08885070493666668,-0.08077945986666667,0.08465130050000003,0.052578504879999995,0.1439558974333333,0.2554577832333334,-0.14897973250000007,-0.10427089630333332,0.1803642603333334,-0.13663557496666667,0.12280293529333332,0.3054621899666667,-0.1552349563,-0.07846749408666666,0.21551223310000003,-0.1904519965,0.1273774250666667,0.3332462683,-0.15260582016666666,-0.06362680159333334,0.2755795195,-0.18959077343333333,0.1502875811333333,0.2621104930333334,-0.1486147442333333,-0.09840261312333336,0.20872068146666672,-0.147625059,0.08102289712666667,-0.15979272885466664,-0.008448849801666667,-0.07843562575999999,-0.14724867916899997,0.010825669555333336,0.07520557067333335,-0.5729994626333333,-0.07310362573666665,-0.046791118160000006,-0.4943342314,-0.03199431375,0.09682633424666667,-0.9490460588999999,0.03922709580333333,-0.03763168491666666,-0.9044985833,0.10980049453333333,0.07577822257,-0.9821039268999998,0.05436292544666667,-0.03445373953999999,-0.9397239903,0.08069421810999998,0.032207438133333335,-0.9787208330999998,-0.003076230576233332,-0.09081942842999999,-0.9412874155666666,0.024783164016666664,Donner_g_ch2_g20_compr.mp4,ch2g20
799.9999999999995,-0.05652655449666667,0.4712223883333334,-0.11125670225666663,-0.0353902201,0.4892448024333334,-0.12273586636666665,-0.03325031207000001,0.4910409200333335,-0.1118871723,-0.03508942542666666,0.4911266406333333,-0.11426595823333333,-0.047336277239999995,0.49910003016666676,-0.11664871610000001,-0.045701188346666664,0.49763629889999994,-0.12807042986666667,-0.04308595105333334,0.4853781318,-0.10866160689000001,0.06271665745999999,0.4732661847666667,-0.08841010153000001,-0.035065660219999996,0.43106496596666666,-0.004621227414377666,-0.003353684588133333,0.45567706156666665,-0.08677994406666667,-0.03142161657333333,0.4206958540666667,-0.09030296372666666,0.18154784236666663,0.29416292056666665,-0.006563313262,-0.06117512202666667,0.35643794526666667,0.15894872236666668,0.19730786636666667,0.1342180375666667,-0.09021193891333334,-0.07951483519666666,0.08493949443333335,0.05357308462333333,0.14252929279999996,0.25639782296666674,-0.1491199966333334,-0.10277723865999999,0.18114431626666674,-0.1357947208,0.12113561033666666,0.3064160490666667,-0.1551261733333333,-0.07691804238666666,0.21634586963333338,-0.1896554708333333,0.12583291673333336,0.3342213009333333,-0.1523886263,-0.06213885533,0.2764219665666667,-0.18884259656666666,0.1488498421,0.26302854463333336,-0.14864080139999994,-0.09691315043333334,0.20950158776666672,-0.149795368,0.08086778845333334,-0.15984847798699997,-0.008822110401666666,-0.07829639203999998,-0.14716663452399997,0.011186806677666668,0.07514928426666667,-0.5732986371999998,-0.07290073344666666,-0.04677974323333334,-0.49418729303333336,-0.031087303289999996,0.09751302654666666,-0.9492927209666666,0.038907073993333326,-0.037485043706666665,-0.9046064498333333,0.10992824343333332,0.07650687420333332,-0.9823446581666665,0.05393330246,-0.034322590199999996,-0.9398906488666666,0.08074687434333332,0.03228218999666666,-0.9791361959999998,-0.003785043673233333,-0.09103195723333332,-0.9414928569,0.024952191303333333,Donner_g_ch2_g20_compr.mp4,ch2g20
816.6666666666662,-0.05747081575,0.47122760373333344,-0.11036409912333331,-0.03631161558333333,0.4892580604666668,-0.12221012783333332,-0.03418047129666667,0.49104445856666684,-0.11136190760000002,-0.036017358236666665,0.4911321997666666,-0.1137248305,-0.048038214069999995,0.49903149676666675,-0.11582142126666667,-0.046401359636666674,0.4975908682333333,-0.12724480473333333,-0.043776250076666676,0.4853267704666667,-0.10781971909,0.06225783678999999,0.4733889107333334,-0.08912857833,-0.034491682703333325,0.43091079456666664,-0.0040210274228110006,-0.0040632358681333336,0.45566262729999996,-0.08627378639,-0.03184832380666667,0.42061998856666666,-0.08944445591999999,0.18156475069999997,0.29460371479999997,-0.007705942498000001,-0.06004537720333333,0.3566531086333333,0.1595757667,0.19650580686666666,0.13521506433333336,-0.09163858776000001,-0.07825158685333333,0.08526396223333335,0.05442126095333333,0.14090227523333332,0.2571564391000001,-0.14930776716666672,-0.10143241706333334,0.1816144896000001,-0.13510925250000003,0.11922657637666664,0.30715682353333335,-0.15505130193333333,-0.07555622527,0.2167881221666667,-0.18898767976666667,0.12404405616666668,0.33499800213333325,-0.1522083302,-0.060821452113333334,0.27683906199999997,-0.18823265876666664,0.14720858203333334,0.26376501170000005,-0.14871542046666664,-0.0955702841066667,0.20994552813333336,-0.148647279,0.08071359322333335,-0.15990871593099998,-0.00919750081,-0.07815796323333332,-0.14708094517899997,0.011549895697333334,0.07509780001000001,-0.5735983442666666,-0.07273432845333334,-0.046712254630000005,-0.4940352326333334,-0.030180780036666664,0.09820847716666666,-0.9495479361333333,0.03848550952666666,-0.03731959996333333,-0.9047708871333332,0.11000611739999998,0.07724240582666667,-0.9825911710666665,0.05338738650000001,-0.034176039389999996,-0.9401190578333333,0.08074244318666665,0.03236835658,-0.9795372497999998,-0.004635465235566665,-0.09124034426,-0.9417252335666667,0.025061210063333336,Donner_g_ch2_g20_compr.mp4,ch2g20
833.3333333333328,-0.05844018632666667,0.4712360974000001,-0.10961671475666665,-0.03725083111666667,0.48927481333333345,-0.12176940933333333,-0.03512324566333333,0.49105054220000016,-0.11091603110000002,-0.03695915937666667,0.4911409139666666,-0.11327001599999999,-0.04876032943333333,0.4989717252333334,-0.11511372386666667,-0.047122640656666666,0.4975515386666667,-0.12653413136666666,-0.04448579122,0.4852814848666667,-0.10709658909,0.06175129565666666,0.47351224466666675,-0.08996008273000002,-0.033965404486666656,0.43078431349999996,-0.0034992523751443327,-0.004817012380133333,0.4556556495666666,-0.08584304050999998,-0.032313810873333335,0.42055494800000004,-0.08870465871666665,0.18157164943333332,0.29505804823333337,-0.008926522968,-0.058995644039999996,0.3568979506333333,0.16012666166666664,0.19570114216666665,0.1361208085666667,-0.09309365485000001,-0.07702106187666667,0.08558870026666668,0.055213041233333336,0.13914299496666666,0.2577618872000001,-0.14944319536666673,-0.10023854498333334,0.18194520796666672,-0.1343251499,0.11716765957999997,0.30774763870000005,-0.15490274183333336,-0.07438047116999999,0.21708381090000003,-0.18819011796666665,0.1221258535,0.3355992947999999,-0.15198005136666667,-0.05970914338666667,0.2771052086666667,-0.1874928106333333,0.14543938456666666,0.2643416002,-0.1487438453333333,-0.09439432642000002,0.21025407556666673,-0.146586,0.08055662886333334,-0.15997112973166663,-0.009576659613666667,-0.07801696795,-0.14699460081966664,0.011916580134666668,0.07503711801,-0.5738781552666666,-0.07260740855666668,-0.046645338130000005,-0.49386587793333336,-0.029286596119999998,0.09888530678666665,-0.9498098091666667,0.03800881001666666,-0.037155722333333335,-0.9049394748999998,0.11001031853333332,0.07795561439333333,-0.9828455437999999,0.05278699512333334,-0.03403217948333333,-0.9403507649333334,0.08065962426999998,0.032416168630000006,-0.9798989863999997,-0.005501071453566666,-0.09146445151666666,-0.9419208759000001,0.025075361633333335,Donner_g_ch2_g20_compr.mp4,ch2g20
849.9999999999994,-0.05941045221666667,0.4712630009333334,-0.10888621545666666,-0.038198757560000005,0.48930898663333344,-0.12136619433333334,-0.03607283482666667,0.49107465030000014,-0.1105072038666667,-0.03790784484666666,0.49116812009999994,-0.11285302263333333,-0.04948036707666666,0.4989355035000001,-0.1144447529,-0.04784138028333333,0.49753230623333333,-0.12586301263333333,-0.04519158037333333,0.4852553641333334,-0.10641197935666667,0.061191361053333324,0.4736460531000001,-0.09084597092666667,-0.033460405996666664,0.4306822961666666,-0.0030589612781443333,-0.005592400930799999,0.45567507469999996,-0.08544241161333334,-0.032793632546666666,0.4205165228666667,-0.08799847021666665,0.1815620009333333,0.29552432046666666,-0.010186146314666666,-0.05803261229333333,0.35718877759999995,0.16060241403333328,0.1948745022333333,0.13695107943333337,-0.09456295306,-0.07585944483666665,0.08593683063333335,0.05592228087666667,0.1372483148,0.2581879094000001,-0.1495883644666667,-0.09921090281,0.18202747330000005,-0.1335659029333333,0.11497750554333332,0.30810612783333335,-0.15477761133333334,-0.07338680759999999,0.2170299074666667,-0.1873946751,0.12007838601333334,0.33599552463333326,-0.15178449496666666,-0.05879149908333334,0.27700304433333334,-0.18678907299999997,0.14353993353333336,0.2647393022666667,-0.14879310409999996,-0.09339214709666668,0.2102945938333334,-0.144015178,0.0804037504,-0.1600347342673333,-0.009951494721000001,-0.07787947438000001,-0.14690831151166664,0.012278992160666666,0.07504067591,-0.5741634757333333,-0.07249147007333334,-0.04662619605666667,-0.49369556756666677,-0.028457215679999995,0.09949532082333332,-0.9500537094,0.03770274637666666,-0.03704147823333334,-0.9051076415666666,0.1098879641,0.07858818333666666,-0.9830738678333332,0.05238490008000001,-0.03394087944666666,-0.9405809779333333,0.08043899494666665,0.032458267206666676,-0.9802558413999998,-0.006128055830899999,-0.09170439547999998,-0.9421383136333333,0.02494936561,Donner_g_ch2_g20_compr.mp4,ch2g20
866.6666666666661,-0.06039710491333334,0.47127528746666675,-0.10816826858999998,-0.039166705763333344,0.4893295582000001,-0.12097397566666669,-0.03704049866333334,0.49108511886666684,-0.11010984430000002,-0.03887521097,0.4911819166,-0.1124491232,-0.05022483157333333,0.49888901383333345,-0.11379422036666667,-0.04858516466333333,0.497501435,-0.12520868650000003,-0.04592282282,0.48521801386666674,-0.10574569852333335,0.06058906071333332,0.4737705135666667,-0.09174226161333335,-0.033027466479999996,0.43058148879999997,-0.0026627044778109996,-0.006392189355799998,0.45569024210000003,-0.08505015021666666,-0.03330224239666667,0.4204724909333333,-0.08731072127666664,0.1815311446333333,0.2959903751666667,-0.011443462711333332,-0.05717681898666666,0.3574970368999999,0.16104607276666663,0.19404370936666665,0.13762812660000004,-0.09592391883666666,-0.07471773909999999,0.08618328890000002,0.05664102062666666,0.13533589133333332,0.2584028914333334,-0.14969907400000002,-0.09826222351000001,0.18182072463333337,-0.1327826412666667,0.11278502938999999,0.30824225093333335,-0.15463958683333334,-0.07249097487666666,0.21666757580000004,-0.18657989153333332,0.11803188985000002,0.33621651183333334,-0.1515993078,-0.05800454727666667,0.27663076466666664,-0.18609843496666664,0.14162980133333333,0.26494919406666667,-0.14882482966666666,-0.09248703626333334,0.2100634485333334,-0.1452851,0.08025354495666669,-0.16009841886566664,-0.01031735385,-0.07774422424000002,-0.14682357959733328,0.012633223029333333,0.07506807119666667,-0.5744227758,-0.07239734515,-0.04661547467,-0.49351892523333335,-0.027717058733333327,0.10008687977333332,-0.9502497113,0.03744757491999998,-0.03693652612666667,-0.9052767975333332,0.10966366736666666,0.07919615617666666,-0.9832469537666665,0.05203964290666668,-0.03386035779333332,-0.9408120671333332,0.08011266522999999,0.03253717368,-0.980540525133333,-0.006665857318233333,-0.09194815115999999,-0.9423621191333335,0.024743250013333332,Donner_g_ch2_g20_compr.mp4,ch2g20
883.3333333333327,-0.061383757486666676,0.4713047917666668,-0.10758729268999999,-0.040134479060000006,0.4893640891666668,-0.12069039343333335,-0.03800716927333334,0.4911093998000001,-0.10981644166666667,-0.039841965216666664,0.49120998639999996,-0.11215753206666665,-0.05097435327666666,0.49886733166666675,-0.11328507773333335,-0.04933411826,0.4974919916333334,-0.12469324986666667,-0.04666032288666667,0.4852022981000001,-0.10521901075666669,0.05997478952666666,0.4738939190333334,-0.09264451427333334,-0.032677021593333334,0.4305107202,-0.0023984500178109995,-0.007198657145466665,0.45572135373333333,-0.08476507088666665,-0.03383194012,0.42045394593333335,-0.08677101115,0.18145953066666667,0.2964410359333333,-0.012690242027999999,-0.05648274773333332,0.3577950839666666,0.1613957538333333,0.1932142441666666,0.1381979211666667,-0.09725437051333333,-0.07371692719333332,0.08638462346666669,0.05727189803999999,0.13345820373333334,0.2585990165333334,-0.1498424525,-0.09741917194666667,0.1815589430333334,-0.13207857883333335,0.11066038803999999,0.30839122580000006,-0.15455385846666667,-0.07172174663666665,0.21627200360000004,-0.1858344972,0.11608641287666668,0.3364174400666667,-0.15147017033333332,-0.05735557289666667,0.27622450139999993,-0.18545890443333332,0.1397745454,0.2651346817333334,-0.14890134116666665,-0.09169531893,0.20978746613333338,-0.145317316,0.08010458549666669,-0.16016096028299995,-0.010679206213333332,-0.07761006586000002,-0.14674260721533328,0.012984006203333334,0.07509561177,-0.5746518642666666,-0.07236964339333334,-0.04662308220999999,-0.493344532,-0.02699702400666666,0.10057345210666667,-0.9504302696666667,0.037162537809999986,-0.036829298239999995,-0.9054526888666665,0.1093945263,0.07968505036,-0.9834027622999998,0.05167018389000002,-0.03377705521333334,-0.9410493750999999,0.07973646638666665,0.032543485563333335,-0.980810363333333,-0.007185666817566666,-0.09223440743333333,-0.9425800973000001,0.024498829556666667,Donner_g_ch2_g20_compr.mp4,ch2g20
899.9999999999993,-0.06237229071666668,0.4713272766333334,-0.10711112012333332,-0.04110314407000001,0.4893936153333334,-0.12052261033333335,-0.03897441085000001,0.4911294488333335,-0.1096361565,-0.040809346616666665,0.4912333633333333,-0.11198476129999999,-0.05172794672333333,0.4988473939000001,-0.11290867040000002,-0.050087314839999994,0.4974824926333334,-0.12431275616666668,-0.04740265030666666,0.48518756780000005,-0.10482658099000003,0.059331515586666654,0.4740129554666667,-0.09354068748000001,-0.032384714329999995,0.4304536646333333,-0.002325905127144333,-0.008015291924799998,0.4557535362666667,-0.08458292033333333,-0.03437869365,0.4204416435333333,-0.08635898245333332,0.18136112390000003,0.29688649820000007,-0.013838301557999998,-0.05588597174999999,0.35808968389999996,0.16156612276666663,0.19240037503333327,0.13868270563333338,-0.09838991997333331,-0.07279232007666665,0.0865213769,0.057807968803333325,0.13168657016666666,0.2587652409666667,-0.14987990456666664,-0.09662964384666667,0.1811822804333334,-0.13141845043333333,0.10866969125999998,0.3085062776666667,-0.15442842496666667,-0.07100150968666666,0.21572797910000002,-0.18512477126666665,0.1141764115966667,0.33659918456666665,-0.1513702163333333,-0.05673125993666667,0.27564255543333327,-0.18492104750000002,0.13800398073333334,0.26529571560000004,-0.14891450336666667,-0.09094817519333334,0.20938346386666667,-0.144765869,0.07995796651333334,-0.1602204753113333,-0.011031954572333334,-0.07747780091666669,-0.14666644969333328,0.013327230423666667,0.07515051910666666,-0.5748635154,-0.07234404344666667,-0.04665001655333333,-0.49318093713333333,-0.026325964986666662,0.10100957312,-0.9505809244,0.036947260363333324,-0.03670528034666666,-0.9056436780666667,0.10912200716666667,0.08011277378666667,-0.9835254584666664,0.05138126765666669,-0.03367065844000001,-0.9413001278666664,0.07936199151333333,0.03254049303666667,-0.9810666811999997,-0.007589942833233333,-0.09250699164333333,-0.9428398384333335,0.024266535603333333,Donner_g_ch2_g20_compr.mp4,ch2g20
916.666666666666,-0.06339361630666668,0.4713352438000001,-0.10660314848999998,-0.04210613073666667,0.48941183446666675,-0.1203337714,-0.039974582316666674,0.49113800210000014,-0.10943542046666667,-0.04180952149666666,0.49124517100000004,-0.11179295403333332,-0.052509814749999995,0.4988144901666668,-0.11251106916666669,-0.05086720722,0.4974608303333334,-0.12391068883333334,-0.04817221481333333,0.48516143316666677,-0.10441278019000001,0.05861847068333332,0.47412920440000006,-0.09443128767666667,-0.03211530779,0.4303914830666667,-0.002251406469144333,-0.008873703008799997,0.4557768138666668,-0.08438156888999998,-0.03495667833666667,0.42041813663333333,-0.08592939588333333,0.1812431598666667,0.2973262304666668,-0.014955425811333332,-0.05535151945333333,0.3583767100666666,0.16173489183333328,0.19160299403333325,0.13902756520000006,-0.09949277430666664,-0.07194051729999998,0.08653975650000001,0.05833152271666666,0.12997925796666665,0.2588062926666667,-0.1499367703666666,-0.09594182312666667,0.18065995700000007,-0.130823156,0.1067713046833333,0.3084962154333334,-0.15437514686666667,-0.07040030123,0.21502702650000002,-0.18448338109999998,0.11231797951333336,0.3367033099,-0.15140066436666663,-0.056207835416666664,0.27495085446666667,-0.18445521783333338,0.13629276886666666,0.2653561040333334,-0.14898495653333335,-0.09029833581333334,0.2088486453,-0.144466892,0.07981319676666665,-0.16027879736199996,-0.011378920816333333,-0.07734755497666668,-0.14659330673833332,0.013665226057333333,0.07520108569999999,-0.5750462036333334,-0.07232876528666667,-0.046680576226666666,-0.49301824653333337,-0.025669090569999994,0.10140670719333332,-0.9506648934666667,0.036645598896666666,-0.03658081578999999,-0.9058338288333333,0.10879476423333334,0.08049552079000001,-0.9835785920333332,0.05099246728666668,-0.033564514736666676,-0.941550773333333,0.07892548037333334,0.03245204384,-0.9812704972999998,-0.008100772086233334,-0.09278910588999999,-0.9431043936666668,0.02400228282,Donner_g_ch2_g20_compr.mp4,ch2g20
933.3333333333326,-0.06441951394333334,0.47141670943333336,-0.10613186398999999,-0.043110790430000004,0.4894946313000001,-0.12017937103333333,-0.040976484800000004,0.4912123830666668,-0.1092697891,-0.0428114888,0.49132416503333337,-0.11163612279999999,-0.053302831203333324,0.49885441990000007,-0.11215312440000003,-0.051658801356666666,0.49751302216666665,-0.12354908483333335,-0.04895466361333333,0.4852087354333334,-0.10403898159000004,0.05787393018999999,0.47427310990000004,-0.09524176382,-0.03200081012333333,0.43039624746666666,-0.002255207794477666,-0.009747920096799997,0.45586586776666677,-0.08421855738999998,-0.03555861273000001,0.42047360273333334,-0.08555018542,0.18108488820000002,0.29776524946666677,-0.015916528108,-0.05497036041666666,0.35868388659999995,0.1617884958,0.19083264373333325,0.13931024516666674,-0.10045554279999998,-0.07119152756666666,0.08648606860000002,0.058711359773333326,0.1283771338,0.2588142201,-0.15032932356666662,-0.09531411048333335,0.18014797296666674,-0.13057715123333333,0.10501320756999999,0.30845764030000006,-0.1547255302666667,-0.06988910174333332,0.21435911673333335,-0.1842410147,0.1105867602466667,0.3367939526666667,-0.15189058919999998,-0.05579437339333333,0.27433102773333334,-0.18444340816666668,0.13468877036666665,0.2653879100666667,-0.14943255066666666,-0.08972308965333332,0.20832737586666666,-0.141197532,0.07967058147999999,-0.16033472453199993,-0.011697575551333335,-0.07721950319000001,-0.14652450955366664,0.013976937038333333,0.07525085557666666,-0.5751889857666667,-0.07228852718333334,-0.046750306833333324,-0.4928660242333333,-0.02502079748666666,0.10176907362999998,-0.9506959117333332,0.03642193396,-0.03648361787333333,-0.9060131931,0.10847728283333335,0.08084557440000002,-0.9835825497666666,0.05069204728666668,-0.03348524378666666,-0.9417870481333329,0.07850554304000003,0.03236660989666666,-0.9814362200666665,-0.008513357743233333,-0.09306275007,-0.9433600022000002,0.023721509553333336,Donner_g_ch2_g20_compr.mp4,ch2g20
949.9999999999992,-0.06533669382666668,0.4715187625333333,-0.10566811128999998,-0.044013996750000006,0.4895969625666668,-0.12001112746666666,-0.041870371993333336,0.4913073352333335,-0.10909046183333333,-0.04370724013,0.49142397500000007,-0.11146811243333334,-0.054039328546666654,0.4989179644000001,-0.11179449343333336,-0.052394214886666665,0.4975870571,-0.12318649886666667,-0.049685301196666656,0.4852795358333334,-0.10366528532333337,0.057128633709999994,0.47441593256666664,-0.09579758784999999,-0.03197072741,0.43041659649999997,-0.0022442848164776663,-0.010565804912466665,0.4559710481000001,-0.08404760679666666,-0.03616122357333334,0.42054759196666663,-0.08517672606333333,0.18088294370000002,0.2981556141666668,-0.016580347846666666,-0.05475651894333332,0.3589532697999999,0.1618535374,0.19014443209999993,0.1394625499333334,-0.10108928297666664,-0.07067665594,0.08636881086666669,0.05906569224999999,0.1269642972,0.25866375613333337,-0.15066375726666661,-0.09485522798000001,0.1795276376000001,-0.13034751243333334,0.10346511648666666,0.30823505570000004,-0.15505599180000001,-0.06951042300333332,0.2135784916,-0.1840190380333333,0.10901654765333334,0.33667166083333333,-0.1523448183,-0.05549579870333333,0.2735954279333334,-0.1844349661666667,0.13326056733333333,0.26525015876666663,-0.14983108273333334,-0.08930196916666666,0.2077006231,-0.137062714,0.07953045393999998,-0.16038158817933326,-0.011980176040666668,-0.07709363829666667,-0.14646843250066663,0.014255288928333333,0.07530498851333332,-0.5752979480333333,-0.07229889259666668,-0.046835062279999985,-0.49273345853333333,-0.02446727882999999,0.10210389079999999,-0.9506790873333333,0.03606998144666667,-0.036393068359999996,-0.9061995708666666,0.10806098933333336,0.08117026822000001,-0.9835334971333333,0.05026362313333335,-0.033413669533333336,-0.9420283177999996,0.07798006302666668,0.03244544386999999,-0.9815110894666664,-0.0090450557929,-0.09335231780666667,-0.9435980971333334,0.023291513946666665,Donner_g_ch2_g20_compr.mp4,ch2g20
966.6666666666658,-0.06613400268333335,0.4716211573333333,-0.10523388572333331,-0.04479288255666667,0.48970194820000007,-0.11980969456666664,-0.042633936553333335,0.49140778590000017,-0.1088779837,-0.04447326064666667,0.49152752220000007,-0.11126977226666665,-0.05471198832333332,0.4989949914666667,-0.1114328797666667,-0.053067820886666665,0.4976697108666667,-0.12281927713333333,-0.05035754771333333,0.4853623107666667,-0.10329107595666671,0.05645331293666665,0.47455502,-0.09611203587666665,-0.032058091426666664,0.4304481611333333,-0.0021862368891443326,-0.011291450814666664,0.4560774340333334,-0.08384388456,-0.03675805972000001,0.42062736483333335,-0.08481111738000001,0.18063858003333336,0.29842328470000007,-0.016919340877,-0.05465752428333332,0.3591609622,0.16194991563333333,0.18957718513333327,0.13942597753333338,-0.10122416928333332,-0.07034671492666665,0.08622869573333335,0.05946423167999999,0.12593412403333334,0.25838205663333336,-0.15063839699999992,-0.09455199754666667,0.1789029958333334,-0.129971649,0.10235445198999997,0.30787247366666676,-0.15506740956666668,-0.06926571364999999,0.21280134273333334,-0.18364506306666664,0.10784481868333333,0.3363821869,-0.15248195366666667,-0.05530191758333333,0.27284164373333336,-0.18423726600000004,0.13221077903333334,0.2649772628666667,-0.14987186823333334,-0.08902360059,0.20706988110000002,-0.136354476,0.07939198589333331,-0.16042005919033325,-0.01223860278,-0.07696869454333333,-0.14642358019166662,0.014511968229,0.07536146788666667,-0.5753380838,-0.07234129037666667,-0.04695912065666666,-0.4926063665333333,-0.02402219660666666,0.10231672359,-0.9506444550333333,0.03567095281333333,-0.03633873239333334,-0.9063764794333332,0.1076131073666667,0.08137054777333334,-0.9834754660666667,0.049795704816666675,-0.03337450654666667,-0.942254650533333,0.07742121881666668,0.032553303443333334,-0.9815779261333332,-0.009569503301233333,-0.09366773515666667,-0.9438348209666669,0.022828550266666664,Donner_g_ch2_g20_compr.mp4,ch2g20
983.3333333333323,-0.06676590579666668,0.47166644296666665,-0.10489732535666664,-0.045400151443333335,0.4897593454666667,-0.1196425907333333,-0.043224814533333336,0.4914599896333335,-0.10869965329999999,-0.04506665816333334,0.49158276976666676,-0.11110695696666664,-0.05525147803333333,0.4990261687,-0.11114267223333336,-0.05360975501,0.49770280533333333,-0.12252358646666667,-0.05090052466666666,0.4853994206,-0.10299057515666671,0.055930821726666656,0.47467368293333334,-0.09633812746999998,-0.03224460026999999,0.4304664557999999,-0.002128263843810999,-0.01186815835533333,0.4561487529666667,-0.08366735547,-0.03726526333333334,0.4206669423333334,-0.08451293074000002,0.18039855710000002,0.2986080809333334,-0.017113618669999997,-0.05460703840333332,0.3593139863999999,0.16204961186666667,0.1891330262333333,0.13929386780000003,-0.10123293712666666,-0.07010198049000001,0.08603460560000004,0.05985852112333332,0.12508276803333335,0.2580258612666667,-0.15050718829999993,-0.09436399381333334,0.17829686526666674,-0.1295712831,0.10144119335999999,0.30745715446666677,-0.15496664643333335,-0.06914949800333334,0.21207967353333335,-0.18324307096666664,0.10688499714666666,0.33603235233333334,-0.15248914046666665,-0.05525127722999999,0.2721496348,-0.18397989363333334,0.13134865896666664,0.2646320784666667,-0.14979237550000005,-0.08886867049,0.20646473503333335,-0.132943749,0.07925636396666665,-0.16045244146233326,-0.012463521125666666,-0.07684541515333333,-0.14638657281633327,0.014736099512333333,0.07544371609,-0.5753235432666666,-0.07237947683666666,-0.04709196313999999,-0.49247644433333326,-0.023658239159999993,0.10240285900666667,-0.9505815105333333,0.03523255407,-0.036295325436666664,-0.9065213624333331,0.10704966016666669,0.08142824482333334,-0.9833926076666668,0.049285556856666676,-0.03334230526,-0.9424406547666664,0.07674134588666667,0.032670144426666665,-0.9815481992999998,-0.010127358436566668,-0.09393197119666666,-0.9439986443333335,0.022188040553333333,Donner_g_ch2_g20_compr.mp4,ch2g20
999.9999999999992,-0.06745835058666669,0.47168986160000004,-0.10452993748999999,-0.046077526193333336,0.48980247340000005,-0.11942556403333329,-0.04388472649,0.4914989671000001,-0.10847562029999999,-0.04572936123,0.4916235612000001,-0.11089783556666666,-0.05583379442666666,0.49904177913333336,-0.11082256350000003,-0.05419318824666666,0.49772364113333334,-0.12219740279999998,-0.05148112395,0.4854251824666667,-0.1026618644566667,0.05531604675333333,0.4747867092333333,-0.09655753043,-0.032429667749999995,0.4304864293,-0.0020536100894776666,-0.012511497115999998,0.4562020951333333,-0.08345866123333333,-0.03780901066666667,0.4206916186333334,-0.08419785686333335,0.18012766440000003,0.2988107496333334,-0.017278217360666665,-0.054643584246666654,0.3594749407999999,0.16214948253333333,0.18876652966666663,0.13915742283333335,-0.10134561349999999,-0.07000964321000001,0.08584117810000004,0.06025565644333332,0.12434103790000002,0.2575731332,-0.15063719399999997,-0.09437609431333333,0.17769870706666674,-0.12918501866666665,0.10064325876999998,0.3069193119333334,-0.15514404326666667,-0.06919253156333333,0.21137847356666667,-0.18287244183333332,0.10602030237666665,0.3355784441,-0.1527746055,-0.055370279393333326,0.2715041588666667,-0.18377373506666667,0.1305790875,0.2641847694666667,-0.1499654832666667,-0.08891243967,0.20587080256666665,-0.130861416,0.07912922626333331,-0.16048261112933326,-0.012636773713999998,-0.07672951268,-0.1463525290646666,0.014909542509,0.07551646033000001,-0.5753146939999999,-0.07240407468,-0.04727036492999999,-0.4923507868333333,-0.023424521833333326,0.10234014796666666,-0.9505096551333333,0.03480136612333333,-0.03634476165333333,-0.9066622896999997,0.10642136711333336,0.08133436428,-0.9832997973000001,0.04877900454666668,-0.03341201215,-0.9426205395999996,0.07599893651000002,0.032887849516666665,-0.9815090132333332,-0.010679798808900002,-0.09414441234,-0.9441560919666668,0.021418981316666665,Donner_g_ch2_g20_compr.mp4,ch2g20
1016.6666666666656,-0.06817498766333335,0.4717141306333334,-0.10420585785666667,-0.046799314226666666,0.48984873453333344,-0.1192515403333333,-0.04458721379666666,0.49154348380000007,-0.10829505869999999,-0.04643499404666667,0.49166751566666683,-0.11073491966666667,-0.05646694563333333,0.4990612738,-0.11057177273333335,-0.05482687552333333,0.49774635049999993,-0.12194085099999999,-0.052113838926666656,0.4854521516,-0.10240367302333336,0.05461336685,0.47490945310000005,-0.09680795624333333,-0.03273964319666667,0.4305258380666666,-0.002074969631144333,-0.013183130456999998,0.4562741373,-0.08328037852333332,-0.03839218127,0.4207328233,-0.08394188422000003,0.17979956813333337,0.2990432186666667,-0.017464682294999995,-0.05482588380999999,0.3596380886333333,0.1621624688666667,0.1884235819333333,0.13903619790000002,-0.10149123261666666,-0.07009317713333334,0.08566999653333338,0.060534774686666654,0.12358340650000002,0.25705682783333333,-0.1507918263333333,-0.09461457720000001,0.1771395877000001,-0.12889581593333332,0.09979710501,0.30628183030000006,-0.1553562735333333,-0.06947321033,0.21073572986666667,-0.18260948156666662,0.10507873104666665,0.3350311264333333,-0.15310208779999998,-0.05572886403999999,0.27091957040000003,-0.18366431236666667,0.12977498693333334,0.2636671061,-0.1501765562333334,-0.08919584931333334,0.20532338856666665,-0.131073579,0.07900375501,-0.16050739553233323,-0.012787326525333332,-0.07661472251666666,-0.14632435509766661,0.015060867649999999,0.07556113947333334,-0.5752926909666666,-0.07243987844666666,-0.04744900625666666,-0.4922308364666666,-0.023213732426666658,0.10216004345666667,-0.9504412588,0.03431547626333334,-0.036436070503333334,-0.9068074985333331,0.1057032501,0.08112891079333333,-0.9832109864000002,0.048203050080000004,-0.033523719449999996,-0.942804086133333,0.07515246040333334,0.03311162565666666,-0.9814409446999999,-0.011293901505900001,-0.09439009348333331,-0.9442953503000001,0.020533915949666665,Donner_g_ch2_g20_compr.mp4,ch2g20
1033.3333333333323,-0.0687757960266667,0.4716444914000001,-0.10430228625666665,-0.04742254411666666,0.4898125187333334,-0.11930041959999997,-0.04518631001333333,0.49150667793333336,-0.10833404483333332,-0.047038109980000006,0.49162798233333344,-0.11079547176666665,-0.05707879078666666,0.4990059984333333,-0.11065508490000002,-0.05544044002333333,0.49768713796666664,-0.12202009686666666,-0.05273052944333333,0.4854024175,-0.10248614922333334,0.05397404382999999,0.47499026506666675,-0.09691494980666666,-0.03337530227,0.43054536456666664,-0.0021523794094776665,-0.013765369317999997,0.45627197166666666,-0.08329731319666667,-0.038971671036666676,0.42070457466666666,-0.08399939053333336,0.17945399033333337,0.29923080543333336,-0.017350126746666663,-0.05523837570333333,0.3597200955,0.1621475885666667,0.1881738956,0.1388646438,-0.10130510767333334,-0.07045901802666665,0.08547930043333339,0.060721998463333315,0.12288398896666669,0.25636526493333334,-0.15077659286666661,-0.09502934455666666,0.17662860803333344,-0.1286167311,0.09897181139000001,0.3054238641666668,-0.15541403339999998,-0.06989814202666667,0.21016668630000002,-0.1823557833333333,0.10409614128999999,0.33419273643333336,-0.15327166216666666,-0.05620743705999999,0.27041815226666666,-0.18354270993333335,0.12899806669999997,0.2629406198666667,-0.15021481250000004,-0.08964753034666667,0.2048367464333333,-0.131197289,0.07888743456,-0.16052274489233326,-0.012887431658666666,-0.07650718108333333,-0.14630683760299995,0.015163796953333333,0.07561646947333335,-0.5752510243333333,-0.07247521629999999,-0.04773942815,-0.4921212612666666,-0.023128513306666657,0.10198060416999999,-0.9503528054999999,0.03383394434666667,-0.036651912956666664,-0.9069414778666666,0.10491887905666666,0.08092824777333332,-0.9831081942000002,0.04765672657333334,-0.033746950143333336,-0.9429679018666665,0.07425880697000001,0.03347636628333333,-0.9813682389333334,-0.011828384721900002,-0.09470057382666666,-0.9444325204666667,0.01953410864866666,Donner_g_ch2_g20_compr.mp4,ch2g20
1049.999999999999,-0.06937138376666668,0.4715859258666667,-0.10439855892333334,-0.04804022183666666,0.48978428996666673,-0.1193541626333333,-0.045781081419999994,0.49147637693333335,-0.10837877043333333,-0.047637099530000004,0.49159483223333345,-0.11085960859999998,-0.057685673109999995,0.49896511360000007,-0.11073607420000002,-0.05604973447666667,0.49764319246666666,-0.12209620603333333,-0.053341471963333324,0.4853669368333334,-0.10256551829,0.053328248489999994,0.47506897103333334,-0.09703255498666666,-0.034007836820000005,0.43058126246666667,-0.002256771217144333,-0.014353585888666663,0.456271305,-0.08332548135666668,-0.03956324775666667,0.4206866773666667,-0.08405922292000001,0.17909998143333336,0.2994167153000001,-0.01727056823633333,-0.05568135469,0.3598203438666667,0.16210200543333336,0.18806248506666667,0.1386979157,-0.10116207877000002,-0.07084273534333334,0.08533632826666672,0.060914681033333314,0.12219289050000003,0.2555827046,-0.1507801627,-0.09548208654666666,0.1762082999333334,-0.12828292373333333,0.09813908360333334,0.30445233530000004,-0.15548977849999998,-0.07037659322333334,0.20972326850000003,-0.18205027326666662,0.1030926017133333,0.3332893366333334,-0.1534553562333333,-0.05673800162999999,0.2700739513333333,-0.18334541459999998,0.1282240862333333,0.2621351902333333,-0.15027332043333338,-0.09013769113666667,0.20445265409999996,-0.132116854,0.07877301996666668,-0.1605368004746666,-0.012987618375666666,-0.07640120757333332,-0.14629081512333328,0.015266564580000001,0.07555503968333332,-0.5751825254999999,-0.07254096071999999,-0.04802640874666666,-0.4920252669666666,-0.02303174168999999,0.10177582645333333,-0.9502643223999999,0.03331866219333334,-0.03689767231666667,-0.9070934696999999,0.10416811187,0.08071019262333332,-0.9830065881666669,0.047066221123333335,-0.03401235398,-0.9431496602666664,0.07340642640000002,0.03365542116999999,-0.9812705171000001,-0.012459985339900002,-0.09510509268333332,-0.9445538079666667,0.01856648973133333,Donner_g_ch2_g20_compr.mp4,ch2g20
1066.6666666666658,-0.06972585606333333,0.4715043986000001,-0.10492889722333333,-0.04843081566666666,0.4897410766000001,-0.11966887539999996,-0.046145579153333324,0.4914293906,-0.1086824027,-0.04800735054333334,0.4915449888333334,-0.11117933683333331,-0.058177874606666666,0.4989125085000001,-0.11118599490000002,-0.05654646170333333,0.4975849925,-0.1225397689,-0.05384734515333332,0.48531735766666667,-0.10301728125666666,0.05281896368,0.4751491273666667,-0.09696597163333331,-0.03489535904333333,0.4306305257333334,-0.0024451467764776665,-0.014761804581999997,0.45625898670000004,-0.08357795197666668,-0.040105084093333326,0.4206607573000001,-0.08446458641,0.17874628350000002,0.29961257616666664,-0.016905513481333335,-0.056310585776666665,0.35991299730000004,0.16202249283333336,0.18825194836666667,0.13848747156666666,-0.10067138651333335,-0.07137136396999999,0.08519602640000006,0.06101041813999998,0.12152330063333336,0.25430027190000004,-0.150615261,-0.09602394442333334,0.17585987996666674,-0.1279102114,0.09728760393333336,0.30287074590000007,-0.1554120466,-0.07094497243666667,0.20938315146666672,-0.18166926546666662,0.10203132437666662,0.3317305291333334,-0.1534892658,-0.05735512750999999,0.2698500723,-0.1829811592,0.12744465416666667,0.2607983385,-0.15016566203333337,-0.09072194976333334,0.20415948766666664,-0.135457531,0.07866335338333333,-0.16054375436533327,-0.013067549929,-0.07629870902,-0.1462835717113333,0.015350769946666665,0.07543706296999998,-0.5750906498999999,-0.07263317904,-0.04832666701999999,-0.4919719188333333,-0.022967308073333324,0.10150590955333333,-0.9501640892333334,0.032944052836666675,-0.03731804761,-0.9072454893666665,0.10346793708999998,0.08044455731999998,-0.9829001601,0.04666155898333333,-0.03447437342333333,-0.9433274475999998,0.07263516266333335,0.03372995950999999,-0.9811732025666668,-0.012818039432333336,-0.09573637516666667,-0.9446531013666667,0.017637532227,Donner_g_ch2_g20_compr.mp4,ch2g20
1083.3333333333326,-0.06979817487333333,0.4713730160666668,-0.10563834672333335,-0.04855453206333333,0.4896573559000001,-0.12015544299999997,-0.04623976703333332,0.49134234,-0.10915596333333333,-0.048107156036666675,0.49145333476666675,-0.11166993869999998,-0.05847845276,0.4988242499,-0.11180593113333334,-0.056854056689999995,0.49748800169999996,-0.12315261889999998,-0.05416871886999999,0.48522961309999996,-0.10364102398999998,0.05245861560333333,0.4752021715333334,-0.09652272423666666,-0.03590280494333333,0.4306778399000001,-0.0027289131617776663,-0.014950381694999999,0.4562050465,-0.08399397029666668,-0.04053833150333333,0.4205973932333334,-0.08503578542000001,0.17840370930000002,0.29980160533333333,-0.016063464042333334,-0.057114014293333334,0.3599339383666667,0.16185205833333335,0.18894756090000003,0.1381856863,-0.09963302119666669,-0.07210324170333333,0.08509712093333341,0.06100233376333331,0.12091356050000003,0.2523469353,-0.1501262332,-0.09660678621666666,0.17556880166666675,-0.12750858836666668,0.09642345150000002,0.3004657074,-0.1550397937333333,-0.07152958075333332,0.2090868716666667,-0.18124092713333328,0.10086634885333329,0.3293259108666667,-0.15320034023333334,-0.05796190341666666,0.2696662655,-0.18251517903333334,0.12666534703333332,0.25875611946666666,-0.14972269126666668,-0.09133502773666667,0.20392108596666664,-0.135530114,0.07857059638666666,-0.1605405340846666,-0.013074144555666667,-0.07620966017666667,-0.14628804594033332,0.015365007850000001,0.07532331222333331,-0.5750024832333333,-0.07277450134333333,-0.048680454736666656,-0.4919709144999999,-0.023112885403333328,0.10123996878333333,-0.9500654395666668,0.03270444465000001,-0.03780794377333334,-0.9074224307333332,0.10275830356999997,0.08019478330999999,-0.9827968791666667,0.04642024535666666,-0.034996305593333325,-0.9435282298333331,0.07189645311666668,0.03388528474666666,-0.9811582259000001,-0.01292920940566667,-0.0964214439,-0.9448231454666667,0.016698649810666665,Donner_g_ch2_g20_compr.mp4,ch2g20
1099.999999999999,-0.06978778827,0.4712396129333335,-0.10632349442333333,-0.04859606371,0.48957177356666676,-0.12062473096666664,-0.04625327903666665,0.4912534655,-0.10961417153333335,-0.04812478460666667,0.49135972366666675,-0.11215015319999999,-0.05867974124666667,0.4987351077333334,-0.11241807780000002,-0.05706271802333333,0.49738978913333326,-0.12375855176666664,-0.05439093715333332,0.4851404584666666,-0.10425597505666666,0.052111840746666666,0.47525316130000006,-0.09602502694333331,-0.03689089001666667,0.4307272620666667,-0.003039280743951,-0.015089601241666665,0.4561509413666667,-0.08439413054666668,-0.04090947801666667,0.4205337096666667,-0.08560071402333333,0.17807218626666668,0.30003968016666666,-0.015186269562333333,-0.05801757327333333,0.35992808916666674,0.1616387983666667,0.1901896059666667,0.13788986246666668,-0.09839305285666669,-0.07306135034333333,0.08499505593333341,0.060937490493333316,0.1203644663666667,0.24958491070000002,-0.1494618694,-0.09721316638,0.17529374013333338,-0.12700622476666665,0.09553830762333336,0.29696590843333337,-0.15450567599999998,-0.07209237972999999,0.2088133002333334,-0.1806965544333333,0.09948606918333329,0.32585269060000005,-0.15275795753333335,-0.05855322654666666,0.2695122838666667,-0.18192741366666668,0.12590292613333331,0.25585654323333334,-0.14911336393333338,-0.09196449425,0.20370710193333333,-0.136793762,0.07849224881333332,-0.1605232849816666,-0.013042703757666668,-0.07613340621666667,-0.14630780655666661,0.01534344053,0.07521376534333332,-0.5749374079,-0.07293799837666667,-0.04906731197666666,-0.49203370699999993,-0.023306899143333327,0.10094245518666667,-0.9500003075666669,0.03266220903333335,-0.038325523189999995,-0.9076677296666665,0.10208691211666664,0.07990954974999999,-0.9827363884000001,0.04639323439333333,-0.03554033606,-0.9438000985666665,0.07120942328333335,0.03404778849333333,-0.9812337887000001,-0.012854299560666669,-0.09710579886000001,-0.9450549241,0.015823450347666666,Donner_g_ch2_g20_compr.mp4,ch2g20
1116.666666666666,-0.06962862375333334,0.4710993274333335,-0.10686368709,-0.04849540276666666,0.48948379990000007,-0.12085248229999998,-0.04612211292999999,0.49116245913333334,-0.10983619860000002,-0.04799602926,0.49126356150000006,-0.11239821506666667,-0.058753906933333336,0.49864163373333337,-0.11287323326666668,-0.057148806006666664,0.4972870863666666,-0.12419818546666665,-0.05448510478999999,0.48504752489999997,-0.10471833078999998,0.05182665586666667,0.47530726840000004,-0.09499093068999998,-0.03793593254,0.4307842123,-0.0031334051896176668,-0.015120125059666667,0.4560969614,-0.08458015316666669,-0.04119595284,0.42046646173333335,-0.08603581277999998,0.17773075,0.3003094965,-0.013816420995666667,-0.05905472911,0.35989871200000007,0.16169569400000003,0.1915348837666667,0.1375868930666667,-0.09634865402333335,-0.07421341946666667,0.08490381663333339,0.06132735314333331,0.11983490193333338,0.24636547113333337,-0.14793816433333334,-0.09788005045666666,0.17510026743333337,-0.1259135564,0.09457477122000002,0.2929114763333334,-0.15312212629999997,-0.07266482720666664,0.20865884870000004,-0.17961268219999996,0.09791900719666662,0.32181293513333337,-0.15150185743333336,-0.059163678319999996,0.2695525209666667,-0.18083155403333334,0.1250955405,0.25247458263333333,-0.1476556908666667,-0.09265021315000001,0.20361592073333334,-0.13786298,0.07842118542333332,-0.1604950885853333,-0.012993269729666669,-0.07606311148000001,-0.1463406542106666,0.015305922263333334,0.07507654005333332,-0.5748616384666667,-0.07313395386,-0.049517458176666654,-0.49212009303333326,-0.02351377457333333,0.10058396827,-0.9499443706000001,0.032609570433333346,-0.038948839506666666,-0.9079164930999998,0.10140550636333331,0.07955996354333332,-0.9826928750333334,0.046360402169999995,-0.03619966947666666,-0.9440746911999998,0.07051081760666668,0.03418810366333332,-0.9813363365000001,-0.012780662895333335,-0.09783782038333334,-0.9452900465333333,0.014963798757333332,Donner_g_ch2_g20_compr.mp4,ch2g20
1133.3333333333328,-0.06910071882666667,0.4709686025333335,-0.10755397792333334,-0.04806348974,0.4894064450000001,-0.12114345133333333,-0.045656660943333316,0.4910842697666667,-0.11012265753333335,-0.04753007665333334,0.4911785067666667,-0.11271716076666667,-0.058548982189999994,0.49855985813333337,-0.11348641703333334,-0.05695952636666666,0.4971931752666666,-0.12479195776666666,-0.05430572510999999,0.4849624412666666,-0.10534091345666664,0.05167729345666666,0.47536605049999997,-0.09384710935999999,-0.03901834171333334,0.43084574380000007,-0.003334312741951,-0.014865325013333333,0.4560616973,-0.08482259332,-0.04126992332333333,0.4204111228,-0.08663899761666666,0.17738341089999998,0.30058907506666666,-0.012272498212333333,-0.060190249376666664,0.3598255592333334,0.1617447675,0.19308016260000002,0.1372144822666667,-0.09406571888666669,-0.07549209233,0.08483861810000005,0.06173838845999998,0.1193976129666667,0.2424712602666667,-0.14634684893333333,-0.09855773737666665,0.17510291090000002,-0.12462231292333333,0.09363537917666669,0.28800683066666677,-0.1516790462,-0.07321855034333331,0.2087212060666667,-0.1782886728,0.0963169145633333,0.3168155734333334,-0.1501964086666667,-0.05975793675333333,0.2698426287000001,-0.17952050963333335,0.12433631069999997,0.24835081939999995,-0.14613902833333337,-0.09334848156000002,0.2037547797,-0.138732046,0.07835582321999997,-0.16045316756766664,-0.012908608115000003,-0.07599639252333334,-0.14639145391466662,0.015234100466666666,0.07494138205333334,-0.5747928964333334,-0.07336324310666667,-0.04996916589333332,-0.49229129799999993,-0.02373597752333333,0.10023012430999999,-0.9499359603666667,0.03258153563666667,-0.03956815781,-0.9082171766666665,0.10083451520999999,0.07922220686666667,-0.9827142830333333,0.04636109631666666,-0.03685351939,-0.9443934389666665,0.06994129497666667,0.03456858618999999,-0.9814714884333333,-0.012620452254666669,-0.09851416744333334,-0.9455458517999998,0.014261612503000001,Donner_g_ch2_g20_compr.mp4,ch2g20
1149.9999999999995,-0.06857607365333335,0.4709026003333335,-0.10829871685666666,-0.04760117364,0.4893901273000001,-0.12148274629999999,-0.04516411243333332,0.49106957123333334,-0.11046079693333334,-0.047035012210000005,0.4911546609333334,-0.11308633653333333,-0.058319306993333334,0.49855502273333335,-0.11414006766666668,-0.05674545094666666,0.4971768574999999,-0.12542472836666665,-0.05409754471333332,0.4849566715333333,-0.10600868415666664,0.05160568269666667,0.47543066483333335,-0.09275546842333332,-0.04011648481333334,0.4309506420000001,-0.0035550894712843336,-0.014595861131866667,0.45607060816666667,-0.08512876449666666,-0.04132597019333333,0.4204104115,-0.08729530088666665,0.1770446707333333,0.30088466210000003,-0.010757567065666667,-0.06138265010333334,0.3597336642666668,0.1617827426,0.19511223893333335,0.1368521823666667,-0.09160507468000001,-0.07692562053666666,0.08496232556666672,0.06215040668333331,0.11923934476666669,0.23801053906666675,-0.14448862720666664,-0.09928050081999999,0.17536095530000004,-0.12343070852999997,0.09283591391000001,0.28227876866666674,-0.14999248163333334,-0.0737676159133333,0.20904554870000006,-0.17707684083333333,0.09472659733999997,0.31104307716666674,-0.14867404720000002,-0.06034212994999999,0.27040667243333344,-0.17829612790000002,0.12370700483333331,0.24362312299999997,-0.14436060629333333,-0.09407882695666668,0.2041480869,-0.138419166,0.07830989312333331,-0.16040200608366664,-0.012780533814333337,-0.07594661996333335,-0.14645113404299998,0.015120478678333334,0.07479367479,-0.5747207003,-0.07358147905666668,-0.050503006449999985,-0.4924562240333333,-0.02402844404,0.09985909981333332,-0.9498980339333335,0.03271259731000001,-0.04022380865333334,-0.9084595251666664,0.10026557594666666,0.07887812125333332,-0.9827134744,0.046558125056666656,-0.03752777698333334,-0.9446410545333332,0.06936559345666665,0.03501712305999999,-0.9815896189,-0.012180677522000003,-0.09905114496,-0.9457935806333333,0.013564654539,Donner_g_ch2_g20_compr.mp4,ch2g20
1166.6666666666663,-0.06798259703333333,0.4709975445666668,-0.10866003698999999,-0.047029692623333334,0.4895144129333335,-0.121366857,-0.044561293283333324,0.49119652903333333,-0.11036057073333334,-0.04642835949000001,0.4912698727333334,-0.11302044063333334,-0.057960199809999995,0.4987048291,-0.11434705750000002,-0.05640535417,0.49731672773333324,-0.1256025444,-0.05375314783333332,0.48510784876666657,-0.10623608358999999,0.05169200599333334,0.4754903589,-0.09127495810999998,-0.04108845632666667,0.43109934170000014,-0.0033523843422843336,-0.014251496313533332,0.4561834656,-0.08508716715999999,-0.04128843417,0.4205261498,-0.08760375293666665,0.17675301726666662,0.30118039750000003,-0.008918983629,-0.06256749445333333,0.3596167008666668,0.1619948015,0.1974887292666667,0.13654571216666672,-0.08868375961666666,-0.07833121455333332,0.08519173540000004,0.06293137228999998,0.11925788330000002,0.23321188436666676,-0.14192161708666665,-0.09999490894666666,0.17587980180000004,-0.12157760706999998,0.092136402,0.2760901237000001,-0.14755381693333333,-0.07428316926666664,0.20971791890000002,-0.17518674576666668,0.09316548910999997,0.3047374461666667,-0.14638719653666665,-0.060901080826666655,0.27137210970000003,-0.17645626713333334,0.12316408549999996,0.23850752256666666,-0.14187365142333333,-0.09480158865,0.20482931136666666,-0.138986185,0.07829084547333331,-0.160347673462,-0.012590837685666668,-0.07592197344333335,-0.14651500824299998,0.014944580870333336,0.07464697906666667,-0.5746361262666666,-0.07385944432666668,-0.0510722431,-0.49262106366666664,-0.02451198038666667,0.09951705782999999,-0.9498042202000001,0.032911012046666674,-0.04088769685666667,-0.9086854406666663,0.09930916602999998,0.07858211018333333,-0.982655191,0.04682216431999999,-0.03820279045666667,-0.9448701867333332,0.06838284833999998,0.03589773462666666,-0.9816195027,-0.011648941046333338,-0.09936840632666667,-0.9460155841,0.012389418925666666,Donner_g_ch2_g20_compr.mp4,ch2g20
1183.333333333333,-0.06736661146666667,0.47124190773333346,-0.10894153258999997,-0.04642668882333333,0.4897824331666668,-0.121210027,-0.043927969843333324,0.4914694765666667,-0.11022176790000002,-0.045791174350000005,0.49152949070000007,-0.11291394026666667,-0.05754757684666666,0.49901583223333335,-0.1144804177,-0.05601162997666666,0.4976211683999999,-0.1257050696,-0.05334977712333332,0.4854222255333333,-0.10639157795666665,0.051846025450000006,0.47560166660000003,-0.08987554896,-0.04187453815333334,0.43137150986666684,-0.003146645616284334,-0.013884891845533332,0.4564261638,-0.08501707035999997,-0.04119726837,0.42078733139999996,-0.08784371121333333,0.17650837546666662,0.30153427623333334,-0.007156226239,-0.06374003131333335,0.35954988803333343,0.16217132013333332,0.20009076160000003,0.13633724193333338,-0.08569222536999999,-0.07976324147333332,0.08581179060000005,0.06376394126666665,0.11958910233333335,0.22819058246666674,-0.13913255978333333,-0.10070335907666665,0.17689529110000005,-0.11973693467666664,0.09173390153,0.26953365946666674,-0.14488924020333335,-0.07476659373333333,0.21089755046666672,-0.1733543048,0.09172857883999998,0.2980513497666667,-0.14391578926666668,-0.06143092830666666,0.2728357633333334,-0.1746752858,0.12286695933333329,0.2331310038,-0.1391770319933333,-0.09551742304333334,0.20599884883333336,-0.139124975,0.07829274787999999,-0.16028895587866665,-0.012357394590333335,-0.07591645405333333,-0.14658358464433333,0.014726262870333339,0.07450532987000001,-0.5745391097666664,-0.07413683595333334,-0.05167733666333332,-0.4927873735333333,-0.02504388696,0.09927333218666666,-0.9496253506333334,0.03337074863333334,-0.04153377929333334,-0.9089039181999998,0.09832223677666664,0.07840611927666666,-0.9825059052000001,0.047371972959999994,-0.03884464208,-0.9450909683,0.06737346677999999,0.037012040603333324,-0.9815680519666666,-0.010713320321500002,-0.09951782722333333,-0.9462331947,0.011209066718999999,Donner_g_ch2_g20_compr.mp4,ch2g20
1199.9999999999998,-0.06672895153666668,0.4715653404333334,-0.10928692188999999,-0.04578617513666666,0.49012983883333344,-0.12113116113333333,-0.04325787585999999,0.4918232003333334,-0.11016510373333334,-0.04511689090666667,0.4918662827666668,-0.11289404996666667,-0.05708053409999999,0.4994148912666667,-0.11468865643333334,-0.05556342688999999,0.4980127530333333,-0.12588041953333332,-0.05289008238333332,0.48582210713333324,-0.10662435395666665,0.05204983484,0.4757436181333334,-0.08861746030999998,-0.04254552552,0.4316967048333335,-0.003077368187614334,-0.013489462959533334,0.45674337970000006,-0.08504137222666665,-0.04104983173666666,0.421124644,-0.08815920579999999,0.17634100859999996,0.30194953286666665,-0.005428628512333334,-0.06490574704333334,0.3594902277666668,0.16218355199999998,0.20299273443333338,0.13625814856666674,-0.08274313472666664,-0.08136168480999999,0.08671018956666672,0.06440277739333332,0.12024492726666669,0.2230681195333334,-0.13629335584666666,-0.10148809594666665,0.17830207396666675,-0.11788761316333332,0.09163162589666665,0.26281690543333336,-0.14214230710333337,-0.07522438373333333,0.21248724310000003,-0.17145985463333333,0.09048896117333333,0.2912018621333333,-0.14135334162666668,-0.06193256298333333,0.2746734858000001,-0.172807234,0.12285428986666663,0.22763642313333332,-0.13642632732666665,-0.09628875780666667,0.20755554630000003,-0.139696628,0.07831624403,-0.16022734384566664,-0.012090101225333336,-0.07593057389666667,-0.14665520955899997,0.014473059981333337,0.07437742848333334,-0.5744488255999999,-0.07441307864666666,-0.05236912011666666,-0.49295286883333334,-0.025609438493333334,0.09915762938666667,-0.9494060095333334,0.034014353626666674,-0.04215471788333334,-0.9091000075333332,0.09729601666999999,0.078390067,-0.9823102152000001,0.048128629459999996,-0.03944060607666666,-0.9452851006333332,0.06631775502333333,0.038576572006666664,-0.9814462180666665,-0.009443133231500003,-0.09959798056666666,-0.9463727748666666,0.009995290585666665,Donner_g_ch2_g20_compr.mp4,ch2g20
1216.6666666666663,-0.06575436244666667,0.4718459432333334,-0.10958370532333332,-0.04484535368999999,0.4904366756000001,-0.12099597059999999,-0.042290445693333324,0.49213754730000003,-0.11005375950000001,-0.04414208087666667,0.49216302446666677,-0.11282192810000001,-0.05633407458666665,0.4997675739333334,-0.11485937976666669,-0.05483575029,0.4983575857666666,-0.1260219043,-0.052150966796666656,0.48617495469999994,-0.10682514762333332,0.05241574257333334,0.47587397546666665,-0.08726418465666666,-0.04311318873,0.4319805141000002,-0.003016522930114334,-0.012776503832866668,0.45703520006666676,-0.08501421311999997,-0.04059415335999999,0.42142642033333333,-0.08844712454666664,0.17639317009999997,0.30235203606666666,-0.003597336712333334,-0.06606365804,0.35939276026666683,0.16217242383333333,0.20609205673333333,0.13617174766666673,-0.07948888789866662,-0.08320710022999998,0.08768922963333338,0.06494841196999998,0.12119442680000003,0.21765502836666675,-0.13328180607666668,-0.10233063269666665,0.17995517800000008,-0.11620014457999998,0.09180975712999999,0.25574844626666676,-0.13925826013333334,-0.07562519125333333,0.21432453343333338,-0.16973846156666667,0.08947273797666665,0.2840572907666667,-0.13866552383000003,-0.0623289068,0.2767376751000001,-0.1710767259,0.12310866709999997,0.22186124366666668,-0.1335109181333333,-0.09707405918,0.20935032263333336,-0.138126,0.07838056737666667,-0.16016334532166662,-0.01176815857866667,-0.07598243192666668,-0.14672900538699998,0.014165710672333336,0.07430123611666667,-0.5743605908666666,-0.07469845872999999,-0.05311034174999999,-0.4931250030666666,-0.026296887980000003,0.09919085105333335,-0.9490641828333334,0.03472762869000001,-0.04273329383666667,-0.9092798446999998,0.09616422925666666,0.07854287606999999,-0.9819727834,0.048966316366666665,-0.03996751858666666,-0.9454588620666665,0.06515744611666666,0.04042622433666666,-0.9812188799999999,-0.008044230038166669,-0.09954742961999999,-0.9464824036999998,0.008665494385666666,Donner_g_ch2_g20_compr.mp4,ch2g20
1233.3333333333333,-0.06460549434333335,0.4721186086666667,-0.10958202648999998,-0.0437296728,0.4907365525333334,-0.12056364543333332,-0.04114921257166666,0.49244735040000004,-0.10965735136000002,-0.04299225009666667,0.49245617203333336,-0.11246009836333333,-0.05540940072333332,0.5001018030000001,-0.11472576156666668,-0.05392964687666667,0.4986879922,-0.12586198156666667,-0.051231845279999993,0.4865124918333333,-0.10672853695333333,0.05296502371333334,0.47600003930000007,-0.08569993873666666,-0.04348084545333333,0.43225278810000023,-0.0026831864627810003,-0.011865659239533331,0.45731723333333346,-0.08472468479999996,-0.03993339526666666,0.4217077661666667,-0.08845050090333331,0.17663465586666663,0.30274019043333333,-0.0016300028356666665,-0.06715540800333335,0.3592902621333335,0.16243011756666667,0.20940500110000002,0.13603869520000006,-0.07612927042499995,-0.08539098833999997,0.08887532383333337,0.06601949003666664,0.12243211180000002,0.21204822556666675,-0.13030416340999998,-0.10327760023666664,0.18191220016666673,-0.11392805177999998,0.09230317902333332,0.24850571253333345,-0.13643556422666667,-0.07601103620666666,0.21649808733333337,-0.16745581253333333,0.08874935365999997,0.27675992490000006,-0.13600248962000006,-0.06267128916666667,0.27916044100000004,-0.16879791936666663,0.12364333666666663,0.2159083142,-0.13061040412666663,-0.09791951579666668,0.21144895846666667,-0.137327224,0.07847440108999999,-0.1600986793966666,-0.011423733077333334,-0.07606251151333335,-0.14680359181466662,0.013836505279000004,0.07427214259333334,-0.5743056731333334,-0.0750081965,-0.05390778496666666,-0.4933136199666666,-0.02699739963666667,0.09933473218666668,-0.9486326094333334,0.03546677993000001,-0.043258658486666664,-0.9094440296666665,0.09505397678333333,0.07880803925333334,-0.9815351283333332,0.04983199187666666,-0.040422656796666664,-0.9456105200999999,0.06401855471333333,0.04230754728333333,-0.9809387222999999,-0.006667650024833334,-0.09937841220666667,-0.9465903198666664,0.007356678085666667,Donner_g_ch2_g20_compr.mp4,ch2g20
1250.0,-0.06338493576000001,0.4723623122000001,-0.10973628648999997,-0.04255595482333333,0.4910124485333334,-0.12021678293333332,-0.03995027995166666,0.49273426693333333,-0.10934203535000002,-0.041783169753333335,0.4927257996333333,-0.11217810034,-0.05446373391999999,0.5003989202333334,-0.11470936606666668,-0.05300083645333333,0.4989800072666666,-0.12582343846666666,-0.05029365059999999,0.4868119435666666,-0.10675206414666667,0.05363700349666666,0.4761139815333334,-0.08408318991666665,-0.043874617889999995,0.43245915910000027,-0.0023799496051143338,-0.010856474249533333,0.45757167363333345,-0.08449108550333331,-0.03922826536666666,0.4219456344,-0.08856117629666665,0.17702773856666665,0.30301449696666666,0.000519717901000002,-0.06828303177000002,0.35909518210000013,0.1626533404333333,0.21281017223333337,0.13584823950000005,-0.07266295079199994,-0.08825672823666665,0.09026321500000004,0.06694160343666664,0.12379828650000002,0.20625635530000008,-0.12730062825000002,-0.10442678648333331,0.18409442156666672,-0.1116152057833333,0.09292162290333332,0.24103171973333345,-0.13358702571333336,-0.07645511912333333,0.21886561960000003,-0.16507603599999998,0.08812006074999998,0.2692091349666667,-0.13325619914333334,-0.06301927896333333,0.2817306866666668,-0.16633926676666663,0.12429003116666665,0.2097616959666667,-0.12765814010999998,-0.09888984837666669,0.2137457807666667,-0.137803733,0.07860706236333333,-0.1600337163456666,-0.011029014155,-0.07617846167000002,-0.1468776373453333,0.013453623526666672,0.07424520700333334,-0.5742540237333333,-0.07528324685333335,-0.05475383167333333,-0.49350913613333325,-0.027786108040000004,0.09956804292,-0.9481482839333334,0.03624007836000001,-0.043715537153333324,-0.9095614408666665,0.09394735223666666,0.07918105753666667,-0.9810344910666666,0.05072989499333333,-0.04077046976666666,-0.9456956116999999,0.06288678121999998,0.04430229445666667,-0.9805282429333331,-0.005277805994833333,-0.09895459065,-0.9466660733999999,0.005993202339,Donner_g_ch2_g20_compr.mp4,ch2g20
1266.6666666666667,-0.06218515659666668,0.47265360803333334,-0.11000475946666664,-0.04140602299333333,0.49133964823333337,-0.12005192793333333,-0.03877575502833333,0.49307107093333336,-0.10921075315000002,-0.04059882890666667,0.49304924423333335,-0.11209053407333333,-0.05353771715,0.5007534007666667,-0.11481004553333335,-0.05209080956333333,0.4993285275333333,-0.1259081861,-0.04937542335333333,0.4871646282333333,-0.10689691287333335,0.05439433844,0.4762383148333334,-0.08298116522999999,-0.04410387660333333,0.4326636229000002,-0.002178216152114334,-0.009868407669533332,0.45785707903333345,-0.08447127217333332,-0.03853468466999999,0.4222128857333333,-0.08877971225666666,0.17751026846666665,0.30326711933333333,0.002347998551000002,-0.06915348757333335,0.3589395444333335,0.16272153856666663,0.21611172716666668,0.13563105906666673,-0.06924333722999995,-0.09143082445999998,0.09240146823333338,0.06784334770333332,0.12521280980000002,0.20033208026666674,-0.12440363488666668,-0.1057537351433333,0.18684936930000007,-0.10895808124666663,0.09363027468999999,0.23340486683333347,-0.13084279483000005,-0.07699766394333334,0.2217053557666667,-0.16227882355999998,0.08759650720666665,0.26144256830000007,-0.13060039698333334,-0.06336862613333334,0.28467738533333337,-0.16344247806666665,0.12500678796666667,0.20345218916666669,-0.12480556115,-0.09998183227666668,0.216558819,-0.141654149,0.07874196878666666,-0.1599681681786666,-0.010636164022666667,-0.07629605840666669,-0.1469513297796666,0.013071478855333338,0.07422781188333333,-0.5741962638333333,-0.07552008491666667,-0.05567744463666666,-0.49370150116666656,-0.028563350680000002,0.09984774592,-0.9476408159333333,0.03703374717333334,-0.04412269275666666,-0.9096645382999998,0.09286310253666666,0.07959705946333334,-0.9805050031333332,0.05164170735333332,-0.04105653132999999,-0.9457614489999998,0.061787554843333314,0.046267348086666674,-0.9800940340666664,-0.0038771398681666665,-0.09856824277999998,-0.9467328862333331,0.004667532762333334,Donner_g_ch2_g20_compr.mp4,ch2g20
1283.3333333333337,-0.06100567890000001,0.4729984288333333,-0.11028499789999999,-0.04027657805666666,0.49172627456666673,-0.1199588846,-0.03762194591833333,0.4934663351666667,-0.10915602365000002,-0.03943569058000001,0.49343946790000004,-0.11207914140666667,-0.05262596818333333,0.5011520207333334,-0.11492270180000001,-0.05119432646333334,0.49972013403333326,-0.12600735383333334,-0.04847093367333333,0.4875546223999999,-0.10705836596000003,0.05523538506,0.4764164790666667,-0.08215560836333334,-0.044219745176666665,0.43285576443333346,-0.0019642853764476674,-0.008884542482866667,0.45818700266666673,-0.08454238945333334,-0.03783476644999999,0.42249958606666665,-0.08899893192999998,0.1781352092333333,0.3035256604333334,0.003890128601,-0.06968497014666668,0.3588292500333335,0.16281470353333327,0.2194923243,0.13540400706666672,-0.06623804941999996,-0.09478999123666665,0.09554289923333338,0.06899263627999999,0.1267539072666667,0.1943769295333334,-0.12163177404,-0.10723796230999999,0.1906981137333334,-0.10532499101666663,0.09449832743666665,0.22578691740000012,-0.12820338889333335,-0.07763713697333333,0.2255923753,-0.15842302987666665,0.08723850879333332,0.2536664798,-0.12799688819,-0.06367835335333334,0.28853614433333336,-0.15944232642333334,0.12585714856666666,0.1971088214666667,-0.12204313196666666,-0.10116400074333336,0.22040253280000002,-0.141541,0.07887592526,-0.15989880681233326,-0.010273992665999999,-0.07641145573333334,-0.14702676900366662,0.01271356251066667,0.07421902690333333,-0.5741583354333333,-0.07573862236333335,-0.05663157555,-0.49388119926666657,-0.029334304723333333,0.10039555932000001,-0.9471535797666667,0.03769148598000001,-0.04451358100999999,-0.9098044840333332,0.09167116808999998,0.08032431906666666,-0.9799883023999999,0.05239187141999999,-0.04131954675999999,-0.9458649222999999,0.06058271164333332,0.048225895213333335,-0.9796512748666663,-0.0026344420415000003,-0.09820261497666664,-0.9468768493333332,0.0033146400090000006,Donner_g_ch2_g20_compr.mp4,ch2g20
1300.0000000000002,-0.05992150331666668,0.4737080082333333,-0.11065796749999998,-0.039232112019999994,0.4924484166333334,-0.11997697906666666,-0.036541219551666664,0.4942062209,-0.1092260258166667,-0.038338603453333335,0.49418956853333335,-0.11219787834,-0.051713959749999996,0.5019036134333333,-0.11509050206666668,-0.050294940120000006,0.5004433787999999,-0.12614186563333335,-0.04757287284999999,0.48824456803333327,-0.10725837729333336,0.05607736027333334,0.47669141146666666,-0.08172832650666666,-0.044240379309999994,0.43317707720000015,-0.0017353295281000007,-0.007910584332866667,0.4587618815000001,-0.08476774865666668,-0.03713232931333333,0.4230567106666667,-0.08925939006999999,0.17877853953333334,0.3037850389666667,0.005019039702333333,-0.07006400465333334,0.35893902590000015,0.16292534863333327,0.22286007913333333,0.1352321728333334,-0.06373187702333333,-0.09847561105333333,0.10066013530000004,0.07216517717666666,0.12824490873333336,0.1886144056333334,-0.11851446080666667,-0.10917610468666666,0.1969463951333334,-0.09544458634999999,0.09534867559333332,0.21841874670000014,-0.12500730838333332,-0.07857855820333332,0.23202984283333333,-0.14775549271,0.0868847381,0.24616992913333338,-0.12487028632999998,-0.06417145240000001,0.29485741460000003,-0.14859597432333332,0.12668034336666667,0.1909751975666667,-0.11894843175333333,-0.10279691990000002,0.22672241526666667,-0.141701937,0.07900099616999998,-0.15982489295499994,-0.010029477989999999,-0.07651582371666667,-0.1471054980473333,0.012437364925333337,0.07447603145333333,-0.5741198566666667,-0.07595435889333334,-0.057704663426666664,-0.4940861945333332,-0.030084184673333337,0.10117603818666668,-0.9467792109333333,0.03798951591,-0.044809195463333326,-0.9101672021333334,0.08993816017333331,0.08129021753333333,-0.9795753415333333,0.05265612119333333,-0.04149062897666666,-0.9462151571999999,0.05882577030333332,0.050694976259999996,-0.9792998081333331,-0.0018475570151666669,-0.09782258346333332,-0.9472644404666665,0.0015831397323333345,Donner_g_ch2_g20_compr.mp4,ch2g20
1316.666666666667,-0.05889555824333335,0.47462834616666666,-0.11109922463333331,-0.03823570272666666,0.4933557861,-0.12006844836666665,-0.03550196203166667,0.49513911056666665,-0.10938183035000001,-0.037278230056666674,0.49513670420000006,-0.11239800244,-0.050813793703333325,0.5028495967666667,-0.1152961897666667,-0.04940731023333334,0.5013558941,-0.1263017079,-0.04668573643999999,0.48910203449999995,-0.1074856361266667,0.056943810270000006,0.47699837536666667,-0.08153459527333333,-0.044135594966666664,0.4335681015666668,-0.001505521724666667,-0.006940957452866665,0.45946084926666675,-0.08510351776333334,-0.036439092586666666,0.4237706836333335,-0.08955764127999999,0.17946655246666665,0.3040038287666667,0.005858816172333333,-0.07034230408000001,0.3592971405333334,0.16305613909999994,0.2263300728,0.13511229893333337,-0.06179779421666667,-0.10257530743,0.10742743360000002,0.07611848181666667,0.12970745473333337,0.1829238523333334,-0.11540008534,-0.11126301455,0.2048235264333334,-0.08384151951666664,0.09620008571999998,0.21111942233333345,-0.12176433788333332,-0.07956193525333333,0.2401211714,-0.13525284677666666,0.08652717405666667,0.2388100012333334,-0.12166921031333332,-0.06465748953666668,0.3026978791,-0.13586938129,0.12747586123333335,0.1849471588,-0.1158474456,-0.10455683496000003,0.23462751306666665,-0.137974501,0.07912502151333331,-0.15974820382633326,-0.009870935846666665,-0.07661812888,-0.14718161620566664,0.01221983789866667,0.07489036419999999,-0.5740874277666665,-0.07615002157,-0.05893243243666667,-0.4942970717999998,-0.030805129733333332,0.10214795922,-0.9464560842333333,0.038213451366666665,-0.04509149498333333,-0.9105542210666667,0.08817401304999999,0.08245968277333333,-0.9792149102666665,0.05284317398,-0.04165410365666666,-0.9465877061,0.05706547843666665,0.05341519970666667,-0.9790768907333331,-0.0011320898875000001,-0.09744579145999997,-0.9478178258999999,-0.0001379196743333322,Donner_g_ch2_g20_compr.mp4,ch2g20
1333.3333333333337,-0.05786424503000001,0.4758003231,-0.11150719159999999,-0.037186254983333326,0.4944749209333334,-0.1201037743,-0.034404671255000005,0.4962913975,-0.10949381031666668,-0.03615830838666667,0.4963035287,-0.11254620690666667,-0.049869888713333324,0.5040321072000001,-0.11541862020000003,-0.04847668441333334,0.5025099607666667,-0.12636402803333333,-0.04575914051333333,0.49018578403333335,-0.1076171257266667,0.05797068728666667,0.4773131543,-0.08118309502666667,-0.043892477493333325,0.43409206016666685,-0.0010600758423333341,-0.0059090908462,0.46029682626666674,-0.08542924224666668,-0.03571420567,0.42468900243333346,-0.08979918637333331,0.18018627259999997,0.30408871770000007,0.006762826993499999,-0.07056280364333334,0.3599442287000001,0.1633427996666666,0.22994025956666667,0.1350318336666667,-0.060349369316666665,-0.10693514754333333,0.11573683120000003,0.08040848414999999,0.1312111428,0.17725105130000007,-0.11247324248333333,-0.11338677372999999,0.2140794115333334,-0.07175747601666664,0.09713918494999998,0.2041025758000001,-0.11859599064666666,-0.08053125313999998,0.2495716885,-0.12225034684333334,0.08621523365666667,0.23150968990000004,-0.11847008262999999,-0.06509282833,0.31168159050000005,-0.12259030635666668,0.1282801534,0.17897245576666668,-0.11289410184333334,-0.10633180491333336,0.2438052654,-0.134103939,0.07925521916666665,-0.15967034350533324,-0.009775930793333332,-0.07672504818999999,-0.14725383350366664,0.012047908455333335,0.07530432367333333,-0.5740505186,-0.07641492870000001,-0.06034277097,-0.49450996369999983,-0.03155166686,0.10314462511999999,-0.9461353234666665,0.03817857339666666,-0.04538649761666666,-0.9109497674333334,0.08626681406666664,0.08366122674333333,-0.9788546140999999,0.052723366406666666,-0.04184654606999999,-0.9469658657666666,0.055204254299999984,0.05615836041666667,-0.9788566860999999,-0.0007862489774999998,-0.09729302152666665,-0.9484327888666664,-0.001879713674333332,Donner_g_ch2_g20_compr.mp4,ch2g20
1350.0000000000005,-0.05682654840333334,0.4772514737,-0.11190736403333333,-0.036110165576666665,0.49584396613333337,-0.12013600949999999,-0.033281802698333335,0.4977024341666666,-0.10960699455,-0.035013471729999995,0.49773325876666674,-0.11269170634,-0.04889104397666666,0.5054660300666667,-0.11551822206666669,-0.04750885567,0.5039191556333333,-0.12639954293333333,-0.04480214255333334,0.49151535306666666,-0.10772470539333336,0.05907495361,0.47771419026666667,-0.08098316688333335,-0.04344191067666666,0.4347468529666668,-0.0005667909060000006,-0.004859603026199999,0.46134737203333337,-0.08577838316000001,-0.03496936082333334,0.4258411661666668,-0.09003035304,0.18094877843333332,0.30409427683333334,0.007443882176833332,-0.07059689290333333,0.3609113359000001,0.16361633479999996,0.23351071886666663,0.13489675860000003,-0.05929991331,-0.11118359325999999,0.1252159381666667,0.08426071048999999,0.13277681573333336,0.1715878237666667,-0.11009243727666668,-0.11540218607,0.22442761036666675,-0.060726463283333317,0.09818720175333333,0.19725476803333344,-0.11598195096333333,-0.08141699306333332,0.2599291896,-0.11031388291000001,0.08605445857,0.2242219442333334,-0.11583330328999998,-0.06542215243666667,0.32144653300000003,-0.11037702855666663,0.12915614350000001,0.17303244213333338,-0.11049172719666667,-0.10799356677000002,0.25397623673333336,-0.128305167,0.0793858574,-0.15959052320799993,-0.009693833249999999,-0.07683198370333333,-0.1473273241703333,0.011885442615333334,0.07579957916333332,-0.5740101523666666,-0.07675169121666668,-0.061849560246666664,-0.49470701069999984,-0.03230349507666667,0.10426903198666665,-0.9457445375333332,0.03807253277666666,-0.04568941078333333,-0.9112683142333334,0.08438112848333329,0.08500562787333332,-0.9783815419666666,0.052541560566666666,-0.04204863859999999,-0.9472449029333333,0.053422281056666646,0.05906425381,-0.9785194807666664,-0.0005476270138333333,-0.09713676323,-0.9490411277999998,-0.003509286717666665,Donner_g_ch2_g20_compr.mp4,ch2g20
1366.6666666666672,-0.055775600303333346,0.4789582229,-0.11229818496666667,-0.034994950193333325,0.49743438493333336,-0.12016033713333331,-0.032121485224999996,0.49934384743333327,-0.10971273568333334,-0.03382992868666667,0.49939291830000004,-0.11282833680666665,-0.04780869244666666,0.5071407576666667,-0.11560919216666668,-0.04643597982666667,0.5055745594000001,-0.12642691886666668,-0.04375342292000001,0.4930775749,-0.10782358876,0.06029281421333334,0.4781801575,-0.08077153960000001,-0.042828836546666665,0.4355983947333335,-8.019730633333374e-05,-0.0037960521128666664,0.4625794417666667,-0.0861240903466667,-0.034194535456666675,0.42722247203333347,-0.09025303127333334,0.18172340086666663,0.30402873953333337,0.008090433037166665,-0.07050006751666667,0.36213874653333333,0.16390088589999996,0.23705002079999998,0.13473313590000002,-0.058488035206666664,-0.11543333006333333,0.1357341527666667,0.08846971931666665,0.13435333723333331,0.16602976913333337,-0.10817884605666667,-0.11765046220333332,0.23649391010000007,-0.04857688198333331,0.09928719030666666,0.1907191088000001,-0.11387534896999998,-0.08257723421999999,0.27220595039999995,-0.09718564797666668,0.08597398559333334,0.21708559833333338,-0.11374259834999997,-0.06589807305,0.33309471110000005,-0.09696798422333332,0.1300497055666667,0.1671437555666667,-0.10857684204666666,-0.10990891747000002,0.26591224216666665,-0.112180784,0.07951718307333333,-0.15950985063399994,-0.009670751943333333,-0.07693902346333333,-0.14740011440266665,0.011771719468666666,0.07628708058666667,-0.5739629107333333,-0.07717595075,-0.06344164650333334,-0.49490229239999983,-0.03298340464,0.10543454618666666,-0.9453550152333331,0.037885373259999994,-0.046015866043333326,-0.9115846837666667,0.0826645617633333,0.08639919687666665,-0.9779055055,0.052280087033333325,-0.04228757101999999,-0.9475219234666666,0.051856054276666654,0.06186585390333333,-0.9781867636666663,-0.00040671093883333314,-0.09707331880333334,-0.9496652023333331,-0.004832662381,Donner_g_ch2_g20_compr.mp4,ch2g20
1383.333333333334,-0.054814740770000016,0.4808821754,-0.11290840763333333,-0.03390428081,0.49921158483333333,-0.12047405449999998,-0.030987371011666664,0.5011710269333334,-0.11012540548333333,-0.03267065684,0.5012449578,-0.11324179007333333,-0.046727139716666664,0.5090145627666667,-0.11592438403333336,-0.045363398029999995,0.5074349535,-0.12667227393333333,-0.04270449814666668,0.4948301938333333,-0.10813914272666668,0.06152627807,0.4786910726,-0.08117169736666667,-0.042065665255666664,0.43662187203333347,0.00018266017833333266,-0.002797937182866666,0.4639546838333334,-0.08679451843666669,-0.03344712450333334,0.42880137126666684,-0.09069724954,0.1824923961333333,0.3039405127666667,0.007927074090499997,-0.07013985019999999,0.36368644473333334,0.1641467317333333,0.2405607776,0.13457772673333337,-0.05933949920666667,-0.11942625168666667,0.14786474900000005,0.09303611464333332,0.13584362943333333,0.16092915430000004,-0.10842474649,-0.12015416636666665,0.2509613432000001,-0.035454263749999985,0.10036478415666666,0.18482078216666675,-0.11399194456999998,-0.08411692922333332,0.2870829995333333,-0.08302018194333335,0.08588125989000002,0.21048824930000007,-0.11391532468333332,-0.06674019206000001,0.3472946355666667,-0.08255636045666666,0.1308399218666667,0.1616298560666667,-0.10883469621333332,-0.1121483017366667,0.2802730930666667,-0.106486134,0.0796326328,-0.1594228164726666,-0.009782539213333335,-0.07702380361999998,-0.14747426312399997,0.011772498055333334,0.07674011661666666,-0.5739125517666667,-0.07759891548999999,-0.06504571664666667,-0.4950879081999998,-0.03339262150666666,0.10666423495333331,-0.9449954084666665,0.03772668483333332,-0.04636880365,-0.9119463329666667,0.08137862036333329,0.08788491841,-0.9774546996666665,0.05203774348666666,-0.04256799641333333,-0.9478362386,0.05074742206999998,0.06468903770666666,-0.9778257402999997,-0.000252290127833333,-0.09708990739333334,-0.9503390904666664,-0.005629974683766667,Donner_g_ch2_g20_compr.mp4,ch2g20
1400.000000000001,-0.05385825248666668,0.48299515806666676,-0.11376617979999999,-0.03280857514333334,0.5011332405666666,-0.12111781493333332,-0.029851947294999997,0.5031449300999999,-0.11087170431666667,-0.03151109255666666,0.5032444015666667,-0.11396855967333333,-0.04559653075,0.5110430081666667,-0.11653856793333336,-0.04424148941666666,0.5094577285333334,-0.12722341820000002,-0.04160921648333334,0.4967393961666666,-0.10875646356,0.06279782420666667,0.47924592033333335,-0.08215069943333334,-0.04104390387200001,0.43777043370000013,-1.4906380000004872e-06,-0.0018034110228666662,0.4654678391333334,-0.08779532139666668,-0.03268989095333334,0.4305522179666669,-0.09144563503666667,0.18327555496666662,0.30382265650000007,0.007077946137166663,-0.06952538293666666,0.3655235830666667,0.1640692601,0.24404640556666668,0.13433519443333336,-0.060998022539999995,-0.12332333025666666,0.1608594834333334,0.09737149112999999,0.13732870873333333,0.15597937200000003,-0.10968999962333333,-0.12267891653333332,0.2666156525000001,-0.02319927061666667,0.10143739406999999,0.1790911764000001,-0.11513838180333331,-0.08579489930999999,0.30315651156666673,-0.06986394871000001,0.08583004162,0.2041467303333334,-0.11517116224999997,-0.06766207152333334,0.3626573473333334,-0.06919053542333332,0.1316283326,0.1562721743666667,-0.11012559674666665,-0.11441518634000003,0.29579579463333333,-0.10883604,0.07974016852,-0.15933475723799995,-0.009998016306666668,-0.07709739945999998,-0.1475471922473333,0.011872481618666665,0.07711219240333335,-0.5738508261999998,-0.07806790817999998,-0.06674423680666666,-0.49520084409999987,-0.033541742146666664,0.10811758861999998,-0.9445258668999997,0.03775514940333332,-0.04686288232,-0.9122513718333334,0.0806293569433333,0.08964700979,-0.9768681204333332,0.05204192264333333,-0.043009554076666665,-0.9480781500333333,0.05019352318333331,0.06751267909666668,-0.9772654685666665,0.00012311960683333349,-0.09741418474000002,-0.9509761806666663,-0.005939212893766667,Donner_g_ch2_g20_compr.mp4,ch2g20
1416.6666666666674,-0.05277286891666668,0.48507158123333344,-0.11460178873333332,-0.03154768060666666,0.5030100239666666,-0.12172510729999998,-0.02856134921833333,0.5050761146333332,-0.11157332871666666,-0.030197611573333328,0.5052015070666668,-0.11465895877333333,-0.04425436819666667,0.5130275090333334,-0.11713446860000003,-0.042912334026666665,0.5114391877000001,-0.12775888023333334,-0.04031247757666667,0.4986093190333333,-0.10935677722666667,0.06422240651,0.47979987199999996,-0.08293905653333333,-0.03990894199716667,0.43891325740000015,-0.00016705654733333367,-0.0007079483095333336,0.46695606776666676,-0.08873544857333333,-0.03181786221,0.43227769973333346,-0.09217026312333333,0.1841311170666666,0.3035161763666667,0.0064733874638333334,-0.06882359591,0.3674734218666667,0.16399992996666668,0.24757276190000002,0.1336117748666667,-0.06225020190666666,-0.12711221051666666,0.17437644893333337,0.10191651217333332,0.13889296583333335,0.1510404059666667,-0.11061953655666666,-0.12541472752,0.2832650576333334,-0.010884056950000004,0.10259453281333332,0.17337614596666673,-0.11595945963666665,-0.08779865498666667,0.3204310323666667,-0.05677364021000001,0.08594250786999999,0.19789839826666672,-0.11611703481666663,-0.06883660178666667,0.37918382586666666,-0.055880572856666644,0.132498513,0.1509274407666667,-0.11107706221333331,-0.11690983692000004,0.3123343322,-0.0890021846,0.07984993568666668,-0.15924830040599997,-0.010230699366666667,-0.0771714122833333,-0.1476092370006666,0.011991598958666668,0.07747559869333336,-0.5737870522333333,-0.07854673464333332,-0.06851125103666666,-0.4952284410666665,-0.03370888375333333,0.10960684915333331,-0.944113116233333,0.03778141269999999,-0.04742778136666667,-0.9124717777,0.07983735377666663,0.09142692047666666,-0.9763438777333331,0.0520430596,-0.04354146779,-0.9482132976,0.04958091533666665,0.07030385285666668,-0.9766451053999998,0.00047014124816666656,-0.09788694470333334,-0.9513699130666663,-0.006349637440433333,Donner_g_ch2_g20_compr.mp4,ch2g20
1433.3333333333342,-0.051514872406666676,0.4870655612333334,-0.11524369873333332,-0.030129133709333334,0.5048385251999999,-0.12214166579999998,-0.02712216183833333,0.5069481237,-0.11210789694999998,-0.02873441101633333,0.5070959513000001,-0.11514409614,-0.042723007526666676,0.5149603423666668,-0.11756031003333334,-0.04140073989999999,0.5133595857666666,-0.1281167356,-0.03883428098666667,0.5004365987333333,-0.10978863672666667,0.06574964141999999,0.48029958343333334,-0.08368139511666665,-0.03858751004783334,0.4400473709000001,-0.00022017958266666682,0.0005375813304666671,0.46843479483333345,-0.08948957771333332,-0.03079553762333333,0.4339544022333335,-0.09272072890000001,0.18507590283333328,0.3030447523333334,0.005831432927166667,-0.06795261968666666,0.3694932173666667,0.16420229866666666,0.2511094690666667,0.13249682826666667,-0.06329583599666667,-0.13077565999333332,0.18842553790000008,0.10700623200999998,0.14050992063333334,0.14610654210000001,-0.11138254455666666,-0.12852261999666667,0.30103383006666673,0.0014885296499999971,0.10378792062666665,0.16769044300000005,-0.11667982696999998,-0.09040416276666666,0.3389760674333334,-0.043773352610000024,0.08615087316999998,0.1917856399333334,-0.11703953791666662,-0.07064773883999999,0.39696573023333337,-0.04271674102333333,0.13341586053333335,0.1456042016,-0.11188282711333332,-0.1198451970466667,0.33004154,-0.0862884,0.07996261727333334,-0.15916409323799996,-0.010491745453333333,-0.07724694666666664,-0.1476634007966666,0.012143461722,0.07785675972000002,-0.5737021928999999,-0.07904197672333332,-0.07038626700333334,-0.4952252502333332,-0.033850896289999995,0.11110110803333331,-0.9436911125999999,0.03811049540666665,-0.04805004280666667,-0.9125109777,0.07938431002999997,0.09320506660666666,-0.975806094833333,0.052383871746666665,-0.04415018705333334,-0.9481413408999999,0.04933341325999998,0.07282510102666669,-0.9759116444333331,0.0009572163484999994,-0.09848950741666668,-0.9513804769999997,-0.0064247320304333345,Donner_g_ch2_g20_compr.mp4,ch2g20
1450.000000000001,-0.05019017432666668,0.48903548680000003,-0.11567843316666665,-0.028631111281,0.5066301235999999,-0.12240830866666665,-0.025612591352999994,0.5088000241333333,-0.1124907442833333,-0.027201214195333327,0.5089771196,-0.11546196797333333,-0.04109660020333333,0.5168680824,-0.11783781336666667,-0.03979436240666666,0.5152700576666667,-0.12833051013333335,-0.037262528266666664,0.5022344298,-0.11008058076,0.06732774442666667,0.4807531728,-0.08439460911666666,-0.03716295881283334,0.44117474506666676,-0.00023598029300000035,0.0018343343338000004,0.4698603869333334,-0.09007201245999998,-0.02969611582666666,0.4356228594333335,-0.09312087226333332,0.18604681529999995,0.3024795026333334,0.005246494147166668,-0.06687278146,0.3717147381,0.16451112820000002,0.25459696016666666,0.1312317455333334,-0.06431080698666666,-0.13377369588,0.20320877926666672,0.11188965174666665,0.1420983161,0.14151859576666667,-0.11230643492333332,-0.1314861358666667,0.3198667232666667,0.013294901449999992,0.10492510474333333,0.16257050333333337,-0.11758906553666666,-0.09295827495,0.35852424813333333,-0.031253048310000024,0.08636558872999997,0.1864351703666667,-0.11815894991666663,-0.07243334287666664,0.41566170953333337,-0.030043130556666655,0.1343136204666667,0.1407731478,-0.11284445618,-0.12264798276666669,0.34876506956666664,-0.0814466774,0.08006965032666667,-0.15908079850199996,-0.01079414251,-0.07731514406666665,-0.1477143020556666,0.012343678132,0.07811787301666667,-0.5735561416666666,-0.07955030947,-0.07227844800333333,-0.4951959038999999,-0.033890143899999996,0.11262815221333329,-0.9432024876333333,0.03847703378333332,-0.04877053977666667,-0.9123808070999999,0.07913476526333332,0.09500194846,-0.9751938438666664,0.052780536063333335,-0.0448732361,-0.9478834176999998,0.04927433984333332,0.07510057056333334,-0.9750193986666663,0.0014711125381666663,-0.09930701764666669,-0.9510821775999997,-0.006270586663766667,Donner_g_ch2_g20_compr.mp4,ch2g20
1466.6666666666677,-0.04858155703333334,0.49093838893333336,-0.11568136946666666,-0.026839669593666668,0.5083241253333334,-0.12212194783333331,-0.023822149662333328,0.5105786574666666,-0.11231488351666664,-0.02538892709507333,0.5107854907333333,-0.11521200844000001,-0.039258436822999995,0.5186935263000001,-0.11763647856666666,-0.037979898857666665,0.5171172791333333,-0.12807028346666668,-0.03548690759133333,0.5039601233666666,-0.10991173991,0.06911852153333334,0.4811361684,-0.08397656701666666,-0.03567752945183334,0.44227013936666676,0.0003078814469999999,0.0033881747104666663,0.4711574817666667,-0.09010058667666665,-0.02842844805899999,0.4372003758333335,-0.09308659089999999,0.18716398816666663,0.30169515220000004,0.00563110901971,-0.06575364862333333,0.37399383890000004,0.16525414183333337,0.2580672752,0.12979004230000005,-0.06470123678333334,-0.13665170343666666,0.2183612803333334,0.11669540784999997,0.14369769673333332,0.13738992306666667,-0.11320554715666666,-0.1345906467,0.3394225611666667,0.023252930216666662,0.10606673437333333,0.1580520967666667,-0.11834292720333331,-0.09587854640666665,0.37884214136666666,-0.021016223776666683,0.08662109769999997,0.1818045520666667,-0.11907346698333332,-0.07449861934666664,0.43502050343333337,-0.019611006923333323,0.1352309881,0.13650496946666668,-0.11378462458,-0.12559668364333337,0.3681668602333333,-0.0852698237,0.08020300106666665,-0.15899809974266663,-0.011063459393333332,-0.07740774981666665,-0.1477640442736666,0.012526229278666668,0.07839572131000001,-0.5734090314333332,-0.08004588061333334,-0.07411029531666667,-0.49519251339999987,-0.034144690503333325,0.11417610047333329,-0.9424946089666666,0.03956373635333332,-0.04962823906666667,-0.9121535167333333,0.07890188767666667,0.09681319256666668,-0.9743339713666664,0.054041592773333334,-0.04574673894333333,-0.9475120231333332,0.049229717323333325,0.07743409539666667,-0.9740286343666663,0.0028475317665,-0.10012793155666669,-0.9507256424666665,-0.006162825873766668,Donner_g_ch2_g20_compr.mp4,ch2g20
1483.3333333333344,-0.04690988659333334,0.49267899356666667,-0.11541237271333332,-0.024981415157266665,0.5098487525666667,-0.12150864209999998,-0.02197200497266666,0.5122055543333334,-0.11179885258333332,-0.02351655796474,0.5124424343,-0.11463284129333334,-0.037397317024666664,0.5203595059,-0.11713431935333331,-0.036141211640000004,0.5188156141666665,-0.12752089330000002,-0.03368642513566666,0.5055383411333333,-0.10945587191999999,0.07093437615666667,0.4814059728000001,-0.08298962933333333,-0.03423205300583334,0.4432561829666668,0.0011517162166666667,0.0049892138937999994,0.4722733919666667,-0.08982813185999998,-0.027139944398999992,0.4385988657000001,-0.09280794092333333,0.18829348376666663,0.3006061266666667,0.006454850922710001,-0.06470105928333332,0.37628448513333335,0.1660968427,0.26137533,0.12815804280000007,-0.06462592482333332,-0.13945676807000001,0.23395936040000007,0.12084905052333332,0.14525059593333334,0.13370931836666666,-0.11403490505666665,-0.13792198603333333,0.35952828470000003,0.03176272061666666,0.10711871487,0.15404536923333337,-0.11902484753666666,-0.09921285530333333,0.3996567409666666,-0.012313820643333357,0.08686003510333332,0.17775946993333333,-0.11989847474999998,-0.07688857410999997,0.4548411477333334,-0.01069058672999998,0.13611225516666667,0.13274834203333333,-0.11464809621333331,-0.12875800101,0.38807982633333327,-0.0642034486,0.08036536387333333,-0.1589160860643333,-0.011277484446666665,-0.07752646066333332,-0.1478119856553333,0.012670167295333335,0.07867180182666667,-0.5732381677666667,-0.08054961461666668,-0.07599583783000001,-0.4952194675999999,-0.03466358053666666,0.11573421356666663,-0.9416875064666665,0.040568356869999996,-0.050785046009999994,-0.9118277515333333,0.07873770520000001,0.09863166445333334,-0.9733693821333331,0.05520519961666667,-0.04691417836666666,-0.9470289155666665,0.04925995922999999,0.07983918233,-0.9729141685666663,0.004126418485166667,-0.10113016705666666,-0.9503161207999998,-0.005973030340433334,Donner_g_ch2_g20_compr.mp4,ch2g20
1500.0000000000011,-0.04519688468,0.49437967303333336,-0.11516315897333333,-0.023086746176496663,0.5113296458666667,-0.12090587519999997,-0.02008384047533333,0.5137941750666667,-0.11130188520333331,-0.02160544760507333,0.5140614097000001,-0.11408134858,-0.035498824028333334,0.5220093346666668,-0.11664877742999999,-0.034263335145000004,0.5204961671333334,-0.12699736186666669,-0.03184641550133334,0.5070990411333333,-0.10902931327999998,0.07282573521000002,0.4816465669333334,-0.08209830619333333,-0.03288496867883334,0.44424304713333346,0.001984285141,0.006647161420466667,0.47333892633333335,-0.08957651556999999,-0.025839092025333327,0.43996390146666675,-0.09255865591999998,0.1894463707333333,0.2994353841666667,0.007221957576043333,-0.06370420649333332,0.3786633641,0.16683917729999997,0.26413321706666665,0.1265799760333334,-0.06443998366333333,-0.14210243645666668,0.2496442089333334,0.12399364233666664,0.14659974556666666,0.1310179123666667,-0.11451219769,-0.14123036143333334,0.37992585840000004,0.03921363027666666,0.10801483446000001,0.15122947993333338,-0.11936269310333333,-0.10263466209666665,0.42080490306666657,-0.004627475990000002,0.08709720547333333,0.17488701780000002,-0.12037608975,-0.0793853565633333,0.4749640020666667,-0.002741006846666663,0.13688867073333333,0.13002434616666667,-0.11518093591333331,-0.13190304880000003,0.40829458663333323,-0.0597460568,0.08054721669666667,-0.15883129554666664,-0.011440787823333333,-0.07766373040666666,-0.14786146759999996,0.012773633415333333,0.07896515850666666,-0.5730047986666666,-0.08089658343666668,-0.07781217439666667,-0.4952354028999999,-0.035339505529999996,0.11726026657999997,-0.9405545135666666,0.04218224725,-0.05194996018,-0.9112722540999999,0.07866922492666667,0.10039705097666667,-0.9720411978999998,0.05705316114666667,-0.04808188066666667,-0.9463041012333332,0.04940583464333332,0.08218607710666666,-0.971439327133333,0.006193401084166667,-0.10211189182333334,-0.9497014002333332,-0.005727471187100001,Donner_g_ch2_g20_compr.mp4,ch2g20
1516.666666666668,-0.043486530950000005,0.49598616523333333,-0.11527221534,-0.021179137897896664,0.5127246190666667,-0.12068491779999996,-0.018183915848999997,0.5152927510666667,-0.11115655416999998,-0.019682727788606667,0.5155966112666667,-0.11388914668000001,-0.03356802447599999,0.5235757646,-0.11654975873,-0.03235413997866667,0.5220829838333333,-0.1268636959666667,-0.02996937850133333,0.5085658637333332,-0.10897725061333333,0.07477946743333334,0.48188714760000007,-0.08140036619333334,-0.031594071675500005,0.44521099460000013,0.0024351081623333335,0.008311532217133334,0.47435945319999995,-0.08964712000666665,-0.024504476537666662,0.441268518,-0.09266379677333332,0.19064156059999998,0.2982802650333333,0.007817814684709998,-0.06257101490999999,0.38115739133333343,0.16723817926666665,0.2662408954,0.12504059916666674,-0.06434057329666666,-0.14438105819333333,0.2656517138000001,0.12662449004333332,0.1479351416666667,0.12960391733333337,-0.11483218422333331,-0.1444221976333333,0.40072886290000004,0.04670136791999999,0.10901808668666668,0.14999149743333337,-0.11956792680333335,-0.10607484548666665,0.44239169276666657,0.0032120204599999885,0.08755601893666665,0.17346528210000003,-0.12070896778333333,-0.08192900490666663,0.49546700730000004,0.005381905190000005,0.13775946179999998,0.12857336050000004,-0.11554151471333331,-0.13495870230000004,0.42892149019999987,-0.0493013225,0.08072827375,-0.15874625090999997,-0.011615428003333332,-0.07780009707333334,-0.14791061031499997,0.012889989662000001,0.07928884202666667,-0.5726894821333333,-0.08118205739666667,-0.07960931752,-0.4950833683333333,-0.036481694563333326,0.11861534935666664,-0.9390878617999999,0.043952918333333334,-0.053034953216666667,-0.9105163062999999,0.07827233448666668,0.10194126279333335,-0.9703334353999997,0.059067897986666666,-0.04915434753666667,-0.9453935985666665,0.04923768435333333,0.08429344801333333,-0.9696445348666665,0.008740660077833334,-0.10303902619,-0.9489412780666664,-0.005645867400100001,Donner_g_ch2_g20_compr.mp4,ch2g20
1533.3333333333346,-0.04162877002666667,0.4976021584,-0.11547109940666667,-0.019243666164896665,0.5141253957666667,-0.12065171006666663,-0.01626550591433333,0.5167941722,-0.11119696886999998,-0.017739881833273335,0.5171353031666667,-0.11387062828000001,-0.031599664405666666,0.5251006994,-0.11663932859666666,-0.03039774485733333,0.5236254579666667,-0.12691428143333333,-0.028054340169333336,0.5099833436333333,-0.10910084627999998,0.07667494692000001,0.4821718253333334,-0.08089841064666667,-0.030251745398833334,0.4460977130333335,0.0024008823989999997,0.0100538946338,0.4754229888,-0.08986396667333332,-0.02304795151666667,0.4425646746333333,-0.09295295033333333,0.19183572923333334,0.2971599748666667,0.008134743151376665,-0.06135589395,0.38369767376666675,0.16724367876666665,0.2679799433333334,0.12380428233333339,-0.06458158368666665,-0.1464658861,0.28145977256666677,0.12906257307666663,0.14927639243333332,0.12919588580000005,-0.11528532109,-0.14756887659999995,0.4211543295666667,0.05423232192000001,0.11009609307333335,0.15000415546666668,-0.11988800127000002,-0.10952336185999999,0.46363938566666657,0.011132032340000004,0.08830555279333333,0.17333069283333336,-0.12117767188333332,-0.08452741897999996,0.5155872335333334,0.013571713266666657,0.13867926776666664,0.12817876980000004,-0.11602306807999999,-0.13799328703333336,0.44915318319999986,-0.019612262,0.08090844518000001,-0.15866855602266663,-0.011753345853333335,-0.07793581660333333,-0.14794986363699997,0.012970156142,0.07960132409333334,-0.5723815953333333,-0.08145177586666667,-0.08128458428666666,-0.4947681124333333,-0.03775584790666666,0.11987603677999997,-0.9376832723666666,0.04579797877,-0.05397294567333333,-0.9096804008333332,0.07761216908666667,0.10339645158000002,-0.968694599733333,0.06114588355666666,-0.05008773963666667,-0.9444172125666664,0.04879459050333333,0.08621378809999998,-0.9679205301333331,0.011268745652166666,-0.10384723785666665,-0.9480915721333331,-0.006113361204433335,Donner_g_ch2_g20_compr.mp4,ch2g20
1550.0000000000014,-0.03979788229333334,0.49923496009999996,-0.11567305384,-0.017324087061896674,0.5155382245333333,-0.1206181069333333,-0.014362785951,0.5183073930666667,-0.11123664620333332,-0.01581227448194,0.5186860258666667,-0.11385427054666669,-0.029637330487000003,0.5266369256666668,-0.11672082306333333,-0.028447246989999994,0.5251773274666667,-0.12695687093333335,-0.026146917371,0.5114106960666666,-0.10921651034666664,0.07856661357,0.48242750940000007,-0.08043475232333332,-0.028933629992166667,0.44695704113333345,0.0024303283040000003,0.011777112660466667,0.47649093703333334,-0.09008353950666667,-0.021602886139,0.4438671136333333,-0.09323026318666666,0.1928670296666667,0.29593732266666667,0.00832731084204333,-0.06013426534,0.3862045504333334,0.1673169587,0.26924584863333334,0.12293758310000007,-0.06531612872333332,-0.14845602855,0.2977315823000001,0.13211224038999997,0.15061295456666668,0.12976200476666674,-0.11595096042333333,-0.15073575679999995,0.44214407540000006,0.06336678538666668,0.11129192566000001,0.15124027633333337,-0.12040502537000002,-0.11297190605999999,0.4855467597999999,0.020799277140000013,0.08937894750333333,0.1742323879333334,-0.12182088448333334,-0.08713215037999995,0.5363373021333334,0.023491786099999995,0.13963197076666664,0.12873771933333336,-0.11670165181333332,-0.14105790803333337,0.46997863876666657,0.168436185,0.08108623540333333,-0.1585939298123333,-0.011905458953333333,-0.07806903472333335,-0.14798289954866664,0.013061759852000001,0.07991200933000002,-0.5720995592666666,-0.08169941278000001,-0.08291505455333333,-0.49438212866666664,-0.03896832515666666,0.12114353226666663,-0.9363184392333332,0.047723854139999994,-0.05497339190666666,-0.9086951578999998,0.07704395502666667,0.10486841536333336,-0.9671169561666664,0.06330869049333333,-0.051123223440000004,-0.9432823341666666,0.0484935606,0.08816858321333333,-0.9662558081666666,0.013878265342166667,-0.10474106908999999,-0.9471194819666665,-0.006469313654766669,Donner_g_ch2_g20_compr.mp4,ch2g20
1566.666666666668,-0.03807565941666668,0.5008963267666666,-0.11588275934,-0.01543251104589667,0.5169695843666666,-0.12055746863333329,-0.012502229018000001,0.5198399099333335,-0.11125215656999998,-0.013925896129606666,0.5202547227666666,-0.11380867324666669,-0.027671118851666673,0.5281964275666667,-0.11672404469666664,-0.026495298499666663,0.5267533080333333,-0.12691969600000003,-0.024234268045666668,0.5128602294,-0.10924226948,0.08049864747666667,0.48259642100000005,-0.08016277930666667,-0.0275035869755,0.4478165321666668,0.0025140311220000003,0.013407137520466668,0.4775570893,-0.09035914889666667,-0.020191191909000004,0.44518297923333333,-0.09349170851666666,0.19384123133333336,0.29458495586666666,0.008165253135376666,-0.05903365179,0.3886871256333334,0.16725694526666668,0.2700899939333333,0.12305114286666671,-0.06677394954333334,-0.15045146340333335,0.3137518460333334,0.1347854486033333,0.1519529879,0.13200050290000007,-0.11673030755666668,-0.15386569603333328,0.46259696423333335,0.07240175775333334,0.11271568466333334,0.1542849769666667,-0.12099201140333335,-0.11632629452333332,0.5068990537666666,0.030354518340000004,0.09074862624,0.1768330389000001,-0.12235304568333333,-0.08964779147333331,0.5564833503,0.0332912149,0.14068668836666665,0.1309221113666667,-0.11753002127999998,-0.144074101,0.4902158670666666,0.217746764,0.08131501864333333,-0.15853437143899998,-0.01205150011,-0.07825307168666668,-0.14799613661133332,0.013138605418666667,0.08019135941000002,-0.5718425261333333,-0.08192729623666667,-0.08465556033666664,-0.4939549123666666,-0.040410094133333324,0.12237961039999998,-0.9349950651,0.049578992703333324,-0.05592551637666666,-0.9075037504666665,0.07657703658000001,0.10629950896666669,-0.9655824305999997,0.06538037458666666,-0.052087084936666674,-0.9419057960999999,0.048350814553333336,0.09010716195,-0.9646366757999997,0.0163623433955,-0.10549690665666665,-0.9461399113999999,-0.006588744164400001,Donner_g_ch2_g20_compr.mp4,ch2g20
1583.3333333333348,-0.03669838085000001,0.5026568969666666,-0.11618519280666667,-0.013826310518230004,0.5184828739999999,-0.12059795359999997,-0.010923587304,0.5214548342,-0.11135611180333332,-0.012326179641273336,0.5218990758333333,-0.11386626051333334,-0.025942716307000006,0.5298668804000001,-0.11682111552999998,-0.024787237747333327,0.5284442838666668,-0.12698852086666668,-0.022563333078333334,0.5144306017333332,-0.10935933624666666,0.08226658853666668,0.4827995221333334,-0.08036539232333333,-0.0260683117855,0.4487507992000001,0.0025410986666666675,0.014738991634800002,0.47868186670000007,-0.09075993001666667,-0.019009285758333338,0.44659221979999997,-0.09384887891666667,0.19462620563333335,0.29342307160000003,0.007204757782043333,-0.05806914221666667,0.39122153700000006,0.1668697465333333,0.27037481176666667,0.1250982961666667,-0.06933406886,-0.1524682648,0.3294071584666667,0.13615450507999996,0.15369039873333332,0.13659975226666674,-0.11834460749,-0.15693971739999996,0.48248130023333335,0.07906141552,0.11485716713,0.1596226164666667,-0.12239115743666668,-0.11965295169999998,0.5275420873666665,0.03748372561,0.09285141849666669,0.1817040894333334,-0.12366549278333333,-0.0920156433633333,0.5759862631666667,0.04066482244333333,0.14229053039999998,0.13541486733333336,-0.11914989371333333,-0.14697170606666668,0.5098713381333333,0.232888639,0.08155237750333334,-0.1584836673743333,-0.012255900336666667,-0.07845133710000002,-0.14799975157066664,0.013274525148666665,0.08038544380666669,-0.5715917354333333,-0.08208899941333334,-0.08662080433666665,-0.4935025876,-0.04157997933333332,0.12321210376999997,-0.9335256874333333,0.05147916332333333,-0.05704584652333333,-0.9062142089333332,0.07664390653333335,0.10727205958333336,-0.9638621888666664,0.06751289231,-0.05319384906333334,-0.9404277109,0.04872702106666667,0.09169066054,-0.9628938617999997,0.018905862648166665,-0.10652830962333333,-0.9450599209333332,-0.005983976144733334,Donner_g_ch2_g20_compr.mp4,ch2g20
1600.0000000000016,-0.03528808345,0.5044441819666667,-0.11656882767333333,-0.012129809498230004,0.5200081310333333,-0.1206878513333333,-0.009277720147333334,0.5230817747666667,-0.11149735670333331,-0.010667246064606667,0.5235501602666668,-0.11396697101333335,-0.024234478254666673,0.5315670407666667,-0.11698772789666664,-0.023100762414999993,0.5301691151333333,-0.1271514124,-0.020914108235333337,0.5160466842999999,-0.10955749338000001,0.08405711926333334,0.4830127303666667,-0.08059927995666666,-0.024666795362166666,0.44973051676666675,0.0024722235443333336,0.016070175664466668,0.4798225804000001,-0.09123372983000001,-0.017854303583,0.44804511680000003,-0.09432950445000002,0.19532431313333334,0.2925346494666667,0.006028851148709998,-0.05737021185,0.3937537370333334,0.16578948089999998,0.2701364423666667,0.12897026953333338,-0.07238543031,-0.15435097436666667,0.3445465534666667,0.1351253902833333,0.15572018149999997,0.14354799086666675,-0.12031067215666667,-0.1594124143333333,0.5016850684,0.08194760055333333,0.11739317937333334,0.1672740994666667,-0.12414058110333334,-0.12226459948666665,0.5472852865333332,0.04070176375333332,0.09537018933333334,0.1888524029333334,-0.12523748631666667,-0.09354301836333331,0.5944358825666667,0.044166986979999996,0.14421293516666667,0.1421980507666667,-0.12107536761333332,-0.14913952826666668,0.5286588334333333,0.200203612,0.08183050221333334,-0.1584453837533333,-0.012374776585,-0.07869508880333334,-0.1479905097773333,0.013335346161999998,0.08050259922000004,-0.5713317469333333,-0.08195134844666667,-0.08855563941999997,-0.4930102989333333,-0.04267171290999999,0.12371455006666664,-0.9318250934000001,0.05371319818999999,-0.05830076271333332,-0.9046334281999998,0.07728218188666668,0.1078749893766667,-0.9618790250999998,0.07001487216333334,-0.05441788185333334,-0.9386244935666666,0.049668836666666674,0.09285661613666665,-0.9610408467666663,0.0218072095065,-0.10756150712333333,-0.9437367653666666,-0.004900054318400003,Donner_g_ch2_g20_compr.mp4,ch2g20
1616.6666666666683,-0.03400387697666667,0.5063819244000001,-0.11744352733999999,-0.010566709911563336,0.5216528409333334,-0.1213395233333333,-0.007768789637333334,0.5248275093666668,-0.11217236936999998,-0.00914777614794,0.5253079906333334,-0.11461988824666668,-0.02265472705733334,0.5333996074333335,-0.11768658812999996,-0.021538192324999993,0.5320285237333333,-0.1278757161,-0.01939328033466667,0.5178087118666667,-0.11028289904666666,0.08576434455666666,0.4832888886333334,-0.08144626556,-0.023337975682166664,0.45074424076666675,0.0017707290930000007,0.01731455164346667,0.48106536706666675,-0.09228659073333334,-0.016784548692999997,0.4496233901666667,-0.09535218702666669,0.1957974409,0.29199809540000005,0.003695980735376667,-0.05676743728,0.3962460138666667,0.1640581676333333,0.26985132903333336,0.13405913280000004,-0.07717215465666667,-0.15618637000000002,0.35960972853333334,0.13337149942666662,0.15796592856666666,0.15280186030000006,-0.12395659562333333,-0.16143226126666663,0.5207184576666667,0.08442297232666666,0.12025055601000001,0.1774878461,-0.12756888207,-0.12429237904333333,0.5669040192666666,0.043649879753333336,0.09827255805333333,0.19854522183333342,-0.12836474061666664,-0.0944825144733333,0.6126804550666668,0.047444751196666655,0.1464175848,0.15131916480000002,-0.12464691394666665,-0.1508063018666667,0.5472962561666667,0.232820809,0.08210582724333335,-0.15840236808999997,-0.012514185500333336,-0.07893734393333335,-0.14798705602333329,0.013417109641999998,0.0804810332666667,-0.5710756546000001,-0.08179854647666668,-0.09061876951999998,-0.4925038134,-0.04362533469999999,0.12398967418333331,-0.9300169547,0.05586878713,-0.059542824293333324,-0.9029936314333331,0.07809913034,0.10824402433000004,-0.9597699246666664,0.07241938824333334,-0.055604623616666675,-0.9367541037999998,0.05077909288000001,0.09353787872333331,-0.9590700191999998,0.0246335729745,-0.10875884425666667,-0.9423203265333333,-0.003492858194733335,Donner_g_ch2_g20_compr.mp4,ch2g20
1633.333333333335,-0.03291833393333333,0.5085413390666667,-0.11827788630666666,-0.009177004551563334,0.5234996272666668,-0.12199600789999998,-0.0064473803040000005,0.5267663769333335,-0.11284716697,-0.007825332054606665,0.5272474094333334,-0.11527309954666667,-0.02126810877033334,0.5354242600000001,-0.11833209252999999,-0.020165452227999998,0.5340891258333333,-0.12856163493333334,-0.018059515689700004,0.5197863443,-0.11095171358,0.08737745981333332,0.48374432573333337,-0.08230829500333334,-0.02200323607883333,0.4518550213666668,0.0010976889980000002,0.01838748161246667,0.4825009866666668,-0.09337341288333334,-0.015840732969,0.45139896976666666,-0.09633706289333335,0.19626381050000002,0.29187123783333335,0.001021246888709999,-0.05615544385666666,0.3987078088666667,0.16217915579999997,0.2695682431333334,0.14055732456666672,-0.08271444039333334,-0.15797182613333335,0.3738135427,0.1308099073033333,0.1603469384,0.1641472160333334,-0.12811457442333332,-0.16303021413333332,0.5381078584666668,0.08535483084666666,0.12325244162000001,0.18990465690000002,-0.13151788947000004,-0.12580294130666667,0.5846143434,0.045042079353333334,0.10132183732,0.2103713635000001,-0.13185079451666665,-0.09495434459333331,0.6290152232,0.04920477329666666,0.1487762074,0.16248783943333336,-0.12865821268,-0.15202079393333334,0.5641612592666666,0.260653526,0.08238190304333336,-0.15837024966133328,-0.012659568601666667,-0.0791827298,-0.1479705460953333,0.013504477291999998,0.0802836310066667,-0.5708440846,-0.08161058386333334,-0.09283492857999999,-0.49192151180000004,-0.04446190712333333,0.12411109524333332,-0.9281149764333334,0.05817100835333333,-0.06094835686,-0.9012307127999998,0.07901877886000001,0.10847007544333337,-0.9575388115666665,0.07500898742,-0.05693938501666668,-0.9347510698333331,0.05198296762666668,0.09406686721333332,-0.9570863050999997,0.02787815271383333,-0.11013549622333332,-0.9408191676666666,-0.0019340665804000027,Donner_g_ch2_g20_compr.mp4,ch2g20
1650.0000000000018,-0.031347322658,0.5106764827333332,-0.11938576330666666,-0.007353489541563333,0.5253132336,-0.12292243793333331,-0.004720692357333334,0.528664606066667,-0.11377195413666667,-0.0061047159579399966,0.5291392112000001,-0.11619343524666666,-0.01954588806533334,0.5373954347666667,-0.11933029299666666,-0.018434854121,0.5360985613000001,-0.12965075536666668,-0.016366597216366664,0.521727604,-0.11198281434666667,0.08903799777333332,0.48421145436666674,-0.08335177389666666,-0.020510660295499993,0.45291315283333344,-0.0001913664659999996,0.019768079189333338,0.4839390321666668,-0.09469510937666668,-0.014556671114333333,0.4531574001666666,-0.09768138382666668,0.19673442843333336,0.29177288356666664,-0.0019253259879566664,-0.05550602045666666,0.40075280886666675,0.15918210933666663,0.26881203253333336,0.14805414050000004,-0.08924665303333332,-0.15964504450000003,0.3855720971666666,0.12488631724333332,0.1625480808,0.17725452676666675,-0.13398977025,-0.16377868156666664,0.5520141972666668,0.08057431158666667,0.12613975902,0.20403250246666668,-0.13733976717000004,-0.12644083568,0.5984627444999999,0.04045120742000001,0.10428062107666666,0.22384916380000008,-0.13709629654999997,-0.09437314528999999,0.6413952519666667,0.04503353246333332,0.15107791876666668,0.17538038966666672,-0.13437507372,-0.15231393653333333,0.5773868822333333,0.234282881,0.08264879178000002,-0.15835162911599995,-0.012727225989,-0.07942254879,-0.1479389219973333,0.013511402326999999,0.07987125490666669,-0.5707507874333334,-0.08108966311000002,-0.09503424411999999,-0.49133904330000006,-0.04523843681,0.12399453013999999,-0.9262726386000001,0.06062138931333333,-0.06251804381666666,-0.8993937890333332,0.08035119822333334,0.10841926638000003,-0.9553718886666667,0.07770230202333335,-0.05841964168333334,-0.9326479735999997,0.05359354983000002,0.09423961823999999,-0.9550961973999996,0.031111494844499994,-0.11169587925666666,-0.9391327118333332,-7.02244797333348e-05,Donner_g_ch2_g20_compr.mp4,ch2g20
1666.6666666666686,-0.02957827729066666,0.5126286997666667,-0.12087053910666667,-0.005382750871563334,0.5269625616666667,-0.12431694146666664,-0.002857351570666668,0.5303942851666669,-0.11514143193666668,-0.004249336241273333,0.5308619821333334,-0.1175569774133333,-0.01770327696866667,0.5391868993999999,-0.12080332369666666,-0.016582129047666667,0.5379278517,-0.13122078193333334,-0.014556698949699997,0.5234945360333333,-0.11347837261333334,0.09068467032333333,0.4846721545333334,-0.08483902340333334,-0.018948036895499995,0.4539083835000001,-0.0019655786729999994,0.02128912538966667,0.48525530140000006,-0.09635066812666669,-0.013111334007666665,0.45477807829999994,-0.09936558236666668,0.19714905373333333,0.2918367032333334,-0.005413752641289999,-0.05482893081333333,0.40249557553333337,0.15626871478333332,0.26778166443333334,0.15707395046666672,-0.09613286906333332,-0.16114502143333334,0.39607796019999997,0.11940352242999999,0.16474918196666666,0.1927866508000001,-0.13987161470333334,-0.16426520993333332,0.5647744967333335,0.07603434402666666,0.12911167493,0.2207972664666667,-0.1431376756366667,-0.12686000236666667,0.6112920333333333,0.036132365153333346,0.10732021630666666,0.2400045398333334,-0.1423558335133333,-0.09367908732333331,0.6528231988666667,0.04113295583,0.15347668036666667,0.19074427263333335,-0.14008176125666663,-0.1523831641,0.5895413034333333,0.235206053,0.08290122936333334,-0.15834384750466662,-0.012835631160666666,-0.07965165538333334,-0.14789302611499996,0.013559522398333333,0.07930083646666668,-0.5708714719333334,-0.08049488549333333,-0.09772544176333331,-0.4907217954666667,-0.045830186383333325,0.12371286814333332,-0.9245520889333335,0.06305833103666666,-0.06435266075999999,-0.8975422780333332,0.08222114940666667,0.10814990454666669,-0.9533137224,0.08037318567,-0.06012002747000001,-0.9305355313333331,0.055763286436666684,0.09334573793666666,-0.9534086209999997,0.034224439348833326,-0.11366074861666665,-0.9374878404333332,0.002514843366933333,Donner_g_ch2_g20_compr.mp4,ch2g20
1683.3333333333353,-0.027573273803999994,0.5143249525666665,-0.12238261684,-0.003209963508229999,0.5283498657333333,-0.12571289176666664,-0.0007940110006666685,0.5318494690000001,-0.11651147077,-0.002193689081273333,0.5322980884999999,-0.11892282977999999,-0.015654107902,0.5406965380333333,-0.12230309549666665,-0.014521122807666667,0.5394738849,-0.13281271023333335,-0.012538472949699998,0.5250028909333333,-0.11499335008,0.09244657885666667,0.4849932856000001,-0.08625588206333333,-0.017262246139833327,0.4546237987333334,-0.003734746873666666,0.02300471366566667,0.4863538296666667,-0.09799645146333334,-0.011450414694333333,0.4561596271333333,-0.10106096206666666,0.19753625243333334,0.29193632970000005,-0.008830169134623332,-0.05410432459666666,0.4037782873333334,0.15337885313,0.2665735304333333,0.1677602159000001,-0.10280100631,-0.16260236593333333,0.40513635919999996,0.11383493067666667,0.16696139146666664,0.21068745446666676,-0.14560193023999998,-0.1644163847,0.5759164496333334,0.07134463766666665,0.1321698181333333,0.24014070423333334,-0.14875328030000004,-0.12682588615666665,0.6225386310999999,0.03166818438666667,0.11054191017666666,0.2586595531333334,-0.14752893555,-0.09251600915999998,0.6628243327666667,0.03709574449666666,0.15595058453333333,0.2084582862666667,-0.14565223898666663,-0.15207468746666666,0.6001583669000001,0.235324666,0.08315767487000002,-0.15837502631399994,-0.012946104877333333,-0.0798924127,-0.1478047947716666,0.013610437655,0.07865735056,-0.5714272147,-0.07985671954666666,-0.10068749557666666,-0.4900790001,-0.046425861913333324,0.12324638828666666,-0.9229116618333335,0.06553597057666666,-0.06631616976999999,-0.8956519736333333,0.08397376262666666,0.10765673844666669,-0.9513050995333334,0.08307772245999999,-0.061935840893333344,-0.9283919277666663,0.057802730390000015,0.09223209133666667,-0.9520090403666664,0.03746146102733333,-0.11585249361333333,-0.9358544585999998,0.004935594930266666,Donner_g_ch2_g20_compr.mp4,ch2g20
1700.000000000002,-0.025299358343999996,0.5158624603333333,-0.12380320040666667,-0.0008719582148966658,0.5295743398333334,-0.12698070043333332,0.0014353433426666667,0.5331361107666668,-0.11772312370333333,3.116833872666627e-05,0.5335628692666666,-0.12014430054666665,-0.013428672188666668,0.5420314039333335,-0.12368474832999998,-0.012289696580999999,0.5408422784000001,-0.13428011646666668,-0.010349449779699996,0.5263490399666666,-0.11639375028,0.09422448382333333,0.48524974543333343,-0.08735788427666666,-0.015574943701166667,0.4552015346666668,-0.005317794441666666,0.02493945373666667,0.48731704470000003,-0.09949820463,-0.009564037957666667,0.45740134686666656,-0.10262124724333332,0.1979079137333333,0.2922735529,-0.01218310512129,-0.05338434941333333,0.40497178093333336,0.15075684308,0.2651763136,0.18002817800000012,-0.10818177025333334,-0.16394138453333335,0.4134373848,0.10907551444333333,0.1693958374,0.2306236366000001,-0.14843172257666665,-0.16451005836666666,0.5859981913000001,0.06755911338666665,0.1354613495666667,0.261591344,-0.15151631213333336,-0.12680668335333334,0.6327266315,0.02800799975333335,0.11410253247666666,0.2794889823666667,-0.1496959565233333,-0.09142221574666665,0.671933652,0.03382126149666665,0.15870626323333334,0.2282543189666667,-0.14833772028666664,-0.15174295608000002,0.6098064187666667,0.218125746,0.08340477337666669,-0.1584605569456666,-0.013072008575666668,-0.08013016072666668,-0.14766614595399996,0.013680365110666667,0.07796100501666667,-0.5721850589666667,-0.07925448228666666,-0.10406499784333333,-0.4894087587666667,-0.04706342870666665,0.12271603975333333,-0.9214082101666669,0.06760945325999998,-0.06853161842666666,-0.8937747948999999,0.0856697815,0.10707022477000003,-0.9494263690666668,0.08531464665666667,-0.06401724141333334,-0.9262747489333331,0.059804110313333346,0.09051467495333333,-0.9508801343666664,0.04026850479066666,-0.11862461351666666,-0.9341773746333332,0.0072537256735999995,Donner_g_ch2_g20_compr.mp4,ch2g20
1716.6666666666688,-0.02325918535733333,0.5171532605,-0.12523466134,0.001266893368436668,0.5305449200333333,-0.12827786813333333,0.0034707196793333324,0.5341476810333334,-0.11896940643666665,0.002061565885393333,0.5345543150666667,-0.12139325281333332,-0.011322538278666668,0.5431206947333335,-0.12506855336333333,-0.010183933771,0.5419496174666668,-0.1357371977,-0.008282565366366663,0.5274448693666666,-0.11778517201333334,0.09603713132333333,0.48534500360000005,-0.08856358702666665,-0.013676583419166667,0.45560563850000013,-0.006855316727333332,0.026693680276666666,0.48807532306666673,-0.10101990847666666,-0.007811602541000002,0.4584309177666666,-0.10416910239333332,0.19811615846666666,0.2927152511333334,-0.015517332697956666,-0.05242775595999999,0.4060935343666667,0.14824678096000002,0.26358476033333333,0.1934789644666668,-0.11313342771466667,-0.16505748823333333,0.4215085530666667,0.10490461100333333,0.17197633006666666,0.25269761576666677,-0.15004624524666668,-0.16469572459999998,0.5956695098333334,0.06484486836999999,0.13908261906666666,0.28548843963333337,-0.15297428197000001,-0.12697551816666666,0.6425813803333332,0.02561597545333334,0.11828501920666666,0.3026957110666667,-0.15063724548666663,-0.09059990187333332,0.6809238653,0.031950754496666664,0.16176178903333333,0.25021675600000004,-0.14985290388,-0.15156349244666667,0.6191892041333336,0.163079083,0.08359929239,-0.15858411120433327,-0.013280755542333334,-0.0803262414,-0.14750064859733328,0.013838981049666667,0.07714964337,-0.5730800058333334,-0.07888356655666666,-0.10754141217999999,-0.4887505149,-0.04761276969999999,0.12205059486333332,-0.9203347265333335,0.06916663764333333,-0.07090411240666666,-0.8919097139,0.08742270691333333,0.10631464996666669,-0.9480244477666667,0.08699305806666668,-0.06628895348333334,-0.924183434333333,0.06184792662000001,0.08813199529666667,-0.9503030838999997,0.04262041454066666,-0.12168660941333333,-0.9325040457666665,0.009906078970266664,Donner_g_ch2_g20_compr.mp4,ch2g20
1733.3333333333355,-0.021122652580666666,0.5184036606333333,-0.12697142800666666,0.0034695619984366675,0.5314736438333333,-0.12982586883333333,0.005578365497666666,0.5351143014666668,-0.12044799154333333,0.004164949288726667,0.5354998116,-0.12288259308333332,-0.009114763548666667,0.5441814051,-0.12676779799666668,-0.007985970087666666,0.5430220740000001,-0.13749026343333337,-0.006121845769699997,0.5285067578999999,-0.11946044821666667,0.09784131400999999,0.4854064301666667,-0.08986791720666666,-0.011776791845833332,0.4559505825000002,-0.008664981697333332,0.028492087450000002,0.4888048362333334,-0.10278594045666666,-0.006014271541,0.4594387587999999,-0.10599484605666666,0.19821471126666665,0.29339208176666676,-0.018914322724623334,-0.051441769469999996,0.4072000409666667,0.1454431031533334,0.2617960547666666,0.20811708836666679,-0.11731778148833333,-0.1657916138,0.42927475216666666,0.10099775087999999,0.1749657613,0.2763580694333334,-0.15046342486333336,-0.16487708416666663,0.6045753090000001,0.06171774520333333,0.14325714536666667,0.3109948858666667,-0.15319434679,-0.12725870604333334,0.6515626012666667,0.022714849286666665,0.12320296242333333,0.32753110183333334,-0.1505160632833333,-0.08991503518999998,0.6891379814,0.029972941996666648,0.16532315313333332,0.2737595098666667,-0.15025886043666667,-0.15143049088,0.6278821392333336,0.120576777,0.08377006572333334,-0.1587457996919999,-0.013519692620333335,-0.08050414835,-0.14731009291899996,0.014036553062999998,0.07631108586333334,-0.5739496714000001,-0.07851233251666666,-0.11123546494,-0.48794347796666665,-0.048201221773333316,0.12128023906333332,-0.9193382084000001,0.07080592580999999,-0.07366134927333333,-0.8899852388666666,0.08868832785333333,0.1054499226666667,-0.9467019975333334,0.08878134566000001,-0.06897696562333334,-0.9220788578999998,0.06343458897666668,0.08589838505666665,-0.9497369596999997,0.045296394310666656,-0.12525619076333333,-0.9308410563333332,0.0123462888436,Donner_g_ch2_g20_compr.mp4,ch2g20
1750.0000000000025,-0.018462025414,0.5194574270333333,-0.12823322580666666,0.006013408195103334,0.5322189713,-0.13079286403333334,0.008025860890999999,0.5358973101666668,-0.12135757085333333,0.006612813825393332,0.5362537130000001,-0.12379957404000001,-0.006563835625333336,0.5449863877000001,-0.12801847306333333,-0.0054474466976666665,0.5438440399333334,-0.13876747946666668,-0.0036131162363666645,0.5293265761,-0.12065544508666666,0.09958013797666665,0.48543249130000005,-0.09051173367,-0.009991921755833333,0.45597675886666683,-0.010369149893999998,0.030690887213333337,0.48943752963333337,-0.10404022085666666,-0.0038295040143333345,0.4602634903999999,-0.10752033205666665,0.1982121567333333,0.29433638226666675,-0.02208308234129,-0.05049007539333333,0.4081571683666667,0.14271715127333337,0.2598152622666667,0.22254329490000013,-0.12076133385466666,-0.16599891826666666,0.43599322279999997,0.09714223440666665,0.1781397993,0.2999688525666667,-0.1510503644666667,-0.16493221449999998,0.6117871322666668,0.05796094963999999,0.14770368093333333,0.3365606894333333,-0.15371719252666666,-0.12757942870333333,0.6586988776333332,0.01880759245333334,0.1283684127,0.3526693209,-0.15082765550666666,-0.08933276051999997,0.6955593229000001,0.02622354336333332,0.1690611372333333,0.29734297220000006,-0.15088895727999999,-0.15124005924666667,0.6348736091000001,0.0888765231,0.08392458111666667,-0.15893314745133325,-0.013782710516000002,-0.08066901206666667,-0.14709945235466662,0.014269175788666665,0.07553139688666666,-0.5747438804333335,-0.07804872635333333,-0.11491901658666666,-0.4865589584000001,-0.04908980694999999,0.12030377812333333,-0.9177356044000001,0.07333487924333333,-0.07681772404666667,-0.887443973,0.08941657517,0.10433271357000001,-0.9447471002666669,0.09157595810000001,-0.07213365159,-0.9194085956333331,0.06450750462,0.08371047208333332,-0.9486396064666665,0.04929278931733332,-0.12964498706666666,-0.9285939334,0.014399566100266664,Donner_g_ch2_g20_compr.mp4,ch2g20
1766.666666666669,-0.015289884350666668,0.520387488,-0.12860042790666665,0.008948329448436666,0.5328424617333334,-0.13070086276666668,0.010855203350999999,0.5365643457666668,-0.12121915867666666,0.009447679368726664,0.5368856017333334,-0.12364861160666667,-0.0036139621453333353,0.5456212884333334,-0.12838366253,-0.0025109433443333312,0.5445024706000001,-0.1391374065,-0.0007071678363666664,0.5299861551333335,-0.12094818608666666,0.10122631760999999,0.4854199226666667,-0.08960367752,-0.008337447192499998,0.4557811741666668,-0.011592621391666665,0.03326339756,0.4899934542,-0.10425747506999998,-0.0012674145643333339,0.46095690103333326,-0.10833139777666664,0.19810090816666664,0.2953926590333334,-0.02440392578129,-0.04977523999333333,0.40890790476666666,0.14026807193333335,0.2578988081333333,0.23731083240000012,-0.12366427003,-0.16545565373333335,0.44165847736666664,0.09302251049333334,0.18137089903333334,0.3239441737333334,-0.1511434554966667,-0.1648335867,0.6178328232333334,0.052529142469999984,0.15214892033333333,0.36241091833333333,-0.15377321592666668,-0.1278411147,0.6647124259999999,0.012921491813333335,0.13349581460999999,0.37822944776666667,-0.15076778186666667,-0.08880988311999997,0.7009178063,0.020266883163333332,0.1728232726333333,0.32133003570000007,-0.15106913665666666,-0.15096636268,0.6407446735666669,0.0868743,0.08406994442666665,-0.15912556042599993,-0.014044036511666667,-0.08082791531666667,-0.1468874710913333,0.01450430998,0.07481169886666665,-0.5752336299666667,-0.07742600359999999,-0.11847555397999998,-0.48480002533333333,-0.05032327180333332,0.11928513673333332,-0.9153396248333334,0.07663621871,-0.08033671881,-0.8842706184333333,0.08963697303,0.10317135730000003,-0.9419984221666668,0.09521126921666667,-0.07571122507000001,-0.9161075552999998,0.06507020947,0.08157406578,-0.9468342085333332,0.05417151623733332,-0.13448254748666666,-0.9257178702,0.015831024360266663,Donner_g_ch2_g20_compr.mp4,ch2g20
1783.3333333333358,-0.011976994987333333,0.5211484386666667,-0.12848957220666665,0.01205421275177,0.5332826241666666,-0.13012120435,0.013858146420999999,0.5370484467333335,-0.12059908139,0.012458256082059999,0.5373264655000001,-0.12301370665333333,-0.000458322068666669,0.5460904961999999,-0.12827750243,0.0006268483723333339,0.5449937777666668,-0.13902221206666665,0.002395053626966666,0.5304771960666668,-0.12076432289333335,0.10285582391999998,0.4852524892666667,-0.08814338141999999,-0.006580345229166664,0.45549548316666677,-0.012424941644,0.03595851281,0.4904065203333333,-0.10396745823999998,0.0014422219023333329,0.4615203238666666,-0.10869624004999998,0.1978512829333333,0.2964220839,-0.02612998763129,-0.049239518536666665,0.4094854578666667,0.13827097466666666,0.2559045837333333,0.2515593272666668,-0.12604843148,-0.16468971816666664,0.44607168973333333,0.089327231431,0.1845546548,0.3472049400000001,-0.15120482766666668,-0.16455928763333333,0.6224196430333335,0.046952320173333326,0.15654970013333333,0.38754577283333336,-0.15383229282,-0.12802568833666667,0.6693172801999999,0.00714901739666667,0.1385861804233333,0.4030455177,-0.15077784859333335,-0.08831301308666664,0.7050049047333333,0.01453384418666666,0.1765436172333333,0.3446164369333334,-0.15125453516666668,-0.15055888124666666,0.6452281518333335,0.0883622095,0.08414065068333333,-0.15932028487333325,-0.014299098105,-0.08091956366666667,-0.1466760365763333,0.014753507514666666,0.07412741096999999,-0.5752178913666667,-0.07672143298999999,-0.12185421893,-0.4830197956666667,-0.051395744633333316,0.11795465550333332,-0.9127841710333334,0.07980235722666669,-0.08429276986999999,-0.8809819560000001,0.08996839745333332,0.10165581621000001,-0.9391362707000002,0.09867873104666668,-0.07987535841666668,-0.9126829704333331,0.06571539013666668,0.07909455527666667,-0.9448268850333331,0.05868188878066666,-0.14012577543666666,-0.9221848644999999,0.017193118270266664,Donner_g_ch2_g20_compr.mp4,ch2g20
1800.0000000000025,-0.008658930577333333,0.5214719091,-0.12830327840666664,0.015191942485103332,0.5333200598333333,-0.12948134975,0.01687762903433333,0.5371243135333335,-0.11991148047999999,0.015477038805393332,0.5373442177333335,-0.12229669630666667,0.0026417769746666653,0.5461449152666666,-0.12813068052999999,0.0037116382723333336,0.5450959103333334,-0.13889308629999997,0.005447819876966666,0.5306019247333333,-0.12056335616000001,0.10447610614333332,0.4849497831000001,-0.08640245914,-0.0048880476725000005,0.4550797427333334,-0.013243644967666664,0.038601759789999995,0.49051056619999994,-0.10355366441666665,0.004090652095666667,0.4617597860666666,-0.10901143561999997,0.19753866603333328,0.2975284494333334,-0.027468770539289998,-0.04880601929333333,0.40985968563333336,0.13627449349999998,0.2538808803666666,0.2654983771000001,-0.12821334345666668,-0.16358221653333332,0.44843288303333334,0.082981122061,0.18763772643333335,0.3699351131666667,-0.15167947485,-0.16384146739999997,0.6241759485000002,0.03427229973999999,0.1607833597,0.41207249653333333,-0.15481486942666667,-0.12790057396666665,0.6708355416333333,-0.006542339403333335,0.14344484731666665,0.42720732936666667,-0.15176281485333334,-0.08763742821333331,0.7060046514666668,0.0007848362866666491,0.18011911706666667,0.36733640230000003,-0.15196948791333334,-0.14970408384666667,0.6467262490000001,0.136784703,0.08417812636,-0.15951379268733323,-0.014435054064333333,-0.08098434944333334,-0.14646902418166663,0.014921692296666664,0.07319910923333334,-0.5750431275666666,-0.07598708875,-0.12490098683999999,-0.48119537000000007,-0.05222664244666665,0.11660024052333332,-0.9100162148000002,0.08330147483666668,-0.08882824287666666,-0.8769957285000001,0.09116877725666665,0.10017317179666667,-0.9360845029666669,0.10260584194000001,-0.08469418532666667,-0.9084722658666665,0.06728324518,0.07619644502666667,-0.9426534056333331,0.06358870633433332,-0.14609827607666667,-0.9177794017333333,0.019289240026933333,Donner_g_ch2_g20_compr.mp4,ch2g20
1816.6666666666692,-0.005371287507333332,0.5215893198333333,-0.12877270797333332,0.018322166895103333,0.5331773424666665,-0.12945976018333336,0.019881417774333332,0.5370132408,-0.11984067564666667,0.018475320758726668,0.5371727966666668,-0.12217836270666667,0.005680155221333333,0.5460172937666666,-0.12868936353,0.006735082512333333,0.5450196640999999,-0.13947607236666665,0.008436365346966667,0.5305694481333334,-0.12106998322666669,0.10606717614999998,0.484618574,-0.08488366635666666,-0.003352572415833334,0.45462484006666676,-0.014732188472666666,0.041192084953333326,0.4904905151999999,-0.10368446084666666,0.006671463615666666,0.46184793139999997,-0.11000240631666665,0.19715855976666663,0.2987697708,-0.028888995789290002,-0.04847402092333333,0.4100210409666667,0.13369037162666667,0.2517560284333333,0.27928450230000007,-0.1299511652966667,-0.16208647323333333,0.4495647543666667,0.07551405841766667,0.19070428953333335,0.3923926219,-0.15293602172666668,-0.16298899976666664,0.6250420298333336,0.020334114673333334,0.16495114693333332,0.4363566104666667,-0.15668424169333334,-0.12775805404666668,0.6715356339333333,-0.021564433936666662,0.14820267309333332,0.4510972514666667,-0.15367914007000003,-0.0869888314533333,0.7063410799333335,-0.014338997446666685,0.18365006243333334,0.3897689446333334,-0.15348078293333334,-0.1487393156133333,0.6474048717333334,0.136772528,0.08420932666,-0.15970549386766658,-0.014446973531000001,-0.08104502796666667,-0.1462707936473333,0.015004054863333331,0.07222604776333333,-0.5746973987666666,-0.07502511970333334,-0.12771342653999998,-0.47937494283333343,-0.052824639953333315,0.11536440873333333,-0.9071811596000001,0.08717208822000001,-0.09393012391333333,-0.8728966972000001,0.09281413057999999,0.09884672282333334,-0.9329809586333335,0.10692852079666668,-0.09014644781333334,-0.9041307986333332,0.06931911440333334,0.07342185550000001,-0.9403378148666666,0.06886665381999998,-0.15241942193,-0.9131915010666666,0.021788850460266667,Donner_g_ch2_g20_compr.mp4,ch2g20
1833.333333333336,-0.002073342890666667,0.5214614176,-0.12953260957333332,0.021450454028436667,0.5328338130666666,-0.12974653455,0.022875802970999996,0.5366922121666666,-0.12006977894666666,0.021464670228726668,0.5367919051000002,-0.12236029720666668,0.008691178474666666,0.5456707345,-0.12957837176333334,0.009731375765666666,0.5447201258333332,-0.14040028236666663,0.011396971016966666,0.5303255777,-0.12192121129333335,0.10759085687333332,0.48428313213333335,-0.08361980114666666,-0.0019539485558333343,0.4540698155333334,-0.016568809892666667,0.04375312542666666,0.49033382453333324,-0.10406432697,0.009216457832333333,0.4617393476333333,-0.11128400825999998,0.19675696999999995,0.3001774537,-0.03049588755379,-0.04820108454666666,0.40991105620000007,0.13090225137666667,0.24962950706666662,0.2928236785000001,-0.13160640466333334,-0.16075741433333332,0.4492969914,0.06755495048766666,0.19368763066666667,0.41451325013333334,-0.15479733371666665,-0.16300883619999998,0.6239549583333336,0.005710959006666667,0.16895605926666665,0.4600148304333334,-0.15921963079666668,-0.12876035086,0.6700990824999999,-0.03732431376999999,0.15281617492666666,0.4745966638,-0.15625995548666669,-0.08736037526666665,0.7046995739666667,-0.030275327413333337,0.18711071006666669,0.4118298197333334,-0.15556459385666668,-0.14860850177999999,0.6461588604666667,0.0697426572,0.08422024523666666,-0.1598950856409999,-0.014383529417666668,-0.08108735074,-0.14608231987899994,0.01503277797,0.07128184623999999,-0.5741936272666667,-0.07386654026666667,-0.13020425497333332,-0.4774198459333334,-0.053228638619999984,0.1142127879,-0.9044522368000001,0.09113226491333334,-0.09911965570666667,-0.8686838607666667,0.09478969636333331,0.0976141976,-0.9299953620000001,0.11135381549666669,-0.09567806308666668,-0.8996625781666666,0.07164983116333333,0.07067551246333333,-0.9380498123333333,0.07416855279333333,-0.15855055263333334,-0.9082912979333333,0.024421221673600002,Donner_g_ch2_g20_compr.mp4,ch2g20
1850.0000000000027,0.0012063038426666664,0.5212500098666667,-0.1307240907733333,0.024553766691769997,0.5324580931999999,-0.13048258238333332,0.025846770537666666,0.5363340339333333,-0.12074370084666665,0.02443153407872667,0.5363744381666669,-0.12298903107333334,0.011660600791333332,0.5452928609000001,-0.13093932732999997,0.012684191669,0.5443817622,-0.14179657706666662,0.014318928103633333,0.5300381700666668,-0.12324958522666668,0.10908518281333332,0.4840365466333334,-0.08266966592333333,-0.0007512974758333334,0.45356145746666676,-0.018855338782666663,0.04630091910666666,0.4901217730666666,-0.10483614776333333,0.011740776875666667,0.46156211123333335,-0.11297790186,0.19632710426666664,0.3018293587,-0.03209250751712333,-0.04806285926666667,0.40974004253333346,0.12790214522666662,0.24801658699999993,0.30633250896666675,-0.1330927602366667,-0.1594687887333333,0.4485304498333334,0.06016171936433333,0.19666417886666665,0.4363054727,-0.15646967115666666,-0.1629773088333333,0.6224082853333336,-0.007499545259999999,0.17285890980000002,0.48314168893333337,-0.16150407814666667,-0.12967964744000005,0.6685607501999999,-0.05161790743666666,0.15731485413333332,0.49772897013333334,-0.15857585125999998,-0.08769362557999998,0.7030660491,-0.044708706880000004,0.19051879586666667,0.43354353306666676,-0.15742004920333336,-0.14844350767999998,0.6445890907,-0.0367886573,0.08420546353333332,-0.1600800787996666,-0.014300904187666668,-0.08110521747999999,-0.14590400841233325,0.015047562809999998,0.07031014151666666,-0.5735111679666666,-0.07260017650666666,-0.13253076133666664,-0.47550112773333336,-0.053352496203333315,0.11316069463333335,-0.9018117709000001,0.09494594241333335,-0.10450853188,-0.8646888078000001,0.09692153097999999,0.09649663063999998,-0.9271607141000001,0.11561232137333335,-0.10146021357000001,-0.8954486867333333,0.07407460175666666,0.06790546991333334,-0.9358735025,0.07935517319633333,-0.16513158912666664,-0.9035686709333334,0.02714289337026667,Donner_g_ch2_g20_compr.mp4,ch2g20
1866.6666666666697,0.0043854520559999995,0.5211479985,-0.13204562287333332,0.02755672612177,0.5322651549666667,-0.13137472558333332,0.028723512661,0.5361485339333334,-0.12157023298,0.027315243985393336,0.5361366096666669,-0.12377650307333336,0.014509683094666666,0.5450520323333333,-0.13240873279666665,0.015513242749000001,0.5441648827333333,-0.14330030316666664,0.0171235151403,0.5298551937333335,-0.12469579579333334,0.11046407493333334,0.48406631716666676,-0.08212821043999999,0.0003535521008333335,0.45319126890000005,-0.02116190287266666,0.04878081365999999,0.4900300792666666,-0.10578856592666668,0.014225722702333334,0.4614569964666667,-0.11476647309999999,0.19604219556666666,0.3039369033666666,-0.033653806460790005,-0.04799335752,0.40983618683333345,0.12492606052666663,0.24720726323333325,0.3206578297000001,-0.1343513831066667,-0.15816249779999997,0.44941996370000004,0.055269950880999986,0.19973961313333335,0.4581271553333333,-0.1572846859433333,-0.1626270282333333,0.6227162784333335,-0.01435895085,0.17674831953333334,0.5059628322,-0.16274016424,-0.13027054404000002,0.6686917283666666,-0.059053563086666656,0.16171330810666665,0.5206342503333333,-0.15979009673333333,-0.08779860450666664,0.7031501447666666,-0.05236824583000001,0.19394095580000004,0.45528553126666677,-0.15840459972,-0.1479402756133333,0.6448635562,-0.0322149619,0.08417546774333332,-0.16025760336433326,-0.014164644461,-0.08110858340333334,-0.14574294761199993,0.015018129383333332,0.06963645232,-0.5725221639666664,-0.07128500076,-0.13476019981666665,-0.47361441323333336,-0.05304029826999999,0.11220793823333335,-0.8991500400666668,0.09827882099000002,-0.10998024669999999,-0.8607643585333334,0.09890732143333332,0.09548357893,-0.9243203454000001,0.11930621245333335,-0.10731808580000002,-0.8913119455666667,0.07629809814333334,0.06532526804333333,-0.9337260623666668,0.08393877140999999,-0.17172710633333332,-0.8990102845333332,0.029635142073600004,Donner_g_ch2_g20_compr.mp4,ch2g20
1883.333333333336,0.007499000266,0.5212955319,-0.13306814897333333,0.030486031405103333,0.5323302531666666,-0.13191463288333333,0.03153684382433333,0.5362335449666668,-0.12202585037999998,0.030138950825393335,0.5361626747666669,-0.12422467967333335,0.017293434954666665,0.5450910873,-0.13356780992999998,0.01827225973566667,0.5442164466999999,-0.14450163679999997,0.01985165909696667,0.5299377581000001,-0.12584050696000001,0.11178981784999999,0.48430409600000013,-0.08098134283999998,0.0013015889365000002,0.45307455110000006,-0.02315401850733333,0.05118843475666666,0.4901596736999999,-0.10636259069333334,0.016610886009,0.46157371230000005,-0.11624613209333332,0.1957755785333333,0.3061163650666666,-0.03434183181745667,-0.048197994916666674,0.4099806168333334,0.12204173736999996,0.2466203154333333,0.3348540865000001,-0.13378068380666666,-0.15698828229999998,0.4500742637666667,0.050934595080999984,0.2028647204,0.47946093919999994,-0.15527269864333332,-0.16197694259999998,0.6226649608333334,-0.02059346480666666,0.1806261128,0.528116016,-0.16091147017333332,-0.13047210510666668,0.6683560576333333,-0.06581692759999999,0.16593724688333333,0.5429301614333333,-0.15785271629999997,-0.08752181866333332,0.7027501518999999,-0.05924853614333335,0.19744917540000007,0.47661821940000004,-0.15651421975333335,-0.14707528108,0.6447586362666666,-0.0717785954,0.08415073181666666,-0.16042780389999994,-0.013903792774333333,-0.08112365692,-0.1455990567986666,0.01487997314333333,0.06901942826666665,-0.571558497933333,-0.06998871522,-0.13716745807,-0.47172294626666667,-0.052849026036666656,0.11124319706666667,-0.8965014063666668,0.10134429146,-0.11554737242999999,-0.8568522414333334,0.10056747619999999,0.09443095343999999,-0.9215005808000001,0.12269901524666667,-0.11324841136666668,-0.8872008006333334,0.07816992875,0.06282235700666666,-0.9316295206333333,0.08818175808833333,-0.1784057490333333,-0.8944908597,0.03178571320303334,Donner_g_ch2_g20_compr.mp4,ch2g20
1900.000000000003,0.010354121982666668,0.521524976,-0.13383849530666667,0.03308350701510333,0.5325185422333332,-0.13209856538333334,0.034034058337666664,0.5364518549333335,-0.12211618917999997,0.03264275928872667,0.5363203807000002,-0.1243336777066667,0.019652031974666664,0.5452259031000001,-0.13442673272999997,0.020605328399,0.5443522996000001,-0.14538968293333332,0.02214843132363334,0.5301151236333335,-0.12668351582666668,0.11269420855999998,0.48479915030000015,-0.07923041965666665,0.0013894321095,0.45300302750000004,-0.024701898357333326,0.05335734918666666,0.49044685879999994,-0.10660699409333334,0.018682434882333336,0.46176423653333337,-0.11741190332666666,0.19545929143333332,0.3082895792333333,-0.033990645970790004,-0.049100815666666665,0.40994708126666674,0.11947599385999996,0.24611905923333327,0.34902774023333344,-0.13189910497666665,-0.15623763633333335,0.45013775463333344,0.04616855392433331,0.2057611634,0.5004625821666666,-0.15102379556999995,-0.16137039729999997,0.6224111715000001,-0.027787462063333327,0.1839248151333333,0.5498341574333333,-0.15664868144,-0.13049830830666667,0.6679337647,-0.07339940493333333,0.16937055513333332,0.5645456468,-0.1533462455533333,-0.08722505607666665,0.7022177373666665,-0.066709497697,0.20058425010000006,0.4975443989,-0.15230809182000002,-0.14629324281333336,0.6444422766666666,-0.244348526,0.08412598297666667,-0.16059090060166661,-0.013539295687666665,-0.08114260350000001,-0.1454665521183333,0.014637650149999997,0.06824593456666667,-0.5706514398666664,-0.06891874106666665,-0.1397557868,-0.4698951827333334,-0.052965910933333325,0.1100889211,-0.8938008093333333,0.10399600325,-0.12101889629666666,-0.8530007480333334,0.10152548201999999,0.09314075104,-0.9185786081333333,0.12563930282333333,-0.11904381382666668,-0.8831608454666668,0.0793251784,0.06035037892333333,-0.9294424195666666,0.09207058038833332,-0.18487475709999998,-0.8900096990666667,0.03339210506970001,Donner_g_ch2_g20_compr.mp4,ch2g20
1916.6666666666697,0.012460966802666664,0.5220889352666667,-0.13452966680666664,0.034929488691770004,0.5330368920333333,-0.13222618738333336,0.035801318651,0.5370094266,-0.12215703674666664,0.034410829872060004,0.5368184660333335,-0.12439779047333335,0.021205045574666664,0.5457136777333332,-0.13516885873,0.022135368082333334,0.5448326553000001,-0.14615172336666665,0.02365041205696667,0.5306352496666668,-0.12742113222666668,0.11310183825333332,0.4855296211000001,-0.07764032196,0.0010132750479999995,0.4532025282333334,-0.025999868846999993,0.05491465010999999,0.4910448702333333,-0.10684425782666668,0.02011318980566667,0.4622710906000001,-0.11846562079333334,0.19503309833333332,0.3106097884,-0.03359399407412333,-0.050358153546666666,0.41004703030000006,0.11696034256999997,0.2456727177999999,0.3628991308333334,-0.13020884291,-0.15612009200000002,0.4507099532666668,0.04096933502433333,0.20834070240000002,0.5202038392,-0.14666206225999998,-0.16064953869999998,0.6223234990333333,-0.03463889627333333,0.18671064433333331,0.5701963846,-0.15218971060333333,-0.13017022174,0.6674420462333334,-0.08039813961933333,0.17217532149999998,0.5845571552666666,-0.14857518044999996,-0.08666525421999999,0.7015321488333331,-0.07348874563033334,0.20333442330000004,0.5171364542666667,-0.14794801430666668,-0.14537978178000002,0.6441997096,-0.217758805,0.08409702405999998,-0.16073825562333327,-0.013163127017666667,-0.08115925728666666,-0.14535823972499998,0.01437909746333333,0.06747776903,-0.5698633899666665,-0.06804851114333332,-0.14263854706666665,-0.4681593683,-0.05310113574333332,0.10903211413333334,-0.8911065585999999,0.10655666435333332,-0.12636721796666667,-0.8493230601666667,0.10251003178666665,0.09197513327333333,-0.9156290583666666,0.12850614890333334,-0.12465374487666668,-0.8793173651333335,0.08052950937333334,0.05838770314333333,-0.9272918979666667,0.09595367408333332,-0.19107585496666668,-0.8858999607666668,0.035103119419700006,Donner_g_ch2_g20_compr.mp4,ch2g20
1933.3333333333364,0.014064403022666665,0.5228172603333332,-0.13524410593999997,0.03634308616777,0.5336496539999999,-0.1324037347166667,0.037146609314333334,0.5376762575333334,-0.12222982491333331,0.03574548077839334,0.5374331210666669,-0.12454264117333336,0.02230070393133333,0.5463488662333332,-0.13590793993,0.023212662399,0.5454674467666667,-0.14691030373333333,0.024706779060300003,0.5312897285666668,-0.12816473839333334,0.11321749138333333,0.48633086050000013,-0.07610274888666665,0.00043479351533333253,0.45359226710000006,-0.027174141133666663,0.055990920686666654,0.4917393736,-0.10712153889333334,0.021083103095666668,0.4629505080333335,-0.11949996726,0.1944404672333333,0.31306701866666664,-0.03296102695745667,-0.05193885171333333,0.41032955560000006,0.11432181505333332,0.24549149879999996,0.3760776125000001,-0.12865308495333336,-0.15633009706666667,0.45164428190000017,0.03520005518099999,0.21086649243333336,0.5382650151333332,-0.1425369169433333,-0.15952418163333332,0.6223422208666667,-0.041459080249999995,0.18945452179999997,0.5887574796,-0.14791995137666666,-0.12918989494000002,0.6670018822666667,-0.08721686788333333,0.17487230353333333,0.6026185825666667,-0.14394386849666665,-0.08543488843333333,0.7007899716666665,-0.07997822233033335,0.20603860863333337,0.5350134578000001,-0.14379630554,-0.14398890661333333,0.6439830466999998,-0.219081819,0.08406266272666665,-0.1608516337236666,-0.012785005517666665,-0.08117203623666666,-0.14528506335033328,0.014111093836666665,0.06635392121666668,-0.5692890385999998,-0.06738620842,-0.14564305803333333,-0.4664970126333333,-0.053284812606666655,0.10805330083333335,-0.8886395071999998,0.10852633263666665,-0.13165397114000002,-0.8460365077333333,0.10341811203333331,0.09090231001333332,-0.9128877910666666,0.13072367862333334,-0.13017027632333336,-0.8759027004666669,0.08162537031666667,0.056645112916666664,-0.9253292620333333,0.09928013603666665,-0.19719882630000002,-0.8822175381333335,0.036861178223033336,Donner_g_ch2_g20_compr.mp4,ch2g20
1950.0000000000032,0.015117713422666663,0.5234766764333333,-0.13616321303999998,0.037230577659436666,0.5342112132,-0.13273292025000002,0.03796965828233334,0.5382679826333333,-0.12245598381333332,0.03655687935072667,0.5379661356000001,-0.1248550743066667,0.022855987018666663,0.5469104334,-0.13679289826333335,0.023752346623666667,0.5460172241333333,-0.14781211706666667,0.025239382681633334,0.5318830332000002,-0.12904359772666665,0.11297636352333333,0.48711690073333347,-0.07463438795666666,-0.000557059663000001,0.45392110990000006,-0.028378546982999995,0.056567172866666654,0.4924036236666667,-0.10756632909333334,0.021539264823,0.46355228843333346,-0.12067109349000002,0.1936579233333333,0.3154258069,-0.032500501727456665,-0.05393606068666667,0.41038348390000007,0.11161899102333332,0.24547587939999993,0.38750590606666674,-0.1273218626466667,-0.15739805833333337,0.45202747220000017,0.029533097744333332,0.21333804523333333,0.5538550530333333,-0.13850568569666663,-0.1587719591,0.6220968861666667,-0.047964641923333336,0.1920692019666666,0.6046826992666666,-0.14350870873000002,-0.12838495357333332,0.6664952825,-0.09375068755166666,0.17722735060000003,0.6180109039333334,-0.13936833742666666,-0.08435030070666667,0.7000435466666665,-0.08617975600366667,0.20859380463333338,0.5503668791666667,-0.1395972123166667,-0.14298093497999997,0.6435501818999999,-0.187716618,0.08404763937666666,-0.16092754243533325,-0.01239051509433333,-0.08120235364333334,-0.1452381972426666,0.013814672706666666,0.06527184769333334,-0.5688934992,-0.06695453171666665,-0.14869201616666666,-0.46491029426666663,-0.05357724125333332,0.10706429536666669,-0.8864916140666665,0.10998791105999998,-0.13659843359666668,-0.8431174576666666,0.10420521423333332,0.08982801234666667,-0.9104982329,0.13236879636,-0.13523420325666669,-0.8728854855333334,0.08261115911666667,0.05501315325333332,-0.9237195193666669,0.10206331708999998,-0.20290393630000003,-0.8791112440333335,0.0385345640397,Donner_g_ch2_g20_compr.mp4,ch2g20
1966.66666666667,0.015640066519333334,0.5241085532333334,-0.13753703130666667,0.03762051742210334,0.5347532956000001,-0.13364567025000001,0.038295389631666676,0.5388272392,-0.12327333561333333,0.036873629413800006,0.5384686504333334,-0.1257662021066667,0.022991748750999998,0.5474899474999999,-0.13817935269666665,0.023876734221666668,0.5465743030333333,-0.14921359039999998,0.025378152748966668,0.5324828784333335,-0.13040794307666667,0.11229912336999999,0.48782052563333345,-0.07434930535666667,-0.0019143298506666682,0.4542496546666667,-0.030171435822999994,0.056581397949999994,0.49307358780000005,-0.10859981278,0.021507707671666668,0.4641820770666668,-0.12230057768666668,0.1924603880333333,0.31756727463333334,-0.03298705119,-0.056391407483333336,0.4103673966000001,0.10846938225,0.24564849743333325,0.3976155273333334,-0.12666732566000002,-0.15877303466666667,0.45247216460000017,0.023874882211000006,0.2157547414,0.5670723184666666,-0.13483053505666664,-0.15822104359999997,0.6220149450333334,-0.05264329856333333,0.1945836288666666,0.6180892998,-0.13971200485333332,-0.12751457327333332,0.6662356804333334,-0.09791012057033334,0.17938860880000002,0.6308151091666667,-0.13539257983333333,-0.08340970813,0.6997294043666664,-0.09005606526033333,0.2110228071666667,0.5632610019666667,-0.13581273049333334,-0.14224034081333334,0.6433591152666666,-0.158169821,0.08405929556,-0.16098423113999993,-0.012016059220333334,-0.08125626405666667,-0.14520742774199993,0.013513094279999999,0.06420280213000001,-0.5685228040333333,-0.06668917134333333,-0.15173059736666666,-0.46349280639999996,-0.05377457503333332,0.10623073906666669,-0.8845516319,0.11081260688333332,-0.14125223015333332,-0.8402050157666665,0.10563052595333332,0.08888447304666665,-0.9083466999333334,0.13327876482666667,-0.13998709092,-0.8698580563666668,0.08431881903999999,0.05340632253666666,-0.9223183651666668,0.10406712509666664,-0.2082527170666667,-0.8760984239666668,0.041061808366366664,Donner_g_ch2_g20_compr.mp4,ch2g20
1983.333333333337,0.015099085015999998,0.5246574424666667,-0.13932331172666665,0.037042355062370004,0.5352495499666666,-0.13513589315000002,0.03765826509200001,0.5393222716666667,-0.12469044598,0.03622615765013334,0.5389250173666668,-0.1272756596866667,0.02219069457933333,0.5480766777666666,-0.14003497317666666,0.023072932897333337,0.5471242413,-0.15108061226666666,0.024593810709966666,0.5330673119000001,-0.13223764226666668,0.11101970197999998,0.4884569860000001,-0.07501283643333334,-0.003712640463333333,0.45469553240000005,-0.03236935821966666,0.055661930125799994,0.49369712193333337,-0.11013894352333334,0.020593805421666667,0.46481286306666686,-0.12428562048666666,0.19085334546666663,0.3197053836333334,-0.03402248572666667,-0.05891849677,0.4103991380666668,0.10521295476999999,0.24587352783333327,0.4066846407666667,-0.12688678127000003,-0.16005179220000001,0.45305983660000015,0.01857819207766666,0.2178488969333333,0.5783944472333333,-0.13259138202333332,-0.1577411209333333,0.6218425167666667,-0.05630671751666667,0.19673107319999997,0.6294656509000001,-0.13733289091999998,-0.12669077550666663,0.6658292145000001,-0.101103359317,0.18112555470000002,0.6415334508333334,-0.13284310192333332,-0.08262498196333333,0.6992087736999997,-0.09306209696633333,0.2131049364,0.5742293900666667,-0.13350125989333333,-0.1416241857466667,0.6430613900666666,-0.155122638,0.08404203827666668,-0.1609839050296666,-0.011706749528666667,-0.0812841337,-0.14522709339433326,0.01325677543,0.06317990301333333,-0.5680229733666666,-0.06638924933333332,-0.15464153226666666,-0.4621258841333333,-0.053939664376666654,0.10536767373333338,-0.8828238819666666,0.11167208152333331,-0.14532123262333332,-0.8375506559999998,0.10706058516333332,0.08786864450666666,-0.9064890191666668,0.13421319480000002,-0.14417322942666666,-0.8671131234000001,0.08603035994333331,0.05149413374333333,-0.9211686929,0.10590333496666665,-0.21312337073333337,-0.8733339367000001,0.04361231719303334,Donner_g_ch2_g20_compr.mp4,ch2g20
2000.0000000000032,0.014135962059333334,0.5248226387333332,-0.14067996806666666,0.036023125014933335,0.5353653081666668,-0.13612050701666667,0.036567165754666675,0.5394267009999999,-0.12562128276,0.035127843160466674,0.5390067433000001,-0.12827785143333337,0.020905764469666663,0.5481977189,-0.14135615533333334,0.021784989525666668,0.5472296243,-0.15241626219999999,0.023341062295633333,0.5332060230333335,-0.13353445357333335,0.10930658304333332,0.4887921846333334,-0.07499394970666667,-0.006006465720333334,0.45475852656666677,-0.03388671335299999,0.05433903030580001,0.49397682270000004,-0.11124735041666667,0.019258386578,0.4650497101000001,-0.12580302236,0.18894571269999996,0.3213975654666667,-0.034502781796333336,-0.061616335243333334,0.4103017858000001,0.10260180966999999,0.2465542714666666,0.4142120756,-0.12712708236333337,-0.16134360963333336,0.45371312933333346,0.014818207264333335,0.2197973037333333,0.5869282429,-0.13166405195666667,-0.1576643308,0.6221490396000001,-0.05836235431,0.19868494176666665,0.6378310942333334,-0.13645563572,-0.12638505087333332,0.6660645515666667,-0.10287218103466667,0.18259058543333334,0.6494178926333333,-0.13184149752333332,-0.08234672412999998,0.6995431796999998,-0.094753059255,0.21492703103333335,0.5824481007000001,-0.13256294172666666,-0.14147345254666668,0.6433272526,-0.171662658,0.0840060713,-0.16095027146333327,-0.011459101575333332,-0.08129307563999999,-0.14527491421633326,0.013049473826666668,0.062342851266666666,-0.5675580620999999,-0.06624919555333332,-0.15734737626666667,-0.46122064949999997,-0.05390553090666666,0.10471576133333337,-0.8818894003333333,0.11166836666333331,-0.14921105681666666,-0.8356260021666665,0.10850583042333332,0.08706231634,-0.9056236193333334,0.13416308196666665,-0.14822672750333332,-0.8651274006333335,0.08769522229,0.04962521035333333,-0.9208961566,0.10623018299666666,-0.2179659997666667,-0.8712873377000002,0.046071520583033335,Donner_g_ch2_g20_compr.mp4,ch2g20
2016.6666666666704,0.01305071949266667,0.5250523411,-0.1418579863333333,0.03485881943966667,0.5355574298333334,-0.13694287724999998,0.03532551184500001,0.5396122919999999,-0.12641418422666667,0.03388200126733334,0.5391640454000001,-0.12913676060000004,0.019427101910666666,0.5483858768666666,-0.1424858272666667,0.02031099233266667,0.5474085654,-0.1535638448,0.02189598996563333,0.5334147962666668,-0.13465889420666668,0.10736983056999999,0.4891318293333334,-0.07502039557333333,-0.008373692593666666,0.4547829124333334,-0.03524848086533333,0.05290043439913334,0.49429852883333336,-0.11221134578,0.017812090117,0.4653139275666668,-0.12715398349333332,0.1870555416333333,0.3230797982666667,-0.03491039865233333,-0.06455049732000001,0.41006847730000007,0.09991793692666666,0.24773276953333329,0.4214086922333333,-0.1273313137066667,-0.16278995410000002,0.4536471410333334,0.010110721502666667,0.22126150723333332,0.5935635739999999,-0.1310220687233333,-0.15797486603333336,0.6214282287000001,-0.06278517864333333,0.20004353849999998,0.6438579632333333,-0.13580231268666662,-0.12659228284,0.6651760085666667,-0.10727490270799998,0.18342541180000002,0.6550949290999999,-0.13110453925666665,-0.08255590166333332,0.6987491226999998,-0.09904122328166666,0.21622364563333335,0.5887553797666667,-0.13194771152666668,-0.1417186804466667,0.6425357386666668,-0.213411763,0.08399968565666668,-0.16088100900239996,-0.011123834017666668,-0.08132775002999998,-0.1453520712756666,0.012750657923333332,0.061683591860000005,-0.5671230087999999,-0.06610300150333333,-0.15971328353333336,-0.46070687853333325,-0.05389086232666666,0.1041352391666667,-0.8813530499333334,0.11146709816999999,-0.15313922839,-0.8342377324999998,0.10942091967666666,0.08630714460333333,-0.9051925367,0.13389699863333332,-0.15236278370666667,-0.8636664987333335,0.08869830494666665,0.04798850243333333,-0.9209844142666668,0.10603305851333332,-0.22283232563333336,-0.869650397466667,0.04737414454303333,Donner_g_ch2_g20_compr.mp4,ch2g20
2033.333333333337,0.01174208424266667,0.5249648752666667,-0.14299484186666664,0.033564146190000005,0.5354781835000001,-0.13775926418333334,0.03395807892700001,0.5395271745666667,-0.12720397086,0.032513671322000004,0.5390545894333333,-0.12999628813333336,0.017861895737,0.5483340152333331,-0.14357691190000005,0.018746380278,0.5473459229,-0.15467477853333333,0.0203680037103,0.5333762837333333,-0.13575298864,0.10531452706333332,0.48930552523333337,-0.07518285131666666,-0.010783696633666667,0.45464309383333346,-0.03651625713266666,0.05128782030580001,0.4943296921333334,-0.11317417983666667,0.016210719102666665,0.46530480806666674,-0.1284505061933333,0.18507716413333328,0.3246825383666667,-0.03526315503666667,-0.06763070578000001,0.40982202003333335,0.09735251874999999,0.2489550780333333,0.4277061706,-0.12756352942666668,-0.16436077890000003,0.45377603410000006,0.005572961736000002,0.22210258689999998,0.5985690796666666,-0.13058987792333332,-0.15857353210000003,0.6213598204666667,-0.06716723389666668,0.20069171343333334,0.6480604582333332,-0.13528647672,-0.12709394683999997,0.6649749143999999,-0.1115416547613333,0.18344539676666669,0.6589345858,-0.13050275982333331,-0.08311301983,0.6987086116999998,-0.10309746129166666,0.21688698920000002,0.5934169557000001,-0.13155040286,-0.14228030124666668,0.6424570943000001,-0.184513286,0.08399923415,-0.1607490488554,-0.010813894274333335,-0.08136713056999999,-0.14549153878699994,0.012473485263333334,0.06142573769666667,-0.5665284365666665,-0.06587533361333332,-0.16188530560000003,-0.46050411246666656,-0.05393932114999999,0.10362378040000002,-0.8806944504,0.1112699607733333,-0.15710158697666665,-0.8330495754666664,0.11006558265333331,0.08559346094333332,-0.9046592519666666,0.13365575899999999,-0.15653797954,-0.8623935998333333,0.08941857877333333,0.046442370613333325,-0.9209665587000002,0.10597050666666666,-0.22765524143333335,-0.8683870909333337,0.0485199809117,Donner_g_ch2_g20_compr.mp4,ch2g20
2050.0000000000036,0.010338514999333335,0.5248573723333333,-0.14374068646666663,0.03200806005366667,0.5353903818666668,-0.13817245801666667,0.03233264399366667,0.5394368914,-0.12759745092666666,0.030895938210666673,0.5389389319999999,-0.13045735090000002,0.016059749425,0.5482287570333332,-0.14435154973333336,0.016949362514,0.5472275534000001,-0.15545801633333334,0.018607877401966667,0.5332794818000001,-0.13653709270666667,0.1026953318333333,0.48951593556666667,-0.07491968613333332,-0.013608873766999999,0.4543495429666668,-0.037705398696333325,0.049542780895800005,0.4943761539333334,-0.11373531212333333,0.014514724628333333,0.46524968766666674,-0.12947305812666665,0.18304222133333325,0.3263996488333334,-0.03515145011166666,-0.07092123320333335,0.4095676949666667,0.09480368778666667,0.2505374373,0.4338069752,-0.12668626082,-0.16613871196666669,0.4539416774,0.0008274908923333325,0.2231060584,0.6026739353333332,-0.12987062915666667,-0.15954582493333336,0.6212565296,-0.07169766307966667,0.20141470809999998,0.6511123997999999,-0.13449891211999998,-0.12803747993999998,0.6646187530666665,-0.11605267309466664,0.18329289333333335,0.6618549054333334,-0.12951710612333334,-0.08418368366333333,0.6985033173666664,-0.107494773795,0.21766556046666669,0.5972385502,-0.13081859119333333,-0.1432506931466667,0.6423201149000001,-0.213325545,0.08399746935666667,-0.1605621066324,-0.010437538891,-0.08140389595999999,-0.1456837625246666,0.012134017268333333,0.06153089593666666,-0.5658165793,-0.06562590384333332,-0.16394579820000005,-0.4604244866333332,-0.05434037037999998,0.10310464556666668,-0.8799779012333334,0.11064216665666665,-0.16100701144333332,-0.8322232444999997,0.10964855354333332,0.08486282421666666,-0.9040282235666667,0.13293814863,-0.16063463335666667,-0.8615124862333334,0.08898060433999999,0.045078996876666666,-0.9209076534333335,0.10555808623666667,-0.23236028903333333,-0.8674456574333336,0.04854608304303333,Donner_g_ch2_g20_compr.mp4,ch2g20
2066.66666666667,0.008583560726000002,0.5247648257666666,-0.14410688349999998,0.029972226267666675,0.5353196172333335,-0.13835442355,0.03023373758066667,0.5393644518999999,-0.12776059652666666,0.028805538125000005,0.5388410929666666,-0.13068968683333335,0.013855067306333329,0.5481139127999999,-0.1448844892666667,0.014753883227000001,0.5471000869000001,-0.15599542026666666,0.0164582859533,0.5331723543666668,-0.13708719713999998,0.09958561864333332,0.48983793576666673,-0.07454952291333332,-0.016637519180333335,0.45398417243333344,-0.038860374645333325,0.04750195498913334,0.4944594766333334,-0.11400255775666666,0.012611144185,0.4651942080000001,-0.13021235045999996,0.1808272908666666,0.32829358543333337,-0.03494489313733334,-0.07411903245666668,0.4093309651666666,0.09243210464333333,0.2521546260666666,0.43917006900000005,-0.12536668527333333,-0.1679947723,0.4544386311333334,-0.0031776885976666693,0.22393628506666668,0.6057980909333333,-0.12903633698999997,-0.16055865933333335,0.6215908182666667,-0.075489022573,0.2017498938333333,0.6532039784333331,-0.13365122828666665,-0.12900496517333332,0.6646888323999999,-0.11983363055133332,0.18271446003333333,0.6639711624,-0.12869843482333335,-0.08526308406333333,0.6987964450333332,-0.11122541207933333,0.2181900997,0.6001771436333334,-0.12995942349333334,-0.14424636044666667,0.6426651463,-0.202989802,0.08393137004000001,-0.16033054553639997,-0.010071269560333333,-0.08137632061333333,-0.14592155479533325,0.011812174228333335,0.06170547669999999,-0.565035376,-0.06538385683333332,-0.16580530170000002,-0.4603385198666666,-0.05441464790333332,0.10248550060000002,-0.8792209123333334,0.10997840610333331,-0.16496756128999998,-0.8316123465666664,0.10939308853333332,0.08399520213,-0.9033450430666666,0.13220814546999998,-0.16486440023,-0.8608884593666667,0.08867666771333332,0.04345562339666667,-0.9208085070666667,0.10514683827999999,-0.23720490736666666,-0.8664540030333335,0.04873332990933333,Donner_g_ch2_g20_compr.mp4,ch2g20
2083.3333333333367,0.006339560712666669,0.5246523637333332,-0.14437617876666667,0.027455302033333337,0.5352369483666668,-0.13845199981666664,0.02764862350666668,0.5392792351666665,-0.12785277189333336,0.026229757333333333,0.5387358649333334,-0.13083491503333336,0.011207281244999999,0.5479524886333332,-0.14533032983333335,0.012123978158,0.5469244101666666,-0.1564340465,0.013888032009300002,0.5330089621333334,-0.13755016007333332,0.09624911516199997,0.4901901731,-0.07424546471666665,-0.01979747374366667,0.4535591774000001,-0.03997549320333332,0.04508670903246667,0.49454936640000013,-0.11415955515666666,0.010392893067666666,0.46510857203333345,-0.13085206775999997,0.17869272979999995,0.3301512625333333,-0.034448356164,-0.07718214457000001,0.4091152042999999,0.09038619159666665,0.2537430362,0.44309332223333336,-0.12353258530000001,-0.16983330140000003,0.4553705537333334,-0.005574164120999999,0.22412924070000004,0.6078148756999999,-0.12771365279,-0.16157616923333332,0.6224917047,-0.076254720603,0.2011863428333333,0.6544693990999998,-0.13228867951999998,-0.12990190084,0.6654487062,-0.12040973620466665,0.1813419111,0.6652327483999999,-0.12743603329,-0.08640635926333333,0.6997040133666667,-0.11177087914266666,0.21799368900000002,0.6020716103,-0.12867945449333332,-0.14530260737999998,0.6435748531333334,-0.209812656,0.08383524463333332,-0.1600704706417333,-0.009723361891333332,-0.08131659750333332,-0.14618674073203328,0.011504407555666667,0.06195010069666666,-0.5641484976333334,-0.0651726217,-0.16731958426666668,-0.4602930544333333,-0.05451795963999999,0.10220365926666668,-0.8785942509666668,0.1093429294433333,-0.16876233669666665,-0.8310922860999997,0.10893837587333331,0.08351187377333333,-0.9028363273666666,0.13150978590666665,-0.16899556390333334,-0.8603552295333333,0.08819833273999998,0.04208500229666667,-0.9208757370666666,0.10480243357666666,-0.24190051263333334,-0.8655624427333335,0.04870869391266666,Donner_g_ch2_g20_compr.mp4,ch2g20
2100.000000000003,0.0036502258693333345,0.5245236435333334,-0.14456633843333333,0.024420346056666677,0.5351733124666668,-0.13851705331666664,0.024569083596666683,0.5392138429,-0.12792201609333334,0.0231685398,0.5386571808333334,-0.1309430535,0.008147905362666664,0.5477716381999999,-0.1457016061666667,0.009084749152333335,0.5467240511333333,-0.1567703448666667,0.010911815052966666,0.5328080388666666,-0.13792348507333332,0.0925417821943333,0.4906295731,-0.07397986517666665,-0.023219913467,0.4530997032666668,-0.04099017169333332,0.042287932825800005,0.4946619754666668,-0.11426473102333333,0.007831795225666665,0.4649907177333334,-0.13136373115999997,0.17633823929999995,0.33192721573333334,-0.033837152015333334,-0.08011969053666668,0.40896286873333326,0.08904646818666666,0.2547926536333333,0.4455436125333334,-0.12148767460333335,-0.17172464223333336,0.4569524888333334,-0.005445727847666668,0.22372212460000002,0.6090201471666666,-0.12607449772333332,-0.16319363266666664,0.6241787784000001,-0.07304098766299999,0.20007110513333332,0.6552641634666664,-0.13049668971999998,-0.13153649067333334,0.6672467617333333,-0.11683381278799998,0.17963460683666665,0.6660378779999998,-0.12583183389000002,-0.08845141153,0.7017720979666666,-0.10818754413599999,0.2172546962,0.6032339267000001,-0.12712032862666667,-0.14710175618000002,0.6454512272333334,-0.199650884,0.08368057430666666,-0.15979062769606664,-0.009482535347,-0.08119698017,-0.14646929640019996,0.011290873358333333,0.06231130310666667,-0.5631288528666668,-0.06519159112666667,-0.16865499900000006,-0.46028120503333325,-0.05461700864999999,0.10225922046666668,-0.8781421974333334,0.10840582944999999,-0.1723913160833333,-0.8308649877666664,0.10777474244999997,0.08340151552333332,-0.9025413102,0.13047662580666666,-0.1729788178766667,-0.8601470146000001,0.08700424644333331,0.04120060699666667,-0.9210383067666668,0.10414183628999998,-0.24658072506666667,-0.8649160800333335,0.04792136534309999,Donner_g_ch2_g20_compr.mp4,ch2g20
2116.6666666666697,0.0007817547493333338,0.5242621069000001,-0.14424347056666664,0.02123124703666668,0.5350184735000001,-0.13809620578333334,0.02133510066333335,0.5390600689,-0.12752306159333335,0.019955021809999998,0.5385016266333332,-0.1305595755666667,0.0049298646119999975,0.5474792038999999,-0.14552621653333334,0.005884642775666668,0.5464086909,-0.15653562526666667,0.0077783884523,0.5324786883999999,-0.13774044167333332,0.08873345961433332,0.4910672856,-0.07338030900666666,-0.026653119696999995,0.4526065583000001,-0.04138720413333332,0.03930317684246667,0.4947085704000001,-0.11386209992333333,0.005107642392333334,0.4647709574000001,-0.13129504649333332,0.1740077461333333,0.33348581063333327,-0.03242550608533334,-0.08309787138333333,0.40888069776666663,0.08824824674333331,0.2552454909666666,0.4472916176000001,-0.11830995578666668,-0.17387262823333335,0.45854510506666674,-0.004870595117666668,0.22286019423333336,0.6093073601,-0.12310633045666666,-0.16540458599999996,0.6256911250666668,-0.06990709868633332,0.19857355729999998,0.6551729444999997,-0.12735398962,-0.13390350687333336,0.6687445768333334,-0.11345435571799997,0.17762205152000002,0.6658006376333332,-0.12293151459,-0.09120344367,0.7035546066333335,-0.104801620456,0.21610206903333334,0.6034696352333333,-0.12425233889333333,-0.14952485488,0.6470797055999999,0.0254210327,0.08351899331666665,-0.15950694718139993,-0.009229783155,-0.08107170511666668,-0.14675291640286664,0.011063025118666667,0.06291379430666666,-0.5620681077333335,-0.06518792494333334,-0.16978973196666672,-0.46030411409999994,-0.054865289809999995,0.10254071953333334,-0.8778191283666668,0.10734738233666666,-0.17593477049999998,-0.8306964074333331,0.10639299230333331,0.08352428892333333,-0.902398269,0.12930994956,-0.1769067441,-0.8600026163666666,0.08560855711999998,0.040864155663333325,-0.9214378287333335,0.10328228255333333,-0.25103281403333333,-0.8643963374666668,0.04675927414079999,Donner_g_ch2_g20_compr.mp4,ch2g20
2133.333333333336,-0.0020090282539999985,0.5238346065000001,-0.14368063729999997,0.01811885264333335,0.5347173886000002,-0.13744905081666667,0.018186330456666688,0.5387664604000001,-0.12689998319333334,0.016832250963333323,0.5382160528333332,-0.1299396477666667,0.001831837901666664,0.5470399355666666,-0.1451221621,0.00280119535866667,0.5459397871333334,-0.15605514226666672,0.004763337340666667,0.5319831257666666,-0.13731937460666666,0.08501203933366665,0.49143852716666664,-0.07258351511,-0.029974799136999995,0.4520571842666668,-0.04157324544333332,0.036406569672466665,0.4946395502000001,-0.11321642862333332,0.002470295541666668,0.46441685520000003,-0.13097175959333332,0.1716821263666666,0.3349353211,-0.030637213149833333,-0.0860562846,0.40890399723333326,0.08775918962666666,0.2556653058333333,0.4490848541333334,-0.11425815124666669,-0.17606561723333336,0.46085087696666677,-0.0033812711810000022,0.2219083130333334,0.6100227310666666,-0.11905224752333332,-0.1679776415,0.6284636510000001,-0.06538658805299999,0.19700947133333332,0.6556692783333331,-0.12314559198666668,-0.13672668634000001,0.6717502145666668,-0.10873915459799999,0.1755388895366667,0.6663386549999999,-0.11905369823333334,-0.09434197765999999,0.7068418644000002,-0.10008943246266666,0.21485910356666668,0.6042540542,-0.12033622432666664,-0.15232101704666665,0.6500601444666666,0.0738886669,0.08334607038666665,-0.15921525785139992,-0.008976953430333333,-0.08093657865333335,-0.14704323211179998,0.010835170470000002,0.06371850829,-0.5609564155333334,-0.06517272898666666,-0.17075752563333338,-0.4603235107333333,-0.055221044603333325,0.1031141575,-0.8775397236666669,0.10601405522666665,-0.17930794113333332,-0.8305602525333332,0.10494270970666664,0.08392535566333333,-0.9023119207,0.12780444152666667,-0.18068556750000003,-0.8599031680333332,0.08415880104333331,0.04055057897999999,-0.9219097425333334,0.10182675475999999,-0.2553114098,-0.8639209606,0.045521161801800006,Donner_g_ch2_g20_compr.mp4,ch2g20
2150.0000000000027,-0.005484795982666664,0.5235132003666667,-0.1427151766333333,0.014348090096666677,0.5345273392000002,-0.13639757471666664,0.014404774180000014,0.5385880041000001,-0.12588410572666667,0.013079055943333324,0.5380416714999998,-0.12890834610000002,-0.0018345527066666698,0.5467201109333333,-0.14421772816666667,-0.0008825462416666662,0.5455856680333334,-0.15501513706666672,0.001154245270666664,0.5315963274,-0.13637246490666668,0.08106775698366664,0.4918936523333333,-0.07147215541,-0.03354560902033333,0.4515720442000001,-0.04096485815666666,0.033023973545799994,0.4946589137666667,-0.11221062631666666,-0.0006950873363333332,0.4641441818333334,-0.13013787495999998,0.16921423006666664,0.33652773269999997,-0.0285404421847,-0.08918203066333334,0.40931739923333327,0.08851439959999999,0.2559328929333333,0.45149127840000003,-0.10878418883666668,-0.17848889770000004,0.4650713527000001,0.0013724828556666636,0.22075142760000005,0.6118871107,-0.11137197755666665,-0.17131798166666667,0.6340208940333335,-0.05529473664633333,0.1952883671,0.6577775581999998,-0.11499729569666668,-0.14034588010666668,0.6780615577000002,-0.098193893578,0.17336743570000002,0.6684406465666666,-0.11122233665,-0.09846417789333332,0.7135453822666669,-0.08961851836933334,0.21344712713333336,0.6062443963333335,-0.11273213867,-0.15595652734666668,0.6559940133666667,0.0219049174,0.08316666884999997,-0.15890820737973327,-0.008809888735666667,-0.08079603735666668,-0.1473518888431333,0.010693935153333336,0.06471289642666667,-0.5597168624,-0.06548878408,-0.17172638870000004,-0.4603931021333333,-0.05554035450666666,0.103888026,-0.8771505232000002,0.10443694365666667,-0.18241526039999997,-0.8305214399999998,0.10309746091999997,0.08455732955333332,-0.9021046098,0.12606526491333334,-0.1842369413,-0.8599355909666666,0.08234160417999999,0.04053136144666666,-0.9223586986333333,0.10017968731666665,-0.2594812355,-0.8636494555,0.04397968797646667,Donner_g_ch2_g20_compr.mp4,ch2g20
2166.6666666666692,-0.009335626313333331,0.5232120598333334,-0.14172545839999998,0.010168745520000006,0.5343568103000002,-0.1352962549833333,0.010215807303333347,0.5384310154,-0.12482732036000002,0.008916150329999985,0.5378872318999998,-0.12783500703333334,-0.005934684130000002,0.5464111109333334,-0.14325753260000001,-0.004993350571666667,0.5452419797000001,-0.15392341146666672,-0.0028828713060000018,0.5312183445333333,-0.13537538847333336,0.07675702366699996,0.4923983546666667,-0.07028414133666668,-0.037531618960333336,0.45109483550000007,-0.04029159922999999,0.02929867908913333,0.4947159117,-0.11118594721666666,-0.0042278130030000026,0.4638953086,-0.12929191542666663,0.16661384606666663,0.33819455176666663,-0.026253338940633333,-0.09251820768333333,0.40990662576666664,0.08897594866333333,0.25603323586666665,0.4533527950333333,-0.10355384737000001,-0.18107747180000003,0.46917906640000007,0.004429031019999999,0.21935748410000003,0.6129270885666667,-0.10498071890333333,-0.1748386705666667,0.6389800898666668,-0.04836282155933334,0.1933265644,0.6588715895333331,-0.10829513447666668,-0.14406194284999999,0.6834877857333336,-0.09106898755466666,0.17097870034333335,0.6695572342999999,-0.10483675494666667,-0.10252594249999997,0.7193544430000004,-0.08241518950600002,0.21179730186666668,0.6073991091666667,-0.10645957730333333,-0.15968521114666667,0.6612347181000001,0.0356075913,0.08297636736333332,-0.15858290721473328,-0.008634261244,-0.08064667929333336,-0.14768103273779995,0.010544656096666667,0.0657624925,-0.5582928726666666,-0.06578205731,-0.17208294416666667,-0.4605824134666667,-0.05581272786666666,0.10461974478,-0.8767420962666668,0.10276145449666667,-0.18524586809999996,-0.8306785229999999,0.1011566989233333,0.08515462496666665,-0.9019070700666666,0.12421811348333335,-0.18757060946666668,-0.8601869278666666,0.08042479205999999,0.04078357526999999,-0.9227894594333332,0.09843774070333332,-0.2634175595,-0.8635715738666667,0.0422262564498,Donner_g_ch2_g20_compr.mp4,ch2g20
2183.333333333336,-0.013322282196666663,0.5230108345666666,-0.14050777966666664,0.0058468671166666715,0.5343046363666667,-0.13391319841666663,0.005885573816666679,0.5383998918333334,-0.12347913782666668,0.004612426259999987,0.5378686868999998,-0.12647891343333334,-0.010205065356666666,0.5462021450000001,-0.14205245483333334,-0.009275629568333334,0.5449970344333335,-0.15259862720000003,-0.0070955567926666695,0.5309221235999999,-0.13412978874000003,0.0722745675403333,0.49310237183333333,-0.06865240768333333,-0.041805104266,0.45076541253333346,-0.039346436153333324,0.025445280899133334,0.4949115850666667,-0.10987529795,-0.007924676479666668,0.4637512694,-0.12821171039333332,0.16388628536666663,0.3401167417,-0.0237546472013,-0.09591142484333333,0.4108889977333333,0.08955693549999999,0.25570336836666663,0.45475505986666664,-0.09828475863666668,-0.1837403500333334,0.4742165350666667,0.007466916683333333,0.21771821580000003,0.6134971612999999,-0.09865443986666665,-0.17857559046666668,0.6449848862666668,-0.04114118547396666,0.19111351346666666,0.6595031285333331,-0.10183007422000001,-0.14805204539666664,0.6899116953333335,-0.08359786222133332,0.16839613516,0.6703493996666666,-0.09858959546333335,-0.10679190019666664,0.7261007351000003,-0.07488091965266669,0.20991854510000002,0.6081664574000001,-0.10027221112,-0.16360858554666666,0.6674834127666668,0.038917616,0.08275480870333331,-0.1582148149590666,-0.008460776699333332,-0.0804645597866667,-0.1480566107121333,0.010396417778,0.06686313187666666,-0.5564639130999999,-0.06610751295333334,-0.17205170886666668,-0.46087410666666667,-0.05582166260333333,0.10563869934666667,-0.8763247763333334,0.10039587206,-0.1879121681333333,-0.8310618086999998,0.09932954065666663,0.08607364613666665,-0.9017408267333332,0.12160580407666668,-0.19078204313333333,-0.8606971694666665,0.07859752574000001,0.041096504993333324,-0.9231102357333333,0.09572282910333332,-0.2672922453666667,-0.8636502977,0.0405531764148,Donner_g_ch2_g20_compr.mp4,ch2g20
2200.0000000000023,-0.01764685349333333,0.5228204593,-0.13933256233333333,0.0012377172966666723,0.5342698928333335,-0.13261059355000002,0.001260055320000008,0.5383891908000001,-0.12223949729333335,1.0532686666654933e-05,0.5378755056666665,-0.12521120063333332,-0.014811140623333332,0.5460149228333334,-0.14090988593333334,-0.013884434001666664,0.5447778661666667,-0.1513442921666667,-0.011633332279333337,0.5306395896333332,-0.13294517747333334,0.06760453599699998,0.49386768156666666,-0.06724959001666668,-0.04631779947466667,0.4504864071333335,-0.038517381249999996,0.021293690605800004,0.49513829930000003,-0.10864489865666667,-0.011939237556333337,0.46362381083333326,-0.12721362665999997,0.16096429083333333,0.3419936154666667,-0.021289097451966662,-0.09940885105333333,0.41187522016666667,0.08988896764333333,0.2546219916,0.4553618093,-0.09422633699333333,-0.1865090175666667,0.47920071720000007,0.00951169334733333,0.21547377110000002,0.6135244364,-0.09543960612,-0.18215131260000003,0.6512529738333335,-0.03552294092729999,0.1884218074333333,0.6596213682666665,-0.0985220249966667,-0.15178516749999998,0.6965777735000003,-0.07782928769466665,0.16534156274999998,0.6705400749333332,-0.09566810833333333,-0.11072437125999998,0.7330604953000003,-0.06902472033933335,0.20746827810000004,0.6083521835000001,-0.09720641740666666,-0.16731270453333333,0.6739529625,0.0307873767,0.08252850153999998,-0.15778992267439995,-0.008252072067999999,-0.08027385919666669,-0.14848539895679994,0.010213975410333332,0.06799735052666667,-0.5544580200999999,-0.06630826549333332,-0.17147855803333337,-0.46126938679999996,-0.05566034213666666,0.10659986331333333,-0.8759300068333334,0.09834926595999999,-0.19031540776666664,-0.8315329396999999,0.09768848744666664,0.08693008416666664,-0.9016319469333333,0.11935980669,-0.1937334349333333,-0.8612959000999999,0.07692278237333333,0.041614333069999995,-0.9233995149666666,0.09315475755666666,-0.2705811104333333,-0.8639471189,0.038974154270800004,Donner_g_ch2_g20_compr.mp4,ch2g20
2216.666666666669,-0.022060741219999996,0.5226930365,-0.13771166916666663,-0.0035032734033333245,0.5343095199666668,-0.13075003257,-0.0035020893133333236,0.5384674855000001,-0.12042605800000002,-0.004727211296666675,0.5379656576666666,-0.12338812054333333,-0.019629400846666666,0.5458479602666667,-0.13925076630000002,-0.01870064178833333,0.5445910652333333,-0.14958692423333333,-0.01638093111266667,0.5303971338333333,-0.13124003090666667,0.062738417637,0.49477291273333335,-0.06500125326666668,-0.05129097996666667,0.4501649473666668,-0.03694106754733333,0.01703625974913333,0.4954622803333334,-0.10686436412333335,-0.016126038049666665,0.4635430365999999,-0.12568429415,0.15790935260666666,0.3438300435,-0.018235538958633328,-0.10323814128333333,0.4126572331333333,0.09071059829666665,0.2531618451666667,0.45577607946666665,-0.09002857917999998,-0.1894205196666667,0.4839328034666668,0.011853871337333333,0.21282532416666672,0.6129946146999999,-0.09232875851333333,-0.18552656220000002,0.6574183372333335,-0.029775095347299992,0.1852429509,0.6590689542666666,-0.09547416893666669,-0.15522344678666666,0.7031338056000003,-0.07220767793133331,0.16157521255333332,0.6700399979333334,-0.09289507718000001,-0.11431275688999996,0.7397803169666669,-0.06351961136933336,0.20452310483333336,0.6079513442666669,-0.09421691379333333,-0.1707698651,0.6802329933,0.0326296128,0.08232266558999998,-0.15731966097939995,-0.008003141427333334,-0.08009779351333335,-0.14894823887246664,0.009984261033333332,0.06916446516000001,-0.5523168304999999,-0.06633433457666665,-0.1708324243,-0.46164754646666667,-0.05546478451333333,0.10756639433666666,-0.8752458289666668,0.09605756428666666,-0.19256853533333335,-0.8319579386999999,0.09606817267999998,0.08780377202999999,-0.9012266315333332,0.11680619445000001,-0.1965097522333333,-0.8618245934999998,0.07527044068000001,0.04247219415999999,-0.9232843667333333,0.09000256666433332,-0.2736511991666667,-0.8641728674999999,0.03719520692480001,Donner_g_ch2_g20_compr.mp4,ch2g20
2233.3333333333353,-0.026809548620000002,0.5222963119666666,-0.13609600396666666,-0.008586966593333327,0.5340856290333335,-0.12896796543666667,-0.008617612859999993,0.5382781533333333,-0.11870431177333336,-0.00982204833333334,0.5377852761333334,-0.12164583008333331,-0.024789173539999997,0.5453922787666666,-0.13762019686666666,-0.023850898954999998,0.5441184638666666,-0.14787186516666664,-0.021460883359333334,0.5298713115666667,-0.12958091650333334,0.05760375129033335,0.4955601391000001,-0.06297259148666667,-0.05648494293666667,0.4496122732333334,-0.03543757553166666,0.012492461332466669,0.4955537417,-0.10510539753,-0.020598189322999998,0.4632107863999999,-0.12415512209,0.15457896417666667,0.34546762350000004,-0.015312636265299993,-0.10718197698666666,0.4131053607333333,0.09164924033666665,0.25110294673333333,0.4555567204666667,-0.08688355847333333,-0.19273704626666668,0.4880795681666668,0.01436432900733333,0.20938503993333338,0.6119392866333332,-0.09087101746333333,-0.1890377908666667,0.6630695589000001,-0.022483315930633328,0.18127191559999997,0.658074117,-0.09403269803000001,-0.15874178826666666,0.7092373454000003,-0.064775005628,0.15688124670666664,0.6690637762666668,-0.09158408990666668,-0.1179792051233333,0.7459840915666669,-0.05666746277266669,0.20075510086666667,0.6070415111666669,-0.09279902795,-0.17436173836666666,0.6859688714666666,0.0185920876,0.08212854600333333,-0.1568052481840666,-0.007729496541333333,-0.07993170070000002,-0.14944179033079996,0.009720804544666665,0.07032592412333334,-0.5503202824999999,-0.06634222192999999,-0.1699290717,-0.4621567082,-0.05518535551999999,0.10870977140333332,-0.8747293981333335,0.09379344062999999,-0.1944762430666667,-0.8324375057666665,0.09512477345666664,0.08886227278999999,-0.9010248837333333,0.11426499340000001,-0.19892954039999997,-0.8623569404666664,0.07430327212000001,0.043128040519999994,-0.9233896596,0.08659375186766666,-0.276350249,-0.8643627579666666,0.03592905441813334,Donner_g_ch2_g20_compr.mp4,ch2g20
2250.000000000002,-0.03230561768,0.5218391562666667,-0.13500011766666664,-0.014285054156666659,0.5338004156666667,-0.12779731060333333,-0.014343668403333329,0.5380224446333334,-0.11758531328333337,-0.015530990133333335,0.5375490271666666,-0.12050959492999998,-0.030540076779999998,0.5449325958333332,-0.13647041656666667,-0.029582965765,0.5436368265666667,-0.14666543336666668,-0.02713079559266667,0.5293326345666667,-0.12844310433666667,0.052195594860333344,0.4962162829333335,-0.061581700773333345,-0.061822659270000004,0.4491408819333334,-0.03408814106083333,0.007312899159133336,0.4955160139333334,-0.10391367021666668,-0.025655909662999996,0.4628233343333333,-0.12298437462333334,0.15092953701,0.3469051355333334,-0.012614235091966668,-0.11121920833333333,0.4133978784666667,0.09248342421666665,0.24856748983333335,0.45574047763333336,-0.08442093646333332,-0.1962760680666667,0.49241561733333344,0.016961213197333333,0.20547080686666672,0.6114906484333333,-0.08973505339333333,-0.19298535930000002,0.6694668598666668,-0.014762467263966662,0.17690196803333333,0.6576185328333334,-0.09316124583666668,-0.16273606911666666,0.7162028435333336,-0.05656354199466666,0.15187824010666665,0.6684101856666667,-0.09085346387000001,-0.12218393370333332,0.7530738455333336,-0.04836408871600002,0.19659700186666668,0.6066654178000003,-0.09179854138666665,-0.1784365175333333,0.6925057863666666,0.0334199816,0.08193868952666668,-0.15625353697506658,-0.007455440548333333,-0.07976839130666669,-0.1499675036084666,0.00945010935233333,0.07144287381333334,-0.5485345322999998,-0.06644813093333332,-0.16901651366666665,-0.4633095057666667,-0.054616353189999994,0.11000451740999999,-0.8751171442333336,0.09053526354666665,-0.19610375633333335,-0.8336943471999999,0.09452237091666665,0.09010082129666665,-0.9017815170333333,0.11058998509333334,-0.20103154039999996,-0.8636571998999998,0.07362993148666666,0.04366206541666666,-0.9243569098666666,0.08168695769066667,-0.27848265333333333,-0.8652504558999998,0.034743293027466676,Donner_g_ch2_g20_compr.mp4,ch2g20
2266.6666666666683,-0.03838536546666667,0.5213328625,-0.13499982709999997,-0.020422205426666666,0.5334618295,-0.12780122190333335,-0.020507541189999996,0.5377021948333334,-0.11761957999333336,-0.021681326206666667,0.5372510436666667,-0.12054590136333332,-0.03679483360666667,0.5444512346666665,-0.13642111433333334,-0.03581374340166667,0.5431357263333333,-0.14659899653333333,-0.03329719610266667,0.5287849095999999,-0.12841431306999998,0.04669657626366668,0.49678315686666674,-0.061438240090000006,-0.06730874865,0.44874451503333335,-0.033418840472833326,0.001667090832466667,0.4954010823,-0.10382763861000001,-0.03118305943966666,0.4624184935999999,-0.12275417752333334,0.14713969064666663,0.34821938913333345,-0.010922150775300002,-0.11539320946333333,0.4135588149666667,0.09284784675666667,0.24554178063333335,0.4559389098666667,-0.08342770999333332,-0.2003128244,0.49597271626666684,0.018408652517333333,0.2011423692333334,0.6113415434333334,-0.09050849344666666,-0.1974203765,0.6751822638333335,-0.009080074343966666,0.17226746499999998,0.6574517115,-0.09429261152000001,-0.16745673113999998,0.7224289261666669,-0.050358667521333327,0.1467089992133333,0.6680314456666668,-0.09204590697000001,-0.1272115448833333,0.7595244112000001,-0.041963746192666684,0.19210969846666667,0.6065669596333335,-0.09269614733666666,-0.18305351466666667,0.6983495866666665,-0.0412298068,0.08175652109333334,-0.1556869409650666,-0.007174412245,-0.07961124217000001,-0.1505073057704666,0.00917328716033333,0.07249930728,-0.5471640675333332,-0.06673239194,-0.16802377096666665,-0.4649899276,-0.053707126679999995,0.11129236589999998,-0.8763282569666669,0.08654694950666665,-0.19726714263333336,-0.8358671113666666,0.09432322484666666,0.0913395309933333,-0.9033621904666667,0.10614307949999999,-0.20258933856666664,-0.8659003134333331,0.07332154388666666,0.04411573735333333,-0.9262135965333332,0.07603768547666667,-0.2798194995666667,-0.8671840781666665,0.033770984900800015,Donner_g_ch2_g20_compr.mp4,ch2g20
2283.333333333335,-0.044603090776666666,0.5207803453000001,-0.13543051909999998,-0.026745221623333332,0.5330647016333334,-0.12820280148666668,-0.02686640185666666,0.5373217582666667,-0.11804094658666668,-0.028034049359999997,0.5368912084333333,-0.12096893091666665,-0.04332272015,0.5439026334999999,-0.1368256711666667,-0.04230780232833334,0.5425779460666666,-0.1470069963,-0.039719471406,0.5282023745,-0.12883797569666666,0.04098001808033335,0.4973268466000001,-0.06162958223666667,-0.07313983744333333,0.4482762014,-0.0331878708595,-0.004145567907533331,0.4952751973,-0.10412023086000001,-0.03689740018966667,0.4619972854666666,-0.12295830059000001,0.14322358278666666,0.34952471793333345,-0.009586276078633334,-0.11989146882,0.4136008402333334,0.09256238274333334,0.24236223793333334,0.45636471696666664,-0.08273942585666666,-0.20434656426666667,0.49827285950000016,0.017044264139666667,0.19676235370000006,0.6115601792333333,-0.09131811948,-0.20201143866666665,0.6793449409666668,-0.009036095543966664,0.1675770009,0.6574999455666667,-0.09536643689666667,-0.17244318080666668,0.7270178798333334,-0.05047852948799999,0.14148847697,0.6679347550666669,-0.09319688283666668,-0.1326134328833333,0.7643011612000001,-0.04202804869266668,0.18759844443333332,0.6068238695666669,-0.09360895670999998,-0.18789487833333332,0.7025773446999998,-0.0375031233,0.08165066945333332,-0.15511745248439993,-0.0068383342799999995,-0.07952564319333334,-0.15104859459379993,0.008834805174,0.07351198547666667,-0.5463617989333333,-0.06701769652666666,-0.1669273589333333,-0.46668929063333336,-0.05308090252666666,0.11270050799666664,-0.8776907059000003,0.08290668050333332,-0.19793062526666672,-0.8381231352666667,0.09406671154,0.09269784421666664,-0.9050662733666666,0.10211651529999999,-0.20349765573333328,-0.8682305093333331,0.07296487714333333,0.04490648656666667,-0.9283157907666666,0.07096224777766666,-0.2801935465333333,-0.8696357423666666,0.03270005173080001,Donner_g_ch2_g20_compr.mp4,ch2g20
2300.000000000002,-0.05079827100666666,0.5202132567666667,-0.1359993813333333,-0.03309080002333333,0.5326354727000001,-0.12872207688666668,-0.03324997361999999,0.5369021515000001,-0.11857102163000001,-0.03441460589,0.5364854339333333,-0.12150346686333331,-0.04990154978,0.5433125991666665,-0.1374080977,-0.04885558292833333,0.541980481,-0.14759762693333334,-0.046181913282666666,0.5275981503000001,-0.12943079676333333,0.03509789361033334,0.4977833784333334,-0.061762292350000005,-0.07915723963666667,0.44767452830000004,-0.033289721289499995,-0.009993764307533333,0.4951408126666667,-0.10450536236666669,-0.04263165311966667,0.46155466083333324,-0.12336747606333336,0.13930396271,0.3507307503666668,-0.008392150088966668,-0.12460224392333333,0.41338218256666664,0.09180405345,0.2391756747666667,0.4568460860666666,-0.08203454380999999,-0.20834332156666666,0.49953346596666687,0.01516929659966667,0.19241220506666673,0.6119925274999999,-0.09230837069666667,-0.2068923488,0.6823778528,-0.009876943743966665,0.16296317300000002,0.6577286585333334,-0.0962711676,-0.17795060551333333,0.7304741684000001,-0.051275178321333326,0.13642690240333336,0.6680895781333335,-0.09410511457000001,-0.13858548277333332,0.7679928901000002,-0.04273251995933334,0.18317098809999996,0.6073260744666668,-0.09456676534333333,-0.19309814253333332,0.7057018241666665,0.00501584169,0.08159666526333334,-0.15454969247639994,-0.006440881319766668,-0.07949226235666666,-0.1515853280244666,0.008442183944666668,0.07464456797666667,-0.5457487999333331,-0.06715292691333333,-0.16570225796666666,-0.4684135278666667,-0.052944302836666665,0.11409423670999999,-0.8791342767333337,0.07952554134666664,-0.19796675810000006,-0.8408651555666666,0.09332409031666666,0.09397890426333332,-0.9068423745666667,0.09835657084999999,-0.2037044118333333,-0.8711028670999997,0.07206396498333333,0.04589594409666667,-0.9304484878666666,0.06606092518633333,-0.2801260254,-0.8726863955333332,0.03100795037079999,Donner_g_ch2_g20_compr.mp4,ch2g20
2316.666666666668,-0.056915733883333326,0.519569163,-0.13578626766666665,-0.03938475174666666,0.5321222946,-0.12850232648666665,-0.03958506097333332,0.5363962153333334,-0.11835187296333334,-0.040743717379999995,0.5359880352666666,-0.12130902482999999,-0.056423792496666667,0.5426340085333333,-0.13719823523333333,-0.05534731241833333,0.5412974892333333,-0.1474036148,-0.052583652466,0.5269143479333334,-0.12924176659666664,0.029182421690333336,0.4981257415666668,-0.06137263803666667,-0.08515788926666666,0.4469442065,-0.032697223426166655,-0.015808812077533332,0.49494181660000003,-0.10417536646666668,-0.04830031920300001,0.4610378091999999,-0.12302331833000002,0.13537598484333332,0.35181362966666674,-0.006804100000633333,-0.12936816847333332,0.4129682227333333,0.09164904114000001,0.23582990413333338,0.45739844429999993,-0.08115287241000001,-0.21229177216666667,0.5001287514666668,0.013708104999666668,0.18786648740000006,0.6124260837666666,-0.09241885312,-0.21219785113333334,0.6843697327333332,-0.011371237677300004,0.15817345276666664,0.6578558667666667,-0.09621260406666667,-0.18400826106666668,0.7328018291333335,-0.05288448088799998,0.13123935892666666,0.6681273376666668,-0.09402667733666668,-0.14509186457666667,0.7705480761333334,-0.044274055992666664,0.1785869386666666,0.6078125914333333,-0.09462579804333335,-0.19874568213333332,0.7077580930333331,0.0271717701,0.08155600247666665,-0.15398219454239995,-0.006044740363100001,-0.07947399228999999,-0.1521190354787999,0.008045534689333335,0.07571948642000002,-0.5453005442,-0.06753286355666667,-0.16441576123333332,-0.47010996546666667,-0.05322988771,0.11536238463333333,-0.8806229067000003,0.07557939013,-0.19736504823333337,-0.8437205518333334,0.091795049,0.09509916610333331,-0.9086638170333333,0.09396963408666666,-0.20320217963333329,-0.8741108492666664,0.07027538046666666,0.04670614221,-0.9325728073333331,0.06044252014899998,-0.27965011409999996,-0.8757239157999999,0.0282717539508,Donner_g_ch2_g20_compr.mp4,ch2g20
2333.3333333333344,-0.06302213227333334,0.5187151734666666,-0.13531615013333334,-0.04570592216333333,0.5314006711,-0.12802552035333334,-0.04594942130666666,0.5356809953666667,-0.11787205739666667,-0.04710098938,0.5352725132999999,-0.12086191472999998,-0.06297458359666666,0.5417479616333333,-0.1367455335,-0.061867473384999996,0.5404054818999999,-0.14697091636666665,-0.05900853486266666,0.5260285613333333,-0.12880928573,0.023115352330333343,0.4982431309333334,-0.06080022284333333,-0.09128321864,0.4460042233666667,-0.0319839708395,-0.021661592817533333,0.49454841996666665,-0.10360341195666668,-0.05398262445633334,0.4603210395333333,-0.12244945026333337,0.13134045037999997,0.35272259256666677,-0.0050167255986333335,-0.13425805095333332,0.4122596605999999,0.09147900846000001,0.23239047723333336,0.45792288369999995,-0.07985396600333333,-0.21579101579999999,0.4998714372333335,0.012081247259666665,0.18300509930000003,0.6128172015,-0.09176439585333335,-0.21697187173333332,0.6861259795999999,-0.013155076077300001,0.15301215842999996,0.6579552853333334,-0.0954188952,-0.1894439747,0.7351269745333334,-0.05475733632133333,0.12562918920333332,0.6681312914666667,-0.09327533150333334,-0.15112746841333335,0.7731456883000001,-0.04603071515933333,0.17366712063333328,0.6082689703,-0.09398205991000001,-0.20395894476666665,0.7096496424666664,0.050926,0.08153279789333333,-0.15341480336906663,-0.005603620805766668,-0.07947312230999999,-0.15264978973479992,0.007603653192926668,0.07680086902666668,-0.5450010437666667,-0.06804135525,-0.1630101322,-0.4719471236666667,-0.05378561086999999,0.11674719423333334,-0.8819585236000003,0.07117757427999999,-0.19665391963333337,-0.8466670061333333,0.0896923136,0.09635307422666665,-0.9103391267666666,0.08908391101666666,-0.20259060269999996,-0.8772216633666664,0.06786892147666666,0.047745340809999995,-0.9344459349666664,0.054431706828999976,-0.27913533760000003,-0.8787875289666666,0.024963247517466668,Donner_g_ch2_g20_compr.mp4,ch2g20
2350.000000000001,-0.06906956576,0.5176296218666666,-0.13437000710000002,-0.05196930762999999,0.5304340844333333,-0.12703849748666668,-0.05225560638333333,0.5347150921666668,-0.11688217103000001,-0.053398635093333334,0.5343009734666666,-0.11990220246333332,-0.06947348725666666,0.5406157455999999,-0.13579611693333332,-0.06833805416833331,0.5392711240333332,-0.14604522096666664,-0.06537964281266666,0.5249164128666667,-0.12787872436333333,0.01701475274366666,0.4981844830333334,-0.059550223843333326,-0.09754163271666666,0.4449242627,-0.030799054096166668,-0.027482093667533333,0.49397704983333335,-0.1025036434266667,-0.05963914710633334,0.45942492739999996,-0.12141240893000003,0.12730374146666662,0.3534468943000001,-0.002620432551966665,-0.13932894539666668,0.4113112036666666,0.09157565019000001,0.22867020563333337,0.4583033500666666,-0.07815829108666668,-0.2191496248,0.49839471923333345,0.009962172616333333,0.17798394863333333,0.6127228135666666,-0.09063444255333335,-0.22179939943333332,0.6862696188666666,-0.0159297517773,0.14759654026999997,0.6573529088666668,-0.09419266596666667,-0.19500624589999999,0.7356432679666668,-0.05771590775466667,0.11959140333,0.6674300284333334,-0.09208626900333335,-0.1572845345766667,0.7739227123333333,-0.048839333692666666,0.16853937676333325,0.6082136492333333,-0.09288598437666667,-0.20923575836666664,0.7098282755999998,0.0634875447,0.08153884055999999,-0.15285172968306662,-0.005091449423766669,-0.07950347100666666,-0.15317070032846658,0.007094237897260002,0.07790021908333335,-0.5448855766666667,-0.06857469835666666,-0.16148226176666666,-0.4737337748666667,-0.05461099003666666,0.11814319736666666,-0.8832886529000002,0.06647605700166666,-0.19568743530000002,-0.8494565074999999,0.08746327660000001,0.09759766465333332,-0.9119977670666666,0.08385517920333331,-0.20166834996666663,-0.8801585173333331,0.06535054917666665,0.04897403704333333,-0.9362752861666663,0.047900870602333306,-0.27814151063333337,-0.8815654570666666,0.021539991587466667,Donner_g_ch2_g20_compr.mp4,ch2g20
2366.6666666666674,-0.07500085860333333,0.5162148917,-0.1332668858,-0.05814123325333333,0.5291028574333333,-0.12587651288666668,-0.05847670634333333,0.5333850877333334,-0.11572083139666667,-0.059621843800000004,0.5329617464999999,-0.1187633650633333,-0.07592866072666667,0.5391388214666666,-0.13472542629999995,-0.07476150453833331,0.5378017880999999,-0.14499982949999995,-0.07169463334266665,0.5234975262999999,-0.12682039996333333,0.010888055126999993,0.4977915851333334,-0.057871670803333324,-0.10384422331333333,0.4435386136666667,-0.029581829522833333,-0.0332204098942,0.49313140299999997,-0.10117223087000003,-0.06524836698966668,0.45825637436666666,-0.1202548387966667,0.12316385839333333,0.3538341100000001,-0.0001654916319666647,-0.1443807059,0.40982482673333326,0.09164485063000002,0.2244322249666667,0.4573839702666666,-0.07652246320333334,-0.2222870921,0.4939853683000001,0.004843960133000001,0.17272568836666666,0.6113178566,-0.09013291418666669,-0.22659598933333333,0.6823644158999999,-0.026418843787299997,0.14185329645999997,0.6554519737000001,-0.0937507437,-0.20052362336666665,0.7320125742000001,-0.06895321010466668,0.11319039807666667,0.665532902,-0.09161332377000002,-0.16337479885,0.7704903674666665,-0.05981513874266667,0.16317919712333326,0.6068929076666666,-0.09235843484333334,-0.2144623203,0.7058666310333331,0.0655130297,0.08156006651999999,-0.15229372391306664,-0.004563503331433335,-0.07955020700666665,-0.15367649935313327,0.006570585226593334,0.07882711229,-0.5450902540666666,-0.06907439129,-0.15984448456666667,-0.4754438688666666,-0.055938114006666664,0.11965182766666667,-0.8846457632333334,0.0621106277643,-0.19450152440000004,-0.8522004907666666,0.08512449142000002,0.09895345896333334,-0.9136733557,0.07903910054999998,-0.2005419215,-0.8830477451999997,0.06270517278999999,0.05015610866,-0.9380728569666663,0.041823062965666645,-0.2769690614333334,-0.8841758245999997,0.017906180634133333,Donner_g_ch2_g20_compr.mp4,ch2g20
2383.333333333334,-0.08083622994333335,0.5142652279333333,-0.13197387206666666,-0.06431129745999999,0.5272750631333333,-0.12454134078666668,-0.06470437445999999,0.5315453526333334,-0.11438848404666667,-0.06585375180666667,0.5311106726000001,-0.1174518681533333,-0.08242637428999999,0.5371129827666666,-0.13347123206666664,-0.08122458221166665,0.5357802906333332,-0.1437615082333333,-0.07803971604933332,0.5215433363666666,-0.12558850903,0.004755192020333325,0.4971349823666667,-0.055961850403333326,-0.11018323926333333,0.44159524196666666,-0.028157172342833332,-0.03885698794753333,0.4918746807666667,-0.09962142487000002,-0.07075591788633334,0.45658241566666663,-0.1188792755966667,0.11904074782666665,0.3540934041333334,0.002449750511366666,-0.14932306927,0.4076507333999999,0.09216029893000002,0.22011258943333337,0.45549998466666664,-0.07493494985666667,-0.22534505426666668,0.48755220423333345,-0.0006791540670000021,0.16707100566333333,0.6084170773666667,-0.08995376943666668,-0.23146492636666666,0.6756872730999999,-0.037152957597299995,0.13552014723333333,0.6520259265333334,-0.09367917513333332,-0.20607933009999996,0.725543127,-0.08041368909133335,0.10636027992000001,0.6620524656,-0.09143928740333335,-0.16952630913,0.7641966335666665,-0.07108170656266667,0.1573649386266666,0.6040652036999999,-0.09208876109333333,-0.21976594656666668,0.6991185328999998,0.066901885,0.08158930930333333,-0.15174456572273332,-0.004031523059100001,-0.07960591623999999,-0.15416627773613328,0.006046479342260001,0.07973933356333333,-0.5452836343666666,-0.06957635553333334,-0.1580549937,-0.4771606336333333,-0.05741043869666666,0.12116292440000001,-0.8860400152000002,0.0576947736943,-0.19320122820000002,-0.8548878277666666,0.08270645925000002,0.10032596222,-0.9154072408999999,0.0742046963063333,-0.19930822306666665,-0.8858719662666664,0.059987362406666654,0.05121878149333334,-0.9399137225999996,0.03582913159233332,-0.27564063206666667,-0.8866842661999997,0.014143216224133334,Donner_g_ch2_g20_compr.mp4,ch2g20
2400.0000000000005,-0.08661824607666668,0.5120710319666667,-0.13069756403333332,-0.07040947895999998,0.5252040401666667,-0.12326030385333335,-0.07087522037333333,0.5294500248666667,-0.11311634532666667,-0.07202200936,0.5290058279666668,-0.11619409168333332,-0.08880210853666665,0.5348470585333333,-0.1322360147333333,-0.08756001105833332,0.5335205116333332,-0.14254828746666667,-0.08424785222266666,0.5193446422333333,-0.12437428342999998,-0.0012516048863333363,0.4961938469,-0.054207559729999986,-0.11603990214333333,0.43943189336666655,-0.026768088736166665,-0.04442992562753333,0.4903424162333333,-0.09810564595666668,-0.07609861512633334,0.4546718066666667,-0.11753177549666668,0.11495953113666667,0.3543683643333334,0.004518743524699999,-0.15381108791666667,0.40514856616666656,0.09264038280333335,0.21589912320000004,0.45286012276666665,-0.07466616345666668,-0.22802717683333334,0.4805085018333335,-0.005450278210333336,0.16115019763999996,0.6043116146333334,-0.09195414664333333,-0.2362873176333333,0.6673990862999999,-0.04645510757396666,0.12910784231,0.6473490202666667,-0.09597923506666667,-0.2116767501333333,0.7172241424666665,-0.09039853142466668,0.09950984690000002,0.6574237477,-0.09357182858333335,-0.17556243771333335,0.7560090613999998,-0.08100482264233334,0.15135021035999993,0.6000538389000001,-0.09399059232666666,-0.2249497347,0.6906969210999998,0.0600382164,0.08162568154666666,-0.15118014107573333,-0.0035064020094333335,-0.07966851775666667,-0.1546611883501333,0.005533342232593335,0.08096374907333333,-0.5455024256666667,-0.06989418687,-0.15595099416666666,-0.4788804203666666,-0.05883078242333333,0.12269385853333332,-0.8877149077000002,0.053436691054299996,-0.1918255410666667,-0.8577181861333334,0.08047336355000002,0.10173404025333334,-0.9175006970666665,0.06953847466766666,-0.19801772039999999,-0.8888300732666664,0.05745325534999999,0.05222376833000001,-0.9420816667333329,0.02985961802899999,-0.27413726979999997,-0.8892605835999998,0.010373231010799995,Donner_g_ch2_g20_compr.mp4,ch2g20
2416.666666666667,-0.09217979484333336,0.5095720019333333,-0.12943113816666668,-0.07635247171333331,0.5228381152333332,-0.12202421275333336,-0.07690409477333332,0.5270479218999999,-0.11188889719666666,-0.07804081138999999,0.5265928392333333,-0.11496673517999999,-0.09498973163666664,0.5322419083666667,-0.13105011776666667,-0.09370513830833332,0.5309235174,-0.14139681163333334,-0.09026316892599999,0.5168084705666667,-0.12320793056333333,-0.007306275733000001,0.49500632766666663,-0.05252379904666665,-0.12178569533666667,0.43688438289999987,-0.025620333716166666,-0.049845041867533336,0.48852219366666666,-0.0966131238,-0.08121803801966668,0.45244560296666675,-0.11624080942666667,0.11082910261666667,0.3544885710000001,0.006227862631366666,-0.15806917543000001,0.4021330201666665,0.09317097962666668,0.2116979121666667,0.44969688043333333,-0.07476701277666667,-0.22999397363333335,0.4719999696000001,-0.009801131977,0.15531884173999996,0.5997223649333334,-0.09440165965333333,-0.24094360916666663,0.6572525349666666,-0.0560230030973,0.12295720667333333,0.6422052506666667,-0.09875293473666667,-0.2172422422,0.7069943303999998,-0.10072550747200001,0.09299042021133334,0.6525301189333333,-0.09625496508666669,-0.18157560014333335,0.7459791315333332,-0.09139812537566666,0.14549849653999997,0.5956451677666666,-0.09638502987333333,-0.2299743645,0.6804441257999998,-0.00616681064,0.08165831931333332,-0.1506020257224,-0.0030065955647666657,-0.07972842042000002,-0.15516180166146662,0.005045502152593335,0.0822211334,-0.5456800614,-0.07010334391333334,-0.15347667719999997,-0.48065424763333325,-0.060171477210000004,0.12409260693333334,-0.8895946395000002,0.04920270292096666,-0.19049695253333335,-0.8606942162333334,0.07826150932000002,0.10300208212,-0.9198502188,0.06489980259879999,-0.19681483209999998,-0.8919273213333332,0.05495257749666666,0.05274311647666667,-0.9444635914333329,0.023787396715666657,-0.27273644639999994,-0.8919633582333332,0.006600280960799999,Donner_g_ch2_g20_compr.mp4,ch2g20
2433.3333333333335,-0.09804625012666669,0.5069974269666667,-0.12840766583333332,-0.08262148088333332,0.5204345877333333,-0.12107394832000001,-0.08325110131999998,0.5246042546333334,-0.11093590536999999,-0.08437397725333333,0.524134998,-0.11399934954666666,-0.10149449288999997,0.5295495804666668,-0.13011072223333334,-0.10017074400166666,0.5282386956999999,-0.1404978802,-0.09659881868933333,0.5141843283666666,-0.12227843139666666,-0.013506331639666667,0.4938052523666666,-0.05127140239333332,-0.12772563247333332,0.43415624056666663,-0.024746164452833334,-0.055453228364200004,0.4866208452333334,-0.09538229060666668,-0.08653357582300002,0.45009898003333343,-0.11518184029333334,0.10663778743333334,0.35454160523333345,0.007112954944699999,-0.16219724459999998,0.3988514188999999,0.09367204211,0.20721868123333337,0.4469937283333334,-0.07541350883333335,-0.23164604650000004,0.46259640306666683,-0.013957127920333332,0.14896639303999995,0.5960803244333333,-0.09679966453666668,-0.24566736519999996,0.6457965540333332,-0.0652228339873,0.11616848211666668,0.6381609742,-0.10127037079666666,-0.22295511669999998,0.6953768943666665,-0.11075619174133335,0.085947713768,0.6487087697666666,-0.09853861697333335,-0.18780287586333336,0.7345800769999998,-0.10167101407566666,0.13914220149333334,0.5921975834666667,-0.09867628470666666,-0.23510610813333335,0.6688944880999999,0.00088147138,0.08167946281999999,-0.1500387811994,-0.002632685043333332,-0.07977879408,-0.15564857980413327,0.004673198853593336,0.08382639949,-0.5456679040333333,-0.07038275742333334,-0.15079579559999998,-0.48238104186666664,-0.06136157062,0.12543077516666667,-0.8913083425666668,0.04484788970763333,-0.18911738813333334,-0.8634753212666666,0.07583003233,0.10419634638000001,-0.9220561628666666,0.060157101334466674,-0.19556713153333333,-0.8948167260333333,0.05221288328333333,0.05291626200666667,-0.9468262678999996,0.017730516519000004,-0.27127743396666665,-0.894651541633333,0.0025202927341333352,Donner_g_ch2_g20_compr.mp4,ch2g20
2450.0,-0.1039417497266667,0.5045150485,-0.12761287316666664,-0.08881749985999998,0.5181265190333333,-0.12041350575333334,-0.0895141156133333,0.5222618616333334,-0.11026768490333332,-0.09062713308666666,0.5217787211000001,-0.11331747017999999,-0.1079496631173333,0.5269690351,-0.129374397,-0.10658949626299999,0.5256617306,-0.139806133,-0.102895189684,0.5116628969000001,-0.12155530309666668,-0.019523585682999996,0.49266905469999994,-0.05040905890666666,-0.13355676405333333,0.4315123633,-0.02396252163616667,-0.061067653597533335,0.4848002929,-0.09442607938000001,-0.09188292719366668,0.44784599793333346,-0.11429806979333333,0.10245989285666668,0.3546427642666668,0.007660150557699998,-0.16616785939999998,0.39564422609999994,0.09414669277333335,0.20260945110000003,0.4453230200666667,-0.07642536847333334,-0.23270730770000003,0.4526568795333335,-0.017891563093666664,0.14248699326333333,0.5931147926666666,-0.09921558658333333,-0.2500842253333333,0.6328487016,-0.0740904342473,0.10936757431266667,0.6345620696,-0.10394339944333333,-0.22846593316666663,0.6820349151999999,-0.12040455187300002,0.07907808442466668,0.6451364845666665,-0.10081843367666668,-0.19380648715666668,0.7214792184666666,-0.111498875569,0.13275525957666667,0.5893019659666666,-0.10111818629666666,-0.2399423569666667,0.6558295790999998,-0.0158253498,0.08167789497,-0.14950027620606668,-0.0023508573569999986,-0.07981164617333333,-0.15612188788613326,0.004393351319926669,0.08556556652333333,-0.5455537730333333,-0.07042104930000001,-0.14816942866666663,-0.4841172148999999,-0.0624452187,0.12679152833333332,-0.8928492935000002,0.04109221047763333,-0.18798305960000003,-0.8662026112666666,0.07342536872666666,0.10541447901333334,-0.9240842983333333,0.0560700162248,-0.19465860376666666,-0.8976335958333332,0.04951170670666667,0.05311629494666666,-0.949168988733333,0.012384646709000005,-0.2700764669333333,-0.8973157401999996,-0.0015416377658666657,Donner_g_ch2_g20_compr.mp4,ch2g20
2466.6666666666665,-0.10995351646000003,0.5021358436666666,-0.12737399213333334,-0.09508553533999999,0.5159578159666667,-0.12035107652,-0.09583562928666665,0.5200423853333335,-0.11019419236999997,-0.09694104612,0.5195445304,-0.11322822711333333,-0.11450522068333331,0.5244873361333334,-0.129224916,-0.11310300786999998,0.5231772719333333,-0.1397292599,-0.10929869480333333,0.5092435682333334,-0.12142550999666667,-0.025589303029666666,0.49168914836666666,-0.05020301185666666,-0.13938399189333334,0.42897179083333326,-0.023786631682833338,-0.0667752509642,0.4831030149,-0.09403493758000002,-0.09731463732666668,0.44568147113333345,-0.11396158765999999,0.09820483807666668,0.3550983265333335,0.007631502794366665,-0.17000880056666662,0.39251674159999994,0.09415896288333335,0.19759728263333337,0.4441625315333334,-0.07839748252666667,-0.23351745946666672,0.4419414495333335,-0.022333968783666665,0.13591237443,0.5905283019333333,-0.10335063969000001,-0.2540019522,0.6182453288333334,-0.08411677294063333,0.10266207402033334,0.6311452114999999,-0.10838242581999999,-0.2335794479333333,0.6667144750666666,-0.13135604915433333,0.07232800928800001,0.6417602668666665,-0.10501049153666668,-0.1992446853,0.7063936225999998,-0.12261465091233334,0.12634396630333333,0.5867542885999999,-0.10525946398666665,-0.24419788223333333,0.6410380367999998,0.0157284327,0.08162307657999998,-0.1489668787574,-0.0020998304163333324,-0.07979695512,-0.15659003644113328,0.004154889544593335,0.08729266177333332,-0.5454418454333333,-0.07027822340666667,-0.14582594986666664,-0.48567581279999994,-0.06333996786333333,0.12799479686666668,-0.8945305478000001,0.03739449322763334,-0.18731603246666667,-0.8692749684333333,0.07040667807666666,0.10650644778000001,-0.9262945615,0.05202382199646667,-0.1942632715,-0.9008318837333332,0.04608120998,0.05329360485666666,-0.951567813433333,0.007021903262333338,-0.26980831753333334,-0.900203164033333,-0.006516338275866669,Donner_g_ch2_g20_compr.mp4,ch2g20
2483.333333333333,-0.11517684062333336,0.4998363024333333,-0.12731074663333333,-0.10061935137666664,0.5138805006999999,-0.12033420445333334,-0.10140669902999998,0.5179058846666666,-0.11014866633666663,-0.10250754498333332,0.5173734450999999,-0.11317292444666666,-0.12035315952666664,0.5220750109666668,-0.1292009241333333,-0.11892085506666665,0.5207625864666665,-0.1397713497,-0.11500742894666667,0.5069107298666667,-0.12140653933000001,-0.03116972010633333,0.49077635093333327,-0.04972857254333332,-0.14502177111666664,0.4264400306666666,-0.023660271572833336,-0.07182917144333333,0.4814825494,-0.09370940284666668,-0.10217664121000002,0.44359656226666677,-0.11377821842666665,0.09407002712666666,0.35558563623333345,0.007598445437700001,-0.17397327759999998,0.38929398299999995,0.09418737194666668,0.19213534343333338,0.44367501123333347,-0.07995459029,-0.2343842088666667,0.4304154619333334,-0.026380967017,0.12919744019999999,0.5886613692333333,-0.10582320052333334,-0.2574296747333333,0.6030320747333334,-0.09329202162063333,0.09594337409033335,0.6284262562333333,-0.11110976351999997,-0.2380349403333333,0.6508470262333331,-0.14132697187433332,0.06568691448800001,0.6389343192666666,-0.10761459958000001,-0.20409725513333332,0.6908637617,-0.13269044049966666,0.11986574928333334,0.5848476194666666,-0.10774240371999999,-0.24796551716666665,0.6257158502333333,0.0693722814,0.08156851150666666,-0.14848929305506664,-0.0019221696303333322,-0.07978312957333333,-0.15701033643613327,0.003992360221259999,0.08898283413999998,-0.5454889907333333,-0.07016382310000001,-0.1439112902333333,-0.4871466686666666,-0.06396263511333333,0.12911722933333333,-0.8960940114333334,0.03381276636430001,-0.1870945356333333,-0.8721377675999998,0.06723482054333332,0.10753527858666667,-0.9283155106333333,0.04812076356860001,-0.19429376423333336,-0.9038104738666666,0.04242387693666667,0.05363048338333333,-0.9538710302999996,0.0019629158223333385,-0.2702402316666667,-0.9028619980999997,-0.011586008855866666,Donner_g_ch2_g20_compr.mp4,ch2g20
2499.9999999999995,-0.12038344903,0.49801265063333333,-0.12799854203333333,-0.1060564580733333,0.5122766406666667,-0.12113219588666667,-0.10687892726999998,0.5162470476666667,-0.11088704173666664,-0.10797678261666666,0.5156656210333334,-0.11390848004666666,-0.1261115534533333,0.5201962308333334,-0.1300007971,-0.12464799132333332,0.5188601452666667,-0.14064320323333332,-0.12063058664666666,0.5050898187333334,-0.12220188483,-0.03660480613633333,0.49021068299999987,-0.05013217148999999,-0.15036700464,0.4243519404999999,-0.02446158219616667,-0.07686911279333333,0.4802955288333333,-0.09413802861333335,-0.10697730360666668,0.4419816677666668,-0.11435774596,0.09001831224333334,0.3565482941666667,0.0066848204573666655,-0.17786725746666665,0.3861366584333333,0.09346363511333333,0.18640502590000005,0.4443507600333334,-0.08234450806666666,-0.2353411693666667,0.41904167580000007,-0.03109640011366667,0.12247947054666665,0.5882585868666667,-0.10843822069,-0.26040456689999997,0.5870627536,-0.10339241908729999,0.08925310896033335,0.6271521393999999,-0.11378595445333331,-0.24184238866666663,0.6338401202999998,-0.15201176817666667,0.059010565461333334,0.6374791115999999,-0.11014511478000001,-0.2082759828,0.6740258765666667,-0.14342987452766667,0.11341932609233332,0.5843559248666665,-0.11029368568666666,-0.2512102917,0.6094893817666667,0.0662962,0.08151120487,-0.14804729668106664,-0.0018430424459999993,-0.07976823710333333,-0.15740146088879994,0.003929402412926666,0.09043614103333332,-0.5455831432333332,-0.07003574861333335,-0.1425978641333333,-0.4881318142666667,-0.06418395808666666,0.12998701953333333,-0.8971834452666668,0.03084925431440001,-0.18710671683333333,-0.8744659627666664,0.06472879191666665,0.10832946925333334,-0.9297063929666667,0.044936000501933346,-0.19450092663333335,-0.9062417314333333,0.03947942530333333,0.05367606789666666,-0.955653974133333,-0.0018416064343333286,-0.2709522945666667,-0.9050161735333331,-0.01565559427253333,Donner_g_ch2_g20_compr.mp4,ch2g20
2516.666666666666,-0.12582421861666668,0.49614598813333327,-0.12862858796666665,-0.11170217362666664,0.5106482139666666,-0.12187386938666668,-0.11255990878999998,0.514553032,-0.11156620290333331,-0.11365422065999999,0.513924929,-0.11458958131333334,-0.1320462401633333,0.5183048801000001,-0.13074174540000003,-0.13055593453999997,0.5169550099666668,-0.14146911153333336,-0.12642757730666668,0.5032855126333333,-0.12293775483,-0.04221922180633333,0.48963110496666656,-0.05057312168333332,-0.15579472455666665,0.4223525348666666,-0.02524431908283333,-0.08216842666,0.47905384686666674,-0.09454300741333335,-0.11202784915000003,0.4403779948666668,-0.11487290542666667,0.08559240715333334,0.35738540963333343,0.005602333301366666,-0.18182437753333333,0.3830163245,0.09289263629,0.1803613615333334,0.4448753673333334,-0.08527435973666667,-0.23634243153333337,0.4079652224666668,-0.034847303185333335,0.115665557901,0.5880390088999999,-0.11153345959000001,-0.2629898389,0.5711140288666666,-0.11193127096396666,0.08249039936033335,0.6261800929666665,-0.11693968638666664,-0.24505242659999996,0.6167202304999999,-0.16094530848666666,0.052181802631333325,0.6363034496999999,-0.11309599618000002,-0.21184618976666666,0.6570940527999999,-0.15248416850433333,0.10684148475566667,0.5840731842666665,-0.11328967241999999,-0.2540242647333333,0.5932217831000001,-0.03738565,0.08142533742666665,-0.14764261319733332,-0.0018916188346666668,-0.07973062271333332,-0.15776196187179994,0.003991628636259999,0.09166201808999998,-0.5457555149,-0.06995696418666668,-0.14195124913333332,-0.48871407993333327,-0.06392116840999999,0.13047680506666667,-0.8982436350666667,0.0280258864238,-0.1870963538333333,-0.8762296383666665,0.06332358434666667,0.10873257149,-0.9311156494333334,0.041916700175266684,-0.19461706083333336,-0.9080675329666666,0.03776543047333333,0.05321678020999999,-0.9573835737666664,-0.005481117947666665,-0.2715366684333333,-0.9068480130333331,-0.01798835950253333,Donner_g_ch2_g20_compr.mp4,ch2g20
2533.3333333333326,-0.13144321355666666,0.4946773694333333,-0.1290318218333333,-0.11746493322333329,0.5093811145666666,-0.12236903152000002,-0.11836514937666666,0.5132183171,-0.11199679430333331,-0.11946088726333332,0.5125414853,-0.11502458344666669,-0.1381327530533333,0.5167764302333334,-0.1311895407,-0.13661978799666663,0.5154272674333333,-0.14200619406666667,-0.13236789701999999,0.5018695327666667,-0.12337965869666667,-0.04783349382966666,0.4892218733666666,-0.05082231324999998,-0.16120100443333332,0.42063935629999993,-0.025645654289499997,-0.08760064521666668,0.47813601980000003,-0.09476688868000001,-0.11721481894333335,0.4391305153333334,-0.11513650349333332,0.08112425981000002,0.3581852493000001,0.004355673626033333,-0.18574658369999997,0.37991981849999995,0.09260282931666665,0.17412229972333337,0.4456632414,-0.08828101322000001,-0.2372650170666667,0.3967917307666667,-0.03859456171866667,0.10916927410766666,0.5886161448,-0.11454709029000001,-0.26528552073333334,0.5548118267333333,-0.12099622474396665,0.07612870645366668,0.6260876699999999,-0.1200527053533333,-0.24798628789999996,0.5991568397999999,-0.17058563434666665,0.04581534929799999,0.6361158639666665,-0.11604943711333335,-0.21506549176666667,0.6397758654666666,-0.16235224333766665,0.10062945944233333,0.5846454603999999,-0.11622397531999998,-0.2565075348,0.5765773142000001,-0.182599649,0.08132738960999998,-0.14730189097299998,-0.0020974680379999998,-0.07968559785999998,-0.15805973379379992,0.0042100557029266655,0.09215700064333332,-0.5461194261,-0.06996940442333334,-0.14196609666666665,-0.4889378834666666,-0.06319660069,0.13053799023333332,-0.8994865429333333,0.02518083287469333,-0.18711976306666664,-0.8776806915999997,0.06301713948333333,0.10871755434666666,-0.9327349585999999,0.03886608276526668,-0.19474519243333333,-0.9095717078333333,0.03717860598333332,0.05211170935333332,-0.9592523482666664,-0.009205944817666668,-0.27232180863333333,-0.9083716613999998,-0.018867405861533328,Donner_g_ch2_g20_compr.mp4,ch2g20
2549.999999999999,-0.13706247682,0.4931063181333333,-0.1298509014,-0.12302873935999996,0.5080370497000001,-0.12329488485333336,-0.12398696707666668,0.5117970225,-0.11284865593666665,-0.12509252136333332,0.5110756918333332,-0.11588120204666669,-0.14409849813333334,0.5152034819333334,-0.1319894713,-0.14255928393333328,0.5138769850333335,-0.14292466290000003,-0.13818045281333333,0.5004399531,-0.12417340379666666,-0.052995890609666654,0.4888028606666666,-0.05153050359999999,-0.16627750730000002,0.4191123428999999,-0.02621020142283333,-0.09302165804333334,0.47713131596666675,-0.09542308588000002,-0.12242246050666669,0.43786938040000006,-0.11572222642666664,0.07669810640500001,0.3588813342000001,0.0023474878280333334,-0.1896715456,0.3768503362666667,0.09214759511999998,0.16723842271333336,0.4459532825666667,-0.09330011769333335,-0.23829831423333336,0.3852818871,-0.04348388120833334,0.10205408816766666,0.5890498063333333,-0.11966948912333335,-0.2673115225,0.5382617639,-0.1331286346276333,0.06923825925700001,0.6258734807333333,-0.12539549581999998,-0.25060520669999997,0.5812998228,-0.18353234981333333,0.039028303987999995,0.6358411024666666,-0.12137408641333336,-0.21779057886666667,0.6222878826333333,-0.175448148301,0.09386833843899998,0.5850841148333332,-0.12134875435333332,-0.25863556816666666,0.5596816594000001,-0.236469433,0.08122213724666666,-0.14701644890933332,-0.0025296129346666666,-0.07963967421666666,-0.15830527002113326,0.004648322554593332,0.09177005101666666,-0.5467606508666667,-0.07012835138333333,-0.14247381199999998,-0.4889083394333333,-0.061637493873333324,0.13015630840000003,-0.9010401121999999,0.021736155531359998,-0.18719936310000002,-0.8787377461999998,0.06407938763333333,0.10828502305999999,-0.9347403231,0.03515417073193334,-0.1948917920333333,-0.9106563454666665,0.037946395516666655,0.05034554007966665,-0.9614786691666664,-0.013922275074333332,-0.27337124079999997,-0.9096953315333332,-0.018458203444199996,Donner_g_ch2_g20_compr.mp4,ch2g20
2566.6666666666656,-0.14274371365666666,0.49138433996666664,-0.1308409306,-0.1285591970633333,0.5065768789666667,-0.12439478775333336,-0.12957526463000002,0.5102551914000001,-0.11387137580333333,-0.13069175971999997,0.5094934010999999,-0.11691066664666669,-0.15009142999666666,0.5135159611666668,-0.13292532333333332,-0.14852233573999996,0.5122250125000001,-0.14399329470000002,-0.14401968167666668,0.4989160689666667,-0.12510791623,-0.05795153001966665,0.48836149619999997,-0.05239976681,-0.17130129796666668,0.41765327683333325,-0.0267765645095,-0.09845415849000001,0.4760290359666667,-0.09625385764666669,-0.12768385613000002,0.43652684933333336,-0.11642931135999998,0.07241188435700001,0.35949270896666674,0.00010443660170000013,-0.1936535526,0.3737978721333334,0.09171007736333334,0.16007606013,0.44574974266666667,-0.09878504217333335,-0.23957934273333334,0.37381455939999997,-0.048571555685000004,0.09485413453766664,0.5892299798333334,-0.12528802409,-0.26946072246666664,0.5219068772000001,-0.14591292350096666,0.062327967200333345,0.6254373992333333,-0.13120080938666664,-0.2533683851333333,0.5635946355666666,-0.19713898092333332,0.03231161950133333,0.6354006718333333,-0.12708090581333337,-0.22060940023333336,0.6049575817666668,-0.18920614658333335,0.087074572979,0.5853091044666666,-0.12691426058666666,-0.2608622839333333,0.5429675017333334,-0.246549726,0.08112508473999999,-0.14676685141766668,-0.0031419567519999996,-0.07960576836333334,-0.15851697408713325,0.005260270744593332,0.09078062136333333,-0.5475094461333334,-0.07044758243666668,-0.1435549389333333,-0.4886326232333333,-0.059796161356666655,0.12971994750333335,-0.9025568934333332,0.01797895563802666,-0.18738980589999998,-0.8795838420666665,0.06517681743666666,0.10788883495999999,-0.9366957488666667,0.031104012891933326,-0.19505834676666664,-0.9115248944333333,0.03869227984666665,0.04866806704399999,-0.9636513319999997,-0.019025147917666664,-0.27465016870000003,-0.9109898748999998,-0.01818632129653333,Donner_g_ch2_g20_compr.mp4,ch2g20
2583.333333333332,-0.14818897172666665,0.4895261592,-0.1319929657,-0.13384645515,0.5049988559333334,-0.12565409432000002,-0.13493755625666667,0.5085943894333333,-0.11504872250333334,-0.13605998424666663,0.5077944005333332,-0.11810111048000005,-0.15588770775333333,0.5116891781666667,-0.13397618549999998,-0.1542859032233333,0.5104548062,-0.1451996380666667,-0.14966832420333334,0.4972752524666667,-0.12616994333,-0.06281827917166666,0.48787538059999996,-0.053408131989999996,-0.17626219506666665,0.4161655985666666,-0.027402903899499998,-0.10371225002666667,0.47483120910000004,-0.09727770104666669,-0.1327828467266667,0.4350835328,-0.11728757402666666,0.06812876926400001,0.35987234386666667,-0.002627454761633333,-0.1976760604666667,0.37074359503333343,0.09115442399,0.15233644728666668,0.4448976674333334,-0.10514988791333335,-0.24122949383333334,0.36236109576666675,-0.05455895051833333,0.08740494011433331,0.5888878978333333,-0.13216461992333337,-0.271891685,0.5056164857333334,-0.16090432327096665,0.055242476730333334,0.6244831149666666,-0.13835027971999994,-0.25640914886666666,0.5459060671,-0.21326062673999996,0.02551838750133333,0.6345843424666666,-0.13414472228000002,-0.2235510628,0.5877253921000001,-0.20554232263,0.08008393844233334,0.5850745087,-0.13373840332,-0.2632878095333333,0.5263289944,-0.261244267,0.08102998627666665,-0.1465453825743333,-0.003910806021,-0.07957777231,-0.15870034245476658,0.00602876511726,0.08926087867666666,-0.5484750602666667,-0.07075351718333335,-0.14508264519999994,-0.4882326592,-0.05735963123133333,0.12918967032,-0.9040674794666667,0.014348116721359992,-0.18793081539999998,-0.8800840064999997,0.06726142309666666,0.10745552061666666,-0.9386326991666666,0.027181375898599997,-0.19555021769999997,-0.9120304252666667,0.04044660995333332,0.04697833115166666,-0.9658022653333331,-0.023963340707666664,-0.27643430456666673,-0.9120687845333333,-0.01687099427653333,Donner_g_ch2_g20_compr.mp4,ch2g20
2599.999999999998,-0.1538027572233333,0.4875664101333333,-0.1331152993,-0.13926549091666662,0.5033006778666668,-0.12684267352000003,-0.14043668201666668,0.5068124211666666,-0.11616110733666667,-0.14156647963999996,0.5059711799,-0.11922719718000004,-0.16178814365333333,0.5097567856666667,-0.13503372043333334,-0.1601554031233333,0.5085896437666667,-0.14638584103333335,-0.15541635151333336,0.4955436342000001,-0.12722978443,-0.06768771460399998,0.4872574702333333,-0.054431339356666664,-0.18105218773333331,0.41463075096666663,-0.028016415252833334,-0.10906497735000002,0.4735205406333334,-0.09822660251333334,-0.13792409676333334,0.43355610163333336,-0.11812498055999998,0.06397121649933332,0.35989249716666666,-0.005415520126966666,-0.20164656576666667,0.36760618733333345,0.09061252935666667,0.14459694234999998,0.44350868950000005,-0.11143661531000003,-0.24336448003333336,0.3507976575666667,-0.06042485476166666,0.07977205423766663,0.5879904048666666,-0.13893413799,-0.27454701033333334,0.4893465277333333,-0.17565204101096665,0.047941450410333326,0.6230322068,-0.14545576481999997,-0.259541138,0.5282716693666668,-0.22910662299999995,0.018538255431333327,0.6332799663666666,-0.14110378658000003,-0.22646676753333334,0.5705548561,-0.22161413680666664,0.07290650682233334,0.5843376880000001,-0.14043805228666667,-0.2658561826333334,0.5097261325,-0.28039217,0.08094897114666665,-0.14634447644066664,-0.004786559308666667,-0.07956336586999999,-0.1588644496832666,0.00689933578126,0.08726598876333333,-0.5495835805,-0.07129846364333334,-0.14729280876666662,-0.48739718486666667,-0.055001074196,0.12836238692,-0.9055791565666667,0.010464752918026668,-0.18894611396666666,-0.8800013666333333,0.06978701271999999,0.10675243987333331,-0.9405694031,0.023004633811933333,-0.1965321302333333,-0.9119424348999999,0.0426963129,0.04496454718499999,-0.9679153493333331,-0.029194642441,-0.2788026464333334,-0.9125894927,-0.014735430743633331,Donner_g_ch2_g20_compr.mp4,ch2g20
2616.666666666665,-0.15940520662333332,0.4854568467666666,-0.13437157589999998,-0.14476290875999998,0.5014345140666667,-0.12817476678666667,-0.14600680933000001,0.5048610246999999,-0.11742043550333332,-0.14714618602333332,0.5039783979333332,-0.12050552518000003,-0.16776145341999998,0.5076425572666667,-0.13623148220000003,-0.16609809399666664,0.5065424209333333,-0.14772277420000002,-0.1612441382766667,0.4936368021333334,-0.12844017893,-0.07279115889066666,0.4864915864666667,-0.0555306467,-0.18612614363333332,0.4128998479666666,-0.02878728075616667,-0.11445152062666669,0.47206032020000005,-0.09931297538,-0.14311893287666666,0.43186620863333336,-0.11911824802666665,0.05962151494599999,0.35962106853333325,-0.008166881526966666,-0.2057988245,0.36422489730000007,0.08997419341333332,0.13692813611433333,0.4412794052333334,-0.11748397342666668,-0.24542272776666668,0.33900971453333334,-0.06628006806833334,0.07173702229099997,0.5860994634,-0.14573247839,-0.27727118996666666,0.47333864636666667,-0.19005470746096667,0.04009766071033333,0.6204931681333333,-0.1525754154533333,-0.2627172390333333,0.5110100221333335,-0.2445146875366666,0.011080056381333327,0.6310742309,-0.14811463041333334,-0.229546088,0.5538000977666667,-0.23723367043666663,0.06531250529233334,0.5826403225666669,-0.14717446442,-0.2685592527666667,0.49343256606666663,-0.288252085,0.08087165671999998,-0.1461563556903333,-0.005726830154,-0.07955407797333333,-0.1590146510422666,0.007835272607593334,0.08510802861333332,-0.5507337286333333,-0.07195739920000001,-0.15001703473333328,-0.4863564371,-0.05272800653833333,0.12735804071666665,-0.9070288686666667,0.006643126114693335,-0.1903690005,-0.8796982193999999,0.0721252016,0.10585740076333332,-0.9424570046999999,0.018920624135266663,-0.19790901789999996,-0.9116342331999998,0.04474241257666666,0.04266488183833332,-0.9698069841999998,-0.034254752077666664,-0.2816348763666668,-0.9128096265666666,-0.012749008544666663,Donner_g_ch2_g20_compr.mp4,ch2g20
2633.3333333333317,-0.16550882083333332,0.4831521099999999,-0.13612978876666662,-0.15073590088666664,0.49937739286666677,-0.13008196295333335,-0.15206201016333334,0.5027159270333332,-0.11924685817,-0.15320514592666665,0.5017894213333333,-0.12235539431333337,-0.17422763896666665,0.5053124618666667,-0.1379124578666667,-0.17253024056666663,0.5042895382000001,-0.1495856409,-0.16755850483000004,0.49152779080000003,-0.13016088503,-0.07829956727666665,0.4855280237666667,-0.05730033095333333,-0.19156244809999998,0.41095472786666665,-0.030067189049500002,-0.12031492416000002,0.4704000946333334,-0.10098381651333334,-0.14876660831666663,0.42998216343333334,-0.12064354702666666,0.05504555801933332,0.3589711573666666,-0.0116305144958,-0.21016801683333333,0.3605488633000001,0.08892376970666664,0.12869954193033334,0.43752947536666675,-0.12458670033333336,-0.24755077550000001,0.3269892349,-0.07283558733166666,0.06324146896433332,0.5821993566333333,-0.15406877705666666,-0.2801431275333333,0.4573422617666667,-0.20554650325763335,0.031812034410333326,0.6158421024666667,-0.16121240391999997,-0.2660647933333333,0.49380971210000013,-0.26100441518999995,0.0032426823646666612,0.6267404785,-0.15658252743666667,-0.2327869912,0.5371130542666667,-0.25394360012999995,0.05727846799900002,0.5789141163666668,-0.15542422508666667,-0.27140949176666673,0.47714084836666665,-0.247962072,0.08080520292666665,-0.14597096560866665,-0.006766919112,-0.07955540392999999,-0.15915878410533327,0.00886811061626,0.08258442954666667,-0.5519097213333333,-0.07280224636333334,-0.1531831677333333,-0.48524093090000003,-0.05032740177799999,0.12578085463,-0.9081354467666667,0.003052196978026669,-0.19188696540000003,-0.8789320076666667,0.07509437966333332,0.10438913545999996,-0.9439622296333332,0.015037708235266662,-0.19935539266666663,-0.9107975250333332,0.04747522517666666,0.039655055271666656,-0.9713591070333333,-0.03895743238766666,-0.28455036900000014,-0.9126742107666665,-0.009856809572333333,Donner_g_ch2_g20_compr.mp4,ch2g20
2649.999999999998,-0.17174865276666662,0.4805831756666666,-0.13801803959999995,-0.15683582305333332,0.4970728528000001,-0.13213473748666668,-0.15824209913666668,0.5003253873666667,-0.12122420377000001,-0.15938499124666666,0.49936356393333325,-0.12436015358000002,-0.18081768893333336,0.5027273746666667,-0.13974863010000002,-0.17907957086666665,0.5017900690666668,-0.15162171916666667,-0.17399599446666666,0.48916050093333335,-0.13205037066333336,-0.08403257882666665,0.48435438646666673,-0.05925200462000001,-0.19718239299999998,0.4088395457666667,-0.031609190586166666,-0.1263705694366667,0.46849664216666664,-0.10280301758666667,-0.15457976437999996,0.4278737246333333,-0.12235217102666666,0.05018904370266666,0.35797290176666663,-0.015327536170933333,-0.2147184753,0.35661145400000005,0.08762006065666665,0.11970988485366667,0.4318463115666667,-0.13269004864333334,-0.24978995960000003,0.31477638626666665,-0.07977493193499999,0.05414696596433333,0.5758311944,-0.16507246492333333,-0.2833303647,0.44153446326666673,-0.22143764719763334,0.023035153843666657,0.6086062098333334,-0.17269038257666663,-0.26972486523333333,0.4767509283333335,-0.2779030079433333,-0.004976828432000012,0.6198914538,-0.16797756232,-0.2363495926,0.5206540998333333,-0.2710427315233333,0.048698077899000006,0.5727569506000002,-0.16642801664333337,-0.2745865778,0.4610847955333333,-0.258641601,0.08073830937999998,-0.14578352557766663,-0.007852824176666667,-0.07955725167333333,-0.15930230362266662,0.009945738082926668,0.079693882323,-0.5530913993666666,-0.07378452348333334,-0.15637927359999995,-0.48397906580000005,-0.047437905071333324,0.12352324984333331,-0.9091265071,-0.0005730430753066656,-0.1940986985666667,-0.8780058905666667,0.07837767294999999,0.1022217677733333,-0.9453174743333331,0.011166301125266667,-0.20155033719999996,-0.9098020519666665,0.05045746260666666,0.036007083994999994,-0.9725946656,-0.04362360994433333,-0.2883122078666668,-0.9121271354999999,-0.006646751150333331,Donner_g_ch2_g20_compr.mp4,ch2g20
2666.6666666666647,-0.17807608716666665,0.47786489986666664,-0.14020257416666662,-0.16298654530999998,0.49462500926666675,-0.13449824321999998,-0.16447573815000002,0.4977882620333333,-0.12351129010333335,-0.16561176555666665,0.4967929963999999,-0.12666913468000002,-0.18741967993333336,0.4999711508333334,-0.14187528360000004,-0.18564472146666663,0.4991308714000001,-0.15396271243333332,-0.18044622536666668,0.48663049633333333,-0.13424111056333335,-0.08978934094333331,0.48301540986666675,-0.061579624733333345,-0.2027146507333333,0.4065052709333334,-0.033495404096166664,-0.1325119357466667,0.4664380388,-0.10494727505333334,-0.16044454130666663,0.4256141979666666,-0.12438546749333333,0.045337663829333325,0.3566819197999999,-0.01950719466166666,-0.21927224583333335,0.3525097544000001,0.08609152698333332,0.11079516284700001,0.4251622487,-0.14132799611000002,-0.2522648780666667,0.3034101729,-0.08629693858599999,0.04491293689766666,0.5681637023333334,-0.17612895130999998,-0.2867211383333333,0.4269209630333334,-0.23585844391796668,0.01402384674366666,0.6001716976,-0.1841588798633333,-0.2736370623,0.46109054603333344,-0.2931444592666666,-0.013408516642000006,0.6118502855000001,-0.17923141795666667,-0.24020234146666666,0.5055370208000001,-0.28656458792,0.039937533999000005,0.5653081740333334,-0.1774167383766667,-0.2779946258666667,0.4462385281,-0.255434185,0.08067625821333331,-0.1455937912743333,-0.009010713892,-0.07956266029666664,-0.1594451240466666,0.011091994942926666,0.07684973424733334,-0.5543498600666666,-0.07484101458666667,-0.1599322558333333,-0.48235027550000004,-0.044486132561333325,0.12134050180666664,-0.9099783031666666,-0.0037073869719733334,-0.19654268583333337,-0.8766116774,0.08206524791333332,0.10016806688999996,-0.9464948806333332,0.007933909698600002,-0.20396635386666664,-0.9082996334333332,0.053891181893333334,0.032599331358333324,-0.9734943063,-0.04749079071433333,-0.29227709196666674,-0.9110531034999999,-0.002994025083666665,Donner_g_ch2_g20_compr.mp4,ch2g20
2683.333333333331,-0.18465053736666664,0.47498483519999996,-0.14262614446666663,-0.16936959999999998,0.49202452220000015,-0.13713964042000001,-0.17091544509000003,0.49509463676666665,-0.12609136603666668,-0.17205608490333332,0.4940696502666666,-0.1292607471466667,-0.19419185513333337,0.49710981793333336,-0.14426831673333337,-0.19238732306666664,0.4963524068333335,-0.15654674963333332,-0.18706019466666668,0.4839819222,-0.13669266969666669,-0.09566565824999998,0.48141778683333347,-0.06432784079000001,-0.20828408143333332,0.40410011623333336,-0.0356691744395,-0.1388806135466667,0.46415176543333336,-0.10738106755333335,-0.1665128763,0.4231918038333333,-0.12667329342666667,0.04027150534266666,0.3548561649333333,-0.02381508003433333,-0.22398436156666668,0.34827079326666677,0.08440007407333332,0.10189428378033334,0.4167368609666667,-0.14986000451,-0.2550714169,0.2915859505,-0.09182813225266666,0.03526826859766666,0.5584616834333335,-0.18693357367999996,-0.2906276024333333,0.41223202516666674,-0.24807889803666666,0.00460542924366667,0.5896748607,-0.19518421998666663,-0.2780187378333333,0.44548638366666676,-0.30580607626666656,-0.022153566825333336,0.6016155262333334,-0.19006192773999997,-0.24486612279999997,0.49043244883333337,-0.29949948664000003,0.030804611299,0.5557876711333333,-0.1881309725266667,-0.2820599706,0.4313509945333333,-0.242750943,0.08062009648333333,-0.14540674036466664,-0.010211591218666665,-0.07957384736666666,-0.15958452438233328,0.012274996158259999,0.07406762652866666,-0.5556067511666666,-0.07601589589666667,-0.1637644783333333,-0.4802556749000001,-0.041950089347999986,0.11903353171999996,-0.9107099164,-0.0062101439086400005,-0.19907101253333337,-0.8744850055333333,0.08535128948,0.0979663686033333,-0.9475371552999998,0.005419295781933334,-0.20644538456666664,-0.9060005809333332,0.05694871988,0.029233625451666658,-0.9740981927333332,-0.05042611507433333,-0.29612279556666665,-0.9092521630666666,0.0005010674813333354,Donner_g_ch2_g20_compr.mp4,ch2g20
2699.9999999999977,-0.19136733336666664,0.4718776629666666,-0.14521473246666666,-0.1758568287333333,0.48922239856666677,-0.13993121748666665,-0.1774421102266667,0.4921914236666666,-0.12882544600333334,-0.17859444668333332,0.4911388481666666,-0.13200190218,-0.20102575590000005,0.4940566077666667,-0.1468041938666667,-0.1991994197,0.49336872150000016,-0.15925933516666668,-0.1937392078,0.4811335354666667,-0.13926714603,-0.10148318240666664,0.4796365616333334,-0.06722344312,-0.2137671410333333,0.40156318560000004,-0.03786232411616667,-0.14534606579333337,0.46163344533333334,-0.10996768848,-0.17267504042666665,0.42055966669999995,-0.12907986025999998,0.035204758876,0.35266307463333324,-0.028225803323666664,-0.22863390733333333,0.3439216460000001,0.08281129922999998,0.09341651238033336,0.40708223979999997,-0.15837919108666668,-0.25787223270000004,0.2797599012,-0.09656786986333332,0.025515982130999988,0.5471858376666668,-0.1973260394933333,-0.29486990986666667,0.3976969249,-0.25870290605,-0.00502806168966666,0.5776627704,-0.20569740630999997,-0.2827948178,0.4301951369000001,-0.31663024969333325,-0.03100131134866667,0.5898412982333335,-0.20034969513666664,-0.2501235992,0.47554294829999993,-0.31050982475333333,0.021572080332333324,0.5447026774333333,-0.19839741064000005,-0.28654941479999996,0.4166172309999999,-0.240333304,0.08056024770666666,-0.14521400770599993,-0.011460372219999999,-0.07958313153333334,-0.15972989870999996,0.01349873281926,0.07140699818166665,-0.5568195288666665,-0.07730004790999999,-0.16786105739999999,-0.4780080095666667,-0.03961741221466665,0.11678727764666665,-0.9111540961666666,-0.008706975255306665,-0.20189347326666673,-0.8721881167,0.08850982479,0.09582336710999996,-0.9482662313666665,0.0029530840319333357,-0.20923686776666664,-0.9035232032666666,0.05993853641333333,0.025923611641666656,-0.9742205789333332,-0.05302161292766666,-0.30023159209999994,-0.9071734152999997,0.004297416325333337,Donner_g_ch2_g20_compr.mp4,ch2g20
2716.666666666664,-0.19828064466666667,0.4688170002,-0.14854588703333335,-0.18249718402999998,0.48647991140000013,-0.14362568273333332,-0.18410651153333335,0.48934874899999997,-0.13247727533,-0.18528202896666662,0.48827689539999997,-0.13563564867,-0.20795222690000006,0.4911378517666667,-0.15017906300000003,-0.20610014893333334,0.49051361926666687,-0.16279120539999997,-0.20050381073333334,0.4784007141666667,-0.14267627963,-0.10735833587999997,0.4777759812666667,-0.07144142776666666,-0.21905708703333332,0.3992154441,-0.04108344574883333,-0.1519831485366667,0.4590774909,-0.11343395711333334,-0.17892922098666666,0.41797751399999994,-0.13229978810333332,0.030083413429333333,0.35026116143333325,-0.033863279803666664,-0.2331677977,0.33983211470000013,0.08067651579333332,0.08507976991366668,0.39607790806666665,-0.16805350363333335,-0.2608173786666667,0.2681662951,-0.10125215214333332,0.015604159330999994,0.5343973790000001,-0.20891304509999997,-0.2993632194,0.3833813574666667,-0.26856117983,-0.014873792589666668,0.5641242349666667,-0.2172595055033333,-0.28779891679999997,0.4151417087000001,-0.32638192738999994,-0.03999879168533334,0.5765547394333335,-0.2116573574233333,-0.25573741003333333,0.46079865263333325,-0.3203737071566667,0.012191473032333333,0.5321238085666666,-0.20980111048666672,-0.29133129129999996,0.4020732874,-0.274759263,0.08048582286333335,-0.1450239508446666,-0.012774735080666667,-0.07957938563000001,-0.15987263839966662,0.014779061482926665,0.06869095765233332,-0.5579241827666666,-0.07873103695333333,-0.17215503263333332,-0.4753866221333334,-0.03753780834633332,0.11441243688333332,-0.9112533706999999,-0.010530110658639999,-0.2046232050666667,-0.8697584545333333,0.09153608772333331,0.0935530307233333,-0.9486002637666665,0.0012496621986000003,-0.2119169171,-0.9009296780333332,0.06289743330666667,0.022280888394999986,-0.9739432007999999,-0.05464528430533333,-0.30412455026666657,-0.9050763967333331,0.007721393241333339,Donner_g_ch2_g20_compr.mp4,ch2g20
2733.3333333333308,-0.20527021936666667,0.4657874649666666,-0.15182892003333334,-0.18923632506666668,0.4837488782333335,-0.1472620722,-0.19084969653333334,0.4865262306666667,-0.13606625775666667,-0.1920455900333333,0.4854419276333334,-0.13921588559666664,-0.21496170480000007,0.4882933671333333,-0.15350898180000003,-0.21308408303333334,0.48770549546666686,-0.16626738603333327,-0.20735606923333336,0.47571902173333336,-0.14604225250000002,-0.11332357929999998,0.4758435231666667,-0.07552535330999999,-0.2244040081,0.39696091629999997,-0.04422899680116667,-0.15871670141333336,0.4565311784666667,-0.11684464194,-0.1852469428,0.4154376249999999,-0.13548560719666666,0.024877814709333344,0.3476751573,-0.039248434237,-0.23766247153333336,0.33595461596666676,0.07887166701666665,0.07696952659366668,0.38439415196666665,-0.17745569327333335,-0.2634085922666667,0.2571761820666667,-0.10522959678666664,0.005425938564333326,0.5206463689000002,-0.21870930806666666,-0.3038281626,0.37007439203333337,-0.27700950441333333,-0.025189429356333334,0.5495904231666668,-0.22686228403,-0.29283202936666664,0.4011526611333335,-0.3346133401933333,-0.049387990272000006,0.5622226963000001,-0.22100064377666664,-0.26166600636666665,0.4470348633,-0.32862865405333336,0.002521375398999992,0.5185710633666667,-0.21939149521333343,-0.2961929292333333,0.38850922826666673,-0.261367798,0.08038353409000001,-0.1448393716049999,-0.01413119026,-0.07955007057666667,-0.16001026486466663,0.016096074584926665,0.065886855914,-0.5586922462333332,-0.08039223356666668,-0.17667975333333333,-0.472325417,-0.035876623368666656,0.11188212373666666,-0.9108749450666666,-0.012822158595306669,-0.20732103696666673,-0.8667912836333332,0.09329103971333332,0.09111576891999996,-0.9484084758666665,-0.0009457839313999987,-0.21453873219999997,-0.8978101735999999,0.06449633138000001,0.018560581418333333,-0.9732019176999999,-0.05642232915866666,-0.3078687451666667,-0.9024039012666666,0.010413561044666668,Donner_g_ch2_g20_compr.mp4,ch2g20
2749.9999999999973,-0.21219103263333333,0.46297418016666664,-0.15499628180000002,-0.19586018823333334,0.4812206200666668,-0.1507747758,-0.1974714641333333,0.48391037436666673,-0.13953443694666665,-0.1986926747,0.48281210313333334,-0.14267550481666666,-0.22185314740000006,0.4856857553,-0.15672927200000006,-0.21996548273333336,0.4851328179333335,-0.16962648229999996,-0.21409247763333333,0.4732705837666667,-0.14928905583333332,-0.11910818573666665,0.4740257543333334,-0.07957458237999998,-0.22964512446666666,0.39497390806666666,-0.04725483015866666,-0.1653730916066667,0.45415846260000003,-0.12013579062,-0.19150327033333334,0.4131087682333333,-0.13854680339666667,0.019924516892666673,0.3450144913666667,-0.04455631395366666,-0.24216429956666669,0.3324252888666668,0.07745075463333333,0.06943473555700001,0.37256999609999997,-0.18679626115,-0.2659959733,0.24696193276666673,-0.10828485152999998,-0.0045307511023333314,0.5065761918,-0.22764046915999997,-0.30805479750000003,0.35755132306666676,-0.2840348071133333,-0.035462459023,0.5347770040000001,-0.23525519966666664,-0.29751250446666666,0.3883411215333334,-0.3414309626266666,-0.058770620272,0.5476099182666666,-0.2290348902,-0.2672717730333333,0.4344353116,-0.3354986998100001,-0.007009524534333332,0.5046995048666666,-0.22798267251666673,-0.3008105944333333,0.3758095249000001,-0.273116171,0.08028153738000003,-0.14466744604233325,-0.015510751419666666,-0.07952064164333333,-0.1601366686213333,0.017431251177259997,0.06310859249433333,-0.5591899738333332,-0.08223102966333336,-0.18160223916666668,-0.4686883207,-0.03438722976833333,0.10937205429666666,-0.9097919703999999,-0.015131635615306668,-0.2099336590333334,-0.8630119597333332,0.09523209055,0.08869183949666663,-0.9474550061666666,-0.0031332165313999994,-0.2170835336333333,-0.8938583975666667,0.06630563771333335,0.014976382514999997,-0.9715241005999998,-0.058115049908333334,-0.3115957799,-0.8990613621999999,0.013405609655333335,Donner_g_ch2_g20_compr.mp4,ch2g20
2766.666666666664,-0.21913757546666668,0.460211485,-0.15780711366666667,-0.2025459406666667,0.47873409310000015,-0.15395401353333335,-0.20414247929999996,0.4813459183,-0.14268128501333335,-0.20539002246666666,0.4802348022666667,-0.14580173964999998,-0.22870145930000005,0.4831611727666667,-0.15958187626666673,-0.22681373403333333,0.4826296493333334,-0.17258681056666664,-0.22079118886666665,0.4708763923333334,-0.1521686409,-0.12488745767333331,0.4722187223333334,-0.08342316054666665,-0.2347845439,0.39310250303333333,-0.049944972209999994,-0.17202553769333337,0.4518059642666667,-0.12311331829666666,-0.19774604946666666,0.41082325,-0.14123612823,0.015026053456000004,0.34227402180000005,-0.04932677215366666,-0.24659997990000004,0.32917178423333343,0.07667295674333334,0.06232411823700002,0.36026694533333325,-0.19478800200666666,-0.26871154106666667,0.23796278276666674,-0.10883345200999998,-0.01435818513566667,0.4918747440333334,-0.23462097550666666,-0.31215356553333334,0.34673508673333336,-0.28566744389999993,-0.045793646156333336,0.5195622349000001,-0.24157488123333332,-0.3018340404,0.3776330656333334,-0.34255584929999994,-0.068212229712,0.5325282781999999,-0.23500376763333336,-0.27252160810000003,0.4238459841666667,-0.3365570632333334,-0.016479194601000006,0.49022710173333334,-0.2345963877833334,-0.30530566779999996,0.36491935796666675,-0.299951613,0.08017886664000003,-0.1445045587476666,-0.016905358026333334,-0.07948984342666666,-0.16025207773433328,0.018774993065926664,0.06039334822733333,-0.5594290460666665,-0.08408396968333334,-0.18688501226666668,-0.4647119096,-0.033140537341666665,0.10689153164333332,-0.9084207218333332,-0.017398087208640004,-0.21266040613333337,-0.8586510951666666,0.09723082576,0.08630137477999998,-0.9462068610666665,-0.005261641274733333,-0.21981356546666664,-0.8893116996333333,0.06824098228666667,0.011502375341666664,-0.9694711696333331,-0.059803576131,-0.3153473568333333,-0.8950720850333332,0.016733912072000003,Donner_g_ch2_g20_compr.mp4,ch2g20
2783.3333333333303,-0.22632633,0.4573489889,-0.16071555456666667,-0.20952561750000004,0.47613601403333344,-0.1572708722,-0.21109100899999997,0.4786785230000001,-0.14599019167333335,-0.21235966806666667,0.4775656983333334,-0.14907870418333333,-0.23567112380000005,0.48060130230000003,-0.16254617520000003,-0.23378533220000003,0.48006570786666675,-0.17559585269999997,-0.227606378,0.4683861232333334,-0.1551327476,-0.13076995195666663,0.4702566591666667,-0.08755555442666664,-0.23986087663333336,0.3912567756,-0.05267874141666666,-0.17885425322666668,0.44927832796666667,-0.12623036453666667,-0.20413462133333332,0.40842656709999997,-0.14397641203000003,0.009913541296000005,0.33930217393333345,-0.05417588176366666,-0.25090143800000003,0.32618226260000005,0.07633956660666669,0.05518086589033334,0.3479966685666665,-0.2024327102033333,-0.2719241877,0.23068952796666675,-0.10476211378333332,-0.024350803502333335,0.47738156273333343,-0.24152720328333332,-0.3170614656333333,0.33882982603333334,-0.27713769537999994,-0.056331833023,0.5048650328666667,-0.2479263375,-0.3068341215666666,0.3702104614666667,-0.33271216753333327,-0.07772188133533334,0.5179208566333334,-0.2410115905,-0.2785502324666667,0.4165540512666667,-0.32665176616333336,-0.02612049623433334,0.47596338439999997,-0.2411774155833334,-0.310720114,0.35706644940000004,-0.313583374,0.08006223202333336,-0.14434652038399995,-0.018409797578,-0.07944743049999999,-0.1603641010786666,0.020207502228926665,0.05770727133766666,-0.5592876568999999,-0.08642845207000001,-0.19293673393333333,-0.4608206069666667,-0.03186208513833333,0.10441413822333331,-0.9065317076,-0.019736063628640003,-0.2154426993,-0.8543871636333332,0.09915283118999998,0.08393726934666666,-0.9444083127666665,-0.0074806549580666674,-0.22257251496666663,-0.8849010353666666,0.07019331728333333,0.008041477338333332,-0.9672879170666664,-0.06145895743533333,-0.3191232355666666,-0.8913977725999999,0.02033005133866667,Donner_g_ch2_g20_compr.mp4,ch2g20
2799.999999999997,-0.23356113136666665,0.45436757846666664,-0.1634065826,-0.21656287240000002,0.4734143467333334,-0.16037334809999998,-0.21808562226666664,0.4758923535333334,-0.14909673624000003,-0.21937316606666665,0.47479269553333336,-0.15215443771666665,-0.24260497583333338,0.4779868359333333,-0.16527137556666668,-0.24071398023333335,0.47742452473333347,-0.17834466889999995,-0.2343802675666667,0.4658018307333334,-0.15785735316666666,-0.13660056981999996,0.4682184843,-0.09173865445666665,-0.2447759302666667,0.3894873779333333,-0.055077015323333325,-0.18569963607666667,0.44659548120000003,-0.12917373297,-0.21051548209999998,0.4059286238666666,-0.14646559486333338,0.0046333702093333436,0.3361345139000001,-0.05890145635,-0.25501028570000006,0.3234504019333334,0.07695419753333335,0.04795125710366667,0.3357212409999999,-0.20976747796999998,-0.27534352933333334,0.22507849970000007,-0.09755497343999998,-0.03450322243566666,0.4627571389333335,-0.24824166675,-0.32211411459999995,0.333063631,-0.26330394754666664,-0.067073805223,0.49033365293333336,-0.25417339476666667,-0.31176220679999994,0.3651050097333334,-0.3172361364333333,-0.08740577216866667,0.5033651480666669,-0.24690588396666668,-0.2845141579666667,0.41156181456666663,-0.31104544973000003,-0.03594837133433334,0.46156805006666657,-0.24757852695000004,-0.3162637155,0.3513858525666667,-0.363806874,0.07992068405333336,-0.14419788626699998,-0.020041211041566667,-0.07938040880333332,-0.16046729591933329,0.021745528841593333,0.054903616632999995,-0.5590237980666666,-0.08904753455,-0.19970549603333335,-0.45693034936666665,-0.030412703204999992,0.10188594784999999,-0.9046614588999999,-0.022341124861973333,-0.21835594733333333,-0.8500039989666665,0.10112443709333334,0.08154695096666667,-0.9426349593333331,-0.0099922862214,-0.22539303903333333,-0.8803838139333333,0.07223142597000001,0.004364618545,-0.965244342833333,-0.063198312364,-0.3226223540666666,-0.8877838416333332,0.02436701855866667,Donner_g_ch2_g20_compr.mp4,ch2g20
2816.6666666666633,-0.24084303476666666,0.4513636176333333,-0.16618899766666667,-0.2236569375,0.47066606796666666,-0.16357264279999997,-0.22512983926666663,0.4730810031333335,-0.15231115414000002,-0.22643879279999998,0.47200171003333335,-0.15533317054999998,-0.2495729038666667,0.4753709169,-0.16809895433333336,-0.24766900186666668,0.4747709100666667,-0.1811716695333333,-0.24118014533333337,0.4631969806000001,-0.1606758276,-0.1424458036333333,0.46618154920000004,-0.09608660145333331,-0.24971342843333336,0.38777610473333335,-0.05751979124,-0.19258549570333333,0.4438702694333334,-0.13221478158,-0.2169418063,0.40341105269999994,-0.1490117155633334,-0.0007402023506666591,0.3328568942000001,-0.06369802061166667,-0.2590559048,0.32088467926666675,0.07770998938333334,0.04082789905700001,0.32323203043333326,-0.21708532150333332,-0.27891024146666665,0.22000663966666675,-0.08978352266333332,-0.04452258863566667,0.4479614968333334,-0.25508014265,-0.32687370343333333,0.3279179580333334,-0.24796504584666665,-0.07769562485633333,0.4758825286666667,-0.2605905373666667,-0.3162440092,0.36064860090000006,-0.30002362729999993,-0.09696669322533333,0.4887882739000002,-0.25296867323333333,-0.2900807619,0.4071898948666667,-0.2936406550300001,-0.045655846300999996,0.4470041667,-0.25412043545000007,-0.3215127061333334,0.34631613306666675,-0.361563981,0.07974773795000002,-0.1440549319153333,-0.021771231491566668,-0.07928416567999998,-0.1605651686863333,0.02336806037026,0.05189124169733333,-0.5584938273333333,-0.09177811299000001,-0.20688372613333333,-0.4530359443,-0.028812411231666665,0.09922255705,-0.9024729185999998,-0.024822504471973334,-0.22133445153333334,-0.8454865629333331,0.10345015334333334,0.07903672607333334,-0.9405276033333331,-0.012360023738066666,-0.22826731406666664,-0.8757254805,0.07471053302000001,0.0004897664116666672,-0.9630841036333332,-0.0645864034,-0.3260926964,-0.8841615521333331,0.02933704544866667,Donner_g_ch2_g20_compr.mp4,ch2g20
2833.33333333333,-0.24820074336666664,0.44856928036666666,-0.16882404033333331,-0.23079847896666666,0.4681292208,-0.1666683275,-0.23221223576666664,0.4704865182333335,-0.15543921160666668,-0.23354586286666665,0.4694341823666667,-0.15841518394999998,-0.2565575371,0.4729711882,-0.1707904934666667,-0.2546425540666667,0.47233473310000007,-0.18382284636666665,-0.24799487946666668,0.4608053521666668,-0.1633417263,-0.1481841538733333,0.4643759655666667,-0.10032524433666665,-0.25452352773333337,0.38625535383333337,-0.059763749713333335,-0.1994996029466667,0.4413461081000001,-0.13515466245666669,-0.22339654726666666,0.4011032681333333,-0.1513819404633334,-0.006064818383999994,0.3297442681000001,-0.068477219227,-0.2629646472666667,0.31866183133333337,0.07896357364666667,0.03373197801033333,0.3110378608666666,-0.22399401340999997,-0.28261367573333335,0.2157860417333334,-0.08129714495999998,-0.054186354268999995,0.4335647956000001,-0.26128585665,-0.3311986671333333,0.32372992310000004,-0.23212924507999996,-0.08791024221966666,0.4618067487333334,-0.26635074763333333,-0.3201185544666667,0.3571096506333334,-0.28240989646666664,-0.10606430440199999,0.4745662678666668,-0.25833509843333335,-0.2949969718666666,0.40374488346666676,-0.2758881556300001,-0.05498036266766666,0.43282595620000003,-0.2600066405166667,-0.3262662987666667,0.3422119181666668,-0.406361043,0.07954339112333335,-0.1439146163713333,-0.023598843808900004,-0.07915849314333331,-0.16066081151766662,0.025079435336666667,0.048663338702999985,-0.5578963980666666,-0.09458555310000001,-0.21440858156666667,-0.44912448386666665,-0.027111660121666666,0.09636028786666666,-0.9000667982999998,-0.02679400331530667,-0.22436675636666667,-0.8409978185999997,0.10617878394333334,0.07631499180666668,-0.9381702156333331,-0.014149260054733331,-0.23116557303333332,-0.8711120849666667,0.0776365031,-0.003612054151666663,-0.9609454690999999,-0.06529247673000002,-0.32960234006666667,-0.8808077398333332,0.03491000287866667,Donner_g_ch2_g20_compr.mp4,ch2g20
2849.9999999999964,-0.2556052580333333,0.44581919556666666,-0.1713311515333333,-0.2379659087,0.46563784399999997,-0.16968098043333335,-0.2393204875333333,0.46793785363333346,-0.15849830450666666,-0.2406822244333333,0.4669150059666667,-0.16142590098333331,-0.26354970483333334,0.47062697923333335,-0.17334913063333332,-0.26162116820000003,0.46995563953333336,-0.18631951256666665,-0.25481366573333336,0.45846861493333346,-0.1658647822333333,-0.15385073008666666,0.4625832982666667,-0.10468774316999997,-0.2591780152,0.3847681960666667,-0.06188727582333333,-0.20643960991000002,0.4388448945666667,-0.13807443672,-0.22985256896666667,0.39883253383333334,-0.1536162607966667,-0.011439602653999997,0.32666486763333347,-0.073585206847,-0.26663818186666666,0.3166543022,0.08044035966666666,0.026552716767000002,0.29912646569999995,-0.23093354155999998,-0.2864399094666667,0.21237825446666675,-0.07186692869333332,-0.06353763980233333,0.4200329796000001,-0.26730578991666665,-0.3356379704,0.32073190483333336,-0.21464005217999996,-0.097636589493,0.44878547830000004,-0.2719137706,-0.32407851123333337,0.3547904418666667,-0.26304793260000003,-0.11458491129533332,0.4614127012000001,-0.26349755803333336,-0.2999501675333333,0.4015470297333334,-0.25646541689666674,-0.06391382636433333,0.4195266320666667,-0.2657029121166667,-0.33111197063333336,0.3393643162000001,-0.386671722,0.07927629214000001,-0.143786130986,-0.02554591949756667,-0.07896836276999998,-0.16074434035699994,0.026900577685666664,0.045273487652,-0.5572426374333331,-0.09743021731333334,-0.22225941753333334,-0.44517770669999995,-0.025412247134999996,0.09341841965666665,-0.8975545300666664,-0.02836113805697334,-0.22753957506666667,-0.8364512577333331,0.10885490994333334,0.07353508606333334,-0.9357052158999998,-0.01547673965473333,-0.23418811909999998,-0.8664463942999999,0.08050133881666667,-0.00794901042166666,-0.9588954388666666,-0.06500330703000001,-0.33323187449999997,-0.8775220357666665,0.040550131998666666,Donner_g_ch2_g20_compr.mp4,ch2g20
2866.666666666663,-0.262963742,0.4430512055333333,-0.17394856209999998,-0.24507238843333334,0.46312220509999996,-0.17280605296666665,-0.24636927619999996,0.4653618580666668,-0.16167456824,-0.24776181603333333,0.46436731470000003,-0.16455050535,-0.2704862117666667,0.46827742819999996,-0.17602622953333333,-0.2685448194,0.4675710404666667,-0.18892990146666666,-0.2615834732666667,0.4561288366000001,-0.16850264909999998,-0.15941494960333333,0.4607717978666667,-0.10934465057666665,-0.2636867703333333,0.3832775355666667,-0.06414675665333333,-0.21334054851,0.4363136283333334,-0.14113401267666664,-0.2362753611,0.3965496222666667,-0.15596953586333337,-0.016870095410666665,0.3235062496000001,-0.07893110380033333,-0.2701465857666667,0.31480856590000006,0.08180997082666665,0.019182371737000003,0.28777941720000005,-0.23797826047666662,-0.2903829166666667,0.20952806166666677,-0.06203807979333332,-0.07264750733566666,0.40773868316666667,-0.2734220487499999,-0.34017637833333336,0.31851297293333336,-0.19613528258,-0.10693219411633333,0.43710671903333337,-0.2775797603333333,-0.32812987200000004,0.3533407456666667,-0.24253096383333336,-0.12262848870866665,0.4495524478000001,-0.26888120973333335,-0.3050870726333333,0.4002541930666667,-0.23591744676333343,-0.07253570032433333,0.4074732943666667,-0.27157389585,-0.3360919496333334,0.33734406443333337,-0.374017984,0.07893025663000001,-0.14367720601266665,-0.02756623156656667,-0.07870324081333331,-0.16081047661533326,0.028796475992999997,0.041601194482,-0.5565312092999998,-0.10038513222666667,-0.23018292673333332,-0.4412009046666666,-0.023459421181666662,0.09023280261666665,-0.8949400537666665,-0.02979201389960667,-0.2308009972,-0.8318304592999997,0.11198619352333335,0.07049633027,-0.9331350894666665,-0.01666663804473333,-0.2372754824,-0.8617082899666665,0.08393825819,-0.01240090965166666,-0.9567180335,-0.06452636059666668,-0.3369802228666667,-0.8742051564999999,0.04705816607866666,Donner_g_ch2_g20_compr.mp4,ch2g20
2883.3333333333294,-0.2702051281,0.44036218153333334,-0.17658565709999996,-0.25202262503333334,0.46066550033333337,-0.1759266112,-0.2532660211333333,0.4628471738666668,-0.16485302442333336,-0.2546911473,0.46188300703333335,-0.16767397449333332,-0.27728201793333335,0.4660131888,-0.17872576289999995,-0.27532668256666665,0.46528072006666665,-0.19156081273333334,-0.2682253007666667,0.4538832455000001,-0.17114994319999996,-0.16490330743,0.4589594570333334,-0.11414679600999998,-0.2680102265,0.38194301936666675,-0.06653386530666668,-0.2201543178166667,0.4338335307333334,-0.1442437945433333,-0.2426319448666667,0.3943649531,-0.15839086603000002,-0.022278779327333336,0.3203995909333334,-0.08437107152033332,-0.2735894245666667,0.3133263533666667,0.08291965981666666,0.012015910577000008,0.2774154271333334,-0.24469967708999998,-0.2943384021,0.2073209692000001,-0.05244286716,-0.08123537336566666,0.39690276436666666,-0.2792640080333333,-0.3445875194,0.3169101478666667,-0.17907280637999995,-0.11556590578966666,0.4269627416333334,-0.2830613184,-0.3320724212,0.35242217053333336,-0.22369217476666667,-0.1300428067853333,0.43931385993333344,-0.27420548726666666,-0.31005384423333326,0.3995781770666667,-0.21708227072999997,-0.08061964559433334,0.39690839990000004,-0.27724987703333337,-0.3409264952666667,0.33593073300000004,-0.405819595,0.07853123159666668,-0.14358389388533332,-0.02960549083556667,-0.07838207111999998,-0.1608626668146666,0.030709912377333334,0.03772628801866667,-0.5557656939333332,-0.10344310679666667,-0.23802350349999998,-0.43722747676666657,-0.021445376005,0.08702679380666666,-0.8921847317333331,-0.031001685556273337,-0.23406512886666667,-0.8271169259999998,0.11526500269333334,0.06742622364666664,-0.9304040960333331,-0.017621443634399995,-0.24036893466666664,-0.8568811958666666,0.08754144167333336,-0.01682998079833333,-0.9545259355999999,-0.06379576535666667,-0.3407799651333333,-0.8708519541666665,0.053833040348666664,Donner_g_ch2_g20_compr.mp4,ch2g20
2899.999999999996,-0.2771465971,0.4376495801,-0.17914170219999997,-0.25865062973333336,0.4581755540333334,-0.17892988263333334,-0.2598275731,0.4603015667666669,-0.16791432517666668,-0.26129129630000003,0.4593652313333333,-0.17068024179666666,-0.2837136452333333,0.46374486053333325,-0.18133557709999995,-0.2817479575,0.46298434980000003,-0.19410463466666666,-0.27449572629999996,0.4516295243333334,-0.1737104708333333,-0.17010026572333334,0.45710306836666675,-0.11871043089999998,-0.2721346945666667,0.38066908533333343,-0.06883286770666668,-0.22672928533333336,0.43132859190000006,-0.1472219150233333,-0.2487715036666667,0.3921727717666667,-0.16072637469666667,-0.027642102867333335,0.31722286206666667,-0.08944341307366666,-0.2769828878666667,0.3120365704333334,0.08408707465333332,0.005139222980333345,0.2672487264333334,-0.25048218891999996,-0.29826473886666666,0.20500702253333344,-0.04326748019333334,-0.08901485834233334,0.3867858992333334,-0.28422373956666663,-0.34885678056666664,0.31584660033333334,-0.16227437964666663,-0.123356763833,0.4177552883000001,-0.2876469734333333,-0.3359061939333334,0.3520795590666667,-0.20516358370000004,-0.13646550013199998,0.43010375420000013,-0.2787926669333334,-0.3149335652666666,0.3995898278000001,-0.1985841887633333,-0.08784800149433333,0.3871572817,-0.28211925663333337,-0.3456233452333333,0.33521891843333346,-0.424488813,0.07810779995333335,-0.14351717899666663,-0.03164450799190001,-0.07803510130666665,-0.1608966902403333,0.03262360168033333,0.033576168525333336,-0.5548760786999999,-0.10647278830333333,-0.2458953928333333,-0.4332874532999999,-0.019338311859666668,0.08378243250999998,-0.8891975555333331,-0.03217182596627333,-0.23740350356666667,-0.8221365585666665,0.11872202466000001,0.06431983394666665,-0.9274396828666663,-0.018552262495733326,-0.24354130546666666,-0.8517879869333332,0.09133200346333335,-0.021244527785000005,-0.9523086209333332,-0.06281549141333334,-0.34474536580000004,-0.8673044525999998,0.060937220481999996,Donner_g_ch2_g20_compr.mp4,ch2g20
2916.6666666666624,-0.28332610966666666,0.4350115639666667,-0.1815517365333333,-0.26454787106666666,0.4557296118666667,-0.18168066880000003,-0.2656512071666666,0.4578041281666669,-0.17072740040666667,-0.26715354723333334,0.4568953161666666,-0.17344001333333334,-0.28940239946666657,0.4615573660999999,-0.18378126989999996,-0.2874253172999999,0.46076794509999996,-0.19648017929999997,-0.2800157641,0.44944814333333344,-0.1761014344333333,-0.17477594040999997,0.45527107790000004,-0.12275246451333331,-0.27589118940000007,0.3795356593000001,-0.07096248842333334,-0.2326572802,0.42887557070000004,-0.14994498574666665,-0.25430121233333336,0.39006581116666666,-0.16291772206666666,-0.032716760863999994,0.31425347786666663,-0.093957101447,-0.2802972121,0.3110078499,0.08527353168666665,-0.0007637825096666618,0.2580618595666667,-0.25580703169999996,-0.30232400693333333,0.20275490076666675,-0.034314463760000004,-0.09588629927566666,0.3775942938000001,-0.2891801332333333,-0.3531656947,0.3150812538666667,-0.14579074244666662,-0.130367679163,0.4094456359000001,-0.2922847988999999,-0.3397701037666667,0.3523494727666666,-0.18701056146666667,-0.14224152521000002,0.4217992317666667,-0.28340569763333334,-0.3197555740666666,0.4003081591333334,-0.1804434659633333,-0.09426551487433334,0.37832637176666667,-0.2869837861,-0.35029662159999997,0.33485950606666676,-0.447587311,0.0776826209,-0.14347976811,-0.03365495910990001,-0.07768383648666666,-0.1609097758036666,0.03451137664033334,0.029417311488666664,-0.5537780608,-0.10965176675333332,-0.25365866486666666,-0.42936844493333326,-0.01727421816066667,0.08051831153999998,-0.8860846791333331,-0.03368723654294,-0.24073648256666666,-0.8169350479999999,0.12214835035666667,0.06119119683333333,-0.9243477872666663,-0.019848921243533327,-0.24671247373333333,-0.8464680836333331,0.09504831232666669,-0.025732520695,-0.9500857253333332,-0.06201604523333334,-0.3487135370666667,-0.8634999536666664,0.06780020099866665,Donner_g_ch2_g20_compr.mp4,ch2g20
2933.333333333329,-0.28830681486666665,0.43253107420000003,-0.18377177113333332,-0.26930429289999996,0.45338174713333335,-0.1841609531666667,-0.27034280599999994,0.45540650946666694,-0.173280396,-0.27188091329999997,0.45452591629999994,-0.17593906696666667,-0.2939399063666666,0.45950423639999993,-0.18605948209999995,-0.2919387399666666,0.45868257923333333,-0.19869023906666666,-0.28437580016666664,0.44739283810000013,-0.17832623393333327,-0.17875567710999996,0.4534472532333334,-0.12631158873999998,-0.27891420040000003,0.37849723276666675,-0.07303875273666667,-0.23757174846666668,0.42653574070000005,-0.15241937473999997,-0.25880070686666673,0.3880993864,-0.16498187586666668,-0.037264789814000006,0.31137369336666665,-0.09782757491699999,-0.28334782900000005,0.3100241974000001,0.08638959412,-0.005844497656000002,0.24918142910000005,-0.2606240908333333,-0.3063701694,0.20040828976666675,-0.025359916673333344,-0.101472503209,0.3688607391333334,-0.2939884503666666,-0.3572636123666666,0.3142903032,-0.12940846144666665,-0.13604740487300002,0.4015725676333334,-0.29691698106666664,-0.34330045706666673,0.3525976824333333,-0.16882482423333334,-0.1468199433,0.4140408249666667,-0.2881350232,-0.3242705898999999,0.4010675302333334,-0.16209516452999995,-0.099449832761,0.3699883892666667,-0.2917464041,-0.3547922343666666,0.3344884810333334,-0.373194456,0.07725581339666666,-0.1434643895233333,-0.03553654944133334,-0.07732935251666664,-0.16090256840699996,0.03628297572266667,0.025188800401999997,-0.5526408288666667,-0.11257705855333332,-0.2613338951333333,-0.42547581906666654,-0.01530903770166667,0.07726517830999999,-0.8829509728999998,-0.034971131519606666,-0.24393199780000002,-0.8117371256333332,0.12551603451333335,0.05807658354666666,-0.921237477833333,-0.020928123532533326,-0.24976030163333335,-0.8411517645666665,0.09871573147333336,-0.029830839458333334,-0.9478590746333332,-0.06103257393333335,-0.3525907993333333,-0.8596442801666665,0.07448152118866667,Donner_g_ch2_g20_compr.mp4,ch2g20
2949.9999999999955,-0.2922348374666667,0.4304485673666667,-0.18546462896666663,-0.2730908975333333,0.4513607662333334,-0.18597689683333338,-0.2740746001666666,0.4533410992666669,-0.17518645493333335,-0.27563881079999997,0.45248906463333327,-0.17778128883333333,-0.2974814971333333,0.45782291853333323,-0.1877926468333333,-0.2954593826666666,0.4569601917666667,-0.2003371208666667,-0.2877444063333333,0.4456977853333335,-0.18000417746666664,-0.18194301659999998,0.45174785330000006,-0.12897332022333333,-0.2811663057666667,0.37770422276666676,-0.07472422599666667,-0.24148159163333335,0.4245090754666667,-0.1543046485333333,-0.26229749480000003,0.3864609382,-0.16659521516666667,-0.04099315894066667,0.3086513366333333,-0.10069781139333332,-0.2860361887333334,0.3090316141666667,0.08782927602,-0.009881431726000004,0.24136736150000004,-0.26378164439999996,-0.3106400827333333,0.19840410446666676,-0.01576251956333333,-0.106017524639,0.3617910958000001,-0.2969982624,-0.36108907423333325,0.3142096626666666,-0.11212821064666662,-0.140836656769,0.39549888610000006,-0.29976359956666665,-0.3464612566333334,0.35361693376666664,-0.14982831226666665,-0.15064157725666666,0.4080871494666667,-0.2910082370333334,-0.32842368359999996,0.40258701953333337,-0.14297865756333328,-0.103685415311,0.3633292600333334,-0.29468478046666663,-0.3589939416,0.3348426995333334,-0.340330541,0.07683398288,-0.1434688176533333,-0.03731097317433334,-0.07697813139999997,-0.16087579584766665,0.03794855751633334,0.02095014307533333,-0.5515161409,-0.11545540795333332,-0.26875415086666665,-0.4215243941999998,-0.01339812374766667,0.07408998102666664,-0.8798254185999999,-0.03633945498294001,-0.24712178106666668,-0.8063351282666666,0.12904893081666668,0.05505642636333332,-0.918123997433333,-0.022086588636199993,-0.25280429643333335,-0.835630749233333,0.10260820025000002,-0.033862704755,-0.9455913702333332,-0.060151673783333345,-0.3564189235333333,-0.8554407240999997,0.08145475140533334,Donner_g_ch2_g20_compr.mp4,ch2g20
2966.666666666662,-0.29531002833333336,0.4288540815333333,-0.18649917289999995,-0.276071091,0.4497714024,-0.18703053890000002,-0.27700516833333333,0.4517178144666668,-0.17633583513333334,-0.2785914178,0.4508956417666666,-0.17886508903333334,-0.30018292469999996,0.4565928892666666,-0.18880740996666664,-0.2981496477333333,0.45568557623333333,-0.20123205033333336,-0.29029250539999996,0.44444444866666677,-0.18095560419999995,-0.18429574949999997,0.4502537317666668,-0.13069474807333334,-0.2826591041,0.3771330950333334,-0.07569238163333333,-0.2445106649,0.4228773278333334,-0.15549244366666665,-0.2649495723,0.38519873436666663,-0.16756174820000003,-0.043827945167333335,0.30600780009999995,-0.10261878763333332,-0.2882170690666667,0.30801283366666665,0.08979196161666668,-0.012865404659333333,0.23466552750000003,-0.265021043,-0.31500289240000007,0.19677647943333343,-0.005549283306666671,-0.10956900903566666,0.35634338803333343,-0.2968058074333333,-0.3646661377333333,0.31488363226666666,-0.09351271847999997,-0.14482554354333332,0.3912290100000001,-0.2991963635,-0.3491276743666667,0.35556595399999996,-0.12943898486666666,-0.15367952652,0.40383892180000003,-0.29041309063333337,-0.3320427385666666,0.4049582691333333,-0.12243729262999994,-0.106971609741,0.35829431363333336,-0.29436839949999993,-0.36290175919999995,0.3359851874666667,-0.284187227,0.07641194772,-0.14349193242666664,-0.03901419873233334,-0.07662596207333332,-0.16083323752599998,0.03954019153833334,0.016749541805333334,-0.5504075630333333,-0.11814556277333332,-0.2755252857,-0.41766983036666655,-0.011560387317666669,0.07103283047666666,-0.8766088877333332,-0.03707751663627334,-0.24985566233333337,-0.8007064430999999,0.1327426227,0.05215055140666667,-0.9148792181666664,-0.022600372814533323,-0.2553986571333333,-0.8298804427666665,0.10674738304333335,-0.037856689315000004,-0.9433404405666667,-0.05867421812666668,-0.3596181502,-0.8509899280333331,0.08874694456533334,Donner_g_ch2_g20_compr.mp4,ch2g20
2983.3333333333285,-0.2978725537,0.4278310175,-0.18730440433333329,-0.2784717187333334,0.4487212281666667,-0.1878650526,-0.27937359716666665,0.45063705310000013,-0.17729112176666664,-0.28098677930000004,0.4498523319999999,-0.1797321419,-0.3022869070666666,0.45590807959999996,-0.1896135529333333,-0.3002311199333333,0.4549656117,-0.2019125431666667,-0.2922416736333333,0.44373467256666677,-0.18170499946666663,-0.18599424196666664,0.44912960206666674,-0.13244555728333332,-0.2832656990666667,0.3770733314666667,-0.07665650724999999,-0.24698674963333336,0.42172669590000006,-0.156520063,-0.2669918350666667,0.3844414533666667,-0.16837765086666673,-0.045885920264,0.3036532328666666,-0.10470635041333332,-0.2898611589,0.3075413450333333,0.09169103836666667,-0.014953682436000005,0.22847790773333337,-0.2669073442333333,-0.31946438003333333,0.19596916633333342,0.004261878826666662,-0.11198270446566666,0.3511033351000001,-0.2977703804666666,-0.3678263243666666,0.31603022793333335,-0.07555385094666664,-0.14760563375333333,0.38713129596666673,-0.2998918324666667,-0.35112153716666666,0.35798102193333325,-0.10966970969999999,-0.15562642615333336,0.3999939940666667,-0.2909515525333334,-0.33485712883333324,0.40779958083333334,-0.1025296909633333,-0.10916522880433334,0.3535311147333334,-0.29519976309999996,-0.3662631889666666,0.33753281213333336,-0.185669154,0.07599208937333332,-0.14353107293666664,-0.040604539210000005,-0.07627569016333331,-0.1607759475983333,0.041018354755,0.012791177418666668,-0.5493082477333333,-0.12081265654666666,-0.2813963562,-0.4139971789333332,-0.009748692528666668,0.06847878386666666,-0.8734390193333332,-0.037915818029606675,-0.2518626297,-0.7951497107,0.13678516703333335,0.049767200453333334,-0.9116883132999997,-0.023242592373333325,-0.25730218420000006,-0.8241954321999999,0.11133791002000003,-0.041404286275,-0.9411879996,-0.05745616337333334,-0.36199777920000004,-0.8466043454333332,0.09635596101533335,Donner_g_ch2_g20_compr.mp4,ch2g20
2999.999999999995,-0.29942868196666667,0.4270520325,-0.18782987886666663,-0.27989138513333334,0.44791338493333344,-0.1884025698,-0.2807500979,0.4498024827666668,-0.17794369776666663,-0.28239211873333336,0.4490566377999999,-0.18030263733333332,-0.30342539949999997,0.4554814593666666,-0.19016070669999996,-0.3013461663666666,0.4545018140666667,-0.20231123913333335,-0.29325453683333336,0.44327731736666676,-0.1821937431333333,-0.18687537769999998,0.44814648306666677,-0.13390815542333334,-0.28330702050000006,0.3771937769666667,-0.07739022192666666,-0.24854539816666668,0.42078463060000004,-0.1572205656,-0.26821163766666667,0.38390519023333336,-0.16891995626666673,-0.047317339157333334,0.3013213310666667,-0.10614005588999999,-0.2912338096666667,0.3073950295333333,0.09374549583333334,-0.01593402957266667,0.22265460050000005,-0.26742946650000005,-0.3241786122333334,0.19599182106666677,0.013961996136666663,-0.11343321205566666,0.3457529033000001,-0.29701620539999996,-0.3703059083666666,0.31801133633333334,-0.05737878841333331,-0.14950846249000002,0.38278940753333335,-0.2988017539333334,-0.3521800193,0.36129106653333326,-0.08974550416666667,-0.15675505699,0.3957458508333334,-0.2897721554333334,-0.33657054876666664,0.41140570356666667,-0.0823851389633333,-0.11043269160333334,0.3485757633666667,-0.2942941792999999,-0.36883110806666664,0.3398806867666667,-0.146051586,0.07557387611333334,-0.14358607830666661,-0.041997708747666666,-0.07592574111333332,-0.16070391029399997,0.042294723373333336,0.00896521633866667,-0.5482334508000001,-0.12320584115,-0.28661426053333333,-0.41049022886666653,-0.008611551762000002,0.06623636599999999,-0.8704188480333331,-0.03910819289970668,-0.2533770416666667,-0.7896652409666666,0.14003753769333332,0.04770509853666668,-0.9086549017999996,-0.024313369979999992,-0.25872883180000006,-0.8185759042999999,0.11516002805333335,-0.04444511271833333,-0.9392116605666667,-0.05679819030666668,-0.36387296913333333,-0.8422257306333331,0.10298367372200001,Donner_g_ch2_g20_compr.mp4,ch2g20
3016.6666666666615,-0.29971786086666663,0.42687449413333334,-0.18811314546666663,-0.2800442954,0.4476062561000001,-0.18860920373333334,-0.2808511695,0.44948660000000007,-0.17826753726666664,-0.2825162627666667,0.4487787291333333,-0.18054603686666668,-0.30328481746666663,0.4555887556666666,-0.1904261296666666,-0.3011876423666666,0.4545629995666666,-0.2024103010666667,-0.29299402183333334,0.4433202784000001,-0.18239475829999996,-0.18667366789999998,0.44735947960000005,-0.13467170656333333,-0.2825011210000001,0.37759988723333343,-0.07779890614333333,-0.2489433436,0.4203169268666667,-0.1576172956,-0.268350515,0.38384013573333337,-0.1692242995666667,-0.04790591547,0.2990884705333334,-0.10660134827999998,-0.29219837326666664,0.3075682148,0.09608934763333335,-0.015726944406000004,0.2173091039666667,-0.2657466147666667,-0.32941403936666674,0.19710291620000012,0.024440976469999993,-0.11357631194333333,0.3403275366333334,-0.2933326527333333,-0.37261079613333326,0.3209725320333333,-0.037731679913333295,-0.15015653125333334,0.37819803590000006,-0.2947024305666668,-0.3529616666666667,0.36560807993333333,-0.06840507996666664,-0.15668391909333332,0.39115763726666675,-0.2856866534333334,-0.3377444304333333,0.4159637581666667,-0.06083858639666663,-0.11044828678666668,0.34346595353333337,-0.29044563083333325,-0.37113156523333324,0.3432146537,-0.0854268074,0.07515692920333333,-0.14365446786866665,-0.04323092292,-0.07557333524,-0.1606170900986666,0.043405684753333326,0.005269870855333335,-0.5471341156333335,-0.12547216942,-0.29126720016666663,-0.4072396011333332,-0.0077288108219999985,0.06482455995333332,-0.8674658888999999,-0.040346652185773345,-0.25472492023333343,-0.7846114148,0.14288964553,0.046563715783333334,-0.9056576603666663,-0.025434775896666657,-0.26003960846666674,-0.8134530043,0.11858386165000001,-0.04672520508166666,-0.9374177972,-0.05623127550666668,-0.36573843953333335,-0.8380832608333331,0.10890749991866668,Donner_g_ch2_g20_compr.mp4,ch2g20
3033.333333333328,-0.29923104139999995,0.4270316000333334,-0.18827301949999997,-0.2794411341333333,0.44758169303333345,-0.18874352676666664,-0.2801875537333333,0.4494562016333334,-0.1785199167333333,-0.2818757820666667,0.44879402369999993,-0.1807213719,-0.30236684336666664,0.4559784051333333,-0.19058874403333328,-0.3002446497,0.45490432556666666,-0.20240883876666668,-0.2919649124,0.4436314742333335,-0.18249173803333332,-0.18586011813333328,0.44672611470000007,-0.13535235759666667,-0.2811180289666667,0.3781784675333334,-0.07818004891333333,-0.24862983856666668,0.42014711023333334,-0.15793508670000003,-0.2677989207,0.3840762873666667,-0.16942811963333335,-0.04798152033,0.2969746613666667,-0.10678374743333331,-0.29281656879999995,0.30810759013333333,0.09838127015000002,-0.014455679396000003,0.2122191722666667,-0.2640133256,-0.33483010730000007,0.19929352996666683,0.03487460213666667,-0.11282918614566666,0.3337018366333334,-0.29011228629999997,-0.3747042294666666,0.3243879397666667,-0.017864364013333297,-0.14993157778000002,0.3720534268666667,-0.29111852396666676,-0.3533886833,0.3701605078333333,-0.04681185993333333,-0.15592194796666667,0.38487249236666676,-0.28209105740000007,-0.33846694003333333,0.42059400196666674,-0.03903992999666661,-0.10965943279033334,0.3370044524,-0.2870566532666666,-0.37316131796666663,0.34688890353333335,0.0769153535,0.07474454395999999,-0.14373258940866665,-0.04424379719,-0.07521856988333334,-0.1605212616466666,0.044292557536666666,0.0021049578453333335,-0.5460134748000001,-0.12772260065,-0.29485218409999997,-0.4044585631333332,-0.007225001568666665,0.06391211117333331,-0.8646275912,-0.041568763793333345,-0.25556456340000006,-0.7800669242333332,0.14501283275999996,0.04591055641333333,-0.902715422133333,-0.026544349109999994,-0.26087276716666674,-0.8088358178999999,0.12124928983666668,-0.04835762437499999,-0.9356007131333333,-0.05575013793666667,-0.3669217278333334,-0.8340911556333331,0.11360648153766668,Donner_g_ch2_g20_compr.mp4,ch2g20
3049.9999999999945,-0.2981098095,0.42746325490000014,-0.18884386809999998,-0.2782270655,0.4477812732333335,-0.18922872099999996,-0.2789042210333333,0.44965142273333336,-0.1791293379666666,-0.28062144303333336,0.4490415141333333,-0.18125388923333333,-0.30079633149999996,0.45660498676666667,-0.1912021816333333,-0.29865053043333334,0.4554639297333334,-0.20285469493333336,-0.2902964194666666,0.4441495359666668,-0.18304824076666668,-0.18446499617333328,0.4462084563000001,-0.13607303287,-0.27920026703333334,0.3788994056,-0.07902139529666666,-0.2476926086666667,0.42019894443333333,-0.15852251483333338,-0.2666507315666667,0.38453352850000005,-0.1700340753666667,-0.047463698118333335,0.2950096750333335,-0.10669999856333331,-0.2929168039333333,0.30919069990000003,0.10015653141000003,-0.01194192205266667,0.20745182886666672,-0.2612494622,-0.3399239277000001,0.20282068450000013,0.04573207147000001,-0.11085907649233331,0.3269067720333334,-0.2855146527333333,-0.3762354403333333,0.3289510158000001,0.0034734064200000006,-0.14855343966333334,0.3656924082333333,-0.2860754425333334,-0.3531398647,0.37574264546666664,-0.023530975099999955,-0.15410876697333334,0.37825325150000005,-0.27701170950000004,-0.33855357933333335,0.4260603022000001,-0.015499788796666624,-0.10773156563033334,0.33027442426666664,-0.2822886750666666,-0.3746164600666666,0.35163493059999995,0.184697881,0.07434799997,-0.14382630666000001,-0.04497960939,-0.07487134401666667,-0.16041109191766662,0.04490776352666666,8.070835866666707e-05,-0.5447255843333334,-0.12983412176,-0.2974932227,-0.40192718366666663,-0.007347117451999998,0.06386503967333332,-0.8617139592,-0.04172727216333334,-0.2554982651333334,-0.7757725466666665,0.14666519073333328,0.04604619174999999,-0.8996384694333329,-0.026501852613333324,-0.2607905743666667,-0.8044620827000001,0.12350099834666667,-0.04920716588466666,-0.9334947243,-0.05400462201333334,-0.3667541871333334,-0.8301406690666664,0.11775129432333334,Donner_g_ch2_g20_compr.mp4,ch2g20
3066.666666666661,-0.2963567564333333,0.42818403003333344,-0.1895490372333333,-0.2764173353666667,0.4482323969333335,-0.18987963349999995,-0.2770243774666667,0.45010207160000004,-0.1799027315666666,-0.27877173406666667,0.44955266169999997,-0.18195663593333333,-0.2985503693999999,0.45749145686666665,-0.192012774,-0.29638154850000004,0.45627389326666673,-0.20349974633333334,-0.28796709279999994,0.44490337576666683,-0.18380450996666667,-0.18264017339999994,0.44585485120000007,-0.13696360946666666,-0.2766591879,0.37982538163333335,-0.08011672725333333,-0.24617484293333336,0.4204951244333333,-0.15921335453333338,-0.2648892156333334,0.3852425674666667,-0.1707868259,-0.04662754030366667,0.29327671866666677,-0.10650568779666662,-0.2922298186666666,0.3108932956666667,0.10161670814333336,-0.00869949470266667,0.20300741746666667,-0.2583958361666666,-0.34426861406666676,0.2077648917666668,0.056268663170000004,-0.10793860250566664,0.31993522146666675,-0.2806906442,-0.37717731489999995,0.3349639244333334,0.024680725119999983,-0.14610459309333337,0.3590026561,-0.2807805901,-0.3524063361666666,0.38271364609999997,-0.00040662099999999775,-0.15131337485333332,0.3712427210666667,-0.27207056990000006,-0.3382368074666666,0.43279839866666675,0.00786528063666665,-0.10487761303366669,0.3232735031,-0.27739637649999993,-0.37554738029999996,0.35779506069999994,0.221836299,0.07395450108666667,-0.14393527888233332,-0.04551186390333333,-0.07452011768666668,-0.16028366688499993,0.04532365282666666,-0.0011934551013333323,-0.5433984273333333,-0.13164605204333332,-0.299255586,-0.3997162075,-0.007926568851999998,0.06433831073666665,-0.8589700435000001,-0.041520400830000005,-0.25458764820000007,-0.7719494808999998,0.14787844029999997,0.04664451956333333,-0.896750270733333,-0.026144365249999992,-0.25985183003333334,-0.8005680675333333,0.12531399356666667,-0.04966853508566666,-0.9314605409333334,-0.05239453814,-0.3654397686333334,-0.8266013352999997,0.12132781581333334,Donner_g_ch2_g20_compr.mp4,ch2g20
3083.3333333333276,-0.29388900693333325,0.4292184686333334,-0.18996105733333332,-0.27389980503333333,0.4489661519666669,-0.19026952039999995,-0.2744202714,0.45084655346666674,-0.1804231312666666,-0.27619555576666666,0.45036198546666667,-0.18240245683333334,-0.2954904159666666,0.45871514616666664,-0.19257980889999998,-0.2933085689666667,0.45740726963333345,-0.2038760453666667,-0.2848481570666666,0.4459712207666668,-0.1843055953,-0.18008232725333329,0.44559702733333345,-0.13763776023333332,-0.2732570273,0.3810461304333333,-0.08108788038333332,-0.2439369781,0.42101926980000004,-0.15961226110000004,-0.262408972,0.3862297316333334,-0.1712631261,-0.04519859696733333,0.2916489486000001,-0.1056452380033333,-0.2907400691333332,0.31288971746666666,0.10321313039666669,-0.004387725126000008,0.1986449714,-0.25423333586666663,-0.34761565926666677,0.21357441543333344,0.06740000143666666,-0.1039636182923333,0.3128127664000001,-0.2745056525,-0.3773430098666666,0.3428192911000001,0.047219689086666634,-0.14259448624,0.35222428376666665,-0.2740372047,-0.35096020129999994,0.3918586476999999,0.0241882939,-0.14751006336,0.36409279026666674,-0.2655338467333333,-0.33730558126666665,0.4416458737000001,0.03273421100333334,-0.10100405928700001,0.3161063257,-0.2710952819,-0.3757869591666666,0.36588769159999995,0.221007854,0.07358597416333333,-0.14404874359733333,-0.04580150950666667,-0.07417998303666667,-0.16015024645493328,0.04549278566333332,-0.0013810310413333341,-0.5419369919666666,-0.13333739394999997,-0.3002861026333334,-0.3975890011666667,-0.010221286860666666,0.06532060048666666,-0.8562397139666668,-0.041171543350000006,-0.25289647220000006,-0.7684477020666663,0.14728949523333335,0.047667342963333324,-0.8938709789666665,-0.025654110463333327,-0.2580987049333333,-0.7970162903333333,0.1253258611,-0.04975491578233333,-0.9293458473000001,-0.0508953718,-0.36276906533333336,-0.8232979326333332,0.12287038277666669,Donner_g_ch2_g20_compr.mp4,ch2g20
3099.999999999994,-0.2902111882333333,0.4305152968333334,-0.19042453363333334,-0.27015803006666667,0.4499597892333335,-0.19073903859999994,-0.27059473603333334,0.45184992613333336,-0.18101851559999996,-0.2723951914333333,0.4514372830333333,-0.18292552883333332,-0.2912637288999999,0.46018735506666664,-0.19315375939999999,-0.28907411743333333,0.45878877020000014,-0.20428993703333334,-0.2805851832,0.44727643533333344,-0.18482685580000002,-0.17647436706999997,0.44547891080000007,-0.13830600206666668,-0.26925607893333325,0.3824143292333333,-0.08205257199999999,-0.24056930623333334,0.42173964366666666,-0.1600975993666667,-0.25896740526666673,0.3874089983000001,-0.1717818817,-0.04294197640933334,0.29013742946666676,-0.10457819304666664,-0.28869144656666657,0.3151573841333333,0.10464450317333335,0.0009767487773333298,0.19421480183333334,-0.2498569587,-0.3498180608333334,0.2203728517000001,0.07771381927,-0.09902138554899997,0.3057048201333334,-0.2684948274333333,-0.3769293436999999,0.35241251560000003,0.06869860531999997,-0.1381845619666667,0.3455203765,-0.2674971083666666,-0.3491286474333333,0.4028231386666666,0.04747799823333334,-0.14286053591999998,0.35708699443333347,-0.2592404799,-0.3360788258,0.4523836319333334,0.056322282269999996,-0.09623468013700001,0.3089623951,-0.26500029970000005,-0.3755322973,0.37575264179999995,0.250565708,0.07328016607666665,-0.14416817892033332,-0.04588255164666667,-0.07388401816,-0.1600106258030666,0.045458106189999986,-0.0005728406713333335,-0.5401939038,-0.13484702181666663,-0.3006029241666667,-0.3958728319333334,-0.012791314222666666,0.06679275648666666,-0.853475787,-0.040533044420000004,-0.25083878376666674,-0.7654475539333331,0.1464770618,0.04910471518999999,-0.8909326805666665,-0.02486352690333333,-0.2559924466666667,-0.7939668789666665,0.12509101953333335,-0.049323114774999996,-0.9269116969000001,-0.04916016237666666,-0.3596170197333333,-0.8204723863666664,0.12403174798666669,Donner_g_ch2_g20_compr.mp4,ch2g20
3116.6666666666606,-0.2859579657,0.43193708816666676,-0.19089509393333332,-0.2656823918,0.45107924393333343,-0.1912002871666666,-0.26604367753333336,0.4529827044666667,-0.18160684919999995,-0.2678698887333333,0.4526449777666666,-0.18343834226666667,-0.28630322423333326,0.46184378989999997,-0.19374115126666666,-0.2841099525333333,0.46035928503333345,-0.2047137106666667,-0.27561392809999996,0.4487582107666667,-0.18536150003333335,-0.1719961150033333,0.4454164530666668,-0.13897584130000004,-0.2644252417,0.38411344903333333,-0.08301660237666666,-0.23660823783333335,0.42253250663333336,-0.16056514416666667,-0.2549716161666667,0.38872918156666675,-0.17229823773333333,-0.04002696512600001,0.28872141783333344,-0.10345386429999998,-0.28584481366666653,0.3180358533666666,0.10602066812666669,0.007279481612999996,0.19005169853333337,-0.2458097516666667,-0.3510641237333334,0.2288713813000001,0.08749018056999999,-0.09292039020233331,0.29895975590000007,-0.26310341,-0.3758836408,0.3639549600333334,0.08934118492,-0.13250999327666668,0.3391525093333333,-0.2616472050333333,-0.34677464146666664,0.4157322977333333,0.0697215834,-0.13706912003666663,0.3504120093666667,-0.2535556953666667,-0.33419415476666664,0.4649663532333334,0.07885363270333333,-0.09035788145700001,0.30216540626666666,-0.2595085289,-0.3745980739666666,0.38754219516666666,0.27347362,0.07299440625999998,-0.144300187346,-0.04586088759333334,-0.07359648063666667,-0.15985880946573328,0.045324142206666654,0.0008843066919999994,-0.5384275300666667,-0.13571140911333332,-0.3002977409333333,-0.39433661610000004,-0.015100709420333333,0.06871460272333332,-0.8508363085666667,-0.039309799560000004,-0.24855616380000004,-0.7628887046666665,0.14589210803333333,0.050952113089999994,-0.8880988492666665,-0.023523643174999997,-0.2536839215,-0.7913857892333332,0.12506421606666668,-0.04830749630166667,-0.9245587141333335,-0.04707141593333333,-0.3563617189999999,-0.8180381247333331,0.12526630882,Donner_g_ch2_g20_compr.mp4,ch2g20
3133.333333333327,-0.28107688573333334,0.4335046287333334,-0.19082331206666667,-0.2605830381,0.4523398756000001,-0.19108976919999995,-0.2608673367666666,0.4542701648,-0.1816249153666666,-0.2627301755,0.45401438653333337,-0.1833910459666667,-0.28071735459999997,0.4636728049333333,-0.1937970644,-0.2785213542333333,0.4621007261333334,-0.20458117923333335,-0.27004593909999997,0.45040035250000005,-0.18535440213333335,-0.1669385576233333,0.4454277918333335,-0.13908070550000004,-0.2590126839666667,0.38602068243333326,-0.08341168257666666,-0.2320120504066667,0.42342814566666664,-0.16048000836666668,-0.2503617591666667,0.3901687589,-0.1722838904,-0.03674143236933334,0.2873468930000001,-0.10162737495999997,-0.28237331296666657,0.32133607016666665,0.10767971858333336,0.01424360003033333,0.18596117280000002,-0.24095062803333334,-0.35147307916666676,0.2388401141000001,0.09706287677,-0.08585803750899997,0.29241986476666665,-0.2569486299333334,-0.37461892163333327,0.3778457609,0.10898987992000002,-0.12574945534333334,0.3331436826333333,-0.25507648186666665,-0.34441135653333327,0.43107070966666666,0.09068286356666666,-0.13019704324333334,0.3442795676000001,-0.24733107403333335,-0.3322464503333333,0.48002230170000004,0.10009117230333334,-0.08350290696366666,0.2956019543666667,-0.2533416749,-0.37343316573333324,0.40176945633333333,0.269090444,0.07271516122999998,-0.144434484559,-0.04571370615666667,-0.07330822413000002,-0.1597081872069666,0.04507624791666666,0.003118164351999999,-0.5366348806333333,-0.1362026241533333,-0.2995180253999999,-0.39291865836666673,-0.017715966647333332,0.07179712844333333,-0.8485657928000001,-0.03786402830566667,-0.24603368383333338,-0.7610143153999998,0.14430367926666665,0.05397348867666666,-0.8856600616666667,-0.021869911654999998,-0.2510933019666667,-0.7895612354333332,0.12392765956666665,-0.045930113885000005,-0.9224558304666667,-0.04473293939,-0.3526315570333332,-0.8162684191333333,0.12502415476666667,Donner_g_ch2_g20_compr.mp4,ch2g20
3149.9999999999936,-0.2754207042333333,0.43511490780000006,-0.18991829896666668,-0.25474344314,0.45366344243333345,-0.19005242633333327,-0.25496100323333326,0.4556242313333333,-0.18069866663333334,-0.25685183307333337,0.45545829913333336,-0.18240624806666667,-0.2744644314666667,0.46553770313333337,-0.19291687119999998,-0.2722773991333333,0.46387527166666676,-0.20351958926666666,-0.2638475798333333,0.4520772795,-0.1844248691666667,-0.1611812365033333,0.4455596770333334,-0.13804577740333338,-0.25324695803333336,0.38796392993333323,-0.08262575385999998,-0.22660936693333336,0.42438085636666667,-0.1595342132666667,-0.24509074583333335,0.3916308568666667,-0.1714013582,-0.03275312875266667,0.2861355368666667,-0.09890403490666665,-0.2783105253,0.32493267600000003,0.10996274412333337,0.022320356840333327,0.18228373906666667,-0.2351327349,-0.35079096063333337,0.25008737146666676,0.10677463060333332,-0.0776355360423333,0.28669995866666664,-0.2502420106666667,-0.37304968533333327,0.3932708757333333,0.12760609432000003,-0.11785385794333335,0.3279274765333333,-0.24797287379999997,-0.34200911003333323,0.4478822792,0.11028855293333333,-0.12232192907666663,0.3390418650666668,-0.24054545726666668,-0.33022805379999987,0.4965146028000001,0.11991822873666667,-0.07557614883033334,0.28987579376666667,-0.24660801646666666,-0.3719717959333333,0.41753983799999994,0.250251859,0.07245600817999998,-0.144566031209,-0.04551718728333334,-0.07302821566666667,-0.15956612152696664,0.04478892569999999,0.006229282042333332,-0.5348419043666667,-0.1361931701133333,-0.2983651006999999,-0.39201122433333335,-0.020792234757333335,0.07562301759666668,-0.8469238934666669,-0.03628963475766667,-0.24296041123333337,-0.7599333672666665,0.14199352245333333,0.057726485436666655,-0.8838929608,-0.020137940811666664,-0.24788542566666671,-0.7885471875666665,0.12200235057333332,-0.04280322094166667,-0.9207475236000001,-0.04247575532666667,-0.3481717477666666,-0.8153505850666665,0.12356482233333335,Donner_g_ch2_g20_compr.mp4,ch2g20
3166.66666666666,-0.2696072352333333,0.4368024245666667,-0.18838848613333337,-0.2487114245266667,0.4550695219666668,-0.18839548523333333,-0.24885966964333325,0.4570687558666667,-0.1791501454,-0.2507739106833333,0.45699398896666665,-0.1808119549666667,-0.26800817903333335,0.4675109923666667,-0.191373622,-0.2658336147666666,0.4657490728333334,-0.20178443449999997,-0.2574595583,0.45385183100000004,-0.18283032123333337,-0.15509975759466665,0.4457849726333334,-0.13651984550333335,-0.24718492203333334,0.39006242866666657,-0.08114139374666667,-0.22098947818333337,0.4254102623666667,-0.15803167703333335,-0.23961810960000005,0.39317383633333336,-0.16990616426666666,-0.028325385846,0.284972838,-0.09553311639666665,-0.27386466549999994,0.3287387047666667,0.11249385622000002,0.030632726213666663,0.17884805880000001,-0.22830042183333332,-0.3491613478,0.2620048364000001,0.11607328647666666,-0.0688954283423333,0.2817953380666666,-0.24286010703333336,-0.37139498193333326,0.40959974806666666,0.1454439694766667,-0.10929735514333334,0.3235691103999999,-0.24020890936666664,-0.33969061649999993,0.46560655180000005,0.12899352312333334,-0.11383502858666664,0.33469251316666676,-0.2331813188,-0.3283492175333332,0.5139061474666667,0.13880241046333333,-0.06711968746366667,0.28500205013333335,-0.23925862916666665,-0.37046889259999993,0.4342358778333333,0.244289026,0.07225761991666665,-0.1446881237173333,-0.04513131600333333,-0.07279319728666668,-0.15944161242596666,0.044351074449999986,0.009848077911333332,-0.5329728964,-0.13586492682333332,-0.29688774443333327,-0.39165909,-0.024244653004000003,0.08012311996666667,-0.8453127521,-0.034330652047666665,-0.2397573026666667,-0.7592211553666666,0.13875173435333335,0.06216619627666666,-0.8821539972666668,-0.018081230885,-0.24454105473333335,-0.7878934159999997,0.11906369628999998,-0.038489136218333345,-0.9190653686333334,-0.03999102799066667,-0.34346409739999995,-0.8147535749999998,0.12100973501666668,Donner_g_ch2_g20_compr.mp4,ch2g20
3183.3333333333267,-0.2630949375333333,0.43858668566666664,-0.18691512440000002,-0.24200435898666672,0.4565651872666668,-0.1867717991,-0.24211887754333328,0.45861275456666667,-0.17762444433333333,-0.24404083440000005,0.45862645090000004,-0.17924254976666668,-0.26097395350666663,0.4695333640333334,-0.1898676863,-0.25880720143333336,0.4676866549333334,-0.200108106,-0.25052123691666667,0.45568373210000007,-0.18129319146666673,-0.148568541982,0.44614323826666674,-0.1348972825366667,-0.2409330608666667,0.3921947430999999,-0.07973004603666665,-0.21472029295333336,0.42656906236666664,-0.15656020673333335,-0.2335891432266667,0.3948064363333334,-0.1684805235,-0.023147581892666663,0.28402740293333334,-0.09205178833,-0.26911107836666665,0.3326955591000001,0.11456814528000003,0.039689079046999996,0.1763497619,-0.22153510466666665,-0.3465879664333334,0.2745578170000001,0.12289676003999998,-0.059236841375666635,0.27822879679999996,-0.2360459361666667,-0.36915134189999993,0.42611959559999996,0.15896761156333336,-0.09985483871000002,0.32055946426666654,-0.2330940181333333,-0.3371942130333333,0.48337229336666676,0.142890313303,-0.10459109918666663,0.3317753237666668,-0.2263850164,-0.32596773679999985,0.5312492274000001,0.15292883381800002,-0.05782720563033332,0.28149061236666667,-0.23246916046666666,-0.3682965625999999,0.4510357199333333,0.255958438,0.07210636906,-0.14480151375066663,-0.04447537899666667,-0.07259156395333334,-0.15933356035763332,0.04368832202333332,0.013580894856666666,-0.5310324999666666,-0.13511394281666667,-0.2945961390666666,-0.39193354059999996,-0.027596726274000005,0.08440969342,-0.8437592166333334,-0.03170985394766667,-0.23658647513333336,-0.7590218374333332,0.13597575680333335,0.06639862007666666,-0.8804916952333334,-0.015300810675,-0.2412417235666667,-0.7877541497666664,0.11661761577999999,-0.034065969405,-0.9173759485,-0.03691648500066668,-0.33881607553333326,-0.8146297562666666,0.11863174017,Donner_g_ch2_g20_compr.mp4,ch2g20
3199.999999999993,-0.2558365814266666,0.44057206670000004,-0.18524084286666667,-0.23455772435333336,0.4582377313666668,-0.18493801103333332,-0.23465151699999992,0.46034313699999996,-0.17588584936666668,-0.23657364127000002,0.4604424296000001,-0.17745505563333336,-0.25320241704666663,0.4717204829333334,-0.18817619189999998,-0.2510459117466667,0.46980117540000005,-0.19826056266666667,-0.24286152621333335,0.45768998270000005,-0.17958678600000003,-0.1415481986386667,0.4466143076666667,-0.13302516646333337,-0.23423688384000002,0.39442754303333327,-0.07826626459666668,-0.20778469479000003,0.4279150902333333,-0.1548762375666667,-0.22692186674000003,0.39661524260000003,-0.16690282830000003,-0.017539900426000003,0.2833321694,-0.08845885860333333,-0.26392174399999996,0.3369050765333334,0.1165000508966667,0.04951490288033333,0.17491230440000002,-0.21491966413333333,-0.3432163462666667,0.2877970091000001,0.12903465911666664,-0.04886110224233329,0.27569934353333336,-0.22974190853333334,-0.36623755593333335,0.4430601486,0.17129534359333334,-0.08971013911000002,0.31850853896666664,-0.22670802963333328,-0.33432710889999995,0.5014324681000001,0.155466736285,-0.09485287071999997,0.32988784333333343,-0.22038842356666666,-0.3228939803999999,0.5488512221000001,0.16564326226933332,-0.047930844297,0.2790153099666666,-0.22625614169999997,-0.3654064197999999,0.46820381066666666,0.285444677,0.07196271019333333,-0.1449077054173333,-0.043744546020000004,-0.0723927092,-0.15923953469796667,0.042965911926666656,0.017224485260333332,-0.5290238184666667,-0.1344005949333333,-0.29157672323333333,-0.39255405276666666,-0.03039555183733334,0.08888617446000001,-0.8422473031000001,-0.028989862417666667,-0.23339271123333333,-0.7589494575333333,0.13354990836,0.07088614245666668,-0.8787733070333333,-0.01244831066166667,-0.23801192520000003,-0.7877154226666664,0.11442394481999998,-0.02926891047833334,-0.9155318960333333,-0.03401685904066669,-0.33408453663333326,-0.8144075302999999,0.11627851897666666,Donner_g_ch2_g20_compr.mp4,ch2g20
3216.6666666666597,-0.24809710554999995,0.4427680150666667,-0.18325594063333334,-0.22662426230666669,0.4600932637000001,-0.18277549643333332,-0.2267072398999999,0.4622696743666666,-0.17381336406666667,-0.22862258207666672,0.46244769476666675,-0.17533890600000004,-0.2449345479966666,0.4740577859333334,-0.18617828296666666,-0.2427966139466667,0.47208251336666673,-0.19611754223333333,-0.23472393526333332,0.4598341863000001,-0.17758722550000003,-0.1342339904186667,0.4472502038,-0.13072160539666666,-0.22717760550666669,0.39679202550000003,-0.07659251178333333,-0.20042392051333335,0.4294588207333333,-0.15286064440000002,-0.21983261716000005,0.39858898090000006,-0.16504885960000001,-0.011637360852666662,0.2832454188333333,-0.08444306183666667,-0.2583243631999999,0.3414527271333334,0.11837700773333336,0.059994928547,0.17480948540000002,-0.20816988339999998,-0.3390221189333333,0.30121064303333345,0.13461011894,-0.03773988977566664,0.27410705213333336,-0.22395500383333333,-0.36271142563333336,0.4598226535666666,0.18213020973666666,-0.07877827821000001,0.3172251198333333,-0.2210238560333333,-0.33104102139999997,0.5191973831333334,0.16634033294633332,-0.0844677095533333,0.3287606539333334,-0.21513674723333331,-0.3192167309333332,0.5661489768000001,0.17656559284266665,-0.037346733297000015,0.27742075956666673,-0.22062031093333329,-0.36187792019999987,0.48516669949999996,0.292161137,0.07181757512,-0.14500722760399998,-0.04295847425333334,-0.07217945893,-0.1591608585616333,0.04219691949666666,0.020896692656333333,-0.5270586175666666,-0.13355745247999998,-0.2878124554666667,-0.39378462839999995,-0.032074121499000005,0.09335010935666667,-0.8408924845333334,-0.026403176797666666,-0.23047195003333332,-0.7591971049,0.13199571672666666,0.07537650201333333,-0.8771646054666666,-0.009729164831666668,-0.23516533253333338,-0.7879875595666664,0.11300228462333331,-0.024388425381666672,-0.9138086423,-0.03120737380733335,-0.3299696683999999,-0.8141844440333332,0.11456665868999999,Donner_g_ch2_g20_compr.mp4,ch2g20
3233.333333333326,-0.2397836769333333,0.4452452794666667,-0.1813565442666667,-0.21810179177333336,0.4622385699666668,-0.18069168776666666,-0.21818797346666657,0.4644857571666666,-0.17181822673333336,-0.2200963597833334,0.4647354402333334,-0.17329745090000004,-0.23615999798999993,0.47663107936666677,-0.18425331916666665,-0.2340380138933334,0.4746297675333334,-0.1940623671333333,-0.22608808005,0.46223031686666677,-0.1756658991,-0.1264906337786667,0.44816943656666675,-0.12847730500666668,-0.21987177083000004,0.399364258,-0.07500691970333333,-0.19251687834333336,0.4312825381,-0.15092991063333333,-0.21226294970333337,0.4008074081666667,-0.1632899315,-0.005151215202666661,0.28373327290000006,-0.08064779511999999,-0.2525570124666666,0.34623270203333345,0.11958345937666669,0.07122394420033333,0.17570191196666668,-0.20154443376666667,-0.33470773506666657,0.31433162410000015,0.13797412363333333,-0.025849826108999968,0.27339802806666663,-0.21967735579999997,-0.35848277856666666,0.47597581429999997,0.18895682045999998,-0.06706354854333334,0.31669629946666666,-0.21713374149999995,-0.32699257060000003,0.5362808690666667,0.17280636308633332,-0.07352245051999996,0.32850543280000005,-0.21168725606666663,-0.3143886801999999,0.5828291221666667,0.183091272896,-0.026081942697,0.2767024242666667,-0.21653413636666663,-0.3574679602999999,0.5015020587,0.285965,0.07169491224,-0.14510606573399998,-0.042085885600000005,-0.07198064316666666,-0.15908547042063334,0.041355768939999996,0.024610405248,-0.5252997252333332,-0.13248081202999998,-0.28363972453333336,-0.3955068400333333,-0.033346700766666675,0.09766960520333333,-0.8398156829333333,-0.02362774251766667,-0.22779226426666663,-0.7601002980666668,0.13148522502666665,0.07972168390333334,-0.8758121840333335,-0.006840613538333334,-0.23263332670000003,-0.7889138634333331,0.11266411493999998,-0.019582966051666668,-0.9122121954666668,-0.028427598634000004,-0.32635102373333325,-0.8144050865333333,0.11330187308666666,Donner_g_ch2_g20_compr.mp4,ch2g20
3249.9999999999927,-0.2310884579633333,0.4480168529333334,-0.17941425143333337,-0.20921936631000004,0.46465267926666676,-0.17856954686666668,-0.2093066016166666,0.46697723329999996,-0.169783953,-0.21120516957000005,0.4672906436666668,-0.17121716240000004,-0.22703948472666657,0.47943408316666675,-0.18229965126666664,-0.2249292936666667,0.4774126547333334,-0.19197873476666666,-0.21712164879,0.4648495758000001,-0.17371377906666666,-0.11848888294866668,0.44934565873333343,-0.12615742293333335,-0.21236555924333336,0.4021417435,-0.07341887191333332,-0.18425908090666668,0.43340207529999997,-0.14895246943333332,-0.20438103848,0.40328730510000005,-0.1615043372666667,0.0014892856140000105,0.28480371970000007,-0.07687105615666666,-0.24656247746666657,0.3511650708333335,0.12045832469333334,0.08267218397033332,0.17783738050000003,-0.19496682256666667,-0.3300167695666666,0.32722652873333347,0.14065240929666667,-0.01382744907566666,0.27391548579999997,-0.2158580014333333,-0.35346096006666666,0.4919480451333333,0.19519542702666667,-0.05516403951000001,0.31736306680000004,-0.21371093086666665,-0.3220544166666667,0.5528793103,0.17874457959299997,-0.06248782728666664,0.32940584440000004,-0.20870022689999995,-0.30856315119999994,0.5990419391,0.18913980132933333,-0.014704212230333344,0.2771727168333334,-0.21291751379999996,-0.35220356133333325,0.5175835806,0.281614065,0.07156982146333335,-0.14520366157399997,-0.04117861319,-0.07177626430333334,-0.15901179570629997,0.040487491066666666,0.028175500901,-0.5236802133999998,-0.1312302285933333,-0.27900123893333334,-0.3977911294333333,-0.03445539515366667,0.10185615807666666,-0.8392103322,-0.02089387862766667,-0.2253289970333333,-0.7619568317333334,0.13062256575999995,0.08394599173,-0.8749696326666668,-0.0040096865883333345,-0.23033121600000003,-0.7908138349999998,0.11195779914,-0.014928001991666662,-0.9114124124,-0.025715087737333338,-0.3230022162333333,-0.8152168819333333,0.11160283585666664,Donner_g_ch2_g20_compr.mp4,ch2g20
3266.6666666666592,-0.22216255190666664,0.4512186793333334,-0.1774115989666667,-0.2000976508966667,0.46747984080000005,-0.17636128966666667,-0.20017826724333326,0.46988393723333327,-0.1676588731,-0.2020674535366667,0.4702484824333334,-0.1690477847666667,-0.21769279707333325,0.48262876496666673,-0.18028640456666664,-0.21559406190000002,0.480584655,-0.18983056099999998,-0.20794318118333335,0.46785308763333344,-0.1716938164,-0.110220131752,0.4507956410333334,-0.12370398771666669,-0.20470663482000004,0.4051860566666667,-0.07177684094,-0.17578128231,0.435889902,-0.14690644313333331,-0.19630877448333334,0.4061351602,-0.15966418640000002,0.008264076680666673,0.28623502590000005,-0.07313314700666665,-0.24051499119999992,0.3561674095333335,0.12109351301666668,0.09414659689033333,0.18169399473333334,-0.1887364250333333,-0.32540589379999985,0.3401266676333334,0.14247854965666668,-0.001800352342333335,0.27681224163333334,-0.21155270826666664,-0.34780380773333336,0.5075148729666666,0.19969866842666667,-0.04322314447666667,0.3205488993,-0.20960848026666662,-0.3162412159,0.5688215679666667,0.18283962724599997,-0.051451206253333305,0.33255769430000004,-0.20478911909999992,-0.30176900003333335,0.6145187143666668,0.19316944185933332,-0.003306990030333342,0.2799037579666667,-0.20873437186666663,-0.3461993351333333,0.5331493842333334,0.298815,0.07144460849666667,-0.14530176961066663,-0.040248891249999995,-0.07157034764000002,-0.15893834713796662,0.03959617854333333,0.031603471674666664,-0.5222213104666666,-0.1299084547933333,-0.2741026927666666,-0.4003203509333333,-0.03533389913366667,0.10600000056333332,-0.8389779118333334,-0.018340114021000005,-0.2229470469333333,-0.7643383492,0.12935808625999998,0.08814220721333331,-0.8744892848000001,-0.0014227199616666686,-0.22807441923333335,-0.7932325994333331,0.11080187905,-0.010177822491666662,-0.9108550493666668,-0.023250086677333335,-0.32006074886666663,-0.8162663846333332,0.1094790639933333,Donner_g_ch2_g20_compr.mp4,ch2g20
3283.3333333333258,-0.2125558162633333,0.4550017076,-0.17517457656666668,-0.1902498879566667,0.4708821514333334,-0.17389561986666668,-0.19033647048333324,0.4733654703666666,-0.16525562026666663,-0.19221679686666665,0.4737582343666667,-0.16660471903333335,-0.20767819874333326,0.48632294960000005,-0.17802611546666663,-0.20560295984666668,0.4842773475333334,-0.1874804144333333,-0.19811486798333336,0.4713916147000001,-0.16944375793333333,-0.101321741782,0.45271711343333343,-0.12092373178333334,-0.19640021675333336,0.408567301,-0.07000756398333333,-0.16665413480933333,0.4389183266,-0.14463267246666667,-0.18760214893000002,0.4094839835666667,-0.157634913,0.015543335134000004,0.2881630216,-0.06931777614999998,-0.23406964863333324,0.3612399505666668,0.12149369486666667,0.10564689263699999,0.18720839096666667,-0.18267354886666665,-0.3201384356333332,0.3528691552333334,0.14199607712666668,0.010423521691000005,0.28213767289999997,-0.20634660809999997,-0.34061662503333334,0.5220285284666667,0.19912682866666667,-0.030963920909999998,0.32623935870000004,-0.20445056203333328,-0.3087137502666667,0.5834595905333334,0.18147654135266664,-0.040199152153333306,0.33822004113333337,-0.1996893625666666,-0.29304187470000004,0.6286721034,0.19179739155266667,0.008309403402999996,0.28508500893333333,-0.20356558869999997,-0.33846573626666654,0.5475817827,0.292195469,0.07133310236333333,-0.14540516076066662,-0.03924346799333333,-0.07137455184666668,-0.1588600808376333,0.03863949499666666,0.034981502371,-0.5213419442666666,-0.12796777350999997,-0.26851836439999993,-0.40284624923333334,-0.035744182737,0.11025323218333331,-0.8394290534333333,-0.015620644197666669,-0.2207018884666666,-0.7666820554999999,0.12850661452666665,0.09247987981333332,-0.8746901842333333,0.0013030686783333323,-0.22601855369999999,-0.7955900962666665,0.10999530228666665,-0.004883355478333332,-0.9108170293333334,-0.020666885634,-0.31730682056666665,-0.8171921420999999,0.10735362270999997,Donner_g_ch2_g20_compr.mp4,ch2g20
3299.9999999999923,-0.2023099582533333,0.45906825236666676,-0.17263191393333333,-0.179726781622,0.4745678106333334,-0.17115693296666668,-0.17982199961566658,0.47712716916666664,-0.1625640032333333,-0.18169198054666666,0.47753710326666676,-0.16387912553333334,-0.19704284016333326,0.4902403377333333,-0.17547430799999997,-0.19500034923333331,0.48820771160000004,-0.1848439430333333,-0.1876910151066667,0.4751842205000001,-0.16689918796666667,-0.09176355361866666,0.45487550980000013,-0.11788234791999999,-0.1874340948133333,0.4120612561666667,-0.06802115090666665,-0.156889996912,0.4422527952,-0.14210334813333336,-0.17826312857666668,0.4130799914,-0.15532052996666668,0.02330014503066667,0.2904157900666667,-0.06548751201999999,-0.2270473065399999,0.36630585163333346,0.12169172433333333,0.11723657025699999,0.1941461510666667,-0.17660860913333332,-0.3142237182333332,0.3650659483666667,0.13959894519,0.02326948345766667,0.2896046557,-0.20052010256666664,-0.3323084607666667,0.5358573067333333,0.19527932648000002,-0.017924791910000005,0.33389736543333337,-0.19867171936666664,-0.3000247674333333,0.5972891099000001,0.17660032577266663,-0.028274647986666644,0.3459830732666667,-0.1939374799999999,-0.2829126117000001,0.6420540791333335,0.186953663556,0.020590305669666666,0.2924431924,-0.19775014116666664,-0.3294605309333333,0.5613236017666666,0.288335532,0.07122347303,-0.1455014896273333,-0.03817724427333332,-0.07117372020666667,-0.15878875879696663,0.03763246862333334,0.03795656215233333,-0.5205529898333333,-0.12595008674666666,-0.26256552483333323,-0.4053891209666666,-0.03615411244033333,0.11433631005666665,-0.8399058230333333,-0.013595578004333336,-0.21842545199999996,-0.7693996279666667,0.12745608845999998,0.09663694989333332,-0.8748959335000001,0.0032276082216666654,-0.22399284663333335,-0.7983373736666666,0.10892165722333332,0.0001632215283333366,-0.9106230102666667,-0.018895812279999997,-0.3149175346,-0.8181353001666666,0.10487967721666665,Donner_g_ch2_g20_compr.mp4,ch2g20
3316.666666666659,-0.1911006633373333,0.46346061596666677,-0.17012205176666664,-0.168365029852,0.4785909334000001,-0.16842713213333332,-0.1684753276423333,0.4812211082333333,-0.15986621879999996,-0.17032817941666667,0.4816394326666667,-0.16115890516666667,-0.18559875585079993,0.4944286190333334,-0.17293095099999994,-0.1835901339458,0.4924147584333334,-0.1822418615333333,-0.17647934819300004,0.4792586966666667,-0.16437298863333333,-0.08166900335199999,0.4573887654666668,-0.11470404911999998,-0.1780340016,0.4156934559333334,-0.06604127633666665,-0.14626711238533335,0.4459340237333333,-0.1395789684666667,-0.16808036618100003,0.4169533813666667,-0.15304368516666667,0.031610451857333334,0.29317360560000005,-0.061613615180000005,-0.21969439856999992,0.3714588808000001,0.12157243806666665,0.12882618183699998,0.2030335264666667,-0.1700121606133333,-0.30798552193333323,0.3769795017333334,0.13607280295333335,0.03610384465766667,0.2994415847333333,-0.19307652304666667,-0.3233297720666667,0.5493891864666667,0.18934425308000002,-0.004976119443333334,0.34372485606666675,-0.1910889726666666,-0.29059520136666667,0.6105007397000002,0.16953214247566661,-0.01640194315333334,0.35590080733333335,-0.18642890039999993,-0.2719789197000001,0.6547418695333334,0.17998433919933332,0.032866444036333334,0.3020867540666667,-0.1903175708733333,-0.3196943088999999,0.5747229253333334,0.286439449,0.0711384172,-0.14562031899899996,-0.03695843943333333,-0.07099237406999999,-0.15870482148729997,0.03648165026666667,0.04115035665466667,-0.5200078010666666,-0.12361149353666666,-0.256067495,-0.4080054504333333,-0.036592326036999995,0.11837609379,-0.8407802636999999,-0.011135646754333334,-0.21604382773333328,-0.7724224199333333,0.1262875576933333,0.10071553988666665,-0.8754950118666667,0.005612826665000001,-0.22184185506666668,-0.8014236723666667,0.10768890130333332,0.005151548154999998,-0.9106098058333334,-0.016731921249999997,-0.31239838999999997,-0.8193801471333332,0.10191822316999997,Donner_g_ch2_g20_compr.mp4,ch2g20
3333.3333333333253,-0.17919681949733332,0.4678814666333334,-0.16798118406666668,-0.156345656362,0.48263943186666675,-0.16597118383333334,-0.15648919773566664,0.48533570029999995,-0.15740060586666663,-0.15831712769,0.48576150710000005,-0.15869682703333332,-0.17357618811079994,0.4986089530333334,-0.17074978753333328,-0.17159493598246667,0.4966138341333334,-0.1800549338333333,-0.1647042699396667,0.48332975946666673,-0.16222222456666663,-0.07096515729533331,0.4599736997000001,-0.11162540240333331,-0.16824864417666666,0.41931056776666675,-0.06441011303,-0.13495514345200002,0.4496509872666666,-0.13729244340000002,-0.15728947366433338,0.4208354517333333,-0.15114778706666668,0.040439945187333334,0.29613834660000005,-0.05782034939666667,-0.21188267641333328,0.37650170896666674,0.12070002277333332,0.14031767225033331,0.2133246687333334,-0.16386241937999999,-0.3011607160999999,0.3886306492333334,0.13111223044333334,0.049041890624333326,0.3109951702666667,-0.18652182858,-0.31354485106666663,0.562131533,0.18143341853333336,0.00812365875666667,0.3552149586666668,-0.18457536293666663,-0.2803159736,0.6227571255666668,0.16044460102233327,-0.004370091420000004,0.3674781493,-0.18007220262999996,-0.26018164977333336,0.6665369929666667,0.171055974426,0.04526062543633333,0.3133954992666667,-0.18383707497666663,-0.30908038983333325,0.5873279805,0.282478839,0.07109251119333335,-0.1457755717153333,-0.035620475656666664,-0.07084917328333333,-0.15859476561629995,0.03521935201000001,0.04453638754566666,-0.5195841749333332,-0.12100474773,-0.24921608316666666,-0.4108035318666666,-0.03700668734366667,0.12237649777333333,-0.8420532500333332,-0.008196384514333334,-0.21319108783333332,-0.7756020773666666,0.12529488753666665,0.10472956468666665,-0.8765004827666667,0.008515040645000001,-0.21913698533333337,-0.8046685909666667,0.10664516363999998,0.01001379123833333,-0.9110342819333334,-0.01420804831333333,-0.3090327988333333,-0.8210744349999999,0.09887775601999997,Donner_g_ch2_g20_compr.mp4,ch2g20
3349.999999999992,-0.16683720171066663,0.4722760515333334,-0.16601650966666667,-0.14395145521866665,0.48664955290000006,-0.1636511366,-0.144132511749,0.48941437439999996,-0.15505964709999995,-0.14592788391333336,0.48984577830000003,-0.1563647292333333,-0.16115316135746663,0.5027197641666667,-0.16872782116666665,-0.15919902629246668,0.5007416346000001,-0.17804589619999997,-0.152543931223,0.4873309060333334,-0.1602389073333333,-0.059961809561999965,0.4625490296333335,-0.10861823707333332,-0.15808025213530003,0.42282170853333345,-0.06291286012333333,-0.12319116072533333,0.4533484521333333,-0.13513076870000001,-0.14606142070433334,0.4246622606666666,-0.14943133820000004,0.049559652270666665,0.2991995676333334,-0.054138699003333346,-0.2036665099233333,0.3812893875000001,0.11963712320999999,0.1516473504603333,0.2244797326333334,-0.15785327801333332,-0.29420685529999996,0.4000160483333334,0.1259927079,0.062020021690999995,0.3236023056333333,-0.18032998731999997,-0.3032893354999999,0.5742319792333334,0.1732752565546667,0.021345638889999997,0.36784260003333347,-0.17853478905999995,-0.2694306644066667,0.6341988927666669,0.15113688250899995,0.007860618746666668,0.38014805653333333,-0.1742266795,-0.2477282368866667,0.6775168142333333,0.16186156955933337,0.057729753769666665,0.3257369191333333,-0.1777642028533333,-0.2979390287666666,0.5992709810666668,0.270106375,0.07110956273333334,-0.14595290880366665,-0.03423867123333333,-0.07076805583333334,-0.15847289755229996,0.03391757567333334,0.04802353125666667,-0.5194722145666666,-0.11834395888,-0.2422663067666667,-0.4137688589666667,-0.037320476183666663,0.12604676405,-0.8436918492666665,-0.0050144564910000015,-0.21016799299999997,-0.7788348525000001,0.12485124643666665,0.10835416362999999,-0.8778516803333333,0.011673150778333334,-0.2162532003666667,-0.8079585031000001,0.10621856748999998,0.01425914708833333,-0.9117061752666668,-0.011830483730000002,-0.30552009346666664,-0.8228974490333333,0.09644085364999998,Donner_g_ch2_g20_compr.mp4,ch2g20
3366.6666666666583,-0.15441321986733328,0.47664009900000004,-0.1639144669333333,-0.13154113041866664,0.4906250734333334,-0.1611889630666667,-0.13174556969900003,0.49345841049999994,-0.15256440469999996,-0.13350474745666668,0.49388429103333337,-0.15389150156666667,-0.14863450075079995,0.5067064327666667,-0.1665443366333333,-0.14670735146246666,0.5047429758666667,-0.1758800859333333,-0.14029109131300002,0.49120455226666676,-0.15808854856666665,-0.04879534972866664,0.46512310986666683,-0.10535982425999997,-0.1477122161843,0.4260828117666668,-0.06121669732666665,-0.11130081590866667,0.45701108999999995,-0.13283642773333332,-0.1346808963943333,0.4283740189333333,-0.14755304013333337,0.058832284534,0.3022692535333334,-0.050340466080000014,-0.1951384706833333,0.38557499423333347,0.11890212917666666,0.16289057385699998,0.2364189387333334,-0.15172228341333333,-0.2871860435666666,0.410044202,0.12179227433,0.074999959291,0.3373814193333334,-0.17381288847666665,-0.29291376523333323,0.5846454928,0.1659658065846667,0.034672062756666656,0.3817819344000002,-0.17221686385999999,-0.2583515757833333,0.6439334836000001,0.14260152816233326,0.020324543546666664,0.39415274596666666,-0.16802788684333334,-0.23501576397333337,0.6869061570999999,0.1532757732426667,0.07024893056966666,0.33926548170000004,-0.1713522861033333,-0.2866492645666666,0.6096088064666667,0.256611377,0.07120337994666667,-0.1461622501723333,-0.03281953673333334,-0.07075787039333332,-0.1583283395522333,0.032574962206666676,0.051449577770000005,-0.5195833285666666,-0.11566976793666667,-0.23544716386666667,-0.4168064805666667,-0.037827830453666667,0.12933261028999998,-0.8456039126333332,-0.002020177674333337,-0.2071065996,-0.7820687144333334,0.12407394646999999,0.11160171402333331,-0.8794702881666666,0.014608661838333332,-0.21330438210000002,-0.8112422859000001,0.10537862900666667,0.017756387905,-0.9127088724,-0.009611444153333336,-0.30195679169999995,-0.8247497865333333,0.09353621004999998,Donner_g_ch2_g20_compr.mp4,ch2g20
3383.333333333325,-0.1416708921706666,0.48092168343333336,-0.16184806826666664,-0.11886251343866668,0.4945107498666667,-0.15876062810000002,-0.11907312885900001,0.4974089248999999,-0.15008608899999998,-0.12079928789000001,0.4978199616666667,-0.15144345836666667,-0.13575172445079994,0.5105404240666667,-0.1644071013333333,-0.1338538195458,0.5085873546,-0.17376955549999998,-0.127677373363,0.4949266875000001,-0.1559779292333333,-0.03741268199533334,0.4676265268000001,-0.10207741535333331,-0.13711205455096664,0.42913464836666676,-0.05956859673666666,-0.09911572337533335,0.46057847766666665,-0.13057234853333333,-0.122977968331,0.4319480823,-0.14570975033333336,0.06814117305066666,0.3053030415333334,-0.04669117891333335,-0.18638282427999994,0.3895275272333334,0.11823534914333332,0.17369847101699998,0.24890168913333338,-0.14600540498,-0.2797983568,0.41918874163333336,0.11858406897666668,0.08808762085766668,0.35191854616666673,-0.16742806623333334,-0.2822072317333333,0.5938368713,0.16049398255133335,0.04831034109,0.39647075010000016,-0.16610259256666668,-0.24688273324999999,0.6524269964666668,0.1361093229589999,0.033247157379999996,0.4089142852666667,-0.16199609695000003,-0.22200690155333339,0.6950539570666666,0.1466605080426667,0.08297025353633332,0.35353186633333333,-0.16511500102666665,-0.27504449405,0.6187612546333333,0.193660378,0.07135210694666667,-0.1463954090456666,-0.03139730319333334,-0.07080439852333333,-0.15816825003879995,0.031229736753333334,0.055058608276666664,-0.5197761674999999,-0.11289340842333334,-0.22872408576666667,-0.41983364796666667,-0.038394131397,0.13262449446666663,-0.8476101135666667,0.0009548658556666664,-0.20403868046666665,-0.7853549628666667,0.12312722353666665,0.11488063754666665,-0.8811837468666666,0.01752529610833333,-0.2103348210666667,-0.8145774235333335,0.10434852290666667,0.02130092922833333,-0.9137058693666666,-0.007504915300000002,-0.2983756850333333,-0.8266328364333333,0.09042852458999998,Donner_g_ch2_g20_compr.mp4,ch2g20
3399.9999999999914,-0.12872603191066662,0.48494412473333337,-0.15982250076666668,-0.10598887081200002,0.4981657305333334,-0.15640346703333335,-0.10621318122566666,0.5011206710333332,-0.14767035496666667,-0.10790006193333333,0.5015153662,-0.14906594580000002,-0.1227325323441333,0.5141021115333334,-0.16232540613333332,-0.12086214568913332,0.5121595742333335,-0.1717176537,-0.11494599035966666,0.4983908121,-0.1539216822333333,-0.025882864795333336,0.46999022053333345,-0.09894312449666666,-0.12640875045763333,0.43194517226666673,-0.05799767254666666,-0.08673169661533334,0.4639212631,-0.1283747769666667,-0.11109611679766665,0.4352690226333333,-0.14391688086666668,0.07746453704733333,0.3083668076666667,-0.04336340334666668,-0.17742543739333327,0.39330879823333337,0.11754172167666666,0.18364125131366665,0.26212934463333337,-0.1406055840133333,-0.27211159529999995,0.42836320180000004,0.11555858787666669,0.10076454729100001,0.3672329225,-0.1611349023,-0.27116638548,0.6020718709,0.15560326075133332,0.061656834823333326,0.4117745863666668,-0.16009300714333333,-0.23508670521666666,0.6597784923000001,0.13018996359899992,0.045872813379999995,0.4242529703666667,-0.1560751876166667,-0.20859925466200002,0.7019832910666666,0.1403877798026667,0.09532014073633333,0.36850873036666665,-0.15897055091333331,-0.26306091590333336,0.6267993641666667,0.141615346,0.07152598959000002,-0.14666250958133328,-0.02997735229666667,-0.07087670342666665,-0.15798351136779998,0.029886373043333334,0.05886152499333333,-0.5200645635999999,-0.11009339926000002,-0.22201642589999998,-0.42281296079999997,-0.03912931964233333,0.1359530825633333,-0.8497236604999999,0.0038914853723333283,-0.20094895399999999,-0.7887318521000001,0.1218896605033333,0.11819907474666665,-0.8830089821666667,0.020390897498333335,-0.2073395803666667,-0.8180105418000003,0.10301504009666666,0.024888416691666665,-0.9146735388666666,-0.005622823640000002,-0.2947427610666666,-0.8286067237333333,0.08692655488999998,Donner_g_ch2_g20_compr.mp4,ch2g20
3416.666666666658,-0.1159047043773333,0.4886224525333333,-0.15802687806666668,-0.0932977678786667,0.5015479742666668,-0.15435358980000002,-0.09354814687899997,0.5045534237333332,-0.1455550641,-0.09519085558,0.5049352800666667,-0.1469920767,-0.10992363785079999,0.5173268996666667,-0.16050621476666665,-0.10807683438913332,0.5153951865666667,-0.16992854526666665,-0.102439884993,0.5015302682333334,-0.15212394703333332,-0.01456272459533334,0.4722790269666668,-0.09629805516333331,-0.11582070900096668,0.4344489627333334,-0.056682607696666665,-0.07444053811866666,0.4670229636333333,-0.12646437782333336,-0.09929278394766665,0.43827382986666663,-0.14235762363333332,0.08660361343066666,0.31146891750000005,-0.040580934673333346,-0.16836783112999995,0.3969623324666666,0.11665312471,0.19225074080366666,0.2758845638000001,-0.13551178498,-0.2640889946333333,0.4377185114,0.11215511373333335,0.112612438691,0.3834139970666667,-0.15485318419333333,-0.2593366705033333,0.6100212291333333,0.1493582589613333,0.07429944242333333,0.4279853669000001,-0.15409536901,-0.22243524273333334,0.6664061413666666,0.12273788396566666,0.05789888641333332,0.44047897793333335,-0.15018594670333335,-0.19434712044866667,0.7080791177,0.13269060483600004,0.10693623116966668,0.38433274926666666,-0.15284025447333335,-0.2502944127266667,0.6344692342333333,0.0936332,0.07170565711000002,-0.14694712507533328,-0.02855347177666667,-0.07095563512666667,-0.15778646610346667,0.028541417890000004,0.06266046012,-0.5204807421333332,-0.10707979489000001,-0.2154443919333333,-0.42570342846666664,-0.039919836488,0.139078505,-0.8517377749666666,0.007199706822333329,-0.19791577296666663,-0.7920736759000001,0.12064864906999997,0.12130298735999999,-0.8847188685666666,0.023633020625,-0.20436973176666667,-0.8214337756333335,0.10170250013,0.028329216628333334,-0.9154987830333332,-0.003467689433333337,-0.29113591413333334,-0.8306119630666666,0.08360777694666664,Donner_g_ch2_g20_compr.mp4,ch2g20
3433.3333333333244,-0.10364620003066664,0.4921143417333333,-0.15634955666666667,-0.08110892324866668,0.5048028389000001,-0.15245130506666668,-0.08138300750566664,0.5078560535333333,-0.14357089103333334,-0.08298446036333333,0.5082252557666667,-0.14506211803333333,-0.09765528595079999,0.5204056743,-0.15881389586666664,-0.09583827947913333,0.5184903405333334,-0.1682750667333333,-0.09048845173633334,0.5045376027,-0.15045299590000002,-0.003617773495333333,0.47454049276666677,-0.09384317204999999,-0.10563039599096667,0.43687655496666666,-0.055513572239999996,-0.06266239309533332,0.46998594629999996,-0.12469340187000003,-0.08803688264766665,0.44112826846666664,-0.14091353993333333,0.09539674579733334,0.3145710293000001,-0.03804223209,-0.1595474699733333,0.40061925723333336,0.11554847407666667,0.20004151871666667,0.2897124142333334,-0.13065827514666664,-0.25600981673333334,0.44692016916666666,0.10779596257000001,0.12365099365766669,0.3993360765333334,-0.14871805425333334,-0.24698986176999993,0.6173326319000001,0.1414415594113333,0.08621262675666665,0.44373136036666677,-0.14825032546666667,-0.20918336816133334,0.6722106185,0.113515934859,0.06919072658,0.45616317559999997,-0.1444373705266667,-0.179371786002,0.7132886292333332,0.12332462245933334,0.11776012696966666,0.39983104010000003,-0.14684720238333335,-0.23689949674666663,0.6414310409666667,0.0375335291,0.07189867173333334,-0.14724573513333328,-0.02712262325666667,-0.07104734877,-0.1575830413648,0.027191198866666672,0.06651594317333333,-0.5209302586666666,-0.10404185468333337,-0.20890274243333332,-0.42854302406666667,-0.040738823226999996,0.14218655802999997,-0.8537277912666665,0.010624686569,-0.19512839109999994,-0.7953728704666668,0.11938984863666663,0.12439473131333331,-0.8863761578333333,0.027011473358333336,-0.20161890836666668,-0.8248239626333336,0.10037746156666666,0.03178891632833333,-0.916239581333333,-0.0011439520666666693,-0.28769417406666664,-0.8326333572666665,0.08033029784,Donner_g_ch2_g20_compr.mp4,ch2g20
3449.999999999991,-0.09181756276733331,0.4952187086,-0.15497914703333335,-0.06940009318533334,0.5077349761666667,-0.15092645683333336,-0.06968730736566664,0.5108325783666666,-0.1419502457,-0.07125064429666667,0.5111877536666667,-0.1435070430333333,-0.08586069238413332,0.5231110258,-0.15747358809999998,-0.08406714073579999,0.5212198100666668,-0.1669877897,-0.07901292917966668,0.5071842635,-0.1491368776666667,0.006709922804666671,0.4766695309333334,-0.09183407578999998,-0.09597115337763334,0.43905913750000003,-0.05467282538333333,-0.051348824802,0.47264277169999996,-0.1232428510766667,-0.07722638711433331,0.44365329806666665,-0.1397694911,0.10355526330066668,0.31765534316666677,-0.03607368178,-0.15101486601999997,0.4042790688333333,0.11403615424333334,0.20681489755333332,0.303315428,-0.12689371604666663,-0.2479879939,0.4563927091666667,0.1027326025,0.133770889031,0.4148364968666668,-0.14375836218333335,-0.23495022234333326,0.6250318099666667,0.132781204698,0.09724908142333333,0.45900988256666675,-0.14354485442333337,-0.1963238909453333,0.6784503426666667,0.103534187879,0.07973402134666666,0.471384978,-0.13984339889999997,-0.1648293141253333,0.7189626953999999,0.11319177609933334,0.12775163096966666,0.41490017213333336,-0.14205970715000002,-0.22382313841333332,0.6488068674,0.0328090154,0.07209032898,-0.14755312849333327,-0.025676084466666665,-0.07113800147666667,-0.1573778699151333,0.02582932437666667,0.0703168594,-0.5213505101333332,-0.10095200678000002,-0.20252009033333332,-0.4313689374,-0.04156183742433333,0.14518980734666667,-0.8556593373999999,0.014125348319,-0.19281875383333327,-0.7986756518666667,0.11774124676999997,0.12737930253,-0.8879546835333333,0.030464338641666665,-0.19937621456666668,-0.8282199154333335,0.09858745834333334,0.035277101955,-0.9168966172333332,0.0013682704633333341,-0.2847562442333334,-0.8347601543333332,0.07649022923666667,Donner_g_ch2_g20_compr.mp4,ch2g20
3466.6666666666574,-0.08034180402066665,0.4978869919666667,-0.1537247831666667,-0.05803643588200002,0.5102590898333335,-0.14957351733333332,-0.05833833216566663,0.5133966946666666,-0.1404980945,-0.05986604041,0.5137368138333334,-0.1421227249,-0.07442790198413334,0.5253992024,-0.15627263249999998,-0.07265657407913331,0.5235331160000001,-0.16584352356666668,-0.06789512649633334,0.5094190502333333,-0.1479605402666667,0.01668524240466667,0.4785859196000001,-0.09006945493666665,-0.08663305760430001,0.4410020462666668,-0.05394323324,-0.04038820118533332,0.47492872996666663,-0.12193150493666671,-0.066745413781,0.445825337,-0.1387365153,0.11128120854066667,0.3207050992666668,-0.034568333756666667,-0.14263314500000002,0.4079344359333333,0.11242622357666668,0.21301091562,0.31655330670000004,-0.12418386551333331,-0.23979855760000002,0.4659606037,0.09754593595666669,0.14286449872766668,0.4299498118666668,-0.14002810062333337,-0.22355482716333328,0.6331902285000001,0.12411460194133332,0.10711987932333332,0.47394816553333335,-0.14006521151666668,-0.18441235824533334,0.6852647311,0.09359116490566667,0.08910969784666666,0.4863149302,-0.1364124470133333,-0.15137049331199995,0.7251818758333333,0.10307315498566666,0.136708847373,0.4296144976,-0.13847679746000002,-0.21149084540666663,0.6566432410333334,0.0422114693,0.07228185981333334,-0.14787740683033326,-0.024252765356666667,-0.07122864002666668,-0.15716003369679998,0.024491685443333338,0.07400629396333332,-0.5217356972333332,-0.09795895581000001,-0.19678288053333337,-0.4339401913666666,-0.04236044224766666,0.14786434573,-0.8575354650999999,0.017032440689,-0.19107884856666663,-0.8017123396666668,0.11597322400333332,0.13002295031999997,-0.8894749754999999,0.03329799544833333,-0.19767747623333337,-0.8313311765666668,0.09664275347666666,0.038437369151666664,-0.9173565008333332,0.0033663972799999995,-0.28213017583333333,-0.8366333137666666,0.07250121311,Donner_g_ch2_g20_compr.mp4,ch2g20
3483.333333333324,-0.0691418672473333,0.5004651571000001,-0.15268063200000004,-0.046953843282000016,0.5126444144333335,-0.14845976926666665,-0.04726596596233333,0.5158337199999999,-0.13926530056666664,-0.04875340284000001,0.5161556359000001,-0.1409646454,-0.06326080863080001,0.5275807443,-0.1552614386333333,-0.06152535772579998,0.5257366023666667,-0.1648990363,-0.057048855626333335,0.5115364694666666,-0.14697662903333336,0.02642564770466667,0.4803051023333334,-0.08847349859333332,-0.07758852183430003,0.4427410594666668,-0.05325624873333333,-0.02967482807199999,0.4770873976333333,-0.1208157591366667,-0.05652661764766667,0.44789261086666665,-0.13785677406666666,0.11882075508733335,0.3237248662666668,-0.03308541713333333,-0.13442281881666665,0.4112514811333333,0.11067360686333334,0.21923705116333334,0.3295127134666667,-0.12137154527999999,-0.23161073880000002,0.4751820531666667,0.09220035747000004,0.15126385462100003,0.44527344880000014,-0.13553612770333337,-0.2130558730433333,0.6412884414000001,0.11556760179133331,0.11608709092999998,0.4893003709666667,-0.13583457963666667,-0.17373466301866664,0.6922435766999999,0.08384387107233335,0.09756965951333332,0.5016200112000001,-0.13226567092666666,-0.13921888549866665,0.7316195683666666,0.09321535371366665,0.14492649268966667,0.4445704086666667,-0.13414366472000003,-0.2001800587666666,0.6645316555000002,0.0189623069,0.07247812512666667,-0.1482092550564666,-0.02286852987,-0.07132371290999999,-0.15693548826946666,0.023191929360000006,0.07739971336333332,-0.5221659960999999,-0.09500810642333334,-0.19170420113333334,-0.43626587519999993,-0.04315430701333332,0.15009254417333334,-0.8593888710333332,0.020078514455666666,-0.19007976246666664,-0.8047069445666667,0.11403179713666665,0.13222186564,-0.8909520600666666,0.03631159051833333,-0.19671023433333337,-0.8344013204666667,0.09450181870333332,0.04125420432166667,-0.9177156684999997,0.005675078206666667,-0.28014681539999997,-0.8384544084999999,0.06833396405666667,Donner_g_ch2_g20_compr.mp4,ch2g20
3499.9999999999905,-0.05851805915733332,0.503025262,-0.15176319186666667,-0.03643835361866667,0.5149959706333335,-0.14750679129999997,-0.03676308042566666,0.5182417317666667,-0.13820080183333328,-0.03821437876666666,0.5185461139666668,-0.13997760936666667,-0.05263568315746666,0.5297684493333334,-0.1543789044333333,-0.050942289805799984,0.5279455405666668,-0.16409005126666668,-0.046737933573,0.5136618061999999,-0.14612359270000003,0.03575602470466666,0.48199481850000003,-0.0869488093,-0.06880634167430001,0.4445718220666668,-0.05260780645,-0.01944725192199999,0.47922356850000003,-0.11983933797000003,-0.046738165310999995,0.4499822684,-0.13707343443333334,0.12610403356400002,0.32672934863333347,-0.031867242239999996,-0.1262564041433333,0.41450627533333334,0.10886692524333334,0.22519512076666667,0.3423875531666667,-0.11913209101333332,-0.22322128100000002,0.4840783652666667,0.08673655392333333,0.15908314999766668,0.4607941317333335,-0.13147754859333335,-0.20337617882333325,0.6498168011333334,0.10695073183799998,0.12452115112999998,0.5049026119333333,-0.13197045421333334,-0.1641548623953333,0.6997868127333333,0.07409209980900001,0.10554441924333333,0.5170912938000001,-0.12834625672999997,-0.12835708024866666,0.7385345704333334,0.083390404947,0.15260736314633333,0.4596555475666667,-0.13021510369666667,-0.18982036767666663,0.6728374435333335,0.0420419276,0.07267632348666668,-0.14854178686139324,-0.021574933026666663,-0.07142145890333332,-0.1567102746881333,0.02198707181666667,0.08071119447333333,-0.5225330067333331,-0.09236280658999999,-0.1873475541,-0.43814130903333326,-0.043756056509999995,0.15216699267333333,-0.8610670536999999,0.023149824952333333,-0.18969385916666662,-0.8072534974000001,0.11214681637,0.1342591243233333,-0.8922261212666666,0.039379773135,-0.19633542940000004,-0.8369975716333333,0.09240290820333333,0.043853050775,-0.9178919472333331,0.008077532946666665,-0.2786793262,-0.8398354937999998,0.06433215527333334,Donner_g_ch2_g20_compr.mp4,ch2g20
3516.666666666657,-0.048895525033999986,0.5054530307,-0.1509747004,-0.026944465948666674,0.5172401471000001,-0.1467309002333333,-0.027287436495666652,0.5205411577666667,-0.13731901666666665,-0.028711472676666662,0.5208335534666668,-0.13916193473333333,-0.04303194872746667,0.5318828843666668,-0.15358653369999997,-0.041376296025799994,0.5300822048000001,-0.1633682921666667,-0.037439773142999996,0.5157234156333333,-0.1453623549666667,0.04440791880466667,0.4836440770333334,-0.08591150048333335,-0.06059907562430002,0.44646418213333344,-0.0519466649,-0.010106144628666658,0.48123921480000004,-0.11906055510333335,-0.03775438786100001,0.45199078796666664,-0.13636917576666666,0.13299088906666667,0.3296906514333335,-0.03135011433,-0.11825709063999998,0.4177504975333333,0.10713592962666668,0.23076150716666666,0.35518341970000006,-0.11841907467999999,-0.21434639573333333,0.49305963090000005,0.08123819970666667,0.16629449256433337,0.4765075317333335,-0.12860692918333333,-0.1939812495033333,0.6599626906666668,0.09787430609799998,0.13238573142666665,0.5207363573333333,-0.12911694928333334,-0.15493193848866665,0.7093302653999999,0.06390056546900001,0.11306248867666667,0.5327473369,-0.12533772468999999,-0.11815074028200001,0.7475511041333334,0.073063762209,0.15972611726633335,0.47490243260000004,-0.12743516913333336,-0.17985363808333332,0.6828668846666669,0.0481115021,0.07288536269000001,-0.14888468924342657,-0.020421362859999993,-0.07153419736333332,-0.15647608337446664,0.020928373713333333,0.08390264013666666,-0.5229108752333332,-0.08983855958666664,-0.18364867866666668,-0.43978966556666665,-0.044080608519999995,0.15401414805333336,-0.8626080721999998,0.026369572112333338,-0.18979340339999995,-0.8093973204333335,0.11062172027,0.13605828407666665,-0.8933339808999998,0.042620273401666665,-0.19643479233333336,-0.8391473681333333,0.09067977943666665,0.04621533496166666,-0.9178646442999997,0.010786662026666668,-0.27773394486666664,-0.8408384478666665,0.06113115350333334,Donner_g_ch2_g20_compr.mp4,ch2g20
3533.3333333333235,-0.03997508497066668,0.5076303903666667,-0.1502252197,-0.018139833235333334,0.5192686044333336,-0.14594987026666664,-0.018502692588999985,0.5226272468333333,-0.13643357476666665,-0.019899247306666663,0.5229036982666668,-0.1383404794,-0.0341009159108,0.5338028215,-0.15279976433333334,-0.0324907771858,0.5320231545333334,-0.16264738243333338,-0.028810357569666656,0.5175957704,-0.14461398983333337,0.052553750338,0.48519923970000006,-0.08492843634333336,-0.052816641397633333,0.44825363080000014,-0.051220891920000004,-0.0013916512719999842,0.48303931083333335,-0.11829600657000001,-0.029358899421000003,0.45377576426666666,-0.13567787166666664,0.13957663677000004,0.3325740162000001,-0.030788817949999995,-0.11047841876999999,0.4208617408,0.10548303546333335,0.23622892103333332,0.36795812956666674,-0.11683806098999999,-0.20531211053333331,0.5022538231666667,0.07588253550333335,0.17313464256000002,0.4931832583000001,-0.12306475775,-0.18483358559999996,0.6716081249666669,0.08943753398799999,0.13970985645999998,0.5375262208333333,-0.12331063459,-0.1460574148353333,0.7207799322333333,0.05436399037633335,0.12011996325,0.5492641535333335,-0.11940182824666666,-0.10837456464866667,0.7585208224333333,0.063583372399,0.16647358358333333,0.4910752708,-0.12195617962000002,-0.1701784317066666,0.6945078804000002,0.0581160337,0.07310069895333333,-0.1492529239684266,-0.01937825844999999,-0.07165887488333333,-0.15621638104779997,0.019982458616666664,0.08676906028666667,-0.5234828403999999,-0.08732600028999998,-0.18108216673333333,-0.44113031560000004,-0.04427651185,0.15571549583333338,-0.8640243441333332,0.02965838641566667,-0.19056240316666662,-0.8112129554,0.10936959210333334,0.13768408394999998,-0.8942965859666665,0.04594427393833333,-0.19718064263333335,-0.8409819633666665,0.08926525939999999,0.04842519300166666,-0.9178714419333331,0.013782261896666669,-0.27764166793333334,-0.8417343632999998,0.05880727123333334,Donner_g_ch2_g20_compr.mp4,ch2g20
3549.99999999999,-0.031929408124000004,0.5097330872666667,-0.1490751421,-0.009995508452000004,0.5212111416666668,-0.1448366596333333,-0.010364078938999995,0.5246377909666666,-0.1352116070333333,-0.011739736026666668,0.5248898254000001,-0.1371815078,-0.025823245000799997,0.5356909181,-0.15154726163333332,-0.024282957199133336,0.5339338112333334,-0.16144477180000003,-0.02085354092966666,0.5194412057000001,-0.14338580833333336,0.060186142744666674,0.48662959026666675,-0.08399173695000002,-0.045516335167633336,0.4500441702000001,-0.04992355113000001,0.006597201974666664,0.48473808493333337,-0.1172990595366667,-0.021725120230999997,0.4554966516666667,-0.13456443206666666,0.14569933666333335,0.3351344767666668,-0.03003819052,-0.10304850895,0.42362291999999996,0.10448549806333335,0.24117357286666669,0.38066379836666675,-0.11447975678,-0.19650623853333332,0.5109024670666666,0.07123685934666668,0.17936985401333336,0.5094377760333334,-0.11584055621,-0.17629056834666665,0.6833398072000003,0.08193801647799999,0.14634569370666664,0.5538153864666666,-0.11565761947666665,-0.13790004969199998,0.7326518661666667,0.04572783663966669,0.12658129226666667,0.5651515928,-0.11167471812333334,-0.09943034854100001,0.7698956080333332,0.05502090602233331,0.17264841876,0.5067969914,-0.11478474757333336,-0.16122940398666663,0.7062992365333336,0.0670183897,0.07333735224000001,-0.1496142372354266,-0.018461344523333322,-0.07181074553333333,-0.15596181198079995,0.01915673538666666,0.0889913169,-0.5242932916999999,-0.08486253262666664,-0.17961312779999997,-0.44240564936666665,-0.04450201466333333,0.15700938800000003,-0.8654742847333332,0.032891612305666666,-0.19243346599999994,-0.8129674101666667,0.10828543153666667,0.13895243502666668,-0.8952913358333332,0.04924746314166666,-0.19904624563333334,-0.8427683225333331,0.08804955734999997,0.05041569228833333,-0.9183350068999998,0.01695514317666667,-0.2789519906,-0.8427108920333333,0.05706412792666668,Donner_g_ch2_g20_compr.mp4,ch2g20
3566.6666666666565,-0.024562168597333345,0.5116312667,-0.14726099526666667,-0.0024447858353333256,0.522929331,-0.14297429413333332,-0.0028016756690000017,0.5264361823000001,-0.1332574548333333,-0.004156687466666671,0.5266527778333334,-0.13529518373333332,-0.018178408257466673,0.5374062066666667,-0.14949644113333332,-0.016726516279133335,0.5356707402666667,-0.15941948246666668,-0.013533157253,0.5211232170000001,-0.14135590706666668,0.06749068623800002,0.48772342360000004,-0.08225426974666669,-0.03885420997096666,0.45159310816666676,-0.04751416934000001,0.013965769551333329,0.4861933715333334,-0.11569091007000001,-0.014838426267666661,0.45700868046666665,-0.13273155966666667,0.15155998063000004,0.3370980296000001,-0.028289325374333332,-0.09648661313333333,0.42570705799999997,0.10439213956333335,0.24591940596666667,0.3918682178333334,-0.11068840579333332,-0.188186274,0.5184293734000001,0.06790434131999999,0.18509538652333335,0.5236143911333334,-0.10828326615333332,-0.16843734670999996,0.694311895766667,0.07620290994466666,0.15232586505999998,0.5681408512333334,-0.10782752690666667,-0.1303928738653333,0.7439654974333333,0.03892886592966669,0.13230338253333332,0.5791733480666668,-0.10351671978666667,-0.09120219473133334,0.7808464337666665,0.048263217978999975,0.17822239679,0.5205503121666667,-0.10726461728000003,-0.15303480717999995,0.7174172353000002,0.0428954326,0.07366534164666667,-0.14996602772175993,-0.01758141167666666,-0.0720513675,-0.1557161981931333,0.018369147829999995,0.09095861383333334,-0.5252987773333332,-0.08259660121333331,-0.1788319826,-0.44365251843333336,-0.04502722620333333,0.1578147731666667,-0.8668929229666665,0.036177981449,-0.19520240176666664,-0.8144598866333334,0.10735723447,0.1396927552666667,-0.8962577694999998,0.05266736391166667,-0.2018574828,-0.8442872376333331,0.08701846753333331,0.05221910007499999,-0.9187576529333332,0.020720057523333335,-0.28137365479999993,-0.8434009012333332,0.05562854905666668,Donner_g_ch2_g20_compr.mp4,ch2g20
3583.333333333323,-0.017831023127333347,0.5131344561000001,-0.14555350796666666,0.0044877275779999955,0.5242580516333333,-0.14115440986666666,0.00413421819433333,0.5278430843666667,-0.13134519576666664,0.002798516203333335,0.5280240760666668,-0.13345538356666667,-0.011281149370800006,0.5387236282666666,-0.14752867016666665,-0.009909330885800004,0.5370151952333333,-0.15748447876666669,-0.006936889173000002,0.5224200154,-0.1394121116666667,0.07419431955800002,0.48844145906666675,-0.0803822313966667,-0.03316379584096666,0.4527404578666668,-0.04506724084333334,0.020665662424666664,0.48728097550000005,-0.11414715820333335,-0.008699998020999992,0.4581389991,-0.13100629926666665,0.1569066636866667,0.3386269632666668,-0.026669047959666667,-0.09068577696666665,0.4274578494,0.10424778903000001,0.2503663346666667,0.40208523776666677,-0.10761642572999999,-0.18026338419999996,0.5256119536333334,0.06406092032333334,0.19038180293333334,0.5363584282000001,-0.10172552723666665,-0.16132577744999996,0.7044950531333335,0.06943519317466666,0.15782677870999995,0.5808920123,-0.10120546503333333,-0.12389288565866668,0.7542843409666666,0.03094206915633333,0.13738296140666667,0.5916805642000001,-0.09647999621666667,-0.08401876710133335,0.7907753773999999,0.040293947095666645,0.18326176164666666,0.5328785226333334,-0.10070731299333337,-0.14564885492000001,0.7276451817333336,-0.015947789,0.07407453259666666,-0.1503203369930933,-0.016771710083333332,-0.07237350105,-0.15546757894253327,0.017657894296666664,0.09244627213,-0.5264372925999998,-0.08058033253333333,-0.17852074006666666,-0.44496891383333337,-0.04491918061666667,0.15826430000000002,-0.8682934524999999,0.039148847502333335,-0.198443377,-0.8159536624666667,0.10705397397,0.1400966718666667,-0.8972254230666664,0.055768497528333336,-0.20515278966666667,-0.8458025088999997,0.08656905346999996,0.054153141653999995,-0.9191898918999999,0.024288351296666667,-0.28459278839999996,-0.8440542198,0.05490422671000001,Donner_g_ch2_g20_compr.mp4,ch2g20
3599.9999999999895,-0.011763111544000024,0.5141953313333334,-0.1435148339,0.010733634354666665,0.5251449528333334,-0.13895048689999998,0.010384701614333332,0.5288089836,-0.12906651866666666,0.009074998903333334,0.5289601988000001,-0.13125213486666668,-0.005057326000799995,0.5395850206666667,-0.14524724973333328,-0.0037541690658,0.5379101295666667,-0.15523934813333334,-0.0009948579363333323,0.5232665881333334,-0.1371616176,0.08018320044133334,0.48880569113333333,-0.07804356305000003,-0.02796446882763334,0.4535237244666668,-0.04243423266666667,0.026681023774666666,0.4879932987000001,-0.11227491671666667,-0.003146524130999995,0.4588887737333333,-0.12902176783333333,0.16158352699333337,0.3399660163666668,-0.024807404679666665,-0.08524476485333332,0.42895866256666665,0.10426187359666668,0.25449841326666667,0.4109790114000001,-0.10475121989333332,-0.17238641059999998,0.5321711686,0.06052793623000001,0.19569959933333336,0.54688272,-0.09699735166999998,-0.15460519927666666,0.7132673450333336,0.06270081427466667,0.16355094068999995,0.5913572700999999,-0.09673414383,-0.11793880931533333,0.7630192547333333,0.023069332129666668,0.14246266513333333,0.6020926587333335,-0.09204413075,-0.07734952192800001,0.7991277941666665,0.03227457483566666,0.18824711351666668,0.5430857067999999,-0.09621190776000002,-0.13867881344,0.7364316097333335,0.00550255366,0.07445299675666665,-0.15066665185375996,-0.01601025208333333,-0.07267385655333333,-0.15522548295873329,0.017005485946666666,0.09360404107,-0.5278006117666666,-0.07851643852333333,-0.17831627676666664,-0.44652662313333336,-0.04453799508666668,0.1583420984666667,-0.8697433215666664,0.04203908659233333,-0.20158749766666667,-0.8175658568666666,0.10636650593000002,0.1401065183,-0.8982601159999998,0.058780783685,-0.20837219396666667,-0.8474413087999998,0.0856325582033333,0.055801084849999995,-0.9198883093333333,0.027695449526666666,-0.2876440803,-0.8448467688333334,0.05328452835333334,Donner_g_ch2_g20_compr.mp4,ch2g20
3616.666666666656,-0.006059569537333337,0.5150872890000001,-0.14076099773333334,0.01651487337466666,0.5258434298666668,-0.13592312948666666,0.016171724777666662,0.5295883838666666,-0.12599580485,0.014893293266666673,0.5297173453666668,-0.12824378389666663,0.0006924936825333372,0.5401703741333335,-0.14223632929999996,0.0019351254441999995,0.5385488489666668,-0.15227594923333332,0.004508135557,0.5238625014666667,-0.13419795396333334,0.08563137777466667,0.4890359737,-0.07477247870333335,-0.023342244186966673,0.4539662214000001,-0.03920275660466666,0.03233172539133333,0.48857425923333336,-0.10966250922000001,0.0020847506523333317,0.45946364663333333,-0.1264012173266667,0.16578102936333336,0.34108574823333343,-0.022416356033,-0.08025965762333331,0.4300110739666667,0.10475675406333333,0.2581195703,0.4179164939000001,-0.10195292114333332,-0.16487635353333335,0.5369364844333334,0.05780275400666667,0.20053167833333338,0.5550639800333333,-0.09582792890333332,-0.14846559477666668,0.7197756298333335,0.05655872253133333,0.1688832048666666,0.5994167051666667,-0.09628248916333333,-0.11272718133533334,0.7694445262333334,0.01588302611966666,0.14715712681666665,0.6103105815666668,-0.09170693735,-0.07154454448133335,0.8053559531999999,0.024821918089000004,0.19275488416666667,0.5510524228666667,-0.09535697749333336,-0.13237404522000001,0.742997524166667,0.0514709353,0.07482631976999998,-0.15098287981442665,-0.015269083848333333,-0.07297158324333333,-0.15501117312439994,0.016377380363333336,0.09438729527666667,-0.5291604857999999,-0.07699179965000001,-0.17812172519999997,-0.44816873356666675,-0.04427022594000001,0.1580441825,-0.8711125514999998,0.044685787042333336,-0.2046902423,-0.8188921794333333,0.10607736676333336,0.13978512833333331,-0.8992405410333332,0.06162501886333334,-0.21158714583333332,-0.8487397741333331,0.08516656040333331,0.05713342228999999,-0.9205711202666668,0.030890514536666667,-0.29042605060000004,-0.8454490817333333,0.052155617870000004,Donner_g_ch2_g20_compr.mp4,ch2g20
3633.3333333333226,-0.0003170162740000005,0.5155693852666667,-0.13826768526666666,0.022197661404666672,0.5261628965333334,-0.13308832158666667,0.021854303717666664,0.5299764856,-0.12308516277666667,0.020618782320000004,0.5300916267666668,-0.12539980689666666,0.006322680519200006,0.5403346346,-0.13948521186666665,0.007523896467533332,0.5387630819666668,-0.14959574293333328,0.009925968780333331,0.5240308766333334,-0.1315185826233333,0.09078766736133333,0.48911691086666664,-0.07180389630666667,-0.019053749041300007,0.4540479989666668,-0.036361200173899995,0.037902165388,0.48886665180000005,-0.10718933842333334,0.0072096797023333305,0.45969834193333337,-0.12407541950666669,0.16986205906666668,0.3419747674000001,-0.020206680783,-0.07560423052,0.4306906602666667,0.10461044279666668,0.26158063616666666,0.42339121430000015,-0.10029173720666666,-0.15770692133333336,0.5403601037000001,0.0536630423606,0.20505599373333339,0.5616123608666667,-0.09676337163666665,-0.14243955450999998,0.7231552529333336,0.048437879508,0.17384422433333327,0.6056787383666666,-0.09789941119666665,-0.10753375537200002,0.7725572457666667,0.006773554619666667,0.15156472789,0.6166728528666668,-0.09338290821666667,-0.06580032514466667,0.8082056015666665,0.015450419489000005,0.1969769111,0.5574301765,-0.09655349799333335,-0.12621818456,0.7463389922666669,0.1014129,0.07520296971666665,-0.15127976610292665,-0.014470388049333335,-0.07327329997,-0.15480957985616664,0.015696653876,0.09481564381000002,-0.5303217442333332,-0.07565505422666667,-0.1777527585666666,-0.44992329363333344,-0.04385675324000001,0.1567044993333333,-0.8723704220999998,0.04701922805133334,-0.2078561703,-0.8200032179666665,0.10609390383000002,0.13838125914,-0.9001443500999998,0.06411779360666667,-0.2149086395,-0.8498005043333332,0.0850409843433333,0.057344880323333326,-0.9209087294666667,0.03341482991333333,-0.29338181313333334,-0.8457256115333333,0.05113323206666667,Donner_g_ch2_g20_compr.mp4,ch2g20
3649.999999999989,0.005231800536,0.5157531126000001,-0.13704560699999999,0.027660481944666672,0.5261748750666667,-0.13156293642,0.027322608917666667,0.5300499205333333,-0.12153822479666668,0.02612115232,0.5301452808666668,-0.12390000229666663,0.011756583652533336,0.5402185843666666,-0.13810921529999998,0.012944420830866665,0.5386918345333334,-0.14829837526666664,0.015192047973666668,0.5239145482333334,-0.13021243425666665,0.095620389408,0.4889525491,-0.06989365511000001,-0.014848650395633342,0.4539383413333335,-0.03506763145723332,0.043227304048,0.4889101413333334,-0.10586751145666666,0.012176351955666666,0.45970109366666667,-0.12301398844000003,0.1738133773666667,0.3425185972000001,-0.018767230783,-0.07118868266,0.43112881203333336,0.10316214206,0.2648547138666667,0.4279123339000001,-0.09980360447333333,-0.15122541887333335,0.5418688522333335,0.04812524434393334,0.20942122930000004,0.5661965123666667,-0.09841657500333331,-0.13642729881000001,0.725202034566667,0.039602628141333335,0.17863452289999995,0.6097895266666665,-0.10017357776333333,-0.10209217119200002,0.7741624702000002,-0.0027919785803333327,0.15588754182333334,0.6207708689000001,-0.09572353195000001,-0.059810908318000025,0.8094073305666666,0.005726286755666669,0.20109245136666667,0.5617635742666667,-0.09845914392666667,-0.12008728481666665,0.7482809097000002,0.0994625241,0.07561688945333334,-0.15158902141909333,-0.013518514312000003,-0.07361141054666667,-0.15458956554216663,0.014864972401000001,0.09476471089666667,-0.5311005583999999,-0.07469500966333333,-0.1776925116666666,-0.45128024900000013,-0.04386377764666668,0.1551900312333333,-0.8730222147999999,0.048833884073333333,-0.21095398013333336,-0.8204001689999998,0.10616024627666669,0.13684569946,-0.9004570519666665,0.06605018519333333,-0.2181384026333333,-0.8500991971333333,0.08504382996666665,0.05744992457,-0.9209708216333333,0.03530308842,-0.2961548735333333,-0.8453932381666667,0.05034711689333334,Donner_g_ch2_g20_compr.mp4,ch2g20
3666.666666666656,0.010946138806,0.5160111828333336,-0.1364425734,0.033256484138,0.5262565308666667,-0.13064222098666667,0.03293253152766667,0.530186892,-0.12062472999666668,0.03175735908333333,0.5302623543,-0.12302268972999997,0.017307202732533333,0.5401758776333332,-0.1373991685,0.018491781790866663,0.5386930842333334,-0.14766967836666664,0.020587804743666668,0.5238700633,-0.12956094555666667,0.10042821219933333,0.4888303715000001,-0.06838569035,-0.010755046945300002,0.4538869164333335,-0.034426725500566656,0.04866622515466666,0.4890169230333334,-0.10507780902666666,0.017233837852333334,0.4597721583,-0.12253331397333335,0.1775370793666667,0.34311990970000006,-0.01758177020966667,-0.06690886626333332,0.4316383781,0.10135753769333333,0.26795372823333335,0.43208592066666673,-0.10030351210666666,-0.14558623610666668,0.5428741223333333,0.04348692065726668,0.21372107760000006,0.5692964734333334,-0.10133226386999997,-0.13040091654333333,0.726299554666667,0.032780001584666665,0.1834392039,0.6122255635333332,-0.10380110202999998,-0.09652085426866669,0.7747828928666667,-0.010184314003666668,0.1603203261,0.6231630417333335,-0.09954907775000002,-0.05356005983133336,0.8095901142333332,-0.0018856284709999982,0.2051783954666667,0.5645400102666667,-0.10168466469333333,-0.11389954581666664,0.7492197802333335,0.0518966317,0.07599596497666668,-0.1519189432425933,-0.012621199247300001,-0.07392309316666668,-0.1543433038418333,0.01405815308066667,0.09435681271666668,-0.5318511487666665,-0.07396469183333332,-0.17764453836666663,-0.4524210839000001,-0.04355936157666667,0.1531162058333333,-0.8736930628666665,0.04995565211666667,-0.21426268463333337,-0.8207332993333332,0.10646760632000002,0.13473796546000003,-0.9008101161333331,0.06722243868333333,-0.22161381536666663,-0.8503458153333333,0.08528025476999998,0.05682698277,-0.9210853188333333,0.036450594624,-0.29908753233333335,-0.8450567778999999,0.04978308447333334,Donner_g_ch2_g20_compr.mp4,ch2g20
3683.333333333322,0.016359194969333336,0.5163306478333335,-0.13619552059999998,0.03863224046133333,0.5263968839333334,-0.13018337598666668,0.03833544124766667,0.5303773169333333,-0.12018188559666666,0.03718203020666666,0.5304344845666666,-0.12261247862999997,0.02269991955586667,0.5402084237666664,-0.13708215373333332,0.023890301127533334,0.5387666443,-0.147423541,0.02584463490033333,0.5238980735,-0.12928769452333333,0.10518968315333334,0.4887214519666668,-0.06759298309666667,-0.006453593378633334,0.45389327030000015,-0.03412324435389998,0.053847000031333324,0.4891699598,-0.10471637442666666,0.022122706555666664,0.45990638480000007,-0.12236840627333335,0.18098319143333336,0.34375054683333334,-0.017015709171333337,-0.06255213118,0.43215242646666663,0.09987913564,0.270736683,0.43581912050000005,-0.10156765287333332,-0.14057835121333334,0.5437699821,0.040635454320600006,0.21784559386666671,0.5713769040333334,-0.10449177793666664,-0.12438626672,0.7271630710000002,0.028656094171333333,0.1881354948333333,0.6135960362666666,-0.10764586686333333,-0.09063695023200001,0.775237587,-0.014713726116666668,0.1646752535333333,0.6244342707333334,-0.10359719078333335,-0.046891791184666694,0.8097557795666664,-0.006647362425666665,0.20912251480000002,0.5662560240000001,-0.10512776472666666,-0.10764245533999998,0.7499713469000001,0.0135594513,0.07634807553666667,-0.15225436457169328,-0.011944691372,-0.07421370478666668,-0.15408235008916665,0.013432539020666668,0.09393999718333333,-0.5326428146666666,-0.07351450540333332,-0.17804297456666665,-0.45336571620000005,-0.04314317810333333,0.15119609956666663,-0.8743970751999998,0.05034540763333334,-0.2174313127666667,-0.8211159949333331,0.10670528977333336,0.13278858836333335,-0.9011755899666665,0.06758103773666667,-0.22493278726666666,-0.8506568898333333,0.08543123730999999,0.05623934007999999,-0.9213603068333333,0.036803059613999996,-0.3019200841333333,-0.8448621866333332,0.049360697523333344,Donner_g_ch2_g20_compr.mp4,ch2g20
3699.9999999999886,0.021439429849333332,0.5166916553000002,-0.13602801513333332,0.043650421467999995,0.5265875651333334,-0.12984009795333337,0.043387364791000006,0.5306152288666667,-0.11985065713,0.04225122965999999,0.5306527170333334,-0.1223225303633333,0.027726613195866667,0.5402948087999999,-0.13686678826666668,0.02892963120086667,0.5388906438333333,-0.14727335616666667,0.03073976147033333,0.5239755859333334,-0.12910819015666666,0.10964506377666666,0.4886478740000001,-0.06695050575,-0.002402937158633336,0.4539403560000001,-0.03389430231056665,0.05871578470133333,0.48935886079999996,-0.10445050766,0.026726578382333332,0.46007177973333346,-0.12226512134,0.1841792699666667,0.3442760104333333,-0.016648741936333335,-0.0585185551,0.43257058086666667,0.09862394800333334,0.2729520565,0.4387276113333334,-0.10294101440666666,-0.13630027824000002,0.5441277370000001,0.03808583074726667,0.22155212410000005,0.5728436154000001,-0.10743506820333332,-0.11864439259000001,0.7273218597333335,0.024778266024666668,0.19250126883333332,0.6144610794666665,-0.11107272416333332,-0.08462097868533335,0.7749134746999998,-0.01896088676533333,0.16884166166666664,0.6251747432,-0.10710572481666669,-0.04013893829466668,0.8092308812333332,-0.011066430676999998,0.21275197770000004,0.5673834468333334,-0.10826564876,-0.10157825045666664,0.7500156888000001,0.0198289286,0.07669786614,-0.15260125008212663,-0.011334768530666667,-0.07450369131666669,-0.15380043739549998,0.012862868319333334,0.09347606368333332,-0.5334871223999998,-0.07304219074666665,-0.1789316475333333,-0.4540260333333334,-0.04309049060666666,0.14899008249999995,-0.8752231518666664,0.05023875431,-0.22034641900000002,-0.8214363142666665,0.10659983500333334,0.13051325754,-0.9017628449333331,0.06738343915000002,-0.22788174246666668,-0.8509315937333334,0.08528888403333333,0.055021901923333325,-0.9220076867666666,0.036569932003999994,-0.30462355016666665,-0.8448177016999998,0.04864012375000001,Donner_g_ch2_g20_compr.mp4,ch2g20
3716.666666666655,0.02671062447266667,0.5171137555333336,-0.13628100953333333,0.04882826243133333,0.5268204007333332,-0.12991580875333333,0.04860003395433334,0.5308855319333334,-0.11992742593,0.047471652799999986,0.5309042168333333,-0.12243513246333332,0.03286317185586667,0.5404517972666667,-0.13709641763333333,0.034080078670866674,0.5390790918666667,-0.14756449556666668,0.035743553516999996,0.5241421928333333,-0.12936020705666668,0.11422088349,0.4885740198666668,-0.06663392163999998,0.0015545858746999995,0.45405712350000005,-0.0340826799339,0.06375087985799999,0.4895940567333333,-0.10457161709333335,0.031430564779,0.46033843103333344,-0.12256162363999999,0.18742152246666668,0.3443911884666666,-0.016708912326333338,-0.05483472915666667,0.43274523440000007,0.09727392565666668,0.27473109123333334,0.44132077796666663,-0.10458032320666666,-0.13273086550000002,0.5440738742666668,0.03481428614726667,0.22478398080000003,0.5748744976333334,-0.10969824166999997,-0.11303008307666668,0.7268456365333335,0.02008746976466667,0.19632568166666667,0.6156062257666666,-0.11356358189666665,-0.07838514347533335,0.7739573366999999,-0.023906048993333335,0.17262853896666663,0.6259979032333333,-0.10949824481666667,-0.033227478625333325,0.8080087674666666,-0.01602767935033333,0.215968971,0.5690369184,-0.11059248692666666,-0.09557173839999998,0.7493602979666668,0.026347246,0.07706173486333333,-0.15296034997322663,-0.010718874718666668,-0.07481633481666668,-0.15349739472316665,0.012286658281666666,0.09305852094999999,-0.5343823513666666,-0.07242369172333332,-0.1801087364666666,-0.4543327767,-0.04366710494666666,0.1469187192666666,-0.8760481198999999,0.050431995300000004,-0.2230607137,-0.8214961910999998,0.10590537508999999,0.12838492643333335,-0.9023885546333331,0.06751455645333335,-0.23054404353333333,-0.8509388774333334,0.08456039085,0.054416179159999994,-0.9226545958333332,0.03665677814399999,-0.30685624576666665,-0.8446971234999998,0.04766182483000001,Donner_g_ch2_g20_compr.mp4,ch2g20
3733.3333333333217,0.032055077429333334,0.5177599831333335,-0.1364809970333333,0.05409465119799999,0.5272625281333333,-0.12994687765333332,0.05390913848766667,0.5313573086666666,-0.11995270476333335,0.05278000757333332,0.5313566955666668,-0.12249937433,0.038164381892533336,0.5408762936,-0.13728093573333333,0.03938670304420001,0.5395193417,-0.1477975984,0.040902134357,0.5245697726999999,-0.12955855739,0.11894451335,0.4885373749333335,-0.06630199578999998,0.005804462488033333,0.45439130486666673,-0.0342560504739,0.068840667988,0.4899657365333333,-0.10465780612666668,0.036230064885666664,0.4608155682000002,-0.12280334680666666,0.19061928783333332,0.34409612726666666,-0.01674610214633334,-0.05117860726333334,0.4329339881333334,0.09616414778000001,0.2763621663666667,0.4433243096333333,-0.10599470067333333,-0.12951887326666667,0.5444013123666668,0.032181384577266665,0.22811431930000003,0.5782750092000001,-0.11070689630333333,-0.10729601766666667,0.7264827714333335,0.016258160544666667,0.20023799146666665,0.6192421369333332,-0.11445158879666666,-0.07169432336866667,0.7730285771333333,-0.0274934152,0.17664019879999998,0.6293060365,-0.10998839715000001,-0.025987359681999993,0.8066411209,-0.019294311037000002,0.2193689287,0.5721968725333334,-0.11146202186,-0.08940297704666667,0.7487438131,0.0247189552,0.07741670982666667,-0.15332855863525996,-0.010147225442300001,-0.07512320163000001,-0.15318318196216665,0.011744366266666665,0.09266224565,-0.5353045852333332,-0.07166430992333334,-0.18121668546666664,-0.45443778916666666,-0.04414876374666667,0.14498669629999994,-0.8769802173333332,0.05082628275666667,-0.2255675797666667,-0.8214738135333332,0.10519861202666665,0.12642322716666668,-0.9031408784999999,0.06785666650000001,-0.2329320366,-0.8508775124666668,0.08382749263333335,0.05399683138666666,-0.9234538543666665,0.036966906884,-0.30873270526666663,-0.8446990169333332,0.04669893520333334,Donner_g_ch2_g20_compr.mp4,ch2g20
3749.999999999988,0.03787723775933333,0.5181777779000001,-0.13694324146666664,0.05989289493466666,0.5274869236999999,-0.13023645588666666,0.05974544787100001,0.5316031659,-0.12022769279666667,0.058608413859999986,0.5315881940666667,-0.12281252369666666,0.04397910929586666,0.5411239548666665,-0.13771874923333333,0.04519938971753333,0.5397739398666668,-0.14827606823333334,0.046580476897,0.5248255561,-0.12999774862333335,0.12434008808666666,0.4882994391666668,-0.06619536953999998,0.010583596931366665,0.4545594411666667,-0.034571979427233335,0.07441700035133332,0.49009990259999997,-0.10497937269333334,0.041477953229,0.4610940947333335,-0.12323313157333332,0.19425588693333332,0.3433264673666666,-0.01702521113966667,-0.047355193920000004,0.43295924260000007,0.09510154919000002,0.27812034943333336,0.44459204680000003,-0.10719564560666665,-0.12659834996666666,0.5445420429000001,0.02938946303393333,0.23182409366666668,0.5818809313000002,-0.11079468350333334,-0.10154604191333334,0.7253791377666668,0.012896589088000001,0.20455421463333337,0.6232916367666665,-0.11422150789666667,-0.0648844973522,0.7712520666333332,-0.030449889469999998,0.18117452876666662,0.6330070140666667,-0.10921448548333335,-0.018571584602000004,0.804338077,-0.021905913717,0.2232102762,0.5755682503,-0.11128127722666666,-0.08316081563,0.7473076875,0.0190188475,0.07778487827999998,-0.15373011090759328,-0.009604018030966667,-0.07544689036666667,-0.15283212797850002,0.011218729754666666,0.09230615544999998,-0.5365267764999999,-0.07091209533333333,-0.18237660229999997,-0.4544657944,-0.04460018747,0.14314021619999998,-0.8784205436999999,0.05132885434666667,-0.22789747366666668,-0.8213954652333332,0.10482546832666666,0.12453723563333334,-0.9043946065666667,0.06830478552000001,-0.23512880603333333,-0.8507713268000001,0.08345228570000003,0.053394631256666665,-0.9247611431666665,0.03738959906066666,-0.31034414863333326,-0.8449242529333332,0.04620067533,Donner_g_ch2_g20_compr.mp4,ch2g20
3766.6666666666542,0.04428473830266666,0.5184500141666668,-0.13741428156666663,0.06623712802133333,0.5275401149000001,-0.13054611902,0.06612498889766667,0.5316705370333333,-0.12051301176333333,0.06497817289333332,0.5316442284000001,-0.12313621319666666,0.05036384820919999,0.5412354214999999,-0.13819102366666663,0.05157548931753333,0.5398863164666667,-0.14877414353333335,0.05282966679033333,0.5249527603666666,-0.13046001792333334,0.13011944085666666,0.48792443256666673,-0.06606570112333332,0.015857690081366664,0.4546867566999999,-0.03493000192723334,0.08052275115466666,0.49011308116666663,-0.10527684532666667,0.047286945165666665,0.4612718846333335,-0.12364093960666665,0.19824298866666665,0.3423154166333333,-0.017205017242999998,-0.04313060694900001,0.43301450803333336,0.09445373875666668,0.2804820225666667,0.4459771862333333,-0.10671542490666665,-0.12336167569999999,0.5445516806,0.027408059012266665,0.2363990690666667,0.5855097991666667,-0.10760978653666667,-0.09555823926666665,0.7238912866333335,0.01119584817366667,0.20973562303333337,0.6272907527666666,-0.11078304830333334,-0.05801127708553334,0.7689704147333332,-0.03170684618966666,0.18657246496666666,0.6368950548333334,-0.10562609465,-0.011122896192,0.8015776646333334,-0.022739308313666662,0.22792414626666666,0.5790864402666668,-0.10798545805000001,-0.07671290137999999,0.7455087577333334,0.0214572661,0.07815134402666665,-0.15416273675392664,-0.009093132509633334,-0.07577089103333333,-0.15245116038983333,0.010721352821666669,0.09175784810999997,-0.5380228032,-0.07015938808666666,-0.18351231019999997,-0.45443308413333333,-0.04487058717,0.14127029153333334,-0.8800278902333333,0.05200179190333334,-0.23011657593333332,-0.8212551519333332,0.10496471496,0.12260372726666667,-0.9058268624666667,0.06892514433000002,-0.2372309655,-0.8506435622666667,0.08361216944666669,0.05216720212,-0.9264625537666665,0.038019256503999996,-0.3118339915666666,-0.8453242676333331,0.046352257763333335,Donner_g_ch2_g20_compr.mp4,ch2g20
3783.333333333321,0.051206478925999985,0.5184122327666669,-0.1380960628333333,0.073135317848,0.527294204,-0.13104981748666666,0.07305707513766667,0.5314299766666668,-0.12098000423000001,0.07189073545666666,0.5314047170666668,-0.12366276209666667,0.0572328769792,0.5410816792333333,-0.13889664036666666,0.05845324333086666,0.5397252845666668,-0.14952075579999996,0.05956588819033333,0.5248199155333333,-0.13116816729,0.13625378835333335,0.4873141465666667,-0.06596859174666665,0.02136840634803333,0.45467161313333326,-0.0355403798139,0.08700467182066667,0.48986126146666664,-0.10573466116,0.053469124779,0.4612163967000002,-0.12427435913999998,0.20247432589999995,0.3410530141,-0.017367906616333334,-0.038813129149,0.4329801976,0.09367189942666669,0.2834357466333334,0.44646632379999995,-0.10627285197333332,-0.12025993219999999,0.5438623588333333,0.024809749308933333,0.24176712346666668,0.5877067204333334,-0.10619677300333334,-0.08937724895333334,0.7210825608000001,0.008692111327000002,0.21566279283333337,0.6295778763666666,-0.10941849360333333,-0.050955492708866665,0.7650441389999998,-0.033369463923,0.19268309043333331,0.6390963349000001,-0.10425272888666667,-0.003421839255333333,0.7971069985,-0.024318797746999996,0.2334143027666667,0.5811441495666668,-0.10658264931666667,-0.07003416260333332,0.7422925924333333,0.0364335217,0.07851756042666665,-0.15462022562259328,-0.0085773106693,-0.07609470916000001,-0.15204587705549996,0.010216477989000002,0.09111105301999997,-0.5395600735333334,-0.06959905674333333,-0.18472676326666665,-0.4543455338666667,-0.045503057023333335,0.13936402196666667,-0.8817811946333332,0.05253744249666666,-0.23190567143333335,-0.8214280212999999,0.10496199946,0.12061046673333334,-0.9074191091666668,0.06943223569000001,-0.2388228943,-0.8508651763,0.08363443004333336,0.05038817582999999,-0.9281795537666665,0.038521543914,-0.31301885539999996,-0.8460857805666663,0.04666056825,Donner_g_ch2_g20_compr.mp4,ch2g20
3799.999999999988,0.058012657449333316,0.5182730142000002,-0.13908673673333333,0.07990324227999998,0.5269321932,-0.1318200053866667,0.07986181760333333,0.5310681466666668,-0.12172061902999999,0.07867282710333333,0.5310438646000001,-0.12446193249666666,0.06398852453253333,0.5408392989333333,-0.13987458469999997,0.06521452121753332,0.5394708045333334,-0.15054428876666665,0.06619499621366666,0.5245923549333332,-0.13215549935666665,0.1423361932566667,0.4864865709333334,-0.06601430999999998,0.026713190974699996,0.4545965565666666,-0.03632988592723333,0.09338462035666667,0.48947783073333323,-0.10645553959333334,0.059517433392333334,0.4610711342000002,-0.12519337557333332,0.2067603265333333,0.33953574113333335,-0.017445851609666666,-0.034655577768999996,0.43285252446666667,0.09271114384333334,0.2868042067666667,0.4467460285333333,-0.10561307623666664,-0.117625733,0.5425686956666667,0.022634031213933325,0.24742905906666668,0.5895578519666668,-0.10399855049000001,-0.08374203562633334,0.7175923631333334,0.006288374306000002,0.22179747223333338,0.6315108251999998,-0.10714456399333334,-0.04440900740886666,0.7604901903999997,-0.03530774146966666,0.19914817833333331,0.6407489312666668,-0.10189374853000001,0.0036313159446666643,0.7920622542666668,-0.026100220886999995,0.23921649453333335,0.5827708219333335,-0.10437060198000002,-0.06397085814666666,0.7384532208333334,0.0601095371,0.07888986742999998,-0.15513195203525992,-0.008058177570633335,-0.07642926531000001,-0.15159060964616666,0.009709393337333335,0.0908149373933333,-0.5413812284333334,-0.06902013222666667,-0.18594974626666663,-0.4542383339333333,-0.04611046598000001,0.1376513808333333,-0.8837712645666665,0.053763337806666665,-0.23355257806666668,-0.8214682126999998,0.10528238776,0.11882151823333333,-0.9092524765333335,0.07074017530333335,-0.24022439669999998,-0.8509548892333333,0.08404307030000002,0.048829377029999996,-0.9303017137333333,0.03981229534999999,-0.3140522071666667,-0.8470700141999996,0.047295705970000004,Donner_g_ch2_g20_compr.mp4,ch2g20
3816.6666666666542,0.06417386963333332,0.5176908278000001,-0.14029120453333332,0.08618455227666666,0.5260835244,-0.13285704772,0.08616516226333333,0.5302102709000002,-0.12271134979666665,0.08494666270666666,0.5301846080333334,-0.12552037089666665,0.07027170352,0.5401966257666666,-0.14110857119999995,0.07150164816333332,0.5388121686333334,-0.15183945746666666,0.07236444506666666,0.5239788979666665,-0.13339831532333332,0.1481863434566667,0.4850472598333334,-0.06649414037999998,0.032043565561366665,0.45427139933333327,-0.037471587563900004,0.09919737389666668,0.4886121785666666,-0.10742746262666668,0.06503936886333334,0.4605569984333335,-0.12634867203999997,0.21081526029999995,0.3374810100666667,-0.017838986462999997,-0.030557062802333328,0.43238847253333335,0.09150384034,0.29032907643333333,0.4460515151999999,-0.10585200715666665,-0.11519015086666667,0.5402179937666666,0.019871555850599996,0.2534270541,0.5902182515666665,-0.10416312760666668,-0.07851359472733332,0.7124676251666668,0.0022396885760000017,0.2283451552333334,0.6321716837666665,-0.10749891311000001,-0.0383689468822,0.7543669932999997,-0.039164088706,0.205912102,0.6412863446333334,-0.10217181558000002,0.010220464877999998,0.7854090884333335,-0.029813468963666663,0.2453288833,0.5832700883000002,-0.10455286255333335,-0.05834873217666666,0.7329114928666668,0.110928394,0.07926287876333332,-0.15568121180025996,-0.007610758187966665,-0.07676452430000001,-0.15109123237116664,0.009265283266666669,0.09031038208666664,-0.5433106506333333,-0.06862168312333333,-0.1872555812333333,-0.45414063399999993,-0.04670075549000001,0.1359328021,-0.8857544342999999,0.05475568101,-0.23499049936666666,-0.8214522108333332,0.10631187776,0.11703952116666666,-0.9110947547333333,0.07181577563666668,-0.24140085333333333,-0.8509640802666667,0.08521241258666667,0.04731461613,-0.9324234562999998,0.04077349447333333,-0.3148165572666667,-0.8480180697999996,0.04856424977,Donner_g_ch2_g20_compr.mp4,ch2g20
3833.3333333333208,0.07010626275999998,0.5168023371333335,-0.14131564893333332,0.09223089811999999,0.5249147170333334,-0.13376410725333332,0.09225598762333333,0.5290285395000002,-0.12359378039666664,0.09100366181333332,0.5289986305666668,-0.12646062573,0.07643163451333333,0.5392515621666666,-0.14215724046666664,0.07765658359999998,0.5378488979666666,-0.15293269706666665,0.07841102051333333,0.5230697900333332,-0.13445321969,0.1537171327,0.4831852782666668,-0.06705374206666667,0.03734240773803333,0.45365561779999997,-0.03847713033723334,0.10472940736333333,0.48741350529999994,-0.10831403156,0.07036192948,0.45973510403333345,-0.12735231194,0.21452158539999994,0.33502706400000004,-0.018270007393,-0.02667716538233333,0.4316597073666667,0.09065402313333333,0.29392425673333333,0.44465082593333327,-0.10606757405666666,-0.11322760509999999,0.5376584768333333,0.018300248177266665,0.2594984428,0.5901691631666666,-0.10389634392000001,-0.07423542570700001,0.7078772946666668,0.0004246238560000014,0.2349899510666667,0.6322985582333334,-0.10729261820333334,-0.03334297771553333,0.7490279767999998,-0.04070559745266667,0.21284035616666666,0.6412675095666668,-0.10181707406666668,0.015726203518,0.7796297585000003,-0.03129089103366667,0.2515220045666666,0.5830906508333333,-0.10427146435000001,-0.053734843673333324,0.7280164058,0.0749976933,0.07962138728999998,-0.1562451459339266,-0.0072314298082666656,-0.07708530557000001,-0.15057486728149996,0.008881344152333336,0.08979205164999997,-0.5452650621333333,-0.06833181841000001,-0.1886437361333333,-0.4539261168666666,-0.047330381083333345,0.13424532706666667,-0.8876823961999999,0.05549499827333333,-0.23684427086666665,-0.8214402422333332,0.10710575328333333,0.11530038603333333,-0.9128764171666667,0.07261058358000001,-0.24310874646666666,-0.8509898791333332,0.08611893141666667,0.04635188352333333,-0.9343667329999997,0.041593881566666664,-0.3163343806,-0.8487325287999997,0.04972666992,Donner_g_ch2_g20_compr.mp4,ch2g20
3849.9999999999873,0.07578017430666666,0.5155147079333334,-0.14229763843333332,0.09804943364333332,0.5233644657666666,-0.13463563645333332,0.09812111607,0.5274581756666668,-0.12444010253,0.09683572236999999,0.5274279091,-0.12736418099666666,0.08236834882666667,0.5379157605,-0.14316313639999997,0.08358892387666665,0.5364905200333333,-0.15398346836666665,0.08423371159666666,0.521767208,-0.13546363365666667,0.15915615,0.48091775466666675,-0.06766699339333333,0.04257675246333333,0.45262083943333326,-0.03943376067056667,0.11002978193666667,0.4858029242,-0.10917110562666665,0.07547501838666666,0.4584946419666668,-0.1283160996733333,0.21818644853333327,0.33228890710000003,-0.018753415466333332,-0.022775867782333332,0.43053082716666674,0.08980814754333334,0.29761955000000007,0.4425179829999999,-0.10648684605666665,-0.11130632635333332,0.5349902769000001,0.01668957694393333,0.26549972006666667,0.5892967140999998,-0.10378908039333334,-0.07034376754633333,0.7038009926000001,-0.0020432707153333293,0.24152133813333337,0.6316928041666667,-0.10718553821000001,-0.028819130835533335,0.7444158508666665,-0.042927978739333336,0.21967842206666666,0.6405773235666669,-0.10156496405333336,0.020696748731333335,0.7745709871333336,-0.033402493113666665,0.25763023136666663,0.5821489193,-0.10413131545000001,-0.049534828646666654,0.7236730729333334,0.0612268634,0.07995967469333332,-0.15680877805625995,-0.006857270586033332,-0.07738640166333335,-0.15005130523916663,0.008501223205000002,0.08905185484666665,-0.5470331932,-0.06807832730666666,-0.18979259529999998,-0.4536228176333333,-0.04806601807000001,0.13262861639999998,-0.8895112733333332,0.05595248540333333,-0.23870529726666667,-0.8217288141666667,0.10733815178333332,0.11370286383333333,-0.9145668386666667,0.07309189083666667,-0.2448509544666667,-0.8513692197333333,0.0863881949,0.04575559232333333,-0.9360046368666665,0.04213234570666666,-0.31776616066666674,-0.8495561537333332,0.04987330479666666,Donner_g_ch2_g20_compr.mp4,ch2g20
3866.666666666654,0.08135067179666666,0.5141572936000001,-0.1432535295333333,0.10380480697666665,0.5217693699666667,-0.13552121941999998,0.10391622818666667,0.5258500245000001,-0.12530427426333332,0.10260445148,0.5258308503000002,-0.12827900749666665,0.08821920795333334,0.5365840655666667,-0.14415714766666662,0.0894326560133333,0.5351414821666666,-0.15501734916666665,0.08996152572,0.5204699506666667,-0.13646284445666665,0.16447750466666664,0.4786315887000001,-0.06825438002999999,0.047716260612333326,0.45171616209999993,-0.04041383500056667,0.11520796872,0.48414467333333333,-0.11004181945999998,0.08046888191000001,0.4572470649000001,-0.12927724567333332,0.22188097289999992,0.3295963030333334,-0.01917659956633333,-0.019081965055666665,0.4297565310666667,0.08896494769,0.30160884120000003,0.4399145560666666,-0.10690183592333331,-0.10940558712,0.5338144304000001,0.014917351589599996,0.2714517028,0.5874223265666666,-0.10357369752,-0.06646992097266667,0.7018965268666667,-0.004651051845333334,0.24784412533333336,0.6299307762,-0.10690443624333335,-0.024345534645533337,0.7420778566999998,-0.04543882824933333,0.2262370092333333,0.6387819618666668,-0.10113824869000003,0.025637799684666666,0.771736392466667,-0.03570811085366666,0.2636231704333333,0.5801977314666666,-0.10386739428000001,-0.045335603613333324,0.7214622713000001,0.0639843494,0.08026177661333331,-0.1573504176475933,-0.006481548397033333,-0.07765388247333335,-0.14954421251956662,0.008115554937333333,0.08839580166999998,-0.5485685651333333,-0.06772404735666666,-0.19076952336666667,-0.4533159053666666,-0.04866570282333334,0.1313019176,-0.8912462771333332,0.05635501580999999,-0.24060388749999997,-0.8220164661666667,0.10749270761666666,0.11242200123333332,-0.9161826708999999,0.0734912206,-0.2466640806,-0.8517356651,0.08657045151666666,0.04583211872666667,-0.9374215068333333,0.04242021540333333,-0.3191736826333334,-0.850272579733333,0.04972189062,Donner_g_ch2_g20_compr.mp4,ch2g20
3883.33333333332,0.0867682193,0.5128697458333333,-0.1444344977333333,0.10941712196333332,0.5202732735333334,-0.13665893848666666,0.10954528871333334,0.5243501967666667,-0.12643473372999997,0.10821673654666666,0.5243510559333335,-0.12944376269666666,0.09385234978666666,0.5353796186,-0.14537881686666662,0.0950673906633333,0.5339287995,-0.1562792033333333,0.09547903257000001,0.5192974001666667,-0.13769929462333333,0.1696772996333333,0.4764895987666668,-0.06915048056999999,0.05261016047899999,0.45096993846666655,-0.041593106813899994,0.12025500021999999,0.48257669763333333,-0.11115068065999997,0.08530839944666667,0.4561019643000001,-0.13047028703999997,0.22564324936666658,0.32699796670000003,-0.019837475499666662,-0.015493314928999998,0.4293072054333334,0.08766359178000001,0.30578884736666667,0.4366442339999999,-0.10779198635666665,-0.10768340005999999,0.5337614796333334,0.0116692441336,0.2771925812666667,0.5845893839999999,-0.10424696179666666,-0.06274314919133335,0.7014344716666668,-0.009130874725333336,0.25381613373333334,0.6272769668000002,-0.10747055470333335,-0.020063544645533338,0.7414446149666665,-0.049942523419333335,0.23228632486666667,0.636262404,-0.10146942550666668,0.03048430806466667,0.770739174966667,-0.03987733592366667,0.26929783563333326,0.5773663260666666,-0.10442575867333335,-0.04125639235999999,0.7207860586,-0.0585955158,0.08055668598999997,-0.15788379726092663,-0.006072766743699999,-0.07791382304666669,-0.14903625680733326,0.007694635260000001,0.08769100855666664,-0.5500314717333332,-0.06722000751,-0.19164533463333333,-0.45299398763333326,-0.04923435938666667,0.12995867206666667,-0.8930117448666665,0.05679510124333332,-0.24252841766666663,-0.8222015922333334,0.10763512794999998,0.11110647979999999,-0.9178296803333332,0.07391383963333334,-0.24851044723333332,-0.8520018897999999,0.08673411964999998,0.04575059186666667,-0.9388772767666665,0.042658324039999994,-0.3204636940333334,-0.8509450809666664,0.04944669895333333,Donner_g_ch2_g20_compr.mp4,ch2g20
3899.999999999987,0.09193587544000001,0.5118661586000001,-0.14593108693333331,0.11482443296999999,0.5190449469666667,-0.13815253602,0.11496194658,0.5231298373666668,-0.1279317391633333,0.11361247085666666,0.5231528615000002,-0.13096016446333333,0.09925612437999999,0.5344659628333333,-0.14691911513333333,0.10047232483999997,0.5330126880333335,-0.15786714803333332,0.10076638353333335,0.5184091777000001,-0.13926355642333332,0.17477009979999997,0.4745100232000001,-0.07049340326,0.05732740201899999,0.4504378002999999,-0.04303294549056667,0.12511449289333332,0.4812413767666667,-0.11261025485999998,0.08992266087999999,0.45521541673333343,-0.13197023493999996,0.22945006243333324,0.32439595176666675,-0.020864279562999993,-0.012042745542333332,0.42903014680000007,0.08592891359666667,0.3103070314333333,0.43303459059999994,-0.10958065842333331,-0.10624712977,0.5343219838333334,0.0071484373369333325,0.2828834306,0.5809363921666666,-0.10637714563,-0.05955459694593334,0.7022712493333335,-0.01566940143533333,0.25973261493333333,0.6237759966000002,-0.10956081036,-0.016374372652200004,0.742321935733333,-0.056630894459333336,0.23819941756666665,0.6328893789000001,-0.10328398660666667,0.03463009717333333,0.7713874410333336,-0.04595820775033333,0.2748893419,0.5737157779999998,-0.10641256278666669,-0.037802550739999996,0.7215174791333333,-0.129277498,0.08085272164666665,-0.15842228035192663,-0.005614037741033333,-0.07817431471666669,-0.14850767341533327,0.007221350720133334,0.08682079514999998,-0.5514273072,-0.06653919903333333,-0.19242660353333332,-0.4525620098999999,-0.04977108418666667,0.12848465616666666,-0.8947521627666664,0.05732911676666666,-0.24448042356666666,-0.8221194948000001,0.10784785118333333,0.10968181036666666,-0.9194474854999999,0.07441808909,-0.25038146733333333,-0.8519700947,0.08696309884333331,0.04561321409,-0.9403231523333333,0.04291413506999999,-0.3216800440333334,-0.8514310239666666,0.049181724143333334,Donner_g_ch2_g20_compr.mp4,ch2g20
3916.666666666654,0.09690275297333334,0.5111424588666666,-0.14801850269999997,0.12017679296999999,0.5180665421999999,-0.14019336578666666,0.1203255808,0.5221671746666667,-0.1299866132633333,0.11895508303666666,0.5222102100666668,-0.1330176189633333,0.10454061322,0.5338489832333333,-0.14898400776666665,0.10575494120666663,0.5323987621666668,-0.15999537063333333,0.1059302588666667,0.5178147246666667,-0.14136490972333332,0.18011189813333328,0.4726151875666667,-0.07226864436000001,0.06195057172899999,0.45021788299999993,-0.044766012250566665,0.12985245393,0.4800857182333333,-0.11461870813666665,0.09431511453,0.45458546516666676,-0.13398075100666662,0.2334967632999999,0.3216831924000001,-0.022266541852999994,-0.008640079788999997,0.42893084946666665,0.08378807766666667,0.3150953067333333,0.42827018869999994,-0.11252267215666664,-0.10488703422,0.5356066685666666,0.0024627849569333364,0.2885324548333333,0.5770186165999999,-0.11025639870333333,-0.05725625070693334,0.7054327253666668,-0.020786873822,0.2656223749,0.6200287777666668,-0.11341681936,-0.013600469715533338,0.7458721512999998,-0.061648485492666674,0.24409134566666668,0.6290501026666667,-0.10690068618666668,0.03773225089333333,0.7745988320000002,-0.050502215017,0.2804278730333333,0.5699709194999999,-0.11016239802666669,-0.03530922679666666,0.7245639798,-0.116824411,0.0811687350433333,-0.15897122277792664,-0.005141245898366667,-0.07845059714666669,-0.14795867096499993,0.006727018409166667,0.08577959401999997,-0.5528339897333334,-0.06566980673666666,-0.19318042843333333,-0.4520552025333332,-0.05026811856666667,0.12706506576666665,-0.8964688659333332,0.05803957209333332,-0.24648953023333334,-0.8219210709333334,0.10807770881666666,0.10834093659,-0.9210478821333331,0.07509663544333332,-0.25232144106666665,-0.8517989041999999,0.08720877726666665,0.045503250849999996,-0.9417574864666667,0.04323044375666666,-0.32284730963333336,-0.8519074756999999,0.04891251939,Donner_g_ch2_g20_compr.mp4,ch2g20
3933.33333333332,0.10188947922666666,0.510377624,-0.1507188449333333,0.12555186457333334,0.5170567560666666,-0.14282095558666666,0.12570659052666666,0.5211790230333334,-0.1326430596633333,0.12432467598666666,0.5212418452,-0.13565755239666663,0.10981504575333333,0.5331851583666667,-0.15160302093333333,0.1110298829633333,0.5317416309000002,-0.16268333,0.11108882617666668,0.5171707322666667,-0.14402853398999999,0.18564036503333328,0.4706910205,-0.07450661820666668,0.06654573825233333,0.4499748768666666,-0.04679921894723333,0.13467275903999998,0.47886750063333333,-0.1172042322233333,0.09874515549666667,0.45390115816666676,-0.13652812660666663,0.23779919789999993,0.3187677643333334,-0.024091772359666665,-0.005090403898999996,0.4288332011666667,0.08139949031666666,0.3199540270333333,0.42252979249999995,-0.11651108465666665,-0.1033883025,0.5373667797999999,-0.002121013393066665,0.29415431226666666,0.5723429719666666,-0.11570203304333333,-0.05584487850026667,0.7100717091666667,-0.025646234205333334,0.27146766283333335,0.6158315796333335,-0.11891943720333334,-0.012305710280866673,0.7511046978333331,-0.06641678261933334,0.24998234540000003,0.6251874452000001,-0.11218956503000001,0.03944293052333333,0.7794835717000002,-0.054987602573666666,0.28595184026666665,0.5655398661333334,-0.11550921158333335,-0.03381191087,0.7291188851999999,-0.0912814438,0.08153206595333332,-0.15953577253992662,-0.004668115643366666,-0.07876568818333335,-0.14738233914099996,0.006226551428600001,0.08455004003333332,-0.5542373036,-0.06482327586666665,-0.1939328178666667,-0.4514795676666665,-0.05084259881333334,0.12547593566666665,-0.8981798251999998,0.05881833707666665,-0.24841319216666669,-0.8216540679666668,0.10834433381666668,0.10684338033,-0.922631684833333,0.07585086231333332,-0.25419191576666667,-0.8515414339999998,0.08750039472999999,0.04526180472666666,-0.9431222838333334,0.04357014192666665,-0.32374399100000006,-0.8523968298333333,0.04862325445000001,Donner_g_ch2_g20_compr.mp4,ch2g20
3949.9999999999864,0.10685938243000001,0.5094948991,-0.1535526951333333,0.13093884121,0.5159381288333333,-0.14557267105333332,0.13109031078666666,0.5200876869666667,-0.13543149459666667,0.12970120222,0.5201756849666668,-0.13842237569666666,0.11506841522,0.5324171704,-0.15434263316666672,0.11628302781999998,0.5309861360666668,-0.16549184423333332,0.11622445898666668,0.5164186388666667,-0.1468143110233333,0.19129945499999995,0.4686966902333333,-0.07685179523333335,0.07113971110566666,0.4497019337666667,-0.04889033191389999,0.13951574298,0.47752479276666665,-0.11991562641666664,0.10316575769666667,0.45311418810000004,-0.13919161603999997,0.24224792159999994,0.3155926557000001,-0.026016929496333333,-0.00144016789233333,0.4287284420333333,0.07900587766333333,0.3247756051999999,0.4156146543333333,-0.12101054715666665,-0.10155726346999999,0.5396842004333333,-0.006754125523066666,0.2998116469,0.5663751125333334,-0.12231349597999999,-0.0547573607736,0.7161358281333333,-0.03066074762533333,0.27744089163333335,0.6103976248333334,-0.1256554393133333,-0.011713439826866671,0.7579389255333332,-0.07133880703933333,0.2560069583666667,0.6202338045000001,-0.11878822512333334,0.04044432332333333,0.7860142261000002,-0.059693854080333335,0.29150951443333334,0.5598229422666667,-0.12205938155000001,-0.03272682487233333,0.7351484771666666,-0.0877459869,0.08195033409666666,-0.16011072942992663,-0.004214288069033333,-0.07912608394333334,-0.14678769330999997,0.005740565441933335,0.08333433861666666,-0.5556385849666666,-0.06406995399333332,-0.1946423798666667,-0.4508370852333332,-0.051543277740000004,0.12392052513333332,-0.8998076845999998,0.05947926516666665,-0.24985077226666666,-0.8212981567000002,0.10870997775000002,0.10536005068666666,-0.9241125085999996,0.07647350907333332,-0.2555228869666667,-0.8511813007333332,0.08788805539333332,0.04498047651666666,-0.9442407809000001,0.043618567843333324,-0.32394635273333333,-0.8528115013333333,0.04835342752,Donner_g_ch2_g20_compr.mp4,ch2g20
3966.666666666653,0.11169967348333334,0.5085849249333334,-0.15647324919999997,0.13620655267333331,0.5147935627,-0.14846919802,0.13635917215333332,0.5189710277333333,-0.13836783472999997,0.1349640003,0.5190862730000001,-0.14133466039666664,0.12024955182000001,0.5316050174,-0.15718636926666668,0.12146879979666664,0.5301904001333334,-0.16840935699999998,0.12129530613666668,0.5156209817333333,-0.14970645205666663,0.19687358153333331,0.46666453939999997,-0.07960044655333336,0.07585496799899999,0.44938074420000007,-0.051123766373899995,0.14424573362999998,0.4761544422333333,-0.12278994492333331,0.10752773629666668,0.45229166390000003,-0.14195833897333332,0.24664630379999994,0.31222882586666684,-0.02844141243633333,0.0024674901410000043,0.4286103712,0.07658914849333334,0.32934390533333324,0.4078574128,-0.12639825905666666,-0.09918863996666666,0.5426069777999999,-0.011152365423066668,0.3056159969,0.5591979165666666,-0.13014995780666666,-0.05359105030360001,0.7227750822,-0.03567948676866667,0.28375567443333327,0.6035701611333334,-0.13365215118666668,-0.011201112975200002,0.7652304928333332,-0.07630026623266667,0.26246668426666675,0.6138993737333334,-0.12674418381,0.04134870937666666,0.7930297782333334,-0.06456108093333333,0.2972631761,0.5528538897,-0.12990287200666667,-0.03162017116133333,0.7417623516,-0.100056291,0.08238193306999998,-0.16067323648625995,-0.0038261874775000013,-0.07949428816000001,-0.14620088774899995,0.005314032313633334,0.08209891177999999,-0.5570137277,-0.06352517209666665,-0.19511101043333337,-0.45027355113333317,-0.05224672219666667,0.12271808586666666,-0.9012321740333331,0.059889861199999984,-0.2507281794666667,-0.8211474125666668,0.10898329708333335,0.10432319039,-0.9253642975333329,0.07683557596999997,-0.25622473463333334,-0.8510434351999998,0.08814146975666666,0.04530439572333332,-0.9451918346000001,0.04347115872666666,-0.3237484275666667,-0.8534704962333333,0.048042556390000005,Donner_g_ch2_g20_compr.mp4,ch2g20
3983.3333333333194,0.11644970721000002,0.5074031448666667,-0.15908549079999998,0.14125680604,0.5133749757666667,-0.15110538282000002,0.14140755915,0.5175785678666667,-0.1410559028633333,0.14000981736333332,0.5177252704666667,-0.14399023802999997,0.12524159206666668,0.5304420592666667,-0.15972814876666666,0.1264706718433333,0.5290548283333334,-0.17103446130000002,0.12618780313333336,0.5144774388333333,-0.1523013576233333,0.2020710062,0.46443428059999997,-0.08238261083000002,0.08044193999566665,0.44869006343333345,-0.0531859110039,0.14882002901666666,0.47456304193333326,-0.12546255859,0.11178189412999999,0.4511774093333334,-0.1444694389733333,0.2506409151999999,0.30839837706666684,-0.031073858772999997,0.006560751764333333,0.4283514684666667,0.07426481178666666,0.3330766333,0.39892976653333334,-0.13238124489,-0.09619146108666667,0.5456749004,-0.014985031253066668,0.3112519275,0.5501871351666666,-0.13990714029333332,-0.05251167786026668,0.7297201120666665,-0.04063654598533333,0.2901775707333333,0.5945966878333334,-0.14361692920000002,-0.011049387365200001,0.7726562779333332,-0.08132823813266665,0.26909361460000003,0.6053912895,-0.13677886593,0.04186279279333333,0.8001142815666668,-0.06974018696133333,0.30297916863333335,0.5439870630000001,-0.13970841748,-0.03068537109133333,0.7485997672999999,-0.0933857933,0.08281514471333332,-0.16122548328012662,-0.0034783466768,-0.07985963234666667,-0.1456194541493333,0.004924849316566668,0.08087559275333332,-0.5583269193333332,-0.06297565837666665,-0.19545603340000003,-0.4498436565999998,-0.05261031450333333,0.12167509623333332,-0.9025751188333332,0.06023134427999999,-0.2514238153666667,-0.8210048521666669,0.10981141498333336,0.10346977827666666,-0.926539351433333,0.07712846772999998,-0.25673408066666664,-0.8509049954333332,0.08894530073,0.04561628882333332,-0.945977696,0.04321703457,-0.3233098953333334,-0.8542153318000001,0.048247389986666674,Donner_g_ch2_g20_compr.mp4,ch2g20
3999.999999999986,0.12092470882000002,0.5058859603,-0.1615511526333333,0.14612107901000002,0.5116257384,-0.15365727972,0.14626045831333337,0.5158507106666667,-0.14366199526333331,0.1448767477233333,0.5160324459333333,-0.14656051796333333,0.13008842792666667,0.5288908027,-0.1621392093,0.13134163245666663,0.5275392093666668,-0.1735311747,0.13094069191333335,0.5129423967,-0.15476658388999998,0.20707918413333334,0.46194609463333336,-0.08530453459000002,0.08496440120233333,0.44757138360000004,-0.055198940280566676,0.15320319936666665,0.4726492719,-0.12807150182333332,0.11589486919333333,0.44969040460000004,-0.1468625957733333,0.25442201929999997,0.3042103660000001,-0.03387213764633333,0.010759128414333331,0.4277993723666667,0.07210599414,0.33578969963333327,0.38887834720000003,-0.13847453035666668,-0.09284291565333333,0.5483135007000001,-0.0184338139264,0.31648270893333336,0.5401639108,-0.14997376327,-0.051601885103600004,0.7358732127999998,-0.04515736153200001,0.29635701423333327,0.5847465315333333,-0.15397489472333337,-0.01121056782186667,0.7792479535666667,-0.08596678000266665,0.27574890383333334,0.5961147544,-0.14730833439333335,0.04206979910666666,0.8064501112333334,-0.07458926246133332,0.3083785259333333,0.5342318131666667,-0.14987372887,-0.02995956036466666,0.7547101891333332,-0.052797813,0.08324538767666667,-0.1617673404718666,-0.0032327337084666666,-0.08022085056,-0.1450467651563333,0.004634928778900001,0.07948325556999998,-0.5596526110666666,-0.06261829338999997,-0.1955572932666667,-0.4497680093666665,-0.0526688408,0.12067574216666664,-0.9039366776666665,0.06045288791333332,-0.2518498847666667,-0.8212240383000001,0.11105777568333335,0.10269075751,-0.9277498780666663,0.07730745426999999,-0.25697231496666667,-0.8511405172333333,0.09016016956333334,0.04592567629333332,-0.9467082502666668,0.042759654849999995,-0.32259910500000005,-0.8553660869,0.048946374523333336,Donner_g_ch2_g20_compr.mp4,ch2g20
4016.666666666653,0.12497813709666668,0.5040661927333334,-0.16404526626666663,0.15072186840666668,0.5095911299000001,-0.15629493178666665,0.15085704085000004,0.5138280052,-0.14636299762999996,0.14949320196666666,0.5140433257,-0.14921589889666664,0.13468719286333333,0.5269962928999999,-0.16459527829999998,0.13597036117666664,0.5256840823666667,-0.17607009810000002,0.13543980421666668,0.5110648354333334,-0.15727413639,0.21205994046666668,0.45927750330000006,-0.08841068437333337,0.08951341128566666,0.44611171750000006,-0.05719962691723334,0.1573263506733333,0.4704847113333333,-0.13073167002333333,0.11972699584333332,0.44790371366666676,-0.14926906573999998,0.25810756323333334,0.2999060503666668,-0.03673879646966667,0.015138749877666665,0.42704036880000007,0.06999668317666666,0.33765861816666665,0.37790566356666666,-0.14455965272333335,-0.08938594616666667,0.5500586094666667,-0.021560832226399998,0.3215207567666667,0.5290516708333334,-0.16109918741333332,-0.05070261964693333,0.7401554588333332,-0.049755457225333345,0.3025048260666666,0.5739390173666667,-0.16569728122,-0.011370777221866671,0.7837803186333333,-0.09067277742933331,0.2824300396333333,0.5859789865333334,-0.15928239343333334,0.04225809939999999,0.8107873267000001,-0.07930638105666667,0.31366786146666664,0.5234753920666666,-0.16117964466666668,-0.029243004747999995,0.7589509125666667,0.00580069888,0.08366191238333333,-0.16229701724449996,-0.003022970186466667,-0.08056498567666666,-0.14448680644966663,0.0043832064279,0.07801399068666665,-0.5609570379666667,-0.06235251789333331,-0.19523942866666671,-0.44984570799999984,-0.05264169870666666,0.11964886019999998,-0.9053169543333331,0.06035967357333332,-0.2520350053666667,-0.8215199625000001,0.11214113878333334,0.10188951037666666,-0.9290039041333331,0.07714556457666666,-0.2569541330666667,-0.8514524104333332,0.09118533689666668,0.04624128251666665,-0.9474747560666668,0.041728888879999995,-0.32150610383333333,-0.8567149916666668,0.049174635603333336,Donner_g_ch2_g20_compr.mp4,ch2g20
4033.333333333319,0.12887079723333333,0.5021978335000001,-0.16641666336666663,0.15517736429333334,0.5075141861666668,-0.15877317618666664,0.1553171483766667,0.511761083,-0.14890213266333333,0.15397165802999999,0.5120022918,-0.15171537199666665,0.13915192001333332,0.5250432553333332,-0.16698000249999997,0.1404638211033333,0.5237729528333335,-0.1785325159666667,0.13979845384333334,0.5091290593333334,-0.15969810432333337,0.21706117050000004,0.45656606813333334,-0.09127468208000002,0.09410116209233331,0.4446229762666667,-0.05905805281723334,0.16130339584999998,0.4682697530666666,-0.13322745035666664,0.12339856460333333,0.44606118906666675,-0.1516229559733333,0.2616532518333333,0.2956542901000001,-0.039558711649666664,0.019487417341,0.4261565670000001,0.06816182161333333,0.33891275449999997,0.36668340136666666,-0.15077666651333332,-0.08611353723000001,0.5506397249666667,-0.024187714099733335,0.3262223418333333,0.5173739447333334,-0.17336204677999997,-0.04971437228026667,0.7425469084333333,-0.054509659915333346,0.30851243733333333,0.5628164628333333,-0.17877336384666667,-0.011279115521866669,0.7862836184666667,-0.09558130256999998,0.2890215203333333,0.5756192601666666,-0.1725128617766667,0.04270847476333332,0.8131505019333333,-0.08455071028,0.3186536827333333,0.5122446680333332,-0.17361242498,-0.028407878424666667,0.7612874246,-0.00520005543,0.08407332872333333,-0.16279338619949996,-0.0028162000748000004,-0.08090150555333332,-0.14396143400599995,0.004140994184899999,0.07663170023999999,-0.5620561337000001,-0.06219535335999998,-0.1944756865333334,-0.4499783769999999,-0.05257197592666667,0.11872041006666664,-0.9065550838666664,0.05993654888999999,-0.25205881343333336,-0.8217017626333335,0.11314334815,0.10123402867666667,-0.9301417567999998,0.07664365572,-0.25677654103333336,-0.8516310813,0.09212185130000002,0.046697908226666654,-0.9481162292,0.04023648512,-0.3201263963666667,-0.8580207724666666,0.049069892363333346,Donner_g_ch2_g20_compr.mp4,ch2g20
4049.9999999999854,0.13276070562000003,0.5002555943000001,-0.16875291016666663,0.15941835721000003,0.5053914442333335,-0.16123364848666666,0.15955506569333336,0.5096428829333334,-0.15142918233,0.15823822505,0.5099127088666666,-0.15419899572999998,0.14339016453666667,0.5229973974333333,-0.1693283887333333,0.14475292601666667,0.5217690824333335,-0.18096073073333335,0.14395465703666666,0.5071019351666667,-0.16208921319000003,0.2219806363666667,0.45388115900000003,-0.09409374337333336,0.09862898532899998,0.44299905963333336,-0.06094879956390001,0.16520673763666666,0.4660231447,-0.13568039678999996,0.12704559574666666,0.4441263865333334,-0.15392346677333332,0.2650902547999999,0.2916099123000001,-0.04236222052633334,0.023829828677666667,0.4250635867000001,0.06633155224333333,0.33975957953333336,0.3550116079333333,-0.15751413739,-0.08280210078666668,0.5501898926666667,-0.027165292069733334,0.33040457376666665,0.5054856241666668,-0.18721675095333332,-0.04852227200026667,0.7428316596999998,-0.060026990938666674,0.31409721026666665,0.5515002945,-0.19362109966000002,-0.010892659368533337,0.7864388665666667,-0.10123899826666664,0.29522370996666664,0.5651998894333334,-0.18744664733333333,0.043510641772333325,0.8132583902666666,-0.09058458247,0.3231121717666666,0.5008612815666666,-0.1876235794266667,-0.027276424688,0.7614999548666668,0.00244874461,0.08445954670666668,-0.16328124227116664,-0.0025974046164666665,-0.08120822037333332,-0.14344659213533328,0.0038933970802333333,0.07524359883333334,-0.5628783331,-0.06205186188333331,-0.19322125366666673,-0.4501222844666665,-0.05242224359333333,0.11767910969999998,-0.9074152384999998,0.05945679818333332,-0.2518118813333333,-0.8217496490000001,0.11400863101666667,0.10046217758666669,-0.9309170522999999,0.07608444717666668,-0.256321621,-0.8516622028666665,0.09289461485000002,0.04691228725666665,-0.9481407366333333,0.03862768159333333,-0.31820907986666663,-0.8592216153,0.04860504120333334,Donner_g_ch2_g20_compr.mp4,ch2g20
4066.666666666652,0.13662489596000002,0.49844587806666674,-0.1715714275333333,0.16359159502666668,0.5033996755666668,-0.16426256678666667,0.1637184641566667,0.5076385416333333,-0.15451331042999997,0.16242486708999998,0.5079426601,-0.15722766119666665,0.14762680542666665,0.5210607948333333,-0.1722483378333333,0.14905530996333333,0.5198754726666668,-0.18397368293333333,0.14812739842666664,0.5051907460000001,-0.1650493452566667,0.2266800468666667,0.45137793466666665,-0.09770493747666668,0.10333162956566666,0.44149006473333335,-0.06372562734056668,0.16901233725999998,0.4638909653333333,-0.13862561949,0.13076978918333332,0.4423112184666667,-0.15676319620666665,0.2681765226999999,0.2879777850333334,-0.04604432569533334,0.028400050950999997,0.42403065410000007,0.06398009698666667,0.3400122962666667,0.3439586160333334,-0.16524739841,-0.07948403620666666,0.5489796482000001,-0.030699925549733335,0.3339493866666666,0.4948114505333334,-0.2014347239433333,-0.046994015986933334,0.7421240671333331,-0.06671610654533333,0.3190951541,0.5414110268,-0.20879277679666666,-0.009929457248533339,0.7855798005666668,-0.10818738042333331,0.30096928976666665,0.5559248682666666,-0.2025840267033333,0.045061099702666654,0.8122532492666668,-0.09788807719333334,0.32700988836666667,0.4906467591000001,-0.20193396121999999,-0.025670194871333332,0.7606918708666668,-0.0747859627,0.08474122037666668,-0.16375765552916666,-0.0024003396474666667,-0.08141089752333332,-0.14294587319633328,0.0036708129855666655,0.07389511266333333,-0.5634790635,-0.06188102466666665,-0.19165197166666673,-0.45023664293333315,-0.05164574992,0.11675001336666664,-0.9081329618666665,0.05892666230333333,-0.25126331893333337,-0.8216838236333334,0.11521277918333334,0.0998444471866667,-0.9315665382999999,0.07548556948333333,-0.2555559804666667,-0.8515665989999999,0.0940131864,0.04715921166666665,-0.9481856831,0.03698866295,-0.31588623816666667,-0.8603779275333333,0.0485280926,Donner_g_ch2_g20_compr.mp4,ch2g20
4083.3333333333185,0.14036337242333335,0.4970843967333333,-0.17445804519999997,0.16756968451333334,0.5018572047333334,-0.16746553215333332,0.16769888679333333,0.5060649869666667,-0.15776932789666667,0.1664222061533333,0.5064083471333334,-0.16042404669666666,0.15176855324,0.5195439400666668,-0.1752458674333333,0.15326624053666665,0.5183865340666668,-0.18706182143333333,0.1522088827133333,0.5036963723333334,-0.16808408792333338,0.23114944603333337,0.4492147786,-0.10180391239333335,0.10826333683566666,0.44021793470000004,-0.06660311843723334,0.17273036325333335,0.4621621464999999,-0.14171701539,0.13452949453666666,0.4408857992333334,-0.15963243913999997,0.2709870977666665,0.28479466750000004,-0.05008432035000001,0.03314316891433333,0.4230302057000001,0.06171870458333334,0.33953297856666664,0.3338683086333334,-0.17321435230666665,-0.07651075214000001,0.5463262540666667,-0.033330858613066665,0.3366693631666666,0.48505460556666674,-0.21559276982666664,-0.045017125866933336,0.7385427142666665,-0.07164850539199999,0.3233083004666667,0.5321770325333335,-0.22377572227,-0.007976302672533337,0.7815383851000001,-0.11318548134999998,0.3060502778,0.5473304636,-0.21775643360666663,0.04772073916933332,0.8081233985,-0.10318178374333334,0.33017764526666665,0.48126933123333343,-0.21626613857333335,-0.023442558848,0.7569554226000001,-0.0685429499,0.08489267609333336,-0.16422417501616665,-0.0023179478107999995,-0.08148822337666667,-0.1424572531316666,0.003562339578566666,0.07222131253666667,-0.5639241244333334,-0.06169263325666665,-0.1899754251333334,-0.45029289879999984,-0.05043241926666667,0.11559487209999998,-0.9088575365999998,0.05807552361999999,-0.25050227343333337,-0.8216469975333334,0.11638253971666668,0.09901384800666668,-0.9322316009666666,0.07454137826666665,-0.25456544863333336,-0.8515106123666664,0.09509622042999999,0.046525635403333314,-0.9482841738333333,0.035011413254299996,-0.31337643460000003,-0.8616700429666667,0.048421790523333334,Donner_g_ch2_g20_compr.mp4,ch2g20
4099.999999999985,0.14400651130666667,0.4962362862333333,-0.17765821213333333,0.17137074760333337,0.5008560930666667,-0.17104835691999998,0.17151676384,0.5050265866333333,-0.16138854469666666,0.17024379882,0.5054039830666667,-0.16397839559666666,0.15575382583666667,0.5185710631333333,-0.17854882703333333,0.15731523795,0.5174181032333335,-0.1904486244,0.15612801227666664,0.5027404902666668,-0.1714148580566667,0.23542382870000003,0.44743699853333335,-0.10636119947333335,0.11306902595566666,0.43928945726666674,-0.06968645907723334,0.17637293520333333,0.4608893588333333,-0.14512372084333333,0.13819809794666668,0.43990865793333334,-0.16273915667333333,0.27362559473333325,0.2817925156666667,-0.054497119296666674,0.037829530091,0.4220473509333334,0.059484507293333336,0.3383516661666667,0.3251396137333334,-0.18112572660999995,-0.07448025708666668,0.5428867919,-0.0355050627364,0.3385450831,0.47715934750000005,-0.22755135302666665,-0.042406029166933326,0.7333890839333331,-0.07537756022533333,0.32656531780000003,0.5248215914333334,-0.23616059373999998,-0.004832830755866667,0.7758020956,-0.11679953193666665,0.3104178518333333,0.5402958433999999,-0.22985269743999995,0.05162957719599998,0.8021479434666667,-0.10684025854000001,0.33265487043333336,0.4736237441,-0.22812169420666667,-0.020418625850666665,0.7515763596666668,-0.0657493398,0.08500520743000002,-0.16469293461249995,-0.0023290778008,-0.08153235316333333,-0.14196809362933327,0.003534308508566666,0.07021653241333334,-0.5644129391333333,-0.061529131506666654,-0.18820014650000003,-0.4501085853333332,-0.04973249065666667,0.11443554188666664,-0.9095974944666665,0.05713346997333333,-0.2493174433666667,-0.8215600800333334,0.11715339565666669,0.09824840863333335,-0.9329181829,0.07347235008999999,-0.2530918261333333,-0.851416043633333,0.09590476813,0.04556716067666666,-0.9484776981999998,0.033013373950633335,-0.31050822233333336,-0.8630757768,0.04823363840666667,Donner_g_ch2_g20_compr.mp4,ch2g20
4116.666666666652,0.1474783603,0.4957262433333333,-0.1815664074666667,0.17499445245000003,0.5002282475333335,-0.17545299536666667,0.17516934764333333,0.5043508746,-0.16579524297999998,0.17388609052333331,0.5047513281000001,-0.16833646146666667,0.15961097502,0.5180216871333333,-0.18257766713333334,0.16123138890666666,0.5168452867000001,-0.1945469404333333,0.15991246924999997,0.5021906751666668,-0.17545292919333336,0.23949796213333338,0.4459496103,-0.11195450535333334,0.11793964318166665,0.43867629040000006,-0.0733899480359,0.17986101342000002,0.45995129496666665,-0.14925710180666665,0.14174981989666666,0.43926133556666674,-0.16647277074666667,0.2762063025333333,0.27906363223333336,-0.059554108256666675,0.042513595870999996,0.42110212260000013,0.05692954116666667,0.3368133875,0.3181463154666667,-0.18877588812666662,-0.07326893298333335,0.5390800896000001,-0.03788791350773333,0.34019729803333326,0.47109254433333336,-0.23544479312666666,-0.03924628817559998,0.7272691293666664,-0.07915728297533334,0.3294901877666667,0.5193141649666667,-0.24397989760666666,-0.0007204270391999998,0.7689331172,-0.1204300818933333,0.314486677,0.5348733267333332,-0.23735093440666663,0.056674379115999984,0.7948440815333334,-0.11035663238666667,0.33495217400000005,0.46768513170000003,-0.23582881367333333,-0.01668809587066666,0.7451307234333334,-0.024040062,0.0850652777366667,-0.16516672682283332,-0.002469278449133333,-0.08152711664666669,-0.14147493974599995,0.003629061951899999,0.06779691687666668,-0.5648833737333333,-0.06145970898333332,-0.18657642460000004,-0.44989494339999986,-0.049053527689999994,0.11331060158666666,-0.9102811080999998,0.05566330365333333,-0.24795116233333336,-0.8218468737333333,0.11750023932333334,0.09753913793333335,-0.9335427758333333,0.07181984136333333,-0.25138212699999996,-0.851759962433333,0.09622742099666666,0.04447242017,-0.9487119285666665,0.030834113803633333,-0.3075985769,-0.8647690056666666,0.04769699816999999,Donner_g_ch2_g20_compr.mp4,ch2g20
4133.333333333319,0.15046635270333336,0.49578359096666663,-0.18516796696666668,0.17825364908666672,0.5001515790000002,-0.17972304536666664,0.17847814650333332,0.5042265671333334,-0.17009973222,0.17716928350333333,0.5046344791666667,-0.17258839606666668,0.16313408275,0.5180646720333333,-0.18634840793333332,0.16479761488333333,0.5168604421666667,-0.19836318839999995,0.16336055696,0.5022574105333335,-0.1792021512666667,0.24347349806666674,0.44479853533333336,-0.11720034528333334,0.12278833693599998,0.4384809342,-0.07675050247333334,0.18302992193,0.45950306806666663,-0.15326525413666664,0.14502419958,0.4391134326,-0.16983340653333334,0.2786996994333333,0.2766118577666667,-0.06435549468,0.04713107469433333,0.4202382188666668,0.05519511094333333,0.3351248922333333,0.3128095927333334,-0.19507708902999996,-0.07290778124000001,0.5339956842666667,-0.03841379603833333,0.3415703943333333,0.46672642263333336,-0.24088563026,-0.036061705508933325,0.7198941234666665,-0.08119186888533335,0.3320337062,0.5154226363000001,-0.2493156939733333,0.0035121873241333347,0.760657944,-0.1222301294933333,0.3180653796,0.5308942597333333,-0.24240152253999997,0.061786861712666646,0.7860696937333335,-0.11194356778666667,0.33693757840000005,0.4633332445666667,-0.24113756940666667,-0.012916536100666669,0.7373288490333335,-0.0285537411,0.08510503800666669,-0.16565537216466664,-0.0026958112581333335,-0.08150610129000001,-0.1409720556626666,0.0037991126059,0.06515666574333334,-0.5655229862,-0.06151608380333332,-0.1852053379666667,-0.44954694666666656,-0.048436354376666664,0.11248789977666666,-0.9109498185666663,0.05411801033333333,-0.24623828976666673,-0.8221963457,0.11786878005666666,0.09716556383666668,-0.9341457682,0.07011326911333332,-0.24925079403333333,-0.8521843137333329,0.09657351337999998,0.043852720176666665,-0.9492887420333331,0.028892969121299995,-0.3046153207333333,-0.8665879427333332,0.04754901622666666,Donner_g_ch2_g20_compr.mp4,ch2g20
4149.999999999986,0.15310269829333334,0.49634991456666666,-0.187310559,0.1811756674866667,0.5005776886333335,-0.1826757437333333,0.18147802517,0.5046042817666668,-0.17304554549999998,0.18013791991000003,0.5050205821666667,-0.17550270283333336,0.16644723921666665,0.5186087789666666,-0.18869119133333334,0.16812914448666663,0.5173714149,-0.2006901944666666,0.16658091829999996,0.5028209088666667,-0.18148114133333335,0.24731306936666672,0.4439857763,-0.12196365021,0.127631760057,0.4386506544666667,-0.07866519977000001,0.18591203066333334,0.4594815468333333,-0.15600519483666667,0.14806579556000002,0.43939762356666673,-0.17167395326666665,0.2808558021,0.27451097583333334,-0.06855114703333334,0.05171578003433333,0.4194849929666668,0.05565548480333333,0.33310446663333326,0.30857093756666676,-0.19940410012999998,-0.07296066546,0.5292798005333333,-0.035228996435,0.3425497055999999,0.46398641203333335,-0.24305542905999997,-0.032933313257933326,0.7116371656666665,-0.07730599301900003,0.33422734486666666,0.5134289076333335,-0.2512583225733333,0.007788138857466666,0.7516541559333334,-0.1177084831333333,0.32127925013333325,0.5286751291333333,-0.2439116384733333,0.06682454435266665,0.7767883247666667,-0.10730223902666666,0.3385534305333334,0.4606222852333334,-0.24304095484,-0.009189994477333338,0.7287650503,-0.0930080786,0.0850627057966667,-0.16613775788849997,-0.0032021844188,-0.08141432603000001,-0.14047792625033328,0.0042353915209,0.06252002491333333,-0.5665396517,-0.06164804004333332,-0.1839734411,-0.4492079521999999,-0.04748028519666666,0.11176308569999999,-0.9117901983333331,0.05265569999666666,-0.24432096880000007,-0.822865537,0.11846191855666666,0.09685946691333334,-0.9348936614333332,0.06849696207666668,-0.24694530326666667,-0.8529885869999997,0.09717852088999997,0.04307087202,-0.9500825109666664,0.027376157511299997,-0.3017775128,-0.8687948940999999,0.048077613753333324,Donner_g_ch2_g20_compr.mp4,ch2g20
4166.666666666653,0.15560482229,0.49687937666666665,-0.18924912956666667,0.18397662434666667,0.5009602596333336,-0.1853310442333333,0.18435425473666664,0.5049356756333335,-0.17568143373333334,0.18298230322333334,0.5053593094000001,-0.17810349413333337,0.16963891880333334,0.5191189510333334,-0.1908072044,0.1713270646933333,0.517849015,-0.2027841478666666,0.1696827761633333,0.5033567725000002,-0.1835429792666667,0.2510694842000001,0.44316909136666666,-0.12653371403666666,0.13243957660666666,0.43884314766666666,-0.08036810018666668,0.18864755354,0.4594456251,-0.1584785735,0.15096668556333334,0.43967082743333347,-0.17333086976666665,0.2828254445666667,0.2723868431333334,-0.07268088128333335,0.05622328145766667,0.4186594189666668,0.05632236491333333,0.3309151716333333,0.30475853110000006,-0.20294306286333333,-0.07319817455333333,0.5233774386333333,-0.032609697885000004,0.34316284666666663,0.4623759323,-0.24376110832666664,-0.029864156514599994,0.7013208712333332,-0.07398804634200003,0.3358936697,0.5126973838000002,-0.2516810367399999,0.011984329690800002,0.7403269827333334,-0.11393457581999998,0.32399397446666656,0.527715698,-0.2437708731733333,0.07167772476599998,0.7652302091333334,-0.10338247764,0.3398073682333334,0.4590682510666667,-0.24339200830666663,-0.005474400900666668,0.7180935876666666,-0.097465083,0.08495134047666668,-0.16662164423333328,-0.0038282233468333337,-0.08126329133666668,-0.13998350309966662,0.004789800941233334,0.05980313921999999,-0.5675725495333334,-0.06180326543666665,-0.18288624393333333,-0.4488327260666666,-0.046280893340000004,0.11086447093333332,-0.9126337274666665,0.05126808045999999,-0.24212305646666674,-0.8235922070333332,0.11938879884666666,0.09630707093333335,-0.9356458541666666,0.06696334841000001,-0.2443574196,-0.853854137833333,0.09813422250999997,0.04184728756666666,-0.9509282869666665,0.02583578983463333,-0.2989501287333333,-0.8709536113999998,0.0493312477,Donner_g_ch2_g20_compr.mp4,ch2g20
4183.33333333332,0.15781493916,0.4973418789,-0.1908516277333333,0.18638576021666667,0.5012988438000002,-0.18766704959999997,0.18682566051666663,0.5052279569333334,-0.17796215306666668,0.18542397695,0.5056538060333333,-0.18035454650000002,0.17233185642,0.5195754610333334,-0.1926182056,0.17402620218999998,0.5182754266333334,-0.20460954059999995,0.17230369868999998,0.5038361587333334,-0.18531408063333335,0.2543454687333334,0.44237382433333333,-0.13050005208999998,0.13647118864,0.43900571336666666,-0.08181795038666669,0.19109506553333336,0.4593692,-0.16055059486666665,0.15350108088666667,0.43990247493333345,-0.17466184299999996,0.28456261996666665,0.2702349177666667,-0.07637139302166666,0.06008987387766667,0.4175906004000002,0.056951291269999996,0.3281839626333333,0.30104567533333343,-0.20571870669666667,-0.07388598781333333,0.51522371,-0.032454741455000005,0.3430638344,0.46110382810000006,-0.2440787980933333,-0.027256113807933333,0.6884984697000001,-0.07789467954866668,0.33668698666666663,0.5123028785333335,-0.2517383704399999,0.015760735194133332,0.7264235515333334,-0.11781550528666664,0.3259567608666666,0.5271800429666665,-0.24329356117333328,0.07588577718599998,0.7510207796333334,-0.10706142433999999,0.3403938103666667,0.45789059940000004,-0.24335585610666663,-0.0023037837273333335,0.7048426937333333,-0.130604282,0.08482827824333335,-0.16712351373089993,-0.0044421325588,-0.08110501145,-0.13947248183899996,0.0053409484979,0.05675657832333332,-0.5686826373666668,-0.06168041951999999,-0.18197299893333335,-0.4484875158333333,-0.045102803440000006,0.10959171359,-0.9135476136999998,0.05079273714333333,-0.23996465953333337,-0.8243342133333332,0.12083594300999999,0.09533257075666669,-0.9364830073666667,0.06643101709,-0.24179349846666667,-0.8547311547666663,0.0995986346133333,0.04022552661033333,-0.9518001340333332,0.02509597447463333,-0.2959493945,-0.8730427084999999,0.05087004752666666,Donner_g_ch2_g20_compr.mp4,ch2g20
4199.999999999987,0.15974654577333336,0.4977534052666667,-0.19226897753333333,0.18847571784333333,0.5016005327333335,-0.1897893181666666,0.18896443012999994,0.5054850715,-0.1800096039,0.18753845046666665,0.5059112623333334,-0.18238280166666668,0.17466009902,0.5199864907000001,-0.1942595044,0.17636220282999995,0.5186604984666667,-0.20628345113333327,0.17457286341666664,0.5042748662333335,-0.1869247014666667,0.2572208415,0.4416185897666667,-0.13397766037666667,0.13999290866,0.4391546772666666,-0.08319004086333336,0.19325707353333335,0.45925879036666667,-0.16236846969999996,0.15572248900666663,0.44011791393333344,-0.1758504341333333,0.28610101783333336,0.2680625291333334,-0.07941558526666667,0.063466588031,0.41637538883333347,0.05739334986333333,0.3248492765,0.2974717115333334,-0.20742956216333333,-0.07472414508666667,0.5061856739333332,-0.033544594131666675,0.34257811019999995,0.4599909299333334,-0.24332967549333331,-0.024988420887933332,0.6747436866333333,-0.083491966232,0.3370455791333333,0.5120055825000001,-0.2506820172066666,0.019042793187466663,0.7116033175333334,-0.12340817931999996,0.32751529219999986,0.5265844197333333,-0.2417980160733333,0.07942458016599999,0.7358676417,-0.11242390820666666,0.34060877056666666,0.4567807867666667,-0.24228320693999997,0.00041684609866666594,0.6906654607333333,-0.12971583,0.0847053608,-0.1676559983004666,-0.004988394970133333,-0.08094788541,-0.1389328584533333,0.005839463672566667,0.05368937169766666,-0.5699988559333334,-0.06125144787333332,-0.1811462259,-0.4481682882666666,-0.04404566884333334,0.10791595558,-0.9146543705999999,0.05102944519333333,-0.2378029659666667,-0.8250844549999999,0.12242015622333333,0.09382220234666669,-0.9374941405666667,0.06663464096333332,-0.2392225291,-0.855604615133333,0.10119610961666664,0.038044452027,-0.9526705724666665,0.024878197447966658,-0.2928737655,-0.8751209138333332,0.05250373937333332,Donner_g_ch2_g20_compr.mp4,ch2g20
4216.666666666654,0.16092007554000004,0.4980188446,-0.19302597043333336,0.1898045217,0.5017819295333334,-0.19124790043333328,0.19033103823333328,0.5056232529666667,-0.18138926516666665,0.18888430073333332,0.5060507153333335,-0.18375604796666664,0.17622270704333334,0.5202618999333335,-0.1951982696,0.1779317244933333,0.5189089962000002,-0.2072600215666666,0.17609372585333333,0.5045805903666668,-0.18784503989999998,0.259467651,0.4409066917333333,-0.13679689252000002,0.14297551156,0.43916175233333327,-0.08388311411000002,0.19472672266666669,0.4590652302666667,-0.1635443012333333,0.15729202732999997,0.4401800180000001,-0.17638055736666663,0.2872962757333334,0.26603143626666675,-0.08176565671333333,0.06645804233433333,0.4149936299666668,0.058198109176666665,0.32160077270000004,0.2940869187333334,-0.20825522259666668,-0.07574651176,0.496832974,-0.03398186734166668,0.34191630096666664,0.4587209496666667,-0.2416359235933333,-0.02334691331793333,0.6612240438666667,-0.08796742294866669,0.3372099349666666,0.5119342047666668,-0.2487044130733333,0.021478863457466663,0.6971621313666668,-0.1279592189533333,0.3287532468666665,0.5264390042666667,-0.23944567803999997,0.08207545615666664,0.7212353947999999,-0.11684331894,0.34059931033333335,0.45557380463333336,-0.2402993681733333,0.002415794908666667,0.6768284133333334,-0.125298917,0.08458321176,-0.16820808103936657,-0.0055257687888,-0.08079361293999998,-0.13837315444666662,0.006329739770233333,0.05054556411499999,-0.5714202757000001,-0.060881999039999996,-0.18065396653333332,-0.4479652709,-0.04323027482,0.10629137958333333,-0.9160488544666665,0.05109468048999999,-0.23561137073333338,-0.8259527079333333,0.12430840430333333,0.09235068387000002,-0.9388329523000001,0.06663192820666668,-0.23660310413333333,-0.8566069963666663,0.1031520387633333,0.03539504462700001,-0.9537462475666665,0.024321066624633327,-0.2898042832666667,-0.8773420392,0.05462602080333333,Donner_g_ch2_g20_compr.mp4,ch2g20
4233.333333333321,0.1612522715966667,0.49801622996666667,-0.19360718076666666,0.1903075747,0.5017069409333335,-0.19253406486666663,0.19085860589999995,0.5055103160666666,-0.18259373296666664,0.18939459026666666,0.5059450581666667,-0.18495579163333334,0.17688326783333333,0.5202542646000001,-0.19594512373333334,0.17860242626666664,0.5188865272333334,-0.2080540572666666,0.17673372029999998,0.5046085310333335,-0.18857942526666666,0.26102556243333336,0.44016574839999995,-0.13937997726,0.14513779980333336,0.43894046213333326,-0.08432805682333336,0.19544849393333336,0.4586817302666667,-0.16452678496666664,0.15809458449999997,0.44000518563333335,-0.17671572319999998,0.2881618037,0.2641516104,-0.08387206853,0.06890242018766667,0.41328249583333343,0.059128742819999996,0.31791276360000004,0.2907461231000001,-0.20885978706333333,-0.07683727849333336,0.48634419366666665,-0.03458995467166667,0.3403614442666667,0.45578810113333335,-0.24042165329333332,-0.023093504044599995,0.6474986180666668,-0.09293461575200002,0.33642690276666665,0.5091266650666668,-0.24747273127333333,0.02195683618413333,0.6827553859000002,-0.13340309345333332,0.32905942996666654,0.5235414893666667,-0.23816834057333333,0.08270101720999998,0.7069164795999999,-0.12248925220666668,0.3396790811666667,0.4525872126,-0.23900101060666665,0.002838904438666666,0.6629465432000001,-0.129214704,0.08447557173333332,-0.16875746232066657,-0.0060559773751666665,-0.08065770168333332,-0.13781594428866661,0.006816061345233333,0.047432944572333324,-0.5728383834333334,-0.06061840681,-0.18042984163333334,-0.4479361520333333,-0.04250651387333333,0.10472604040000001,-0.9173752425666666,0.05108666316666666,-0.23333196046666668,-0.8268442225666667,0.12644387306666666,0.09093538451333336,-0.9401215073666668,0.06656460327000001,-0.23390944056666663,-0.8576204143999996,0.10534592256333329,0.032789794187,-0.9547414166666665,0.023635588904633326,-0.28673584063333335,-0.8795832116000001,0.05700623325999999,Donner_g_ch2_g20_compr.mp4,ch2g20
4249.999999999988,0.1606683278866667,0.49796644419999997,-0.19401508516666668,0.1897630808,0.5016309728666667,-0.19363759916666667,0.19034010779999996,0.5053971904333333,-0.18361835616666664,0.18886732336666667,0.5058339888666668,-0.18598083806666665,0.17647497426666664,0.5201993985333334,-0.196527404,0.1782112951333333,0.5188213168666668,-0.20869166156666663,0.17630561166666664,0.5046014182000002,-0.18915869349999995,0.26134623293333337,0.4397248190666666,-0.14170804851666668,0.14607583684,0.43870468799999995,-0.08469602908000003,0.19527095203333336,0.4583780863333334,-0.16532959693333332,0.15802228406666666,0.4397986297333334,-0.17693803513333334,0.2883416915,0.26267834053333333,-0.08571550844333334,0.07060041678766667,0.4115011216333334,0.06007366990666666,0.31339326920000005,0.28730472276666674,-0.20962054399666666,-0.07790845689333334,0.47552895149999996,-0.03521296675833334,0.3377229392333333,0.4519593153,-0.24009976636,-0.024093704131266665,0.6344095463666668,-0.09902280589533335,0.3344769875,0.5052598594333334,-0.2473078126733333,0.020688239290999996,0.6691794187666669,-0.14022511425666664,0.3282643030333332,0.5196648191666667,-0.2382069171733333,0.08135510195666666,0.6936167243666665,-0.12960098262666667,0.3376890196666667,0.4487520173000001,-0.23877201500666664,0.001813541195333333,0.6498605593666668,-0.122562319,0.08436155847666665,-0.1692737824916666,-0.006588062063166667,-0.08051870638333332,-0.13729412043233327,0.007322542413900001,0.04439310225466666,-0.5740126048666667,-0.06035269426999999,-0.1802570894666667,-0.4479271885,-0.04178760623666666,0.10319466072333333,-0.9183014490666667,0.05104131160666666,-0.2310433865,-0.8276201438999999,0.12835355573333332,0.08957656500666668,-0.9410312431333334,0.06645311799666667,-0.23120728983333327,-0.858504255933333,0.10721586472999997,0.03042621608033334,-0.9551949324999996,0.022866647014633326,-0.2837115456666666,-0.8815506258333333,0.05915223857999999,Donner_g_ch2_g20_compr.mp4,ch2g20
4266.666666666655,0.15860354899666668,0.49769274763333327,-0.19446648106666667,0.18780672770333334,0.5013844977,-0.19483241436666665,0.18840585758999995,0.5051147757,-0.1847392597666666,0.18691873326999997,0.5055589511666668,-0.187102219,0.17459360083666664,0.5199236436333333,-0.19713037846666667,0.17635123879999998,0.5185499508333333,-0.209369498,0.174417355,0.5043894044666668,-0.1897741516666666,0.26059503710000004,0.4393506569,-0.1441889579833333,0.14585148570333334,0.43830646339999996,-0.08500428667000003,0.1937862289,0.4579470732333334,-0.1662178812333333,0.15662506476999996,0.43938613383333336,-0.17719380213333336,0.2877838352333333,0.26140772446666666,-0.08767582331666667,0.07158968093666666,0.40959300606666676,0.06088568544,0.30766977633333337,0.2824046318666667,-0.21168109346333333,-0.07909576056,0.46439289486666663,-0.03665214006000001,0.3337938522,0.4464540197,-0.24284213012666667,-0.026013371551266665,0.6217448676666668,-0.10676050341433334,0.3312865128,0.4996449111666667,-0.2502209755333333,0.01837465029433333,0.6562424412000002,-0.14872931859,0.32629929089999987,0.5140765698,-0.2411917692733333,0.07891949491333333,0.6810436757333332,-0.13830978226,0.3344559529666667,0.4432537141666667,-0.24151249474999997,-0.00018137659466666651,0.6372487410333333,-0.119170383,0.08425000167999999,-0.16975490013199995,-0.007161885057833334,-0.08038204584666665,-0.1368066770476666,0.007888548633566667,0.041607664233666665,-0.5748948221333334,-0.06033153759999999,-0.18020621593333333,-0.4478975510666667,-0.04119917241999999,0.10172710098666668,-0.9189595598666668,0.05059983304333333,-0.2286567475,-0.8282550247666668,0.13016336236666665,0.08828756117,-0.9416855054333334,0.06595202671666667,-0.22838240119999995,-0.8592113815666664,0.1089986987733333,0.028384724337,-0.955217014033333,0.021714314656299995,-0.2807248582666666,-0.8832283018666668,0.061060901123333323,Donner_g_ch2_g20_compr.mp4,ch2g20
4283.333333333322,0.1549199122866667,0.4973375635666666,-0.19478399996666665,0.18419065001,0.5011144926333333,-0.19592034766666666,0.18481909668999993,0.5048115569333332,-0.18576308826666663,0.18333293820333332,0.5052648857000002,-0.18811263596666664,0.17103719854999996,0.5195934140333333,-0.19757759606666667,0.17280893512666662,0.5182296613000001,-0.20988503743333334,0.17087057143666667,0.5041311474666668,-0.19023326143333327,0.25846305096666666,0.4391431393333333,-0.14659593039333332,0.14411775447,0.4378613180333333,-0.0850457751066667,0.19086212860333332,0.4575023490666667,-0.16698558706666666,0.15375884626666664,0.4389089609000001,-0.17727455303333337,0.2864464128,0.26038469220000005,-0.08956380764333333,0.07170984579333332,0.40764288116666675,0.062033476203333326,0.3011997224333334,0.27692028533333335,-0.21373642503,-0.08036145499333333,0.45336992776666657,-0.037226871203333345,0.3282201225333334,0.4398507984333333,-0.24522705552666668,-0.028958931597933328,0.6102012847666668,-0.11378304242766668,0.3262882292333333,0.49289332020000004,-0.2526558156,0.014848253867666665,0.6448130564333334,-0.15701905559666668,0.32251411083333326,0.5073938738333333,-0.24366040913666664,0.07503283336,0.6702594485333332,-0.14657334915666667,0.3295271937333334,0.4366816384666667,-0.24384108084999997,-0.003348310048,0.6259652831,-0.114683986,0.08413875710999999,-0.1701948562333333,-0.007772734458166668,-0.08024624212666666,-0.1363590443946666,0.0085048344829,0.038992656008333335,-0.5754562502,-0.06031307058999999,-0.18028387780000002,-0.44779987196666665,-0.04084324539666666,0.10012903640000001,-0.9192899623333334,0.050324795853333326,-0.22652222373333333,-0.8284670722666667,0.1317593671333333,0.08680988577000001,-0.9420183715333333,0.06565958695666667,-0.22585491046666661,-0.8594471715999997,0.11055509450666665,0.026282752693666672,-0.9547906713666664,0.02080047555296666,-0.2779864515333333,-0.8842834372,0.06268522703666665,Donner_g_ch2_g20_compr.mp4,ch2g20
4299.999999999989,0.15009933870000003,0.4970542428333333,-0.19503711109999997,0.17953444146333336,0.500998649,-0.19698395626666668,0.18018451208999994,0.5046674289333333,-0.18675727633333328,0.1787004886933333,0.5051228319333334,-0.18909442726666664,0.16642715888999998,0.5193756703,-0.19796782170000002,0.16820759266333332,0.5180270949000001,-0.21034015116666668,0.16626742491666666,0.5039976469666667,-0.1906329393666666,0.2553901846666667,0.4392695568,-0.14899859486999997,0.14153863504666667,0.4375942971666666,-0.0849917579,0.18683587631333332,0.45725051746666673,-0.16770612103333332,0.1498260782933333,0.43853274433333345,-0.17726403333333335,0.28425943493333333,0.2597940151333334,-0.09153192929666666,0.071056289027,0.4057855090333334,0.06332226075333333,0.2938233034333334,0.27061356156666666,-0.21604215646666672,-0.08162085119333333,0.4430751019333333,-0.037897947931666676,0.32131738860000003,0.43170742309999993,-0.24864397200666669,-0.032097092258266666,0.5997154230666668,-0.12088240822000001,0.3199064076,0.4844632843000001,-0.25612314097666666,0.011033880581000003,0.6344626331333334,-0.16502256030333334,0.3171404202999999,0.49913666160000003,-0.2472547896266666,0.07077482803333333,0.6604601985666665,-0.15470338695333333,0.32319947376666674,0.42859718830000004,-0.2472217204533333,-0.006758554161333333,0.6156922967333334,-0.114145651,0.0840364137,-0.1705422439473333,-0.0084593466135,-0.08011859108333333,-0.13600005309999993,0.009202897634566666,0.036436535621666676,-0.5755749896,-0.06046506814666666,-0.18050319806666668,-0.44765108286666666,-0.040454155589999985,0.09836218237000001,-0.9192371506333334,0.04981049419666666,-0.22447425483333333,-0.8285483789666668,0.13328179966666664,0.08509517874333335,-0.9420026935,0.06511874310333333,-0.22344295636666664,-0.8595309633333331,0.11200919874666666,0.023674094320333336,-0.9537621274666666,0.01959697940296666,-0.2754173845999999,-0.8850122569666667,0.06418470754333332,Donner_g_ch2_g20_compr.mp4,ch2g20
4316.666666666656,0.14428925802933334,0.4970057684,-0.19497435139999997,0.17395315083,0.5011874467,-0.19769219356666665,0.1746363959033333,0.5048357127333333,-0.18741681266666663,0.17315715851999997,0.5052995875000001,-0.18971970036666666,0.1608844553433333,0.5194019738333333,-0.19795956150000002,0.16267335554999998,0.5180827841000001,-0.2103791634,0.16076489434333333,0.5041135025000001,-0.19062912316666658,0.25164993506666666,0.43979885996666673,-0.15100403759,0.13822023026999997,0.43754547469999994,-0.08436409938333335,0.18190240434666666,0.45730244306666673,-0.16812356863333333,0.14498659693666663,0.43837548343333343,-0.17690417626666666,0.28142195880000004,0.25937390173333336,-0.09328638654999999,0.06980377125433333,0.4041778068333334,0.06534355085666665,0.2858322746000001,0.2635111813666666,-0.21811812940000003,-0.08290077475999999,0.4337401602333333,-0.03694866445833335,0.3135070964666667,0.4226343385,-0.25164867021000004,-0.03563547002393332,0.5906795466999999,-0.12529524852333335,0.31264363576666665,0.4752283512333334,-0.25913832412666665,0.006792613484333339,0.6258398497333334,-0.17008157256999998,0.3110047777666666,0.49006452273333334,-0.25032572250999996,0.06594885515,0.6525736616666665,-0.15998919491999997,0.31599629716666666,0.4196089410000001,-0.2501530428733333,-0.010638233218,0.6069985321333333,-0.0990608484,0.08393498596666667,-0.170808110204,-0.009301578222833335,-0.07999324919666667,-0.13571969514999993,0.010067102358566666,0.03403382449166667,-0.5755913103666667,-0.060665159659999995,-0.18095441613333335,-0.44738461036666666,-0.040089012443333315,0.09657628292666666,-0.9190144498,0.04934623113333333,-0.22265787929999997,-0.8284914346666666,0.13418904296666664,0.08332035134,-0.9418461180666667,0.06464556020666666,-0.2213189582333333,-0.8594685989999998,0.11280293691333333,0.021014411017000002,-0.9525702332666666,0.018459267456633326,-0.2733102595666666,-0.8854674794999999,0.06517227628666666,Donner_g_ch2_g20_compr.mp4,ch2g20
4333.333333333323,0.13752286842600003,0.4972812869,-0.1947558532,0.1674423601933333,0.5017428408,-0.19825039153333335,0.1681545041366666,0.5053705251333332,-0.18792752316666664,0.16667681233333329,0.5058441812333334,-0.19018296206666663,0.15435466468433331,0.5197932725666666,-0.19776364600000004,0.1561476861753333,0.5185084983666667,-0.21022856580000002,0.154289282398,0.5045946152999999,-0.1904392237666666,0.2471223364333333,0.4407774053000001,-0.15282045065333333,0.13399953106666662,0.43791038226666656,-0.08345002428333334,0.17606940253333334,0.4577440638333334,-0.16838145606666668,0.13923618423,0.4385765358666668,-0.17634896843333334,0.27803744413333337,0.25921059593333334,-0.09493785715999999,0.06780630207766668,0.4028888782333334,0.06773534668999999,0.2774770636333334,0.2556549057333333,-0.2201213272666667,-0.08425548329333331,0.42472934383333333,-0.03560224144733335,0.30501130820000005,0.4124189209333333,-0.25434125116333334,-0.03930760161093333,0.5817443484999998,-0.12970530252333337,0.3045913209666666,0.46473907420000005,-0.26178212142999996,0.002380051871000003,0.6172797187333333,-0.17513701873666665,0.30400167306666664,0.4797608962666667,-0.2530485500933333,0.060866263420000004,0.6445834047,-0.16525678917666664,0.30809513873333333,0.4094893955333334,-0.25274493490666666,-0.014690780321333332,0.5982990713,-0.080538,0.08384071898666667,-0.171002372234,-0.010234434015866668,-0.07987522380666666,-0.1355018970166666,0.01102927671623333,0.03165322066166666,-0.5755327786,-0.06098168056333333,-0.18157392446666668,-0.4470014170666667,-0.039703847849999994,0.09479740513666667,-0.9187052248666666,0.04896258235999999,-0.22073933146666666,-0.8283070874333334,0.1350739198333333,0.08155687007000001,-0.9416280662666668,0.06428137036333334,-0.21909615896666665,-0.8592535990999999,0.11355845958,0.017940852680333335,-0.9512677823666665,0.01736496262663333,-0.27124234746666664,-0.8855805415666665,0.06607801033999998,Donner_g_ch2_g20_compr.mp4,ch2g20
4349.99999999999,0.130094837196,0.497935279,-0.1945978994,0.160320928207,0.5026868730666666,-0.19884315126666668,0.16105041986899998,0.5062946832333333,-0.18847360403333327,0.15957034353299998,0.5067744090666668,-0.19068377519999996,0.14716876345766663,0.5205907032333333,-0.19763342970000003,0.14897270028499998,0.5193532452000001,-0.21014722333333336,0.14719666197133333,0.5054956607,-0.1903174494666666,0.2418883487,0.44213820116666674,-0.15456832482333333,0.12907680677399996,0.4387148005999999,-0.08263175346666667,0.16953034863000002,0.45859767190000006,-0.1686771418,0.13280093959733336,0.43922031770000014,-0.1758684661,0.27414173123333335,0.2591889763333334,-0.09650827774666665,0.06494116522766667,0.4020279944666667,0.06998719674333333,0.26872593650000004,0.24752931443333337,-0.22195898140000003,-0.08580358877333331,0.4156897610333333,-0.034677666793333346,0.29604235116666666,0.401684337,-0.25690731755,-0.043083545038266655,0.5726645901666665,-0.1343829983066667,0.29598899259999994,0.4536001403,-0.26425851809999995,-0.002125227168999998,0.6085607015999999,-0.18056253600333333,0.29651254613333333,0.46872764336666667,-0.25546674877000003,0.05564762939666666,0.6365512675666667,-0.17091029643,0.29973559973333336,0.3988090081333334,-0.25518565692999995,-0.018880512547999998,0.5894660692666667,-0.0541448221,0.08376177636,-0.17114844468666668,-0.011225385454766668,-0.07977320275666668,-0.1353312732866666,0.012056409153566665,0.029500133004999998,-0.5754005238333334,-0.061254929116666655,-0.1824667623,-0.4466083959666667,-0.03890203809666667,0.09331093333333333,-0.9181491155333333,0.049422033836666664,-0.21884901536666665,-0.8278407426666669,0.13642955419999997,0.08000825098666668,-0.9412067885666667,0.06482868678666667,-0.2169127102,-0.8587042541333332,0.11480555441333334,0.015044469400333334,-0.9499739463333332,0.017142541683299997,-0.26935769280000005,-0.8853812673333332,0.06774166166666666,Donner_g_ch2_g20_compr.mp4,ch2g20
4366.666666666657,0.122016295216,0.4986302175000001,-0.19421918043333333,0.152541539027,0.5036821991,-0.19922233070000003,0.15328090380233333,0.5072621242333333,-0.18881435433333327,0.15178980361966665,0.5077465290333335,-0.1909793397333333,0.1393240068976667,0.5214531806,-0.1972588597,0.14114749251166667,0.5202677552666668,-0.20983178710000003,0.13947857450133333,0.5064750246333334,-0.18996109909999995,0.23600196683333333,0.44352840996666676,-0.1562997950666667,0.12368661998059997,0.4396072589666666,-0.08162500171333333,0.16235083112500004,0.4595311978333334,-0.168796061,0.1257974086806667,0.4399488235333334,-0.17518965910000003,0.2697818759666667,0.2591407661,-0.09809283754999998,0.06154527591433334,0.4011496107333334,0.07219984656333332,0.25935480558,0.23895737470000003,-0.22398527036666668,-0.0876583484733333,0.40622073853333335,-0.03454645776966668,0.286611068,0.39055776340000004,-0.2601930246,-0.047040094811933324,0.5628974571666665,-0.14041943367333337,0.28696596076666664,0.44206787140000003,-0.26755204899999996,-0.006790558338999998,0.5990585271333332,-0.18727635564666664,0.28860831433333334,0.4572461002666667,-0.25880139145666664,0.050217943290000004,0.6276930919,-0.17781037213999998,0.2909615705333333,0.3877403977666667,-0.25836940824999993,-0.023270284181333332,0.5799042425000001,-0.050156191,0.08372042911333331,-0.17125073659666668,-0.012266816213766667,-0.07970813385666668,-0.13519808490666663,0.0131417831779,0.027508124668333328,-0.5753289317,-0.061581417406666665,-0.18360100389999998,-0.44617419599999997,-0.038317534026666676,0.09204534186666666,-0.9173460025333332,0.05024802047666666,-0.21697765749999998,-0.8273770781333334,0.13775065813333331,0.07863119754666667,-0.9405522196333334,0.06582907747333333,-0.21473636479999997,-0.8581597438666665,0.11601756044666668,0.012287800523666665,-0.9486370217,0.017546558853299993,-0.2677604452666667,-0.8851303992999998,0.06936826347666666,Donner_g_ch2_g20_compr.mp4,ch2g20
4383.333333333324,0.11311169308266666,0.4992702979000001,-0.19361796726666666,0.14394822625366663,0.5046360323666665,-0.19937269483333336,0.14470479964566665,0.5081772045666666,-0.18892582596666663,0.14319518549966667,0.5086664095000001,-0.19105586713333333,0.13068181236433338,0.5222839581,-0.19665810400000003,0.13252145703833335,0.5211509510666668,-0.20929200543333337,0.13098283142466666,0.5074342044333333,-0.18937992899999995,0.22934773359666666,0.4448781131,-0.15777735313333333,0.11767891528393332,0.44052113923333325,-0.08042735453333331,0.15435474353500003,0.4604590653333334,-0.16870276483333335,0.11803375283733333,0.4406750743333334,-0.17430125633333335,0.26484147446666667,0.2591090951666667,-0.09943980864666664,0.05749767014766667,0.4002485693,0.07464802490666667,0.24963939328,0.23046304520000005,-0.22571174473333333,-0.09005553676666664,0.39652919416666665,-0.03404749506366669,0.27674391345666666,0.3795072583333333,-0.26356021366666665,-0.05147933135993332,0.5530873203999999,-0.14608653216000006,0.2774454114466667,0.4305098453333333,-0.2709768181333333,-0.011900151672333333,0.5893677039999998,-0.19357350614,0.2802167167,0.44558164016666674,-0.2624080114,0.044228099050000004,0.6185267200666668,-0.18430966023666664,0.28177920949999996,0.37669331263333333,-0.2616950586,-0.02818536315133333,0.5701963366666667,-0.117661275,0.08368503264666666,-0.17130345355333335,-0.013354269670433336,-0.07965123998333336,-0.13511193396666663,0.014277819298566665,0.025596239511666664,-0.5752903565666666,-0.062146150180000005,-0.18485560616666666,-0.4457673347,-0.03781229109333334,0.09078681288,-0.9164490757999999,0.050947443729999986,-0.21508595259999996,-0.8270442720333334,0.13897427393333334,0.07725309196000002,-0.9398190269000002,0.06668749562,-0.21255416473333333,-0.8577379416666665,0.11712686051333335,0.009618195283666668,-0.9472320646999999,0.017903334996633328,-0.2663998450666667,-0.8849067686333332,0.07097247817,Donner_g_ch2_g20_compr.mp4,ch2g20
4399.999999999991,0.10328001181599998,0.4997416752666668,-0.19261761056666665,0.13445275286366665,0.5054637819333332,-0.1991260746666667,0.135236173289,0.5089523768666666,-0.18863976239999997,0.13370466362966665,0.5094481145000002,-0.19074241923333338,0.12122777736100004,0.5229892996,-0.19565246583333337,0.12307728682833334,0.5219077611666667,-0.20832962440000005,0.12169564893466663,0.5082729769000001,-0.18838046939999997,0.2219535139,0.44622231506666665,-0.15888262366666667,0.11125072092393333,0.4414156239666666,-0.07891430862999997,0.14547561047500004,0.4613277056666667,-0.1682490503,0.10950789127400001,0.44130247680000007,-0.17303478903333336,0.2592909007,0.2591338559333333,-0.10042707911999998,0.05292651220433334,0.39936510563333333,0.07752988612333334,0.23938282793333335,0.22196516830000004,-0.22654421299999997,-0.09296844805666665,0.38677204889999994,-0.03204242061033335,0.2664878204633333,0.36904685973333334,-0.2650859803,-0.05613459769199999,0.5431396191,-0.14907966308333334,0.26753569695333335,0.4196974634333333,-0.2723667135333333,-0.017072396875666664,0.5795836849999999,-0.1969085017733333,0.27156603383999994,0.43466515503333336,-0.2640460210333333,0.03813140793000001,0.6092021237666667,-0.18785811100333333,0.27228558134666664,0.3662769122333333,-0.2632013678,-0.033298092184666665,0.5603223183666667,-0.0102507733,0.08363831353333334,-0.17127978402,-0.014500304426433333,-0.07959054333000001,-0.1351059869733333,0.015475112455099999,0.02388742050833333,-0.5752183988666666,-0.06295003529333333,-0.18616716216666665,-0.445329326,-0.03741779589000001,0.08967445833333333,-0.9154019870999999,0.05160209209999999,-0.21325588436666662,-0.8267848428,0.13993516786666665,0.07597093018666667,-0.9389521369333335,0.06752435824666667,-0.21052431913333333,-0.8574012389999999,0.11797566369666668,0.006990672660333335,-0.9456981013999999,0.01838331741663333,-0.2654858148,-0.8844092384666664,0.07261124678333333,Donner_g_ch2_g20_compr.mp4,ch2g20
4416.666666666658,0.09282132484933332,0.5000926353666668,-0.19108250436666666,0.12430230017033331,0.5061959996333333,-0.19836616560000003,0.125110462979,0.5096203522333332,-0.18783391506666666,0.12355029141299999,0.5101234490333334,-0.18992283150000006,0.11118498031433337,0.5236041513,-0.19416613463333335,0.11305010770833333,0.5225719059333334,-0.20686975166666674,0.11184089935466662,0.5090286267,-0.18688578209999995,0.21381325826,0.4475399670666667,-0.15976893753333332,0.10450946787393332,0.4422719440333333,-0.07708249373666665,0.13593507509833336,0.4621589142666667,-0.1672952264666667,0.10047026698066669,0.44186087496666676,-0.17130091723333332,0.2530177959666666,0.2592337374333334,-0.10135861949999998,0.047981449854333336,0.398453389,0.08080863928666668,0.22839728410333335,0.2140796784333334,-0.2266135277333333,-0.09636952210666665,0.37648598593333327,-0.029540211383666668,0.25555681105,0.35865197460000003,-0.26489757943333336,-0.06094931644099999,0.5315746163000001,-0.15192402654,0.25695043159000003,0.4090256054333334,-0.2720015367333334,-0.022473817962333328,0.5680384103333332,-0.20010129113999997,0.26230708977999995,0.4241263716,-0.26389703476666665,0.03182229776333334,0.5983072629333334,-0.1912191821366667,0.26217513141333326,0.3558036311,-0.2629578455666666,-0.03857565527133333,0.5489147125666668,-0.0141476057,0.08356349455333333,-0.17119463794666664,-0.0157144141991,-0.07951149912666668,-0.13516222774333328,0.016741453749399997,0.022330268131666667,-0.5748624965333332,-0.06401589791000001,-0.18749151279999998,-0.4446273799666667,-0.03743453697,0.08845143633666665,-0.9140455066,0.05186820945333332,-0.21133233219999997,-0.8260977112,0.1401750942,0.07448894873333334,-0.9378056714000002,0.06797528079666668,-0.20840917530000003,-0.8566087038666667,0.11808998564,0.003880520300333333,-0.9440866202999997,0.0187221612533,-0.26463039176666664,-0.8834908957666664,0.07370622943333334,Donner_g_ch2_g20_compr.mp4,ch2g20
4433.333333333325,0.08177755621599998,0.5000917333333335,-0.1893547266666666,0.11348172462366667,0.5065994555333333,-0.1974915692666667,0.1143097501456667,0.5099504487333333,-0.18689497550000003,0.11271703397966666,0.5104610561333335,-0.18898429030000002,0.10045086774766668,0.5238724258333334,-0.19255369590000002,0.10233193817500001,0.5228844488666667,-0.20528050160000008,0.10130031488799997,0.5094394576666667,-0.18524853689999995,0.20492419045666668,0.44888400806666673,-0.16063140433333334,0.09700156920059999,0.44295379333333323,-0.0752755231733333,0.12580048629833337,0.4628173866333334,-0.16617726533333335,0.09086036234066668,0.44218046910000014,-0.16940491833333332,0.24598770079999996,0.2595737928666667,-0.10219966464333331,0.04249609300766667,0.39751102963333335,0.08430511877,0.21643467920666667,0.20713228623333338,-0.22602663059999997,-0.10040238825999998,0.3659461427333333,-0.026668380653333334,0.2438681365633333,0.3495067644333334,-0.26355089740000004,-0.06610553288099999,0.5193087513,-0.15397900344,0.24558594011,0.3994932730000001,-0.2703580573666667,-0.027865952902333332,0.5557236061333333,-0.20240909357333328,0.25239417649,0.41435258873333336,-0.2625011367,0.02536102810666668,0.5867417167666666,-0.1936296128366667,0.2513656188599999,0.3465673301,-0.2615694656333333,-0.04417703801133333,0.5368563293333335,-0.205832496,0.08341418789666666,-0.17105229453999998,-0.017021388007433334,-0.07937651695666666,-0.1352794476666666,0.018102815263299998,0.020636115097333332,-0.5744341447999999,-0.06523801453666667,-0.18901839006666668,-0.4434815075,-0.037331497426666665,0.0868591006,-0.9125126579333332,0.05142657988999999,-0.2094175424333333,-0.8247223062,0.14054904133333332,0.07257908416333332,-0.9365310678,0.06766483174333333,-0.20631713673333335,-0.8551065476,0.11834826300666666,7.133196999999291e-06,-0.9425184975999998,0.018294697913300004,-0.26412799116666663,-0.8819241240999997,0.07535598255999999,Donner_g_ch2_g20_compr.mp4,ch2g20
4449.999999999992,0.07015238154933331,0.4999420303000001,-0.18774693459999997,0.10195812942366667,0.5068808580333333,-0.19673306590000003,0.10282009927900004,0.5101486290333332,-0.18606699133333335,0.10118686361299999,0.5106653053666668,-0.18816935273333335,0.08903689071433334,0.5239869939000001,-0.19108986793333335,0.09093333564166667,0.5230314046333334,-0.20383597906666676,0.09009136712133331,0.5096961073333334,-0.18374998076666663,0.19526860418,0.45030032030000006,-0.16158544076666667,0.08877716212393333,0.4434849561333333,-0.07364427133999997,0.115090564025,0.4634246665666667,-0.1651549562666667,0.08071316577400002,0.4423860932000001,-0.16762514299999998,0.2383371228733333,0.26026761776666674,-0.10308118553666665,0.03641493334766667,0.39650681456666664,0.08767791799,0.20404142909466666,0.20129701136666672,-0.22524565329999996,-0.10527860799,0.35451706336666666,-0.023769274471666667,0.23162401058666662,0.34188159586666667,-0.26170037583333333,-0.07146333186766665,0.5053014909,-0.15506544114,0.2336432608596667,0.3915372231666668,-0.2681813563333334,-0.03307428827233333,0.5414582985000002,-0.20353473323999996,0.24188484944666663,0.4060402918666667,-0.26050378506666666,0.018921562563333345,0.5732740413333333,-0.19479181747000002,0.2400021499233333,0.33888048760000006,-0.2596615741333333,-0.049948313009,0.5229844251000001,-0.252546132,0.08319167531333332,-0.17085165733666663,-0.0183486010751,-0.07918578903666666,-0.13545750297666664,0.019484206933299997,0.01885799426493333,-0.5737215394999998,-0.06655596748333334,-0.19068324960000002,-0.4419676220333333,-0.03764972377,0.08494506930333333,-0.9108107000333333,0.050778450283333325,-0.20756508619999994,-0.8229921423000001,0.14015679683333332,0.07034804766333332,-0.9351470320333333,0.06714772320333334,-0.20432326303333334,-0.8532654991999999,0.1178685611,-0.004049119343000001,-0.9411759705333332,0.017776414416633336,-0.2638736462333333,-0.880117517233333,0.07644660878666666,Donner_g_ch2_g20_compr.mp4,ch2g20
4466.666666666659,0.058182973649333336,0.49945072500000015,-0.18616829266666665,0.089993244557,0.5068495636,-0.19592224603333336,0.0908791287456667,0.5100348020333333,-0.18518403296666666,0.08920729161299998,0.5105495948666667,-0.1873031402666667,0.07709983174766667,0.5237575676666668,-0.18964724330000002,0.07901041240833334,0.5228345106333334,-0.2024134441666667,0.0783657253213333,0.5096164218333333,-0.18227227036666666,0.18501387228333332,0.4517178677666667,-0.1621803721,0.07973067609059999,0.4437585136333332,-0.07202103930666665,0.10401274352833333,0.4638048309666667,-0.16405040769999998,0.07016291044066668,0.4423101509000001,-0.165863486,0.23037921287999996,0.26121520170000007,-0.10346862193666663,0.029439207294333337,0.39533338986666666,0.09089282736000001,0.19136671121016663,0.19623518126666675,-0.22367173156666662,-0.11097735742666666,0.3419398276666667,-0.02127004235633333,0.2188640068173333,0.3355967112666667,-0.25917516346666664,-0.07697802458433332,0.49014403273333335,-0.15658838377333334,0.22109585147333335,0.38514076660000013,-0.2653613563000001,-0.038258682424,0.5261592008000001,-0.20508274730666665,0.23071737873333334,0.39935107400000003,-0.2578114571666667,0.012518635996666676,0.5588321239999999,-0.19625375250333335,0.22810061701999998,0.3326268577,-0.2570586318333333,-0.05582493336,0.5080375849000001,-0.232985258,0.08295651959,-0.17061541619133327,-0.0196469726233,-0.07899076164333332,-0.13566954885666666,0.020843039718266662,0.017155663976266663,-0.5729086771666665,-0.06792205748333334,-0.19282346813333331,-0.44025843153333327,-0.03806249090333333,0.08279594809666668,-0.9090189685,0.05008121675666666,-0.20624194203333326,-0.8209113978000001,0.13990283436666665,0.06780622565333332,-0.9337021895999998,0.06659226317333332,-0.2029254462,-0.8510620982666667,0.11756076917000001,-0.008454506459666665,-0.9398849537999999,0.017194998116633334,-0.2641984468333334,-0.8779970223999995,0.07753538522666667,Donner_g_ch2_g20_compr.mp4,ch2g20
4483.333333333326,0.046192583916,0.4987065583333335,-0.18495399356666664,0.07794178989033333,0.5066215321333333,-0.19529650006666668,0.07884867477900001,0.5097184583,-0.18448031373333335,0.07713285534633332,0.5102188149333335,-0.1866243829333334,0.06498732351433334,0.5232599741666667,-0.18856675113333335,0.066920411375,0.5223738402666667,-0.20134878153333333,0.0664774309213333,0.5092949163666666,-0.18114961889999998,0.17432095772,0.4532529019666667,-0.1624324461,0.06989389852393334,0.44379928123333323,-0.07078205890999997,0.09283043606166666,0.46405236506666664,-0.1630947734,0.05945469460733334,0.44202446520000005,-0.16448938236666666,0.22226092243333329,0.26272836196666677,-0.10341820113666664,0.021387689687666665,0.3939725483,0.09373859121333333,0.17913711093216664,0.19244843460000008,-0.2212819995666666,-0.11766062837333333,0.32855834253333344,-0.019684672862999995,0.20601145330399998,0.3313504391666666,-0.25564307566666666,-0.08247859861433333,0.47407666096666673,-0.15962714950666668,0.20814177578333334,0.3810768444333335,-0.26160591303333336,-0.04312713162733333,0.5100734052000001,-0.20843367027333332,0.21903805082676667,0.39508226873333335,-0.2540471528666667,0.0065176878000000014,0.5437460631666666,-0.19936330050333337,0.2159482516853333,0.3284762703666667,-0.25339804336666666,-0.06156829257,0.49226403523333345,-0.244766235,0.08273623461333333,-0.17032473787333327,-0.02090223848066667,-0.07882552192333332,-0.13593612795999999,0.022164293638666663,0.015568624593933334,-0.5721297755999998,-0.06928352045666668,-0.195194376,-0.43858781466666663,-0.0393537509,0.08058400445000001,-0.9071730205999999,0.05016432773666666,-0.20524344303333325,-0.8189549607666667,0.1386816280633333,0.06520637845999999,-0.9322259156666666,0.06694782226333332,-0.2018851728,-0.8490083506999999,0.11631201957333333,-0.012771481636333333,-0.9388206830666667,0.0176871237433,-0.2650908724,-0.875993910933333,0.077453838,Donner_g_ch2_g20_compr.mp4,ch2g20
4499.999999999993,0.03373333761600001,0.4980138669333335,-0.18367077859999995,0.06534804669033333,0.5064527297999999,-0.19454366856666672,0.06627768317900003,0.5094595496333333,-0.18364979553333333,0.06451021281299998,0.5099379051666668,-0.1858167161666667,0.05232901284766669,0.5228390541000001,-0.18740150716666668,0.054269792441666694,0.5219828993666666,-0.2001934612,0.05405256605466665,0.5090561361666666,-0.17993717399999998,0.16317112363666667,0.45490395063333333,-0.16241859,0.05977053585726667,0.44387321683333325,-0.06948018916666664,0.08110781922833334,0.464365508,-0.16203596890000002,0.04825888494066665,0.44180012920000006,-0.16305890416666668,0.21367953381999996,0.2646258996666667,-0.1032031282033333,0.012961969664333335,0.39242158380000003,0.09652186138,0.1669146872955,0.18962368603333343,-0.21872924786666664,-0.12465350384,0.31453810220000017,-0.01807037406966666,0.19296974691066665,0.3282565349333334,-0.2516800433,-0.087855541691,0.45738855153333347,-0.16278114544,0.19485963555,0.37816432703333347,-0.25739813506666664,-0.04776335476066666,0.49343183806666685,-0.21188772913999998,0.20677735466343333,0.39205770850000005,-0.2497598960666667,0.0006835235033333345,0.5282391439666668,-0.20261915507000003,0.2035345859953333,0.3255111807,-0.24927474826666665,-0.06716154922,0.47592219896666677,-0.24308607,0.08251903349666667,-0.1699821711503333,-0.022056494052333335,-0.07866900732999998,-0.13624988929333331,0.023390303819666662,0.014269446243266667,-0.5713174815333332,-0.07042939578666668,-0.1976035719,-0.4366165177,-0.040785952663333326,0.07870555687666668,-0.9049487461333332,0.05068833005333333,-0.20448607759999995,-0.8166256867333334,0.13720155234999998,0.06294352797333333,-0.9303735046333332,0.06776409348,-0.20109233713333333,-0.8465766281999999,0.11480194582333333,-0.016804563863000003,-0.937723145,0.018829504626633336,-0.2660320923,-0.873788833733333,0.07691267638000002,Donner_g_ch2_g20_compr.mp4,ch2g20
4516.66666666666,0.021692555649333364,0.4971127341000002,-0.18259035153333328,0.05294290339033332,0.5060912296,-0.19388981306666672,0.05387802464566668,0.5090131823666667,-0.18290633586666669,0.05205472804633332,0.5094587712333334,-0.1851064155666667,0.03978798598100001,0.5221617386999999,-0.186468688,0.04173102654166668,0.5213414023666667,-0.1992832953,0.041749733754666646,0.5085639419,-0.1789603239,0.15161128297,0.45657639140000006,-0.16219708573333336,0.049136775190599995,0.44367209286666665,-0.06857859988666665,0.06959412992833333,0.46456866049999995,-0.16107750486666667,0.037259426907333325,0.4413939990333334,-0.1619031403,0.20478621585666665,0.26675827570000005,-0.10303666136999998,0.003852596831000012,0.39054244606666666,0.09891248590333335,0.15484965895549999,0.1876606249333334,-0.21652873876666665,-0.13196507492666668,0.2999585209666668,-0.01747038042633333,0.17977676779733331,0.32653299013333337,-0.24832612073333335,-0.09340859176766668,0.44030298936666673,-0.16687084067333333,0.18125279032,0.37665538180000013,-0.25383334616666664,-0.05264556736733333,0.47639258670000023,-0.21630160954,0.1941651988434333,0.39052550156666677,-0.24609196133333336,-0.005399788623333333,0.5123437593666668,-0.2069667973366667,0.19091231918866663,0.32394777570000005,-0.24577080279999997,-0.07295351833000001,0.4591686943000001,-0.234504029,0.08230841849666666,-0.16956513069133328,-0.023173394074333338,-0.07852554987666667,-0.1366362542683333,0.024581345980666663,0.013164010709266667,-0.5704189176666665,-0.07172532233333334,-0.20021330166666665,-0.4347733662333333,-0.04207681517333333,0.07722901844333334,-0.9024240443666666,0.051247669106666664,-0.20364192336666662,-0.8144969883333332,0.1363891363166667,0.06111901242666665,-0.9282144913,0.06867402444666666,-0.20021055146666664,-0.8443499377666666,0.11399387992666667,-0.020445810246333334,-0.9364409318666668,0.0201425923433,-0.2669450427666667,-0.8716710667999997,0.07739655433666669,Donner_g_ch2_g20_compr.mp4,ch2g20
4533.333333333327,0.009539870916000025,0.49599476156666683,-0.18161844119999995,0.04037172749033333,0.5055212581999999,-0.1933837646666667,0.04129559441233337,0.5083617607333334,-0.18231645253333337,0.03942029574633332,0.5087729681333334,-0.18454029213333337,0.027071227214333343,0.5212654080333333,-0.1856211348,0.029015834908333333,0.5204784483000001,-0.1984632288,0.029279834087999997,0.5078513266666667,-0.17807842003333332,0.13963508288333334,0.4581524832333333,-0.16219442043333335,0.03817466095726667,0.44319362453333333,-0.06789367346666665,0.05792990872833335,0.46458603723333325,-0.16026711763333332,0.026148542940666653,0.44078385410000004,-0.16081652626666665,0.19562994839,0.2688742416,-0.10307449490333331,-0.005616369902333328,0.38827209919999994,0.10098814774666669,0.14255325763549997,0.18583158690000007,-0.21488781246666663,-0.13939496669666668,0.28501749420000017,-0.017496613919666667,0.16639181733066663,0.3254441066333334,-0.24578475253333337,-0.09921760917100002,0.42289802480000005,-0.17137790570666664,0.16740057252333332,0.3758174060666668,-0.25110413093333334,-0.057897746054,0.45899397586666685,-0.22103881583999999,0.1812681105934333,0.3897590662333334,-0.2432889992666667,-0.011895558753333332,0.4960744569,-0.21147669287000004,0.17812126342866663,0.3230767919,-0.24309761296666665,-0.07903383366333334,0.44207137313333345,-0.229283229,0.08210340335666666,-0.1690855313633333,-0.02428172159933334,-0.07839337657666666,-0.13708616934499995,0.025763618406999998,0.012177095036266669,-0.5694896216666665,-0.07313596486333333,-0.20267318586666663,-0.4329825029666666,-0.04305024855333333,0.07582545622,-0.8996085315333333,0.05203668075,-0.20273205249999998,-0.8124240142666664,0.13630666881666667,0.059364127753333315,-0.9257462152666667,0.06977034832333333,-0.19927230283333328,-0.8421699117999999,0.11394948812666668,-0.02406768349633333,-0.9349225631333333,0.021616316129966666,-0.26780574576666666,-0.8694687506666664,0.07872005261333336,Donner_g_ch2_g20_compr.mp4,ch2g20
4549.999999999994,-0.0028799265506666417,0.49464712240000014,-0.18113181049999996,0.027544843690333342,0.5047427361,-0.19334365373333334,0.02844564361233335,0.5074997345333334,-0.18218268976666668,0.026523057112999984,0.5078667292,-0.18442570420000004,0.014082769147666659,0.5201524442666666,-0.18528535503333335,0.016023026174999996,0.5193983346333334,-0.19817026549999997,0.016547337221333336,0.5069139249000001,-0.17771184153333333,0.12728174508333331,0.4596043113333333,-0.16251018446666668,0.02683347412393334,0.4425353011666667,-0.06773554259666666,0.04597972532833334,0.4644010999333333,-0.15991242133333333,0.014781436507333323,0.43997993446666667,-0.16025607469999997,0.18608704448,0.2710133499666667,-0.10367356156999999,-0.01534678792566666,0.3857931172,0.10269708170666667,0.13006148332883333,0.18428545630000007,-0.21385842436666663,-0.1470367839066667,0.26986174396666673,-0.017787374566333333,0.1528097705073333,0.32512838680000006,-0.24369495906666672,-0.10556490103766669,0.40563956146666674,-0.1760406034733333,0.15329067962999998,0.3758421032000001,-0.2488480514333333,-0.06380197865066665,0.44177135796666683,-0.22588310590666666,0.16799426695343336,0.3898704454666667,-0.2409472062666667,-0.019037863136666666,0.4799519090666667,-0.21609236480333338,0.1651407590953333,0.32302058770000003,-0.24088484119999998,-0.08568284738666666,0.42510175096666675,-0.220833704,0.08189068530666666,-0.1685463220777333,-0.025416249817666672,-0.07825849797333333,-0.13759332336499996,0.026969894971666665,0.011178312019600001,-0.5684462214999998,-0.07485235687000001,-0.205137601,-0.4312526296333333,-0.042766949603333326,0.07443845564333335,-0.8966061919333332,0.05236194987666667,-0.20191667436666663,-0.8105413002333333,0.13763337435,0.05763870267666665,-0.9230659493333332,0.07040597243666666,-0.19846556589999995,-0.8401951701666666,0.11530002306,-0.027719698079666663,-0.9330380867999998,0.02282872281663333,-0.2690792089333333,-0.8672142904333331,0.08152079938000002,Donner_g_ch2_g20_compr.mp4,ch2g20
4566.666666666661,-0.015425306050666648,0.4930991818333335,-0.18065527783333332,0.014543601923666667,0.5037995442333333,-0.1932720829666667,0.015420273379000003,0.5064788878,-0.18201507803333336,0.013455735146333324,0.5067919561333334,-0.18427936140000004,0.0008647984476666655,0.5188570525333334,-0.18495955903333336,0.002798579908333317,0.5181280444,-0.19787948476666664,0.003583692054666665,0.5057878679666666,-0.17735105063333334,0.11473074115000001,0.46094282499999994,-0.16259269220000006,0.015109468490600008,0.44168090833333334,-0.06754197478333332,0.033930628994999996,0.46406478469999995,-0.1595315357333333,0.003269396407333333,0.43898043806666665,-0.15970174206666665,0.17648927978666665,0.2731159475333334,-0.10427149747,-0.025348787548999992,0.3830888952,0.10436282800333334,0.1175947846855,0.18347479936666672,-0.21279429066666664,-0.15477580398666668,0.25485019196666675,-0.018490978649666666,0.13922088952066664,0.3257848375666667,-0.2410883118666667,-0.11237207295433335,0.38842329130000003,-0.1811463214333333,0.13911369474666666,0.37681067213333347,-0.24597892026666662,-0.07040619329733333,0.4245755689666668,-0.23088470004,0.1546311810101,0.3908865000000001,-0.2380198463333334,-0.027079196676666663,0.46386259280000003,-0.22080656370333338,0.1521647868253333,0.3239166541333334,-0.23815766843333333,-0.09289531847666667,0.40815488980000003,-0.216141865,0.08168085957333332,-0.16796358917223334,-0.026564863236666673,-0.07813690822333333,-0.1381444130253333,0.028187465949666667,0.010157670240266668,-0.5671457683333332,-0.0769117094,-0.2076228638333333,-0.4295236458999999,-0.04282930643333333,0.07297336227666666,-0.8933383195999999,0.05213974674333334,-0.20122235376666664,-0.8086052022666665,0.1383676727833333,0.055833951423333326,-0.9201133080666666,0.07047236346333334,-0.19781942919999998,-0.8381607324999998,0.11605578712666666,-0.031536939099666664,-0.9307870657333331,0.023533068506633333,-0.2706152643666666,-0.8647446355666664,0.08369917878666668,Donner_g_ch2_g20_compr.mp4,ch2g20
4583.333333333328,-0.02810367991733332,0.49121232726666686,-0.18011242206666667,0.0014787888236666641,0.5025272532666666,-0.1930726388666667,0.0023200267790000023,0.5051419894000001,-0.18171564963333336,0.00031979727966666247,0.505388492,-0.18400284900000002,-0.012437584852333332,0.5172795301666667,-0.18458242256666668,-0.010517589491666672,0.5165747572666667,-0.19753259169999998,-0.00946528211199999,0.5043702013000001,-0.17693731443333335,0.10211717268333335,0.4620893342666666,-0.16239619010000003,0.003260135657266671,0.44069184873333334,-0.06736371392666667,0.021714743961666665,0.4634422042666666,-0.15904123636666667,-0.00839698545933333,0.43771200553333334,-0.15912795116666667,0.16676983371029996,0.2750350283666667,-0.10467654230333333,-0.03564000904566666,0.3803068832,0.10597950452999999,0.10518394578216665,0.1826789611333334,-0.2111012719,-0.16270558878666672,0.2407429040333334,-0.019491605593,0.12564191681066664,0.3268522474666667,-0.2376573840666667,-0.11985697863433335,0.3729433650333333,-0.18665351544999997,0.12483794397999996,0.3782369864333335,-0.2421245521333333,-0.07793267508,0.4093423373666668,-0.23616584740666666,0.14115116964343336,0.39244231136666674,-0.2340440009666667,-0.03615833984,0.4496669817,-0.2257988935366667,0.13919344867533331,0.3252892795333335,-0.23457802903333336,-0.10088451332666667,0.39299238606666664,-0.208864823,0.08148338136999998,-0.16736272253089995,-0.027637341930000003,-0.07803696166333332,-0.13871454259699995,0.02932447251333333,0.009147598450000002,-0.5659240916666666,-0.07894881585666666,-0.21039134013333333,-0.42774439063333325,-0.04279572219666666,0.07156856189333333,-0.8902771661,0.05154020653333334,-0.20084971296666665,-0.8065893119666665,0.13940130474999995,0.05408938022,-0.9173540819,0.07008159441666667,-0.19754563026666666,-0.8360406747333332,0.11711392055999999,-0.03508188772299999,-0.9285881073333332,0.02365706572166667,-0.27262310046666666,-0.8619166077666665,0.08630677238666667,Donner_g_ch2_g20_compr.mp4,ch2g20
4599.9999999999945,-0.04154374051733333,0.4889349271666668,-0.17944543663333334,-0.012203313343000005,0.5008560979666665,-0.19280889476666668,-0.011404668854333328,0.5034169356000001,-0.18135301256666667,-0.013438849153666676,0.5035832322,-0.1836622834666667,-0.026293586552333333,0.5153892999666667,-0.18409074386666666,-0.02439254495833334,0.5147153645333334,-0.1970634341,-0.02305295761199999,0.502637592,-0.17640839623333335,0.08918081455000001,0.46288576159999995,-0.16220053833333337,-0.008634799209399998,0.4396027804666667,-0.06716399167333333,0.008801073828333337,0.4624432304333333,-0.15853755776666667,-0.020643962725999995,0.4361441815,-0.15848957049999998,0.1568220049336333,0.27670949156666663,-0.10510752013666667,-0.04621396120233332,0.3774065867333333,0.10757457114333333,0.09275160375216665,0.18176435466666674,-0.2094225612,-0.17065926487333338,0.22704679676666673,-0.02032683563966667,0.11188001097733333,0.32774278060000006,-0.23387259243333336,-0.12837490207433336,0.35860092486666667,-0.19157427548333333,0.11037063731333335,0.37941331293333347,-0.2378513580333333,-0.08678290084000001,0.3954222298666668,-0.24088368219333334,0.12745886119010003,0.39374782593333335,-0.2296701326666667,-0.046640462040000004,0.4368390031666667,-0.2303305887466667,0.126036274422,0.3264803561666668,-0.23065190883333336,-0.110024407904,0.37901069903333334,-0.214752629,0.08128100074999998,-0.16674241879256665,-0.028692788350000005,-0.07793881715333333,-0.13930471932166663,0.030444910156666664,0.007827464003333333,-0.5647290562999999,-0.08120353888333333,-0.21342658496666664,-0.42569443243333327,-0.04227308725333333,0.07004751145999999,-0.8872550874333333,0.051029542190000006,-0.20092596019999998,-0.8043061759333331,0.14137769221666663,0.05224696625333333,-0.9146277177666666,0.06982095075333333,-0.19774668566666664,-0.8336573174666666,0.11911945269333334,-0.03845251001966666,-0.9263837328666665,0.023931776544333337,-0.2750760094333333,-0.8586363128999998,0.09002027079000001,Donner_g_ch2_g20_compr.mp4,ch2g20
4616.6666666666615,-0.05538735835066666,0.4861968745666668,-0.17878657136666665,-0.026222393842999996,0.4987393283999999,-0.19253168896666664,-0.02547770395433334,0.5012558718333334,-0.18097966596666668,-0.027536848687000015,0.5013317739333334,-0.1833082294,-0.04052614755233333,0.5131034161333333,-0.18358016156666665,-0.03864506259166666,0.5124626924333334,-0.19656583963333332,-0.037010800812000005,0.5005068352333334,-0.17585844403333337,0.07618512991666666,0.4631767117666666,-0.16191822193333333,-0.020747538409399996,0.43822436146666666,-0.06693533534999999,-0.004466025038333337,0.46094523856666664,-0.1580046192,-0.03327000965933334,0.43413766266666665,-0.15784575989999997,0.1468395451136333,0.2778909361,-0.10548293750333335,-0.057093803379,0.37414396953333334,0.10906261116,0.08040711475216665,0.18085286850000007,-0.20779788563333332,-0.17891032964333337,0.2138914774666667,-0.021061644991666666,0.097947082044,0.32870672383333344,-0.2295265903,-0.13790179723233334,0.34549799606666665,-0.19568687479,0.09568720641333335,0.3806887848000001,-0.23299743886666666,-0.09674453037,0.3829764661000002,-0.24476301846,0.1135382646901,0.39510744960000005,-0.22471100636666666,-0.058255748806666674,0.4255456871,-0.23401124585333338,0.11267823775533332,0.3277290476333335,-0.2261669861666667,-0.12020982933733333,0.3663267283,-0.212162316,0.08111794454333332,-0.16612018702356665,-0.02965038170333334,-0.07788477535999999,-0.13989907316866665,0.03146472678333333,0.006257783816666667,-0.5635286376333333,-0.08388494074666666,-0.21695546949999997,-0.4232330074666666,-0.04180696272666666,0.06824438986666666,-0.8841066012,0.050683896776666675,-0.20140610443333332,-0.8011966031666663,0.14346197721666665,0.050117123416666666,-0.9117645629666666,0.06977201595999999,-0.19836354803333334,-0.8304022919,0.12129974689333334,-0.04193359685966666,-0.9240804782666665,0.024216125945733337,-0.2778283145,-0.854673670933333,0.09389081685333334,Donner_g_ch2_g20_compr.mp4,ch2g20
4633.3333333333285,-0.06949459065066667,0.48313180703333347,-0.1780537541,-0.04049838180966667,0.49629864736666657,-0.19206132836666664,-0.03980299635433333,0.4987778007666667,-0.18043633586666669,-0.041879019653666666,0.49876596283333335,-0.18277261260000002,-0.054986753419,0.5105400150666667,-0.1829401577,-0.053127822024999986,0.5099229862000001,-0.1958960722,-0.051201475112,0.49807682340000003,-0.17516418450000001,0.06298271948333332,0.4630708081999999,-0.16168855283333333,-0.0330949659094,0.4366846920333333,-0.0665241537,-0.01804253857166667,0.4590704599,-0.15736757123333334,-0.04619879159266666,0.43183017613333335,-0.15712585053333333,0.1365415057103,0.27878856516666667,-0.10587880123666667,-0.06824990067233333,0.3707645441,0.11075619705,0.06804463681883334,0.17965875800000006,-0.20571972893333335,-0.1871424850866667,0.20209779550000004,-0.0205402504221,0.083647299944,0.3294791752000001,-0.22401790370000002,-0.14775531883233334,0.3346450373,-0.19605978529,0.08059665691333336,0.38191624113333345,-0.22692313746666667,-0.10695009663,0.37300813066666677,-0.24469167469333336,0.09921096435676666,0.3964022989333334,-0.21844983893333336,-0.07012630337333334,0.41680558586666666,-0.23379560072000005,0.09892985125533332,0.32883305780000016,-0.22043591563333334,-0.13074183756733335,0.3560255486,-0.205305353,0.08094896885333333,-0.1654761432612333,-0.030619914020000003,-0.07783024133,-0.14051423508066663,0.032491731266666664,0.004502542823333334,-0.5623561049999999,-0.08671992168333333,-0.22084054443333329,-0.42039281829999997,-0.042246638126666666,0.06596350916999999,-0.8810234734666667,0.05021160374333334,-0.20247167453333334,-0.7978137355999996,0.14487038704999997,0.047475856101999996,-0.9089598306333332,0.06958496081666665,-0.19965752813333332,-0.8268857927000001,0.12288145950333332,-0.045920515472999995,-0.9217848848666664,0.024359711703400004,-0.28094637153333335,-0.8504932315999998,0.09732991596,Donner_g_ch2_g20_compr.mp4,ch2g20
4649.999999999995,-0.08366928645066667,0.47982299256666683,-0.17772194263333335,-0.05485878977633333,0.4935998682666665,-0.19192024169999997,-0.05423523588766666,0.49605111873333335,-0.18023311433333336,-0.05632687808699999,0.4959435577333333,-0.18256243470000003,-0.06959698138566665,0.5077552503,-0.18268750306666665,-0.06775431905833332,0.5071577936000001,-0.1956258491,-0.06552777781199999,0.4954198291333334,-0.17487416069999998,0.04954550945000001,0.4627719273,-0.16156669686666666,-0.04564354567606667,0.43501775076666666,-0.06664443214666667,-0.031745116905,0.45699829249999996,-0.1571220269,-0.05923595115933332,0.4293403310666667,-0.15690825483333332,0.1261080229636333,0.27960597630000006,-0.10656706427000001,-0.07977518740566666,0.36737385443333337,0.11147855292666668,0.05541989371883333,0.17813780940000007,-0.20375450516666668,-0.19533049136000002,0.19092120836666668,-0.021791044580766666,0.06897157694400001,0.32994440433333344,-0.21875550050000003,-0.15775626645,0.3247278327333334,-0.20002980478966667,0.06499851328000003,0.38273924616666677,-0.2210154715333333,-0.11743264951000001,0.3640460190000001,-0.24854086342000004,0.08445106122343334,0.39739798460000014,-0.2126204431,-0.08217636604,0.4088854995,-0.23744450368000006,0.084817932522,0.32965537440000015,-0.2150804989,-0.14141928386733332,0.34654764413333333,-0.187406942,0.08079147646999998,-0.16478911827056666,-0.03147533424000001,-0.07779011399333333,-0.14117523114566663,0.03340812405666666,0.00265737866,-0.5609461541333333,-0.09017713535999998,-0.2246789370333333,-0.41736916309999994,-0.042701276653333335,0.06377799422666666,-0.8775600621333334,0.049462229594333336,-0.20378989283333332,-0.7939985892999997,0.14639735644999996,0.044960264453666667,-0.9057736722999998,0.06918805320666666,-0.20120058756666667,-0.8229192685000001,0.12456664869666667,-0.049644085433,-0.9192256521666665,0.024358492663400004,-0.2841941879,-0.8458042136666665,0.10073255326666665,Donner_g_ch2_g20_compr.mp4,ch2g20
4666.666666666662,-0.09809617171733333,0.4762674205333335,-0.17730563200000002,-0.069464231943,0.4906786942999999,-0.19178568669999999,-0.068909429521,0.4931052327,-0.18002166636666667,-0.07102116795366666,0.4928979193333333,-0.18235258463333337,-0.08447290348566666,0.504749998,-0.18237991133333328,-0.08263810649166665,0.5041720312000001,-0.19530681773333333,-0.08011212044533333,0.49254384143333335,-0.1745252947,0.03596223378333335,0.4622352630333333,-0.16137991726666664,-0.058466975376066675,0.43316095479999994,-0.06667762969666666,-0.04567052023833334,0.4546781678,-0.1568470632333333,-0.072510949126,0.42662292353333336,-0.1565773075,0.11555564259029998,0.28020040450000006,-0.10720679223666668,-0.09155709522566667,0.3638628229666667,0.11233324081666668,0.04267907458549999,0.17595423893333337,-0.20212328546666666,-0.20353514300000003,0.18089827113333334,-0.022674381777433333,0.054233308777333324,0.3298126721000001,-0.21466260946666668,-0.16798601032666666,0.3170538529333334,-0.20417197616666666,0.04941114714666667,0.3830235663000001,-0.21634372156666667,-0.12807063543333333,0.35762733190000007,-0.2524242769,0.06966019245676668,0.3978469099000001,-0.2080596769666667,-0.09440809547333331,0.40349870193333337,-0.24107119000000007,0.07062351848866666,0.32991583976666683,-0.21094357793333335,-0.15240295561066666,0.3394069471,-0.186669722,0.08067204565,-0.1640443375275666,-0.032275946810000004,-0.07778635343666666,-0.14190003899566664,0.03426606859666667,0.0008769944399999998,-0.5591280477999999,-0.09471904678666666,-0.22836674646666663,-0.4143475205333333,-0.04379093561333333,0.06178539281999999,-0.8737353731666666,0.04773352222766668,-0.2050871631,-0.7901711187666663,0.1476204484833333,0.042693613963666666,-0.9022366909333333,0.06784065696333333,-0.20271019636666665,-0.8189519694333334,0.12599561592333333,-0.053173116323,-0.9163972150666665,0.023612438833400005,-0.2873048837666667,-0.8412253136666666,0.10374132818999998,Donner_g_ch2_g20_compr.mp4,ch2g20
4683.333333333329,-0.11266876105066666,0.47253344436666683,-0.17685595173333332,-0.08422424370966666,0.48756189986666654,-0.1915211752,-0.083729464821,0.48996006446666673,-0.17971155879999998,-0.085863343887,0.4896529888,-0.1820418869666667,-0.099450766419,0.5015375997,-0.18197909793333328,-0.09762943115833332,0.5009736877000001,-0.19486703083333332,-0.09481189094533332,0.48946339593333327,-0.17407749096666666,0.02217178675000001,0.46154816849999997,-0.16120458573333332,-0.07127701737606668,0.43108151763333336,-0.06663402715999998,-0.05977621737166666,0.4522244055,-0.15655679059999997,-0.08589918399266666,0.4237364394666667,-0.15624210586666668,0.10478978521696665,0.28072112953333334,-0.10786385570333334,-0.103221615929,0.36039667676666676,0.11330963121333334,0.03004469541883334,0.173467102,-0.20073046986666665,-0.21143353130000003,0.172895227,-0.021517430803766665,0.03945518747733333,0.32930637536666674,-0.21034979123333333,-0.1780987295566667,0.31187568363333334,-0.20218833160000002,0.033801280746666676,0.3828956805666668,-0.2113651259,-0.13868638857333335,0.35376921163333336,-0.24987340373333342,0.054733748456766665,0.39785466646666673,-0.2031953414,-0.10653214640666664,0.40060488846666664,-0.23833360280000004,0.05634729662199999,0.3298046045666668,-0.20658678386666668,-0.16325518646066667,0.3348041463,-0.194385156,0.08053660065666665,-0.16324993644656663,-0.03309427481333333,-0.07777117014666665,-0.14267263040499997,0.0351337878,-0.000879386556666666,-0.5572521138,-0.09914437154,-0.2324033548,-0.41122608586666665,-0.044859039796666667,0.06001387391999999,-0.8697529285333333,0.04551565792100002,-0.2066805815,-0.7862581989999997,0.14830387334999995,0.040701060552000005,-0.8985187419333333,0.06591665908543334,-0.2045461709333333,-0.8149033597000002,0.12687669105666669,-0.05663411239333334,-0.9134181351999998,0.02241047903673334,-0.29113629613333336,-0.8365249529666666,0.10626131099333332,Donner_g_ch2_g20_compr.mp4,ch2g20
4699.999999999996,-0.127371143984,0.4686781444000001,-0.17653413233333332,-0.09898465100966666,0.4842701955999999,-0.19139637946666666,-0.09854564665433332,0.4866386532666667,-0.1795617748,-0.100704183187,0.4862338677000001,-0.18188245743333334,-0.11441205975233333,0.49815833620000005,-0.1816781322333333,-0.11260469182499999,0.4976090591333334,-0.19451883390000002,-0.109497299212,0.48621777403333327,-0.17372983346666665,0.008479730116666659,0.4605765154333333,-0.16146627646666667,-0.0838506768094,0.4287813028666667,-0.06660438005999998,-0.074051138405,0.4496458330666666,-0.1564788545666666,-0.09940679455933334,0.42072081596666666,-0.15601398796666666,0.09392198392363331,0.2811314479,-0.10905009568666667,-0.11471784132900001,0.3568869735000001,0.11435842882333336,0.017818924452166676,0.17075696823333333,-0.2003047139,-0.21929215640000002,0.16588060073333336,-0.019435175197433333,0.024729238610666678,0.32819179333333337,-0.20744494696666668,-0.18820272634000001,0.30782655633333333,-0.1988382758666667,0.018214666646666672,0.38204045723333346,-0.20791219949999998,-0.14928982391333334,0.3510637061333333,-0.2458690211333334,0.039714093723433326,0.3973093773333334,-0.19981472340000003,-0.11853164371,0.3988095528666667,-0.23413852506666674,0.04205865262199998,0.32916527420000014,-0.20364546996666666,-0.17404600553666666,0.3313202860666667,-0.162603498,0.08037389537333332,-0.1623999299422333,-0.033987583780000004,-0.07773455774666665,-0.14349974801699997,0.03606246635,-0.002767328880999999,-0.5551252046666667,-0.10382986012666666,-0.2366066634,-0.4080007712666667,-0.045874479673333336,0.05833403661999999,-0.8653196741333332,0.043002351394333345,-0.20831364543333333,-0.7822492640999997,0.14885307851666665,0.03891056251,-0.8943531421666666,0.06371372381543335,-0.20641579526666665,-0.8107591500666669,0.12760834005666666,-0.059705712640000005,-0.9101973246999998,0.021038617260066672,-0.29507733390000007,-0.8317668731333333,0.10867454037999999,Donner_g_ch2_g20_compr.mp4,ch2g20
4716.666666666663,-0.14195467051733335,0.4646671929000002,-0.17652007956666665,-0.11357483937633334,0.4808210059333332,-0.19155090253333332,-0.113194362821,0.48315810760000005,-0.1797021278333333,-0.11537118105366667,0.4826543783333334,-0.18201318733333333,-0.12925368335233334,0.4946152672333333,-0.1816656038333333,-0.12745187255833332,0.4940806131666668,-0.19446460063333332,-0.12406815481199998,0.48280894466666663,-0.1736744493,-0.0051254517500000036,0.4593334486666666,-0.16202284923333335,-0.09641693407606668,0.42629513353333337,-0.06682568937333332,-0.08826459013833332,0.4469056843666666,-0.15671908306666665,-0.11287286019266667,0.41757184100000005,-0.15610890189999999,0.08295584763029999,0.2812780366,-0.11046691745,-0.12616234054233336,0.3533536578666667,0.11508246582333335,0.005163834652166672,0.167073127,-0.20040134493333334,-0.22698634413333332,0.15943771563333334,-0.018242991030766667,0.009878638543999996,0.3258637352666668,-0.20574721593333334,-0.19805956099000002,0.30412722583333335,-0.1976389489666667,0.002561320146666676,0.3798702582666668,-0.20574808646666665,-0.15966663679333334,0.3484823243333333,-0.24421394670000005,0.02466364279010001,0.39547455959999994,-0.19786962466666672,-0.13018422633666665,0.3970903065666666,-0.23230300150000005,0.027672275888666654,0.3273344450333335,-0.20198740979999996,-0.18452085703666665,0.3281263707666667,-0.169583872,0.0801660803,-0.16150488424556667,-0.03490270537666667,-0.07765976360333333,-0.14437377516199995,0.03701912431333334,-0.004658928134999999,-0.5528651316666666,-0.10850935833666667,-0.24080036673333333,-0.40470909929999993,-0.046685738500000004,0.05645285007999999,-0.8605493520666665,0.04058529295766668,-0.2101580326666667,-0.7781359435666666,0.14915202611666667,0.03690994639,-0.8898399122333333,0.06163028975910001,-0.20851593266666665,-0.8065019022333335,0.12800528512333334,-0.06281120200666668,-0.9067673495666665,0.01982156212673334,-0.29934786066666674,-0.8268839652,0.11081064892333332,Donner_g_ch2_g20_compr.mp4,ch2g20
4733.33333333333,-0.15626479328066667,0.4604195374333335,-0.17683866043333332,-0.12780267767633333,0.4771733327999999,-0.1920528695,-0.127479325221,0.47947517436666676,-0.1801910409,-0.12967248262033335,0.4788749551000001,-0.18249049286666666,-0.14374210351900002,0.49090414296666673,-0.18196737123333329,-0.14193888975833333,0.4903811853333334,-0.19473857733333333,-0.13828648171199998,0.4792384178333333,-0.1739386751,-0.018317353383333346,0.4578566720666666,-0.16299134326666667,-0.10855688377606666,0.4237681986,-0.06731817026666666,-0.10223554880499999,0.44394748436666664,-0.1573093374333333,-0.12610197129266668,0.4142486913333334,-0.15653202386666665,0.07207439512696666,0.28111462550000005,-0.11229736316333333,-0.13717338585566666,0.35007296656666675,0.11559225715666668,-0.007372777481166661,0.16283290273333334,-0.20093520336666668,-0.2344852805,0.15417882763333338,-0.0172622959441,-0.004503293655999998,0.32297433253333346,-0.2045457651333333,-0.2071659873066667,0.30098537560000005,-0.19629060300000004,-0.012498376486666666,0.37713154403333343,-0.2040753586,-0.16907783386,0.34625440983333333,-0.24239239746666671,0.010198395190100013,0.3930403099,-0.19638679820000005,-0.14070405646666667,0.3955500321333333,-0.23031253070000005,0.013771956155333345,0.3249406032666668,-0.2007981943333333,-0.19411611458666667,0.3253774264333334,-0.217548907,0.07991315993666667,-0.16059715411889997,-0.03584483071666667,-0.07754324720333332,-0.14525777133933326,0.038003023090000004,-0.0066234522123333325,-0.5506275435,-0.11306939691666666,-0.24515199556666664,-0.4010959397333333,-0.04745838419666667,0.05436615023266666,-0.8558591022999998,0.038237196847666674,-0.21219737730000002,-0.7737556597999999,0.14925468021666669,0.03466853526666666,-0.8854140527999999,0.05962392381110001,-0.21080773873333333,-0.8019659112666668,0.12820265895666666,-0.06627446156666668,-0.9034638733999998,0.019103535719400006,-0.30371573423333337,-0.8217861706666666,0.11271442947666666,Donner_g_ch2_g20_compr.mp4,ch2g20
4749.999999999997,-0.1704134234706667,0.45593155803333346,-0.17734505653333332,-0.14179799927633333,0.4732710564333332,-0.19277507563333335,-0.14153899275433332,0.4755414426333334,-0.18089645193333334,-0.14374872225366667,0.47484842093333346,-0.18318193306666666,-0.15800819685233333,0.48697938770000004,-0.18245286049999995,-0.15620074195833333,0.4864604037333334,-0.19520485303333332,-0.15227606014533332,0.4754347883333333,-0.1743930269,-0.031199449950000003,0.4559523235333333,-0.164178935,-0.12033382107606666,0.42110018146666667,-0.06790626421333332,-0.11605808993833332,0.4406966609333333,-0.15807987003333332,-0.13917806805933333,0.41072189243333335,-0.15710141956666665,0.06113319119696666,0.2804560508000001,-0.11422731661999999,-0.14784615256566666,0.34682135536666675,0.11602306339333336,-0.019671214914499986,0.15806063199999998,-0.2014603828666667,-0.24189303019999997,0.14951516623333336,-0.0164479804541,-0.018515203722666667,0.3194346689666667,-0.2027843351333333,-0.21555020587333334,0.29808237210000005,-0.1951692931,-0.027160178353333325,0.37367502696666677,-0.20175466220000002,-0.17750834598333334,0.34415336993333334,-0.24079920406666672,-0.003908772043233325,0.3898384437333333,-0.19419467450000003,-0.15005951852666666,0.3939814196666666,-0.2284637520666667,0.0002396205886666694,0.3218778106333334,-0.19898449056666664,-0.20287165692666667,0.3227534611000001,-0.21518819,0.07958730407666667,-0.1596775329922333,-0.03680206274666667,-0.07735715727999999,-0.1461520147953333,0.038994063683333344,-0.008934972771333333,-0.5482858498333333,-0.11747784881666666,-0.24972130056666664,-0.39742126916666665,-0.047647140680000005,0.05216442484466666,-0.850979182633333,0.03587989393100001,-0.21461103163333334,-0.7691579323333333,0.15007700871666668,0.03232233641666666,-0.8807995326999998,0.05762108118143334,-0.2134762953,-0.7971841524666669,0.12917680499,-0.06986136364666667,-0.9001232118999998,0.018490557516400007,-0.30850649133333335,-0.8165574227333332,0.11541048839,Donner_g_ch2_g20_compr.mp4,ch2g20
4766.666666666664,-0.18376502681400003,0.45126467926666675,-0.17805582503333334,-0.15503339541299999,0.46919203643333324,-0.19364417793333336,-0.15484729781099998,0.4714312195666667,-0.1817477662,-0.157063456657,0.4706490075000001,-0.1840231264666667,-0.171551331789,0.48285887886666673,-0.18312276803333327,-0.1697333675916667,0.4823438387333334,-0.1958705331,-0.16554396377866665,0.4714294694666666,-0.17504295546666668,-0.043609709683333324,0.4538511968333333,-0.16538306356666665,-0.13174821834606668,0.4181953749333333,-0.06864508961333332,-0.129214265805,0.4372670136333333,-0.15898741583333334,-0.15161981012933334,0.4070194277333333,-0.15786700049999997,0.05046552589363333,0.27952188110000004,-0.11616464825999998,-0.15830463225233335,0.3435241526000001,0.1161458591266667,-0.031411265581166664,0.1529107261,-0.2023556992666667,-0.2492011204333333,0.14505883986666668,-0.015905941837433334,-0.032119143356,0.3151247276333334,-0.20210832806666662,-0.22353919423333335,0.2949873045666667,-0.19459114196666666,-0.04147378725333333,0.36931492733333343,-0.20065831920000002,-0.1854923569866667,0.3417218868666667,-0.2397822236666667,-0.017743072676566655,0.3857469574,-0.1931976142,-0.15886674696000003,0.3920612979,-0.22719781696666666,-0.012950957311333335,0.3180254742000001,-0.1982685260333333,-0.21118956358666668,0.31989291003333337,-0.242283,0.07922158388333334,-0.15875792723223328,-0.03773198703333334,-0.07713546351666667,-0.1470447158253333,0.039948889300000005,-0.011437631767,-0.5459918220333333,-0.12141700803333332,-0.2543311088666666,-0.3938404794,-0.047434525570000004,0.049870203563999994,-0.8461724812999999,0.033970233351,-0.21737103413333334,-0.7645308535666667,0.1514267524166667,0.02989559663333333,-0.8762600349999998,0.05610459537810001,-0.21650969983333332,-0.7923492223666668,0.13065342859000004,-0.07342450274333334,-0.896835143533333,0.01846608901806667,-0.3134570564333333,-0.8114035799666666,0.11869950570999999,Donner_g_ch2_g20_compr.mp4,ch2g20
4783.333333333331,-0.19651816563733338,0.4465240516333334,-0.1792214947,-0.16761529615299997,0.4650086685666666,-0.1949343423,-0.16750823904433335,0.46721414526666677,-0.18300961886666664,-0.169735821857,0.46634333486666674,-0.18527354756666664,-0.18446021543566668,0.47864463180000005,-0.18420817756666663,-0.18263238381833338,0.4781295459666668,-0.1969582811333333,-0.178189077482,0.4673166297666666,-0.17611030179999998,-0.05537350341666666,0.45153859823333337,-0.1668394211,-0.14256905317940002,0.4151836933,-0.06965564597666667,-0.141814081475,0.4337317111666667,-0.16029038846666668,-0.16352943505933334,0.4032208078333333,-0.15903838276666662,0.0401062470703,0.27826151903333335,-0.11823631944999997,-0.16846957224233336,0.34024925190000005,0.11593485519333334,-0.0430336433145,0.14768110296666667,-0.20303740800000003,-0.25657571056666667,0.14113817100000003,-0.015955191790766668,-0.04504588378933333,0.31105146096666664,-0.20025906886666664,-0.2313046192,0.29210268713333337,-0.19457499356666666,-0.05499853615333333,0.3652474150000001,-0.1982561216,-0.1932093338366667,0.3393499597666667,-0.23933653490000006,-0.030723599343233328,0.3818994994333333,-0.19090805003333336,-0.16722411401,0.39000476633333336,-0.22643628023333334,-0.025408092111333328,0.31440234330000005,-0.19635522536666664,-0.21919225057666666,0.3171302155333334,-0.246491924,0.07883953669,-0.1578445658655666,-0.038643023850000006,-0.07689926645333334,-0.14793005247099994,0.040878454220000006,-0.014010313055,-0.5438291320666666,-0.12499472990333332,-0.2590507869333333,-0.39032773379999997,-0.046801409066666674,0.04759207761133333,-0.8414022460666666,0.032392629219666666,-0.22033171803333332,-0.7597807229666668,0.15321342698333335,0.027485490849999995,-0.8717617042333331,0.054915769064766674,-0.2197451646,-0.7873434792666668,0.13258452819000002,-0.07684683909666667,-0.8935819100999998,0.018710722994733336,-0.31844966016666665,-0.8061344022,0.12240313544666666,Donner_g_ch2_g20_compr.mp4,ch2g20
4799.999999999998,-0.20850341471733336,0.4417728866000001,-0.18050023436666665,-0.17953171950633331,0.46076889283333333,-0.19627972743333333,-0.17950250394433334,0.46294358573333344,-0.18433304513333332,-0.1817393167803333,0.4619949416000001,-0.18658399096666664,-0.19671661634233337,0.47438172750000007,-0.18540313696666663,-0.1948703483883334,0.4738687897000001,-0.19815981589999998,-0.19017427066200002,0.46314316023333324,-0.17728889276666662,-0.06665636761666666,0.44910842746666674,-0.16829224656666666,-0.15301162562273332,0.4120333275333333,-0.07082897880666666,-0.15369558021833335,0.4300917886333333,-0.16167164316666668,-0.17475836365266667,0.39937471976666655,-0.16035361833333328,0.030315928603633333,0.27673562423333337,-0.12028576506666665,-0.17829521164933335,0.33699556746666665,0.11547764609333334,-0.05407665148116666,0.14225965173333333,-0.20357054620000004,-0.26387386966666665,0.13714507056666667,-0.0164242202441,-0.057264041255999994,0.30694146939999994,-0.19844174409999998,-0.23891261616666665,0.28898590263333335,-0.19498728433333332,-0.06781670922000001,0.3612046733333334,-0.19596201596666663,-0.20075213425000005,0.3367079481000001,-0.23939572430000006,-0.04290547890989999,0.3781156187666666,-0.1887500946666667,-0.17537255275,0.387733278,-0.22620137433333334,-0.03715411274466667,0.3107636615333334,-0.1944972852666666,-0.22702244372,0.31415140653333345,-0.250667185,0.07844323558666667,-0.1569622867055666,-0.03948571456666668,-0.07664879308333332,-0.1487844332886666,0.04173529414666667,-0.016517904271666665,-0.5419757445,-0.12817190259333333,-0.26353669059999996,-0.3870249232,-0.046213388880000004,0.045485137609,-0.8367714257666666,0.031567503743000006,-0.22331919273333334,-0.7550994178666668,0.15492027155,0.025332794876999996,-0.8673721618999998,0.05453375892143334,-0.22302200493333332,-0.7824208712333334,0.1344366481566667,-0.07967869698333334,-0.8907487264999997,0.0198954818014,-0.32334367683333337,-0.8010282074,0.12593601004666666,Donner_g_ch2_g20_compr.mp4,ch2g20
4816.666666666665,-0.2198652613466667,0.43701658693333345,-0.18178733356666663,-0.1908984945063333,0.4565016711333334,-0.19762712223333334,-0.19094127092433333,0.4586535990333334,-0.18566113296666667,-0.193190404807,0.45762946960000006,-0.18790673179999998,-0.20841585592900003,0.47010851156666666,-0.18665755099999998,-0.2065588992083334,0.46959020050000017,-0.19941931766666665,-0.20163870985533333,0.4589404387333333,-0.17853012273333332,-0.07757783941666666,0.44665192333333337,-0.1697132506,-0.16314415434606666,0.40883580686666665,-0.07215948660333334,-0.1649992022516667,0.4263991736,-0.1630408209666667,-0.185440657496,0.3955018309666666,-0.16171127453333328,0.02086676156029999,0.2751903201666667,-0.12221475539999999,-0.18782212508,0.3337273365333333,0.11475540769333335,-0.0645944851145,0.13695308946666668,-0.2038923973666667,-0.2710953916,0.13330391230000002,-0.01735176143076667,-0.068803596856,0.30294655549999994,-0.19606855759999997,-0.24621041936666666,0.286111713,-0.1954229123333333,-0.07998363002,0.35724017966666666,-0.19305023222333328,-0.20798402018000006,0.33425304356666674,-0.2394621010333334,-0.05450439077656666,0.3743541573666666,-0.18601013197000002,-0.18320677773333333,0.38558872473333333,-0.22598142026666665,-0.04823813191133334,0.30723038560000004,-0.19209417819999994,-0.23453407486666666,0.3114111078333334,-0.246641606,0.07801316348666668,-0.15609316949223326,-0.04022238215333334,-0.07636494560666665,-0.14962664197333325,0.042485477400000006,-0.018998269638333332,-0.5401425549666666,-0.13118745482666663,-0.26796740039999994,-0.3838304137333334,-0.04546886794666667,0.04342142119,-0.8322488101000001,0.03065451325966668,-0.22636459370000003,-0.7504118145666667,0.1567453925833333,0.023254897363333325,-0.8630668031666665,0.054028798801433346,-0.22634464253333336,-0.7774899359,0.1364009316566667,-0.08243778072666669,-0.8881139448999997,0.021068792871066666,-0.32821278276666666,-0.7960148627,0.12977028048333333,Donner_g_ch2_g20_compr.mp4,ch2g20
4833.333333333332,-0.2307325949766667,0.4321682656333334,-0.1831754398,-0.2017630623363333,0.4521135613000001,-0.19906757776666667,-0.20188704812433333,0.4542482217333334,-0.18708398773333332,-0.20414812512033334,0.4531509733,-0.18933163196666664,-0.21960784093666672,0.4657242005,-0.18803644879999998,-0.21773378626700005,0.4651979064000001,-0.20080761116666668,-0.21259818667666663,0.45461613963333336,-0.17989919573333332,-0.08805339398333333,0.4440530555333334,-0.17122881043333335,-0.17277313527606666,0.4054961109333333,-0.07369398098666667,-0.1758213564716667,0.4225663624666667,-0.16450897973333337,-0.19563389818933333,0.39151820419999994,-0.16319564079999996,0.011800977300299994,0.27352264576666674,-0.12415830887666665,-0.19691477221333337,0.3303998397,0.11367691802666668,-0.07473934044783333,0.13168186080000002,-0.2042467921666667,-0.27820431489999997,0.1295187136666667,-0.018846730765100003,-0.079842484356,0.2990428178333333,-0.1941215741333333,-0.25325103649999997,0.2833173588333333,-0.19618306029999996,-0.09159830088666666,0.3533726329333333,-0.19061537428333328,-0.2149423704666667,0.3318469352000001,-0.23977688606666672,-0.06556054674323332,0.3706981266666667,-0.18375098605333334,-0.19067531460333334,0.38350319000000005,-0.22597325740000002,-0.05882991651133335,0.30379591233333336,-0.19013986559999996,-0.2417552496,0.3087473640000001,-0.239752,0.07756843217666667,-0.15523566342223327,-0.040887343613333335,-0.07606576679666666,-0.1504596490766666,0.043162646390000003,-0.021457051611666663,-0.5383542537,-0.13411945771,-0.2723455751333333,-0.38092087660000007,-0.044671731076666665,0.041372614903333334,-0.8277506700999999,0.029603478356333344,-0.22950703303333336,-0.7457072775666669,0.15886666628333335,0.02118126369399999,-0.8587795443666666,0.053356201118100015,-0.22975982030000003,-0.7725507771333333,0.13870880909,-0.08524682866666669,-0.8855887543999997,0.022006228957733336,-0.3331090455333333,-0.7911448989666666,0.13395692139666665,Donner_g_ch2_g20_compr.mp4,ch2g20
4849.999999999999,-0.2411459535133334,0.4274014775333334,-0.18438278800000002,-0.2122229759833333,0.44777570413333345,-0.20032724146666667,-0.21241829042333332,0.44989892443333335,-0.18832310173333333,-0.21469140672,0.44872876563333336,-0.1905739979,-0.23038116834333336,0.4614005709666667,-0.18923569029999995,-0.22850099997666673,0.4608582531333334,-0.20200758626666668,-0.2231658825833333,0.4503401958,-0.18108419816666663,-0.09818621688333332,0.4414898273333334,-0.17253327746666666,-0.1820979093834,0.40219195923333334,-0.07507240905333334,-0.18618914763500002,0.41878033703333334,-0.16580079070000003,-0.20540247035666667,0.3875741807333332,-0.16450472219999995,0.003010926353633337,0.27188881290000005,-0.12594166891,-0.20574660955333335,0.3270264741,0.11278813729333335,-0.08445206631449999,0.12649893146666671,-0.20418284533333333,-0.28522335586666664,0.12589120973333337,-0.02021673229576667,-0.090524886156,0.2953657129,-0.19146508253333333,-0.2601700205,0.2806222593333333,-0.19671588856666664,-0.10288560288666666,0.34973309286666665,-0.18742679846999993,-0.22178885103333337,0.3295022752333334,-0.23981248790000004,-0.07644759387656666,0.36730578096666666,-0.18085767329000002,-0.19804651921333333,0.38137341073333336,-0.22567160526666666,-0.06911238231133333,0.3005912249,-0.1874839328133333,-0.24885716016666667,0.3061513204333334,-0.197501019,0.07711677177000001,-0.15438332063223328,-0.04150200658,-0.07575927449666665,-0.15128762584433325,0.043785120170000004,-0.02389612414833333,-0.5365824818000001,-0.13710494484333333,-0.2766483246666666,-0.3781559775666667,-0.04426226982999999,0.039199173223333335,-0.8233516725,0.027680490209666665,-0.23278391110000002,-0.7410295348333336,0.16053196641666667,0.019020280472333326,-0.8545592811999999,0.05173708030476668,-0.2333190485666667,-0.7676470612999999,0.14054066345666666,-0.08806111735000002,-0.8832355113666663,0.021986656904399996,-0.3382244607,-0.7864263230999999,0.13757960079666665,Donner_g_ch2_g20_compr.mp4,ch2g20
4866.666666666666,-0.2509907795666667,0.42270711903333336,-0.18586693373333332,-0.22214411440333331,0.44348080803333345,-0.2017806312,-0.22240801202333335,0.4455971956333334,-0.18975151513333335,-0.22469294647333335,0.4443545556,-0.19200853069999999,-0.24067499928333336,0.4571294410666667,-0.19071368583333329,-0.23879755527000004,0.45656338683333336,-0.20347982993333333,-0.23327114454666664,0.4461035056,-0.1825453996,-0.10791621918333331,0.4389364935,-0.17368566570000002,-0.19138397362333334,0.39890433789999996,-0.07661817927,-0.19603885346333336,0.4150256835,-0.16724230123333336,-0.21476743040666668,0.38367341239999986,-0.16604971183333328,-0.005610881043033326,0.2703061665333334,-0.12759610832999999,-0.21444799014000004,0.32364347439999996,0.11177338486,-0.09377036616116666,0.12157364773333339,-0.20392424593333336,-0.29214614926666665,0.12233924080000004,-0.02173789399176667,-0.10076367912266666,0.29188334926666665,-0.1884593285666667,-0.26712611426666666,0.27787995093333334,-0.19728609889999993,-0.11374914918666666,0.34629591353333333,-0.18384705723999994,-0.22871533271000005,0.32709477013333343,-0.2398801212666667,-0.08694777534323332,0.36412484796666666,-0.17750858119333332,-0.20552191324,0.3791711184666667,-0.22538324939999999,-0.07898713001133333,0.2975695615,-0.18446866966666664,-0.25601824223333336,0.3035091746666667,-0.169229954,0.07663292784,-0.15353337363889996,-0.04206464408333334,-0.07541981958666666,-0.15211697097199992,0.04435275466666667,-0.02634470183166666,-0.5348323026666667,-0.13997911384666667,-0.2807626077999999,-0.37572305106666665,-0.04341763715133333,0.03690814763666667,-0.8191354898,0.025802134702999996,-0.23616234360000002,-0.7365004580333336,0.1628621633166667,0.016757975128999993,-0.8505152319,0.050159161588100014,-0.23701408950000005,-0.7628848488666665,0.14306438722333334,-0.09093999597666669,-0.8810647026666664,0.02198913211106667,-0.3432162652666666,-0.7819719408666667,0.14207732059666664,Donner_g_ch2_g20_compr.mp4,ch2g20
4883.333333333333,-0.26037952290000005,0.41807985929999997,-0.1875124317,-0.23158463196333332,0.4392259324333334,-0.20336481586666666,-0.23190840270000002,0.4413398484333334,-0.19130783213333336,-0.2342067255866667,0.44002614576666665,-0.1935745151,-0.25050168985000004,0.4529101931666667,-0.19234225956666662,-0.24863061883000004,0.4523142690333334,-0.2050989951,-0.24292351923666664,0.4419086141333333,-0.18415261646666664,-0.11712737844666665,0.4363705135666667,-0.17481933910000003,-0.20027697316,0.39563006999999994,-0.07819862238000001,-0.20543117624,0.41128869083333336,-0.16879270350000006,-0.22372160086333337,0.3798041937999999,-0.16771319699999995,-0.014048722443033328,0.26872908623333336,-0.12920966443333332,-0.22273888137000003,0.32024030049999996,0.11080684386000002,-0.1028309086945,0.11735814503333339,-0.2035570261666667,-0.29877633996666664,0.11881956963333339,-0.0231350794251,-0.110601864346,0.28891135836666665,-0.18498491396000005,-0.27393012056666666,0.2750975564666667,-0.19776630769999995,-0.12415061443333333,0.3432708099000001,-0.17974970358333328,-0.23553230114333337,0.3246053553000001,-0.23982681186666666,-0.09698612610989998,0.3612496450666667,-0.17361084893666667,-0.2128698776,0.37687760623333333,-0.22505592306666664,-0.08845758064466666,0.2949968462333334,-0.1809707360633333,-0.2630304729,0.3008185782666667,-0.124741562,0.07609805385666667,-0.15269880296889995,-0.04262059324666667,-0.07502700436333334,-0.1529357029646666,0.04491306771,-0.028848516534999997,-0.5331390380000001,-0.14266948173333335,-0.2847744886666666,-0.3734281157666667,-0.042514678417666665,0.03448472016500001,-0.8151016302333333,0.024019211199666667,-0.23973708400000004,-0.7322405315333336,0.1651320999166667,0.014339875072333322,-0.8466683560666667,0.048685957044766685,-0.24093330750000005,-0.7584037438333331,0.14553238559,-0.09405760538333335,-0.8790578705666665,0.02203641039106667,-0.3483000805333333,-0.7778259788666667,0.14632726909666666,Donner_g_ch2_g20_compr.mp4,ch2g20
4900.0,-0.2689300819666667,0.4136134865666667,-0.18920372243333333,-0.24022079263999999,0.4350859865333334,-0.20493160886666664,-0.24060896534333334,0.4372049331666667,-0.1928478527666667,-0.24291496008333333,0.4358204419999999,-0.1951250455,-0.25956537008,0.44880376890000007,-0.19400940249999996,-0.2576972452533334,0.44817515956666676,-0.2067608863333333,-0.2518250313466666,0.43781841029999996,-0.18580145776666662,-0.12573573778333333,0.4338284231666667,-0.17582919030000002,-0.20875776063333334,0.39237248146666653,-0.07974932774,-0.2140741199466667,0.4076152983,-0.1703120760666667,-0.23199487730000004,0.37603070916666664,-0.1693995621333333,-0.022155833043033334,0.26717002146666674,-0.13073950629666664,-0.2305881857333334,0.31675392049999995,0.10990373342666668,-0.11127885158116667,0.11378622146666673,-0.2032389519666667,-0.3049259687,0.11522384050000005,-0.024481998395100003,-0.119969176586,0.2863251614999999,-0.1820377623266667,-0.2804835837,0.2722848162666667,-0.19838510573333332,-0.13407934977333333,0.34052147810000005,-0.17631744618333328,-0.24218275320000004,0.32214057706666677,-0.23995515156666666,-0.10669060121656664,0.35857762546666666,-0.17035163766,-0.22006328104666667,0.3745802554666667,-0.22498863786666665,-0.09753314479133332,0.29276212900000004,-0.1780101040733333,-0.2698212748,0.29809815103333337,-0.125595346,0.07551383470666666,-0.15188999454556665,-0.04318471718333333,-0.07457786896333335,-0.15373080822133328,0.04548006223333333,-0.03145669108833333,-0.5314746766333334,-0.14528927822666668,-0.2887784058333333,-0.37139525166666665,-0.04123539277766666,0.03179245026703333,-0.8112697231,0.021917771402999994,-0.24322300503333338,-0.7282845553666668,0.16771126144999998,0.011629663235666669,-0.8430151099,0.04685243348143334,-0.2446866278666667,-0.7542465085999999,0.14828778562333336,-0.09764243411333334,-0.8772250396666665,0.021732371444400003,-0.35296479863333324,-0.7742451583,0.15072474082666668,Donner_g_ch2_g20_compr.mp4,ch2g20
4916.666666666667,-0.2768669714,0.40937417573333335,-0.19072269463333333,-0.24826983491333332,0.4311324303333334,-0.20621573829999998,-0.24870722813333335,0.4332650164666667,-0.19412693666666667,-0.25101930403333333,0.4318140363333332,-0.19641830933333335,-0.2680203073333334,0.4448762082666667,-0.1954895487333333,-0.26616376366666666,0.4442108089333334,-0.20821792733333333,-0.26012853576666667,0.4338958346,-0.1872528070333333,-0.13383578041000002,0.43134697260000004,-0.17624970256666667,-0.21691491158333334,0.3891402705999999,-0.08114986908666666,-0.22212562923666668,0.4040450436666667,-0.17160588230000004,-0.23975134694000003,0.3723816681333333,-0.17092083656666662,-0.029911726009699997,0.26565708766666674,-0.13162500233333332,-0.23814296493333337,0.3132474259333333,0.10919161066000002,-0.11872901071783334,0.11121838483333339,-0.2025697040666667,-0.3108717694666666,0.11184433016666671,-0.024471592448433336,-0.12853086387266666,0.28412113769999997,-0.1796106274266667,-0.2870358939666666,0.2701396292,-0.19570936156666666,-0.14324519061,0.3381005540000001,-0.17350864904999994,-0.2488254412666667,0.32065360806666676,-0.23655953456666662,-0.11577773685656664,0.35609070286666666,-0.16765544985999997,-0.22747632761333333,0.37333087456666675,-0.22148617506666662,-0.10589396069133332,0.29080664166666675,-0.1756158443733333,-0.27674390326666665,0.29614193180000004,-0.134236425,0.07489087080333333,-0.15111172983889998,-0.04370848666666667,-0.07408470907333334,-0.15449985760099996,0.046006298976666665,-0.034037283838333335,-0.5301840692,-0.14769004504333336,-0.2927452300666667,-0.3698790217666667,-0.039604150858,0.029400923328599997,-0.8079985545999999,0.020066495592999993,-0.24694193950000007,-0.7253069351333333,0.17051946025,0.009281562842333333,-0.8399246090666667,0.045252710504766674,-0.24874584373333333,-0.7511673008666666,0.15127708399000003,-0.10046359734000002,-0.8758760116999998,0.021590378901066666,-0.3578467100999999,-0.7717118396999999,0.15538192937333334,Donner_g_ch2_g20_compr.mp4,ch2g20
4933.333333333334,-0.2842294921,0.4055898788333333,-0.19142411713333332,-0.25567689616666667,0.42761656093333344,-0.20656558479999995,-0.25615738996666665,0.4297642111666667,-0.19449705220000002,-0.2584754984,0.4282465965999999,-0.19679748526666668,-0.27575047793333335,0.44138846630000006,-0.19611403849999995,-0.2739068751666667,0.4406895274333334,-0.2088133221,-0.2677135107,0.43041485579999994,-0.18786543249999998,-0.14131322867333335,0.428987785,-0.17577032576666665,-0.2242036434766667,0.3861238523999999,-0.08181266515999999,-0.22961968733666666,0.4007583164,-0.17207986490000005,-0.24690538026666667,0.369057681,-0.17168386839999994,-0.03710823707636667,0.26421427676666676,-0.13183253226666666,-0.24515932370000004,0.30975109993333333,0.10884209746000001,-0.12487047822116668,0.10905216526666672,-0.2015114067,-0.3163086652666666,0.10854786853333337,-0.024164970448766667,-0.136240603986,0.28201958916666664,-0.17715414219333336,-0.29299946979999997,0.26794051780000006,-0.1935834606,-0.15151200396333334,0.3357314660666668,-0.1707333981833333,-0.25480640230000007,0.3190793510333334,-0.2338913083333333,-0.12412129909989997,0.35364168706666665,-0.16485903436,-0.2341244240666667,0.3719534350666667,-0.21872291563333332,-0.11345251647133332,0.28893647840000003,-0.1731299417733333,-0.2830094133999999,0.29410380163333333,-0.142589718,0.07428825877999999,-0.15035483429889998,-0.044149090036666665,-0.07360174108333334,-0.1552489383373333,0.046449626029999996,-0.036259328444,-0.5290953287666668,-0.14987516646000001,-0.29637457776666665,-0.3689578603,-0.038029714198333335,0.027491264108266664,-0.8051572667333333,0.018978336309666662,-0.2505984008333334,-0.7232494165666666,0.17333003928333332,0.007430451562333334,-0.8372686201333334,0.04446712164143334,-0.2527166068,-0.7490399653999998,0.15428950892333335,-0.10248889312000001,-0.8748309972333331,0.022357043211066668,-0.3624813874666666,-0.7700172717,0.1597396435933333,Donner_g_ch2_g20_compr.mp4,ch2g20
4950.000000000001,-0.29105364429999997,0.402080256,-0.19171784683333332,-0.2624550924,0.4243501747333334,-0.2065451424,-0.26299271576666666,0.4265125255000001,-0.19450329940000002,-0.2653130819666667,0.4249264768333333,-0.19679412556666667,-0.2828465648666667,0.43817402953333334,-0.19629441356666663,-0.28101614466666663,0.4374507396666667,-0.2089675064,-0.2746740380333333,0.4272122505333333,-0.18804290036666665,-0.14815158026333333,0.426704792,-0.17512926539999998,-0.23075935693333335,0.38333419213333325,-0.08208519659333333,-0.23660619486333334,0.3976544303333333,-0.17222568566666674,-0.25354715613333334,0.365960119,-0.17205816273333327,-0.04369142581636667,0.26274378546666677,-0.13189459833333333,-0.2515010110333334,0.30631022809999997,0.10876077339333334,-0.12994210030916667,0.10700379803333339,-0.20036192616666668,-0.3208131005333333,0.10530291966666672,-0.023890481150433334,-0.143177165776,0.27995059176666665,-0.1747606377266667,-0.2984323507333333,0.26566139113333337,-0.19285145796666667,-0.15910900727966665,0.3333833281666668,-0.16805732744999996,-0.2602937276000001,0.3173984603000001,-0.23287975939999997,-0.13179840318989997,0.35122499686666664,-0.16208004999333334,-0.2400690995,0.37034952573333335,-0.2176264499333333,-0.12034715623466666,0.2871112292333333,-0.17065154634,-0.2886456057666666,0.29199642973333334,-0.148761183,0.07370633054,-0.14962924645889997,-0.044569598196666664,-0.07313144877333333,-0.1559666794323333,0.04687192494,-0.03815238952826666,-0.5283773242333335,-0.15191689179000004,-0.2993790303666667,-0.3686400909,-0.03584983930566667,0.025880799411266663,-0.8027963982666666,0.018093672932999995,-0.25417065523333343,-0.7220945050666666,0.17733797331666665,0.005873832989000001,-0.8350760156000001,0.04387851770143334,-0.2565913428333333,-0.7478382721999999,0.15852081982333335,-0.10437605764333334,-0.8739328922999998,0.0232129133844,-0.36699363093333326,-0.7690184249999998,0.1650837071333333,Donner_g_ch2_g20_compr.mp4,ch2g20
4966.666666666668,-0.29748463579999995,0.399135556,-0.19174725876666665,-0.2687828451666667,0.4216362123333334,-0.20629718606666667,-0.2693703765,0.42380371493333335,-0.19428414900000004,-0.27169597100000004,0.42215996299999997,-0.1965546659,-0.28943755260000004,0.43552926613333337,-0.1961990312333333,-0.2876206760666666,0.43477838130000007,-0.2088353465333333,-0.2811427592666666,0.4245711409333333,-0.18793934326666667,-0.15442271446666667,0.42471930763333327,-0.17443117729999996,-0.23663678320000003,0.38099841126666667,-0.08207447309666666,-0.2431791619,0.39500355350000005,-0.17216517603333337,-0.25975105416666666,0.3633508879333333,-0.17216415419999995,-0.04983172073636667,0.2613997164000001,-0.13195587663333333,-0.2570709202666667,0.3030600335,0.10907620342666667,-0.13429611402466668,0.10529482956666672,-0.19918423523333334,-0.32469235059999996,0.10244909246666672,-0.0231295203091,-0.14942477927333334,0.2781028865333333,-0.17186046096000004,-0.3035002977333333,0.26341590436666673,-0.1916568686333333,-0.16604789209333332,0.33123366876666677,-0.16481599258333332,-0.26539218723333335,0.31574425460000005,-0.2314199110333333,-0.13877409907656663,0.34893014453333326,-0.15870442812666666,-0.24566401316666664,0.36870692303333336,-0.2161172285333333,-0.12659750956466664,0.2854538048333333,-0.16763271560666665,-0.2938708002333333,0.28983982936666663,-0.194459513,0.07311930897999999,-0.14893035632423332,-0.04499091859666666,-0.07265309592,-0.15665975941833332,0.047294061549999995,-0.03995563626293333,-0.5279971012333334,-0.15340707989000002,-0.3016993696333333,-0.36879312483333326,-0.033482299879666666,0.024383929510599995,-0.8012185183,0.017582163132999994,-0.2572824940333334,-0.7216430714,0.18122098418333332,0.004427640342333334,-0.8336769078333335,0.04362451263143333,-0.2600167487333333,-0.7473541572999999,0.16260862929000003,-0.10627605503,-0.8736004235666666,0.024346150231066666,-0.37090917826666664,-0.7686845296999999,0.17037691301666666,Donner_g_ch2_g20_compr.mp4,ch2g20
4983.333333333335,-0.30362291833333327,0.3967419819333333,-0.1913152269,-0.2748161515,0.41943673336666676,-0.20568507916666667,-0.27544691903333335,0.42160297780000006,-0.19370190946666668,-0.27776401936666667,0.41991660109999995,-0.19594587796666668,-0.2956488527666667,0.4334060473666667,-0.19564703959999996,-0.29385972369999996,0.4326111096666667,-0.2082371871,-0.2872364137999999,0.4224214219333334,-0.18737920263333335,-0.1601267163033333,0.4230987208999999,-0.17356605609999995,-0.2417607565666667,0.3790409867666667,-0.08153466574333332,-0.2493214431333333,0.39283455440000004,-0.1717432312666667,-0.2655034050333333,0.36120976393333337,-0.17176118356666664,-0.05531885206303334,0.26032304096666675,-0.13183953506666668,-0.26160197993333334,0.3000301168,0.10996334702666667,-0.13792429944666668,0.1040767828333334,-0.19785918773333336,-0.32769060479999995,0.09997548580000006,-0.0214319905791,-0.15510933882666667,0.2764931657333334,-0.16822455132666672,-0.3081348718,0.2612703706333334,-0.18870587006666664,-0.17246783580333333,0.3292674585666667,-0.16067768778333333,-0.27008010793333337,0.31408807796666666,-0.22786900306666663,-0.1452171293033333,0.34670610856666656,-0.15434240725999998,-0.2509403524333333,0.3669144524333333,-0.21249290996666662,-0.13233359929666666,0.28398701600000004,-0.16381369750666666,-0.2987000773333333,0.2876911683333333,-0.20198226,0.07250931491333332,-0.1482784758155666,-0.04541573045999999,-0.07214154079333333,-0.15730594527733335,0.04771599438666667,-0.0417447999106,-0.5276930539666668,-0.1546434514566667,-0.3035531888333334,-0.36903077649999994,-0.03042404873299999,0.022838326994266665,-0.8000737634,0.01631951553633333,-0.25985732080000007,-0.7213171611666664,0.18550426285333332,0.0029043059956666674,-0.8327032043666667,0.042461329354766666,-0.26286886923333336,-0.7469800308666665,0.16706255385333335,-0.10830907359666665,-0.8734756134333331,0.02441504425773333,-0.37391522229999996,-0.7685026302333333,0.17625971376666666,Donner_g_ch2_g20_compr.mp4,ch2g20
5000.000000000002,-0.30881269426666663,0.39456267673333334,-0.19092566883333328,-0.2799830074666666,0.41745329343333337,-0.20510416880000001,-0.28064569426666663,0.4196124866333334,-0.1931507045666667,-0.2829534282333333,0.4178878835,-0.195367247,-0.30100050100000003,0.43145252900000003,-0.19512741673333328,-0.29924122096666667,0.43061312820000003,-0.20767393513333332,-0.2924692481333333,0.42043945823333334,-0.18685223350000002,-0.16502538861999996,0.42172060389999994,-0.17269669503333326,-0.24635262040000003,0.37724912610000005,-0.08093441045999998,-0.2544794607333333,0.3909011267333334,-0.17133602873333337,-0.2703651482666667,0.35927024866666674,-0.17137282503333334,-0.05968540948636668,0.25952363540000006,-0.13164884070000002,-0.2655469252666667,0.2972291197,0.11096217759333334,-0.14016246503333335,0.10334693986666671,-0.19675187400000002,-0.3299955630999999,0.09762155930000004,-0.019562946745766665,-0.159983455,0.2751460848666667,-0.16521814026000006,-0.31234381056666666,0.2589783286333334,-0.18571982859999997,-0.17825206460333332,0.32755101666666675,-0.15725922678333334,-0.27451111573333337,0.3122447209,-0.22430639766666663,-0.15108535870666664,0.34470567039999994,-0.1506149120933333,-0.25588874443333326,0.36492939523333334,-0.20886733573333327,-0.13739088250666665,0.2827579076,-0.16060556517333333,-0.30322247150000003,0.28537637030000007,-0.205626845,0.07190258264999999,-0.14767725157189995,-0.04584554203666666,-0.07162827923666666,-0.15790472282766665,0.04813843647,-0.04345510589326666,-0.5274806130666667,-0.1559495655466667,-0.30482595263333334,-0.36969409226666666,-0.027437543136333325,0.020917108956933328,-0.7994078126,0.014693324929666662,-0.2617857257666667,-0.7215162645333331,0.18971678336666664,0.000981247692333333,-0.8321928793333334,0.0409014367981,-0.2650590558,-0.7471437409999999,0.17145628193666668,-0.11064147810666665,-0.8735280039333332,0.023971302827733333,-0.37636384269999995,-0.7687263735333333,0.18206856873333332,Donner_g_ch2_g20_compr.mp4,ch2g20
5016.666666666669,-0.3137360409333333,0.3927695498666667,-0.19020778899999996,-0.28478031349999994,0.41585366173333344,-0.2042385206,-0.2854555646,0.4180001290333334,-0.19232432490000004,-0.2877546335333333,0.4162481756333334,-0.19450558440000001,-0.3059087661666667,0.42995169596666666,-0.19425292719999995,-0.3041822826,0.4290588059666666,-0.20673976496666666,-0.2972653830666666,0.41890337106666664,-0.1859656829666667,-0.16914707551999997,0.4204983709,-0.17177978983333328,-0.2501184721666667,0.3759076779,-0.07986667495666665,-0.2592547279333333,0.3892301959666667,-0.17066962943333336,-0.27485587943333334,0.35766072060000004,-0.17061507416666666,-0.06325070365636667,0.25870677460000013,-0.1312824459666667,-0.2686372939666667,0.2946821327333334,0.11245676381666667,-0.14105435944666667,0.10269680420000005,-0.19544030906666668,-0.33150977756666655,0.0953987103666667,-0.016776915132433328,-0.16404843155333335,0.27384742580000004,-0.1616884058266667,-0.3159021944666667,0.2566170260666667,-0.18137055289999998,-0.18339635387333333,0.3258871758333334,-0.15326530828333332,-0.2784340341666667,0.31038074753333333,-0.21931475753333332,-0.1565878069533333,0.34277282289999994,-0.14625258522666662,-0.2604195209666666,0.3628498468,-0.20379088463333328,-0.1417666315333333,0.28158275036666675,-0.15682772594000002,-0.3071847637666667,0.28298629953333343,-0.21321708,0.07129545259666666,-0.14714191855423328,-0.046265152029999985,-0.07110883072,-0.1584370980883333,0.048543664609999995,-0.04494781496926666,-0.5273765284666667,-0.1568051202,-0.30540791650000004,-0.3703102215,-0.024695212902999992,0.019004933963599997,-0.7991552697333334,0.013272697642999995,-0.2633104791333334,-0.7222171053999997,0.19318938499999996,-0.0009578181543333327,-0.8320965781,0.03946626138143333,-0.26685949803333336,-0.7478774224999999,0.17505876306666668,-0.11285480122999998,-0.8737756075999998,0.023645596847733336,-0.37835751696666664,-0.7694006311999999,0.18642953486666666,Donner_g_ch2_g20_compr.mp4,ch2g20
5033.333333333336,-0.3179073910333333,0.3913501228666667,-0.18945316289999994,-0.28879204933333325,0.41460041050000007,-0.2033442989333333,-0.28947449866666664,0.41672943600000006,-0.1914680545,-0.29176495076666664,0.4149547906000001,-0.19361668576666669,-0.31004355823333335,0.42880977826666666,-0.19334362009999997,-0.3083459448333334,0.42786311693333334,-0.20577090286666663,-0.3013018910666666,0.41773019866666666,-0.18504611990000006,-0.17253351563333327,0.4194258171333333,-0.1708442954333333,-0.2532826051,0.37490356613333337,-0.07875746547666665,-0.2632944382,0.38786485026666667,-0.1699661237666667,-0.27865844813333335,0.3563839652666667,-0.16981733603333332,-0.06622596784636667,0.2579837255333335,-0.13082004803333333,-0.2711551019333334,0.2924332802666667,0.1140306118,-0.14095151548333332,0.10227234460000005,-0.1941046549,-0.33233318989999994,0.0932911581666667,-0.014002294829099994,-0.16746100478666667,0.27243614973333335,-0.15826270239333334,-0.31891600596666664,0.2540969608333334,-0.17724208166666666,-0.18798625871,0.32395218849999996,-0.14939966791666665,-0.28197249123333334,0.30828959206666673,-0.21482489856666664,-0.16177828656999996,0.3406494919333333,-0.1420463296266666,-0.26464306536666665,0.3605371091,-0.1992899690333333,-0.1455927412733333,0.2802861377333334,-0.15316608990666666,-0.31062537580000005,0.28043199813333336,-0.224202186,0.07068459513333335,-0.1466651833055666,-0.04665958961333332,-0.07058002824666666,-0.15890855649933336,0.04891792689333333,-0.0463023536496,-0.5275323866666667,-0.15730654276666667,-0.3058011064666667,-0.3711775495333333,-0.02228097221299999,0.017400055620266665,-0.7998122652,0.011870591942999999,-0.2647870764333334,-0.7236132547999997,0.19595038043333332,-0.0025700988411666657,-0.8329517537666666,0.03810373856476667,-0.2686139592666667,-0.7493577634666666,0.17789214633333333,-0.11464763854666665,-0.8747738388999997,0.023239791291066667,-0.38032689813333337,-0.7706926373666666,0.18969850293333332,Donner_g_ch2_g20_compr.mp4,ch2g20
5050.000000000003,-0.32127045596666665,0.39014823096666673,-0.1886765506333333,-0.2920413642666666,0.41354728980000005,-0.20239180129999998,-0.29272087159999993,0.41565803060000006,-0.19055232896666668,-0.29500869909999994,0.4138691237666668,-0.19267616866666668,-0.3134160109,0.4278539423,-0.19239506283333332,-0.3117455568333334,0.4268525380666667,-0.2047492971333333,-0.30459723059999994,0.41675066736666666,-0.1840852562666667,-0.1752844920333333,0.4184782602333333,-0.16970090249999997,-0.25592619380000003,0.3740509912333334,-0.07742865442666665,-0.26655349303333326,0.38669918806666664,-0.16915815446666665,-0.2817408944,0.35528915710000014,-0.16893426393333333,-0.06858225382303333,0.25734550683333346,-0.1299072676,-0.27324522523333333,0.2904019569666667,0.11594095034333333,-0.13971545093666665,0.1020825932333334,-0.19215300163333338,-0.33262826763333325,0.09121618313333335,-0.010988312949099997,-0.16990903559666667,0.27087814293333334,-0.15419887856,-0.32132950829999996,0.25151106300000003,-0.1739045483666667,-0.19170058748333335,0.32180414346666664,-0.14487439634999996,-0.28494280226666663,0.30610558050000003,-0.21132040969999996,-0.16622130966333332,0.3383457376333333,-0.13722461535999997,-0.26833667133333333,0.3581948194333333,-0.19577716879999996,-0.14850636580666665,0.2788097197666667,-0.14884541327333337,-0.31346960166666676,0.27784277833333343,-0.228950396,0.07006438036666668,-0.14624516333783327,-0.047024136713333324,-0.0700357231,-0.159326284787,0.04926305790333333,-0.04750792852626667,-0.5279788075666667,-0.15727445310000002,-0.3059650261666667,-0.3723794975666666,-0.020894416679666655,0.0158899135836,-0.8012786904333336,0.011004831499666665,-0.2660522302000001,-0.7255021180666664,0.1973692357,-0.0041029638216,-0.8346641793333334,0.03724288563476667,-0.27013975026666665,-0.7513376927,0.1793785183,-0.11628858569333332,-0.8765527474666664,0.022999960207733334,-0.3820586336,-0.7725201972333333,0.1914547662,Donner_g_ch2_g20_compr.mp4,ch2g20
5066.66666666667,-0.3240710596666666,0.38915937203333345,-0.18778181736666663,-0.2947349080999999,0.41269894883333347,-0.2012909214,-0.29541075869999994,0.41479003993333335,-0.18949129230000003,-0.2976942231333333,0.4129924507000001,-0.19159271566666666,-0.31624040729999997,0.4270722095,-0.19130418806666666,-0.31459410303333335,0.4260181187666667,-0.20358631166666666,-0.30735080426666656,0.4159451026666667,-0.18298915020000003,-0.17754110079999993,0.41773630956666663,-0.1683654604333333,-0.2581591715666667,0.3733494723666667,-0.07592431378333332,-0.26926306306666664,0.385758746,-0.16820538366666665,-0.28431284276666663,0.35438843556666677,-0.16792124673333333,-0.07028967900636666,0.2569337361000001,-0.12876778599666666,-0.2749786569666666,0.28863070560000004,0.11800746770333333,-0.13731668791333335,0.10219617086666671,-0.19022888670000002,-0.33231765193333324,0.08926762036666669,-0.00781328143243333,-0.17168280724333332,0.26913894000000005,-0.15044286952666666,-0.32311821986666667,0.24866379283333337,-0.17047934113333335,-0.1948362217,0.3193179552666666,-0.14068258271666664,-0.28735003270000004,0.3035203065,-0.20798977516666664,-0.17025042148666664,0.33576261043333333,-0.13272841645999997,-0.27143746039999994,0.3555181685333333,-0.1925035734333333,-0.15085108053666665,0.2771257683333333,-0.14484366274,-0.3156693697000001,0.2749888672333334,-0.225098044,0.06945737374000001,-0.14587523113999995,-0.04734816854666665,-0.06949964537999999,-0.159693014766,0.04956724809666667,-0.0486989935836,-0.5288562475666667,-0.15693202663333333,-0.3060259918,-0.37369595153333324,-0.019861318978333323,0.014446363583600002,-0.8031094689333335,0.010714787413,-0.2670218010666667,-0.7278727338666665,0.19798960533333332,-0.005572283129310001,-0.8367046370666666,0.036947216651433336,-0.2713159967666666,-0.7538387532666666,0.1800002801666667,-0.11784141286,-0.8787408657666665,0.023144304504400002,-0.38342240473333333,-0.7749374735333332,0.1920813635,Donner_g_ch2_g20_compr.mp4,ch2g20
5083.333333333337,-0.32615222436666663,0.3886113331333334,-0.18681063866666664,-0.29681513256666664,0.4122601116333335,-0.20003707559999998,-0.2974742282666666,0.41433273123333336,-0.18828170493333332,-0.2997535730333333,0.4125278874000001,-0.1903647899333333,-0.3184838879,0.42662236133333337,-0.1901309456333333,-0.3168591922666667,0.42551912259999997,-0.20234033266666665,-0.3095367732999999,0.41547788546666664,-0.18181359610000003,-0.17943139133333327,0.41730649253333335,-0.16663752623333333,-0.2602442528,0.37277648893333337,-0.07434560566666666,-0.27131675253333337,0.3852280302,-0.16709286893333328,-0.2863197212333333,0.3538326560333334,-0.16683872389999999,-0.07137091607000001,0.2568889084333334,-0.12718968002666667,-0.2764944576999999,0.2869510526666667,0.12002518724666666,-0.13369938651666669,0.1027027020666667,-0.18827426263333338,-0.3312974349999999,0.0870399832,-0.004837484525766663,-0.1726443012,0.26721462193333345,-0.14698649006,-0.32414101966666664,0.24536298396666673,-0.16735989876666668,-0.19720694203333336,0.3165029451333333,-0.13700215435000002,-0.28903983283333334,0.30041777746666665,-0.2051656837333333,-0.17363721428666665,0.3328850859333333,-0.12879038676,-0.2739193481333333,0.3524235003666667,-0.18981828979999996,-0.15250319412,0.2752002105,-0.14116728254000002,-0.31714477836666677,0.2717104637666667,-0.226846352,0.06892557290333334,-0.1455266429146666,-0.04757797651999999,-0.06903026973,-0.16003737431499998,0.049780362143333326,-0.049553837569999995,-0.5298480241333333,-0.1565526709,-0.3058185636666667,-0.37508213403333324,-0.019527298461666658,0.013187797663600002,-0.8049569705333334,0.011012863039666665,-0.26784381966666665,-0.7305161084666666,0.19733042166666664,-0.006868135856643334,-0.8387544308666667,0.03729450820809999,-0.27232002409999995,-0.756634831,0.1792885490666667,-0.11902553686333332,-0.8810084390333333,0.023875968315066665,-0.3844976536333333,-0.7777155128999999,0.19097918023333332,Donner_g_ch2_g20_compr.mp4,ch2g20
5100.000000000004,-0.32680174709999993,0.38890343563333346,-0.1859406701333333,-0.2976012557666667,0.4125906690666668,-0.1987223769333333,-0.2982448924999999,0.4146420118,-0.18700731936666667,-0.30051230093333325,0.41283379036666684,-0.18907535519999996,-0.3195503103666667,0.4268268331,-0.18904152323333331,-0.31794984303333335,0.4256705128333333,-0.20118337026666666,-0.31056298696666657,0.41565263040000006,-0.1807262375,-0.18057282276666664,0.4174918252333334,-0.1644289101666667,-0.26212122889999995,0.3724193319666667,-0.07278236309333334,-0.2721057114,0.38547520073333336,-0.16588246149999994,-0.28722921313333327,0.35393236070000006,-0.16581808326666667,-0.07179652788,0.2574191266666667,-0.12521102163999998,-0.2777343614666666,0.2854005877,0.12202071922333332,-0.1286621973666667,0.10402759313333337,-0.1859000854666667,-0.3292850897999999,0.08453372410000001,-0.0022528358957666656,-0.1726154262333333,0.2653788257000001,-0.14421757316,-0.3243242344333333,0.24155578596666671,-0.16564930210000003,-0.19876872553333336,0.31351999589999996,-0.13424767125,-0.2900112996333334,0.2967505202333333,-0.20383622199999998,-0.17654064046666662,0.3298477296,-0.12578924026,-0.27578814349999997,0.34879317713333335,-0.18867016573333328,-0.15334540203333333,0.27330628186666667,-0.1381980876066667,-0.3178484727666668,0.2679276649333333,-0.225731626,0.06843485630666667,-0.1451918767496666,-0.04776480541666666,-0.06859408691333334,-0.160367115483,0.04995204839333332,-0.04988070940999999,-0.5307693311333334,-0.15618972626666663,-0.30531806446666665,-0.3770123057666666,-0.019068391651666655,0.012210638496933336,-0.8069027879999999,0.010065184514333332,-0.2684722110666667,-0.7335227296666667,0.19680886463333333,-0.007906510361276667,-0.8409257883333334,0.03626617472809999,-0.2731244046666666,-0.7597742453666665,0.1786759345,-0.12007201684333332,-0.8834193555,0.023037619549399996,-0.38543300049999996,-0.7807755189333332,0.1900345052,Donner_g_ch2_g20_compr.mp4,ch2g20
5116.666666666671,-0.32644660873333325,0.39007745440000013,-0.18479434763333333,-0.29749698339999997,0.41373516966666674,-0.19700681023333333,-0.2981190377999999,0.4157621817666667,-0.18533270453333334,-0.3003685037333333,0.4139644131000002,-0.18738811659999996,-0.3197306005,0.42777032496666667,-0.18769133696666668,-0.3181550220666666,0.42655645836666667,-0.1997657249333333,-0.31071233829999995,0.4165601051666667,-0.17938213190000002,-0.18126024663333332,0.4184224285666667,-0.16156341985333333,-0.26369158179999996,0.3724531297666667,-0.07105582813333333,-0.2720079568,0.3865966680666667,-0.16432925189999995,-0.2872846946333333,0.35481330346666673,-0.16458728606666662,-0.07169124341666668,0.2587465608333334,-0.12274715461333333,-0.2786785785333333,0.2842323009,0.12411102829999998,-0.12260484678,0.1061244199666667,-0.1828069853666667,-0.32608553033333326,0.08205829900000002,0.0002336692775666667,-0.1718678156,0.26312217496666673,-0.14121080045999998,-0.3235814433666666,0.23728009346666673,-0.16444018213333336,-0.19968891993333335,0.30973944813333326,-0.13117973178333334,-0.29020312823333333,0.2924679066333333,-0.2030169760333333,-0.17904617409999993,0.3260408753333333,-0.12253015142666668,-0.27706051293333334,0.34454819509999995,-0.18817805736666662,-0.15358475516666667,0.2709293930666667,-0.13500516263999998,-0.31773838596666676,0.26366314929999995,-0.224383578,0.06799201937666667,-0.14487565080199996,-0.04789527812,-0.06820030460666668,-0.16067792722466667,0.05006684693999999,-0.04942423319999999,-0.5317631094333334,-0.1553034193666666,-0.3040616671,-0.3793733386333333,-0.018671326308333326,0.011637119750266666,-0.8094866809333332,0.009187269411,-0.26862790136666664,-0.7372443885,0.19542259669999998,-0.00856961434061,-0.8437656138666667,0.03524899756143333,-0.2734494441999999,-0.7636521514,0.17707357363333334,-0.12084438103666666,-0.8862161365666666,0.02215876593833333,-0.3859533520333333,-0.7843684412333332,0.18781812487000002,Donner_g_ch2_g20_compr.mp4,ch2g20
5133.333333333338,-0.32532065713333325,0.3916227227000001,-0.18393712753333333,-0.2966824372333333,0.41522016176666676,-0.1955834379,-0.2972899371999999,0.4172148463,-0.1839356417,-0.29951605600000003,0.4154351060666669,-0.18598090359999997,-0.31919368880000004,0.4289907989666667,-0.18665259886666666,-0.3176469997333333,0.4277236822333333,-0.19869217186666663,-0.31014180859999996,0.41773702273333335,-0.17836150023333333,-0.1814469502333333,0.4198020357000001,-0.15877160980333335,-0.2648621852333334,0.3726599439666667,-0.06963732811333334,-0.2711593570333333,0.3881427867,-0.1629742838333333,-0.2866034686666666,0.3560526111666667,-0.16363766236666663,-0.07099952909333333,0.2606748366666667,-0.12030801632333334,-0.2792865494,0.28332620203333336,0.12581027276666665,-0.11585373835666665,0.10877617400000003,-0.1800275964666667,-0.32160177589999994,0.07961776346666667,0.0020529291146666674,-0.17038951139333333,0.26047300780000004,-0.1390941525933333,-0.32234774046666664,0.23228300296666674,-0.1645505173,-0.19986163083333333,0.30530767489999994,-0.12901359518333336,-0.2901198963,0.2872747178666666,-0.2035937170333333,-0.18092449303333327,0.32162712553333334,-0.12031475829333334,-0.2780742598,0.33939326156666666,-0.1891891438666666,-0.15313597639333335,0.26810447363333345,-0.13277439647333333,-0.3172041863,0.2586566164333334,-0.215652093,0.06757946881,-0.1445904801643333,-0.04800294286,-0.06782892868,-0.16096024607599996,0.05016048533999999,-0.04841520537033332,-0.5328447201666666,-0.15405328693333328,-0.30212674536666667,-0.38246139866666656,-0.01719878911833333,0.011900203786933333,-0.8123577393333332,0.008591756997666665,-0.2682156915333333,-0.7413704644,0.19502681886666665,-0.008359998852609999,-0.8469049388666667,0.034570409794766666,-0.2731763039,-0.767917275,0.17642408933333334,-0.12080417149666665,-0.8893998312333333,0.021738306579666664,-0.3859125933999999,-0.7883249359666664,0.18653267643666666,Donner_g_ch2_g20_compr.mp4,ch2g20
5150.000000000005,-0.32375366593333327,0.3932803196333334,-0.1836890017,-0.2953876699,0.41683424163333344,-0.1947332238333333,-0.29596407756666665,0.4187849955666667,-0.1831040257666667,-0.2981655185666667,0.41704039823333355,-0.18514388599999998,-0.3181813058666667,0.4302956459000001,-0.18618653673333332,-0.3166604495,0.4289853695333333,-0.1982092967333333,-0.3091037053,0.41900932163333326,-0.1779216438,-0.18107418029999994,0.42135520100000007,-0.15635745181,-0.2657049557,0.3729398950666667,-0.06867489762666668,-0.2698386432666667,0.38979512680000006,-0.16214192286666665,-0.2855218097666666,0.3573816657333334,-0.1632528776333333,-0.06972060219666668,0.26291294043333335,-0.11801044798666666,-0.2794202465999999,0.28260749716666667,0.1270937567333333,-0.10777139222333333,0.11175485253333337,-0.17842452856666668,-0.31616557253333333,0.07717932106666668,0.003950771426666666,-0.16781565941666665,0.2572180716666667,-0.13938236192666664,-0.3206357927333333,0.22658763710000007,-0.1643194797666667,-0.198907882,0.30005251616666667,-0.12946174388333337,-0.2896831542,0.28116124426666667,-0.20387390853333331,-0.18194116649999992,0.3164791707,-0.12054899659333333,-0.2788798613,0.33346248119999994,-0.19006387629999993,-0.15174013295333336,0.2646398394333334,-0.13296273967333333,-0.31627893943333335,0.25297537490000005,-0.202841833,0.06720565109999999,-0.14435852875166663,-0.04809479933000001,-0.06748744299000001,-0.1611875366193333,0.05023856059333333,-0.04694042907999999,-0.5341525324999999,-0.15200601516666665,-0.29957163083333327,-0.38577752393333326,-0.015688372958333325,0.0121339134736,-0.8156880296666665,0.008654030238666666,-0.26734922676666667,-0.7458168099666667,0.19400981363333333,-0.008216867084276666,-0.8505233977666666,0.034477354341433335,-0.27245039036666663,-0.7725143527666666,0.17507996190000003,-0.12085774539333333,-0.8929233439333333,0.02162371031633333,-0.38534017723333325,-0.7926777161666665,0.18436082872666665,Donner_g_ch2_g20_compr.mp4,ch2g20
5166.6666666666715,-0.32159202949999993,0.3954275710000001,-0.18350901353333335,-0.29349422109999995,0.41890900183333335,-0.19390047739999997,-0.2940370981666667,0.42081149386666666,-0.18229508196666666,-0.29621003223333336,0.4191179042333335,-0.1843309397333333,-0.3164949722666667,0.4320562499000001,-0.1857770503333333,-0.3150010562000001,0.4307023695333333,-0.19776772066666662,-0.30740056813333333,0.42072708719999996,-0.17753018233333331,-0.1802146326333333,0.4232819409333334,-0.15403777787666667,-0.2657808329333333,0.3735936328666667,-0.06784318261,-0.2679432846333333,0.39189796276666666,-0.16133658913333335,-0.28380226839999995,0.35915730396666673,-0.16296021336666663,-0.06776837595666668,0.26560255530000004,-0.11577587929666666,-0.27897194219999993,0.28234574753333336,0.12838463166666667,-0.09865278259,0.1153495500666667,-0.17671846979999997,-0.30970497243333334,0.07497098336666669,0.0061081032666666655,-0.1645384872733333,0.2534487782333334,-0.13904577599333331,-0.3180623825333333,0.22012920413333345,-0.16387881566666668,-0.19730965423333333,0.29389661996666666,-0.1292378425166667,-0.28846917546666667,0.2737665956666667,-0.20385683826666662,-0.18244836973333328,0.3105016791666667,-0.12042159216000001,-0.2788959952666667,0.32622337589999995,-0.19082942743333328,-0.14970554057333332,0.26059188833333335,-0.13259887020666666,-0.3144789447333333,0.2464340641333334,-0.10249994,0.06685682957,-0.1441903130813333,-0.048191930933333335,-0.06716361840666667,-0.1613484361566666,0.05032114866333333,-0.04517989860666666,-0.5358620312333332,-0.1488425642333333,-0.2966219295666666,-0.3891020266333332,-0.01381038405166667,0.012552177643599999,-0.8194661793333331,0.009542569478666666,-0.26582524626666665,-0.7502928743999999,0.19289472970000002,-0.007908516827609999,-0.8545762136,0.0351027885581,-0.27102133226666664,-0.7771420017666666,0.17357449658333335,-0.12092410622666666,-0.8966875858666666,0.021925342539666662,-0.38412480079999983,-0.7970636977999999,0.18180505605666666,Donner_g_ch2_g20_compr.mp4,ch2g20
5183.3333333333385,-0.3190425058999999,0.3976827917000001,-0.18328632510000004,-0.2911256228999999,0.42109572936666667,-0.19304797403333332,-0.2916143382333333,0.4229489760333333,-0.1814701398,-0.2937619676666667,0.4213149155666669,-0.18350349863333332,-0.3142475016666667,0.4339696663000001,-0.1853194128333333,-0.31278383393333337,0.43257516929999995,-0.1972678954666666,-0.3051327798,0.42259858559999997,-0.17708834303333332,-0.17858145516666665,0.42529475006666667,-0.15176779037666666,-0.2650166542,0.3745359902666667,-0.06691704787666666,-0.26556533429999996,0.3940723382333334,-0.1604984027666667,-0.2816041941333333,0.36105436086666676,-0.1625928898,-0.06515776702000001,0.2683482879666667,-0.11358539744,-0.2777345661666666,0.28262665826666666,0.129889716,-0.08873523032333333,0.11896833083333336,-0.17509461873333332,-0.30257328116666665,0.07324780166666667,0.009770804369666665,-0.16032629310000002,0.24885294716666673,-0.13887840165999998,-0.3151143357999999,0.21306611273333342,-0.16116105347666668,-0.1946314911333333,0.2868279144,-0.1292558123166667,-0.2868666315666667,0.26543761546666667,-0.20154699809999999,-0.18191967503333328,0.30357128816666673,-0.12061305966000001,-0.27851250096666674,0.31798625343333337,-0.18954121459999998,-0.14676584087,0.25564553433333337,-0.13243417117333334,-0.31227242646666664,0.23921815446666672,-0.127623156,0.06655163623666668,-0.14407707328899996,-0.048271961220000006,-0.06687019219,-0.16146320437999992,0.05038652042999999,-0.04270026255666665,-0.5375812685999999,-0.145940988,-0.29267788129999994,-0.3925116785666666,-0.012168813521666669,0.013495226873599999,-0.8234017130999998,0.010196044721666665,-0.26358975766666665,-0.7550423354,0.19109463143333333,-0.007108799445943334,-0.8587981198666668,0.035417283735,-0.26887898286666667,-0.7820682580999999,0.17137621071333334,-0.12049618908333333,-0.9005036322,0.022136241092999998,-0.3817654870333332,-0.8017021312333332,0.17840748190666667,Donner_g_ch2_g20_compr.mp4,ch2g20
5200.0000000000055,-0.31580647833333325,0.4000709988333334,-0.1830513343,-0.28811454673333325,0.42345284073333334,-0.19218703709999999,-0.28854139050000005,0.4252536373,-0.1806370923666667,-0.29065929406666674,0.42368843806666684,-0.18267137109999998,-0.3113343221666667,0.43605644876666677,-0.18484072446666663,-0.30990479203333343,0.4346230835666666,-0.19674316846666662,-0.3022010955666667,0.4246348471333333,-0.17662423243333333,-0.1762698693,0.42757356280000003,-0.14949526221,-0.2636629358666666,0.37578593346666667,-0.06596306820999999,-0.26243798239999994,0.3963981055000001,-0.15962881173333335,-0.2787181381666667,0.3630973362333334,-0.16218538426666665,-0.06182564361333335,0.27130361143333337,-0.11135340588333333,-0.27584813676666664,0.28354936100000006,0.13145187503333336,-0.07824109102333333,0.1228002180666667,-0.1733799078333333,-0.29518702983333334,0.07232842436666669,0.013680379436666666,-0.15511959952333337,0.24382739446666674,-0.13833312842666665,-0.3117812157333333,0.2057451618000001,-0.15825958207666666,-0.1907923212033333,0.2791690096000001,-0.1288482735166667,-0.28482667003333334,0.25647269889999996,-0.19920715666666663,-0.18027707309999996,0.2959824953333334,-0.12044519012666667,-0.2774910174333334,0.3090358709666667,-0.18828812083333332,-0.14283465267,0.25016322923333334,-0.13188966787333334,-0.3095864802333333,0.23164059663333342,-0.138735741,0.06630786094,-0.14401932638333328,-0.04831646118,-0.06662218049,-0.1615321447186666,0.050417608719999986,-0.039686233116666664,-0.5393783922,-0.14272784116666667,-0.2879484891666666,-0.3961643823333333,-0.010519232998333334,0.014902318906933333,-0.8278896845666665,0.01118462370533333,-0.2608628680333333,-0.7600907375666667,0.18950069543333334,-0.005875306810610001,-0.8636102690666667,0.036021336391666665,-0.26626264543333333,-0.7873102851333332,0.16942113739666667,-0.11964810316666666,-0.9048017350666667,0.02236991371633333,-0.3787911079666665,-0.8066633436999999,0.17520564259000002,Donner_g_ch2_g20_compr.mp4,ch2g20
5216.666666666672,-0.3120352731,0.40258299090000005,-0.18279609626666668,-0.2845728481999999,0.42595098463333336,-0.19131426913333333,-0.28491296073333333,0.42770024900000003,-0.17979581603333336,-0.28699583613333335,0.42620768996666686,-0.1818317105333333,-0.3078203775,0.43830607706666674,-0.18435313316666663,-0.3064282229666667,0.4368317476,-0.19620655529999997,-0.2986750909333334,0.4268212071,-0.17615076493333331,-0.1733155640966667,0.43002328389999994,-0.14723603857666667,-0.26173543539999994,0.37732862683333335,-0.06497971873,-0.2587315247,0.3988342566000001,-0.15871791026666668,-0.27529472750000006,0.3652646862666668,-0.16171939119999998,-0.058031987283333336,0.27446023070000003,-0.10895235720666667,-0.2732575515333333,0.2848721440333334,0.13309534023333333,-0.06733416672333332,0.1268755952666667,-0.17141029816666664,-0.2868835522666666,0.07176487883333335,0.018866889756666665,-0.14910177757116672,0.2383262036333334,-0.13777778499333332,-0.30762232596666667,0.19799517020000013,-0.15222649693999996,-0.18591111888333328,0.2709099908333334,-0.1285389835166667,-0.2819003561666667,0.24694722993333332,-0.19341647976666662,-0.17768163107666662,0.28758768376666677,-0.12047088072666666,-0.27561112023333334,0.2993380452333334,-0.18380502199999996,-0.13811440539,0.2440697753666667,-0.13137116410666666,-0.3060778776333333,0.22357635980000007,-0.131962031,0.06614562678333334,-0.14400834686666664,-0.048284263,-0.06643538524666667,-0.16156216378033325,0.05037195528666665,-0.036247833136666664,-0.5412079836,-0.13935873058333334,-0.28278890796666656,-0.4001072191333333,-0.009126480631666666,0.016778718696933332,-0.832824606633333,0.01282020179533333,-0.25780528536666664,-0.7658043499666667,0.1876275906333333,-0.004178590190610002,-0.8689017826666667,0.037317336591333336,-0.26330622423333333,-0.7932845917999999,0.16722197611000003,-0.11804429191666665,-0.9097528445666667,0.023294886068,-0.37514923933333316,-0.8125123058333332,0.17151079088,Donner_g_ch2_g20_compr.mp4,ch2g20
5233.333333333339,-0.30784396239999995,0.40532629326666675,-0.18234464473333334,-0.2806734651666666,0.42866353636666665,-0.19019589130000003,-0.2809211075333333,0.4303616242,-0.17871660290000002,-0.28296325806666667,0.4289396609000002,-0.18076384069999998,-0.3039264115,0.4407294708000001,-0.18365153036666662,-0.3025782144333334,0.4392175506666666,-0.1954445218333333,-0.2947819380666667,0.4291733256,-0.1754652932333333,-0.17009253905666671,0.4326436173333333,-0.14461330504333333,-0.25967997119999997,0.3789794688666667,-0.06372350564,-0.25461700416666666,0.40147770693333346,-0.15755957150000002,-0.2715318415666667,0.3676033480000001,-0.16101937039999997,-0.053940581786666664,0.27775390099999997,-0.10613208199333334,-0.27045684053333335,0.2862889792333334,0.13497770556666666,-0.05597363269,0.1311094507666667,-0.1692350087666666,-0.27818081243666665,0.07114401450000002,0.024780126606666668,-0.14249806928116673,0.23216106823333338,-0.1373303055933333,-0.30302838736666665,0.1894321419000001,-0.1447771527033333,-0.18034372958333328,0.26184533583333336,-0.1285208443166667,-0.27852222716666664,0.23640614203333335,-0.18604683978666664,-0.17452950126666666,0.2782805744333334,-0.12085473959333334,-0.27331436333333337,0.28852374256666674,-0.17778898562666665,-0.13287275744466664,0.23721003823333336,-0.13104514407333334,-0.3021363113666666,0.21461501553333337,-0.125608712,0.06605258011666668,-0.14403276164433332,-0.04821795161,-0.06629982118666668,-0.16156940312166657,0.05029225714666665,-0.032690512576666664,-0.5431058829333334,-0.13613593102666666,-0.2769630566,-0.40498088579999997,-0.007745923065000002,0.018734661104266664,-0.8382047543333331,0.01435908755533333,-0.25453740506666667,-0.7724474247333334,0.1859086267,-0.002387936587276668,-0.8746709837666667,0.03854901414266667,-0.26018041259999997,-0.8002216346666667,0.16520486676666668,-0.11625480032,-0.9153046968333335,0.023582578246966662,-0.3713600657666665,-0.8193458690666666,0.16789063671333337,Donner_g_ch2_g20_compr.mp4,ch2g20
5250.000000000006,-0.3034295048333333,0.4083797835666667,-0.18199724203333334,-0.2765488649666666,0.4316848141333333,-0.18921569836666668,-0.2766970053333333,0.43332461480000006,-0.17777712393333336,-0.27869812253333337,0.4319767997000002,-0.17985313436666667,-0.2997597339,0.44346601756666676,-0.1830753859,-0.2984503787,0.4419179192333333,-0.19479683639999998,-0.29062292613333335,0.4318237780666666,-0.17490303316666667,-0.16663281600000004,0.43543645256666663,-0.14224992601000003,-0.25731978569999997,0.38089208456666673,-0.06268003903666666,-0.25027156726666666,0.40437970810000007,-0.15651326213333333,-0.26752951933333335,0.3702083272666668,-0.16040630929999997,-0.049601507319999995,0.28113701593333335,-0.10340519891333333,-0.26724829170000003,0.28795749800000003,0.13667424573333334,-0.04423961495666666,0.13538869970000003,-0.16711548596666664,-0.26932945985,0.0705980940666667,0.03058177494333333,-0.13545940005450005,0.2253139245666667,-0.1374867324933333,-0.2983256305666666,0.18022741200000011,-0.13668024915666663,-0.17431941170666662,0.2520230735333334,-0.1291883731166667,-0.2750352849333333,0.2250552436,-0.17782885496966666,-0.1709580754,0.26816370126666667,-0.12189275396,-0.2708641574666667,0.27670262953333336,-0.17093324666999998,-0.12721898096033332,0.22961526160000004,-0.13136982350666665,-0.29807128799999993,0.20492519920000005,-0.122222252,0.06602577218333333,-0.14410343179799998,-0.04811583941666666,-0.06621856813666667,-0.16154161757833324,0.05017473739999999,-0.028970947053333335,-0.5451344426000001,-0.13307407769333332,-0.2706722204666666,-0.4100756141666666,-0.006819554321666669,0.020781059768933335,-0.8439431596999997,0.015940177371999997,-0.25110137509999997,-0.7796579734666667,0.18378127136666667,-0.00048684461061000175,-0.8807771657333334,0.03978317056233334,-0.2568998613666667,-0.8077737299333333,0.16280054626999999,-0.11422166106666667,-0.9211861950666668,0.02370019121863333,-0.36740676086666657,-0.8266874426999999,0.16347976011666668,Donner_g_ch2_g20_compr.mp4,ch2g20
5266.666666666673,-0.2987614613,0.4117704692666667,-0.18143372633333332,-0.2721608698666666,0.4350479406333333,-0.18805556596666667,-0.27220673013333335,0.4366255975000001,-0.17666237700000004,-0.27416371009999996,0.43536069046666687,-0.17877251256666665,-0.2952639621666666,0.44656960756666675,-0.18228814016666664,-0.2939925349,0.44498404573333333,-0.19392933946666666,-0.2861423466666667,0.4348263063999999,-0.17412846386666667,-0.16283227112333337,0.4384436950333333,-0.13987084014333334,-0.2543746173666666,0.3831527357666667,-0.061517924173333335,-0.24562903400000002,0.40756518696666677,-0.15532902313333333,-0.26318286463333335,0.37311792303333347,-0.15960536096666667,-0.04489580840666667,0.2845379844666666,-0.10072399547,-0.2635754972,0.2898916498333334,0.13843208679999996,-0.032149602523333334,0.13972245410000003,-0.16509112099999998,-0.2607998004833334,0.0704024497666667,0.03677051298333334,-0.1276714509545,0.21798815310000003,-0.13765279896,-0.2935422003666666,0.17106694226666674,-0.12808876518999995,-0.16742566792999994,0.24162120970000006,-0.1298745542166667,-0.27133565789999997,0.21355843771666666,-0.16914327760366668,-0.16662287189333333,0.2573847917,-0.12295016346000001,-0.26798335570000004,0.2647021408000001,-0.16361511423,-0.12083897281033336,0.22147327110000006,-0.13172089934,-0.29380160266666655,0.19521721830000005,-0.107878491,0.06603747153333334,-0.144209507592,-0.04799505780666666,-0.06616801098,-0.16148346241166658,0.050034834993333326,-0.025195365333333337,-0.5471490676666666,-0.13031722677333332,-0.2642716656,-0.41511951829999993,-0.006045239711333335,0.022893377359600002,-0.8495965171999997,0.016862405178666662,-0.24727304576666667,-0.7867990529666665,0.18123726639999999,0.0014804751093899981,-0.8867741937000001,0.04022328191566667,-0.25318767566666667,-0.8152531969333333,0.15997582727333334,-0.11220311524333335,-0.9268238447666669,0.02268765744196666,-0.3630288066666666,-0.8339657837666666,0.15863531968333333,Donner_g_ch2_g20_compr.mp4,ch2g20
5283.33333333334,-0.2936075683666667,0.41531626216666667,-0.1803298249666667,-0.2673208420999999,0.4385691565333333,-0.18636338963333335,-0.2672541687666667,0.44008455636666677,-0.17502551870000002,-0.2691639105666666,0.4389049654333335,-0.17718268669999995,-0.29024702629999993,0.44982648883333337,-0.18097720056666664,-0.28901678783333334,0.44820786230000004,-0.1925307239,-0.28115109843333336,0.4379840313333333,-0.17283129046666668,-0.15868329758333335,0.44153242163333334,-0.13719994681,-0.25095635229999996,0.38554611460000004,-0.060031848906666664,-0.24052411473333335,0.4108733679333334,-0.1536948399,-0.25835271136666665,0.3761545293333335,-0.1583372796,-0.0398376003,0.28800848576666666,-0.09788614630666666,-0.2595868542,0.2918709124666667,0.14037725359999997,-0.019418806389999998,0.1438918298,-0.16296473053333332,-0.2524118509166667,0.07017662863333336,0.04360025496,-0.11917157058116667,0.21008918776666669,-0.13800039066,-0.28874985083333327,0.16121907229000007,-0.11820755659666662,-0.15978090010666662,0.23058985323333342,-0.13081914355000004,-0.2675432587333333,0.20123052922666668,-0.15908751321366668,-0.1617204005566667,0.24597672149999997,-0.12429136409333334,-0.2649137319,0.2518466227000001,-0.15501432757666667,-0.11384107509700003,0.21272830263333334,-0.13228412997333333,-0.28946352963333327,0.18476735010000006,-0.120274574,0.06606565872666667,-0.14434953237533332,-0.04785750878999999,-0.06613059267333334,-0.1613953027026666,0.04987705479333333,-0.021371712223333342,-0.5490254546666666,-0.12792859546333332,-0.25769557106666663,-0.4201704779666666,-0.005452214956666668,0.02495283100893333,-0.8553333569666665,0.016945823481666664,-0.24329573806666666,-0.7940835034999998,0.17827249063333334,0.0034132805760566653,-0.8928641969666667,0.039739741439000005,-0.24933517416666667,-0.8229151190666667,0.15668512462000003,-0.11033138360333333,-0.9323387466333335,0.020646284598633328,-0.35858758213333325,-0.8413535750666667,0.15327504528,Donner_g_ch2_g20_compr.mp4,ch2g20
5300.000000000007,-0.28833115200000003,0.4189119891666667,-0.17902018176666668,-0.2623435626666666,0.4421403251333333,-0.18451039793333335,-0.2621593365666667,0.44359111946666674,-0.1732229307,-0.2640181481999999,0.4424994692333335,-0.17543699379999994,-0.28505546946666654,0.45315640363333337,-0.17946178076666663,-0.28386794640000007,0.4515015312333333,-0.19092669536666665,-0.27599501503333335,0.4412027238666666,-0.17133059550000002,-0.1543350075066667,0.4446471020666667,-0.13449382614333333,-0.24724667296666666,0.3880641386666667,-0.05836962475,-0.23527495520000002,0.4142181044333334,-0.15191290689999998,-0.2533636277666667,0.3792427542666668,-0.15686451043333333,-0.03466328830666666,0.29143400939999997,-0.09500671793333333,-0.2553838595,0.29391713350000004,0.1424560403333333,-0.00671677642333334,0.14769120123333335,-0.1607422283,-0.24416010815000003,0.06990935096666669,0.050721829839999996,-0.11049071111783333,0.20166577740000002,-0.13809033359333336,-0.28394564843333325,0.15076344877333342,-0.10785008852666662,-0.15188327411333327,0.21900300086666674,-0.13150691765000005,-0.2636904835333333,0.18819658872,-0.14847986083700002,-0.15662270090000002,0.23393544703333333,-0.12533323522666667,-0.2616960014666667,0.2382402455133334,-0.14585187979666664,-0.10666624581366668,0.2034167334,-0.13258307507333333,-0.2850512764333333,0.1736758170433334,-0.148816034,0.06610570932333334,-0.14452102603666664,-0.04771352159999999,-0.06610088099666665,-0.1612783150676666,0.04971015234999999,-0.01753094376333334,-0.5507394339333334,-0.12576276681666668,-0.251109229,-0.4250250150333333,-0.004572626761000001,0.0270181011546,-0.8609293236333333,0.016418592501166663,-0.2393530800333333,-0.8012160098666664,0.17540160929999998,0.005322398069056665,-0.8987975493000001,0.03860242071233333,-0.24551599463333332,-0.8304097693333333,0.15350711621333335,-0.10848450215666668,-0.9375909470000001,0.01785746646863333,-0.35419166309999994,-0.8484866298,0.14807814720666668,Donner_g_ch2_g20_compr.mp4,ch2g20
5316.666666666674,-0.2828817322666667,0.4225989238666667,-0.17764625746666668,-0.2571649651,0.4457948984999999,-0.1826051617666667,-0.25685944903333335,0.4471786038333334,-0.17136176076666668,-0.2586665198333333,0.4461732253666668,-0.1736405415666666,-0.2796377263999999,0.4566034356,-0.17786502746666663,-0.2784881344666667,0.4549120264666667,-0.18924259296666665,-0.27061834129999995,0.4445359922333333,-0.16974720756666667,-0.14974389840000005,0.4477535690000001,-0.13180041740999998,-0.24325970140000003,0.39071987326666674,-0.05667623841333334,-0.22984971583333333,0.41761550266666675,-0.15010207356666663,-0.24819996760000002,0.38242087346666676,-0.1553382813666667,-0.02916421419333333,0.2947527861,-0.09205148910000001,-0.2510954161,0.2959699065333334,0.14443947526666664,0.006174883243333323,0.15097387886666666,-0.15821849113333333,-0.23578057328333335,0.06934969066666669,0.05754241245333333,-0.10124652469116666,0.19268308673333334,-0.13785167809,-0.2789617355333333,0.13971907516666673,-0.09796894500666663,-0.14329320532999995,0.20684038476666675,-0.1318623431266667,-0.2596381485333333,0.17451622669333333,-0.138352690337,-0.1508852009826667,0.22130860116666665,-0.12604647012333334,-0.2582125970333334,0.22395299129666674,-0.13715431725333332,-0.09894003296033335,0.19352379486666665,-0.13257247490666665,-0.2804151670666667,0.16197133565000008,-0.143791422,0.06619307706666666,-0.14472474153499995,-0.04749879599333333,-0.06611270382666665,-0.1611320516063333,0.04946868610999999,-0.013498643476666674,-0.5524212326333334,-0.12371462631666667,-0.24454125659999998,-0.42979758626666664,-0.003851214546000001,0.0292923091436,-0.8664714071999998,0.015865878219833332,-0.23552927816666663,-0.8083347693999997,0.17221771396666663,0.007448234356056665,-0.9046657696333333,0.03741569872566667,-0.2418227567333333,-0.8379066925666667,0.14996921521666667,-0.10616481181,-0.9426980835666667,0.015074230061966662,-0.3499060772,-0.8554970062666667,0.14213101163333336,Donner_g_ch2_g20_compr.mp4,ch2g20
5333.333333333341,-0.27707865036666673,0.42645250523333333,-0.17628784576666667,-0.2516142254333333,0.4496092559999999,-0.18071781546666668,-0.2511799554,0.4509247835666667,-0.16951758610000003,-0.25293397706666665,0.45000472516666684,-0.1718629875333333,-0.27383157836666655,0.4602349777333334,-0.17628943630000002,-0.2727213155333334,0.4585086502333333,-0.1875809893333333,-0.26486065729999997,0.44805203250000003,-0.16818494993333336,-0.1448225721666667,0.4509422386666668,-0.12915116677666666,-0.23898101523333334,0.39360077833333335,-0.05501842934666667,-0.22410307333333332,0.4211504872666667,-0.14830550266666664,-0.24273836866666665,0.3857695697000001,-0.15382544346666668,-0.023437691739999995,0.29805978590000004,-0.08908427415666667,-0.24668677396666666,0.2982062668333334,0.14617743766666666,0.019053096076666658,0.1539674114,-0.15540683151333332,-0.22744289998333334,0.06864584423333335,0.06420906929333332,-0.09155082786116665,0.1833363428333334,-0.1371696146866667,-0.27391134456666666,0.12822956066000002,-0.08809413895666664,-0.13412644296666662,0.1943141170000001,-0.13177386773333336,-0.2554939722,0.16030134039000002,-0.12821705461366667,-0.1445291727976667,0.20828349394666665,-0.1263415915966667,-0.2546170109,0.20908914076000007,-0.12847127674333333,-0.09073293531033334,0.18322499613333335,-0.13213926237333332,-0.27568770713333335,0.14978723737333338,-0.147931263,0.06631957520333333,-0.14497156966199995,-0.04720348366333332,-0.06615796734666665,-0.16094554008136663,0.04914356077999999,-0.009287488890000006,-0.5540602769,-0.12160215402000002,-0.2379397442,-0.43434617166666656,-0.0032046646773333334,0.0316850354736,-0.8720887416333333,0.015876691063166668,-0.23177444879999998,-0.8155741607999997,0.16882295996666666,0.00968562905539,-0.9106036996000001,0.03685924155900001,-0.2381780201333333,-0.8455443224666667,0.1461970563,-0.10333903346666667,-0.9477419736333333,0.012752220358633324,-0.34568218609999996,-0.8625223574,0.13589215231333332,Donner_g_ch2_g20_compr.mp4,ch2g20
5350.000000000008,-0.2710319861666667,0.43024722499999996,-0.17500298369999998,-0.2458172297,0.45337579763333324,-0.1789227744,-0.24525122840000002,0.4546204881333334,-0.1677665044666667,-0.24695266736666668,0.45378665376666677,-0.1701746740333333,-0.2677757315666666,0.4638104478000001,-0.17477626013333333,-0.2667040399,0.4620512880666667,-0.18599214259999997,-0.2588559935,0.4515129106333334,-0.1666897356333334,-0.13957615854,0.4541218107000001,-0.12668217224333334,-0.23443437443333331,0.3964548037,-0.05340060766666666,-0.21807896989999997,0.4246425406000001,-0.14660607836666664,-0.23702207653333335,0.3890729763333334,-0.15237561513333334,-0.017473369103333324,0.3012980178333334,-0.08621439359666669,-0.2419576272,0.30047037010000005,0.14785525773333333,0.03201829591,0.15666912056666668,-0.15300374683333332,-0.21887619237666672,0.06764437843333336,0.07087114377999998,-0.08162814312783333,0.1733813362666667,-0.13718181352333333,-0.2686931317,0.1162247380366667,-0.07798280795666665,-0.12462973972999998,0.18110231608333344,-0.13244191411000003,-0.2512045532333333,0.14547158989220002,-0.117761873427,-0.1378800387176667,0.19452971869333333,-0.12735142192666665,-0.2508848372333333,0.1935676259033334,-0.11951524181666667,-0.08230789577366668,0.1722754922366667,-0.13238501554999998,-0.27078462410000004,0.13704656798000003,-0.148566812,0.06649115537,-0.14525672807733325,-0.04686811887333333,-0.06624237100333331,-0.16072236189196665,0.04877596279666666,-0.0050011467166666745,-0.5556769456,-0.11949347728666669,-0.23137143106666666,-0.43871577873333323,-0.0025938004910000005,0.034181897420266665,-0.8776421520666665,0.015987330076499995,-0.22798292683333332,-0.822704471733333,0.16545240846666662,0.012031296773723332,-0.9164795831000001,0.03643860388233333,-0.2345002218333333,-0.8530578117666666,0.14245928727666668,-0.10053255746333334,-0.9525885167000001,0.010562807335299991,-0.3412126245,-0.8694769478666665,0.12974826063,Donner_g_ch2_g20_compr.mp4,ch2g20
5366.666666666675,-0.2648336782666667,0.4339905576,-0.17355761576666665,-0.2398468440333333,0.4570893040666666,-0.1770197500666667,-0.2391448979666667,0.45826398493333337,-0.16590845780000002,-0.24079356743333336,0.4575150494666668,-0.16837551576666665,-0.26150103783333334,0.4673339922666667,-0.1731089379,-0.26046485666666674,0.46554270163333333,-0.1842497920666666,-0.25263773543333334,0.45492743423333337,-0.16503854293333337,-0.13406704339,0.4572823315333334,-0.12433846024333332,-0.22948610906666667,0.39926511103333334,-0.05168071216666666,-0.21188445933333333,0.42809259256666676,-0.14482082240000002,-0.2311059445,0.39233565710000007,-0.15078412293333335,-0.011260647336666662,0.30435726796666673,-0.0834139182866667,-0.2369353413333333,0.30274425850000003,0.14953054389999998,0.04509822874333332,0.15887497523333335,-0.15052414709666664,-0.21025375564666673,0.06641671743333336,0.07764932934333332,-0.07140162922783333,0.16277283156000003,-0.13685578704333334,-0.2633693635333333,0.1038046692466667,-0.06753366693666665,-0.11475021173333337,0.16721771669333343,-0.13274680453333335,-0.24682759789999995,0.1301520689588667,-0.10693963938033335,-0.13086199587433336,0.18004834902666667,-0.12799800343,-0.24701526046666664,0.17751320103333337,-0.11020489299666668,-0.07357341349033335,0.16063538980666672,-0.13228873517666664,-0.2657511370333333,0.12385490829666673,-0.136890009,0.06670986443,-0.1455784569066666,-0.04650075376,-0.06637012015999998,-0.1604614314376333,0.048375299999999996,-0.0007349368166666721,-0.5572633490333333,-0.11750245093333335,-0.2248708481666667,-0.4427991806999999,-0.002415421794666667,0.0366090605836,-0.8831911363666666,0.015868964876499993,-0.22413171476666663,-0.8297724669333331,0.16111332566666664,0.014312931780389998,-0.9223237827666667,0.035740568299000006,-0.2307438899333333,-0.8605292301333334,0.13766618472333333,-0.09784012117000003,-0.9572976949,0.007843965555299991,-0.33662526823333333,-0.8763061539999999,0.12216354162166665,Donner_g_ch2_g20_compr.mp4,ch2g20
5383.333333333342,-0.2584585060333333,0.4375935631666667,-0.171835799,-0.23368197086666664,0.46067489699999997,-0.17491839726666666,-0.23285033106666667,0.46176877340000005,-0.16385342426666666,-0.23444270493333333,0.46111607996666676,-0.16637972723333333,-0.2549717573,0.47074742710000006,-0.17118687733333332,-0.25396976036666674,0.4689277984333333,-0.1822555140333333,-0.24616756780000004,0.4582204736333334,-0.16313204863333336,-0.12831360489333332,0.4603078156000001,-0.12204283057666665,-0.22407533996666668,0.4020570005333333,-0.049813383766666657,-0.2054965262333333,0.43137918273333337,-0.14286514483333335,-0.22495140879999997,0.39546119650000006,-0.1489486297,-0.004725859323333328,0.3070445553000001,-0.08063424525333335,-0.23162794906666662,0.3050173442333334,0.15120245219999998,0.05819081414333333,0.16017329453333334,-0.14806648542999995,-0.20168426424666672,0.06490340963333337,0.08441859544666665,-0.06078632882783333,0.15136048940333335,-0.13656220659999999,-0.25806002366666664,0.09082292661033338,-0.05690335860333333,-0.10435019811000003,0.15259534090333343,-0.13308160084333337,-0.24246978709999994,0.11417615283220005,-0.09594206461033333,-0.12330126576100003,0.16481039341333334,-0.12867808148666668,-0.24310157629999998,0.16071747358700003,-0.10067988063333334,-0.06441653172366668,0.14818040844000008,-0.13222309183666664,-0.2607055308333333,0.11004182650200008,-0.133556589,0.06698511002,-0.14593069133899994,-0.0461045407,-0.06655298546999998,-0.1601699517329666,0.047943711009999994,0.003624509709999996,-0.5588010326333333,-0.11566678012666667,-0.21814363253333335,-0.4468043282333332,-0.002248884438000001,0.0391332420086,-0.8888924656666665,0.015029513179966664,-0.22009683596666665,-0.8366938198999997,0.15688831624333335,0.016737653913723335,-0.9282961801,0.03424464727733334,-0.2267518117333333,-0.867863081,0.13297154706666667,-0.0949118069266667,-0.9619543707000001,0.0040998882419666675,-0.3318079840666666,-0.8829216297999999,0.11479392623833333,Donner_g_ch2_g20_compr.mp4,ch2g20
5400.000000000009,-0.2521201004333333,0.4411415793333333,-0.17005956419999999,-0.2275124997333333,0.46421553806666666,-0.17284778209999999,-0.22654812733333335,0.46522382616666674,-0.16182728306666666,-0.2280838435,0.46467144340000005,-0.16441307543333328,-0.24840933806666665,0.4741462528666667,-0.16921671433333335,-0.24743898970000003,0.47230049350000003,-0.18021442449999994,-0.2396657034333334,0.4614953852666668,-0.16117556936666672,-0.12234016735333329,0.4632419019000001,-0.11993013624333332,-0.21827757456666666,0.4048526292333333,-0.04790764464333332,-0.19908934479999998,0.43459713220000007,-0.1409483111,-0.21875355940000002,0.39855942606666667,-0.14706109863333333,0.0021824126100000035,0.3095767930666667,-0.07793728869000001,-0.22607392669999996,0.3073824396666667,0.15279661739999997,0.07121898581,0.1609520361666667,-0.1456046464433333,-0.19314846638000005,0.06334953590000002,0.09105600885999998,-0.0498523484945,0.13947908217000002,-0.13620781383333333,-0.2527394031333333,0.07781247425133338,-0.04665383133666667,-0.09346941244333334,0.13754646159000006,-0.13334350382000004,-0.2380997424333333,0.09810891729886671,-0.08542236959033335,-0.1151754365576667,0.14909032437000005,-0.12926805919666667,-0.23910667333333332,0.14383521498700003,-0.09163110690666668,-0.05488262349033337,0.13521046692666674,-0.13209757786666668,-0.2556095646666666,0.09618702233266674,-0.126594797,0.06732913983666666,-0.1463075360108666,-0.04565781879000001,-0.0668020966233333,-0.1598541176786333,0.04746108996666667,0.008090210893333333,-0.5603601262333332,-0.11382324894666669,-0.21117352670000003,-0.45072011299999987,-0.0023449588326666677,0.04197502270656667,-0.8945797759666665,0.014488984722666664,-0.2160328835,-0.8436198001333332,0.15244485852333334,0.019506786680389996,-0.9342420692666668,0.03308884237400001,-0.22274013056666667,-0.8752226035666667,0.12806171068666666,-0.0910962069566667,-0.9665871258333334,0.0007041954853000017,-0.3269246649333333,-0.8895349896666666,0.10712483294833333,Donner_g_ch2_g20_compr.mp4,ch2g20
5416.666666666676,-0.24542079863333333,0.44443602143333333,-0.16830923009999998,-0.2209661854333333,0.4675223461333333,-0.17088880986666666,-0.21986465926666668,0.46843741456666677,-0.15988909746666669,-0.221343116,0.4679843967000001,-0.16253420789999995,-0.2415111264333333,0.47729943789999996,-0.1672671393,-0.24057148956666669,0.47543326,-0.1782099987666666,-0.23284508036666673,0.4645299550666667,-0.15924807086666673,-0.11597047748999997,0.4660199730666667,-0.11803194287666664,-0.21229891973333337,0.4075695937,-0.04592894631333332,-0.1923017118933333,0.4376321232333334,-0.1390904969,-0.2122328592,0.40145433126666663,-0.1451631332666667,0.009379348609999998,0.31194116629999996,-0.07538732562000001,-0.22027721703333328,0.30974732050000003,0.1544690852333333,0.08405126631000001,0.16100077090000003,-0.14298800477999996,-0.1846043124133334,0.06157722060000003,0.09654893610999998,-0.038575550561166676,0.12694422873333336,-0.13503535256666666,-0.2472124815,0.06392406158253337,-0.03953914203666666,-0.08212564694333335,0.12173475631566671,-0.1327127813866667,-0.23349507699999997,0.08073674696220007,-0.07828782026700001,-0.10652565546100003,0.1326010357013334,-0.12904603536,-0.23462702116666667,0.12546084363700002,-0.08592201495666668,-0.0449693816236667,0.12155910921000009,-0.13115455960666667,-0.2501667019666666,0.08129191721600008,-0.127248973,0.06772101628666666,-0.14669339326879996,-0.04520158447333335,-0.06709838286999997,-0.15952934469729999,0.04697284125,0.012543529956666664,-0.5617749527333333,-0.11214886804666668,-0.20414154156666667,-0.4544615283333332,-0.0024943469896666678,0.044808806175,-0.9000423052333332,0.013519089745999998,-0.21173909949999997,-0.8503161177333332,0.14773376180333336,0.022272775240389998,-0.9399279828333333,0.03148278264766667,-0.2184318959333333,-0.8823189497666667,0.12281378397666669,-0.08734631662666671,-0.9708586847666668,-0.0031225375746999993,-0.3217974744,-0.8957359350666666,0.09891726871499999,Donner_g_ch2_g20_compr.mp4,ch2g20
5433.333333333343,-0.23845615036666665,0.4476827102666667,-0.16697805819999997,-0.21419873393333333,0.4707616678666666,-0.1694172601,-0.2129626232,0.4715851060333334,-0.1584270338,-0.21437877170000003,0.47123045970000005,-0.16113521686666665,-0.23440836426666664,0.48039395799999995,-0.16574346876666668,-0.23350678000000002,0.4785071788333333,-0.17662343736666658,-0.22582208013333338,0.46749946840000006,-0.1577356397666667,-0.10944147672333329,0.46868701670000007,-0.11661875027666666,-0.20627348493333336,0.4102386300666667,-0.04425856196999999,-0.18526124576666664,0.4406321501666667,-0.1376595908,-0.20549480146666668,0.40431248226666655,-0.14362858313333332,0.016611141676666667,0.3141929374,-0.07316813754666669,-0.21439823359999996,0.3121102502666667,0.1559678579333333,0.09637419581000001,0.16092976786666666,-0.1402033164133333,-0.1761656596466667,0.05979291730000004,0.10204576085999999,-0.027055168294500002,0.11409581612333339,-0.13318872965000003,-0.2417910143666667,0.04993702330886671,-0.03178010293666667,-0.0704144637766667,0.10562737624800005,-0.1313855836433334,-0.22907478609999996,0.06331869583553339,-0.07040114401033334,-0.09737307862766668,0.11568238153466671,-0.12827781642666666,-0.23025378963333332,0.10697126954033337,-0.07947659406666667,-0.03475222809033334,0.10751099539666671,-0.12959421629,-0.2447940535333333,0.06628168610233341,-0.0735257342,0.06812798426,-0.14709384769506664,-0.04470868548000002,-0.06740666578999996,-0.15919196259396665,0.04645082054333334,0.017013007836666667,-0.5630874321,-0.11045112710333335,-0.19716888416666667,-0.4581667114999998,-0.002554077202666668,0.047743799521999995,-0.9052689034333332,0.013034788332666665,-0.20760397856666665,-0.8569387639999998,0.1433418159,0.02516489393372333,-0.9453561043,0.030430172521000005,-0.21434222059999997,-0.8893453519333333,0.11789302766666668,-0.08338535137666671,-0.9749110595333335,-0.006441043558033333,-0.31676961996666664,-0.9018365697999999,0.09073358766833332,Donner_g_ch2_g20_compr.mp4,ch2g20
5450.00000000001,-0.2312109892,0.45091532446666666,-0.16582624016666664,-0.20715540729999998,0.47397103030000004,-0.16810154466666669,-0.20578753129999997,0.4747066171666667,-0.15711274196666666,-0.20713781766666672,0.4744487449333334,-0.15989269496666667,-0.22705091369999997,0.4834590156,-0.1644232313666667,-0.22618991346666664,0.48154918533333335,-0.17524043279999993,-0.21853941080000003,0.4704392867000001,-0.15642393773333335,-0.10261080992599998,0.4712908615000001,-0.11519474164333333,-0.20007626361333333,0.41283333730000005,-0.04276100638333333,-0.17792279764666666,0.4436245199,-0.13635884036666668,-0.19849799672666668,0.40715494829999993,-0.14228054336666668,0.024000002910000002,0.3163883781333333,-0.07085883259,-0.2084828627666666,0.31451896833333337,0.1574016794666666,0.10805887727666667,0.16089148676666667,-0.13698467949333332,-0.16813495871333337,0.058076526533333374,0.10766278901333333,-0.015198327227833333,0.10119448140000002,-0.13086815094,-0.23640161453333336,0.036146012357200046,-0.02357973140333335,-0.05810524434333336,0.08943469881700003,-0.1296437184766667,-0.22471512059999996,0.046143365745533384,-0.062031976363666676,-0.08756395599433334,0.09861339090800006,-0.12721302514666666,-0.2259608053333333,0.08875910013033339,-0.07258468508666668,-0.024074042057000016,0.09334886156333336,-0.12761744291333332,-0.23949348796666664,0.05145634022456674,-0.0761628374,0.06858171631999999,-0.14753199934846664,-0.044171273613333346,-0.06775698637666665,-0.1588185758936333,0.045890994966666675,0.02142551408,-0.5643868511333333,-0.1087381651,-0.1904565759,-0.46171785806666654,-0.002638351554000001,0.05092113274233333,-0.9102699159,0.012835906229333335,-0.2035057300666666,-0.8631346052333332,0.13883388184333337,0.028300880747056664,-0.9505329703666667,0.029691082251000006,-0.2102861046333333,-0.8959179004666665,0.11285844459000002,-0.0792477022266667,-0.9787558949,-0.009593849374699998,-0.3117068064,-0.9075415965999999,0.08247914250833333,Donner_g_ch2_g20_compr.mp4,ch2g20
5466.666666666677,-0.2237428009,0.45393371976666663,-0.16489460166666664,-0.19985556959666662,0.4769502651666667,-0.16699478723333333,-0.19835368445666662,0.47760368503333334,-0.15600668293333333,-0.19964046059333337,0.4774370516333334,-0.15886369576666665,-0.2194318690333333,0.4863017637666667,-0.16332483300000003,-0.2186156048,0.4843706467,-0.17408489789999995,-0.21099505990000003,0.47316047713333353,-0.15533314293333333,-0.09548728056266664,0.4736384520333335,-0.11388940737666667,-0.19362116551,0.4152237557666667,-0.04141156641333332,-0.17036619701333333,0.4464113489666667,-0.13524563273333332,-0.19130878275333335,0.4098000613666666,-0.1411132358,0.03136107695666667,0.3183971848,-0.06861012678333332,-0.20242509646666665,0.3168989867666667,0.15864532639999995,0.11926657804333334,0.1607809708,-0.1337779569266667,-0.16049961738000001,0.0564012649666667,0.11311784439999999,-0.003157327194499995,0.08795710314000002,-0.12876054412000001,-0.23116574880000004,0.02238274201650003,-0.015231389370000015,-0.045293174276666695,0.07283896017033335,-0.12817425189,-0.2205397884,0.02882176336220003,-0.05342593662033335,-0.07714300649433332,0.08095790030800003,-0.12651575832999998,-0.22167479279999996,0.07028781480366673,-0.06550659441333335,-0.013066701823666671,0.07874478235100003,-0.12591653100666667,-0.23430396139999995,0.036598287473233404,-0.0300352313,0.06905224134666667,-0.14799071084779997,-0.04363314847666668,-0.06812011199666665,-0.1584289498766333,0.04533163232000001,0.02581566116,-0.5655241743333334,-0.10744515159000001,-0.1838815398666667,-0.4650926675666665,-0.002742656353000001,0.05420878694299999,-0.9146472432666666,0.012618312396000003,-0.19944359059999994,-0.8690145319333332,0.1346839792466667,0.03155910433039,-0.9550253684666667,0.028998057681000004,-0.20624341166666663,-0.9021680395666665,0.10823508441000002,-0.07501101448333336,-0.9820256229000001,-0.0125762174447,-0.3067832332666667,-0.9129324294333332,0.07470088957733334,Donner_g_ch2_g20_compr.mp4,ch2g20
5483.333333333344,-0.21624665553333333,0.4566664993333333,-0.16407322136666663,-0.1924493832833333,0.47965389586666674,-0.1660216525,-0.19081745423333332,0.4802312252,-0.15502960833333332,-0.19204807956000003,0.48014809936666675,-0.15796912096666663,-0.21172775163333332,0.4889248231333333,-0.16234739430000003,-0.21094944836666668,0.4869765509,-0.17305021539999996,-0.20338461517666667,0.47566494706666684,-0.15435753063333332,-0.08824138988599997,0.47564952666666677,-0.11276934794333333,-0.18708110772,0.4175245825,-0.04018800294666666,-0.16282683517333332,0.4488981143333334,-0.13425443693333333,-0.18414351470333334,0.4122123586999999,-0.14004555543333333,0.03848554116333334,0.3200379556333333,-0.06655225965333332,-0.1964187821,0.31924750456666673,0.1597774977666666,0.12969996654333332,0.16038187596666664,-0.13056610426333334,-0.15333552674666667,0.05480320036666669,0.11840551369333331,0.008813220138833348,0.0744510090366667,-0.12645380361999997,-0.22611575670000003,0.008935939922500047,-0.007250617670000016,-0.032346038110000024,0.0559328022736667,-0.12647574476333337,-0.21656639973333333,0.011763519262200027,-0.04525093483700001,-0.06653480822766665,0.06293714302133335,-0.12566436855666668,-0.2174235163333333,0.052061161220333406,-0.05881409265000001,-0.0020106506903333323,0.06383189032500003,-0.12402846843333334,-0.2292278987333333,0.02205923800056672,0.0047130771,0.06952707752666666,-0.1484642533824666,-0.04309559827666668,-0.06848572613,-0.15802849398429997,0.04477568849666667,0.030112747013333333,-0.5665575559666667,-0.10640392252333333,-0.17751915056666667,-0.4682773039999999,-0.002972496503333335,0.05750382092599999,-0.9186315714000001,0.012326705982666669,-0.19553170399999992,-0.8746371553,0.13055753008333337,0.03482496370372333,-0.9590955392,0.028248874607666667,-0.2023615146333333,-0.9081613978333332,0.10364760421666668,-0.07084037871666668,-0.9849198893666667,-0.015547728778033334,-0.3022196900666667,-0.9179824865999998,0.067085146591,Donner_g_ch2_g20_compr.mp4,ch2g20
5500.000000000011,-0.20861604803333336,0.45924116413333327,-0.16326883929999997,-0.18487665909666665,0.48219216563333345,-0.16505449163333333,-0.18312019734333332,0.48269801996666667,-0.1540583968333333,-0.18429828736333337,0.4826946482,-0.15708162866666664,-0.20385955083666665,0.49141346406666664,-0.1613963833,-0.20311664026666668,0.4894480058333333,-0.17204083309999998,-0.19562189026000004,0.4780371483333335,-0.15340504046666664,-0.08093163766599998,0.47743052933333346,-0.11166605800999999,-0.18044708965,0.41971584393333333,-0.03907014049666666,-0.15523693181333334,0.4512124534333333,-0.13327149226666665,-0.17691967539666667,0.4144797332999999,-0.1390022484,0.04524589623333334,0.32131033896666666,-0.06452773945666665,-0.19055482674666666,0.32154285360000007,0.1607984771333333,0.13924126573333334,0.15964861863333332,-0.12707661367,-0.1468397065133333,0.053360173433333366,0.12356923965333332,0.020803791138833343,0.06084154636000004,-0.1235608802533333,-0.22135717866666665,-0.004246286790166629,0.0009183280299999905,-0.01910818077666664,0.03896313384700004,-0.12414455979666669,-0.2126771360666667,-0.0050389842844666315,-0.03684707953366668,-0.05553518329433333,0.04479211564133335,-0.12429353845666667,-0.2132224185333333,0.03405578056366673,-0.05190217563333334,0.009190407642999998,0.04878938281500001,-0.12160092622666668,-0.22426990239999994,0.007775181111900023,0.0206471533,0.07002027740000001,-0.1489518696521333,-0.04253727759666668,-0.06886595955666666,-0.1576175193376333,0.04420278280666667,0.03423898297999999,-0.5675313389000001,-0.10530934631000001,-0.1713703741666667,-0.4712840165666666,-0.0032802551593333353,0.06078222206999999,-0.9223770994666667,0.012047007399333337,-0.19193640993333327,-0.8799974606,0.12641029105,0.038064724993723334,-0.9629236455333333,0.027508623911,-0.19883500783333333,-0.9138797362999997,0.09906127912333333,-0.06672855235333332,-0.9874642149666667,-0.01849498785136667,-0.29801951666666665,-0.9226127959333331,0.05967135912399999,Donner_g_ch2_g20_compr.mp4,ch2g20
5516.666666666678,-0.20079101639000005,0.4616117507333332,-0.16265703089999997,-0.17714669514333328,0.48451101876666675,-0.16423574733333332,-0.17527250129999997,0.4849439054,-0.1532273665333333,-0.17639976126333337,0.4850171471666667,-0.156339824,-0.19587733256666665,0.4936464448,-0.160653094,-0.19516545241333333,0.4916701186666666,-0.17124620533333335,-0.18775228254000004,0.4801581200000002,-0.1526586760666666,-0.07370033497266665,0.4790449887000001,-0.11056646704333332,-0.1739675409866666,0.4216569625666667,-0.03815898919,-0.14753830413333335,0.45335274096666667,-0.1324188741333333,-0.16960982632000002,0.4165507741666665,-0.13815716703333333,0.0517426864,0.3224263048,-0.06256896245666665,-0.18484833345,0.32379166236666673,0.16156049716666665,0.14782433112,0.15878827226666664,-0.12353016238333334,-0.1408898045133333,0.05216914646666669,0.12837582934666666,0.03245885803883334,0.047133188243333374,-0.1205257891533333,-0.21704036640000002,-0.017000424804833297,0.00855618242999999,-0.006016463609999978,0.02193922601366671,-0.12161995764333335,-0.20906386573333335,-0.021453461204466638,-0.029016116743666658,-0.04442679329433335,0.026567728414666692,-0.12279000682999999,-0.2091066686666666,0.0164614526503334,-0.045554426236666674,0.020166577143000006,0.03363768185166669,-0.11906373333,-0.21961262839999995,-0.006073464819133313,0.0275193378,0.07051500327666668,-0.14945941565179996,-0.041978730666666665,-0.06924628934333334,-0.1571895958929666,0.04363546803333333,0.03806935247333333,-0.5684720611333334,-0.10446414796333335,-0.16565341276666667,-0.4741888280666666,-0.003594999241333334,0.06365381677,-0.9259666997666666,0.011566518772666672,-0.1885977069,-0.8846959442,0.12232459654,0.040880012647056665,-0.9665949320333334,0.026570691057666664,-0.19556359160000003,-0.9188732743666663,0.09455536493,-0.06317479452999998,-0.9899645801333334,-0.021534660451366663,-0.294157804,-0.9266233838666665,0.05280094178266665,Donner_g_ch2_g20_compr.mp4,ch2g20
5533.333333333345,-0.19302855572333336,0.46379342973333326,-0.16219000913333328,-0.16952591719999996,0.48664104440000006,-0.16352724976666666,-0.1675307192366666,0.48700349223333333,-0.15250582499999998,-0.16860615121000003,0.48715104313333335,-0.15570860453333332,-0.18799455845333332,0.4956762611,-0.1600629984,-0.18731402547666667,0.4936902670999999,-0.17060546583333333,-0.17997893459000003,0.4820708509333335,-0.15206299119999994,-0.06661075016933334,0.4805359392666668,-0.10949983057666667,-0.16764482976666661,0.4233997209,-0.03739754116666667,-0.13990363036000003,0.4553251520333333,-0.1316668577333333,-0.1623726066366667,0.41844246069999985,-0.13746012153333334,0.05817161819,0.32333330173333336,-0.06066798880333333,-0.17926682785666667,0.32598506660000004,0.16208135383333327,0.15575649961000002,0.15767537209999996,-0.11992534749,-0.13533333957999993,0.05120166423333337,0.13313948594666666,0.04382683817216666,0.03346643956666669,-0.11738992222999996,-0.21318298973333338,-0.029266433471499962,0.016480811929999995,0.00690547022333335,0.005142608320333372,-0.11895736576333336,-0.20581105696666668,-0.0373076563211333,-0.020692143086999994,-0.033249446194333315,0.008470203211333354,-0.12116413021999999,-0.2052001355333333,-0.0005848292896666086,-0.03863568423666667,0.030938057842999998,0.018511395101666685,-0.11643901076333335,-0.2153837886333333,-0.019417580792939978,0.0543831,0.07102437439333334,-0.1499888545381333,-0.041395383859999996,-0.06963892451,-0.15674140402863326,0.04304836141,0.04168234265333333,-0.5691860442999999,-0.10369891746000001,-0.16018036503333336,-0.47675329306666664,-0.003944602299400001,0.06613664520666666,-0.9289215431333333,0.011195254229333334,-0.1853476479,-0.8886821776666667,0.11826137050999999,0.04329159559389,-0.9695901906000002,0.02574183687433333,-0.19237921296666669,-0.9231272101666664,0.09009268719333333,-0.05996039220999998,-0.9919396431000002,-0.0241739434447,-0.29034740323333336,-0.9300565994999999,0.04625742348466665,Donner_g_ch2_g20_compr.mp4,ch2g20
5550.000000000012,-0.18531092272333335,0.4659384518666666,-0.1612673441333333,-0.16194082355999997,0.4887270818000001,-0.1623848661333333,-0.1598249120466666,0.48902295123333334,-0.15135617063333331,-0.16084369316000002,0.4892431781,-0.15464923083333332,-0.18010936363999996,0.4976683178666667,-0.1590342709,-0.17946016183666666,0.49567263413333323,-0.16952354070000003,-0.1721965512566667,0.48394243280000016,-0.15102330539999997,-0.05950707442600002,0.4819798637666668,-0.10817918414333334,-0.16120308484666662,0.42511969043333336,-0.03635553972000001,-0.13230248445,0.4572475806333333,-0.13053039239999997,-0.15513525396000002,0.42029579363333325,-0.13636352173333335,0.06460324371,0.3240734970333334,-0.05861944445666666,-0.17363488853666667,0.3281803605333333,0.16263147389999996,0.16308012573666666,0.1563865885333333,-0.11602486025666667,-0.12998703814666665,0.050545618266666696,0.13796666507333333,0.05476250533883333,0.01991880610000004,-0.11350668508666663,-0.20948914036666672,-0.04104704108883328,0.025449790029999985,0.019505608523333353,-0.011441736516333274,-0.11545609877333335,-0.20267126010000003,-0.05258488108446663,-0.011169442266999986,-0.022197042360999994,-0.009492001205333306,-0.11870869156333332,-0.20136529883333332,-0.017080520786333295,-0.030518292570000008,0.04134277377633334,0.0035080698016667087,-0.11308680759666669,-0.21130629149999997,-0.032254920665273294,0.0639576539,0.07155347700333334,-0.15053793929346665,-0.04080160387999999,-0.07005308589333333,-0.1562736789769666,0.042450408733333334,0.04524306893999999,-0.5697261160333332,-0.10313396005,-0.15491589010000004,-0.4788602199,-0.004570695347066668,0.06846735718666666,-0.9313828911333334,0.010593239139333334,-0.18219492033333332,-0.8919569025333334,0.11415405021666666,0.045523272384323334,-0.9720567281666669,0.02467150900433333,-0.1892818148666667,-0.9266492942999998,0.08560378162666665,-0.05678808165999998,-0.9935587178333334,-0.026914350188033332,-0.28646690739999997,-0.9328201986333333,0.03980830140966666,Donner_g_ch2_g20_compr.mp4,ch2g20
5566.666666666679,-0.17749502723666669,0.46798504886666664,-0.16046675886666664,-0.15422834288666668,0.49071086343333337,-0.16138523813333328,-0.15199928398666662,0.4909412373,-0.15034439816666667,-0.1529622362933334,0.49123190496666663,-0.15372560073333336,-0.17209019873999998,0.49958532703333336,-0.15815574363333332,-0.1714767589333333,0.49758334046666663,-0.16859920873333337,-0.16428548342666668,0.48573663593333344,-0.15013032699999995,-0.052286427426000016,0.48330181533333344,-0.10698393964333335,-0.15462732582999997,0.4268053082333334,-0.035530493406666676,-0.12462606272666665,0.4590555504333333,-0.12952284316666665,-0.14782222870333334,0.4220666634999999,-0.13541280830000002,0.07093929218666667,0.3245499755666667,-0.05665730996666666,-0.16796561857333334,0.33035447230000003,0.16297324743333333,0.1696805571566667,0.15488764099999996,-0.112023595,-0.12505619424666667,0.05005781336666669,0.14254648554666666,0.0654533946055,0.006682764489666706,-0.1094473794133333,-0.20617629980000005,-0.05246080876816662,0.034322503663333316,0.031910846090000014,-0.02756678894966661,-0.11177147126000002,-0.19984751339999998,-0.06738420351113329,-0.0017137018069999874,-0.011189106561,-0.02699822090866664,-0.11605952959999997,-0.1977512894333333,-0.033097752246333295,-0.02242581265333333,0.05157938127633334,-0.011149700598333286,-0.10955258569333334,-0.207586233,-0.0446950669652733,0.0535754077,0.07208678670666666,-0.15110786953146665,-0.040201446076666654,-0.07047064747666665,-0.15578688684963327,0.04184647261999999,0.048837047349999996,-0.5701114252666667,-0.10248600988666666,-0.14972658926666668,-0.4808503693666667,-0.004721581059400002,0.07058803830999999,-0.9337940142666666,0.009967718596,-0.1792467703,-0.8948343564999999,0.11122728358333334,0.047514209942033335,-0.9744950449000002,0.023587761707666664,-0.1864040961666667,-0.9297411481666665,0.08236414500666667,-0.05384559287333331,-0.9951121042666666,-0.029573994871366662,-0.28280148800000005,-0.9350241041999999,0.03496815645633332,Donner_g_ch2_g20_compr.mp4,ch2g20
5583.333333333346,-0.16995075534666668,0.4696644832666667,-0.15964600189999997,-0.14674108804666666,0.49234869376666673,-0.16041742906666662,-0.14440944372333334,0.4925108838999999,-0.14936195120000004,-0.14531736666,0.4928734149,-0.1528238694,-0.1642764261733333,0.5011906927,-0.15726367716666664,-0.16370131862666665,0.4991849232333333,-0.1676660955333334,-0.15657671464666664,0.4872170365000001,-0.14922545599999995,-0.045151476146000014,0.48441951366666675,-0.10594013094000002,-0.14805724641666662,0.42837750590000007,-0.03467389208333334,-0.11717517739333332,0.46053253169999997,-0.12854291746666666,-0.14070542951666667,0.4235398879999999,-0.13443405556666668,0.07701333246,0.32476820603333334,-0.054852019759999995,-0.16229163141666667,0.3325233512,0.16342169639999998,0.17563197483,0.1532344962333333,-0.10797764363,-0.12057341731333333,0.049853161800000025,0.14724987814333332,0.07583947863883334,-0.006109636410333288,-0.10503474125666663,-0.20360995823333336,-0.06340219537383329,0.04324110296333332,0.04403323972333333,-0.04308624677299994,-0.10764422872333336,-0.19779558873333333,-0.08162110211779995,0.00785062662966668,-0.0003739495610000032,-0.04391079273199998,-0.11295904075666663,-0.19484324486666663,-0.04861098591633328,-0.014159865113333335,0.06159516100966667,-0.025319666781666618,-0.10565856259000002,-0.20460904753333334,-0.056660516972606635,0.0512471236,0.07257602064,-0.15168990959146664,-0.039658210556666657,-0.07084571094666665,-0.15528941008229993,0.04130111992333333,0.052302061613333325,-0.5703388796,-0.10180165194,-0.14453808243333333,-0.48283386093333336,-0.004259040943733335,0.07235491326,-0.9360031372333333,0.009334379260333333,-0.17640382493333331,-0.8974893122666666,0.10945703681666667,0.04910438394936667,-0.9767355139666668,0.02252931074433333,-0.18367066393333337,-0.9325852394333333,0.08034522466666666,-0.051506302913333316,-0.9965062608999999,-0.032082678748033326,-0.2792462408333333,-0.9370555894333332,0.031683266203,Donner_g_ch2_g20_compr.mp4,ch2g20
5600.000000000013,-0.16313153861333335,0.4706549098,-0.1584652721333333,-0.1398916377866667,0.49334689673333343,-0.1592115501333333,-0.13745698732666667,0.49343977459999994,-0.14814373310000004,-0.13831749266,0.4938777451999999,-0.15169223846666666,-0.15704753808999997,0.5022151793,-0.1560244494,-0.15650184022999997,0.5002114280666666,-0.1663892954666667,-0.14945002641999997,0.48813057503333335,-0.14797543483333328,-0.03830022572600002,0.48511466673333337,-0.10512694600333335,-0.14148534631666662,0.42975120420000007,-0.033498085473333335,-0.11033146837333332,0.46140384826666664,-0.12734624519999999,-0.13411937826333334,0.4244714787999999,-0.13311515006666666,0.08279255331333334,0.32465211506666675,-0.05322766659333333,-0.15660143202333338,0.3346997742333333,0.16410406726666665,0.18063733161000003,0.1511233329,-0.10435943531333333,-0.11680352288,0.04999560200000002,0.15203081474333333,0.08566305573883333,-0.01859939473033328,-0.10072673336666664,-0.20164872600000003,-0.07378251736483327,0.05213011453,0.05567639215666666,-0.05808476293966662,-0.10354579086000001,-0.1962829033,-0.09530528769779996,0.017397523443000003,0.01025364003900001,-0.06027084391199998,-0.10988054080999997,-0.19234451879999995,-0.06358123359966662,-0.005880325729999994,0.07117903307633333,-0.03913831226499994,-0.10187159637000001,-0.2021787695,-0.06810468935093997,0.0589392222,0.07303817866666666,-0.15227863399579997,-0.03913416440999999,-0.07119678379333333,-0.15478614871063326,0.04077605267333333,0.055542411563333324,-0.5706011509666666,-0.10090204898666666,-0.13958840766666666,-0.48455350063333336,-0.003878531791400001,0.07410139951,-0.9380953695666666,0.009617428660500001,-0.17373929666666663,-0.8999878872999999,0.10738309938333333,0.050703436374,-0.9788370187666667,0.022471709157999998,-0.18111083270000003,-0.9352787852666665,0.07800417898333334,-0.04912099432999997,-0.9977829348,-0.03337074567803333,-0.27590244806666664,-0.9390440122999999,0.028052602509666662,Donner_g_ch2_g20_compr.mp4,ch2g20
5616.66666666668,-0.15650174526000002,0.4709639221333333,-0.1577622761,-0.13321713299666665,0.4936961839000001,-0.15855025446666662,-0.13068569516666667,0.4937192985333333,-0.14746689703333335,-0.13150125686,0.49422649793333323,-0.1510981594666667,-0.15003575223666665,0.5025937542333334,-0.15526903900000003,-0.14951472746333333,0.5006022954666667,-0.1656112835,-0.14254372030666665,0.48841212153333335,-0.1472117364333333,-0.03152353572600001,0.48536898583333343,-0.10495732012333335,-0.13501679496333333,0.43079286890000007,-0.03263365638333334,-0.10365204962666666,0.46164358609999995,-0.12663380476666666,-0.1277449469866667,0.42479553333333325,-0.13220383306666667,0.08840845550333334,0.3241853888333334,-0.05202986611666666,-0.15093021025333334,0.33682521156666667,0.16454848693333335,0.18502043389000003,0.14854453396666664,-0.10138233815666667,-0.11362665144666667,0.050248146900000026,0.15630267974999998,0.09507683997216666,-0.03049897132366661,-0.09739297344666663,-0.20023223153333333,-0.08365097449816661,0.06013093889666667,0.06697867905666666,-0.0721777478763333,-0.10054045078000003,-0.19528808193333333,-0.10840598093779996,0.025966503746333337,0.020767465238999996,-0.07566703932866664,-0.10787908760999997,-0.1902623979333333,-0.0779985638263333,0.0014898530500000026,0.08045307197633335,-0.05229476083166661,-0.09906023960666667,-0.2002334572,-0.0790514005532733,0.0700895563,0.07347714377999999,-0.15287537716679997,-0.03860711717,-0.07152575945999999,-0.15427533397129994,0.04025422133666666,0.05836998792666666,-0.5708499238666666,-0.09998587145,-0.13487732756666668,-0.4862005786333334,-0.0034504001174000013,0.07567953679,-0.9397538809333332,0.010044937275966666,-0.17140871879999994,-0.9022852211666667,0.10601018265,0.052169883560000005,-0.9804670429000001,0.022583878518333333,-0.17889268360000002,-0.9377575437333333,0.07642624957333333,-0.04677816397333331,-0.9988127659666667,-0.03444703481803333,-0.2727702647,-0.9409616944,0.025276070419666664,Donner_g_ch2_g20_compr.mp4,ch2g20
5633.333333333347,-0.15008590452333334,0.47096533673333335,-0.15705949513333334,-0.12675250214,0.49375598126666675,-0.15787621336666663,-0.12412765152333333,0.4937135347666667,-0.14677904453333335,-0.12489934791999999,0.49428417309999995,-0.15049107373333337,-0.14325553541,0.5026842367,-0.1545070015666667,-0.1427538746933333,0.5007116163333333,-0.16482509963333333,-0.13587971812999994,0.48842009663333336,-0.14644196826666664,-0.024926059149333338,0.4853563695000001,-0.10467585805,-0.12871322307000005,0.4316505658333334,-0.03176331457333333,-0.09720745331,0.4615634337666666,-0.12591968176666665,-0.12162189246,0.42481294386666657,-0.13129256450000001,0.09382044891666667,0.32337409013333335,-0.05074177708333333,-0.1453378846733333,0.33888648920000003,0.16497472919999998,0.18893903050000002,0.14557058106666668,-0.09846936490666665,-0.11143297948,0.05052292430000003,0.16023061788666668,0.10412851629883334,-0.04199148457366662,-0.09427395093999996,-0.19918794176666665,-0.09282023238083327,0.06790203329666666,0.07795937488999999,-0.08567385199633328,-0.09782098661666669,-0.1945111369,-0.1206228918711333,0.034321336476333335,0.03108737617233333,-0.09043624848866665,-0.10603583161333331,-0.18835060726666664,-0.09156140977633331,0.008729798273333337,0.08941863623633334,-0.06499276839499994,-0.09642443182333335,-0.19858222623333333,-0.0893006348922733,0.0843982548,0.07391434037,-0.1534756204501333,-0.03805561166,-0.07185436458333333,-0.1537603589986333,0.039710673419999995,0.06088698778033333,-0.5710349684666666,-0.09915044431333332,-0.13046375363333335,-0.48749006453333343,-0.0031214339967333346,0.07681700662333334,-0.9411577252666665,0.010425961668966666,-0.16958046206666663,-0.9043997535666666,0.10416763866666666,0.053185926810000006,-0.9818205781333333,0.022585488371666664,-0.17721464446666665,-0.9400557319666667,0.07432314414333333,-0.04487063726999998,-0.9994465441333333,-0.03583921287136666,-0.2701504697,-0.9426413155333333,0.021710712808333327,Donner_g_ch2_g20_compr.mp4,ch2g20
5650.000000000014,-0.14382325591000003,0.4709181338333334,-0.15631296036666664,-0.12044389250666665,0.4937550017666667,-0.15718164239999996,-0.11773957003666667,0.49365369566666667,-0.1460723232,-0.11846488731,0.4942781271999999,-0.1498646239666667,-0.13662708305666668,0.5027232420666666,-0.15372342053333335,-0.13614186984333332,0.5007704957666665,-0.16402630899999998,-0.12936730060666662,0.48837810913333335,-0.14565578099999998,-0.018522937302666662,0.4852269578666668,-0.10436956021333332,-0.12248836268000003,0.4324287184,-0.030908605326666668,-0.09093344202333334,0.46140758549999994,-0.12518863276666667,-0.11563401405666666,0.4247618507666666,-0.13035426916666668,0.09896969333333334,0.3223009869666667,-0.04950135984666666,-0.1398662386333333,0.34087272600000007,0.16538851406666663,0.1921058719666667,0.14233387600000003,-0.09559594505999999,-0.11008476414666667,0.05090659343333336,0.16380132428000002,0.11249702555550001,-0.05292445815033329,-0.0910847896433333,-0.19859874239999997,-0.10127432158983327,0.07535564776333334,0.08823141832333335,-0.09838537013633329,-0.09503015360000003,-0.19402185776666664,-0.13193697002779994,0.042424369126333336,0.04081573090566666,-0.10444371849533331,-0.10416253300999999,-0.18659478803333335,-0.10431907588966666,0.015860230263333334,0.09774424382966666,-0.0770813136316666,-0.09369699332666669,-0.19729169276666667,-0.09884793896560663,0.0850737244,0.07434277706666667,-0.15407888834179995,-0.03749277176666667,-0.07217680410666666,-0.1532407739946333,0.039155454789999995,0.06297329086999999,-0.5712320104999999,-0.09839601218333333,-0.1266072072,-0.48870785596666677,-0.002850141660066668,0.07789696785666667,-0.9424864478999999,0.010793762040633334,-0.1682488222666666,-0.9063771703333333,0.10291961600666666,0.05417766409333334,-0.9830813097666667,0.022624094361666663,-0.1760316780333333,-0.9421922445666666,0.07290707908666666,-0.042949553119999984,-1.0000403896999999,-0.037160760288033334,-0.2679209083,-0.9441600001666666,0.019014948022333333,Donner_g_ch2_g20_compr.mp4,ch2g20
5666.666666666681,-0.13791691816,0.47063976823333337,-0.15547690093333333,-0.11449342582666668,0.4935299564666667,-0.15644987569999996,-0.11171212905,0.49337597066666666,-0.1453274782333333,-0.11239192017,0.49404401206666654,-0.14919526876666667,-0.13038827604666667,0.502540073,-0.15285884026666668,-0.12992353667333334,0.5006064062333333,-0.16315308456666666,-0.12325120852666664,0.48811664796666665,-0.14479343046666665,-0.012414431296000002,0.4849291412666668,-0.10397159290333333,-0.11668241069333335,0.4330013620666667,-0.029929764936666665,-0.08499379284,0.4610362823333333,-0.12441817043333334,-0.11001630299333331,0.42448220763333333,-0.12932164303333335,0.10370963110000002,0.320952716,-0.048217605626666674,-0.1347170472533333,0.3426080196666667,0.16581992849999996,0.1946145514666667,0.13876836983333335,-0.09266616466333334,-0.10955877997999999,0.05124219193333336,0.1672758764666667,0.12027827284550001,-0.06312991858033329,-0.08757862426999997,-0.19867183956666665,-0.10873338544316662,0.08288245203000001,0.09784116599000002,-0.10999973165299996,-0.09182051003333336,-0.19410788913333332,-0.14178883898113329,0.05054243731966667,0.04996182920566666,-0.11739411256199997,-0.10151266634999997,-0.18538841186666669,-0.11559309049966665,0.02321269787666666,0.10550027364966666,-0.08837646243499994,-0.09052762362333334,-0.196671118,-0.1073184697742733,0.0899624154,0.07475820306333333,-0.15468148617879993,-0.03692052067333334,-0.07248961449666667,-0.15271881192929995,0.038590823283333325,0.06466359204333333,-0.5714725639333332,-0.09768021452666666,-0.1232286863,-0.4898907598333334,-0.002618635901066668,0.07872522379333334,-0.9437529750666666,0.011417401921633333,-0.16759674843333325,-0.9082449613666667,0.10198571700666664,0.05494363326333334,-0.9842752325333334,0.023026276414999994,-0.17556240419999994,-0.9442111294,0.07185217472333333,-0.041051700499999996,-1.0006832992999997,-0.037877695324700006,-0.26640695626666666,-0.9455616292333334,0.016799112507999998,Donner_g_ch2_g20_compr.mp4,ch2g20
5683.333333333348,-0.13213199655333333,0.47045973040000005,-0.15468310416666664,-0.10869164729666667,0.4933897862,-0.155737475,-0.10585204315666667,0.4931848801666666,-0.14459783939999998,-0.10648556328666665,0.49389250299999987,-0.14853963506666668,-0.12433280772333336,0.5024171225,-0.15205153756666667,-0.12388654157666665,0.5005057876333333,-0.16234634366666664,-0.11732279072999999,0.4879186453333333,-0.14399217513333334,-0.006668516979333336,0.48461831296666674,-0.10353677447,-0.11125522462333334,0.4334817596,-0.0291019783,-0.07925697239333333,0.46072661236666657,-0.1236851833,-0.10459267830666666,0.4242482912,-0.1283777588,0.10810206960333335,0.31954180553333333,-0.04693053155000001,-0.1300845342733333,0.34397594526666675,0.16603267469999997,0.19680233746666673,0.13527831723333336,-0.08979419757000003,-0.10964287814666666,0.05133424883333337,0.16930334460000002,0.1274664122055,-0.07241490859699994,-0.08427526846999998,-0.19903752996666665,-0.11524811907316661,0.08844824930666667,0.10669099419000001,-0.1205747725863333,-0.08880717102666669,-0.1944555496333333,-0.1503609888111333,0.05672793218633334,0.05832621657233333,-0.1292480185853333,-0.09895670941666666,-0.1844864768666667,-0.12544575862966664,0.028869825876666668,0.11262752624633332,-0.09868004926833328,-0.08753578100666666,-0.19638182436666668,-0.1147569519842733,0.0846366808,0.07515088548,-0.1552735239671333,-0.036365254106666675,-0.07278642973333332,-0.15220091547529993,0.03804287877666666,0.06575703254666666,-0.5717281088999999,-0.09711313073666665,-0.1204984044,-0.49101104800000006,-0.0022067938677333334,0.07908658129666667,-0.9449821122666665,0.011863776418633334,-0.1673450196666666,-0.9098812499333332,0.10174555100666666,0.05525775961333334,-0.985429699,0.023321831665999992,-0.17548972726666662,-0.9459795534999998,0.07151410959666667,-0.03956042457333333,-1.0013989980999998,-0.03889055183803334,-0.26560925439999994,-0.9467936831,0.015504173071999998,Donner_g_ch2_g20_compr.mp4,ch2g20
5700.000000000015,-0.12681997027666667,0.47030064360000007,-0.15389433799999996,-0.10338291516000002,0.4932628382333333,-0.15501647236666666,-0.10048594988999998,0.49301229096666666,-0.14386002976666665,-0.10107710388333331,0.4937528195333333,-0.14787266953333333,-0.11876732646333334,0.5023065638333333,-0.1512576523666667,-0.11833520349,0.5004153018333333,-0.16155366346666664,-0.11188579062666666,0.48773728429999996,-0.14320396529999999,-0.0014278914760000024,0.4842404791333334,-0.10306499226999999,-0.10628562750000002,0.4338708408333334,-0.028300709966666664,-0.07400639606666666,0.4604030743666666,-0.12295687040000002,-0.09962001608666667,0.4240037528666667,-0.12746116526666668,0.11202238605666669,0.3179779992,-0.04562921873333334,-0.12586626339333332,0.344888854,0.16620523263333334,0.19862130580000004,0.1316939998666667,-0.08691918776333335,-0.10996466971333334,0.050917806566666696,0.17121732226666672,0.1337256902955,-0.08104884865699995,-0.08095296442666666,-0.19979955103333333,-0.12101841584649994,0.09404909264000001,0.11441171149333335,-0.13027468532299996,-0.08576739263000002,-0.19523509346666662,-0.15777911398113328,0.06303042399966667,0.06560059617233333,-0.140144361832,-0.09631507849666666,-0.18424416113333336,-0.134054487823,0.03465278698666666,0.11880235821299999,-0.10822453419166662,-0.08451975591666665,-0.19660251006666665,-0.12132992467093996,0.0867717192,0.07551083966666668,-0.15584245592179996,-0.03582791333,-0.07305959707666666,-0.15169702367563329,0.03750907994333332,0.06642165923,-0.5719916429,-0.09688461796333331,-0.11832052296666667,-0.4919706062666667,-0.0018887358623999998,0.07923489913666666,-0.9459687896999999,0.011814683037633333,-0.16757295476666662,-0.9113044816999999,0.10111029662666667,0.05539550793666667,-0.9863197771666666,0.023149853389333327,-0.1758958067666666,-0.9475252656666666,0.07074622779999999,-0.0381454226,-1.0019413745333332,-0.03998752664803334,-0.26540592606666663,-0.9477715608666668,0.013797532504866664,Donner_g_ch2_g20_compr.mp4,ch2g20
5716.6666666666815,-0.12171066372,0.4701927969333334,-0.15329163719999997,-0.09831695185333335,0.4931723683333333,-0.15442631336666665,-0.09537883553999998,0.49287751493333337,-0.1432528377333333,-0.09593341875333332,0.49364874709999995,-0.14733123533333334,-0.11348055131999998,0.5022158614666667,-0.1506536909,-0.11306078376333331,0.5003459677333333,-0.16095244533333333,-0.10672258917,0.48758339303333326,-0.14260574776666668,0.0034301554206666632,0.48384282786666666,-0.10259552173333333,-0.10165087178666667,0.43412853753333336,-0.027730125129999995,-0.06899893661999999,0.46011038573333324,-0.12237841626666668,-0.09487487654666667,0.4237752346333334,-0.1267787308,0.11576577852000003,0.3162820324666667,-0.04445642843000001,-0.12211484017333332,0.34553354280000004,0.16621739646666664,0.2004812846333334,0.12799198020000002,-0.08422917216333337,-0.11110974621333333,0.05035583263333337,0.17232423666666669,0.13935278211000002,-0.08909500313033326,-0.07750907908666667,-0.20132462179999996,-0.12590748422983328,0.09786068740333334,0.12118678854,-0.13920116062299998,-0.08248614465333333,-0.19683178369999996,-0.16405892212779996,0.06736352698966666,0.07200159461566666,-0.15009091212200001,-0.09330914460333332,-0.1848587977666667,-0.14134034710399998,0.03870988808333333,0.12432282019966666,-0.11706274060499995,-0.08133412494999998,-0.1976268278,-0.12694070974093996,0.0974565372,0.0758389461,-0.1563914567801333,-0.03533475151333334,-0.07331218119666666,-0.15120405934229994,0.03701362428,0.06671411177999999,-0.5722610211,-0.0968133250933333,-0.11643676063333334,-0.4927058395000001,-0.0015785262390666667,0.07903952976333332,-0.9467264708333332,0.0110312643273,-0.16799077339999996,-0.9121594799999998,0.10043179064666667,0.05519629444000001,-0.9869552461333333,0.022182204709333325,-0.17650218619999994,-0.9484447209666665,0.06992806302999999,-0.037272335499999996,-1.0020403917666667,-0.0419136868497,-0.2656032780333333,-0.9479998625333335,0.01214179486653333,Donner_g_ch2_g20_compr.mp4,ch2g20
5733.3333333333485,-0.11680788653,0.47009800110000005,-0.1527898500333333,-0.09348907807,0.49308113759999994,-0.15394205343333334,-0.09051451948333332,0.49274560786666666,-0.14275264399999998,-0.09103664124333331,0.4935441906333333,-0.14688419700000002,-0.10843370920333331,0.5021244001,-0.15019170473333338,-0.10802112697333331,0.5002753402,-0.1604939480333333,-0.10178990385333332,0.48743626293333325,-0.1421472758,0.007953077060666666,0.4834093709666667,-0.10230176149999999,-0.09720399536666667,0.43429913000000003,-0.027444555426666663,-0.06423467415333334,0.45982442449999994,-0.1219228986666667,-0.09031238188000001,0.4235484489000001,-0.12626893626666666,0.11923125626000003,0.31458022043333334,-0.04352519824333334,-0.11866006827999999,0.3460470459666667,0.1660014389,0.20203851260000008,0.12434805073333335,-0.08163764628333338,-0.11267608601000001,0.04983617600000003,0.1728390132,0.1442971021866667,-0.0964214920036666,-0.07397067530000002,-0.20333636199999996,-0.12980122773983327,0.10048409426666667,0.12708746650666666,-0.14726454489299998,-0.07896173948666665,-0.19893794659999994,-0.16905378706779997,0.07037732011966667,0.07761861712899999,-0.15908687413533334,-0.08999081049666667,-0.18603453186666669,-0.147216920925,0.041511684380000004,0.129173293621,-0.12509485590166664,-0.07798227178333332,-0.1991751588,-0.13144587777760663,0.0928945467,0.07614613360333333,-0.15691579069113332,-0.03483364222666667,-0.07355394558333332,-0.15072538609696662,0.03650832593,0.06693351039333333,-0.5724475498666666,-0.09670793886666665,-0.11504836383333335,-0.49282139106666667,-0.0013992733424,0.07886142847666666,-0.9470140692333331,0.010387048756966666,-0.16861428416666663,-0.9123315844333332,0.09953090444666667,0.05501533598,-0.9870824801999999,0.02132991938266666,-0.17728755636666663,-0.9486597089666665,0.06887936562333331,-0.03627220420666667,-1.0015501341333333,-0.04360031604466667,-0.2658653199333333,-0.9474829532000001,0.0102151709312,Donner_g_ch2_g20_compr.mp4,ch2g20
5750.0000000000155,-0.11199213322999998,0.46994319393333334,-0.15216550926666667,-0.08874568543,0.4929167481999999,-0.15324020080000003,-0.08573881863333334,0.49254704293333335,-0.14204388069999999,-0.08623097726666668,0.49337109476666663,-0.1462072630666667,-0.10351518668333332,0.5019383360999999,-0.14957038193333336,-0.10311268063666666,0.500116919,-0.15988418159999998,-0.09697925667999999,0.48722102659999994,-0.14153434983333335,0.012345430134,0.48292636076666673,-0.10163832677333332,-0.09294370893666666,0.43430269436666663,-0.026967909376666665,-0.059572077420000015,0.45948233156666657,-0.12132756050000003,-0.08588021450666669,0.42325076146666674,-0.1256929145,0.1226959725566667,0.31285343913333336,-0.04242286528666667,-0.11566670092999999,0.34633638780000003,0.16583017586666665,0.20362974800000008,0.12071419743333335,-0.0788857991766667,-0.11461770706333334,0.04923885650000003,0.17333902316666666,0.14894737916,-0.10301278472699994,-0.07023290554333335,-0.205665938,-0.13302868575649995,0.10232533812000001,0.13262241596333332,-0.154494592413,-0.07526202069999999,-0.20133215589999995,-0.17320583384113328,0.07238330748600001,0.08283827534566665,-0.16716334647533335,-0.08649667497,-0.18754470890000002,-0.15201061708926664,0.04330647206333333,0.13368769950333334,-0.1323356382083333,-0.07439742566333332,-0.20104182576666665,-0.13518575190760662,0.101963773,0.07649228211333334,-0.15740950563413333,-0.0342455738,-0.07383974389333332,-0.15026771388096663,0.03591939286333334,0.06733222774666667,-0.5725684251,-0.09658165723666665,-0.1138999835,-0.4927783664666667,-0.0015207227090666667,0.07867554580333332,-0.9469822880666665,0.0100792140503,-0.16914666739999995,-0.9120660059999999,0.09831999983666666,0.05479065937666667,-0.9868915108666667,0.020916690192666662,-0.17795829886666664,-0.9483971643999999,0.06753033841666665,-0.03497844342000001,-1.0007821899,-0.04472207499333333,-0.2658311843666666,-0.946709724,0.008100128611200002,Donner_g_ch2_g20_compr.mp4,ch2g20
5766.666666666682,-0.10735945024333332,0.4696289035,-0.15160016019999997,-0.08418966868666665,0.49258354036666663,-0.15258264733333335,-0.08114895005333335,0.49218516526666667,-0.1413814322,-0.08161660900333333,0.4930238699,-0.14556825656666672,-0.09882337527999997,0.5015792419666666,-0.14901649633333333,-0.09842953997333333,0.4997867927333333,-0.15934275436666664,-0.09238622046666665,0.4868497154999999,-0.14098644156666668,0.016489250340666665,0.48231267730000005,-0.10096888316999997,-0.08910116773999999,0.4341289746333333,-0.026565672896666667,-0.055122438087000014,0.45900049753333333,-0.12077262760000002,-0.08169239240333336,0.4228139289333334,-0.12519173776666667,0.1259219337466667,0.31115088113333333,-0.04125578225,-0.11304504116333333,0.3464236331,0.16558158673333334,0.2050407563333334,0.11712566353333337,-0.07604724070666669,-0.11626845796333335,0.04840201673333337,0.17349124946666666,0.15301934722666669,-0.10900298508033328,-0.06648051327000001,-0.20803863349999996,-0.1361514199031666,0.10388742195666668,0.13748219601999997,-0.16099855825633333,-0.07152239075,-0.2038718745666666,-0.17705243464779996,0.07417846807000002,0.08747112881566665,-0.17443056689199998,-0.08295396599333334,-0.1894146466666667,-0.15647469770993333,0.04489726334666667,0.13763886012,-0.1389118240183333,-0.07078338768999999,-0.20307055129999999,-0.13875645334760664,0.100226149,0.07684820583333334,-0.15787421077346664,-0.033619738566666675,-0.07413774526333332,-0.1498343160926333,0.035295184923333334,0.06783340085999999,-0.5726662134999999,-0.09645204643999998,-0.11278304286666666,-0.49271455259999997,-0.002015355936066667,0.07844852636333333,-0.9469709393333332,0.010245857026966667,-0.1699653054,-0.9118834230666665,0.09676698292999998,0.05451597522333333,-0.9867422707666665,0.021087050075999994,-0.17894606056666662,-0.9482357053666666,0.06582038832333333,-0.03357965683000001,-1.0002389491666666,-0.04510507367333333,-0.26607777669999993,-0.9460418400333332,0.005628844277866666,Donner_g_ch2_g20_compr.mp4,ch2g20
5783.333333333349,-0.10307918617999999,0.46925899709999996,-0.15122226376666664,-0.07997852539999997,0.4921916060666667,-0.15211410713333332,-0.07690846739000001,0.4917679705,-0.14090970416666668,-0.07735541136999999,0.4926168834333334,-0.1451093827666667,-0.09451276860999998,0.5011597047333334,-0.1486637183,-0.09412453053999999,0.49939532333333336,-0.15900342266666662,-0.08816637378666667,0.48642186739999993,-0.1406374722666667,0.020341848584,0.4816825826666667,-0.10038116374666664,-0.08560857499999998,0.4339075930333333,-0.02632349922333333,-0.05100030698466668,0.4584876571666666,-0.12036498696666667,-0.07783070418666668,0.4223417151,-0.12486580166666668,0.12890250276333337,0.3094729348666667,-0.04013660073666667,-0.11061050162000001,0.34648684479999997,0.16522023903333333,0.2060184667333334,0.11385921130000003,-0.07336853892333332,-0.11771645199666668,0.04760297426666671,0.1731902028,0.15648935755333335,-0.11439231176366663,-0.06303412700666668,-0.21041836086666663,-0.13851832078316662,0.10451271913666667,0.14169299676333333,-0.16685812150966664,-0.06808971195333333,-0.20649255569999994,-0.17995441589113328,0.07498361965666668,0.09158050275233333,-0.18102545825533334,-0.07967964219,-0.19149977456666667,-0.15995213400160002,0.04554828434,0.14104273734,-0.14486377957499996,-0.06746353835333332,-0.20517999276666665,-0.1415072637576066,0.0977492,0.07721857428333334,-0.15831250266346664,-0.03294556371666667,-0.07445086286666666,-0.14942370287596665,0.03462310163666666,0.06830772369666666,-0.5727851049,-0.09630273009999998,-0.1116938703,-0.4926182245666666,-0.0026110364507333336,0.07821096124666665,-0.9468432840666665,0.010811687348633334,-0.17086651026666666,-0.9117425494999999,0.09509626126333331,0.054235605029999995,-0.9864662754333331,0.021709763175999996,-0.1800142920333333,-0.9481305720333333,0.06400324833999999,-0.03212072027333334,-0.9998096900666665,-0.044922862273333336,-0.2663324514666667,-0.9455324267333333,0.0030516945345333345,Donner_g_ch2_g20_compr.mp4,ch2g20
5800.000000000016,-0.09891174576333332,0.46878806079999996,-0.15109556813333333,-0.07588216341999998,0.49169218866666664,-0.15186814856666667,-0.07278604563666667,0.4912454245333333,-0.14066389610000002,-0.07321559802666665,0.4921000456000001,-0.1448674991666667,-0.09035190951999998,0.5006146103333333,-0.14856912276666667,-0.08996613313999999,0.4988798146666667,-0.15892183086666664,-0.08408852488,0.4858793320333333,-0.14054517000000002,0.024037904417333333,0.480974104,-0.0998705071633333,-0.08240013445999998,0.4335200992333333,-0.026305560086666666,-0.04700891505533334,0.4578900809,-0.12014871210000001,-0.07411594390666668,0.42177015823333336,-0.12478432163333335,0.13178395000333334,0.30781120006666673,-0.039053267506666656,-0.10838641041333337,0.34645190303333334,0.16464937256666665,0.20700907106666672,0.1109560652666667,-0.07088552305,-0.11910271226333335,0.046824747233333366,0.17253252763333332,0.1597585066566667,-0.11922363944699996,-0.06000341477333334,-0.21286595256666663,-0.14028078082983328,0.10471587650000001,0.14565073560333333,-0.1721127963363333,-0.06506359197000001,-0.20922861203333326,-0.18215604327113327,0.07532851100666668,0.09549810619566666,-0.1869559389786667,-0.07685078866333334,-0.19376702596666667,-0.1627015991019667,0.045747607546666666,0.14425335829,-0.15022152276499995,-0.06456798134333332,-0.2074105023666666,-0.14363074398427328,0.101248883,0.07760150954,-0.15872706710846662,-0.03222021877666667,-0.07477888485999999,-0.14903306027329996,0.0339015853,0.06869249254333333,-0.5729278907999998,-0.09610434274666667,-0.11069588963333332,-0.49254596983333326,-0.0035539419164,0.07779681650333332,-0.9468408480999998,0.011575577019133334,-0.1718165219,-0.9117186957333333,0.09327260241,0.05376444558666667,-0.9863298443666664,0.022535650999333325,-0.18113232169999996,-0.9481515230666666,0.06201408494333332,-0.030748201200000002,-0.9994956311999998,-0.04456225665666667,-0.2666121025666666,-0.9452415242666665,0.00022050135120000062,Donner_g_ch2_g20_compr.mp4,ch2g20
5816.666666666683,-0.09474674715999999,0.46817414686666664,-0.15127115199999996,-0.07183138042333331,0.49104589950000005,-0.15189702803333333,-0.06871248439000001,0.49057728823333335,-0.1406933686,-0.06912594793999999,0.4914373909666667,-0.1448929046666667,-0.08626820122333331,0.49989124836666665,-0.14878326039999998,-0.08588758200666666,0.4981853848,-0.15914807119999996,-0.08008377138666667,0.48516043663333325,-0.14076035020000005,0.027602723117333333,0.4802318076333334,-0.0994467587633333,-0.07941997944333333,0.43295984339999993,-0.026515418356666664,-0.04303547730533335,0.45720105613333334,-0.12015933813333335,-0.07043381607333334,0.42107005796666674,-0.1249687374,0.13446195613333337,0.30625725633333345,-0.038054696673333326,-0.10622711715333337,0.34641663596666666,0.16398718683333333,0.2077974924666667,0.10846107740000004,-0.06880395377,-0.12066424916333335,0.046323528300000034,0.1720455671,0.1624536560966667,-0.12354317029733329,-0.057458295943333335,-0.21549489189999996,-0.14149298658983328,0.10516083411333335,0.14890406105333334,-0.17682106371299997,-0.06253639042,-0.21213184003333327,-0.18376848376779994,0.07587958463333334,0.09877631940833333,-0.19229480910200003,-0.07451117124666666,-0.19621280519999998,-0.16483059839119998,0.046164260776666674,0.14690476113666667,-0.15502834760166662,-0.06213220195,-0.2098442310333333,-0.14518616767093998,0.103945822,0.07797292793666667,-0.1591164536201333,-0.031518789080000005,-0.07509895782999998,-0.1486637340899666,0.033205944023333336,0.06883514533333333,-0.5731073961333332,-0.09590603958333334,-0.10970334189999999,-0.4925011083999999,-0.004453254498066666,0.07702589623666667,-0.9469360148666666,0.012248042310466669,-0.17275621893333332,-0.9117452038999999,0.09168500574666667,0.05291191302666666,-0.9862983293999998,0.023299895389333327,-0.18224935743333331,-0.9482163252333332,0.06031981130666665,-0.030107072156666668,-0.9992804782999999,-0.044365909519999996,-0.26691547333333326,-0.9450286959333332,-0.0020152356554666664,Donner_g_ch2_g20_compr.mp4,ch2g20
5833.33333333335,-0.09081477938,0.4674179864333333,-0.15143702376666665,-0.06804255479333333,0.4902594460333334,-0.15191387776666665,-0.06490368456,0.4897708811,-0.1407111144,-0.06530202138999999,0.4906383211666667,-0.1449039851666667,-0.08245954612333331,0.49900063180000004,-0.148986548,-0.08208213575333331,0.4973213399666668,-0.15936235436666663,-0.07634929513333334,0.48427461426666657,-0.14096430290000003,0.03093271970733333,0.4794284165,-0.09896849855999998,-0.07668381855,0.4321902044,-0.02668645934666666,-0.03926299262266668,0.45639881736666665,-0.1201482308,-0.06694175241333332,0.42022039176666676,-0.12514452936666665,0.13696566760666667,0.3047217046000001,-0.03703363992666665,-0.1041282898366667,0.34624437356666665,0.1635828165,0.20853801460000002,0.10619133590000003,-0.06701107263,-0.12220506823000002,0.045960886700000037,0.17176967159999995,0.16466919303333336,-0.12750855826533328,-0.055384811903333324,-0.21819706049999996,-0.14229157135983328,0.10568875003000001,0.15157889785666667,-0.18115384219299996,-0.06049360730333334,-0.21512719643333328,-0.18489067053779992,0.07648891782666667,0.10146832374666666,-0.19721398887866667,-0.07263829247666664,-0.19877099336666665,-0.16643075817976666,0.046653923146666665,0.14906418078666667,-0.15943372322499993,-0.06015206089666667,-0.21237295909999998,-0.14629592364093996,0.10234639,0.07832391262,-0.1594751220711333,-0.030877440183333334,-0.07540288166333332,-0.14832145419159992,0.03257296933,0.06877226988333332,-0.5733010466666665,-0.09582105801333334,-0.10879981743333332,-0.49246720826666657,-0.005330566790066667,0.07604353768333333,-0.9469768023333333,0.012248472333800001,-0.1737094636,-0.9116442833333332,0.09012060138666667,0.05184691045999999,-0.9862151709666666,0.02331942720933333,-0.18340201339999998,-0.9481260897666665,0.058657590129999986,-0.030005558740000004,-0.9990942634666665,-0.044685790139999994,-0.26719889739999997,-0.9447630638666664,-0.004106405942133333,Donner_g_ch2_g20_compr.mp4,ch2g20
5850.000000000017,-0.08710610486,0.4666766954,-0.15165930836666663,-0.06445515877333333,0.48948203166666665,-0.15198964669999998,-0.06129657718333333,0.48897585050000003,-0.14078693996666666,-0.061681545429999984,0.4898494757666667,-0.14497537316666667,-0.07885769729333332,0.49812949203333334,-0.1492557494,-0.07848199955666665,0.4964741116000001,-0.15963952439999995,-0.07281887489333334,0.4834072673666666,-0.14123229333333334,0.034053864277333326,0.47861662903333335,-0.09851483520666664,-0.07414391251333334,0.43142755503333335,-0.026910609319999994,-0.03572869377833335,0.4556062742666666,-0.12018134216666668,-0.06367513265666666,0.41938379886666677,-0.12536975693333333,0.13926735238333335,0.30324866026666675,-0.03603252267333333,-0.1022335393966667,0.34608333176666667,0.16315065056666667,0.20907976270000003,0.10420702526666671,-0.06514783230333332,-0.12395716687000001,0.0458854927666667,0.17139408879999996,0.16661919973333333,-0.1308782513663333,-0.053167539296666656,-0.22103748406666662,-0.1426273864731666,0.10586115790000002,0.1539478670866667,-0.18479537740966662,-0.05830241657000001,-0.2182343006333333,-0.18546585303333327,0.07667354209666667,0.10395091876,-0.20138852223866666,-0.07066258104666663,-0.20142257156666662,-0.16744772935336666,0.04677137304666666,0.15100145491666667,-0.16319730770499996,-0.05805295499666667,-0.2150423769333333,-0.14690409417093997,0.101309597,0.07864191730666667,-0.15980763664046663,-0.030256138316666664,-0.07567841605333331,-0.1480033346466666,0.03196180646,0.06858521610333332,-0.5735045776333332,-0.09571781556666667,-0.10783454703333333,-0.49246472673333325,-0.006171043653066667,0.07481300227333333,-0.9470769778666666,0.012218615433800002,-0.1746201744,-0.9116541916333334,0.08857084525333334,0.05052464772333333,-0.9861897217666665,0.023280539899333333,-0.18449437926666665,-0.9481637241666665,0.05699824711333332,-0.029968211460000005,-0.9989731031333332,-0.044978456456666656,-0.26757972239999994,-0.9445616398999997,-0.006183007675466666,Donner_g_ch2_g20_compr.mp4,ch2g20
5866.666666666684,-0.08345219536,0.4659703327000001,-0.15204362469999996,-0.06090826182333333,0.4887394114333333,-0.15220366116666667,-0.05773533704666667,0.48821488793333334,-0.14099813860000002,-0.058106925296666646,0.48909503396666676,-0.1451841598,-0.07531777348333332,0.4972990741666667,-0.14968732526666664,-0.07494479828666667,0.4956672971666667,-0.16008008169999996,-0.06934546154333335,0.4825765534333333,-0.14166396606666667,0.03709713153399999,0.47781939063333334,-0.09810958024999997,-0.07174019626333333,0.4307054229,-0.027290744769999997,-0.03226546302556667,0.45483843529999995,-0.12033552793333334,-0.060485495376666656,0.4185768930333334,-0.12575349163333333,0.14147293781333334,0.3019058242333334,-0.03506719695333333,-0.10050814089000003,0.34594615963333336,0.1626639483333333,0.2094556618666667,0.1025364709666667,-0.06331784429,-0.12554625900000002,0.04600452923333336,0.1708480988333333,0.1682428759666667,-0.13365296027166662,-0.051022599099999996,-0.22361876699999994,-0.1425978788831666,0.10564152124333334,0.15593914699000003,-0.1878030837896666,-0.05616063250000001,-0.2210652386333333,-0.1856087271066666,0.07643558669333333,0.10610989932666666,-0.20485839247533333,-0.06874704037666664,-0.20380451423333332,-0.1679887832367,0.04648070559333333,0.15262822336666665,-0.16632658738166664,-0.05602516567666667,-0.21745520276666663,-0.14711154639760662,0.0867502168,0.07894877468333333,-0.16012022189979996,-0.02964348173,-0.07594584022999998,-0.14770518053333329,0.031360627806666666,0.06841040497999999,-0.5737448777333332,-0.09555899228333334,-0.10682832676666666,-0.4924842392999999,-0.006940301168066667,0.07365127248,-0.9471933539333333,0.012298734320466667,-0.1754332999666667,-0.9116597677000001,0.08755628902333333,0.04927004433333333,-0.9861920184999998,0.023380251392666664,-0.18547305526666666,-0.9481969318999998,0.05593559762333332,-0.029802421390000007,-0.9988998172333333,-0.04495819584666666,-0.2678907394333333,-0.944405219433333,-0.007430141767133333,Donner_g_ch2_g20_compr.mp4,ch2g20
5883.333333333351,-0.07981458573333333,0.46539696046666673,-0.15267855823333332,-0.05740042375,0.4881120149,-0.1526040181,-0.054213983913333326,0.48758048033333334,-0.14139086663333333,-0.05457399552666665,0.48845461186666683,-0.14557251883333333,-0.07186631114666667,0.49656991863333333,-0.15035170396666667,-0.07149602636333334,0.49495848666666675,-0.1607531060333333,-0.06595628605,0.4818583214333333,-0.1423312699,0.040017962220666656,0.47714988336666664,-0.09769393494333331,-0.06965573106666666,0.4299925374333334,-0.027871674796666666,-0.028840791834723333,0.45422574723333325,-0.12065710293333334,-0.05737106700666666,0.41790228570000004,-0.12637972583333335,0.14360277196666668,0.3008751327666667,-0.03409314553333333,-0.09904561698666668,0.3458232459,0.1620648054333333,0.20981633653333334,0.10116518770000003,-0.061426889789999994,-0.12696357203333336,0.04634770446666669,0.17002144103333328,0.16952905753333336,-0.13597069799833328,-0.04881264718666666,-0.22592446639999997,-0.1420905482368333,0.10481473976333336,0.15745522343333337,-0.19031337407299992,-0.05394775201000001,-0.22361978693333331,-0.18518726061333324,0.07551606596333334,0.10781731771333333,-0.20769602792866662,-0.06677514079666665,-0.20591585876666665,-0.16787693147303334,0.04553665320333333,0.1538963266,-0.16893715155166664,-0.05393235005,-0.21959528966666664,-0.14677929627627329,0.0842466354,0.07925215835,-0.16041161040479998,-0.0290334172,-0.07621188084333332,-0.14742770899199995,0.030764005553333335,0.06810790339999999,-0.5740091756666666,-0.09531839093333334,-0.10606837076666667,-0.49246472969999994,-0.007680921181733333,0.07247687136,-0.9471085484666666,0.013127415767,-0.17622036240000002,-0.9115997537666668,0.08663949508,0.04798513167,-0.9859862592666665,0.02431554031433333,-0.18644026726666665,-0.9481517257666664,0.05498360428333332,-0.029683026580000008,-0.9987514453666667,-0.043832809053333324,-0.2681742668333333,-0.9442046040999997,-0.008562498950466667,Donner_g_ch2_g20_compr.mp4,ch2g20
5900.000000000018,-0.07614728875666667,0.4649270414000001,-0.1530830885,-0.053897872969999996,0.4875749909666667,-0.1527900685333333,-0.05070352954999999,0.4870434345666667,-0.1415698102,-0.05105222238666665,0.4879068253000002,-0.14574798846666667,-0.06842711965333333,0.4959116608,-0.15079701126666667,-0.06806148629333335,0.4943200672666668,-0.16120748266666662,-0.06257912461666666,0.4812121812666666,-0.14278427663333335,0.04275528690733332,0.4765818312333333,-0.09717560972999999,-0.06784650197,0.4293267595,-0.0283766772,-0.025416717349723332,0.45372323836666667,-0.12078566023333333,-0.05425295331999999,0.41730580216666674,-0.12681849053333336,0.14552949263333334,0.2999932383333334,-0.033112838743333324,-0.09779363685333334,0.3457096315,0.16152918119999998,0.21019660423333333,0.09993915690000003,-0.05956342085666666,-0.1282483844,0.04671979093333335,0.16918533243333328,0.1705654079666667,-0.1380862554416666,-0.04663542267666666,-0.22794401233333328,-0.14172239960449995,0.10397399962333334,0.15857672260000003,-0.19260836765966657,-0.05176696024000001,-0.2258615648333333,-0.18495155969333324,0.07458016003999998,0.10910874398333333,-0.21017933984533327,-0.06483072663333331,-0.20772460690000003,-0.16793871852103331,0.044573384400000006,0.15487955213333332,-0.17127198463499996,-0.05186784743666667,-0.2214523518333333,-0.14658523459027328,0.0839175,0.07954562330666667,-0.1606872725406,-0.028459753413333334,-0.07647087817666665,-0.14716566946633325,0.030205725786666672,0.06774958647666667,-0.5742828533666666,-0.09507600541666668,-0.10556437353333334,-0.4924707596999999,-0.008285413173733333,0.07124351292666666,-0.9470395679999999,0.013972305344299999,-0.17701674703333337,-0.9114821756666668,0.08616717396666668,0.04665853226333334,-0.9858005868333332,0.025255474950999994,-0.18739718209999998,-0.9480335893666665,0.05450853216666666,-0.029999226550000004,-0.9986424185333334,-0.04281001135333332,-0.26855260729999997,-0.9439739976999998,-0.009160639847133332,Donner_g_ch2_g20_compr.mp4,ch2g20
5916.666666666685,-0.07293177139000001,0.46468725193333343,-0.15345493256666665,-0.0508271528,0.48725316760000004,-0.1530023296333333,-0.04763854409999999,0.4867305600000001,-0.1417763408,-0.04797574340999999,0.4875764248333335,-0.14595022206666666,-0.06538842996666668,0.49548596640000003,-0.15122348496666663,-0.06502596329333332,0.4939117436666668,-0.16164420839999996,-0.059589354396666655,0.48079384013333326,-0.1432230637,0.04513113636733332,0.4761630589333333,-0.09679661310666665,-0.06612646739333333,0.4287641055666667,-0.028970825986666664,-0.022429666956389992,0.4534253701,-0.12094504726666666,-0.05149088203,0.4169298061333334,-0.12725410116666666,0.1472818374,0.29922728570000007,-0.03225908378999999,-0.09676660785666669,0.3456156181000001,0.16080586293333332,0.21041541386666665,0.09879129810000004,-0.05782527379,-0.12939460803333333,0.047126451066666686,0.16818724769999996,0.17122194170000002,-0.13977663520399997,-0.04478366298666667,-0.22979096256666662,-0.14121412183569998,0.10285269095333334,0.15926796336666668,-0.19435289237533324,-0.049910830126666667,-0.2279569815,-0.18450539601666657,0.07336410297333333,0.10998496238666665,-0.21200478427666664,-0.06318405580999999,-0.20937324803333335,-0.16770946927769995,0.04335398854333333,0.15550027949999998,-0.17309403914499996,-0.05011524202333334,-0.22313170376666663,-0.14620147025027327,0.0840485543,0.07984046339333334,-0.16095544321866664,-0.02788221638,-0.07673186058999999,-0.14691132932133327,0.029644111950000007,0.06738224205666665,-0.5746236936,-0.09476071994000002,-0.10511614139999999,-0.49248996529999994,-0.008739256189733332,0.07002963850666666,-0.9469865377666665,0.015516750104299998,-0.17779672396666668,-0.9112240736333335,0.08655069806666668,0.04536622073666667,-0.9856248981666664,0.026968152483999995,-0.18833843876666667,-0.9477542998999997,0.054968972583333324,-0.030264131510000004,-0.9985482650333334,-0.041031306926666664,-0.26892317333333327,-0.9436249270666665,-0.008822203090466666,Donner_g_ch2_g20_compr.mp4,ch2g20
5933.333333333352,-0.06998756146333333,0.4645035087,-0.15379870583333333,-0.048010713616666666,0.4869858189000001,-0.15316659456666662,-0.044824659366666665,0.48647282953333343,-0.1419359267666667,-0.045154314099999995,0.48730067586666687,-0.14610288893333334,-0.06259517190333336,0.49510956640000003,-0.15162068979999996,-0.06223006216,0.4935518726666667,-0.16205441103333332,-0.05684022948999998,0.4804310345999999,-0.14363198879999997,0.047302055757333324,0.47577268226666664,-0.09634189969333333,-0.06450632126666665,0.4282134103333334,-0.029550755276666663,-0.019716224757056665,0.4531718536666667,-0.12107656913333331,-0.04897398327666666,0.41659507836666676,-0.12768160826666666,0.1489332576,0.29847215940000005,-0.03132288977666667,-0.09586216549000001,0.3455238597333334,0.1600775021333333,0.21072843756666665,0.0976628038666667,-0.05611376961,-0.13048603266666667,0.04749514256666668,0.16720311589999998,0.17163931130000004,-0.14116687309366666,-0.043241037100000004,-0.2313909856666666,-0.14065867320536662,0.10185491865000001,0.15959489983333333,-0.1957992874476666,-0.04840356289333333,-0.22968060476666663,-0.18404916418333322,0.07227996588333332,0.1103906157033333,-0.2133863685966666,-0.061834407843333314,-0.21075449526666667,-0.16736379300769996,0.04226174904333334,0.15582079453333333,-0.1745365374883333,-0.04866285589333334,-0.22459715049999998,-0.1457369880796066,0.0854801,0.08014191040666668,-0.16121348599906665,-0.027319819113333334,-0.07700294921999999,-0.1466661538016666,0.02909720282666667,0.06697042487333332,-0.5749634798000001,-0.09446808448000002,-0.10470615409999999,-0.4924968595666666,-0.009266757883066664,0.06879411096,-0.9469559466666665,0.016544259814299998,-0.1785002902666667,-0.9109014873333334,0.08651891041333334,0.04405079931333333,-0.9854779687666665,0.028081293503999995,-0.18916875730000002,-0.9474058590999997,0.05498659395333332,-0.030672145360000003,-0.998474093,-0.03994534295666666,-0.2693027277666666,-0.9431775882333331,-0.008649805410466666,Donner_g_ch2_g20_compr.mp4,ch2g20
5950.000000000019,-0.06737624349666664,0.46446660153333336,-0.15400610763333333,-0.045532445733333336,0.4868670447333334,-0.15320221479999996,-0.042347938859999996,0.4863663140333334,-0.14196826923333333,-0.04267235154333333,0.48717466810000015,-0.14613082113333334,-0.06010825501666668,0.4948769771666668,-0.1518824843333333,-0.05973713528333334,0.49333781846666674,-0.16232875283333328,-0.05439832056666665,0.48021088486666663,-0.14390698179999997,0.04909226838666666,0.47546483619999996,-0.09585237644,-0.06307852130666666,0.4277350136666667,-0.030045768189999995,-0.017341433798723334,0.4530399625,-0.12109740343333332,-0.04674758873999999,0.4163780201,-0.1279861525,0.15027064676666665,0.2977386010666668,-0.030472909163333336,-0.09514910475666669,0.3453819957,0.1593417582666666,0.21100696409999997,0.09652454340000004,-0.05466669053,-0.1315499013,0.047800709266666686,0.1660628721,0.17155651496666668,-0.14243244870699998,-0.04182800711,-0.23284842353333324,-0.14033836200369998,0.10071151677666668,0.15931422503333337,-0.19709159221333325,-0.04698524444666666,-0.23120154046666666,-0.18385820108666656,0.07106871729666665,0.11015311903666665,-0.21456874860333328,-0.06054785400333332,-0.2119227547666667,-0.1672956527910333,0.04108201629,0.15563365033333335,-0.1758154038216666,-0.04732935073000002,-0.22589112959999996,-0.1455020890695066,0.0855182409,0.08040648375333335,-0.1614360733303333,-0.02678442629,-0.07724222883666666,-0.14645543438699996,0.028575801386666672,0.06632643902999999,-0.5752541497666667,-0.09423589409000001,-0.10451625666666665,-0.4924959734333333,-0.009822840514399998,0.06731606130333334,-0.9469423468999999,0.017358516847633332,-0.17922860090000006,-0.9105307822000002,0.08631171150333333,0.042506269740000005,-0.9853676425333331,0.02896756949733333,-0.1900231313,-0.9470065218999998,0.05480253729333332,-0.03126396894333334,-0.9985104538333334,-0.03895780040999999,-0.2697547743666666,-0.9426912918333331,-0.008597898207133331,Donner_g_ch2_g20_compr.mp4,ch2g20
5966.666666666686,-0.06502154187999999,0.4645786026333334,-0.15409040946666666,-0.04335375502666667,0.48689629073333346,-0.15311657636666662,-0.04017381865,0.4864132288666667,-0.14187611943333334,-0.04049044690333333,0.4871980132333335,-0.1460405802,-0.057916315650000015,0.4947967811000001,-0.15202269533333332,-0.05753490061666667,0.49327504483333345,-0.1624815359333333,-0.05224632468333332,0.48013999906666666,-0.1440651005,0.050525776049999985,0.4752479925,-0.09529676527333333,-0.061934509990000004,0.42733255116666674,-0.030511584699999993,-0.015221343802390005,0.45304288313333335,-0.121025177,-0.044756180546666656,0.4162919927333334,-0.12822184393333333,0.15147879266666664,0.2970355285000001,-0.029570655900000003,-0.09473307402333334,0.3452247815,0.15851292339999995,0.21129855846666665,0.0954242585666667,-0.05313102405,-0.1326194339,0.0480723867666667,0.16459115396666668,0.17114563680000003,-0.14336779164699998,-0.040182744943333334,-0.23397629046666657,-0.1399557455863333,0.09897721283666668,0.15852577030000004,-0.19799864225333327,-0.04529048657999999,-0.2322476690333333,-0.18352477692666658,0.06914892743666666,0.10932163101333331,-0.21520177501666662,-0.058904268219999986,-0.21264711163333339,-0.16695102301769998,0.039288753244,0.15505536506666667,-0.17667260572266663,-0.04571718094000001,-0.22687156093333333,-0.14514109069783995,0.080827482,0.08066812654000002,-0.16163976557199997,-0.026208723093333334,-0.07748293974333334,-0.1462607400213333,0.02801447290666667,0.06562237828666666,-0.5754966770666667,-0.09397559191666667,-0.10439223206666667,-0.49245461383333333,-0.010441360901399998,0.06572708429666667,-0.9470637317666666,0.01811453967763333,-0.1799621270333334,-0.9101090391333334,0.08588548241333333,0.04083984730333333,-0.9854298061999998,0.02977437983066666,-0.19087666833333333,-0.9465562388999998,0.05437012819666666,-0.03181294041666667,-0.9986925003333332,-0.03806744826866666,-0.27019174696666665,-0.9421453768666664,-0.0088192445428,Donner_g_ch2_g20_compr.mp4,ch2g20
5983.333333333353,-0.06289624934333334,0.4646909753000001,-0.1542406206,-0.041396940373333344,0.4869266158333334,-0.15308694639999998,-0.038221301866666675,0.4864632967666668,-0.14183663829999998,-0.03853028687666667,0.48722293196666683,-0.14600725573333334,-0.05593479029333335,0.4947257303666668,-0.15223707286666668,-0.05554505840333333,0.49321843033333346,-0.16270990516666664,-0.05030049069666666,0.4800802573333333,-0.14429977343333333,0.051753769566666656,0.4750305587333333,-0.09477216343666665,-0.060928690423333334,0.4269343941333334,-0.03109861836666666,-0.01332727850005667,0.4530474925666667,-0.12101253373333332,-0.04296928184999999,0.41621082710000007,-0.12856062159999998,0.15252675756666664,0.29634545273333346,-0.028667931510000005,-0.09452922490333332,0.3450171423333333,0.15746523366666662,0.21158047253333334,0.0943857782666667,-0.05154081558666666,-0.1336765245,0.048264649000000034,0.16277769060000002,0.17057643876666667,-0.144045611567,-0.03849096396000001,-0.23481507829999992,-0.1397239881133333,0.09701302607333334,0.1575801470666667,-0.1986004668766666,-0.04356625012,-0.23289249046666663,-0.18333098670333323,0.06700065980999997,0.10834699695999997,-0.21549198195999994,-0.05726278921,-0.2130381548666667,-0.1667250276610333,0.037253008941000004,0.15432355266666664,-0.17724132647666663,-0.04409016599000001,-0.22757509343333332,-0.14491712015283995,0.0806410909,0.08093228762000003,-0.16182670871833327,-0.025604279096666665,-0.07772812868000001,-0.14608141881799996,0.027425370276666666,0.06487398882333331,-0.5757475212000001,-0.09366172652333334,-0.10428425403333334,-0.49243267136666663,-0.011081677564399999,0.06408357202333334,-0.9472753302333332,0.01895389023763333,-0.18076464000000006,-0.9097079038333333,0.08545433050999998,0.03912514572666667,-0.985598034333333,0.03065767198733333,-0.19178685310000002,-0.9461293007666665,0.05392926695666666,-0.03227678698,-0.9990126229666666,-0.037145087811,-0.27062782943333336,-0.9416133795999999,-0.009148159806466667,Donner_g_ch2_g20_compr.mp4,ch2g20
6000.00000000002,-0.06112070261333333,0.4648138840333334,-0.15437372619999998,-0.03978797470333334,0.4869687225333334,-0.15305546223333333,-0.03661612897666668,0.48652420186666673,-0.14179319596666665,-0.03691951115,0.4872594934666668,-0.14597244860000003,-0.05430504284333335,0.49466925296666675,-0.15243879286666667,-0.053904439109999994,0.49317629183333345,-0.16292604353333331,-0.04870476731666666,0.48003545849999996,-0.14452338073333335,0.05265053088666665,0.47482758903333333,-0.09425516989333331,-0.06019865484333333,0.4265583901666668,-0.03167022436666666,-0.011773062163056671,0.4530650302333334,-0.12099636546666666,-0.04150460313,0.4161461719333334,-0.12889686156666666,0.15336182956666664,0.2957234305666668,-0.02777942022,-0.09452069299666666,0.34481672569999994,0.15638181993333328,0.21188444133333334,0.09340119000000004,-0.049935250113333336,-0.13470600576666666,0.04844218143333336,0.16086521796666672,0.16982424953333333,-0.14465607917366666,-0.036771535423333335,-0.2353742910666666,-0.139475765909,0.09475699710666666,0.15638629483333338,-0.19914694305999994,-0.04181894530666666,-0.2332030083,-0.18312542965333323,0.06451462613666664,0.10710482424666665,-0.21569659688333326,-0.05559898279666667,-0.21307306830000003,-0.1664829165710333,0.034914556631,0.1534095293333333,-0.17772576564999995,-0.04243260900000001,-0.22798882169999998,-0.14466862575783992,0.0727561,0.08118182693666669,-0.16199832879133327,-0.025000112696666663,-0.07796357050333336,-0.14591619508433332,0.02683640852333333,0.06408872817333332,-0.5760162517333334,-0.09330810580333335,-0.10430442050000002,-0.49242801326666663,-0.011691881318399999,0.062430266830000004,-0.9476452922999998,0.019781789440966667,-0.18165504200000004,-0.9094311197333333,0.08507966019666664,0.03740029099666666,-0.9859393086666665,0.03152354804066666,-0.19276833296666665,-0.9458432223333331,0.05353315931999999,-0.03279395282666667,-0.9996155387,-0.03626693298333333,-0.27118151386666667,-0.9412909204666664,-0.009594672263466667,Donner_g_ch2_g20_compr.mp4,ch2g20
6016.666666666687,-0.05973931492999999,0.46508103803333334,-0.15427701119999995,-0.03852959734666667,0.4871585553666667,-0.1528509592,-0.03536392281000001,0.48673683546666674,-0.14157883033333335,-0.03566213709,0.4874470295333334,-0.14576908053333335,-0.053005007923333354,0.4947980228666667,-0.15240347613333335,-0.05259658368666666,0.4933147633333334,-0.16290297503333334,-0.04743409625333332,0.4801746174666666,-0.1445116257,0.053297898423333316,0.4747431272666667,-0.09371354372999997,-0.05958490619,0.42638313463333344,-0.03204950281333333,-0.010580961492056671,0.4532212997000001,-0.12082249649999999,-0.04035991008333333,0.4162521649000001,-0.1290108989333333,0.15398556536666663,0.2952365401000001,-0.026889526906666666,-0.09464006346666665,0.34469501299999994,0.1554068091666666,0.21212535436666666,0.09260635460000004,-0.0483624513,-0.13566076913333336,0.04869607040000003,0.1590175842666667,0.16891757993333334,-0.1450501332403333,-0.03520850612,-0.23564416003333327,-0.1392313069743333,0.09259589089333331,0.15506708313333337,-0.1994966180533333,-0.04027618934333333,-0.2331954986333333,-0.1829782918599999,0.062130364599999974,0.10573369216999999,-0.21574033812666657,-0.05410194869,-0.21281529510000005,-0.16631433898769998,0.032655860805666674,0.1523496008,-0.17800341522999996,-0.04091322836333334,-0.22812495523333332,-0.14443865479847326,0.0716331452,0.08142490809000001,-0.16214841668633329,-0.02440219553333333,-0.07819471259666667,-0.14577175808333334,0.026253736859999995,0.06326552228333333,-0.5762998257999999,-0.09294432474666667,-0.10443859280000002,-0.49244532943333336,-0.012264805526399998,0.06078388161333334,-0.9480364795666665,0.0207281875843,-0.1827092688666667,-0.9092239181,0.08480749495666665,0.0356866741,-0.9862991597666665,0.03253395778399999,-0.19391702863333332,-0.9456291363666663,0.053247907879999994,-0.03333225653,-1.0002269512333333,-0.035283634473333325,-0.271862189,-0.9410630162999998,-0.0100056113648,Donner_g_ch2_g20_compr.mp4,ch2g20
6033.333333333354,-0.05916930222298111,0.46515575148194305,-0.1543679757101224,-0.03801784631187248,0.4872071669042643,-0.152891753993326,-0.034852189669632945,0.4867976268308492,-0.14161816175736008,-0.03515080683145719,0.4874944187217652,-0.14581049146948463,-0.05248657000835005,0.494825985749648,-0.15252920510218765,-0.05207282762824622,0.49334523921942924,-0.1630338284218762,-0.046923998535558065,0.48020955886733413,-0.14464793325339267,0.053528524823210986,0.4746756557685579,-0.0935717787787987,-0.059416182018131286,0.42626667794267725,-0.032389213256803856,-0.010097097399623762,0.45324856373348177,-0.12087290204538381,-0.03990170684454581,0.416255466532147,-0.12920729239473494,0.1542292922657768,0.29506352472925484,-0.026574133556544314,-0.09480739482324066,0.3446003867414907,0.15489488841527627,0.21240455914186138,0.09230933804961075,-0.04774654313650728,-0.1361395107395625,0.0487338959566185,0.15808690703062667,0.16834985402365601,-0.1450780743302343,-0.03466455465441603,-0.2357437549742678,-0.13910341688306635,0.09147073416944017,0.15422631328906194,-0.19950020949711536,-0.039764458015624796,-0.23314732115491293,-0.18290802302129044,0.060912681122914376,0.10481163838832037,-0.215545549520927,-0.05358506814587321,-0.21271311204605123,-0.16623968589832458,0.03148390239098039,0.15166029247030036,-0.17794889215214682,-0.040374879503211,-0.2281768429202077,-0.14432829754940418,0.0708260387,0.08154560124431595,-0.1622015446028929,-0.02408673147938452,-0.07831216373178349,-0.14572039766442788,0.025945413329521702,0.06285715358868374,-0.5764875354220246,-0.0928084404316945,-0.10451399792258069,-0.49248906957426775,-0.012599305069945273,0.060071163849929575,-0.948315344466222,0.02144806953641112,-0.18328860853029294,-0.909317429594661,0.08439352858717836,0.03496708012447166,-0.9865677327416392,0.033325781274689645,-0.19454345347282168,-0.9457399519569897,0.052808155350033394,-0.033397853311412685,-1.0006241971956251,-0.03449647980359143,-0.27225979861245836,-0.9411863609548391,-0.010618894502555726,Donner_g_ch2_g20_compr.mp4,ch2g20
6050.000000000021,-0.05802927680894329,0.46530517837916213,-0.15454990473036712,-0.036994344242284045,0.487304389979459,-0.15297334357997783,-0.03382872338889879,0.4869192095592141,-0.1416968246054135,-0.034128146314371534,0.48758919709862836,-0.1458933133417872,-0.05144969417838342,0.4948819115156102,-0.1527806630398962,-0.051025315511405295,0.4934061909916206,-0.16329553519896184,-0.045903803100007454,0.4802794416686689,-0.14492054836017798,0.05398977762296627,0.4745407127723399,-0.09328824887639603,-0.0590787336743938,0.42603376456136466,-0.033068634143744904,-0.009129369214757934,0.45330309180044503,-0.12097371313615134,-0.038985300366970725,0.41626206979644065,-0.12960007931753806,0.15471674606399705,0.29471749398776426,-0.0259433468562996,-0.0951420575363886,0.3444111342244718,0.1538710469124954,0.21296296869225068,0.0917153049488321,-0.04651472680952174,-0.1370969939520208,0.04880954706985542,0.15622555255854656,0.16721440220430117,-0.14513395651003633,-0.033576651723248065,-0.23594294485613657,-0.13884763670053243,0.08922042072165373,0.15254477360051913,-0.1995073923846793,-0.03874099536020766,-0.233050966198072,-0.18276748534387108,0.05847731416874308,0.10296753082496109,-0.21515597230944758,-0.052551307057619595,-0.21250874593815355,-0.16609037971957374,0.029139985561607754,0.15028167581090104,-0.17783984599644048,-0.039298181782966284,-0.22828061829395632,-0.14410758305126584,0.0678761303,0.08178698755294776,-0.16230780043601192,-0.023455803371486852,-0.07854706600201708,-0.14561767682661697,0.025328766268565086,0.062040416199384524,-0.5768629546660735,-0.09253667180175011,-0.10466480816774197,-0.4925765498561365,-0.01326830415703582,0.05864572832312201,-0.9488730742653322,0.022887833440633366,-0.18444728785754544,-0.9095044525839825,0.08356559584820171,0.033527892173414925,-0.9871048786915836,0.03490942825606896,-0.1957963031517983,-0.9459615831376348,0.05192865029010013,-0.03352904687423805,-1.001418689120208,-0.03292217046410756,-0.2730550178373749,-0.9414330502645165,-0.011845460778067182,Donner_g_ch2_g20_compr.mp4,ch2g20
6066.666666666688,-0.05688925139490547,0.4654546052763813,-0.15473183375061184,-0.03597084217269561,0.4874016130546537,-0.15305493316662966,-0.03280525710816465,0.4870407922875789,-0.14177548745346688,-0.03310548579728588,0.4876839754754915,-0.14597613521408975,-0.050412818348416794,0.4949378372815723,-0.15303212097760477,-0.049977803394564355,0.49346714276381193,-0.16355724197604748,-0.04488360766445684,0.4803493244700037,-0.14519316346696332,0.05445103042272155,0.47440576977612187,-0.09300471897399336,-0.05874128533065631,0.42580085118005206,-0.033748055030685946,-0.008161641029892103,0.45335761986740836,-0.12107452422691886,-0.03806889388939564,0.4162686730607343,-0.12999286624034115,0.15520419986221728,0.2943714632462737,-0.025312560156054882,-0.09547672024953655,0.3442218817074529,0.15284720540971453,0.21352137824264,0.09112127184805346,-0.0452829104825362,-0.13805447716447908,0.04888519818309235,0.15436419808646645,0.16607895038494633,-0.1451898386898383,-0.0324887487920801,-0.2361421347380053,-0.1385918565179985,0.08697010727386731,0.1508632339119763,-0.19951457527224326,-0.03771753270479053,-0.23295461124123107,-0.1826269476664517,0.05604194721457178,0.10112342326160181,-0.21476639509796816,-0.05151754596936598,-0.2123043798302559,-0.1659410735408229,0.02679606873223512,0.1489030591515017,-0.17773079984073412,-0.038221484062721564,-0.22838439366770494,-0.14388686855312752,0.0649044663,0.08202837386157957,-0.16241405626913094,-0.022824875263589187,-0.07878196827225067,-0.14551495598880607,0.02471211920760847,0.0612236788100853,-0.5772383739101224,-0.09226490317180573,-0.10481561841290327,-0.49266403013800525,-0.013937303244126363,0.057220292796314444,-0.9494308040644422,0.024327597344855612,-0.18560596718479794,-0.9096914755733039,0.08273766310922508,0.0320887042223582,-0.987642024641528,0.03649307523744827,-0.19704915283077495,-0.94618321431828,0.051049145230166876,-0.03366024043706341,-1.002213181044791,-0.031347861124623684,-0.2738502370622915,-0.9416797395741939,-0.013072027053578638,Donner_g_ch2_g20_compr.mp4,ch2g20
6083.333333333355,-0.05574922598086765,0.4656040321736004,-0.15491376277085656,-0.03494734010310718,0.48749883612984835,-0.1531365227532815,-0.0317817908274305,0.4871623750159437,-0.14185415030152027,-0.03208282528020023,0.4877787538523547,-0.14605895708639233,-0.049375942518450164,0.4949937630475345,-0.15328357891531336,-0.04893029127772342,0.4935280945360032,-0.16381894875313313,-0.04386341222890623,0.4804192072713386,-0.14546577857374862,0.054912283222476835,0.47427082677990384,-0.09272118907159069,-0.058403836986918825,0.4255679377987395,-0.034427475917626994,-0.007193912845026275,0.4534121479343716,-0.12117533531768637,-0.03715248741182056,0.416275276325028,-0.13038565316314427,0.15569165366043752,0.2940254325047832,-0.024681773455810165,-0.09581138296268449,0.3440326291904339,0.15182336390693366,0.21407978779302933,0.09052723874727481,-0.04405109415555066,-0.13901196037693736,0.04896084929632928,0.15250284361438637,0.16494349856559148,-0.14524572086964033,-0.03140084586091213,-0.23634132461987403,-0.13833607633546458,0.08471979382608089,0.14918169422343347,-0.19952175815980722,-0.0366940700493734,-0.23285825628439014,-0.18248640998903234,0.05360658026040047,0.09927931569824253,-0.21437681788648874,-0.05048378488111237,-0.21210001372235823,-0.16579176736207207,0.024452151902862478,0.14752444249210236,-0.17762175368502778,-0.03714478634247685,-0.22848816904145353,-0.14366615405498917,0.0653013289,0.08226976017021138,-0.16252031210224996,-0.022193947155691524,-0.07901687054248427,-0.14541223515099516,0.02409547214665185,0.06040694142078608,-0.5776137931541714,-0.09199313454186135,-0.10496642865806456,-0.492751510419874,-0.01460630233121691,0.05579485726950688,-0.9499885338635524,0.02576736124907786,-0.18676464651205046,-0.9098784985626254,0.08190973037024843,0.03064951627130147,-0.9881791705914723,0.03807672221882758,-0.1983020025097516,-0.9464048454989251,0.05016964017023362,-0.03379143399988877,-1.0030076729693738,-0.029773551785139813,-0.27464545628720805,-0.9419264288838713,-0.014298593329090097,Donner_g_ch2_g20_compr.mp4,ch2g20
6100.000000000022,-0.05460920056682983,0.46575345907081955,-0.15509569179110125,-0.033923838033518755,0.487596059205043,-0.15321811233993335,-0.030758324546696348,0.4872839577443086,-0.14193281314957365,-0.03106016476311458,0.4878735322292179,-0.14614177895869487,-0.048339066688483534,0.4950496888134967,-0.15353503685302192,-0.04788277916088249,0.49358904630819456,-0.16408065553021878,-0.04284321679335562,0.4804890900726734,-0.14573839368053393,0.05537353602223212,0.4741358837836858,-0.09243765916918802,-0.05806638864318134,0.42533502441742693,-0.035106896804568036,-0.006226184660160446,0.45346667600133495,-0.1212761464084539,-0.036236080934245476,0.4162818795893216,-0.13077844008594738,0.1561791074586578,0.29367940176329266,-0.02405098675556545,-0.09614604567583243,0.343843376673415,0.15079952240415279,0.21463819734341866,0.08993320564649616,-0.04281927782856512,-0.13996944358939564,0.04903650040956621,0.1506414891423063,0.16380804674623667,-0.14530160304944234,-0.03031294292974417,-0.2365405145017428,-0.13808029615293066,0.08246948037829445,0.14750015453489065,-0.19952894104737118,-0.03567060739395627,-0.2327619013275492,-0.182345872311613,0.051171213306229174,0.09743520813488324,-0.21398724067500932,-0.04945002379285875,-0.21189564761446056,-0.16564246118332124,0.022108235073489843,0.14614582583270302,-0.17751270752932144,-0.03606808862223214,-0.22859194441520214,-0.14344543955685085,0.0628386438,0.0825111464788432,-0.16262656793536898,-0.021563019047793862,-0.07925177281271786,-0.14530951431318428,0.02347882508569523,0.05959020403148686,-0.5779892123982203,-0.09172136591191697,-0.10511723890322584,-0.4928389907017427,-0.015275301418307453,0.05436942174269932,-0.9505462636626626,0.027207125153300107,-0.18792332583930296,-0.9100655215519469,0.0810817976312718,0.029210328320244738,-0.9887163165414168,0.03966036920020689,-0.19955485218872823,-0.9466264766795703,0.04929013511030036,-0.03392262756271413,-1.0038021648939566,-0.028199242445655942,-0.27544067551212464,-0.9421731181935488,-0.015525159604601553,Donner_g_ch2_g20_compr.mp4,ch2g20
6116.666666666689,-0.05346917515279201,0.4659028859680387,-0.15527762081134597,-0.03290033596393032,0.48769328228023767,-0.15329970192658518,-0.0297348582659622,0.4874055404726734,-0.14201147599762706,-0.03003750424602893,0.4879683106060811,-0.14622460083099742,-0.047302190858516904,0.4951056145794589,-0.15378649479073048,-0.046835267044041555,0.49364999808038584,-0.16434236230730442,-0.04182302135780501,0.48055897287400823,-0.14601100878731926,0.055834788821987405,0.47400094078746785,-0.09215412926678535,-0.05772894029944385,0.4251021110361144,-0.035786317691509084,-0.005258456475294618,0.4535212040682982,-0.12137695749922142,-0.03531967445667039,0.4162884828536153,-0.1311712270087505,0.15666656125687803,0.2933333710218021,-0.023420200055320736,-0.09648070838898037,0.3436541241563961,0.14977568090137194,0.21519660689380798,0.08933917254571752,-0.04158746150157958,-0.14092692680185392,0.04911215152280314,0.1487801346702262,0.16267259492688182,-0.14535748522924433,-0.029225039998576202,-0.23673970438361153,-0.13782451597039672,0.08021916693050801,0.14581861484634784,-0.19953612393493514,-0.03464714473853914,-0.23266554637070827,-0.18220533463419364,0.04873584635205787,0.09559110057152395,-0.2135976634635299,-0.04841626270460514,-0.21169128150656288,-0.16549315500457043,0.0197643182441172,0.1447672091733037,-0.1774036613736151,-0.034991390901987426,-0.22869571978895076,-0.1432247250587125,0.0626214892,0.082752532787475,-0.162732823768488,-0.020932090939896196,-0.07948667508295146,-0.14520679347537338,0.02286217802473861,0.05877346664218763,-0.5783646316422693,-0.09144959728197258,-0.10526804914838714,-0.4929264709836115,-0.015944300505398,0.052943986215891754,-0.9511039934617727,0.028646889057522357,-0.18908200516655546,-0.9102525445412682,0.08025386489229515,0.027771140369188006,-0.9892534624913611,0.0412440161815862,-0.20080770186770489,-0.9468481078602154,0.048410630050367096,-0.034053821125539493,-1.0045966568185396,-0.026624933106172068,-0.2762358947370412,-0.9424198075032262,-0.016751725880113012,Donner_g_ch2_g20_compr.mp4,ch2g20
6133.333333333356,-0.05232914973875419,0.46605231286525783,-0.1554595498315907,-0.031876833894341886,0.48779050535543234,-0.153381291513237,-0.02871139198522805,0.48752712320103825,-0.14209013884568045,-0.02901484372894328,0.48806308898294426,-0.1463074227033,-0.046265315028550275,0.49516154034542104,-0.15403795272843904,-0.04578775492720062,0.4937109498525772,-0.16460406908439007,-0.0408028259222544,0.480628855675343,-0.14628362389410457,0.05629604162174268,0.4738659977912498,-0.09187059936438269,-0.057391491955706364,0.4248691976548018,-0.03646573857845013,-0.004290728290428789,0.45357573213526153,-0.12147776858998893,-0.034403267979095306,0.41629508611790894,-0.13156401393155362,0.15715401505509827,0.29298734028031154,-0.02278941335507602,-0.09681537110212832,0.34346487163937717,0.14875183939859107,0.2157550164441973,0.08874513944493888,-0.04035564517459404,-0.1418844100143122,0.049187802636040064,0.14691878019814608,0.16153714310752698,-0.14541336740904634,-0.02813713706740824,-0.23693889426548026,-0.1375687357878628,0.07796885348272159,0.144137075157805,-0.1995433068224991,-0.03362368208312201,-0.23256919141386734,-0.18206479695677427,0.04630047939788657,0.09374699300816466,-0.21320808625205048,-0.04738250161635152,-0.21148691539866524,-0.1653438488258196,0.017420401414744567,0.14338859251390437,-0.17729461521790876,-0.03391469318174271,-0.22879949516269935,-0.14300401056057419,0.0589008406,0.08299391909610683,-0.162839079601607,-0.02030116283199853,-0.07972157735318505,-0.14510407263756248,0.02224553096378199,0.05795672925288842,-0.5787400508863182,-0.0911778286520282,-0.10541885939354842,-0.4930139512654802,-0.016613299592488546,0.05151855068908419,-0.9516617232608828,0.030086652961744603,-0.19024068449380796,-0.9104395675305897,0.0794259321533185,0.02633195241813128,-0.9897906084413055,0.04282766316296551,-0.2020605515466815,-0.9470697390408607,0.04753112499043384,-0.03418501468836486,-1.0053911487431224,-0.025050623766688193,-0.2770311139619578,-0.9426664968129036,-0.017978292155624468,Donner_g_ch2_g20_compr.mp4,ch2g20
6150.000000000023,-0.05118912432471637,0.4662017397624769,-0.1556414788518354,-0.030853331824753458,0.487887728430627,-0.15346288109988884,-0.027687925704493903,0.48764870592940307,-0.14216880169373383,-0.027992183211857626,0.48815786735980743,-0.14639024457560254,-0.045228439198583645,0.49521746611138323,-0.1542894106661476,-0.04474024281035968,0.4937719016247685,-0.16486577586147572,-0.03978263048670378,0.4806987384766778,-0.1465562390008899,0.05675729442149797,0.4737310547950318,-0.09158706946198002,-0.05705404361196888,0.4246362842734892,-0.037145159465391174,-0.0033230001055629607,0.4536302602022248,-0.12157857968075646,-0.03348686150152022,0.4163016893822026,-0.13195680085435674,0.1576414688533185,0.292641309538821,-0.0221586266548313,-0.09715003381527626,0.34327561912235827,0.1477279978958102,0.21631342599458664,0.08815110634416023,-0.0391238288476085,-0.1428418932267705,0.04926345374927699,0.145057425726066,0.16040169128817217,-0.14546924958884835,-0.027049234136240274,-0.23713808414734902,-0.13731295560532886,0.07571854003493517,0.14245553546926218,-0.19955048971006303,-0.03260021942770488,-0.2324728364570264,-0.1819242592793549,0.04386511244371527,0.09190288544480538,-0.21281850904057106,-0.046348740528097905,-0.21128254929076756,-0.16519454264706876,0.015076484585371933,0.14200997585450503,-0.17718556906220242,-0.032837995461497994,-0.22890327053644796,-0.14278329606243584,0.0592764691,0.08323530540473864,-0.16294533543472603,-0.019670234724100868,-0.07995647962341865,-0.14500135179975157,0.021628883902825375,0.057139991863589194,-0.5791154701303671,-0.09090606002208382,-0.10556966963870971,-0.4931014315473489,-0.01728229867957909,0.05009311516227663,-0.952219453059993,0.03152641686596685,-0.19139936382106046,-0.9106265905199112,0.07859799941434187,0.024892764467074543,-0.99032775439125,0.044411310144344816,-0.20331340122565816,-0.9472913702215058,0.046651619930500585,-0.034316208251190215,-1.0061856406677052,-0.023476314427204326,-0.27782633318687433,-0.942913186122581,-0.019204858431135924,Donner_g_ch2_g20_compr.mp4,ch2g20
6166.66666666669,-0.05004909891067855,0.46635116665969606,-0.15582340787208013,-0.029829829755165026,0.48798495150582166,-0.15354447068654067,-0.026664459423759754,0.48777028865776795,-0.14224746454178722,-0.026969522694771975,0.48825264573667065,-0.14647306644790511,-0.044191563368617015,0.4952733918773454,-0.15454086860385616,-0.043692730693518755,0.4938328533969598,-0.16512748263856136,-0.03876243505115317,0.4807686212780127,-0.1468288541076752,0.05721854722125325,0.4735961117988138,-0.09130353955957735,-0.05671659526823139,0.42440337089217667,-0.03782458035233222,-0.002355271920697132,0.4536847882691881,-0.12167939077152398,-0.032570455023945136,0.41630829264649627,-0.13234958777715986,0.15812892265153874,0.29229527879733047,-0.021527839954586587,-0.0974846965284242,0.34308636660533937,0.14670415639302933,0.21687183554497594,0.08755707324338159,-0.037892012520622964,-0.14379937643922877,0.04933910486251392,0.14319607125398592,0.15926623946881732,-0.14552513176865034,-0.025961331205072307,-0.23733727402921775,-0.13705717542279494,0.07346822658714873,0.14077399578071936,-0.199557672597627,-0.031576756772287745,-0.23237648150018547,-0.18178372160193557,0.041429745489543965,0.09005877788144609,-0.21242893182909164,-0.04531497943984429,-0.2110781831828699,-0.16504523646831792,0.012732567755999291,0.1406313591951057,-0.1770765229064961,-0.031761297741253275,-0.22900704591019655,-0.14256258156429752,0.0561976507,0.08347669171337045,-0.16305159126784505,-0.019039306616203205,-0.08019138189365224,-0.14489863096194067,0.021012236841868755,0.05632325447428997,-0.5794908893744161,-0.09063429139213944,-0.105720479883871,-0.49318891182921765,-0.017951297766669636,0.048667679635469065,-0.9527771828591031,0.0329661807701891,-0.19255804314831296,-0.9108136135092327,0.07777006667536523,0.023453576516017816,-0.9908649003411943,0.04599495712572413,-0.2045662509046348,-0.947513001402151,0.04577211487056732,-0.03444740181401558,-1.0069801325922882,-0.02190200508772045,-0.27862155241179093,-0.9431598754322584,-0.020431424706647383,Donner_g_ch2_g20_compr.mp4,ch2g20
6183.333333333357,-0.048909073496640726,0.4665005935569152,-0.15600533689232482,-0.028806327685576595,0.4880821745810163,-0.1536260602731925,-0.025640993143025606,0.48789187138613277,-0.1423261273898406,-0.025946862177686325,0.4883474241135338,-0.14655588832020766,-0.04315468753865039,0.49532931764330757,-0.15479232654156472,-0.042645218576677815,0.49389380516915116,-0.165389189415647,-0.03774223961560256,0.4808385040793475,-0.14710146921446052,0.05767980002100853,0.47346116880259576,-0.09102000965717467,-0.0563791469244939,0.4241704575108641,-0.038504001239273264,-0.0013875437358313036,0.4537393163361514,-0.1217802018622915,-0.03165404854637005,0.4163148959107899,-0.13274237469996297,0.158616376449759,0.29194924805583994,-0.02089705325434187,-0.09781935924157213,0.34289711408832046,0.14568031489024846,0.21743024509536527,0.08696304014260295,-0.03666019619363742,-0.14475685965168705,0.04941475597575085,0.14133471678190582,0.15813078764946248,-0.14558101394845235,-0.024873428273904343,-0.2375364639110865,-0.136801395240261,0.07121791313936231,0.13909245609217655,-0.19956485548519096,-0.03055329411687062,-0.23228012654334454,-0.1816431839245162,0.038994378535372666,0.0882146703180868,-0.21203935461761222,-0.04428121835159068,-0.21087381707497224,-0.1648959302895671,0.010388650926626657,0.13925274253570635,-0.17696747675078975,-0.030684600021008562,-0.22911082128394517,-0.14234186706615917,0.0545460694,0.08371807802200226,-0.16315784710096407,-0.01840837850830554,-0.08042628416388584,-0.14479591012412976,0.02039558978091214,0.055506517084990756,-0.579866308618465,-0.09036252276219506,-0.10587129012903229,-0.4932763921110864,-0.018620296853760182,0.0472422441086615,-0.9533349126582132,0.03440594467441134,-0.19371672247556548,-0.9110006364985541,0.07694213393638859,0.022014388564961088,-0.9914020462911387,0.04757860410710344,-0.20581910058361144,-0.9477346325827961,0.04489260981063406,-0.03457859537684094,-1.007774624516871,-0.020327695748236577,-0.27941677163670753,-0.9434065647419358,-0.02165799098215884,Donner_g_ch2_g20_compr.mp4,ch2g20
6200.000000000024,-0.047769048082602905,0.46665002045413434,-0.15618726591256954,-0.027782825615988164,0.488179397656211,-0.15370764985984434,-0.024617526862291454,0.4880134541144976,-0.142404790237894,-0.024924201660600675,0.488442202490397,-0.14663871019251024,-0.04211781170868376,0.49538524340926976,-0.1550437844792733,-0.04159770645983688,0.4939547569413425,-0.16565089619273266,-0.03672204418005195,0.48090838688068227,-0.14737408432124585,0.05814105282076382,0.47332622580637773,-0.090736479754772,-0.056041698580756416,0.42393754412955154,-0.03918342212621431,-0.0004198155509654751,0.4537938444031147,-0.12188101295305902,-0.030737642068794962,0.41632149917508354,-0.1331351616227661,0.15910383024797925,0.2916032173143494,-0.020266266554097155,-0.09815402195472007,0.3427078615713015,0.1446564733874676,0.2179886546457546,0.0863690070418243,-0.035428379866651885,-0.14571434286414536,0.04949040708898778,0.1394733623098257,0.15699533583010764,-0.14563689612825437,-0.02378552534273638,-0.23773565379295522,-0.13654561505772708,0.06896759969157587,0.13741091640363373,-0.19957203837275492,-0.02952983146145349,-0.2321837715865036,-0.18150264624709683,0.03655901158120137,0.08637056275472751,-0.2116497774061328,-0.043247457263337064,-0.21066945096707457,-0.16474662411081628,0.008044734097254022,0.13787412587630704,-0.1768584305950834,-0.029607902300763846,-0.22921459665769378,-0.14212115256802085,0.0526190959,0.08395946433063407,-0.1632641029340831,-0.017777450400407874,-0.08066118643411943,-0.14469318928631886,0.01977894271995552,0.05468977969569153,-0.5802417278625139,-0.09009075413225066,-0.10602210037419357,-0.49336387239295515,-0.019289295940850725,0.045816808581853934,-0.9538926424573234,0.03584570857863359,-0.19487540180281798,-0.9111876594878756,0.07611420119741194,0.020575200613904353,-0.9919391922410832,0.04916225108848275,-0.20707195026258807,-0.9479562637634413,0.044013104750700804,-0.0347097889396663,-1.0085691164414539,-0.018753386408752702,-0.28021199086162407,-0.9436532540516133,-0.022884557257670295,Donner_g_ch2_g20_compr.mp4,ch2g20
6216.666666666691,-0.046629022668565084,0.4667994473513535,-0.15636919493281426,-0.026759323546399733,0.48827662073140565,-0.15378923944649617,-0.023594060581557306,0.48813503684286247,-0.1424834530859474,-0.023901541143515025,0.48853698086726016,-0.14672153206481278,-0.04108093587871713,0.49544116917523195,-0.15529524241698187,-0.04055019434299595,0.4940157087135338,-0.16591260296981833,-0.03570184874450134,0.4809782696820171,-0.14764669942803116,0.0586023056205191,0.47319128281015976,-0.09045294985236933,-0.05570425023701893,0.42370463074823894,-0.03986284301315536,0.0005479126339003534,0.453848372470078,-0.12198182404382654,-0.029821235591219877,0.41632810243937723,-0.1335279485455692,0.1595912840461995,0.2912571865728588,-0.019635479853852437,-0.09848868466786802,0.3425186090542826,0.14363263188468672,0.21854706419614392,0.08577497394104566,-0.03419656353966634,-0.14667182607660365,0.049566058202224705,0.13761200783774563,0.1558598840107528,-0.14569277830805635,-0.022697622411568412,-0.23793484367482398,-0.13628983487519314,0.06671728624378945,0.1357293767150909,-0.19957922126031888,-0.02850636880603636,-0.23208741662966267,-0.18136210856967747,0.03412364462703006,0.08452645519136823,-0.21126020019465339,-0.04221369617508345,-0.2104650848591769,-0.16459731793206545,0.005700817267881381,0.1364955092169077,-0.17674938443937707,-0.02853120458051913,-0.22931837203144237,-0.1419004380698825,0.046379786,0.08420085063926588,-0.16337035876720213,-0.01714652229251021,-0.08089608870435303,-0.14459046844850795,0.0191622956589989,0.05387304230639231,-0.5806171471065629,-0.08981898550230628,-0.10617291061935487,-0.4934513526748239,-0.01995829502794127,0.04439137305504637,-0.9544503722564335,0.03728547248285584,-0.19603408113007048,-0.9113746824771971,0.07528626845843531,0.019136012662847625,-0.9924763381910275,0.050745898069862065,-0.20832479994156472,-0.9481778949440864,0.04313359969076755,-0.034840982502491666,-1.009363608366037,-0.017179077069268828,-0.2810072100865406,-0.9438999433612907,-0.024111123533181754,Donner_g_ch2_g20_compr.mp4,ch2g20
6233.333333333358,-0.045488997254527264,0.4669488742485726,-0.15655112395305898,-0.0257358214768113,0.4883738438066003,-0.15387082903314803,-0.022570594300823157,0.4882566195712273,-0.14256211593400078,-0.02287888062642937,0.4886317592441234,-0.14680435393711533,-0.0400440600487505,0.49549709494119415,-0.15554670035469043,-0.039502682226155016,0.4940766604857251,-0.16617430974690398,-0.03468165330895072,0.4810481524833519,-0.1479193145348165,0.05906355842027438,0.47305633981394174,-0.09016941994996666,-0.05536680189328144,0.42347171736692635,-0.0405422639000964,0.001515640818766182,0.4539029005370413,-0.12208263513459407,-0.02890482911364479,0.41633470570367087,-0.13392073546837233,0.16007873784441973,0.2909111558313683,-0.019004693153607723,-0.09882334738101596,0.3423293565372637,0.14260879038190585,0.21910547374653325,0.08518094084026702,-0.0329647472126808,-0.14762930928906193,0.049641709315461635,0.13575065336566555,0.15472443219139798,-0.14574866048785837,-0.021609719480400448,-0.23813403355669271,-0.13603405469265922,0.06446697279600302,0.13404783702654807,-0.19958640414788284,-0.027482906150619227,-0.23199106167282174,-0.18122157089225813,0.031688277672858756,0.08268234762800894,-0.21087062298317397,-0.041179935086829836,-0.21026071875127922,-0.1644480117533146,0.003356900438508739,0.13511689255750836,-0.1766403382836707,-0.027454506860274418,-0.22942214740519098,-0.14167972357174416,0.0346708223,0.0844422369478977,-0.16347661460032115,-0.01651559418461255,-0.08113099097458662,-0.14448774761069705,0.01854564859804228,0.053056304917093094,-0.5809925663506118,-0.0895472168723619,-0.10632372086451615,-0.4935388329566926,-0.020627294115031815,0.04296593752823881,-0.9550081020555437,0.03872523638707809,-0.19719276045732298,-0.9115617054665185,0.07445833571945866,0.017696824711790897,-0.9930134841409719,0.05232954505124137,-0.20957764962054135,-0.9483995261247317,0.04225409463083429,-0.03497217606531702,-1.0101581002906197,-0.01560476772978496,-0.2818024293114572,-0.9441466326709681,-0.025337689808693213,Donner_g_ch2_g20_compr.mp4,ch2g20
6250.000000000025,-0.04434897184048945,0.4670983011457917,-0.1567330529733037,-0.02471231940722287,0.488471066881795,-0.15395241861979986,-0.02154712802008901,0.4883782022995921,-0.14264077878205417,-0.02185622010934372,0.48872653762098656,-0.1468871758094179,-0.03900718421878387,0.4955530207071563,-0.15579815829239899,-0.03845517010931408,0.4941376122579164,-0.16643601652398962,-0.03366145787340011,0.4811180352846868,-0.1481919296416018,0.059524811220029665,0.4729213968177237,-0.08988589004756399,-0.055029353549543955,0.4232388039856138,-0.041221684787037444,0.0024833690036320105,0.45395742860400456,-0.12218344622536159,-0.027988422636069706,0.41634130896796456,-0.13431352239117544,0.16056619164263997,0.29056512508987775,-0.018373906453363006,-0.0991580100941639,0.34214010402024475,0.14158494887912498,0.21966388329692255,0.08458690773948838,-0.03173293088569526,-0.1485867925015202,0.049717360428698565,0.13388929889358545,0.15358898037204313,-0.14580454266766038,-0.020521816549232484,-0.23833322343856145,-0.13577827451012528,0.06221665934821659,0.13236629733800526,-0.19959358703544677,-0.026459443495202097,-0.2318947067159808,-0.18108103321483876,0.029252910718687464,0.08083824006464965,-0.21048104577169455,-0.040146173998576215,-0.21005635264338157,-0.16429870557456377,0.0010129836091361116,0.13373827589810902,-0.17653129212796437,-0.0263778091400297,-0.2295259227789396,-0.14145900907360584,0.0351840705,0.0846836232565295,-0.16358287043344016,-0.015884666076714883,-0.08136589324482021,-0.14438502677288614,0.017929001537085664,0.052239567527793865,-0.5813679855946607,-0.08927544824241752,-0.10647453110967744,-0.4936263132385614,-0.02129629320212236,0.041540502001431244,-0.9555658318546538,0.04016500029130033,-0.19835143978457548,-0.91174872845584,0.07363040298048203,0.016257636760734162,-0.9935506300909163,0.05391319203262068,-0.210830499299518,-0.9486211573053768,0.041374589570901024,-0.03510336962814239,-1.0109525922152025,-0.014030458390301086,-0.2825976485363738,-0.9443933219806455,-0.026564256084204665,Donner_g_ch2_g20_compr.mp4,ch2g20
6266.6666666666915,-0.04320894642645163,0.46724772804301085,-0.1569149819935484,-0.02368881733763444,0.48856828995698964,-0.1540340082064517,-0.02052366173935486,0.48849978502795693,-0.14271944163010758,-0.02083355959225807,0.4888213159978497,-0.14696999768172045,-0.037970308388817244,0.4956089464731185,-0.15604961623010755,-0.03740765799247314,0.49419856403010776,-0.16669772330107527,-0.0326412624378495,0.48118791808602157,-0.1484645447483871,0.05998606401978495,0.4727864538215057,-0.08960236014516132,-0.05469190520580647,0.4230058906043012,-0.04190110567397849,0.003451097188497839,0.45401195667096783,-0.1222842573161291,-0.02707201615849462,0.4163479122322582,-0.13470630931397853,0.1610536454408602,0.2902190943483872,-0.01774311975311829,-0.09949267280731185,0.34195085150322585,0.1405611073763441,0.22022229284731187,0.08399287463870973,-0.03050111455870972,-0.1495442757139785,0.049793011541935495,0.13202794442150534,0.1524535285526883,-0.14586042484746237,-0.01943391361806452,-0.2385324133204302,-0.13552249432759136,0.05996634590043015,0.1306847576494624,-0.19960076992301073,-0.025435980839784968,-0.23179835175913988,-0.1809404955374194,0.026817543764516158,0.07899413250129037,-0.21009146856021513,-0.03911241291032261,-0.2098519865354839,-0.16414939939581294,-0.0013309332202365298,0.13235965923870968,-0.17642224597225803,-0.025301111419784986,-0.2296296981526882,-0.1412382945754675,0.0361553803,0.08492500956516133,-0.16368912626655918,-0.015253737968817217,-0.08160079551505381,-0.14428230593507524,0.017312354476129044,0.05142283013849465,-0.5817434048387097,-0.08900367961247313,-0.10662534135483873,-0.4937137935204301,-0.021965292289212904,0.04011506647462368,-0.956123561653764,0.04160476419552258,-0.19951011911182798,-0.9119357514451615,0.07280247024150538,0.014818448809677434,-0.9940877760408607,0.055496839013999995,-0.21208334897849462,-0.948842788486022,0.04049508451096777,-0.035234563190967745,-1.0117470841397855,-0.012456149050817211,-0.28339286776129036,-0.9446400112903229,-0.027790822359716125,Donner_g_ch2_g20_compr.mp4,ch2g20
