time,X_LEFT_WRIST,Y_LEFT_WRIST,Z_LEFT_WRIST,X_LEFT_THUMB_CMC,Y_LEFT_THUMB_CMC,Z_LEFT_THUMB_CMC,X_LEFT_THUMB_MCP,Y_LEFT_THUMB_MCP,Z_LEFT_THUMB_MCP,X_LEFT_THUMB_IP,Y_LEFT_THUMB_IP,Z_LEFT_THUMB_IP,X_LEFT_THUMB_TIP,Y_LEFT_THUMB_TIP,Z_LEFT_THUMB_TIP,X_LEFT_INDEX_FINGER_MCP,Y_LEFT_INDEX_FINGER_MCP,Z_LEFT_INDEX_FINGER_MCP,X_LEFT_INDEX_FINGER_PIP,Y_LEFT_INDEX_FINGER_PIP,Z_LEFT_INDEX_FINGER_PIP,X_LEFT_INDEX_FINGER_DIP,Y_LEFT_INDEX_FINGER_DIP,Z_LEFT_INDEX_FINGER_DIP,X_LEFT_INDEX_FINGER_TIP,Y_LEFT_INDEX_FINGER_TIP,Z_LEFT_INDEX_FINGER_TIP,X_LEFT_MIDDLE_FINGER_MCP,Y_LEFT_MIDDLE_FINGER_MCP,Z_LEFT_MIDDLE_FINGER_MCP,X_LEFT_MIDDLE_FINGER_PIP,Y_LEFT_MIDDLE_FINGER_PIP,Z_LEFT_MIDDLE_FINGER_PIP,X_LEFT_MIDDLE_FINGER_DIP,Y_LEFT_MIDDLE_FINGER_DIP,Z_LEFT_MIDDLE_FINGER_DIP,X_LEFT_MIDDLE_FINGER_TIP,Y_LEFT_MIDDLE_FINGER_TIP,Z_LEFT_MIDDLE_FINGER_TIP,X_LEFT_RING_FINGER_MCP,Y_LEFT_RING_FINGER_MCP,Z_LEFT_RING_FINGER_MCP,X_LEFT_RING_FINGER_PIP,Y_LEFT_RING_FINGER_PIP,Z_LEFT_RING_FINGER_PIP,X_LEFT_RING_FINGER_DIP,Y_LEFT_RING_FINGER_DIP,Z_LEFT_RING_FINGER_DIP,X_LEFT_RING_FINGER_TIP,Y_LEFT_RING_FINGER_TIP,Z_LEFT_RING_FINGER_TIP,X_LEFT_PINKY_FINGER_MCP,Y_LEFT_PINKY_FINGER_MCP,Z_LEFT_PINKY_FINGER_MCP,X_LEFT_PINKY_FINGER_PIP,Y_LEFT_PINKY_FINGER_PIP,Z_LEFT_PINKY_FINGER_PIP,X_LEFT_PINKY_FINGER_DIP,Y_LEFT_PINKY_FINGER_DIP,Z_LEFT_PINKY_FINGER_DIP,X_LEFT_PINKY_FINGER_TIP,Y_LEFT_PINKY_FINGER_TIP,Z_LEFT_PINKY_FINGER_TIP,X_RIGHT_WRIST,Y_RIGHT_WRIST,Z_RIGHT_WRIST,X_RIGHT_THUMB_CMC,Y_RIGHT_THUMB_CMC,Z_RIGHT_THUMB_CMC,X_RIGHT_THUMB_MCP,Y_RIGHT_THUMB_MCP,Z_RIGHT_THUMB_MCP,X_RIGHT_THUMB_IP,Y_RIGHT_THUMB_IP,Z_RIGHT_THUMB_IP,X_RIGHT_THUMB_TIP,Y_RIGHT_THUMB_TIP,Z_RIGHT_THUMB_TIP,X_RIGHT_INDEX_FINGER_MCP,Y_RIGHT_INDEX_FINGER_MCP,Z_RIGHT_INDEX_FINGER_MCP,X_RIGHT_INDEX_FINGER_PIP,Y_RIGHT_INDEX_FINGER_PIP,Z_RIGHT_INDEX_FINGER_PIP,X_RIGHT_INDEX_FINGER_DIP,Y_RIGHT_INDEX_FINGER_DIP,Z_RIGHT_INDEX_FINGER_DIP,X_RIGHT_INDEX_FINGER_TIP,Y_RIGHT_INDEX_FINGER_TIP,Z_RIGHT_INDEX_FINGER_TIP,X_RIGHT_MIDDLE_FINGER_MCP,Y_RIGHT_MIDDLE_FINGER_MCP,Z_RIGHT_MIDDLE_FINGER_MCP,X_RIGHT_MIDDLE_FINGER_PIP,Y_RIGHT_MIDDLE_FINGER_PIP,Z_RIGHT_MIDDLE_FINGER_PIP,X_RIGHT_MIDDLE_FINGER_DIP,Y_RIGHT_MIDDLE_FINGER_DIP,Z_RIGHT_MIDDLE_FINGER_DIP,X_RIGHT_MIDDLE_FINGER_TIP,Y_RIGHT_MIDDLE_FINGER_TIP,Z_RIGHT_MIDDLE_FINGER_TIP,X_RIGHT_RING_FINGER_MCP,Y_RIGHT_RING_FINGER_MCP,Z_RIGHT_RING_FINGER_MCP,X_RIGHT_RING_FINGER_PIP,Y_RIGHT_RING_FINGER_PIP,Z_RIGHT_RING_FINGER_PIP,X_RIGHT_RING_FINGER_DIP,Y_RIGHT_RING_FINGER_DIP,Z_RIGHT_RING_FINGER_DIP,X_RIGHT_RING_FINGER_TIP,Y_RIGHT_RING_FINGER_TIP,Z_RIGHT_RING_FINGER_TIP,X_RIGHT_PINKY_FINGER_MCP,Y_RIGHT_PINKY_FINGER_MCP,Z_RIGHT_PINKY_FINGER_MCP,X_RIGHT_PINKY_FINGER_PIP,Y_RIGHT_PINKY_FINGER_PIP,Z_RIGHT_PINKY_FINGER_PIP,X_RIGHT_PINKY_FINGER_DIP,Y_RIGHT_PINKY_FINGER_DIP,Z_RIGHT_PINKY_FINGER_DIP,X_RIGHT_PINKY_FINGER_TIP,Y_RIGHT_PINKY_FINGER_TIP,Z_RIGHT_PINKY_FINGER_TIP
0,nan,nan,nan,nan,nan,nan,nan,nan,nan,nan,nan,nan,nan,nan,nan,nan,nan,nan,nan,nan,nan,nan,nan,nan,nan,nan,nan,nan,nan,nan,nan,nan,nan,nan,nan,nan,nan,nan,nan,nan,nan,nan,nan,nan,nan,nan,nan,nan,nan,nan,nan,nan,nan,nan,nan,nan,nan,nan,nan,nan,nan,nan,nan,nan,nan,nan,nan,nan,nan,nan,nan,nan,nan,nan,nan,nan,nan,nan,nan,nan,nan,nan,nan,nan,nan,nan,nan,nan,nan,nan,nan,nan,nan,nan,nan,nan,nan,nan,nan,nan,nan,nan,nan,nan,nan,nan,nan,nan,nan,nan,nan,nan,nan,nan,nan,nan,nan,nan,nan,nan,nan,nan,nan,nan,nan,nan
16.666666666666668,nan,nan,nan,nan,nan,nan,nan,nan,nan,nan,nan,nan,nan,nan,nan,nan,nan,nan,nan,nan,nan,nan,nan,nan,nan,nan,nan,nan,nan,nan,nan,nan,nan,nan,nan,nan,nan,nan,nan,nan,nan,nan,nan,nan,nan,nan,nan,nan,nan,nan,nan,nan,nan,nan,nan,nan,nan,nan,nan,nan,nan,nan,nan,nan,nan,nan,nan,nan,nan,nan,nan,nan,nan,nan,nan,nan,nan,nan,nan,nan,nan,nan,nan,nan,nan,nan,nan,nan,nan,nan,nan,nan,nan,nan,nan,nan,nan,nan,nan,nan,nan,nan,nan,nan,nan,nan,nan,nan,nan,nan,nan,nan,nan,nan,nan,nan,nan,nan,nan,nan,nan,nan,nan,nan,nan,nan
33.333333333333336,nan,nan,nan,nan,nan,nan,nan,nan,nan,nan,nan,nan,nan,nan,nan,nan,nan,nan,nan,nan,nan,nan,nan,nan,nan,nan,nan,nan,nan,nan,nan,nan,nan,nan,nan,nan,nan,nan,nan,nan,nan,nan,nan,nan,nan,nan,nan,nan,nan,nan,nan,nan,nan,nan,nan,nan,nan,nan,nan,nan,nan,nan,nan,nan,nan,nan,nan,nan,nan,nan,nan,nan,nan,nan,nan,nan,nan,nan,nan,nan,nan,nan,nan,nan,nan,nan,nan,nan,nan,nan,nan,nan,nan,nan,nan,nan,nan,nan,nan,nan,nan,nan,nan,nan,nan,nan,nan,nan,nan,nan,nan,nan,nan,nan,nan,nan,nan,nan,nan,nan,nan,nan,nan,nan,nan,nan
50.0,nan,nan,nan,nan,nan,nan,nan,nan,nan,nan,nan,nan,nan,nan,nan,nan,nan,nan,nan,nan,nan,nan,nan,nan,nan,nan,nan,nan,nan,nan,nan,nan,nan,nan,nan,nan,nan,nan,nan,nan,nan,nan,nan,nan,nan,nan,nan,nan,nan,nan,nan,nan,nan,nan,nan,nan,nan,nan,nan,nan,nan,nan,nan,nan,nan,nan,nan,nan,nan,nan,nan,nan,nan,nan,nan,nan,nan,nan,nan,nan,nan,nan,nan,nan,nan,nan,nan,nan,nan,nan,nan,nan,nan,nan,nan,nan,nan,nan,nan,nan,nan,nan,nan,nan,nan,nan,nan,nan,nan,nan,nan,nan,nan,nan,nan,nan,nan,nan,nan,nan,nan,nan,nan,nan,nan,nan
66.66666666666667,nan,nan,nan,nan,nan,nan,nan,nan,nan,nan,nan,nan,nan,nan,nan,nan,nan,nan,nan,nan,nan,nan,nan,nan,nan,nan,nan,nan,nan,nan,nan,nan,nan,nan,nan,nan,nan,nan,nan,nan,nan,nan,nan,nan,nan,nan,nan,nan,nan,nan,nan,nan,nan,nan,nan,nan,nan,nan,nan,nan,nan,nan,nan,nan,nan,nan,nan,nan,nan,nan,nan,nan,nan,nan,nan,nan,nan,nan,nan,nan,nan,nan,nan,nan,nan,nan,nan,nan,nan,nan,nan,nan,nan,nan,nan,nan,nan,nan,nan,nan,nan,nan,nan,nan,nan,nan,nan,nan,nan,nan,nan,nan,nan,nan,nan,nan,nan,nan,nan,nan,nan,nan,nan,nan,nan,nan
83.33333333333334,nan,nan,nan,nan,nan,nan,nan,nan,nan,nan,nan,nan,nan,nan,nan,nan,nan,nan,nan,nan,nan,nan,nan,nan,nan,nan,nan,nan,nan,nan,nan,nan,nan,nan,nan,nan,nan,nan,nan,nan,nan,nan,nan,nan,nan,nan,nan,nan,nan,nan,nan,nan,nan,nan,nan,nan,nan,nan,nan,nan,nan,nan,nan,nan,nan,nan,nan,nan,nan,nan,nan,nan,nan,nan,nan,nan,nan,nan,nan,nan,nan,nan,nan,nan,nan,nan,nan,nan,nan,nan,nan,nan,nan,nan,nan,nan,nan,nan,nan,nan,nan,nan,nan,nan,nan,nan,nan,nan,nan,nan,nan,nan,nan,nan,nan,nan,nan,nan,nan,nan,nan,nan,nan,nan,nan,nan
100.00000000000001,nan,nan,nan,nan,nan,nan,nan,nan,nan,nan,nan,nan,nan,nan,nan,nan,nan,nan,nan,nan,nan,nan,nan,nan,nan,nan,nan,nan,nan,nan,nan,nan,nan,nan,nan,nan,nan,nan,nan,nan,nan,nan,nan,nan,nan,nan,nan,nan,nan,nan,nan,nan,nan,nan,nan,nan,nan,nan,nan,nan,nan,nan,nan,nan,nan,nan,nan,nan,nan,nan,nan,nan,nan,nan,nan,nan,nan,nan,nan,nan,nan,nan,nan,nan,nan,nan,nan,nan,nan,nan,nan,nan,nan,nan,nan,nan,nan,nan,nan,nan,nan,nan,nan,nan,nan,nan,nan,nan,nan,nan,nan,nan,nan,nan,nan,nan,nan,nan,nan,nan,nan,nan,nan,nan,nan,nan
116.66666666666669,nan,nan,nan,nan,nan,nan,nan,nan,nan,nan,nan,nan,nan,nan,nan,nan,nan,nan,nan,nan,nan,nan,nan,nan,nan,nan,nan,nan,nan,nan,nan,nan,nan,nan,nan,nan,nan,nan,nan,nan,nan,nan,nan,nan,nan,nan,nan,nan,nan,nan,nan,nan,nan,nan,nan,nan,nan,nan,nan,nan,nan,nan,nan,nan,nan,nan,nan,nan,nan,nan,nan,nan,nan,nan,nan,nan,nan,nan,nan,nan,nan,nan,nan,nan,nan,nan,nan,nan,nan,nan,nan,nan,nan,nan,nan,nan,nan,nan,nan,nan,nan,nan,nan,nan,nan,nan,nan,nan,nan,nan,nan,nan,nan,nan,nan,nan,nan,nan,nan,nan,nan,nan,nan,nan,nan,nan
133.33333333333334,nan,nan,nan,nan,nan,nan,nan,nan,nan,nan,nan,nan,nan,nan,nan,nan,nan,nan,nan,nan,nan,nan,nan,nan,nan,nan,nan,nan,nan,nan,nan,nan,nan,nan,nan,nan,nan,nan,nan,nan,nan,nan,nan,nan,nan,nan,nan,nan,nan,nan,nan,nan,nan,nan,nan,nan,nan,nan,nan,nan,nan,nan,nan,nan,nan,nan,nan,nan,nan,nan,nan,nan,nan,nan,nan,nan,nan,nan,nan,nan,nan,nan,nan,nan,nan,nan,nan,nan,nan,nan,nan,nan,nan,nan,nan,nan,nan,nan,nan,nan,nan,nan,nan,nan,nan,nan,nan,nan,nan,nan,nan,nan,nan,nan,nan,nan,nan,nan,nan,nan,nan,nan,nan,nan,nan,nan
150.0,nan,nan,nan,nan,nan,nan,nan,nan,nan,nan,nan,nan,nan,nan,nan,nan,nan,nan,nan,nan,nan,nan,nan,nan,nan,nan,nan,nan,nan,nan,nan,nan,nan,nan,nan,nan,nan,nan,nan,nan,nan,nan,nan,nan,nan,nan,nan,nan,nan,nan,nan,nan,nan,nan,nan,nan,nan,nan,nan,nan,nan,nan,nan,nan,nan,nan,nan,nan,nan,nan,nan,nan,nan,nan,nan,nan,nan,nan,nan,nan,nan,nan,nan,nan,nan,nan,nan,nan,nan,nan,nan,nan,nan,nan,nan,nan,nan,nan,nan,nan,nan,nan,nan,nan,nan,nan,nan,nan,nan,nan,nan,nan,nan,nan,nan,nan,nan,nan,nan,nan,nan,nan,nan,nan,nan,nan
166.66666666666666,nan,nan,nan,nan,nan,nan,nan,nan,nan,nan,nan,nan,nan,nan,nan,nan,nan,nan,nan,nan,nan,nan,nan,nan,nan,nan,nan,nan,nan,nan,nan,nan,nan,nan,nan,nan,nan,nan,nan,nan,nan,nan,nan,nan,nan,nan,nan,nan,nan,nan,nan,nan,nan,nan,nan,nan,nan,nan,nan,nan,nan,nan,nan,nan,nan,nan,nan,nan,nan,nan,nan,nan,nan,nan,nan,nan,nan,nan,nan,nan,nan,nan,nan,nan,nan,nan,nan,nan,nan,nan,nan,nan,nan,nan,nan,nan,nan,nan,nan,nan,nan,nan,nan,nan,nan,nan,nan,nan,nan,nan,nan,nan,nan,nan,nan,nan,nan,nan,nan,nan,nan,nan,nan,nan,nan,nan
183.33333333333331,nan,nan,nan,nan,nan,nan,nan,nan,nan,nan,nan,nan,nan,nan,nan,nan,nan,nan,nan,nan,nan,nan,nan,nan,nan,nan,nan,nan,nan,nan,nan,nan,nan,nan,nan,nan,nan,nan,nan,nan,nan,nan,nan,nan,nan,nan,nan,nan,nan,nan,nan,nan,nan,nan,nan,nan,nan,nan,nan,nan,nan,nan,nan,nan,nan,nan,nan,nan,nan,nan,nan,nan,nan,nan,nan,nan,nan,nan,nan,nan,nan,nan,nan,nan,nan,nan,nan,nan,nan,nan,nan,nan,nan,nan,nan,nan,nan,nan,nan,nan,nan,nan,nan,nan,nan,nan,nan,nan,nan,nan,nan,nan,nan,nan,nan,nan,nan,nan,nan,nan,nan,nan,nan,nan,nan,nan
199.99999999999997,nan,nan,nan,nan,nan,nan,nan,nan,nan,nan,nan,nan,nan,nan,nan,nan,nan,nan,nan,nan,nan,nan,nan,nan,nan,nan,nan,nan,nan,nan,nan,nan,nan,nan,nan,nan,nan,nan,nan,nan,nan,nan,nan,nan,nan,nan,nan,nan,nan,nan,nan,nan,nan,nan,nan,nan,nan,nan,nan,nan,nan,nan,nan,nan,nan,nan,nan,nan,nan,nan,nan,nan,nan,nan,nan,nan,nan,nan,nan,nan,nan,nan,nan,nan,nan,nan,nan,nan,nan,nan,nan,nan,nan,nan,nan,nan,nan,nan,nan,nan,nan,nan,nan,nan,nan,nan,nan,nan,nan,nan,nan,nan,nan,nan,nan,nan,nan,nan,nan,nan,nan,nan,nan,nan,nan,nan
216.66666666666663,nan,nan,nan,nan,nan,nan,nan,nan,nan,nan,nan,nan,nan,nan,nan,nan,nan,nan,nan,nan,nan,nan,nan,nan,nan,nan,nan,nan,nan,nan,nan,nan,nan,nan,nan,nan,nan,nan,nan,nan,nan,nan,nan,nan,nan,nan,nan,nan,nan,nan,nan,nan,nan,nan,nan,nan,nan,nan,nan,nan,nan,nan,nan,nan,nan,nan,nan,nan,nan,nan,nan,nan,nan,nan,nan,nan,nan,nan,nan,nan,nan,nan,nan,nan,nan,nan,nan,nan,nan,nan,nan,nan,nan,nan,nan,nan,nan,nan,nan,nan,nan,nan,nan,nan,nan,nan,nan,nan,nan,nan,nan,nan,nan,nan,nan,nan,nan,nan,nan,nan,nan,nan,nan,nan,nan,nan
233.3333333333333,nan,nan,nan,nan,nan,nan,nan,nan,nan,nan,nan,nan,nan,nan,nan,nan,nan,nan,nan,nan,nan,nan,nan,nan,nan,nan,nan,nan,nan,nan,nan,nan,nan,nan,nan,nan,nan,nan,nan,nan,nan,nan,nan,nan,nan,nan,nan,nan,nan,nan,nan,nan,nan,nan,nan,nan,nan,nan,nan,nan,nan,nan,nan,nan,nan,nan,nan,nan,nan,nan,nan,nan,nan,nan,nan,nan,nan,nan,nan,nan,nan,nan,nan,nan,nan,nan,nan,nan,nan,nan,nan,nan,nan,nan,nan,nan,nan,nan,nan,nan,nan,nan,nan,nan,nan,nan,nan,nan,nan,nan,nan,nan,nan,nan,nan,nan,nan,nan,nan,nan,nan,nan,nan,nan,nan,nan
249.99999999999994,0.668129206,0.553126097,-3.23689555e-008,0.659378827,0.561822832,0.00194366695,0.656422377,0.57103914,0.00218424946,0.655626297,0.578500032,0.00123426714,0.655610561,0.583811045,0.000650895061,0.661976039,0.575226784,0.00352596771,0.660351753,0.583875597,0.000657498254,0.658308625,0.582205355,-0.0018786419,0.656556427,0.579404116,-0.00308146374,0.669319808,0.574214816,0.00136748154,0.667365789,0.582036376,0.000161487551,0.66537869,0.580400825,-0.00112785981,0.664420605,0.577540815,-0.00214222982,0.676052809,0.572456062,-0.00101682474,0.674133658,0.57969445,-0.0012562807,0.672265351,0.577894449,0.000342736108,0.671868622,0.574917078,0.0011790588,0.681700468,0.570204079,-0.0033776944,0.679375887,0.576442242,-0.00216251099,0.677196,0.575210512,0.000785296608,0.67675364,0.572712779,0.00288030948
266.66666666666663,0.671923697,0.554325283,4.53026416e-008,0.661410809,0.562763631,-0.000273940968,0.657492459,0.571826577,0.000448185252,0.658140659,0.579028785,0.000727666193,0.660820305,0.584128678,0.00142271316,0.670013964,0.576304138,0.00304422434,0.667959034,0.584459305,0.00204114732,0.664626479,0.585823417,0.000609977462,0.662733257,0.585765839,-0.00018351592,0.677754,0.574921608,0.00262676,0.675271034,0.582760394,0.00232267124,0.671228647,0.582684875,0.00122340815,0.669931293,0.581040382,0.00032859511,0.683792114,0.57288307,0.00200714916,0.681141198,0.580380678,0.00206652866,0.677310407,0.579939,0.00297715026,0.676319838,0.577700615,0.00347047206,0.688165307,0.570689082,0.00124538853,0.685975909,0.577224314,0.00206285855,0.682636619,0.576937735,0.00413896702,0.681619465,0.57459259,0.00574504491
266.66666666666663,0.431029469,0.549511313,-8.18704891e-008,0.441133082,0.559438944,0.00126419822,0.443855703,0.568739593,0.00251427782,0.444198966,0.576098442,0.00283755339,0.443588734,0.581311762,0.00358259189,0.435034066,0.572384357,0.00573258707,0.436257,0.580932379,0.00479564257,0.439542383,0.583464,0.00337736798,0.441928327,0.584390402,0.00271148398,0.427309304,0.571481,0.00453948649,0.430220246,0.579375446,0.0034914366,0.434786409,0.578802347,0.0021172266,0.437475741,0.576580286,0.00167757086,0.420926273,0.569937527,0.00308780954,0.424349695,0.577076256,0.00226428476,0.428992,0.576304555,0.00259127235,0.431553632,0.573886156,0.00334007549,0.416001529,0.56800729,0.0016611726,0.417473972,0.574097157,0.0025073071,0.421828955,0.574440837,0.00422434416,0.424796164,0.572906077,0.00585331675
283.3333333333333,0.676407933,0.553937197,7.09917e-008,0.66394639,0.560894787,-0.0019511967,0.659149945,0.570745826,-0.00190279027,0.660209298,0.578588307,-0.00173739798,0.665555716,0.58329916,-0.001368428,0.673233032,0.575085104,-0.000941411417,0.672649086,0.584068179,-0.00209466834,0.670335948,0.589035869,-0.00318384822,0.668362677,0.592375875,-0.0039210245,0.682018,0.574158907,-0.000757637,0.680828273,0.582949281,-0.00190703396,0.675536513,0.584145129,-0.00264731259,0.672110736,0.583283246,-0.00306314,0.688114643,0.572394371,-0.000615143159,0.686566353,0.580956101,-0.00127406884,0.681449831,0.581468642,-0.000187308222,0.678434908,0.579960287,0.000505462463,0.692125499,0.57057637,-0.000774169457,0.690931857,0.578086615,-0.000974697294,0.686633587,0.578808129,0.000604862173,0.684121788,0.57720238,0.00190014148
283.3333333333333,0.427197129,0.552016616,-3.68996709e-008,0.439337194,0.560217559,-0.00171024108,0.442996979,0.568931341,-0.00171821471,0.442002654,0.57610935,-0.0013847081,0.440216184,0.581249118,-0.000574793667,0.428360641,0.57297796,-0.000459968258,0.429659396,0.582326531,-0.000385858031,0.433288,0.586032152,-0.000538786757,0.435482,0.588228524,-0.000555061677,0.41854614,0.571468174,0.000307752314,0.422098219,0.580344319,0.000886190042,0.428053588,0.58115083,0.0013978231,0.431113034,0.580065787,0.00173000107,0.412842721,0.569282889,0.000988429878,0.416223,0.577774,0.00109586306,0.421958625,0.578731239,0.00233869115,0.425035715,0.577627718,0.00325797359,0.409986645,0.567330599,0.00159364904,0.411977261,0.574495614,0.00214531296,0.416908413,0.576166093,0.00390466256,0.420081049,0.575576663,0.00537051121
300.0,0.680147588,0.55412674,8.760356e-008,0.667298079,0.560982287,-0.00201652735,0.663264036,0.570831597,-0.00155525643,0.665780723,0.578568578,-0.000744312245,0.670547247,0.583350718,0.000432122033,0.678501785,0.57546252,0.000147171915,0.6770491,0.584379494,1.48193749e-005,0.674746931,0.588892162,-0.000484678836,0.672895908,0.592000067,-0.000952220929,0.687761426,0.574468911,0.000859699328,0.685825288,0.582795858,0.000904068584,0.680862606,0.584791243,0.000746365055,0.677365124,0.585357,0.000537476793,0.693531275,0.572557747,0.00146206096,0.69141221,0.58081454,0.00155858509,0.686196744,0.582323432,0.00271575386,0.682619631,0.582440853,0.00329808239,0.696541369,0.570611477,0.00176314439,0.694737256,0.577924371,0.0019309182,0.69039011,0.579504251,0.00352980872,0.687256396,0.579347074,0.00481407065
300.0,0.423333496,0.551838338,-4.70110066e-008,0.436628163,0.559109151,-0.00233311206,0.440144956,0.568234205,-0.00217792322,0.438416511,0.575518131,-0.00148474122,0.435959905,0.580816388,-0.000212284678,0.424536258,0.57325238,3.10034411e-005,0.423987597,0.582246304,0.000588129391,0.427280068,0.586119473,0.000570552947,0.429849595,0.588415802,0.000570329721,0.415008396,0.571538508,0.00129824982,0.417286515,0.579627872,0.0029086587,0.423205853,0.580943704,0.00376169919,0.426634222,0.580463707,0.00408200454,0.409609109,0.569147646,0.00235078624,0.411777735,0.576988459,0.00298524299,0.417538226,0.578572273,0.00434298906,0.42098397,0.578322947,0.00515805511,0.406694233,0.566950619,0.00327263749,0.408457756,0.573849261,0.00403926801,0.413268209,0.575917661,0.00594996521,0.4166089,0.575904608,0.00743752765
316.6666666666667,0.68351084,0.554944158,1.1855407e-007,0.670489073,0.560948968,-0.00351956207,0.666003823,0.569947481,-0.00393317733,0.667631686,0.577792168,-0.00358360517,0.670233846,0.58322221,-0.00266013178,0.68336606,0.574874222,-0.00192909979,0.681986749,0.58470434,-0.00297171064,0.678748488,0.589530706,-0.00362352864,0.675852835,0.592816651,-0.00376328896,0.692030311,0.574037731,-0.000309655705,0.689601302,0.583699405,-0.00103294174,0.684450388,0.587694943,-0.00107025879,0.679709673,0.590124786,-0.000842296111,0.697057426,0.572612345,0.00107913569,0.694328964,0.581530273,0.000634594064,0.689189374,0.585277617,0.00149970641,0.684506714,0.587477267,0.00223549339,0.699399829,0.571170807,0.00206222665,0.697468281,0.578898549,0.00188262365,0.693231761,0.582472205,0.00311525329,0.689118147,0.584409356,0.00438900618
316.6666666666667,0.420644879,0.551612377,-3.75629092e-008,0.434078455,0.558879733,-0.00371594261,0.437230587,0.568245351,-0.0033790702,0.434454858,0.575737178,-0.00206814543,0.431795895,0.581113935,-0.000165120364,0.420372069,0.572829664,-0.00068937632,0.420268595,0.582112312,0.000769088452,0.422822744,0.586446404,0.00133802206,0.424593955,0.589426756,0.00159037358,0.41087833,0.571288943,0.00167816109,0.414117098,0.579584181,0.00391764101,0.420157045,0.580890477,0.00483855791,0.423668206,0.580292284,0.00521606347,0.405829459,0.569215477,0.00380970305,0.40925312,0.576907039,0.00500936946,0.415211,0.578299582,0.00603579963,0.418491423,0.578071654,0.00659007253,0.403418243,0.567427814,0.00569114182,0.405884683,0.574256778,0.00680496497,0.410935,0.57601732,0.00845780503,0.414119929,0.575728416,0.00974109676
333.33333333333337,0.685849845,0.554490566,1.24081524e-007,0.672476292,0.560168147,-0.00538532622,0.668684661,0.569124341,-0.0065562157,0.670286894,0.577128708,-0.00668919319,0.673584223,0.583034098,-0.0061684791,0.686104774,0.573960781,-0.00407873513,0.68546468,0.584327161,-0.00618231902,0.681628883,0.589616418,-0.00744539639,0.677767456,0.593131781,-0.00782380812,0.693944752,0.573154747,-0.00172765192,0.692253292,0.583281398,-0.00342468079,0.686443269,0.588000178,-0.00397511525,0.680578947,0.590702891,-0.00397552503,0.698061168,0.571873844,0.000212637577,0.696092129,0.581240475,-0.00115093461,0.690539956,0.585848868,-0.00104085449,0.684986591,0.588528156,-0.00063312269,0.699542582,0.570814431,0.00162784068,0.698565364,0.578868687,0.000572100573,0.694528937,0.583154142,0.000991117908,0.68999505,0.58562541,0.00178708741
333.33333333333337,0.417725205,0.551420212,-2.24053114e-008,0.431220859,0.559001863,-0.00465389434,0.434854388,0.568267941,-0.00482811593,0.432285398,0.5758847,-0.00390323042,0.429168463,0.581557751,-0.00240813475,0.417465419,0.572919786,-0.000547511387,0.418066442,0.582228482,0.00134232896,0.420397848,0.586625516,0.00181026559,0.421821356,0.589976072,0.00178942608,0.408356071,0.571216106,0.00227757916,0.412290603,0.579444,0.00478422875,0.419114679,0.581406713,0.00543738063,0.423255414,0.581310511,0.00546226231,0.403889805,0.568984449,0.00477537559,0.407402188,0.576538205,0.00623301975,0.413733423,0.578194618,0.00708343787,0.417330503,0.578180969,0.00743315509,0.401835799,0.567087293,0.00691202283,0.404090673,0.573808372,0.00830381457,0.409159869,0.575898767,0.00987783913,0.412571967,0.575936675,0.0110087115
350.00000000000006,0.687531352,0.55452311,1.24325297e-007,0.673921824,0.559738,-0.00630577328,0.670760512,0.568658531,-0.00780891581,0.672681332,0.576697171,-0.00811946951,0.674940348,0.582822919,-0.00769695779,0.688560665,0.573149323,-0.00526696816,0.688022554,0.583972812,-0.00809103,0.683805108,0.589545131,-0.00964370277,0.679551065,0.593179643,-0.0100840973,0.695644677,0.572626829,-0.00255598198,0.694246471,0.583324075,-0.00510672759,0.688573122,0.588724852,-0.0059651304,0.682546139,0.592161894,-0.00603173254,0.69899404,0.571956933,-0.000333044969,0.696999073,0.581996262,-0.00272806757,0.691114306,0.587181866,-0.00319173932,0.685179591,0.590438664,-0.00290337903,0.69972831,0.571601212,0.00133443507,0.698211968,0.580256343,-0.000799171336,0.693678081,0.584959745,-0.0010469018,0.688740313,0.587889791,-0.000513946812
350.00000000000006,0.415665448,0.551374674,-2.61880189e-008,0.428711832,0.559135795,-0.00448281411,0.432066053,0.568323731,-0.00464808755,0.429514289,0.576200664,-0.00380821177,0.42630443,0.582027853,-0.00236917147,0.414983064,0.572715044,0.000317096565,0.415522873,0.582017124,0.00212434935,0.417809844,0.586481869,0.00267011789,0.419208169,0.589860201,0.0027614797,0.405996,0.571317911,0.00306998426,0.409389228,0.579558671,0.0052901,0.41581127,0.580832779,0.00581924804,0.419384599,0.580187857,0.00595408259,0.401413739,0.569484591,0.0054462743,0.404555887,0.577222466,0.0066082445,0.410742879,0.578353584,0.00720839854,0.414128721,0.577870727,0.00756337075,0.399227738,0.567957938,0.00750595052,0.401478082,0.574755907,0.00884530321,0.40644002,0.576424241,0.0102898264,0.409604669,0.576061904,0.0114049502
366.66666666666674,0.688053966,0.553935528,1.23955132e-007,0.674817622,0.559314966,-0.00695115747,0.671717644,0.568245471,-0.00887872372,0.674125612,0.57631892,-0.00961795356,0.676196277,0.582733035,-0.00965595152,0.689237893,0.572212756,-0.00587292714,0.688969135,0.582977831,-0.00954952836,0.684638858,0.588950753,-0.0117124477,0.680052876,0.592978776,-0.0124579566,0.696177781,0.571766913,-0.00311103859,0.695219159,0.582243681,-0.00642893743,0.689576,0.587913632,-0.00771859055,0.683454096,0.59165442,-0.0079453364,0.699275315,0.571251512,-0.000949162233,0.697902203,0.581061,-0.00392598798,0.692310154,0.586580873,-0.00447835168,0.686398745,0.590226769,-0.00407266244,0.69978267,0.571080625,0.000572931138,0.699027777,0.579711199,-0.00189463247,0.694813848,0.584660292,-0.00218127365,0.690032363,0.587842345,-0.00157926092
366.66666666666674,0.413852036,0.551467419,-2.68300617e-008,0.42699796,0.558558881,-0.00479709916,0.430748969,0.567849755,-0.00524136703,0.428487688,0.575986,-0.00461358344,0.425590843,0.582029,-0.00324443425,0.413756102,0.572449,-0.000444648351,0.414486885,0.582051694,0.00063643232,0.417360157,0.586443245,0.000664286956,0.419495732,0.589569509,0.000558836968,0.404852688,0.571330726,0.00230103894,0.408012837,0.580233335,0.00413659913,0.414355,0.583283722,0.00448531937,0.4190844,0.584246755,0.00450990815,0.400348485,0.569696963,0.00461165514,0.403605372,0.577809215,0.00560895726,0.409542024,0.580218613,0.00633863453,0.413883775,0.580941617,0.00681172917,0.398406625,0.568278968,0.00651212921,0.400362372,0.575257659,0.00734364102,0.405226409,0.57805711,0.00852204114,0.409349531,0.579000294,0.00954140909
383.3333333333334,0.688166201,0.554019332,1.36666102e-007,0.675030589,0.558701694,-0.00764012523,0.671803176,0.567191482,-0.0102859028,0.673943102,0.575262547,-0.0115547422,0.67583847,0.581835389,-0.0121407043,0.689592063,0.571590424,-0.00810722448,0.688528478,0.582993209,-0.0124665266,0.683354616,0.589121103,-0.014806536,0.678085864,0.593087375,-0.0155429859,0.696377516,0.571373761,-0.00511480449,0.694556177,0.582572162,-0.00893839449,0.688249886,0.588397145,-0.0102122631,0.681637645,0.592165351,-0.0103706541,0.699128091,0.571117938,-0.00264552492,0.696958,0.581445932,-0.00584932836,0.690847576,0.586976171,-0.00630290667,0.684571326,0.590591192,-0.00585040869,0.699160218,0.571133673,-0.000841184228,0.697781563,0.580093205,-0.00344382692,0.692991,0.585035563,-0.00361853302,0.687877834,0.588124394,-0.00291353557
383.3333333333334,0.412882805,0.551004887,-9.11862497e-009,0.425957829,0.557992756,-0.00569576351,0.429643214,0.567345917,-0.00648213,0.42754522,0.575643539,-0.00594414584,0.425050765,0.581866562,-0.00462866854,0.412305087,0.571994483,-0.00182970532,0.412374556,0.5814237,-0.00151980983,0.414506108,0.586467385,-0.00214917399,0.416379511,0.590445936,-0.00278456882,0.403636694,0.570903242,0.00111913693,0.406065345,0.579695344,0.00243777176,0.411519378,0.584143877,0.00244192756,0.415883452,0.586830795,0.00201274571,0.399405748,0.569401443,0.00354194571,0.401819736,0.577649117,0.00400087843,0.406727135,0.581650794,0.00455273455,0.410700202,0.584089458,0.00482917251,0.397972,0.568110287,0.00546479691,0.399651706,0.57551527,0.00556678465,0.403907716,0.579442799,0.00647655968,0.407774,0.581739068,0.00733383605
400.0000000000001,0.687067509,0.553386509,1.42594146e-007,0.673962653,0.557646394,-0.00738513,0.671397388,0.566180229,-0.00997094624,0.673231,0.574131727,-0.0111414334,0.674100876,0.580544174,-0.0116092013,0.68912673,0.57117033,-0.0085337162,0.686823905,0.582925797,-0.0128016789,0.681042731,0.589111924,-0.0149659878,0.675556123,0.593143,-0.0156241907,0.696028709,0.571206152,-0.00561240595,0.693194628,0.58298409,-0.00974233821,0.686093,0.589066386,-0.0110015795,0.679147661,0.59307456,-0.0110653145,0.698719323,0.571215391,-0.00312055275,0.695825934,0.582185388,-0.00651516067,0.688888431,0.588001251,-0.0072325673,0.68224,0.591865778,-0.00695189368,0.698490441,0.571425796,-0.00122791866,0.696590185,0.580868423,-0.00384758972,0.691255391,0.585918844,-0.00419016834,0.685868382,0.589093566,-0.00364613719
400.0000000000001,0.412765861,0.55134058,-8.36323899e-009,0.426035702,0.558195412,-0.00596060045,0.429650486,0.567693591,-0.00726888841,0.42753607,0.575892627,-0.00719273696,0.424782,0.582024693,-0.0063660522,0.412413061,0.572268546,-0.00398672698,0.412236631,0.582168579,-0.00432288693,0.413849175,0.587680817,-0.00488550263,0.415066272,0.592080534,-0.00537112029,0.403210253,0.571181655,-0.00105524063,0.405397683,0.580505133,-0.000535271363,0.411941528,0.583977938,-4.40155563e-005,0.416342705,0.585368335,0.000214750326,0.398463488,0.569538116,0.00146803167,0.400082797,0.578349352,0.00136936409,0.406206429,0.581130445,0.00255835545,0.410385579,0.58194834,0.00358092925,0.396667391,0.568096161,0.00348302512,0.39735347,0.575812399,0.00340536423,0.402024388,0.579067171,0.00464837067,0.405948281,0.580139756,0.00592723954
416.6666666666668,0.684179783,0.550890148,1.26344929e-007,0.670682,0.555566669,-0.00701702945,0.667940676,0.564537764,-0.00933966134,0.670094311,0.572595417,-0.0104253357,0.671395659,0.579090595,-0.0108398395,0.68552053,0.569324911,-0.00811446365,0.68448627,0.580896854,-0.0124530317,0.679013729,0.5873124,-0.0146778468,0.673604369,0.591639698,-0.015371846,0.692636192,0.569219232,-0.00550739607,0.69111681,0.580658078,-0.00964213256,0.684401095,0.587008357,-0.0109713776,0.677613199,0.591241658,-0.0111584943,0.695634663,0.569112837,-0.00332719856,0.693809927,0.579753518,-0.00671179313,0.687434077,0.585540533,-0.0074478481,0.681128085,0.589247763,-0.00717622647,0.695952952,0.569148183,-0.00175154558,0.694811046,0.578392804,-0.0042234594,0.689802408,0.583614826,-0.00453206757,0.684404,0.586773634,-0.00398505945
416.6666666666668,0.413167536,0.552003562,-1.21562413e-008,0.426710546,0.558919668,-0.0055878791,0.430636168,0.568314493,-0.00696081389,0.428306103,0.576756835,-0.00682306476,0.42556113,0.583080709,-0.00594199402,0.413456082,0.572618425,-0.00533516286,0.412563294,0.582997,-0.00556827895,0.414775848,0.588128388,-0.00567901134,0.416954428,0.591841221,-0.00566283,0.403811425,0.57136631,-0.00233291,0.405248,0.581244886,-0.0010458607,0.411187977,0.585299373,0.000158816794,0.415762603,0.587175071,0.000656142249,0.398838758,0.569530129,0.000400173798,0.400009423,0.578760207,0.000987019506,0.405778646,0.581775427,0.0025654491,0.410116643,0.582730889,0.00358017464,0.396909237,0.568032682,0.00271567167,0.397710204,0.575924814,0.00302442582,0.402113438,0.579198778,0.00446342584,0.40603435,0.580354,0.00573128508
433.3333333333335,0.680240214,0.54880029,1.41457932e-007,0.666021228,0.553070903,-0.00771233207,0.66271466,0.561959147,-0.0106447786,0.665165782,0.569965959,-0.0121966647,0.666103601,0.576413929,-0.0130897108,0.680981874,0.566364229,-0.0107351886,0.680114388,0.578946054,-0.0160585418,0.674613714,0.585993588,-0.0185130555,0.669022679,0.590743184,-0.0191544,0.688538074,0.566411078,-0.00797216315,0.687179863,0.578968465,-0.0133002475,0.679784834,0.585935593,-0.0148397572,0.672091126,0.590440154,-0.0148229524,0.691572368,0.566555679,-0.0055421018,0.689860582,0.578078508,-0.00984536484,0.683024287,0.584290326,-0.0107922154,0.67611289,0.588232,-0.0103686182,0.691640794,0.566865146,-0.003715456,0.690350592,0.576694071,-0.00688196719,0.684939623,0.582196474,-0.00742475642,0.679201066,0.585581183,-0.00683579268
433.3333333333335,0.413625807,0.55174309,-2.10051976e-008,0.42782855,0.557949781,-0.00654107239,0.43237856,0.567363739,-0.00825311895,0.429733425,0.576346934,-0.00818376523,0.426958621,0.582943499,-0.00734013738,0.413847,0.572179258,-0.00704546506,0.414612144,0.583101213,-0.00764470641,0.417097747,0.588488519,-0.00788606517,0.418799102,0.592438698,-0.00801993813,0.403996408,0.5713799,-0.00364218466,0.406883419,0.581592,-0.00275566312,0.412660897,0.586083114,-0.00152310659,0.417059809,0.58833307,-0.00103035,0.399098337,0.570066035,-0.000559301639,0.401508421,0.579430521,-0.000393924,0.407095015,0.583303452,0.000956198783,0.411531955,0.585177,0.00179209269,0.397371948,0.569040298,0.00202890579,0.399369717,0.576952338,0.00169590279,0.403720111,0.58084619,0.00254857144,0.407720953,0.58292681,0.00341024483
450.00000000000017,0.675104797,0.545654595,1.27326658e-007,0.661056817,0.550244808,-0.00744434353,0.656950772,0.558750391,-0.0103124809,0.658982694,0.566436946,-0.0119601898,0.659352839,0.572902918,-0.0129361469,0.67547065,0.563901782,-0.00955975521,0.673345566,0.576062083,-0.0150606874,0.667488158,0.582940638,-0.0179269947,0.66179949,0.587572277,-0.0189322103,0.683235407,0.564239323,-0.00718080858,0.681188583,0.576346755,-0.0125479521,0.673872888,0.582889318,-0.0144814393,0.666510165,0.587032,-0.0148516754,0.686496437,0.56454134,-0.00523388665,0.684568,0.575810432,-0.0096230926,0.677807808,0.581803441,-0.0109313428,0.670930207,0.585575283,-0.0108243972,0.686901093,0.564849138,-0.00390020199,0.685279071,0.574539185,-0.00712884078,0.68023324,0.580071032,-0.00794201251,0.674900711,0.58348608,-0.007605772
450.00000000000017,0.415273935,0.551303,-1.17628405e-008,0.430025041,0.557646513,-0.00708099408,0.434371561,0.567451715,-0.00863330439,0.431588978,0.576574266,-0.00821381621,0.428577423,0.583304,-0.00693161506,0.415594846,0.57257241,-0.00640060613,0.416656345,0.583646178,-0.00593932252,0.41938746,0.58889842,-0.00566365337,0.421239406,0.59297359,-0.00558264647,0.405645639,0.571593761,-0.00220398884,0.408702493,0.581821084,-0.000525296608,0.414710671,0.586243153,0.000932459312,0.419117093,0.588422477,0.0015412831,0.400823474,0.569999754,0.00167637481,0.40360108,0.579208314,0.00254597398,0.409594595,0.583145678,0.00383843482,0.414211243,0.58504,0.00456512161,0.398894399,0.568690479,0.00504028145,0.400960684,0.576350749,0.0054359124,0.405800223,0.58026582,0.00640256237,0.410071701,0.582266152,0.00724171149
466.66666666666686,0.668566048,0.543392062,1.45937207e-007,0.654654324,0.547407448,-0.00911839306,0.649976611,0.554970324,-0.0134039568,0.650962532,0.562565088,-0.0159622803,0.650764287,0.568917513,-0.0178314596,0.669103622,0.560443819,-0.0131792398,0.664997101,0.572802424,-0.0193487313,0.658448458,0.579476357,-0.0223904494,0.652597368,0.584035099,-0.0234496109,0.676852584,0.561444521,-0.0101167718,0.672612548,0.574111879,-0.0162783079,0.664644361,0.580857813,-0.018309135,0.657128513,0.585138261,-0.0186563171,0.679896772,0.562187254,-0.0074437093,0.676179588,0.573938549,-0.0123396879,0.668815255,0.579957426,-0.0137450611,0.661652684,0.583672285,-0.0136716142,0.679796457,0.562793314,-0.00544142164,0.676888,0.572601318,-0.00888274331,0.671365082,0.577975571,-0.00974056683,0.665673256,0.581198454,-0.00943015143
466.66666666666686,0.418501943,0.551082551,-1.28059119e-008,0.43393892,0.557777166,-0.00577004068,0.438138,0.567571938,-0.00687793409,0.435586452,0.576683,-0.00637792237,0.433344871,0.583562076,-0.00514278375,0.419226855,0.57252121,-0.00501229148,0.421149313,0.583869874,-0.00461582653,0.423631489,0.589262903,-0.00430796063,0.42527166,0.59333849,-0.00417738361,0.408681065,0.571545422,-0.00178511278,0.411831588,0.582479239,-0.000813045714,0.416709185,0.587332308,0.000113223665,0.420565635,0.589939892,0.000532031,0.403264672,0.570015,0.00115965109,0.405673116,0.580076218,0.0013248102,0.410561562,0.584959149,0.00197637337,0.414858,0.587754607,0.00246454147,0.401279151,0.568874,0.00373018696,0.402800947,0.577268183,0.00360484165,0.406850874,0.582041681,0.00411345204,0.410921931,0.584981,0.00470636925
483.33333333333354,0.663966775,0.539634347,1.31211593e-007,0.648411751,0.542538464,-0.00923872367,0.641702116,0.549347878,-0.0141094299,0.642015934,0.557089806,-0.0172247253,0.64212507,0.563603163,-0.0196504537,0.659737,0.555376291,-0.0149676949,0.65493083,0.567629,-0.0218362976,0.647860169,0.574063241,-0.0251173899,0.64183253,0.578458488,-0.0263763424,0.667789936,0.557157397,-0.0122404713,0.66237247,0.56997788,-0.0189840104,0.653627753,0.576886415,-0.0211317353,0.645603299,0.5812186,-0.021676559,0.671089649,0.558515131,-0.00986343436,0.665919125,0.570504189,-0.0153445592,0.65756005,0.57697171,-0.0170272216,0.649535477,0.580949,-0.0172262751,0.671229839,0.559540153,-0.00812475383,0.667379916,0.569489181,-0.0120621258,0.661428154,0.575210512,-0.0132417399,0.655216515,0.578665078,-0.0132513428
483.33333333333354,0.421043217,0.5515095,-1.33481661e-008,0.437023371,0.557911098,-0.00607924489,0.442114115,0.566988111,-0.00810573529,0.4397358,0.576189816,-0.0085290093,0.43706885,0.583075404,-0.00820197,0.423103839,0.572015584,-0.00684231892,0.425213963,0.5842067,-0.00754355825,0.427943081,0.589844286,-0.00771502,0.429728746,0.594084322,-0.00777120469,0.412583023,0.571504474,-0.00378998136,0.416235924,0.583100379,-0.00380032114,0.421560109,0.587902844,-0.00306525617,0.425534815,0.590355635,-0.00267114094,0.406923443,0.570303679,-0.000967165048,0.409528285,0.580921829,-0.00131638092,0.414643645,0.585609555,-0.000253875478,0.41891247,0.588086545,0.00057753711,0.404525,0.569317162,0.00143645226,0.406084418,0.578060746,0.00105775206,0.410199374,0.582652092,0.00186820759,0.414276034,0.585340858,0.00276701548
500.0000000000002,0.655879498,0.535218775,1.26857898e-007,0.640034735,0.537615836,-0.00807023514,0.631553054,0.544237316,-0.0126273474,0.63073,0.551673,-0.0156498682,0.630575955,0.557916224,-0.0181347039,0.648902178,0.551013589,-0.0143949632,0.642898858,0.562361062,-0.021190824,0.634904146,0.568155468,-0.0245221667,0.627842665,0.571942389,-0.0258124229,0.657462299,0.553095579,-0.0123100569,0.650858343,0.565853596,-0.0187510941,0.641326308,0.57205689,-0.0208712947,0.63247788,0.575606942,-0.0214853901,0.661533713,0.554506958,-0.0104291346,0.655290723,0.566686,-0.0156037332,0.64556706,0.572255969,-0.0172026698,0.636575699,0.575225,-0.0174452141,0.662349463,0.555319965,-0.00906298403,0.657264113,0.565203547,-0.0126910899,0.649796128,0.570218623,-0.0135625796,0.642494,0.572860479,-0.0134146949
500.0000000000002,0.424621016,0.551032364,-1.51300661e-008,0.441025108,0.55666858,-0.00603758916,0.446687579,0.56532675,-0.00789108779,0.444954753,0.57432121,-0.008193627,0.442841768,0.581080079,-0.00773062697,0.427762777,0.571387529,-0.00616793102,0.429820806,0.583007514,-0.00738573633,0.432359725,0.588846922,-0.0079932427,0.434426785,0.593180478,-0.00823948253,0.417256534,0.571186125,-0.00341858622,0.420381248,0.582395613,-0.00376368524,0.425020874,0.587844312,-0.00349319726,0.42922616,0.591143787,-0.00339233153,0.411391288,0.570306599,-0.00103118562,0.413506448,0.580564797,-0.00212278566,0.41796124,0.585865617,-0.00180832483,0.422395527,0.589058816,-0.00129197841,0.408830255,0.569549203,0.000970459601,0.410478413,0.578324199,-0.000125151259,0.414073408,0.583307326,0.000203137417,0.418401718,0.586482406,0.000919389131
516.6666666666669,0.648183763,0.53201741,1.32462503e-007,0.632261574,0.533282,-0.00830637,0.621323764,0.53796047,-0.0138757285,0.618735433,0.544307411,-0.0179287959,0.618089,0.550281286,-0.0214275382,0.637417257,0.545033634,-0.0163183324,0.629188418,0.555964768,-0.0237219706,0.62032032,0.561548114,-0.0272476263,0.612826347,0.56500107,-0.0285017118,0.646131873,0.548132777,-0.0143654672,0.637595356,0.560657203,-0.0208248608,0.627322197,0.566519201,-0.0227774307,0.61827749,0.569258451,-0.0233542062,0.650362074,0.550348163,-0.0125376154,0.64285785,0.562164903,-0.0173469614,0.632904708,0.56726414,-0.0186747629,0.623902261,0.569575489,-0.0189136937,0.651310086,0.551787853,-0.0112664709,0.644821346,0.561305106,-0.0147209046,0.63698715,0.565964758,-0.015446513,0.629568279,0.568269968,-0.0152768018
516.6666666666669,0.429070294,0.550679684,-3.87977694e-009,0.445946395,0.556160748,-0.00657697301,0.452273786,0.564558387,-0.00895456132,0.450603724,0.573568583,-0.0098764766,0.449068516,0.580605209,-0.0100709535,0.433616757,0.571030676,-0.00666739931,0.435456723,0.58260268,-0.00888084341,0.4378829,0.588528037,-0.0103268875,0.440035939,0.592902482,-0.0110913413,0.42296949,0.570843935,-0.00427125767,0.426304579,0.581972182,-0.00550219323,0.431022823,0.587588787,-0.00597520033,0.435414314,0.590971649,-0.00635132659,0.41651383,0.569972694,-0.00237578945,0.41892,0.580372632,-0.00407712068,0.423300713,0.585594714,-0.00409323256,0.427800566,0.588704646,-0.00378779531,0.41288811,0.569153965,-0.00100002612,0.413923442,0.577855885,-0.00280292216,0.417355299,0.582675219,-0.00290532946,0.421659499,0.585749209,-0.00241203466
533.3333333333335,0.641578078,0.528116643,1.42960644e-007,0.62485534,0.527814925,-0.00895555224,0.610966265,0.531243622,-0.0154666649,0.605354965,0.537175596,-0.0202104598,0.603866458,0.543054879,-0.024536049,0.626656294,0.537791073,-0.0203259662,0.615833104,0.548184097,-0.028933838,0.605490446,0.553534925,-0.0328201726,0.596838892,0.556884229,-0.0342302732,0.635657609,0.541890502,-0.0183455199,0.624318421,0.553684771,-0.0254573897,0.612935305,0.559334159,-0.0272420347,0.603322566,0.562188566,-0.0279076789,0.640144,0.544948757,-0.0163917262,0.630864263,0.556057036,-0.0217147227,0.619790792,0.560778618,-0.0229803715,0.610008955,0.562988758,-0.0233255103,0.641242206,0.546961486,-0.014995303,0.63379997,0.556018,-0.0189214032,0.62513572,0.560249269,-0.019757418,0.617194712,0.562282,-0.0197710115
533.3333333333335,0.433540791,0.550117552,3.15236659e-009,0.450824499,0.555235207,-0.00633443752,0.457932204,0.563845932,-0.00840463676,0.457277089,0.573049843,-0.0089179473,0.45603168,0.580103338,-0.00867259223,0.439689398,0.570505679,-0.00621371949,0.442062229,0.582097769,-0.00753201,0.444412172,0.587962329,-0.00821160804,0.446393371,0.592363596,-0.00851918943,0.428607047,0.570512533,-0.00360137108,0.432201087,0.581505179,-0.00412359927,0.4362185,0.587271571,-0.00427960837,0.439936668,0.591175258,-0.00452712039,0.422032237,0.56981349,-0.00140161917,0.424843818,0.58012557,-0.00268335221,0.428773493,0.585603654,-0.00296651456,0.432898939,0.589223146,-0.00295749633,0.418667465,0.569243252,0.00038526117,0.420908302,0.577786386,-0.00104797806,0.424454063,0.582540691,-0.00120341883,0.428715438,0.585693061,-0.000877625833
550.0000000000001,0.632373,0.52476418,1.55546815e-007,0.615951419,0.522814095,-0.00794329681,0.601121902,0.524784,-0.0139637692,0.593461156,0.530071676,-0.0181954522,0.590254426,0.535701871,-0.022104932,0.61444521,0.531633735,-0.0199729353,0.600176156,0.54131937,-0.0276055597,0.589636147,0.546141,-0.030480206,0.581489205,0.549246669,-0.0312336478,0.622707725,0.536606789,-0.0182656609,0.607279301,0.547678411,-0.0244824663,0.595431328,0.552725494,-0.0256455112,0.586139917,0.5552755,-0.0260361303,0.627322495,0.540237784,-0.0163700581,0.613477349,0.550616145,-0.0211332217,0.601555824,0.554594278,-0.0221837163,0.591975,0.556385577,-0.0225645285,0.628930867,0.542585,-0.0148511957,0.617960513,0.551080048,-0.0187705532,0.608330131,0.554344237,-0.0194919165,0.600538373,0.555603743,-0.0194377918
550.0000000000001,0.439707875,0.549034178,6.68376e-009,0.457418442,0.554186,-0.00542175677,0.464373827,0.562839508,-0.0071817385,0.464099705,0.571944118,-0.00757456897,0.463802397,0.578970075,-0.00727189565,0.44687742,0.569648564,-0.00543643162,0.44985652,0.581329048,-0.00658579217,0.452656984,0.587061644,-0.00706634251,0.454862297,0.591166735,-0.00711193588,0.435533494,0.569558203,-0.00323558715,0.439385027,0.581015706,-0.00356291397,0.444294065,0.586837947,-0.00335588283,0.448516786,0.590536594,-0.00320852315,0.428593308,0.568600357,-0.00139597757,0.431602955,0.57943064,-0.00243537896,0.436206073,0.584884703,-0.00232455065,0.44047758,0.588128805,-0.00191891484,0.424853981,0.567742705,8.55439e-005,0.426452786,0.576622903,-0.00104380713,0.430215627,0.581564724,-0.000878088875,0.434533834,0.584670067,-0.000251482445
566.6666666666667,0.623246372,0.52103442,1.41605014e-007,0.607766569,0.517722309,-0.00682189502,0.592237771,0.518398762,-0.0119511895,0.582803547,0.523058236,-0.0153843248,0.578416049,0.528168201,-0.0186013021,0.603393137,0.524949253,-0.0190250445,0.586923063,0.533346117,-0.0257538967,0.57622236,0.537557065,-0.0279882364,0.568208814,0.540650487,-0.0285678618,0.610236466,0.530805707,-0.0177567676,0.59173727,0.539861083,-0.023137698,0.579388,0.544115841,-0.0240341853,0.569953263,0.54660058,-0.0245010965,0.614261687,0.535237908,-0.0161778387,0.597654819,0.543752491,-0.0201990306,0.585537612,0.547202945,-0.0213154871,0.576012194,0.548932791,-0.0220145248,0.615932763,0.538249195,-0.0149012106,0.603083849,0.54551506,-0.0183462128,0.593706846,0.548208952,-0.0191720407,0.586272359,0.549403965,-0.019446047
566.6666666666667,0.445709974,0.547940791,7.34008898e-009,0.463911,0.553047121,-0.00556643959,0.471392453,0.561576664,-0.00756503921,0.471601099,0.570672452,-0.00821529143,0.472201437,0.577639699,-0.00832265429,0.454149961,0.568325698,-0.00668577058,0.458116,0.580376148,-0.00866366364,0.461344,0.586607754,-0.00967932679,0.464051932,0.59126,-0.0100618005,0.442566305,0.568703353,-0.00467454642,0.44753629,0.580265105,-0.00575849274,0.45299837,0.58643961,-0.00600384455,0.457665116,0.590548515,-0.00617289217,0.435390502,0.568205535,-0.00301081128,0.438947,0.579295099,-0.00446923496,0.443827897,0.58520937,-0.00473136874,0.448428392,0.588962078,-0.00461827544,0.431700617,0.567744434,-0.00172199449,0.433377057,0.576907694,-0.00320748286,0.436994165,0.582256556,-0.00340451067,0.440993339,0.585895717,-0.00305764237
583.3333333333334,0.613885641,0.517214537,1.50526589e-007,0.599164486,0.513011932,-0.00624143,0.583677232,0.513020277,-0.0108111147,0.572231293,0.516700268,-0.013814888,0.56583488,0.521239698,-0.0166905541,0.591635704,0.519499779,-0.0177420061,0.574218929,0.526033163,-0.0245301686,0.562591,0.529415369,-0.0268905982,0.553263247,0.531999111,-0.0275179911,0.597291648,0.525506079,-0.0166214332,0.578660131,0.532472551,-0.0224846527,0.565850079,0.536061585,-0.0236304943,0.55559963,0.538727224,-0.0240782015,0.600874364,0.530237615,-0.0152575225,0.584229767,0.536797,-0.0195167828,0.571610153,0.539965093,-0.0206448156,0.561579883,0.541911602,-0.021113148,0.602714419,0.533506513,-0.0141870426,0.58931607,0.539592087,-0.0173032507,0.579514742,0.542021275,-0.0180336367,0.571611822,0.543235242,-0.0181974694
583.3333333333334,0.451127082,0.547002435,1.74498943e-010,0.469899923,0.551471293,-0.00550844334,0.478476167,0.559898615,-0.00761389546,0.47966063,0.569141626,-0.0085042771,0.479967028,0.576073229,-0.00882183295,0.462749481,0.566563,-0.00695270207,0.467255741,0.57861948,-0.00977274217,0.470755756,0.585085809,-0.0113717439,0.47370106,0.589906871,-0.0121030966,0.45107165,0.567613602,-0.00526979426,0.456796616,0.579288185,-0.00666415039,0.463344395,0.585485935,-0.00696874363,0.468986422,0.589464128,-0.00723621901,0.443438619,0.567671478,-0.0039840457,0.447796196,0.578718364,-0.00560053112,0.453712612,0.584287405,-0.0054155197,0.459231466,0.587560296,-0.00501422212,0.439325511,0.567477942,-0.00315403566,0.441755503,0.576528192,-0.0046134931,0.446034372,0.581516087,-0.0043999576,0.450785726,0.584637821,-0.00376124517
600.0,0.604383647,0.513442814,1.62593167e-007,0.589270294,0.508456171,-0.00600362336,0.573156714,0.508175969,-0.0105361147,0.560066819,0.511317432,-0.0133228246,0.552040458,0.515399814,-0.0162300728,0.578771591,0.51389432,-0.0193113461,0.560203,0.519051075,-0.0257676952,0.548503697,0.522118092,-0.0277897175,0.539319277,0.524733245,-0.0283056907,0.584295452,0.520278335,-0.0181751475,0.563882411,0.526225805,-0.0236302353,0.550716102,0.52929306,-0.0245744083,0.540739119,0.531413913,-0.025058819,0.588335872,0.525443494,-0.016580971,0.569973052,0.53084439,-0.0205768775,0.557191312,0.533387959,-0.0220541209,0.547490239,0.534846902,-0.0229590703,0.590882242,0.52891463,-0.0151377106,0.576043546,0.53399241,-0.0182576757,0.566437066,0.536091149,-0.0194322411,0.558749199,0.537353516,-0.0200532544
600.0,0.45831129,0.545241535,9.08966e-009,0.476950318,0.549551427,-0.00535194343,0.48563233,0.557506323,-0.00764478464,0.487339,0.566552103,-0.00889819209,0.489062607,0.573751211,-0.00964567531,0.470727324,0.56506139,-0.00592065696,0.4757047,0.576492965,-0.00902224239,0.479573041,0.583016515,-0.0113688791,0.482987344,0.588153899,-0.012787981,0.459038198,0.566288173,-0.00468115974,0.46495834,0.576885343,-0.00672560697,0.471470773,0.582921326,-0.00817806739,0.477280706,0.587297082,-0.00932162814,0.451438487,0.566270947,-0.00388790132,0.455676019,0.576829255,-0.00631438382,0.461421371,0.582848966,-0.0072356835,0.467219383,0.586883485,-0.00761033921,0.447167635,0.565875947,-0.0034815066,0.44955489,0.574633598,-0.00555662764,0.453938723,0.579443336,-0.00576311909,0.459118843,0.582478344,-0.00545682851
616.6666666666666,0.594815433,0.50945127,1.56745813e-007,0.579761505,0.503641725,-0.00543470308,0.562957,0.502861,-0.00945904199,0.549589097,0.505343795,-0.0118978098,0.54100585,0.509225249,-0.014657978,0.567529261,0.508829057,-0.0185875446,0.547897458,0.513396084,-0.0246108919,0.535849452,0.516223907,-0.0263197236,0.526427567,0.518617094,-0.0266621523,0.572775841,0.515155196,-0.0176105537,0.551655889,0.52018714,-0.0228856932,0.538444459,0.522828221,-0.0239075925,0.528391838,0.524787843,-0.0243987162,0.576824665,0.52057606,-0.0160973407,0.558038294,0.525504112,-0.0199388415,0.54540658,0.527571797,-0.0212733205,0.535863936,0.528910816,-0.0220701806,0.579845488,0.524497688,-0.0146554429,0.564336956,0.528983176,-0.0178826153,0.554615259,0.530784726,-0.0190154519,0.546858788,0.532091737,-0.019523697
616.6666666666666,0.464417607,0.543903887,4.02603817e-009,0.483145297,0.547659516,-0.00567969307,0.492750764,0.555349588,-0.00829793513,0.495352954,0.564446688,-0.00994431879,0.497357428,0.571727335,-0.0110545894,0.478484958,0.562328875,-0.0066064545,0.48443079,0.573824108,-0.0107777854,0.488991,0.580693662,-0.0136418343,0.493146,0.585934758,-0.015288718,0.467435151,0.564125359,-0.00564872194,0.475123465,0.57474333,-0.00891180243,0.482584983,0.581336319,-0.0110325497,0.489397138,0.586380124,-0.0125226984,0.460049868,0.564891458,-0.00519072311,0.466002941,0.575438738,-0.00881742872,0.47255981,0.581755638,-0.0102364114,0.478967458,0.586320698,-0.0107034799,0.455743283,0.565181613,-0.00510584144,0.460473746,0.574139059,-0.00830797944,0.466098756,0.579583347,-0.00906177331,0.472142756,0.583406508,-0.00895315595
633.3333333333333,0.586641371,0.506113112,1.52761089e-007,0.571276248,0.499432713,-0.00542493397,0.55393672,0.497769386,-0.00946685,0.539895415,0.499708533,-0.011942192,0.530184031,0.503448963,-0.0147734024,0.557426512,0.50388664,-0.0186511688,0.537659526,0.508228719,-0.0244347584,0.525654256,0.510971785,-0.0260610916,0.516205788,0.513235807,-0.0264512785,0.562404811,0.510559618,-0.0179166049,0.54140085,0.515470207,-0.0230515469,0.528408408,0.518196285,-0.0242522862,0.518502,0.52010417,-0.0249465723,0.566587627,0.516232371,-0.0166114159,0.547463357,0.520871878,-0.0203482397,0.534995079,0.522982836,-0.0217985716,0.525381625,0.524284363,-0.0227716379,0.569964528,0.520401835,-0.0153623819,0.553998947,0.524381697,-0.0186139308,0.543915868,0.526134908,-0.0198965445,0.535571098,0.527400494,-0.0205421355
633.3333333333333,0.470143586,0.542902648,1.26450432e-008,0.489819944,0.545949161,-0.005993939,0.50058,0.553683281,-0.00863333885,0.504020095,0.562750757,-0.0102381594,0.506926119,0.569945395,-0.0113156065,0.486469954,0.560999811,-0.00705858087,0.49350819,0.572262645,-0.0113978926,0.498574972,0.578960061,-0.0143474676,0.503198564,0.58410275,-0.0159848798,0.475445509,0.5630638,-0.00596314156,0.484350979,0.573376238,-0.0095035946,0.492397,0.579725146,-0.011604405,0.499700069,0.584627748,-0.0129781989,0.468044728,0.564084,-0.00541555556,0.475493699,0.574617147,-0.00927388389,0.482542813,0.580719233,-0.0107849305,0.489261031,0.58514607,-0.011220553,0.463845402,0.564608872,-0.00526489131,0.469599664,0.573705316,-0.00863064639,0.475568116,0.579121828,-0.00958579313,0.481745452,0.583112121,-0.00958871841
649.9999999999999,0.579807401,0.502791762,1.44598587e-007,0.564667761,0.495781,-0.00441797962,0.546343625,0.493973881,-0.00808786228,0.531383872,0.495705694,-0.0103745619,0.521504045,0.499428093,-0.013235664,0.549446344,0.499421597,-0.0183463618,0.528700411,0.504238486,-0.0241369065,0.516126156,0.507275879,-0.025920067,0.506301403,0.509867072,-0.0264211744,0.554543,0.506128073,-0.0181894284,0.532033,0.511131346,-0.023471361,0.517836213,0.514168799,-0.0250485167,0.507213235,0.516404808,-0.0260138866,0.558708251,0.512051344,-0.0172973815,0.538578689,0.516476452,-0.0209947918,0.524802268,0.518745661,-0.0226969738,0.514522493,0.52017957,-0.0238565207,0.562253356,0.516684294,-0.016344158,0.545569539,0.52051276,-0.0194242,0.534725845,0.522346199,-0.0206535812,0.526023388,0.523506939,-0.0212866366
649.9999999999999,0.476622671,0.541284561,1.52142139e-008,0.496284634,0.543674767,-0.00605012849,0.507634759,0.550970435,-0.00870283321,0.512129784,0.559932053,-0.0102419034,0.515619576,0.567101896,-0.0112487972,0.494607627,0.559631586,-0.00667860173,0.50269109,0.57047689,-0.0106560392,0.508489,0.57689,-0.0135657359,0.513497412,0.581818879,-0.0152853336,0.483761519,0.562017202,-0.00549604837,0.493277937,0.572047949,-0.00863504224,0.501890659,0.578161657,-0.0108276345,0.509583175,0.582845211,-0.0123785138,0.476366878,0.563021839,-0.00485759508,0.483639747,0.57337296,-0.00854254328,0.491052836,0.579358399,-0.0103172828,0.498127222,0.58356,-0.0110481894,0.472041398,0.563308418,-0.00458682608,0.477807254,0.57205224,-0.00788712688,0.483701915,0.577050507,-0.00884272344,0.489981025,0.580475,-0.00890517
666.6666666666665,0.573873,0.499822021,1.40333867e-007,0.558787584,0.492533803,-0.0039434121,0.539977789,0.490415454,-0.00738022383,0.524638295,0.49227047,-0.00961386785,0.514968,0.496054143,-0.012451645,0.541740417,0.496196449,-0.0172325484,0.519844,0.500660539,-0.0229322389,0.506877601,0.503328681,-0.0248792954,0.496737152,0.50556457,-0.0256345775,0.546408057,0.503085732,-0.0175072588,0.523152709,0.50770992,-0.0227280613,0.50869292,0.510583699,-0.0247189291,0.497736812,0.512790918,-0.0260420609,0.550760686,0.509115636,-0.0170125533,0.530146897,0.513387084,-0.0207151845,0.516663074,0.515654862,-0.0225485582,0.506439447,0.517099619,-0.0238887072,0.55485,0.513872,-0.0164202806,0.538619816,0.517289102,-0.019704653,0.528188169,0.51901257,-0.020994382,0.519542038,0.520107687,-0.0216775127
666.6666666666665,0.482611507,0.5404194,1.70592678e-008,0.502168357,0.541556716,-0.00674289884,0.514476538,0.548253715,-0.00959432684,0.520104587,0.55740416,-0.0111721614,0.525154,0.564704955,-0.0120946597,0.503043532,0.557511389,-0.00749066658,0.512161613,0.568616927,-0.0114492225,0.518318236,0.574821293,-0.0140105868,0.523489356,0.579535723,-0.0153387217,0.492845654,0.560459435,-0.00584443705,0.503636181,0.570571423,-0.00877354201,0.51238966,0.576444387,-0.0104827918,0.519988775,0.580936074,-0.0116469553,0.48583892,0.5620628,-0.00480987225,0.494489104,0.572346807,-0.0081948638,0.502034426,0.577988625,-0.00960160419,0.509128392,0.581898689,-0.0100478958,0.48170498,0.562927365,-0.00424238387,0.488631129,0.571717322,-0.00726558268,0.494725555,0.576339304,-0.00807052851,0.50119704,0.579283,-0.00799547415
683.3333333333331,0.56860739,0.497275174,1.2667364e-007,0.553209,0.490091175,-0.00345262955,0.534743786,0.487965494,-0.00660778955,0.519701183,0.489423484,-0.00879394449,0.510090113,0.492865592,-0.0115374597,0.535096526,0.493704915,-0.0154887913,0.513063252,0.498099655,-0.0208714977,0.500445902,0.500578403,-0.0229469799,0.490666479,0.502708137,-0.0238811187,0.539515734,0.500513315,-0.0160458814,0.516409874,0.505019128,-0.0208520442,0.502180398,0.507722855,-0.0228880793,0.491600603,0.50982,-0.0243349168,0.543937325,0.506396413,-0.0159423929,0.522580504,0.510607064,-0.0194051508,0.508661866,0.512757361,-0.02143047,0.498299241,0.514171898,-0.0229766052,0.548093796,0.511085927,-0.0157421436,0.53156203,0.514471292,-0.0190230757,0.520760238,0.51624608,-0.0204603113,0.512193859,0.51747781,-0.0212698858
683.3333333333331,0.488927841,0.538755655,2.97600966e-008,0.509058833,0.539431572,-0.00644380273,0.521828175,0.545579672,-0.00912929699,0.528330863,0.554340065,-0.010584496,0.534017205,0.561326444,-0.0114225643,0.511755347,0.555293739,-0.00706275273,0.521728575,0.566078,-0.010743456,0.528115153,0.572222233,-0.0132106096,0.533403456,0.576966524,-0.0145306326,0.501505494,0.558783591,-0.00550703192,0.513088703,0.568576097,-0.00807865,0.522165,0.574295461,-0.0097588636,0.529998839,0.578632295,-0.0109592546,0.494285226,0.560743272,-0.0045304955,0.504006088,0.570670247,-0.00750785321,0.511960864,0.576104,-0.00892492104,0.519319117,0.579817057,-0.00948209409,0.489972353,0.561788738,-0.0040193107,0.497273177,0.570155382,-0.00671414798,0.503580153,0.57460326,-0.00749846827,0.510168254,0.57741046,-0.00748292916
699.9999999999998,0.563571,0.4945544,1.19838461e-007,0.548377454,0.487611651,-0.00297797332,0.53039217,0.485290676,-0.0059583853,0.515167177,0.486669093,-0.00814346131,0.50458,0.489694029,-0.0108638415,0.528152466,0.491390198,-0.0138369286,0.507274389,0.495145708,-0.0190987736,0.495468229,0.49737367,-0.0212479625,0.486453,0.499139816,-0.0222187806,0.531950951,0.498085171,-0.0146882897,0.509335339,0.502305,-0.0193010326,0.495872051,0.50469327,-0.0212570373,0.485954046,0.506415606,-0.0225766823,0.536634564,0.503851175,-0.0149482964,0.515801907,0.508025,-0.0183589552,0.502707243,0.510121465,-0.0199465249,0.493322551,0.511342585,-0.0211200602,0.541729331,0.508497596,-0.0151061425,0.525213659,0.512085199,-0.0182447787,0.51474613,0.513799667,-0.0192134604,0.506585479,0.51479882,-0.0195885859
699.9999999999998,0.496349692,0.537155211,2.93861788e-008,0.51666832,0.537328541,-0.00598638365,0.529845953,0.543162286,-0.00880527403,0.537139118,0.551611245,-0.0104620075,0.543453932,0.558151484,-0.0115991849,0.520398796,0.553094625,-0.00806740578,0.53203845,0.563638568,-0.0120296488,0.539178073,0.569496,-0.0144354766,0.545032799,0.574073315,-0.0156794135,0.510479033,0.556892633,-0.00685114367,0.523713112,0.566378295,-0.00974107906,0.533424854,0.571845233,-0.0113816615,0.541525781,0.576151431,-0.0125636859,0.503202498,0.55896163,-0.00607263343,0.513974607,0.56870693,-0.00929344818,0.522450745,0.573951364,-0.0106952935,0.529980183,0.577519417,-0.0112633528,0.498721778,0.559947,-0.00568919955,0.506327868,0.5681898,-0.00849334802,0.512979805,0.572406948,-0.00923751388,0.519781232,0.57490164,-0.00922546722
716.6666666666664,0.558705091,0.492654175,1.31847472e-007,0.543750048,0.485211521,-0.0034867893,0.525838912,0.482958078,-0.00614308659,0.510345221,0.484438509,-0.00805727951,0.498843312,0.487258404,-0.0104700141,0.522231519,0.490114331,-0.0118266745,0.502302408,0.49339658,-0.0169277694,0.489998639,0.495170087,-0.0194478314,0.480638176,0.496378392,-0.0206710715,0.525488257,0.496798128,-0.0122225508,0.503854156,0.499975622,-0.0165085271,0.490193129,0.501716256,-0.0186463241,0.479990065,0.502769291,-0.0201033577,0.529839337,0.502375126,-0.0122183915,0.510111213,0.505752,-0.0153558347,0.497522771,0.507636368,-0.0167062748,0.488591284,0.50858134,-0.0176784787,0.534968078,0.506877422,-0.0122519108,0.519219637,0.510043859,-0.0150198964,0.509124637,0.511462271,-0.0156429429,0.501391053,0.512110114,-0.0157280248
716.6666666666664,0.50414753,0.534935594,3.26405249e-008,0.524612,0.535123646,-0.00504000112,0.537751675,0.540702879,-0.00760771427,0.545644403,0.54851228,-0.0091523733,0.552266479,0.554338276,-0.0103724366,0.528957486,0.55054754,-0.00800348632,0.541922331,0.560868919,-0.0118618486,0.549511075,0.566431046,-0.0142516894,0.555588603,0.570762038,-0.0155149428,0.519137383,0.55440259,-0.00723918714,0.532913744,0.56393224,-0.010044761,0.542815566,0.569250345,-0.0116599929,0.551012695,0.573265374,-0.0128258066,0.511531234,0.556401312,-0.00677539222,0.522883177,0.566184163,-0.00958509184,0.531224132,0.571513057,-0.0109523069,0.538367391,0.57502532,-0.0116587244,0.506519854,0.557084441,-0.00664084917,0.513484418,0.565120399,-0.00924490578,0.519712627,0.569417953,-0.0100475121,0.525954366,0.572087765,-0.0101528717
733.333333333333,0.553794205,0.490551889,1.43569139e-007,0.539138436,0.483028859,-0.00477322517,0.521377742,0.480589956,-0.00792618189,0.505879521,0.481958658,-0.0102072665,0.494450837,0.485071182,-0.0129007101,0.517685294,0.489320189,-0.0126290331,0.497566402,0.492448419,-0.0182726737,0.48515448,0.494110316,-0.0212183073,0.475739837,0.495307714,-0.0227203444,0.521544039,0.49600479,-0.0126685919,0.499767244,0.498954535,-0.0181016084,0.485533,0.500875533,-0.0208864268,0.474669576,0.502382,-0.0225940924,0.526276529,0.501165092,-0.0124746682,0.506180346,0.50459367,-0.0167782474,0.492796749,0.50672394,-0.0188713223,0.48281762,0.508170545,-0.0201115,0.531347692,0.505023062,-0.0124248033,0.514883459,0.507823825,-0.0161062721,0.504110694,0.509267747,-0.0173796359,0.495801866,0.510193229,-0.017820457
733.333333333333,0.510133386,0.532036245,2.83351458e-008,0.53089118,0.531659544,-0.00541287893,0.545110106,0.536927342,-0.00808372069,0.55395484,0.544554055,-0.00977275241,0.561405122,0.550378382,-0.011130685,0.537346363,0.547416687,-0.00753699895,0.550818801,0.557285428,-0.011580226,0.559208512,0.562636793,-0.0142608145,0.565797329,0.566809,-0.0157500096,0.527586162,0.551592469,-0.00675090356,0.54198122,0.560784817,-0.0097769266,0.552077532,0.565995395,-0.0118230702,0.560245097,0.570061445,-0.0132871252,0.519816399,0.553864717,-0.00635612,0.53210634,0.563323081,-0.0093208272,0.5408,0.568537354,-0.0109819602,0.548106253,0.572048426,-0.0118845291,0.514469087,0.554719448,-0.00634535076,0.522447407,0.562628865,-0.00895407703,0.529088855,0.566750765,-0.00981124677,0.535449326,0.569279313,-0.00995357893
749.9999999999997,0.548912108,0.488188505,1.45237536e-007,0.534133613,0.481104016,-0.00478395913,0.517203748,0.478734642,-0.00785379205,0.503003776,0.479301631,-0.010237393,0.492318481,0.481862664,-0.0130170314,0.511979699,0.487842411,-0.0110191172,0.492529958,0.491154641,-0.0166556761,0.480127335,0.493356764,-0.020089373,0.470582843,0.495163739,-0.0220787041,0.515874267,0.494198084,-0.0113114184,0.495182872,0.497431546,-0.0167531706,0.480833352,0.499814898,-0.0203270428,0.469326377,0.501891,-0.0227011312,0.521011353,0.499315977,-0.0115128802,0.501831651,0.503007293,-0.0162474848,0.488392621,0.505672336,-0.0193062611,0.47784996,0.507796049,-0.0212311987,0.526687145,0.503231049,-0.011864041,0.511280775,0.506431341,-0.0162947308,0.500746,0.508516073,-0.0182691831,0.492380083,0.510077775,-0.0191934463
749.9999999999997,0.516704082,0.529921472,3.90377863e-008,0.537746966,0.528754056,-0.00525204698,0.552343547,0.533156931,-0.00803035591,0.562134206,0.540316403,-0.00975207333,0.570246637,0.545807958,-0.0110866223,0.546062708,0.54410249,-0.0079357,0.560779154,0.55400461,-0.0115108574,0.569358289,0.559124231,-0.0136491386,0.575911462,0.562974572,-0.0147094447,0.536576509,0.548658729,-0.00697119115,0.551733375,0.557947457,-0.00945915468,0.561893046,0.562805414,-0.010909861,0.569738686,0.566349089,-0.0119600268,0.528784394,0.551133871,-0.00630605174,0.541266859,0.560792923,-0.00880464632,0.549788535,0.565639198,-0.00997808948,0.556588709,0.568754077,-0.0106014879,0.523253,0.552044213,-0.00596435461,0.531489432,0.559811711,-0.00803567283,0.537957966,0.563684285,-0.00840470102,0.543835044,0.565992773,-0.00823919661
766.6666666666663,0.545859039,0.484683931,1.09758169e-007,0.530906558,0.478164732,-0.00278994301,0.512961864,0.476658016,-0.0047731474,0.49841553,0.47749725,-0.0064805462,0.488020629,0.479607552,-0.0086429324,0.507041395,0.483852059,-0.00870514195,0.487611949,0.487712413,-0.01330241,0.475844204,0.490518332,-0.0159081873,0.467053384,0.493010521,-0.0175051671,0.510826051,0.489930242,-0.00986291189,0.490270793,0.494030625,-0.0143864751,0.477532208,0.496979535,-0.0173264444,0.468077511,0.499606878,-0.0193028413,0.516456664,0.495050073,-0.0108374814,0.497803181,0.499660164,-0.014656594,0.48606813,0.502506316,-0.0171160493,0.477649271,0.504576385,-0.0187740214,0.522921085,0.499193221,-0.0118356925,0.508244395,0.503176391,-0.0157169,0.498564661,0.505795479,-0.0175514668,0.491008,0.507753491,-0.0184429623
766.6666666666663,0.5233441,0.526638448,5.56377771e-008,0.544319212,0.524725914,-0.00509530632,0.559457958,0.528564572,-0.00775850145,0.570104897,0.53520143,-0.00935377739,0.578863382,0.540372491,-0.0106047476,0.555415511,0.540152788,-0.00760534825,0.570628166,0.549671412,-0.011050418,0.579518378,0.554764032,-0.0130334403,0.586090505,0.558603048,-0.0139323967,0.546034276,0.544676483,-0.00669809,0.561224461,0.554067314,-0.00908088312,0.571306109,0.559031487,-0.0103143891,0.578811288,0.562623739,-0.0111002233,0.53780514,0.547094941,-0.00612687413,0.550487101,0.556597,-0.00863128155,0.559197485,0.561474144,-0.00991081726,0.566067576,0.564793408,-0.0105564557,0.531399071,0.548027813,-0.00583471032,0.539647818,0.555753231,-0.00785144605,0.545851171,0.559688628,-0.00825410616,0.551456511,0.562391043,-0.0081253415
783.3333333333329,0.541488767,0.481773525,1.06354371e-007,0.526369512,0.475299507,-0.0027925584,0.509066,0.474007249,-0.00456363754,0.495342791,0.475589514,-0.00617334852,0.484735668,0.477175236,-0.00808208901,0.501369119,0.482399493,-0.00605113944,0.482595563,0.486609,-0.00995685533,0.471623331,0.489838898,-0.0124978293,0.463849574,0.492738366,-0.0140524674,0.504932702,0.488444269,-0.00702031888,0.485077,0.493322968,-0.0106419493,0.472397685,0.496933371,-0.0132330274,0.46356532,0.500120044,-0.0149629023,0.510631204,0.493389577,-0.00806372,0.492353469,0.498722047,-0.0113875503,0.48155877,0.501973033,-0.0135805542,0.474305928,0.504475057,-0.014998382,0.51756525,0.497193754,-0.00918502267,0.503718793,0.501733899,-0.0126915257,0.494972259,0.504706085,-0.0141728427,0.488238364,0.507025361,-0.0147496732
783.3333333333329,0.529615879,0.522322297,6.36264375e-008,0.550895,0.520346045,-0.00467013149,0.566779912,0.523798764,-0.0071065696,0.57785356,0.530071259,-0.00873895176,0.58731097,0.534728467,-0.0101130428,0.564279556,0.535356164,-0.00597800221,0.579747915,0.544077396,-0.00958809536,0.588825345,0.54902339,-0.0121188136,0.595732927,0.552995205,-0.0135150347,0.55544281,0.540029049,-0.00570859667,0.570475399,0.548733234,-0.00821828097,0.580545902,0.553723454,-0.0102136051,0.588135779,0.557816803,-0.0116574802,0.547134936,0.542592406,-0.00586338621,0.55996567,0.551659107,-0.00872715656,0.568439722,0.556725681,-0.0105653089,0.574978,0.560539842,-0.0116457241,0.540129483,0.543596268,-0.00629901467,0.548556089,0.551015675,-0.00867437758,0.5547809,0.555131614,-0.00935197249,0.560190439,0.558354259,-0.00947564188
799.9999999999995,0.536501348,0.477544487,8.05496114e-008,0.520081103,0.472680479,4.02548903e-005,0.50380671,0.472054094,-0.00119054026,0.491284847,0.472984612,-0.00294892862,0.481707573,0.474496424,-0.0051891855,0.495717704,0.479808837,-0.0044618207,0.477302343,0.484371156,-0.00863430649,0.466753751,0.487513065,-0.0113778599,0.459358871,0.490488827,-0.0129854847,0.499612123,0.485058844,-0.00713842083,0.480176449,0.490904182,-0.0107905623,0.469104618,0.494866371,-0.0133750746,0.461883157,0.498431861,-0.0150944544,0.505937517,0.489776343,-0.00965029933,0.488162428,0.495773524,-0.0125920046,0.477558494,0.499823123,-0.0146146109,0.470730394,0.503020763,-0.0160520319,0.513748348,0.493731,-0.0120162824,0.500155509,0.498593897,-0.0149186971,0.491812527,0.501716495,-0.0158162192,0.48560679,0.504090428,-0.0160659011
799.9999999999995,0.535624266,0.518228531,7.22466709e-008,0.556655347,0.515547,-0.00490876148,0.573598623,0.51822418,-0.00755583588,0.5857324,0.523954749,-0.00942705292,0.596105933,0.52816993,-0.0110216457,0.572606564,0.530218124,-0.00587174622,0.588876724,0.538188636,-0.00957752485,0.598424792,0.542783499,-0.0122154402,0.605659783,0.546512604,-0.0137265539,0.564276934,0.535023332,-0.00578183495,0.579496324,0.543352842,-0.00834147073,0.589587331,0.548150122,-0.010505653,0.597233534,0.552163124,-0.0121231228,0.555873,0.537762225,-0.00618712371,0.569115043,0.546707213,-0.00919781066,0.577812612,0.551702,-0.0112280929,0.58449018,0.55553,-0.0124875186,0.54817754,0.539001763,-0.0068960716,0.557035446,0.546264708,-0.00951602776,0.563529193,0.550462365,-0.0103847347,0.56913656,0.553874969,-0.0106610199
816.6666666666662,0.532695115,0.474306017,6.30095442e-008,0.516999245,0.469805032,0.000975299103,0.49992907,0.469338447,0.00054255483,0.487039208,0.470182836,-0.000526911463,0.478204459,0.471335471,-0.00204542,0.490803599,0.477338821,-0.00246058125,0.474129736,0.482793391,-0.00561584486,0.464271158,0.486158907,-0.0077715097,0.457386434,0.489051968,-0.00907172635,0.494715482,0.482271165,-0.00519817183,0.47671783,0.488878876,-0.0079965936,0.466306359,0.493094504,-0.0100684343,0.45931524,0.496674389,-0.0114579592,0.501068115,0.486696661,-0.00774133625,0.484539628,0.493333846,-0.0101492424,0.474772513,0.497468,-0.0118149864,0.468371719,0.500594854,-0.012984721,0.508965373,0.490570366,-0.0100956261,0.496532232,0.496011019,-0.0124606853,0.48878473,0.499375165,-0.013146013,0.482891023,0.501931608,-0.0132907052
816.6666666666662,0.54266119,0.513762,8.11338694e-008,0.56335777,0.510517061,-0.00503117731,0.580508947,0.512732089,-0.00791191,0.593330145,0.517730296,-0.0100453207,0.60436523,0.521069944,-0.0120089212,0.581527889,0.524562955,-0.00653476361,0.597976625,0.531888902,-0.0106047746,0.607755542,0.536235154,-0.0135412728,0.615351439,0.539848804,-0.0152870482,0.573356748,0.529573441,-0.00665012,0.588637352,0.537493646,-0.00943566207,0.598728061,0.542107821,-0.0117152566,0.606549501,0.546018,-0.0134891132,0.564673483,0.532531202,-0.00726209208,0.578169823,0.540985107,-0.0103945015,0.586878836,0.545818448,-0.012366266,0.593640804,0.549566627,-0.0136580812,0.556451917,0.53396219,-0.00820434,0.565893,0.540979445,-0.0108847497,0.572549403,0.545048535,-0.0116831949,0.578348398,0.548416913,-0.0119778756
833.3333333333328,0.528798699,0.471131027,4.45694219e-008,0.513475239,0.466486275,0.00134292094,0.496590197,0.466053188,0.00124196464,0.484019339,0.466798961,0.000326347741,0.475282401,0.467438,-0.000906483154,0.486798465,0.473958105,-0.000645314285,0.471532732,0.479400307,-0.00352847786,0.462627262,0.483052,-0.00581308361,0.456441104,0.486403078,-0.00726611773,0.49045229,0.479029,-0.00342431804,0.473649621,0.485870183,-0.00576312374,0.464525163,0.490146458,-0.00751630077,0.458303303,0.494053215,-0.00873973593,0.496404409,0.483729601,-0.0061030644,0.481159061,0.490311891,-0.00800332613,0.473037064,0.494398415,-0.00893353205,0.467861742,0.497877747,-0.00963064283,0.503889799,0.487936676,-0.00867653731,0.492310017,0.493270129,-0.0102865025,0.486154586,0.496739566,-0.0101840068,0.482054055,0.499777675,-0.00982063636
833.3333333333328,0.549210727,0.508665264,8.49932746e-008,0.569516242,0.504727423,-0.00470158271,0.587161541,0.506243229,-0.0074048182,0.600536168,0.510652065,-0.00949986931,0.612270355,0.513480067,-0.0113945464,0.5901739,0.518519938,-0.00529081421,0.606975496,0.525056124,-0.00904166885,0.616928518,0.529115379,-0.0119896755,0.624674082,0.532547653,-0.0138226952,0.582592,0.523737371,-0.0056660315,0.597961783,0.531171858,-0.00803324953,0.607977033,0.535673141,-0.0103575783,0.615722358,0.539546072,-0.0122546246,0.573963046,0.526957,-0.00658837846,0.587424517,0.534931302,-0.00937392935,0.596033394,0.53952837,-0.0112191662,0.602726161,0.543013453,-0.0125089558,0.565335691,0.52869451,-0.00787266,0.574999094,0.535412967,-0.0102468571,0.581710219,0.539310396,-0.010857041,0.587599039,0.542475045,-0.0110662878
849.9999999999994,0.525458813,0.467427,1.63269398e-008,0.510264397,0.46299389,0.00228596036,0.49319014,0.462472469,0.00250505423,0.481176853,0.462795347,0.00175486179,0.473370969,0.462966979,0.000645285181,0.48288843,0.46963805,-0.000410997076,0.467452824,0.475644082,-0.00309702777,0.459131539,0.480150789,-0.0050972444,0.454124242,0.484051079,-0.00633738702,0.486734331,0.474527657,-0.00345531711,0.471092403,0.481961519,-0.00565237226,0.463482469,0.486954778,-0.00722645409,0.459172696,0.491269201,-0.00834652502,0.492937863,0.479222834,-0.00627278676,0.479004472,0.486760288,-0.00775830355,0.472634465,0.491371304,-0.00846568309,0.469177067,0.495102853,-0.00913086534,0.500738621,0.483568,-0.00891872,0.491013527,0.490019858,-0.010243237,0.486007512,0.494069099,-0.0102043394,0.482922763,0.49749127,-0.00994946528
849.9999999999994,0.556462765,0.503915429,9.05674469e-008,0.576507866,0.499426514,-0.00483946875,0.594252944,0.499960303,-0.00779011194,0.608092,0.50363636,-0.010080087,0.620170236,0.505698323,-0.0121684009,0.597941637,0.511891603,-0.00605193,0.615133703,0.517753661,-0.00993919466,0.625185847,0.521532118,-0.0128628304,0.632962,0.52487123,-0.0147025436,0.590795219,0.517485678,-0.00641990127,0.606597185,0.524575412,-0.00884968229,0.616505861,0.52891767,-0.0109541062,0.624069691,0.532755196,-0.0127741117,0.582402468,0.521129668,-0.00732555799,0.596517563,0.52883023,-0.010218964,0.605112374,0.533217847,-0.0118437959,0.611653805,0.536556244,-0.0130212549,0.573768497,0.523372054,-0.00859633833,0.583827794,0.529959857,-0.0110318968,0.590589821,0.533686638,-0.0115555516,0.596457779,0.536720335,-0.0117517617
866.6666666666661,0.52223444,0.46380958,1.31611149e-008,0.507773042,0.459486812,0.00234362669,0.491402298,0.458872169,0.00258935033,0.479310125,0.459430099,0.00184285955,0.47076869,0.4607535,0.000739352719,0.478533596,0.466491431,0.000167735154,0.463247448,0.472365767,-0.0023005784,0.45533067,0.476728141,-0.00431546662,0.450760663,0.480637938,-0.00552127277,0.482295215,0.470979065,-0.00283465721,0.467642635,0.47876972,-0.00452076364,0.460799754,0.484191388,-0.00606963132,0.45696792,0.488891095,-0.00729293749,0.488876253,0.475355089,-0.00565976696,0.476160109,0.483334601,-0.00683360081,0.470415413,0.488278419,-0.007682289,0.467300057,0.49224773,-0.00854882,0.497223318,0.479504257,-0.00830469653,0.48859182,0.48619926,-0.00935113803,0.48442921,0.490216583,-0.00926802866,0.481953382,0.493563175,-0.00901752431
866.6666666666661,0.563575208,0.498639137,9.47137409e-008,0.582407713,0.493456602,-0.00467036385,0.600142479,0.493341088,-0.00747177238,0.614233077,0.49644497,-0.00956880301,0.626244187,0.497967541,-0.0114737935,0.60560447,0.505352736,-0.00612440752,0.623415768,0.510537386,-0.00960763264,0.63372308,0.513822138,-0.012139787,0.64166224,0.516703367,-0.013731298,0.598912776,0.511159837,-0.00650436897,0.61538589,0.517884433,-0.00848478731,0.625248611,0.522007823,-0.010268678,0.632451832,0.525527298,-0.0119045591,0.590612888,0.514997423,-0.00738390116,0.60529083,0.522465646,-0.0100666313,0.61381197,0.526734173,-0.0116610527,0.620035,0.529933095,-0.0128605785,0.58190316,0.517444968,-0.00858148746,0.59234339,0.523840845,-0.0110141132,0.5991503,0.52739656,-0.0115768788,0.604950905,0.530152798,-0.0118139014
883.3333333333327,0.519515455,0.460147679,1.13865e-008,0.504415333,0.455326647,0.00258300826,0.488071561,0.454628229,0.00309290178,0.476109,0.455439,0.00253265235,0.467871517,0.456969142,0.00167088665,0.475184441,0.462392807,0.00137851655,0.460877627,0.46831882,-0.000807763194,0.453396112,0.472605914,-0.00276990421,0.44901371,0.476284415,-0.0039818692,0.478590876,0.467254,-0.00163627963,0.464390635,0.475463688,-0.00308986614,0.457510114,0.480788618,-0.00458513573,0.45332545,0.485311121,-0.00578474579,0.484821737,0.471775323,-0.00452240882,0.473033547,0.480025649,-0.00551998755,0.467916548,0.484848469,-0.00621601474,0.464932889,0.488651842,-0.00699975435,0.492974639,0.475873381,-0.00724140229,0.484722018,0.482307553,-0.00783963129,0.480640262,0.485892802,-0.0074195331,0.477988183,0.48882848,-0.00703187147
883.3333333333327,0.569212,0.492342889,8.27242772e-008,0.587824821,0.48721686,-0.00412689149,0.606001496,0.486757845,-0.00665826071,0.620429397,0.48916474,-0.00866507832,0.632417738,0.490275621,-0.010513789,0.612013876,0.498341829,-0.0051899855,0.629559636,0.502890706,-0.00876203645,0.639968455,0.505831599,-0.0115312384,0.648108065,0.508343816,-0.013396617,0.60606271,0.504179955,-0.0060913153,0.622202694,0.510193348,-0.00828027073,0.632329166,0.513912737,-0.0104943393,0.640199661,0.517136872,-0.0124744987,0.598083198,0.50823015,-0.00750579964,0.612159371,0.515422404,-0.0105598429,0.620942473,0.519718289,-0.0125484476,0.627722323,0.5229913,-0.0140249832,0.589194179,0.510905862,-0.00918701198,0.59919858,0.517068088,-0.0119499499,0.60615176,0.520541787,-0.0127019146,0.612182319,0.523264825,-0.0130978776
899.9999999999993,0.516863585,0.45608,1.16796963e-008,0.501182556,0.45129177,0.00266996725,0.485411316,0.450598121,0.00280683581,0.473294973,0.451346368,0.0018239012,0.464321,0.452309906,0.000585010042,0.472958148,0.458209217,0.0013174623,0.458229095,0.463966429,-0.0012709283,0.450878292,0.468417257,-0.0034016592,0.446803361,0.472288221,-0.00466114515,0.476388156,0.462913632,-0.00190057454,0.461060107,0.471068263,-0.00396273378,0.454055905,0.476526797,-0.00563234184,0.450174123,0.481226712,-0.00678259,0.482470781,0.467425197,-0.00497927563,0.470066845,0.475884229,-0.00646098889,0.465111196,0.480988741,-0.00712423865,0.462647557,0.485035807,-0.00769909,0.490326315,0.471557111,-0.00785104465,0.481688917,0.478403211,-0.00873022247,0.477642566,0.482224435,-0.00824902579,0.475150108,0.485342234,-0.00769774
899.9999999999993,0.574480474,0.487085104,8.8193076e-008,0.59212184,0.481135458,-0.00415268168,0.609965682,0.479742289,-0.00710630603,0.624515831,0.481506467,-0.00941523071,0.636601686,0.482029736,-0.0115763666,0.61750567,0.491269708,-0.00684119621,0.635803819,0.495346397,-0.0106191309,0.646531403,0.497814655,-0.0131947761,0.654974103,0.499924392,-0.0148127191,0.611777246,0.497358769,-0.0076415618,0.628744066,0.503246903,-0.00990070775,0.639001548,0.506855488,-0.0117559796,0.646691084,0.509998262,-0.0134660238,0.603873968,0.501737595,-0.00882503763,0.618571579,0.508699954,-0.0117790289,0.627581477,0.512747526,-0.0135530671,0.634253919,0.515793681,-0.0148841934,0.595180094,0.504868627,-0.0102348952,0.606078863,0.511038542,-0.0128220702,0.613229632,0.514458895,-0.0134431515,0.619272,0.517142475,-0.0137290051
916.666666666666,0.514584482,0.451932669,1.07809335e-008,0.500163555,0.446812868,0.00167064939,0.484614581,0.446044743,0.00158573966,0.472318828,0.447111189,0.000465969177,0.463218749,0.447820783,-0.000834392558,0.470318675,0.454380691,0.00151611643,0.456071138,0.460067749,-0.00121368701,0.449033648,0.464262515,-0.00364473206,0.444926172,0.467992425,-0.00518202269,0.473423302,0.459164679,-0.00126912224,0.458470285,0.466521323,-0.00335880113,0.451277345,0.471545637,-0.00530077284,0.446952462,0.476066649,-0.00673221704,0.479365557,0.463520676,-0.00411923835,0.46746856,0.471347958,-0.00594687788,0.462711483,0.476175785,-0.00701014604,0.460283786,0.480191052,-0.00785924215,0.487290323,0.467436492,-0.00687352056,0.478936821,0.473971665,-0.00822646916,0.475067228,0.477795839,-0.0082501974,0.472687721,0.481107563,-0.00806104764
916.666666666666,0.579687774,0.481366456,9.17499605e-008,0.596727371,0.475067586,-0.00395402312,0.614211917,0.47326389,-0.00706523703,0.62885195,0.47434634,-0.00952321105,0.640921116,0.474139869,-0.0119666886,0.622493148,0.484453499,-0.00762717798,0.640691161,0.487809956,-0.011488731,0.651497185,0.490179956,-0.0141090313,0.659961939,0.492324799,-0.0158532914,0.61711508,0.490668535,-0.00859771669,0.634114861,0.49630785,-0.0109534403,0.644107044,0.499587387,-0.0126691889,0.651340842,0.502433896,-0.0143166147,0.609271228,0.495212018,-0.00985192601,0.624226272,0.501978517,-0.0128498599,0.633298576,0.505900621,-0.0143984538,0.639822662,0.508933365,-0.0156711303,0.600378573,0.498419046,-0.0112879844,0.611152172,0.504439056,-0.0139456959,0.618069053,0.507843,-0.0144011937,0.623897135,0.51064,-0.0146289021
933.3333333333326,0.512590468,0.447750688,8.85216611e-009,0.499308199,0.442837328,0.00253098132,0.484127164,0.442104,0.00264067762,0.471705228,0.442912757,0.00166721665,0.462579668,0.443383753,0.000512495928,0.468199492,0.449862599,0.00158057595,0.453035086,0.455290586,-0.000745358295,0.446031451,0.459469616,-0.0026580526,0.442361236,0.463173956,-0.00378625421,0.470573664,0.454642326,-0.00131422817,0.455247968,0.462417066,-0.00288468925,0.448246717,0.467541873,-0.00425173948,0.444705516,0.471984148,-0.00529127615,0.476023138,0.459188104,-0.00414763065,0.46344009,0.467595845,-0.0055661439,0.458649039,0.47245872,-0.00659190118,0.45698294,0.476376891,-0.00742963376,0.483445764,0.463354796,-0.00675292918,0.475276977,0.470505863,-0.00773861259,0.472076952,0.474372596,-0.00778697152,0.47072,0.477577209,-0.00761642167
933.3333333333326,0.583763897,0.47631377,8.74788e-008,0.599581957,0.469484359,-0.00353278429,0.61679858,0.467475206,-0.0062712254,0.631357968,0.468330324,-0.00841393508,0.643141448,0.467889816,-0.0105875516,0.626092911,0.47840476,-0.0067219995,0.644327939,0.481222838,-0.0099606,0.655166686,0.483242661,-0.0121598188,0.663397729,0.485126138,-0.013615205,0.621174216,0.484698,-0.0075944541,0.63837564,0.489780605,-0.00924863,0.647693574,0.492893636,-0.0105381906,0.653803647,0.495749921,-0.0119419061,0.613821328,0.489304066,-0.00873467699,0.629336298,0.495930463,-0.0112516088,0.638137877,0.499711782,-0.0126364874,0.644210875,0.502693653,-0.0138545698,0.605352879,0.492466182,-0.00999801233,0.616108835,0.498553187,-0.0123295449,0.622698069,0.502025485,-0.012685624,0.628216088,0.504782736,-0.0128933992
949.9999999999992,0.509809613,0.443465501,1.48707455e-008,0.496600866,0.438986421,0.00234959228,0.482559353,0.438096166,0.00204412267,0.470785677,0.438208699,0.000499601418,0.462418944,0.438427597,-0.00126464758,0.466504663,0.445861727,0.00151951134,0.451715708,0.45099026,-0.000764795172,0.443999708,0.454801202,-0.00284470804,0.438875586,0.458366692,-0.00433316128,0.468108267,0.450416833,-0.00159765396,0.452728093,0.458136618,-0.00336774299,0.444797814,0.463061154,-0.00512606,0.440120399,0.467514217,-0.00662810495,0.472862214,0.454841554,-0.00468846271,0.459714025,0.463440239,-0.00642861892,0.454457343,0.46842587,-0.00824982952,0.452387631,0.472587228,-0.00977950916,0.479659706,0.458888292,-0.00755483098,0.471380115,0.46647203,-0.00900693424,0.468421698,0.470746964,-0.00963565614,0.467560709,0.474417686,-0.0100143282
949.9999999999992,0.58817941,0.471348047,7.20668609e-008,0.604369223,0.464914143,-0.00236809324,0.621331275,0.463816106,-0.00415197434,0.635394096,0.465646684,-0.0056243958,0.647117198,0.466434836,-0.00712217204,0.629238307,0.472901404,-0.00466941111,0.647138417,0.474407673,-0.00775874639,0.657878697,0.475424647,-0.00977620389,0.666230261,0.476576746,-0.0110503035,0.62511158,0.479162544,-0.00596239045,0.642469645,0.483794,-0.00782709662,0.652017415,0.48639065,-0.00916619506,0.658629775,0.488712162,-0.0103021702,0.618278682,0.483882636,-0.00749424752,0.633260608,0.490167022,-0.0101827439,0.641394317,0.493622631,-0.0112673221,0.647109866,0.496234238,-0.0119530139,0.60996145,0.487309963,-0.00908412226,0.620746,0.493360102,-0.0113588693,0.627195776,0.496712983,-0.0113480538,0.63266027,0.499239385,-0.0110808713
966.6666666666658,0.507741213,0.439988315,3.9028647e-009,0.494207978,0.435954601,0.00315465638,0.480280787,0.43573755,0.00299925334,0.469638497,0.435905844,0.00138896704,0.461797982,0.435464203,-0.000433437817,0.46472317,0.441654325,0.00213136198,0.450188,0.446646154,-0.000424876,0.442371964,0.450440556,-0.00268998952,0.437217087,0.454051,-0.00429417053,0.46628654,0.445798397,-0.00159740902,0.450773716,0.453269958,-0.00369549193,0.442412138,0.458108127,-0.00553823542,0.436773419,0.462604791,-0.00703933975,0.470791548,0.449978,-0.0052981046,0.457751095,0.458468437,-0.0071858461,0.451495,0.463652074,-0.00891942158,0.44761005,0.468073756,-0.0103456201,0.477130562,0.454019517,-0.00874836836,0.468247026,0.461531341,-0.0103671858,0.463704914,0.466095686,-0.0110934507,0.460619628,0.470147669,-0.0115525741
966.6666666666658,0.588377953,0.469414651,3.08435801e-008,0.603981197,0.461865932,-0.00163544517,0.620860517,0.46059069,-0.00187378842,0.635194123,0.462788522,-0.00215174933,0.647067308,0.464014322,-0.00214227964,0.631327868,0.469802976,0.0026266831,0.646914363,0.470132768,0.00141685759,0.655285239,0.470195621,-0.000441855518,0.6616714,0.47031185,-0.00173078571,0.628280938,0.476213187,0.00174429733,0.644119501,0.478521824,0.00199776096,0.653179228,0.479576021,0.000424487778,0.659927189,0.480858117,-0.00105155946,0.622374833,0.481074899,0.000210788479,0.636972368,0.485203326,-0.00106747472,0.645324588,0.487481385,-0.00281011197,0.651929,0.489381045,-0.00417444715,0.614804387,0.484636933,-0.00144068291,0.623698652,0.489204675,-0.00268002809,0.629582167,0.491691262,-0.00299058808,0.635065675,0.493766546,-0.00313143269
983.3333333333325,0.505443,0.436394066,-6.29620223e-009,0.492631316,0.433032215,0.00401831558,0.478632212,0.433352768,0.00466741761,0.469080299,0.434065431,0.00377239054,0.46206376,0.434661776,0.00261806184,0.463717878,0.438057631,0.00274406234,0.449237376,0.443183362,0.000419222721,0.441651493,0.447134465,-0.00161728018,0.436551362,0.450811535,-0.00300557679,0.464824438,0.441871077,-0.00117794401,0.44885096,0.448964894,-0.00316784834,0.440251559,0.453808606,-0.00484441686,0.434270918,0.458320677,-0.00614138646,0.468684047,0.445866585,-0.00499471417,0.454777,0.45412904,-0.00684166234,0.447985232,0.459403515,-0.00850947201,0.44371447,0.463897109,-0.00974163227,0.474347264,0.449933857,-0.00846899487,0.463725239,0.457199574,-0.010107168,0.458353549,0.461945057,-0.0108322827,0.454758614,0.466172874,-0.011209921
983.3333333333325,0.588597238,0.467713386,2.89156059e-008,0.603819907,0.459634542,-0.00182233227,0.62146306,0.457522571,-0.00240373611,0.635876715,0.459146798,-0.00290888478,0.647618532,0.45998463,-0.0030188,0.632736087,0.466986597,0.00186746428,0.647247851,0.466796577,0.00127640727,0.655003905,0.46655491,-0.000264649105,0.660939,0.466735393,-0.00155592465,0.629357159,0.473005265,0.00114249275,0.644169,0.474453896,0.00182100525,0.65203023,0.474977255,0.000941765087,0.657266498,0.475849092,-0.000158407944,0.623222709,0.477708489,-0.000142009958,0.63671875,0.481141,-0.000809248595,0.643353701,0.482621133,-0.000933988,0.647846103,0.483718365,-0.00118757749,0.61555,0.481545955,-0.00164480857,0.625400126,0.485597551,-0.00215457124,0.630626321,0.487311035,-0.00121726363,0.634748161,0.488426775,-0.000444607
999.9999999999991,0.501423061,0.433408588,-1.27528272e-008,0.48534286,0.431303293,0.00352340937,0.470269978,0.433094084,0.00421111239,0.461116463,0.436698437,0.00340163941,0.455085218,0.440575153,0.00231860881,0.459725231,0.435044974,0.00226447522,0.445657939,0.440581739,-0.00114868081,0.439230442,0.44487223,-0.0040034391,0.435091794,0.448818713,-0.00572309038,0.461649597,0.438223064,-0.001634032,0.445997894,0.445089638,-0.00436391775,0.437905639,0.450116038,-0.00662731891,0.432232678,0.454952806,-0.00819656719,0.466175854,0.441685289,-0.00556145515,0.453073174,0.449594676,-0.00772867445,0.446109027,0.454916835,-0.00960654,0.441267848,0.45961529,-0.0109901577,0.472472787,0.445442796,-0.00922857597,0.46238032,0.452181697,-0.0108668078,0.457065105,0.456532419,-0.0115324818,0.453219622,0.460590959,-0.0119377216
999.9999999999991,0.591269,0.466522396,7.6154425e-009,0.603463054,0.457329273,-0.00380903389,0.620711446,0.454219133,-0.00539130392,0.635366321,0.45526582,-0.00652012788,0.647286415,0.456376076,-0.00703861238,0.633324444,0.465323597,-0.000850502169,0.648610532,0.465341687,-0.001784247,0.656187415,0.464341342,-0.00328282127,0.66127634,0.463983,-0.00444794819,0.63020587,0.471708983,-0.000608112663,0.64642179,0.472223967,-0.000390890462,0.651636362,0.470480084,-0.000500775524,0.653191149,0.469850779,-0.000768274476,0.624992,0.476439595,-0.000937101664,0.640371621,0.478109539,-0.0015022814,0.645062268,0.476516545,0.000186211226,0.64664942,0.475706697,0.00139501027,0.618321061,0.480215818,-0.00175942655,0.631150782,0.483688653,-0.0019657521,0.635402083,0.482867479,0.000181476076,0.636657596,0.481803536,0.00202809251
1016.6666666666657,0.501567483,0.430583239,-6.89746127e-009,0.486883342,0.427233219,0.00156350841,0.472609431,0.427369624,0.00112966797,0.464050263,0.428998113,-0.000550373341,0.459484667,0.431202829,-0.00242646202,0.459837496,0.431795031,0.00104630634,0.445923597,0.437094063,-0.00290732016,0.439413369,0.441586345,-0.00641251449,0.435271114,0.445944428,-0.00866767112,0.46119827,0.43529889,-0.00222787261,0.445839465,0.441668421,-0.00547926826,0.437584162,0.446730494,-0.00837966893,0.431894124,0.451676041,-0.0104448944,0.465221286,0.438955396,-0.0057259961,0.451766819,0.446111292,-0.00820765365,0.44449988,0.451217055,-0.0106181679,0.439488679,0.455871552,-0.0123676248,0.471014053,0.442630827,-0.0091769835,0.46040228,0.448860765,-0.0109512983,0.454842,0.453060061,-0.0119203655,0.45090273,0.457098573,-0.0125797223
1016.6666666666657,0.591015816,0.463414133,3.74273519e-008,0.603994131,0.4545497,-0.00362703507,0.621408165,0.451255113,-0.00509098,0.63623637,0.45204559,-0.00626872806,0.648451567,0.452573299,-0.00692992,0.633283079,0.462064683,-6.15822e-005,0.648025632,0.462112099,-0.000976916635,0.656893849,0.461810559,-0.00267726416,0.663492322,0.46147573,-0.00403525215,0.630241394,0.468676269,-0.000119769524,0.64472878,0.470478773,9.28390509e-005,0.652434468,0.470730543,-0.000676562369,0.657072484,0.471168548,-0.00161984074,0.624820113,0.473519057,-0.000810924859,0.638418436,0.476436794,-0.00202055764,0.642541885,0.476045877,-0.00154107518,0.643697441,0.475537062,-0.00106851687,0.617912889,0.47733587,-0.00192650675,0.629392505,0.481415838,-0.00314449,0.63299185,0.481401086,-0.00186384888,0.633549154,0.480728507,-0.000525016803
1033.3333333333323,0.499141783,0.42711091,-1.16752643e-008,0.48775962,0.421440303,-0.000172768618,0.474815488,0.419152796,-0.00130090339,0.463736802,0.418999314,-0.00338376383,0.454990029,0.419927031,-0.00552904559,0.457913578,0.428394616,0.00103217026,0.445059538,0.433611423,-0.00299719744,0.439030468,0.438056111,-0.00683549512,0.435111642,0.44240284,-0.00930779893,0.458822459,0.432157874,-0.00136236916,0.444529235,0.438599885,-0.00449894788,0.436760724,0.443707913,-0.00751627516,0.431375414,0.448655248,-0.00979054719,0.462512016,0.435915083,-0.00424089655,0.449453801,0.442868143,-0.00708594359,0.44226408,0.447969288,-0.00956007373,0.437610686,0.452750504,-0.0113032274,0.468041271,0.439618438,-0.00723282574,0.457447022,0.445574224,-0.00950251613,0.451311529,0.449719,-0.0107146371,0.447217673,0.453725249,-0.0114638275
1033.3333333333323,0.591267705,0.460754633,6.77674947e-008,0.6037063,0.451805651,-0.00408418849,0.621455,0.447877139,-0.00499158306,0.636582553,0.448256671,-0.00542094884,0.648593187,0.44830671,-0.00529846363,0.633437335,0.459254354,0.00104941148,0.648392856,0.458617628,0.000833407626,0.657515585,0.458428919,-0.000639716862,0.664627,0.458416432,-0.00197484321,0.630369425,0.46577096,0.00154396205,0.644073367,0.467934221,0.00267524342,0.652618587,0.469386071,0.00188665453,0.658659041,0.470924079,0.000789954036,0.624899447,0.470389158,0.00124043878,0.637061536,0.47328952,0.000841113273,0.642069936,0.4740071,0.000706975465,0.645412743,0.474402726,0.00049939676,0.617732048,0.4739815,0.000456938287,0.626967609,0.477553964,-0.00014598931,0.630649924,0.478424937,0.000788780744,0.632923126,0.478737593,0.00161631696
1049.999999999999,0.496349454,0.42421481,-1.99519778e-008,0.485733867,0.41841656,0.00136586884,0.473061383,0.415916502,0.00108732306,0.46279633,0.415396541,-0.000313167489,0.45519653,0.416299224,-0.0019260121,0.45667088,0.424129874,0.00261746836,0.445169747,0.430232197,-0.00011950569,0.439366937,0.43480134,-0.00315431203,0.435910255,0.439184725,-0.00515504647,0.457553416,0.428310305,-0.000247646414,0.443677694,0.435259461,-0.00208699936,0.436612666,0.440241486,-0.00439150818,0.431986421,0.445034653,-0.00625443645,0.460923105,0.432471305,-0.00341201946,0.447773755,0.439465255,-0.00516114803,0.44079867,0.444318295,-0.00705201,0.436426163,0.448849231,-0.00852616131,0.465926528,0.436619312,-0.00655989954,0.455203623,0.442586422,-0.00814991724,0.448973089,0.446586609,-0.00880964845,0.444781065,0.450314313,-0.00920963846
1049.999999999999,0.592624664,0.45752877,8.37509759e-008,0.60559845,0.448261589,-0.00449639326,0.622787178,0.444323,-0.00569090806,0.637892604,0.444254428,-0.00649525225,0.650360882,0.443739265,-0.00683312817,0.635355294,0.455743134,0.00241407589,0.649047,0.455740333,0.00242573163,0.657187641,0.45582065,0.000738685252,0.663974047,0.455959201,-0.000900206447,0.632300794,0.46238941,0.00296629104,0.644943893,0.464841455,0.00448383391,0.652864516,0.466662973,0.00314501603,0.658337295,0.468626469,0.00148291921,0.626723588,0.467167258,0.00258030114,0.637670219,0.470345557,0.00264653843,0.643419921,0.47220698,0.00187041052,0.647840261,0.47367835,0.000927733723,0.619169712,0.470885783,0.0016439649,0.626604855,0.474611461,0.00145689992,0.630465508,0.476367086,0.00206420338,0.63348335,0.477514774,0.00244544446
1066.6666666666658,0.495555282,0.422231197,-3.07058912e-008,0.486601323,0.416031837,0.00170950533,0.474763215,0.412994325,0.00143291848,0.464004397,0.412174135,4.69524857e-005,0.456036925,0.412408799,-0.0016310903,0.457786709,0.421072394,0.00262496783,0.446027875,0.426985234,0.000159060524,0.440348864,0.431494623,-0.00259426422,0.437010705,0.435740083,-0.0043960358,0.458136261,0.425474077,-0.000217656067,0.444923669,0.432103664,-0.00174117496,0.438405305,0.436915487,-0.00385999237,0.433932245,0.441572,-0.00561242132,0.460913748,0.429787,-0.00325373211,0.447961539,0.436286211,-0.00481848326,0.441358089,0.440872133,-0.00632711872,0.437315,0.445300519,-0.00748210726,0.465275019,0.433988363,-0.00621665921,0.453878313,0.439529806,-0.00772718713,0.447275639,0.443312466,-0.00816741493,0.442973167,0.446854591,-0.00831241719
1066.6666666666658,0.59516716,0.454096407,7.70405606e-008,0.607670426,0.445108861,-0.00519521348,0.623715043,0.441017538,-0.00715185562,0.637762666,0.440629184,-0.00846866425,0.649448,0.439829946,-0.00932477,0.636685133,0.452454,-0.00134185271,0.650293052,0.452630579,-0.00298651238,0.658731937,0.453038156,-0.00515899761,0.665454268,0.453605026,-0.00687530683,0.633809328,0.459298879,-0.000898817263,0.64675504,0.462106228,-0.00104442902,0.65431881,0.464017779,-0.00241574459,0.659690142,0.465908974,-0.00385603984,0.628170907,0.464302659,-0.00134171278,0.639483869,0.46843648,-0.00300653116,0.645200789,0.47067678,-0.00417458732,0.649369359,0.472238392,-0.005095453,0.620628297,0.468078643,-0.00226934557,0.627845645,0.472390115,-0.00398724806,0.631779552,0.474275708,-0.0039855293,0.634962797,0.475330859,-0.00382428337
1083.3333333333326,0.496814281,0.419502139,-3.2691883e-008,0.488307089,0.413489759,0.00145703752,0.476347297,0.41032362,0.00140740036,0.465872705,0.409009784,0.00026099215,0.457723618,0.409518123,-0.00105975708,0.459792346,0.41850853,0.00340754702,0.448887557,0.423600435,0.00108352571,0.443472892,0.427856445,-0.00186793285,0.439997613,0.432068199,-0.00384805608,0.459433198,0.422787458,0.000666976208,0.447356522,0.428654522,-0.000602859887,0.440713912,0.433164835,-0.00286413473,0.436018,0.43768695,-0.00478902925,0.461517513,0.42701757,-0.00236719,0.449268907,0.432804823,-0.00358997285,0.442774415,0.437035084,-0.00512604881,0.438591242,0.441250026,-0.00635069236,0.465424359,0.431006432,-0.00541703729,0.454343766,0.436175585,-0.00657795602,0.447623521,0.439795762,-0.00694662798,0.443179,0.443150282,-0.00710218213
1083.3333333333326,0.596714437,0.449685305,7.93696699e-008,0.609724104,0.441027343,-0.00504684076,0.625562906,0.436513692,-0.0076105753,0.639194,0.435542494,-0.00966368057,0.651113331,0.434819788,-0.0112973452,0.639333963,0.448444664,-0.00208753953,0.652684867,0.449404716,-0.00412513642,0.661418557,0.4503223,-0.00656070095,0.668189883,0.451209962,-0.00853765104,0.636086464,0.455202639,-0.00205032784,0.648507357,0.458650023,-0.0026612191,0.655650079,0.460856587,-0.00413069781,0.660553038,0.46287933,-0.00569152,0.630081952,0.460288465,-0.00285717915,0.641391933,0.464805543,-0.00472361315,0.647256792,0.467154264,-0.00572926737,0.651234865,0.468676716,-0.00664173113,0.621968865,0.464291066,-0.00416412205,0.629066825,0.469089568,-0.00604114775,0.633623958,0.471281141,-0.0061292327,0.63714236,0.472448915,-0.0060767578
1099.9999999999993,0.494768471,0.41896683,-1.47733124e-008,0.488387316,0.411464453,8.46513503e-005,0.477340102,0.407628596,0.000230555917,0.46703884,0.405889332,-0.00050297915,0.458964258,0.406242788,-0.00117407029,0.458701074,0.416430116,0.00544104865,0.449867964,0.420917302,0.00461298414,0.444493353,0.424794227,0.00238770805,0.440758795,0.428554296,0.0007009377,0.457607776,0.421121567,0.00387270725,0.448013186,0.426097572,0.00437248405,0.442867398,0.429718137,0.00300032902,0.438533694,0.433328241,0.00159361539,0.458843827,0.425618172,0.00172746775,0.449002355,0.430347055,0.00186280743,0.444006413,0.433353633,0.00126486074,0.440594405,0.436502904,0.000605820562,0.461960226,0.429636538,-0.000705661718,0.452267498,0.433766603,-0.00075476733,0.446448565,0.436690241,-0.000333996082,0.442718387,0.439542949,4.23366e-005
1099.9999999999993,0.59854,0.445091963,8.82162823e-008,0.611672938,0.437535167,-0.00568580069,0.62721777,0.433099747,-0.00903135072,0.640152693,0.431252092,-0.0118336361,0.651842117,0.429997057,-0.0143660828,0.639941,0.444178671,-0.00469014281,0.654015601,0.445919901,-0.00795802567,0.662778854,0.447151065,-0.0107718464,0.669914186,0.448298126,-0.0130444728,0.636988282,0.450944483,-0.00507461932,0.649813175,0.455228299,-0.00717613799,0.656472206,0.457890153,-0.00929463096,0.661810637,0.460369229,-0.0112616504,0.630907536,0.456026375,-0.00623908592,0.641804099,0.461407363,-0.00953687448,0.64739573,0.464541435,-0.0109635228,0.651793599,0.46693325,-0.0121067101,0.622607827,0.459824532,-0.00788348913,0.628791,0.465057164,-0.0110179493,0.632622719,0.468192071,-0.0115100397,0.635779738,0.470674515,-0.0117079439
1116.666666666666,0.493310541,0.416961342,-8.72595418e-009,0.488323539,0.409798026,-0.00239271089,0.478702366,0.405514687,-0.00384537573,0.469278634,0.40340057,-0.00568233058,0.461546093,0.403876781,-0.00739024859,0.459749281,0.414189398,0.00113131,0.451701492,0.417807192,-0.00128029531,0.446849883,0.421031326,-0.00418673456,0.44364956,0.424098164,-0.00617785566,0.458582968,0.418882489,0.00045553525,0.449605495,0.422981888,-0.00104874582,0.444892377,0.426097691,-0.00299706194,0.441366553,0.429226935,-0.00452896394,0.459707141,0.423317045,-0.000888752169,0.45031476,0.427138537,-0.0025745288,0.445376903,0.429780215,-0.00376395253,0.442199856,0.432577759,-0.00452600606,0.462658495,0.427140594,-0.00260683289,0.453341931,0.430742174,-0.00419922499,0.44721508,0.433566511,-0.00465857331,0.443061054,0.436345786,-0.004743319
1116.666666666666,0.605306387,0.44201231,9.4720555e-008,0.615972042,0.433401,-0.00594160566,0.62923336,0.42869705,-0.00886741653,0.641387582,0.427098811,-0.0114235813,0.652961493,0.426176459,-0.0137183722,0.641577959,0.440266252,-0.00247724517,0.655227304,0.441958606,-0.00498426612,0.663451552,0.443521529,-0.00763619784,0.669983745,0.445161253,-0.00972467,0.638137341,0.447162658,-0.00263208314,0.650986314,0.451209,-0.00417562248,0.658367515,0.453923404,-0.00654691597,0.663948715,0.456690967,-0.00873659085,0.632370353,0.452081352,-0.0037563541,0.642060816,0.457229912,-0.00712223537,0.646418929,0.460401535,-0.00897559524,0.64945817,0.463053793,-0.0102194389,0.625063837,0.455740035,-0.00541450968,0.630565822,0.46083957,-0.00874316,0.633671165,0.464017838,-0.00939386338,0.636006057,0.466663837,-0.00964636635
1133.3333333333328,0.495998889,0.415840924,-2.6154952e-008,0.491433054,0.408376276,8.16651445e-005,0.481638968,0.404193461,0.000316571764,0.472347289,0.402302831,-0.00028707803,0.465303719,0.403224468,-0.000805068063,0.462970942,0.411564916,0.00448355451,0.454727173,0.414664894,0.00331572955,0.450042129,0.417482823,0.00119007891,0.44726184,0.420104831,-0.000309148,0.460883558,0.415980428,0.00294986204,0.450966567,0.420194149,0.00243473705,0.446317017,0.423456907,0.000905346649,0.44348824,0.426733017,-0.000254391722,0.460921407,0.420484781,0.000922180596,0.450832695,0.424385428,-2.80096338e-005,0.446311235,0.427286506,-0.00102307368,0.443875939,0.43042016,-0.00158373383,0.463125229,0.42466265,-0.00126373861,0.453634441,0.428148717,-0.00206943485,0.448120892,0.430806071,-0.0020741066,0.444924295,0.433602035,-0.00183095073
1133.3333333333328,0.603009522,0.436301857,8.63975345e-008,0.613837242,0.427458376,-0.00444704201,0.628506303,0.423385292,-0.0069004735,0.641346276,0.422533363,-0.00911909435,0.652593613,0.421742767,-0.0111978408,0.643261194,0.435798615,-0.00171891809,0.656708837,0.437510312,-0.00384706375,0.664989471,0.439319223,-0.00641668355,0.671228111,0.441111535,-0.00839655753,0.639853835,0.442692578,-0.00227747299,0.652647793,0.447766215,-0.00307137449,0.659632266,0.450963855,-0.00491865,0.664459,0.454068,-0.00673816307,0.633919358,0.447578967,-0.00361549226,0.644169748,0.453367144,-0.00589600764,0.649093509,0.456798,-0.00731925201,0.652264476,0.459644735,-0.00841881707,0.626150846,0.451246381,-0.00540680345,0.632231116,0.456784964,-0.00764146214,0.635660112,0.46015653,-0.00774626527,0.637963,0.462860525,-0.00764768058
1149.9999999999995,0.496691197,0.414666027,-3.27032836e-008,0.491523474,0.407251358,0.000417767238,0.481916785,0.403095663,0.000864042435,0.472649097,0.401532441,0.000448098173,0.465602368,0.402542949,6.16337e-005,0.463966161,0.409850478,0.00431992,0.454933614,0.413512975,0.00284738163,0.450201154,0.416774809,0.000492460735,0.447439343,0.419756293,-0.00107005297,0.461948901,0.414157271,0.00283129839,0.451840222,0.418576,0.00172761525,0.447231531,0.422215939,-0.000443320052,0.444695711,0.425731301,-0.00192066829,0.461852729,0.418672055,0.000957630691,0.45186916,0.422627568,-0.000176567803,0.4473418,0.425842822,-0.00164625957,0.444935,0.429162681,-0.00246013771,0.463892072,0.422935,-0.00100143929,0.454245597,0.42629385,-0.00190035824,0.448662221,0.428925067,-0.00222106883,0.445211679,0.431668878,-0.00212345854
1149.9999999999995,0.603082061,0.432375312,8.08013141e-008,0.613526821,0.423395336,-0.00509164296,0.627261043,0.418761373,-0.00856015459,0.639427066,0.417945355,-0.0116171306,0.65014261,0.417992324,-0.0144959129,0.644545138,0.431586266,-0.00371004245,0.656828403,0.433515966,-0.00650956761,0.664566636,0.435864449,-0.00951857772,0.669626176,0.438052028,-0.0117876548,0.64109391,0.438522518,-0.00422341563,0.653608,0.443668723,-0.00562267937,0.659404039,0.446903259,-0.00758068822,0.662044704,0.449861079,-0.0093857469,0.634883642,0.443680823,-0.00551656,0.646297753,0.449570507,-0.00812742766,0.651074648,0.453087717,-0.00978235,0.653242469,0.455938905,-0.0110832313,0.626499712,0.447552413,-0.00728864316,0.632847309,0.453080893,-0.00996327307,0.636196434,0.456458807,-0.0106202308,0.637877882,0.459237516,-0.0108879264
1166.6666666666663,0.498427302,0.414203137,-3.80627263e-008,0.494181514,0.406859428,-0.000807156379,0.484170973,0.402827978,-0.000840025779,0.474506289,0.401394218,-0.00147011527,0.467148572,0.402238697,-0.00206448254,0.465035886,0.409177065,0.0024754745,0.45547539,0.412901223,2.431547e-005,0.45035103,0.416619837,-0.00309171481,0.44735536,0.420300424,-0.00511354581,0.463281929,0.413216591,0.00140964042,0.453237087,0.417533934,-0.000555499922,0.448492467,0.421311975,-0.00324806664,0.445931613,0.4251481,-0.0050416328,0.463476449,0.417545497,-9.92447822e-005,0.453596473,0.421482503,-0.00203805324,0.448811799,0.424858719,-0.00385484705,0.446366459,0.428516209,-0.00480068149,0.465831339,0.42174232,-0.00177956279,0.456099749,0.425016373,-0.00346510671,0.450363189,0.427807152,-0.00419456512,0.447082937,0.430789798,-0.00427811407
1166.6666666666663,0.603991151,0.428132504,9.23607644e-008,0.613702297,0.418894023,-0.00613889052,0.626275063,0.414380044,-0.00988263637,0.638524473,0.41431433,-0.0130697051,0.649921179,0.414291233,-0.0160662774,0.642231,0.427161664,-0.00457006367,0.654427528,0.429813206,-0.00763223832,0.662134826,0.43220672,-0.0107770879,0.667895555,0.434505612,-0.0131754428,0.639223099,0.434221447,-0.0046368083,0.651754379,0.43978107,-0.00617736531,0.658145607,0.443481266,-0.00824930891,0.662034869,0.447072119,-0.0103952819,0.633566082,0.439443141,-0.00561390771,0.644878328,0.445658028,-0.00854337681,0.650403917,0.449532866,-0.0104348604,0.65334326,0.452762783,-0.0119558088,0.625930548,0.443443924,-0.0071775578,0.632654965,0.449297637,-0.0100148991,0.636840522,0.45302543,-0.0109460521,0.639398098,0.456157684,-0.0115553802
1183.333333333333,0.499498248,0.414096862,-3.62629642e-008,0.49488917,0.406782329,1.89517723e-005,0.484985322,0.402925491,0.000359939731,0.475926042,0.401457667,-0.000100847414,0.468351483,0.401670247,-0.000492043502,0.465628266,0.408993423,0.00449689571,0.455977529,0.412619501,0.00265072426,0.451132238,0.416237712,-0.00026105388,0.448204368,0.419801235,-0.00216117944,0.463655472,0.412827164,0.00314362557,0.453549981,0.417015344,0.0019744481,0.449044,0.420885354,-0.000521362934,0.446588784,0.424765408,-0.00222324673,0.463540375,0.417075962,0.00130918936,0.45345059,0.420776486,0.000138463234,0.449110508,0.424155444,-0.00152621255,0.446906358,0.42773056,-0.00244673132,0.465589,0.421328306,-0.000658963807,0.455932826,0.424571037,-0.00150344544,0.450657159,0.427288771,-0.00179162226,0.447724313,0.430200934,-0.00164118863
1183.333333333333,0.604717731,0.424845457,9.27186576e-008,0.61484617,0.416665882,-0.00430242717,0.627389073,0.412647486,-0.00747495936,0.638850391,0.411580145,-0.0102877021,0.64906913,0.410716355,-0.0129838903,0.642921567,0.423304677,-0.00459253695,0.655059695,0.427159309,-0.00707094185,0.661554158,0.42998004,-0.00922271144,0.666230917,0.432286114,-0.0108359354,0.639761329,0.430037141,-0.00511678914,0.651592553,0.436099738,-0.00618372764,0.657178,0.439971536,-0.00743126264,0.660845876,0.44362,-0.00897240266,0.63392961,0.435230017,-0.00624236139,0.644232213,0.441917181,-0.00868318137,0.649942636,0.446071,-0.0101122437,0.653741717,0.449540764,-0.0113868732,0.626448452,0.439391553,-0.00770734902,0.63272953,0.445666492,-0.00984217,0.636929154,0.44955948,-0.0102334078,0.640239954,0.452907503,-0.0105718253
1199.9999999999998,0.501946688,0.414246559,-3.82352816e-008,0.496694028,0.407388926,-0.000986670377,0.486031026,0.403382927,-0.00148506858,0.476367474,0.401799172,-0.00258556404,0.468500257,0.402245581,-0.00364645896,0.468311191,0.408711433,0.00180808408,0.457284689,0.412461191,-0.00141371472,0.451628864,0.416393191,-0.00498416694,0.448708355,0.420380175,-0.00716694584,0.467025071,0.412667066,0.000573591155,0.455466151,0.416849941,-0.00219618669,0.449687272,0.421045065,-0.00535165053,0.44679907,0.425432563,-0.00736616133,0.467353702,0.416975826,-0.00114312931,0.455422461,0.420399845,-0.00373009895,0.449823141,0.424107522,-0.00575273205,0.447378576,0.428205669,-0.00666078506,0.469412804,0.421161056,-0.00301460247,0.458032608,0.423824698,-0.00517511833,0.451687664,0.426459402,-0.00605564937,0.448395699,0.429420322,-0.00612107944
1199.9999999999998,0.603247344,0.421776593,8.6543551e-008,0.613585532,0.413769573,-0.00273347273,0.626721799,0.410235316,-0.00493855,0.638048351,0.409184605,-0.00707241707,0.647370815,0.407791764,-0.00912542455,0.643133759,0.420581728,-0.00235645776,0.655328453,0.42451632,-0.00434151711,0.661264896,0.427304655,-0.0063762865,0.664681137,0.429474324,-0.00784470327,0.640088141,0.427125961,-0.00338154193,0.651819408,0.433029503,-0.00396089256,0.657021463,0.436926574,-0.00521009089,0.660076678,0.440545082,-0.00670564547,0.63416636,0.432282865,-0.00491721276,0.644212425,0.438964605,-0.00680374028,0.648935437,0.443077534,-0.00817807578,0.651702821,0.44647029,-0.00943707,0.626462,0.436359286,-0.00667727506,0.632290661,0.442624062,-0.00833091792,0.636064351,0.446505904,-0.00855905656,0.638870299,0.449762821,-0.00877464376
1216.6666666666665,0.502465189,0.414435744,-3.63996229e-008,0.496934682,0.407478839,-5.49435526e-006,0.485959619,0.403763831,0.000410754204,0.4764193,0.402464062,5.84725058e-005,0.468827635,0.403225243,-0.000322909036,0.467739433,0.408855021,0.00422545616,0.457662791,0.412652403,0.00219657179,0.452377051,0.416512489,-0.000914764532,0.449297309,0.420358509,-0.00296726171,0.466340333,0.412841797,0.00278170081,0.455889434,0.41709134,0.00117515866,0.45049414,0.421125531,-0.00175053533,0.447158307,0.425402671,-0.00375706796,0.466690153,0.417078257,0.000876323553,0.4559021,0.420660377,-0.000834767183,0.450584739,0.424155623,-0.00275082467,0.447519839,0.428062171,-0.0037787559,0.468991101,0.421133518,-0.00114856905,0.458392918,0.424036622,-0.00283441273,0.452356845,0.426676601,-0.00354609545,0.448644221,0.42950508,-0.00358192809
1216.6666666666665,0.603633642,0.419762671,7.88435486e-008,0.613260329,0.411955982,-0.00263701286,0.625789642,0.408555359,-0.00485658972,0.637065947,0.40731439,-0.00712074153,0.645792484,0.40530929,-0.00926361326,0.642009437,0.418457,-0.00141008501,0.654090106,0.42201364,-0.00325987535,0.660135,0.424862087,-0.00533896592,0.663535893,0.427217573,-0.00685089873,0.639428377,0.424674898,-0.00248264871,0.651114762,0.429750443,-0.00307313283,0.656368554,0.433398694,-0.00434611272,0.659334123,0.436820477,-0.00579248462,0.63414818,0.429793417,-0.00410937797,0.644461811,0.43574059,-0.00583964773,0.649320781,0.43964833,-0.00702530146,0.652019322,0.442886293,-0.00810833834,0.62697947,0.433915854,-0.00601547491,0.633291364,0.439904511,-0.00741558615,0.637502,0.443755597,-0.00750853168,0.640510082,0.447023332,-0.00761179626
1233.3333333333333,0.502928555,0.414212197,-3.34705454e-008,0.497529626,0.407315731,-0.000196486712,0.48666358,0.403634906,4.96938628e-006,0.476789296,0.40232259,-0.000599508057,0.4694736,0.402910888,-0.00121035404,0.468390226,0.408810079,0.00381322368,0.457992077,0.412365824,0.0014842177,0.452295899,0.416074276,-0.00177955057,0.449000716,0.419935256,-0.00395551184,0.467083752,0.412724018,0.0022051672,0.455946624,0.41671446,0.000250178156,0.450100243,0.420706,-0.00277931,0.446918398,0.425040573,-0.00482387887,0.46748364,0.416909933,0.000113959,0.456038296,0.420300215,-0.00194064574,0.450384378,0.423874885,-0.00390628865,0.447432846,0.42795068,-0.00490120379,0.469915539,0.421021819,-0.00211468153,0.458853632,0.424032867,-0.00406214176,0.452687651,0.426692873,-0.00484230602,0.449087501,0.429628044,-0.00489613833
1233.3333333333333,0.601644218,0.418275744,6.89748276e-008,0.611370087,0.410697043,-0.00202624151,0.624258041,0.407836497,-0.0041666124,0.635267794,0.406673133,-0.0065252455,0.643389702,0.404468656,-0.00885280408,0.641003191,0.41737178,-0.00165983022,0.653717041,0.420414954,-0.00405191025,0.659407854,0.423548132,-0.00637680432,0.662284195,0.426257372,-0.00799108576,0.639163196,0.423317939,-0.00320753781,0.651405931,0.428383708,-0.00478259,0.655947447,0.432156175,-0.00658163242,0.657785475,0.435653687,-0.00809424836,0.634411156,0.428474277,-0.00519592175,0.645281911,0.434786171,-0.00746761961,0.649944782,0.439054757,-0.00899803173,0.652041554,0.442695796,-0.0101333447,0.627639353,0.432693213,-0.00738887582,0.635101199,0.438794285,-0.00898942258,0.639962435,0.442626387,-0.00929798279,0.643413901,0.446094096,-0.00946376752
1250.0,0.502952576,0.41434142,-3.84185164e-008,0.498378158,0.4074471,0.00041844204,0.487635851,0.403904796,0.000972597161,0.477690786,0.402876019,0.000702063,0.470230341,0.402887791,0.00039384811,0.467926353,0.409012169,0.00449641142,0.457591593,0.41256687,0.00279169017,0.452289075,0.416119456,-5.55459774e-005,0.449160397,0.419752866,-0.00199351204,0.466370463,0.41291365,0.00288592908,0.455175698,0.41694802,0.00165388815,0.449810386,0.420701295,-0.000915376178,0.447076857,0.424707353,-0.00271226722,0.466742158,0.417037755,0.000851136,0.455334872,0.420657247,-0.000596203783,0.449997,0.424045146,-0.00244765915,0.447377831,0.427874506,-0.003470856,0.469218165,0.421112567,-0.0012497647,0.458223492,0.424363315,-0.0025602642,0.452279598,0.426947683,-0.00317928707,0.44880867,0.42981416,-0.00323833735
1250.0,0.601411581,0.417019516,7.6899795e-008,0.610831261,0.409680486,-0.00187520019,0.623903215,0.407175928,-0.00378394383,0.635062516,0.405968457,-0.00595633872,0.642587364,0.403365284,-0.00812766235,0.640155911,0.416523278,-0.000996660092,0.652958035,0.419494689,-0.00317221927,0.658965886,0.422720253,-0.00542226806,0.662235141,0.42564556,-0.00700280396,0.638317704,0.422185957,-0.00248715351,0.650524497,0.426973075,-0.00385023374,0.655618906,0.430996746,-0.00545532349,0.657738268,0.43478483,-0.00681373,0.633727193,0.427165449,-0.00443810644,0.644916773,0.433151364,-0.00658378424,0.650223136,0.437219143,-0.00789496396,0.65274179,0.440599382,-0.00879952,0.627208114,0.431278318,-0.0066146832,0.635147,0.437319845,-0.00812713709,0.640379131,0.441206366,-0.00829860754,0.643956423,0.444615901,-0.00830581225
1266.6666666666667,0.504654109,0.414182544,-4.96254202e-008,0.498772413,0.407673329,0.000492764753,0.487256914,0.404136062,0.000957351644,0.47740835,0.403077245,0.000614041637,0.470010251,0.403005481,0.000171698819,0.470455438,0.408757031,0.00324593112,0.458476365,0.412236512,0.000755206624,0.452346444,0.415968,-0.00234493613,0.448649287,0.419853866,-0.00440579,0.469450474,0.412204862,0.00137382036,0.456794381,0.416110247,-0.000788126257,0.450271636,0.42002368,-0.00376173528,0.44648084,0.424229026,-0.0058086114,0.470116884,0.415930092,-0.000883995,0.457340151,0.419532448,-0.00288606063,0.450801253,0.422985315,-0.0049465145,0.446947813,0.426880121,-0.00619433634,0.472428,0.419736,-0.00317915366,0.460784078,0.422956944,-0.00500167813,0.454220831,0.425552547,-0.00592790963,0.449799806,0.428355902,-0.00628237706
1266.6666666666667,0.601278901,0.416346669,8.01972533e-008,0.610232592,0.40920803,-0.0020104968,0.623204887,0.406683713,-0.00423443643,0.634219289,0.405484498,-0.00659488421,0.641635478,0.402979583,-0.00894207228,0.639968,0.415732712,-0.00238156132,0.652529836,0.41862762,-0.00481762039,0.658462822,0.421596795,-0.00708526466,0.661746442,0.424370706,-0.00866914261,0.638456106,0.421229213,-0.00387985026,0.650775313,0.426194847,-0.0054021636,0.656235278,0.430213213,-0.00686940597,0.658784747,0.434103429,-0.00819158368,0.633872449,0.426178843,-0.00576584134,0.645245612,0.432541311,-0.007910138,0.650403082,0.436658233,-0.00908907503,0.652852535,0.440147161,-0.0100003919,0.627301097,0.430368036,-0.0078659514,0.635627687,0.43664366,-0.00937153772,0.640951931,0.440621614,-0.00948621519,0.644775271,0.444156408,-0.00951016787
1283.3333333333335,0.504304349,0.41394,-4.20312034e-008,0.499079227,0.407547653,0.000370579568,0.488195539,0.404082119,0.000982492,0.478670418,0.402987242,0.000777451321,0.471600264,0.40320909,0.000565153081,0.470307171,0.408882171,0.00391677674,0.458652258,0.412180096,0.00172272953,0.452661484,0.415662438,-0.00122359535,0.449087501,0.419345409,-0.0031397664,0.468946576,0.412458867,0.00225558458,0.456536949,0.416125089,0.000450593769,0.450367093,0.419820338,-0.0023169748,0.446877331,0.423863769,-0.00418368,0.469200462,0.416263729,0.000160159849,0.456918716,0.419584036,-0.00155495654,0.450762302,0.422895253,-0.00356337475,0.447293669,0.426719189,-0.00473488122,0.471171767,0.420037478,-0.00200529466,0.460131288,0.423239887,-0.00349127757,0.453913301,0.425838679,-0.00427827053,0.449923724,0.428699881,-0.00451390538
1283.3333333333335,0.601367891,0.415118814,9.68545919e-008,0.610001922,0.408105582,-0.00248737261,0.622389317,0.40557605,-0.00520295976,0.633369744,0.4041861,-0.007867123,0.641096652,0.401748598,-0.0105580632,0.640183926,0.41438362,-0.00355094462,0.652948499,0.418180346,-0.00624025054,0.659155846,0.421756208,-0.00862967595,0.662601709,0.425015539,-0.0102641955,0.638481617,0.420110673,-0.00487657543,0.650648177,0.425924063,-0.00633486966,0.656080365,0.43026045,-0.0078278305,0.658889353,0.4343234,-0.00929093733,0.633692682,0.42517668,-0.00656631403,0.64525336,0.432013631,-0.00867099874,0.6509462,0.436565071,-0.00999421719,0.653935611,0.440440357,-0.0111104427,0.626897812,0.429280311,-0.00846776087,0.635645,0.435519755,-0.00990554,0.641011417,0.43953675,-0.00997137092,0.644695818,0.443076521,-0.0100218635
1300.0000000000002,0.505516708,0.413507313,-4.37332552e-008,0.499603599,0.407273591,0.0008466203,0.488955975,0.403786361,0.00142685755,0.47906059,0.402525485,0.00111959374,0.471408397,0.402963102,0.000724616111,0.470526546,0.40794915,0.00426745508,0.458602697,0.411938459,0.00216336758,0.452286959,0.415836781,-0.000852589612,0.448517799,0.419828475,-0.00284719397,0.469453812,0.411432445,0.00228696922,0.457069844,0.415675402,0.000524329196,0.450410217,0.4197146,-0.00255073654,0.446606755,0.424089849,-0.00470929826,0.47019577,0.415357411,-5.2519259e-005,0.457685381,0.419081956,-0.00175134838,0.451048881,0.422601312,-0.00393082388,0.447172344,0.426582456,-0.00527773751,0.472656488,0.419367969,-0.00241645379,0.460800111,0.422723949,-0.00408317288,0.453949243,0.425497681,-0.00502272462,0.449365109,0.428504109,-0.00535575
1300.0000000000002,0.601001084,0.41506657,9.40829636e-008,0.609476924,0.407633364,-0.00221042614,0.621571779,0.404858828,-0.00476231752,0.631977201,0.403422028,-0.00736644026,0.639168739,0.400749534,-0.0101002641,0.638673127,0.413502216,-0.00351764611,0.651531339,0.416802198,-0.00604529586,0.658335626,0.41980058,-0.00831932295,0.662622929,0.422563314,-0.00998595636,0.637552261,0.419193149,-0.00502449181,0.650645375,0.424781799,-0.00671194913,0.65626049,0.429199249,-0.00827332214,0.658885658,0.433330983,-0.00970843062,0.633220673,0.424248219,-0.00683604646,0.645890832,0.430885315,-0.00913344231,0.651461661,0.435441762,-0.0106454231,0.654273868,0.439342558,-0.011852419,0.626949668,0.428474486,-0.00880681537,0.636343837,0.434756905,-0.0104191378,0.64180547,0.438793421,-0.0106936311,0.645720422,0.442356467,-0.010921713
1316.666666666667,0.505733788,0.413382113,-4.25920028e-008,0.500584602,0.40713644,0.000990797649,0.490281701,0.403488457,0.00149311905,0.480553955,0.401932865,0.00110849168,0.472915769,0.401922047,0.000702859717,0.470884651,0.407705486,0.00454070885,0.459075809,0.411226392,0.00267457822,0.453199267,0.414929152,-0.000183038705,0.449532747,0.418834388,-0.00209409883,0.469584465,0.411247045,0.00265277713,0.457063854,0.415267646,0.00133606442,0.450666785,0.419173,-0.0013000234,0.446752757,0.423335403,-0.00323980604,0.470173925,0.415236145,0.000390782574,0.45754829,0.418846,-0.000898159808,0.451024741,0.422289312,-0.00282227411,0.447154313,0.426169813,-0.00409947429,0.47244665,0.419293106,-0.00188082515,0.460761219,0.422460675,-0.00304587651,0.45420903,0.425097227,-0.00375348749,0.449859619,0.427957982,-0.00401952676
1316.666666666667,0.600773752,0.414221674,9.37449869e-008,0.608976126,0.406958729,-0.00233890605,0.620627284,0.404407769,-0.0049317088,0.630749,0.402873218,-0.00762284407,0.637477,0.399910331,-0.0105304774,0.637748241,0.412845194,-0.00325193186,0.65050137,0.415703982,-0.00601309584,0.657457411,0.418684,-0.00864919368,0.662089109,0.421658933,-0.0105563505,0.636909127,0.418529361,-0.00483949622,0.649961,0.424022675,-0.00656740647,0.655683398,0.428276807,-0.00842904299,0.65881145,0.432441086,-0.0101327803,0.63305825,0.423447669,-0.00677772285,0.64584291,0.429974079,-0.00923209265,0.651826322,0.434387863,-0.0110159144,0.655343652,0.438337713,-0.0124325193,0.627239168,0.427520275,-0.00890256464,0.636738837,0.433734536,-0.010535473,0.642106,0.437709421,-0.010777765,0.646049559,0.441187322,-0.0110335089
1333.3333333333337,0.599673927,0.412774831,9.2426923e-008,0.607963443,0.405855,-0.00173352822,0.619594574,0.403341562,-0.00402441667,0.629466891,0.401739687,-0.00648132199,0.63572526,0.398902208,-0.00919195544,0.636991203,0.411883324,-0.00264369044,0.64949739,0.414824158,-0.00512886466,0.656701267,0.417694867,-0.00754422974,0.661763,0.420356423,-0.00931775197,0.636101544,0.417081296,-0.00445055543,0.648930728,0.422644675,-0.0058849589,0.655229867,0.426810056,-0.00739588961,0.659352899,0.430728883,-0.00891242,0.63232255,0.421683758,-0.00662138872,0.645256639,0.428007722,-0.00890804175,0.651801646,0.432354927,-0.0105743315,0.656057119,0.436063439,-0.0118926447,0.626768827,0.425580144,-0.00894443132,0.637036,0.431745231,-0.0106081516,0.643031716,0.435792983,-0.0109291878,0.647573888,0.439239115,-0.0112347426
1350.0000000000005,0.537616789,0.421927541,-9.20297e-008,0.52422148,0.413368881,0.00544298,0.503489,0.407262325,0.00802883133,0.48852402,0.403719068,0.00861970801,0.47622329,0.402589917,0.00948598515,0.489959598,0.405699492,0.0097576119,0.46841,0.407998383,0.00723367045,0.458185226,0.413209766,0.00418376783,0.45331043,0.418681502,0.0028211663,0.486175239,0.410158426,0.00574082648,0.464276969,0.412974536,0.00477158651,0.454728067,0.417982072,0.00240932242,0.449517041,0.42296198,0.000971112342,0.483725429,0.416264355,0.0013641502,0.463127315,0.418003798,0.00206794054,0.453840345,0.421688199,0.00167139049,0.448555142,0.425507247,0.00108990783,0.482709795,0.423305094,-0.00287039974,0.466227025,0.423303723,-0.000890751428,0.457766116,0.425043374,0.000684657076,0.451951981,0.42738542,0.00174669945
1350.0000000000005,0.599147558,0.411569536,9.85682078e-008,0.60658288,0.404765755,-0.0018372481,0.617507,0.402186513,-0.00470190868,0.627411664,0.400355726,-0.0077022668,0.633710623,0.397313476,-0.0109727141,0.636279106,0.410440147,-0.00395249901,0.649361134,0.413245,-0.0068171327,0.656667531,0.416013777,-0.00925827306,0.661633968,0.418600082,-0.011005762,0.635795832,0.415248364,-0.00590027962,0.649499118,0.420965016,-0.00772205042,0.655915,0.425108224,-0.00911505055,0.659859538,0.428955585,-0.010450948,0.632217228,0.419805348,-0.00816183444,0.646034062,0.426278591,-0.0104807029,0.652885079,0.43061626,-0.0120140631,0.657144189,0.4342722,-0.0132732186,0.626750886,0.423933983,-0.010591438,0.637759864,0.429873347,-0.0123700965,0.644303858,0.433783293,-0.0127923759,0.649294138,0.437134832,-0.0131570566
1366.6666666666672,0.597752929,0.410353333,9.04668696e-008,0.604591191,0.403407812,-0.00127642846,0.614856839,0.400401205,-0.00345453201,0.623606265,0.398108304,-0.00594110414,0.629320502,0.395159066,-0.00863594562,0.634582758,0.408124357,-0.00123806659,0.647199333,0.410349071,-0.00312011642,0.654618323,0.41251269,-0.00523471786,0.659985483,0.414416432,-0.00687849429,0.63477391,0.413207382,-0.00322472444,0.64805609,0.418559432,-0.00401154906,0.654810369,0.422398925,-0.00520570902,0.659418702,0.425897092,-0.00653107651,0.632107377,0.417783946,-0.00565065024,0.64536196,0.423593849,-0.00734831393,0.652434707,0.427485526,-0.00896387268,0.657388866,0.430713505,-0.0103409979,0.62767446,0.42180568,-0.00824873149,0.638309717,0.427377582,-0.00956029,0.644638777,0.431112736,-0.00979530439,0.649812579,0.434183776,-0.0100886086
1383.333333333334,0.596661687,0.409226239,9.89498048e-008,0.602478,0.401894897,-0.00166864332,0.612500608,0.398167729,-0.00428046566,0.621094227,0.394909441,-0.00713564549,0.626450241,0.391226143,-0.0102267079,0.63257122,0.405622,-0.00175519916,0.645286739,0.406993955,-0.00375677925,0.65335989,0.408712178,-0.00591149647,0.659346879,0.410295516,-0.0075600706,0.633709133,0.41063416,-0.00354480231,0.648070037,0.415358305,-0.0044920831,0.655268729,0.418819815,-0.00563630927,0.659838498,0.422023416,-0.00679171784,0.631745338,0.415344805,-0.00574208517,0.646187723,0.420449972,-0.00724172872,0.653371394,0.423848838,-0.0085253492,0.658023059,0.426693916,-0.00961284898,0.627691329,0.419648916,-0.00816136319,0.639514327,0.424743325,-0.0092199361,0.646600842,0.428202599,-0.00923428405,0.652288854,0.430983156,-0.00931238569
1400.0000000000007,0.594762325,0.408302605,9.98052698e-008,0.600305855,0.400500864,-0.00257401611,0.610106707,0.39622122,-0.00562902261,0.618490577,0.392859131,-0.00872051436,0.623746276,0.389122754,-0.0119163152,0.630657554,0.403035223,-0.00306593929,0.644143343,0.403699517,-0.00573281432,0.652577698,0.405011147,-0.00830445,0.658843637,0.406287104,-0.0101579325,0.631885648,0.408169717,-0.00452686427,0.647242,0.41200909,-0.0060558375,0.655379593,0.415028542,-0.00752121,0.660855293,0.417939454,-0.00882870238,0.629989,0.413054079,-0.00644132169,0.645390153,0.416969299,-0.00834191591,0.653249443,0.419873208,-0.00967031624,0.658498526,0.422483921,-0.010705065,0.62600255,0.417502791,-0.00865517184,0.638298035,0.421528369,-0.0100967325,0.645812094,0.424410641,-0.0102277324,0.651806653,0.426893324,-0.0102803037
1416.6666666666674,0.593344688,0.407654285,9.0270234e-008,0.597913504,0.399557203,-0.00252595497,0.607567072,0.394975066,-0.00525471056,0.616103172,0.391581625,-0.00801300909,0.621025145,0.387747377,-0.0108888112,0.628575087,0.400995135,-0.00260571437,0.641997159,0.400631458,-0.00506323716,0.650357902,0.401366442,-0.0074881739,0.656546295,0.402232081,-0.00920291711,0.630488694,0.406136334,-0.00396243716,0.646192491,0.408868164,-0.00528915552,0.654756367,0.411256313,-0.00662353402,0.660557747,0.413731933,-0.00782970432,0.62925458,0.411082208,-0.00580023415,0.645124674,0.414072484,-0.00765763782,0.653341532,0.416320324,-0.00894627068,0.658874,0.41840291,-0.00990529545,0.625920117,0.41564858,-0.00792561565,0.638996,0.418997109,-0.00927871652,0.6470806,0.421394914,-0.00935764052,0.653568506,0.423425078,-0.00937328208
1433.3333333333342,0.592458487,0.407478422,8.03908193e-008,0.596036792,0.399045348,-0.0022931858,0.605035365,0.394267619,-0.00501035061,0.613469779,0.390893459,-0.00782448426,0.618274,0.387062788,-0.010835249,0.625921369,0.399929047,-0.00256330497,0.638812184,0.398820817,-0.00505905785,0.646944225,0.398909509,-0.00755167613,0.653036177,0.39927122,-0.00930470228,0.628421307,0.405058861,-0.00410134299,0.644639194,0.406802118,-0.00547603052,0.654095113,0.408587039,-0.00685641263,0.660614192,0.410706908,-0.00809367094,0.62758714,0.410063088,-0.00608216412,0.644150913,0.411926299,-0.00800933503,0.653086364,0.413724691,-0.00925148,0.659120321,0.415593714,-0.010145097,0.624626756,0.414768696,-0.00831520837,0.638461888,0.417069674,-0.00975972135,0.647110403,0.418910384,-0.0097257942,0.653889477,0.420558929,-0.00963015
1450.000000000001,0.592524648,0.407237411,7.44894635e-008,0.595863879,0.398459435,-0.0018811879,0.60471189,0.393860757,-0.00395816239,0.613071442,0.390491724,-0.00630097743,0.617930293,0.386599332,-0.00883098878,0.624625146,0.399272263,-0.000318551727,0.636664629,0.397750467,-0.00222959486,0.644828141,0.397521764,-0.00462996401,0.651119769,0.397732556,-0.00641664211,0.627731264,0.404320478,-0.00189771748,0.643227816,0.405302078,-0.0027562012,0.652763307,0.406647205,-0.00417510839,0.659378827,0.408601701,-0.00546233496,0.627629042,0.409349918,-0.00398713,0.643615,0.410490066,-0.00555681577,0.652631879,0.411936879,-0.00665417966,0.658913195,0.413620859,-0.00742487516,0.625293851,0.414191633,-0.00635529077,0.638868511,0.416033924,-0.00752716092,0.647481143,0.417590559,-0.00725823315,0.654179811,0.419032,-0.00697267195
1466.6666666666677,0.592766,0.407422274,7.9795079e-008,0.595706105,0.398926318,-0.00293430639,0.604317248,0.394182801,-0.00559890224,0.612772107,0.390904099,-0.00830400456,0.617523551,0.386991739,-0.0111473268,0.624090075,0.399255067,-0.00227606529,0.63625294,0.39753148,-0.004926614,0.64440316,0.397241384,-0.00767385075,0.650821865,0.397478253,-0.00968303252,0.627458,0.404288411,-0.00357938977,0.643119156,0.404960483,-0.00522451522,0.652754128,0.406196833,-0.00699254638,0.659590602,0.408059031,-0.0084644286,0.627451,0.409386098,-0.00542868953,0.643628299,0.410261363,-0.00771663897,0.652544737,0.411715716,-0.0091059953,0.658868909,0.413436443,-0.0100229979,0.625156701,0.414379179,-0.00760341482,0.63860929,0.416011304,-0.00943630561,0.646940351,0.417553455,-0.00952422898,0.653443396,0.41902414,-0.00944317598
1483.3333333333344,0.593929052,0.408596456,7.44678417e-008,0.597145855,0.400301307,-0.00243420503,0.605793536,0.395579755,-0.00499858707,0.613622665,0.392247736,-0.00763457175,0.617610395,0.388413042,-0.0104037803,0.625052571,0.400400221,-0.00294028595,0.637667775,0.398346692,-0.00579458196,0.645562887,0.397778034,-0.00838538352,0.651469886,0.397819191,-0.0101355016,0.627997637,0.405309021,-0.00444885483,0.644208252,0.405553907,-0.00626362953,0.653799653,0.406640768,-0.00780042307,0.660328209,0.408345193,-0.00896085,0.627674222,0.410318375,-0.00639110943,0.644588828,0.410890818,-0.00881097466,0.653560221,0.412218243,-0.0100648785,0.659767568,0.413817286,-0.0107855238,0.625243902,0.415211171,-0.0085712513,0.638803899,0.416733325,-0.0105304141,0.647028685,0.418070465,-0.010560941,0.653323174,0.419289738,-0.0103386464
1500.0000000000011,0.534650862,0.42242,-1.12766458e-007,0.51702404,0.408941418,0.0069846292,0.494480819,0.403616756,0.010794891,0.478583246,0.40493,0.012054041,0.470357567,0.410977,0.013040713,0.475672752,0.402345181,0.0157690477,0.466024607,0.410113901,0.0138202347,0.474822134,0.414396703,0.00924679,0.48640126,0.414989084,0.00671275705,0.463974714,0.411465794,0.0111354878,0.459507287,0.420268178,0.0125947958,0.470344484,0.42356059,0.00963221118,0.480429202,0.422414124,0.00745129352,0.458816499,0.423110753,0.00623387564,0.455676079,0.431318909,0.00758467196,0.468137771,0.433586687,0.00747256912,0.477274746,0.431425035,0.00660544448,0.45817855,0.436215729,0.00172092055,0.458593637,0.444015503,0.00295297452,0.470675498,0.444737583,0.00587810948,0.479220539,0.442175508,0.00851395261
1500.0000000000011,0.594618559,0.4100959,6.54204584e-008,0.598015904,0.40176484,-0.00201652,0.607109308,0.397044092,-0.00409020344,0.615226865,0.39358303,-0.00635929266,0.619525254,0.389739186,-0.00869243126,0.62553668,0.401702851,-0.00130857714,0.637598753,0.399163455,-0.00376442401,0.645625949,0.398482382,-0.00620494969,0.651778102,0.398485631,-0.00789993536,0.628898501,0.406572312,-0.00291141798,0.645050704,0.40652439,-0.00441189669,0.654479206,0.407348245,-0.00589265721,0.660709798,0.408775568,-0.00696269516,0.629066348,0.411609352,-0.0049782563,0.645709038,0.411904633,-0.00714952825,0.654260278,0.412986934,-0.00820753165,0.660027564,0.414313167,-0.00873900764,0.626995564,0.416599333,-0.00728959171,0.640413761,0.417980522,-0.00897980854,0.648451805,0.41911903,-0.00880856533,0.65455395,0.420059323,-0.00842239521
1516.6666666666679,0.596328,0.4115614,4.81982738e-008,0.599695563,0.403286874,-0.00127596094,0.608724952,0.39856258,-0.00259805052,0.617091894,0.395178229,-0.00437580887,0.621569872,0.391256094,-0.0062626861,0.625719905,0.403619558,0.00108138879,0.637087584,0.401019782,-0.000688539643,0.644839764,0.40009442,-0.00295402785,0.6508497,0.399808705,-0.00461983,0.628906369,0.408419132,-0.000786194461,0.643851101,0.407821536,-0.00163145957,0.65313834,0.408238769,-0.00312294555,0.659777939,0.409384847,-0.00440291595,0.629277706,0.413270622,-0.00320108049,0.644841611,0.413309604,-0.00490819383,0.653497517,0.414106131,-0.00606436376,0.659884393,0.415184379,-0.00681635784,0.627527297,0.418056399,-0.00585487252,0.640402734,0.419197798,-0.00707323663,0.648339391,0.42014268,-0.00681110052,0.654585302,0.420898438,-0.00653524045
1533.3333333333346,0.597454727,0.412753314,5.28054436e-008,0.601039052,0.404769242,-0.00129521533,0.610703349,0.400437802,-0.00264335074,0.619288802,0.397274703,-0.00430686632,0.623730421,0.393494815,-0.00608243374,0.626506567,0.405759484,-0.000515281572,0.638355076,0.403244555,-0.00277089817,0.646408,0.402239978,-0.00502991071,0.652473,0.401932269,-0.00658766879,0.629483402,0.410556704,-0.00226026797,0.644516706,0.410047889,-0.00364484801,0.653955162,0.410541,-0.00512799202,0.660703301,0.411714882,-0.00628710724,0.629739463,0.415429235,-0.00440776069,0.645178139,0.415778846,-0.00652246689,0.653846502,0.416861326,-0.00760736223,0.660101891,0.418110877,-0.00822262559,0.627886653,0.420099229,-0.00672107,0.640526235,0.421684802,-0.0083539458,0.648207545,0.423056215,-0.00812810473,0.654131651,0.424208313,-0.00775621226
1550.0000000000014,0.534860134,0.424460143,-1.14229316e-007,0.518378139,0.409835458,0.00328981574,0.493833154,0.403493196,0.00593595253,0.475928247,0.405358315,0.00685363961,0.467045784,0.413386464,0.00778045831,0.474406391,0.400851458,0.0127080195,0.462510914,0.409160852,0.0100689251,0.470866382,0.413973927,0.00488748122,0.483498931,0.414244175,0.00211247662,0.463128418,0.40995279,0.0102110235,0.45579654,0.417915851,0.0110932877,0.465800315,0.421878129,0.00776604237,0.477062494,0.42102176,0.00549455872,0.457573771,0.421879202,0.00726713846,0.451417327,0.428700417,0.00764422398,0.462614715,0.431406319,0.00695551559,0.472969294,0.429510057,0.00616028719,0.455624789,0.435459465,0.00448425673,0.455120325,0.442229718,0.00512823649,0.467249155,0.443469763,0.00774023775,0.476961046,0.441349566,0.0103379562
1550.0000000000014,0.598838449,0.415525436,5.00440791e-008,0.602263212,0.407188028,-0.00181183184,0.611930251,0.402899832,-0.0032572581,0.620823324,0.400198638,-0.00488842092,0.626001358,0.396838725,-0.00655863807,0.628413379,0.408860236,-0.00104445941,0.64009285,0.406439245,-0.003669617,0.648063719,0.405667096,-0.00610526185,0.653960705,0.405596763,-0.00765501056,0.631189406,0.414009,-0.00254335767,0.645759881,0.413765252,-0.00443541538,0.655010819,0.414499402,-0.00602990808,0.661525309,0.415949881,-0.00707094651,0.631117582,0.418979853,-0.00451484183,0.645734549,0.419700295,-0.00710309623,0.654016614,0.420995891,-0.00826463848,0.659854412,0.422488451,-0.00868746173,0.628891826,0.423521876,-0.00668419385,0.641178548,0.425239891,-0.00854425225,0.648579836,0.426771879,-0.00835079793,0.6541816,0.42813614,-0.00784504
1566.666666666668,0.598380446,0.417870075,5.69723291e-008,0.602863133,0.409739971,-0.00226499699,0.613386095,0.405794948,-0.00382598024,0.62293607,0.403500319,-0.00548033509,0.628601968,0.400265694,-0.00711619761,0.630507946,0.412120938,-0.000876651378,0.64236939,0.410433203,-0.00325748767,0.65034014,0.410314471,-0.00562618114,0.656263113,0.41075027,-0.00723154051,0.632440805,0.417396396,-0.00210602512,0.646501184,0.418128401,-0.00365650258,0.654977739,0.419406801,-0.00531407772,0.660999417,0.421213746,-0.00651112664,0.631521583,0.42232734,-0.0038521525,0.645288587,0.423809528,-0.00607148465,0.652953207,0.425430894,-0.00726755243,0.658591688,0.427071542,-0.00788605493,0.628591776,0.426783651,-0.00586298248,0.640013337,0.429006398,-0.00740008708,0.646901488,0.430726051,-0.00724180834,0.652444899,0.432180673,-0.00687166024
1583.3333333333348,0.537105203,0.425906122,-1.380334e-007,0.520402253,0.413253874,0.00864050724,0.496015,0.407439739,0.0138283698,0.479396731,0.406007409,0.0159947183,0.470375866,0.408867031,0.0179012362,0.47109586,0.407356471,0.0190534703,0.458889157,0.414389133,0.0193545911,0.466788679,0.41825974,0.0159936156,0.478421867,0.418097228,0.0140739474,0.461539358,0.415247291,0.0140811224,0.454502881,0.422845423,0.0175946653,0.464411378,0.425825834,0.0150666358,0.474550605,0.424606323,0.0129729491,0.458466887,0.425770313,0.00892523769,0.45299387,0.432510585,0.0120398914,0.463994563,0.434733391,0.0113809006,0.473203421,0.433006406,0.00988856144,0.459222674,0.437874585,0.00424259063,0.458657771,0.44479838,0.00702202693,0.469544,0.445762277,0.00967434421,0.478228927,0.443701,0.0117487293
1583.3333333333348,0.598750114,0.420215607,6.04039556e-008,0.605284,0.412383318,-0.0019845604,0.616060078,0.409018546,-0.00380134792,0.625516772,0.406967729,-0.0057902094,0.631572485,0.404104352,-0.00788561814,0.631749749,0.415860981,-0.00173591624,0.643856108,0.415106744,-0.00460404065,0.652223766,0.415392727,-0.00726097869,0.658552468,0.416140139,-0.00906997826,0.632872939,0.421118319,-0.00332097523,0.647150636,0.422759771,-0.00535783684,0.655568898,0.424671113,-0.00720476545,0.661343873,0.42701745,-0.00852016732,0.63123107,0.426053435,-0.00531808706,0.645633519,0.428321064,-0.00787200313,0.653389156,0.43043521,-0.00916456524,0.658929706,0.432548195,-0.00987693295,0.62771529,0.430584788,-0.0075301039,0.639468253,0.43337664,-0.00942151621,0.646746457,0.43540588,-0.00940693263,0.65275228,0.437228262,-0.00913123414
1600.0000000000016,0.599303484,0.42340526,5.64877034e-008,0.6060794,0.415916979,-0.00178824307,0.617653251,0.412907183,-0.00330474321,0.627883554,0.411195457,-0.00494593428,0.63430512,0.408305258,-0.0066664461,0.633063674,0.419112295,-0.00132387783,0.645748317,0.4197914,-0.00382474344,0.653808832,0.420970887,-0.00614686636,0.659647405,0.422274232,-0.00768212182,0.633850455,0.424708366,-0.00261698617,0.647476137,0.427032202,-0.00398152694,0.655033,0.42917484,-0.00550083118,0.660053313,0.431496233,-0.00670951465,0.631822348,0.429861367,-0.00426806416,0.645491898,0.432830185,-0.00608120486,0.652508,0.435228884,-0.00698100077,0.657207251,0.437508553,-0.00757367583,0.627804697,0.43443805,-0.00612241263,0.638549447,0.437838972,-0.00736718,0.645081222,0.440282494,-0.00707948487,0.650154591,0.44242391,-0.00669035362
1616.6666666666683,0.598533511,0.425973475,5.76005874e-008,0.606345832,0.418757647,-0.00171275635,0.618365586,0.41617915,-0.00302386633,0.628632247,0.414736748,-0.00456593512,0.635624945,0.412037611,-0.00612946181,0.633184075,0.423306823,9.86332743e-005,0.645580351,0.424411237,-0.00208508386,0.652978897,0.426003218,-0.00439570099,0.658038914,0.427762389,-0.00595547212,0.633348405,0.428845018,-0.0012815505,0.6466254,0.431654423,-0.00243375241,0.653963923,0.434096366,-0.0041866242,0.658938289,0.43675074,-0.00557576539,0.630943775,0.433823496,-0.00311698252,0.644152701,0.437449306,-0.00496611465,0.650687933,0.440264463,-0.00602887757,0.655226588,0.442895204,-0.00672190171,0.626479208,0.43806839,-0.0051733912,0.636436582,0.441937536,-0.00651848,0.64230758,0.444671303,-0.00622426718,0.646963596,0.447061181,-0.00581516884
1633.333333333335,0.59839952,0.428974,6.16269276e-008,0.606612146,0.421800673,-0.00202146126,0.619020879,0.418994,-0.00356818247,0.629743457,0.418106109,-0.00524144946,0.63790673,0.416079313,-0.00681042112,0.633746266,0.426992029,-0.00032719929,0.646733463,0.428477585,-0.00222138525,0.653580606,0.430314243,-0.00429786,0.658015251,0.432097137,-0.00569034042,0.633110583,0.432577819,-0.00147632929,0.645953178,0.436099082,-0.00202135625,0.652557373,0.438905567,-0.00338100409,0.656609476,0.441657394,-0.00459209923,0.629991233,0.437451959,-0.00307737361,0.64241761,0.441319048,-0.00415289635,0.648192644,0.4441517,-0.00459011039,0.651940882,0.446803361,-0.00502031,0.624958932,0.441561073,-0.00497593172,0.634200454,0.445455611,-0.00570297055,0.639334083,0.448159456,-0.00493005337,0.643034875,0.450540662,-0.00420630025
1650.0000000000018,0.598439753,0.431981206,6.90868376e-008,0.606828809,0.425222665,-0.00439305417,0.618635595,0.421776682,-0.0076178154,0.628659725,0.420262337,-0.010589797,0.638090432,0.41888535,-0.0132873189,0.633629143,0.431105405,-0.00329224,0.646062672,0.43279317,-0.0064468924,0.652845562,0.43478173,-0.00944906846,0.65730232,0.436810404,-0.0115138376,0.632430136,0.436810821,-0.0038186782,0.644862175,0.440372229,-0.00565515412,0.650563538,0.443136156,-0.00764204143,0.653725147,0.445870101,-0.00923721492,0.628601789,0.441780686,-0.00498831738,0.640145957,0.446044654,-0.00705377338,0.644707263,0.4488585,-0.00761885243,0.6474154,0.45137462,-0.00807202142,0.622727394,0.445959151,-0.00664817123,0.631524563,0.450176239,-0.00829427131,0.635848403,0.452993393,-0.00782334898,0.638874233,0.455423206,-0.00721462443
1666.6666666666686,0.536377907,0.433839947,-1.62436734e-007,0.520666957,0.42188,0.00516975205,0.499780357,0.416436821,0.00734398514,0.482988417,0.413576573,0.00725519704,0.470429778,0.413111985,0.00759131648,0.468669206,0.416968137,0.0128832301,0.453364164,0.423270136,0.0105584254,0.45679602,0.428525,0.00676640216,0.464512616,0.42994377,0.00466600247,0.460424364,0.425476849,0.00884026196,0.45017907,0.432244837,0.00817522407,0.459772885,0.436016768,0.00586976437,0.469988912,0.435377151,0.0047833249,0.457188696,0.436191678,0.00439907191,0.450551093,0.441812068,0.00415396038,0.460973918,0.444287181,0.00430602906,0.470802516,0.443067819,0.00438750116,0.457526982,0.447784036,0.000129183143,0.456989318,0.453405082,0.000632823911,0.466944277,0.454279453,0.00292416825,0.4752644,0.452526689,0.00535765942
1666.6666666666686,0.597008288,0.435218543,6.37306172e-008,0.607029676,0.428603619,-0.00374938804,0.619507432,0.426003814,-0.00694059068,0.630305111,0.424872816,-0.0101339426,0.63927412,0.422937512,-0.0131937331,0.633613467,0.435757965,-0.00279598567,0.64663893,0.437678486,-0.00639099,0.652877629,0.440140784,-0.00974872,0.656005204,0.442638218,-0.0120466379,0.631651521,0.441408515,-0.00396311842,0.644040465,0.445257336,-0.00663807243,0.648564339,0.448528022,-0.00930697378,0.649741,0.451538622,-0.0112142321,0.626915395,0.446311682,-0.00574315898,0.63853693,0.450898379,-0.0084826462,0.642973483,0.454114974,-0.0099062128,0.645071268,0.456857443,-0.010917495,0.620004773,0.450380594,-0.00791929662,0.628245234,0.45519197,-0.0101039596,0.632521212,0.45846644,-0.0103169801,0.635454834,0.461291552,-0.0102294469
1683.3333333333353,0.53442353,0.435199529,-9.81759598e-008,0.519311845,0.423536479,0.00522387866,0.496622175,0.418294191,0.00870928727,0.480240762,0.41587171,0.0101734195,0.467552572,0.416207582,0.011498115,0.467705667,0.417766839,0.0142198466,0.454817861,0.42547366,0.0136341518,0.456380606,0.430993855,0.0101517253,0.461302727,0.433108598,0.00797975529,0.459222496,0.425459385,0.0107267229,0.45112443,0.433549911,0.0119679021,0.457803309,0.437633,0.0093832165,0.465826631,0.437825859,0.00786296,0.456087828,0.435878038,0.0070782816,0.45077607,0.442310691,0.00695381546,0.458805144,0.445243448,0.00604871474,0.466857731,0.444379419,0.00559470942,0.456394881,0.44739157,0.00374557893,0.456932396,0.453624368,0.0029603038,0.465596437,0.45508936,0.00445570517,0.472642809,0.453861237,0.00680361735
1683.3333333333353,0.596166253,0.439350337,4.44389165e-008,0.60631,0.432863683,-0.00387809495,0.619055748,0.430413574,-0.00700280257,0.630016804,0.429458,-0.0101780649,0.639100432,0.427767873,-0.0131202284,0.633013725,0.440763086,-0.0024954218,0.646193862,0.442891866,-0.00611923495,0.650711954,0.445187181,-0.00944739,0.651706159,0.447261691,-0.0116824834,0.630440116,0.446358055,-0.00356334238,0.642584741,0.450250924,-0.00640988443,0.645790398,0.452608705,-0.00909674913,0.645834386,0.45456633,-0.0108762337,0.625107229,0.451079696,-0.0052937204,0.636185884,0.455884397,-0.00796044245,0.639532864,0.458443284,-0.00911567,0.641032398,0.460609645,-0.00994175952,0.617439747,0.454857856,-0.00745176105,0.624726176,0.459764898,-0.0094896527,0.628961265,0.462612122,-0.00957121514,0.6324476,0.465115756,-0.00939927064
1700.000000000002,0.532335877,0.43767491,-1.07973094e-007,0.515306354,0.425129086,0.0056065307,0.492102712,0.420667291,0.00870675221,0.473507285,0.421864569,0.00966206472,0.460249215,0.427019686,0.0105842873,0.471265048,0.418127507,0.0139652956,0.454806805,0.426031917,0.0124164782,0.45803827,0.432217956,0.00921051577,0.465511799,0.434022725,0.00740806526,0.46248427,0.425697893,0.0101499958,0.449909836,0.433748215,0.0104906568,0.457242399,0.438833386,0.00839704182,0.466852158,0.438994467,0.00726086879,0.458071172,0.436003536,0.00603979826,0.448836416,0.442992359,0.00512855873,0.458424091,0.446977049,0.00464961212,0.468133748,0.446135879,0.00454431213,0.4564417,0.44751817,0.00232785661,0.455120593,0.454337895,0.000909308321,0.464513391,0.45639807,0.00204901514,0.472514778,0.4552356,0.0040705842
1700.000000000002,0.595010817,0.443215966,2.32315642e-008,0.605553567,0.436596483,-0.00389441,0.619252384,0.434458703,-0.00702672172,0.630467892,0.434261501,-0.0101720393,0.639756083,0.432979792,-0.0130064543,0.632436156,0.445242435,-0.00360197108,0.645744801,0.448046386,-0.00819003489,0.647797763,0.449753731,-0.011989302,0.64598155,0.450596154,-0.0141961435,0.629024088,0.45115009,-0.00478156237,0.641541839,0.455441356,-0.00793500617,0.643610597,0.45744,-0.0106726596,0.642374456,0.458793342,-0.0124503067,0.62250936,0.455951691,-0.00661249459,0.633811355,0.461155593,-0.00962867402,0.636515319,0.46335125,-0.0106176278,0.637141466,0.46503377,-0.0112380506,0.613749206,0.459693789,-0.00881874561,0.621182203,0.464857548,-0.011081635,0.625194371,0.467692673,-0.0109044807,0.62822175,0.470084548,-0.010442703
1716.6666666666688,0.532502234,0.441241324,-9.15712164e-008,0.514929533,0.427454501,0.00854753144,0.491174221,0.423517197,0.0130997561,0.472661287,0.426587373,0.0152413547,0.462714672,0.433588773,0.0170812793,0.479576141,0.419184864,0.0153578529,0.463384777,0.422713459,0.0151438378,0.46313253,0.428589672,0.0131924851,0.468048155,0.431083202,0.0119991293,0.468467832,0.427437335,0.0104542878,0.452751786,0.432721198,0.0121000363,0.456553727,0.438485771,0.0108234277,0.464696109,0.439282984,0.010014018,0.462146789,0.438075572,0.0055786334,0.450579584,0.443416685,0.0058406638,0.457544833,0.447771788,0.00499223825,0.46635744,0.447289914,0.0043940586,0.459275037,0.449554503,0.00152363628,0.45605576,0.455558568,0.00113316125,0.463858575,0.458127,0.00214026053,0.471778631,0.457272828,0.00372553733
1716.6666666666688,0.593449652,0.446531564,3.03665608e-008,0.605182528,0.439952105,-0.00340111763,0.619033635,0.437937975,-0.00656719692,0.630666256,0.437951207,-0.00970144197,0.639936924,0.436881781,-0.0125710052,0.630904555,0.448847711,-0.00432465551,0.644586325,0.452190757,-0.00885951519,0.646025777,0.454264224,-0.0123521509,0.644242,0.455385149,-0.0143648526,0.626902103,0.45503962,-0.00571704842,0.639019907,0.460055053,-0.00867001526,0.641402543,0.463022143,-0.0111319078,0.641069889,0.465395838,-0.0129432278,0.619966209,0.45986715,-0.00770733459,0.630610526,0.465950191,-0.0109517155,0.634423852,0.469566017,-0.0126115084,0.636236,0.472518027,-0.0138441324,0.611237049,0.463567495,-0.00992759503,0.617662251,0.46941632,-0.0125211459,0.620982528,0.473149151,-0.0129226018,0.623425663,0.47643429,-0.0130227804
1733.3333333333355,0.530467331,0.443244696,-4.48628e-008,0.511852384,0.428220659,0.00360374339,0.485948533,0.423854947,0.00593283,0.466986597,0.429423034,0.00671023224,0.457572311,0.437965363,0.00753414538,0.469688892,0.42364043,0.0130336089,0.460508704,0.42680788,0.0107706357,0.465100318,0.431849658,0.00625048159,0.472551048,0.434647441,0.00348735787,0.46124655,0.433072776,0.0100840544,0.45420754,0.436865807,0.0106186327,0.461243302,0.440338,0.00783218816,0.470193535,0.440574855,0.00576117542,0.458564848,0.443981379,0.00658349181,0.451826572,0.446700305,0.00558732217,0.460428447,0.448211044,0.00493722456,0.469380796,0.447204232,0.00462222751,0.459569484,0.454837382,0.00343090761,0.45709905,0.456693649,0.00315894582,0.466086447,0.457169473,0.00539652212,0.473752052,0.45608291,0.00772864232
1733.3333333333355,0.593193114,0.450375617,-4.00617672e-009,0.605251789,0.443972111,-0.00337402336,0.618403554,0.441776335,-0.0068791816,0.629616201,0.44137159,-0.0105193546,0.639231,0.440176368,-0.0137543874,0.628963709,0.453063875,-0.0047463295,0.644317567,0.456314147,-0.0101517141,0.641924381,0.457132548,-0.0141778989,0.636057854,0.456852496,-0.0161037203,0.624808908,0.459206194,-0.00616662484,0.636583924,0.464454681,-0.00918637775,0.636954248,0.46682027,-0.0117963469,0.634937942,0.468179554,-0.0136723462,0.617856801,0.463869512,-0.0082516484,0.627290428,0.470185161,-0.0112331836,0.630268157,0.473813623,-0.0129445354,0.631394744,0.476361722,-0.01428355,0.609246075,0.467294276,-0.010556926,0.614466488,0.473198116,-0.0128765525,0.616926968,0.476824909,-0.0130748097,0.618522525,0.479770601,-0.0130512146
1750.0000000000023,0.529331207,0.4453834,-7.29225249e-008,0.512277722,0.431173295,0.0039726086,0.487018198,0.42570439,0.00642819935,0.467867196,0.429633617,0.00752536207,0.460856646,0.438307524,0.0088218255,0.463867188,0.430034339,0.0113412701,0.459990859,0.428709745,0.00977863185,0.468872696,0.432027817,0.0058829179,0.476207823,0.435177296,0.00315897726,0.456687748,0.437342733,0.00829699449,0.454261154,0.437051684,0.00943872891,0.464387476,0.438916892,0.00786972605,0.472510695,0.439951807,0.00637854,0.455094934,0.445623279,0.00497889286,0.450864285,0.444517314,0.00519663608,0.461173564,0.44451955,0.00657843,0.469192713,0.444605529,0.00723462598,0.456995547,0.453525126,0.00187329366,0.452972949,0.452378601,0.00265136012,0.462213784,0.451840818,0.00640342571,0.469305,0.451804966,0.00959022
1750.0000000000023,0.589449823,0.453741193,-2.093417e-008,0.602026284,0.446265429,-0.00415795483,0.617443264,0.444190234,-0.00727724703,0.630472779,0.444554836,-0.01062149,0.641316772,0.443409204,-0.0133969598,0.628124535,0.456032276,-0.00213453756,0.644071,0.45901221,-0.00784784835,0.641500294,0.459453,-0.0126868747,0.635370731,0.45890373,-0.0151422927,0.623494625,0.462451518,-0.00334602082,0.635492265,0.467438728,-0.00695822481,0.635078788,0.468654931,-0.0104994578,0.632430375,0.468994677,-0.0126591176,0.616007447,0.467194557,-0.00551454443,0.625891089,0.473172635,-0.00887823105,0.628241181,0.475703537,-0.0107361861,0.628677845,0.477395773,-0.0118869925,0.606688559,0.470510811,-0.00807875395,0.611712158,0.475882202,-0.0104637016,0.613922954,0.479161978,-0.010660355,0.615340889,0.481885195,-0.0105163008
1766.666666666669,0.530434906,0.446318477,-5.36848148e-008,0.511945248,0.431149453,-0.000728986517,0.485037178,0.426235288,-0.0001263554,0.464927346,0.43081972,0.000258816668,0.456390828,0.439510703,0.00131662306,0.460116565,0.433398724,0.00588743715,0.457405716,0.430997938,0.00204664236,0.470742106,0.432883292,-0.00217779796,0.480611563,0.435268968,-0.00484091695,0.453636616,0.442165226,0.00466935,0.454646885,0.440042645,0.00331081124,0.468300462,0.440616816,0.00135043589,0.477405787,0.440860271,-6.84607221e-005,0.453920931,0.451466471,0.00268833851,0.453629315,0.448784918,-0.000556328916,0.467202783,0.447269022,1.23209829e-005,0.47633782,0.446249187,0.000812860322,0.457931191,0.459644973,0.00070233614,0.457830638,0.457605541,-0.00231252308,0.469396114,0.455943048,-0.000381142861,0.47742182,0.454997599,0.00219715945
1766.666666666669,0.587676227,0.4559668,-2.21091536e-008,0.601002455,0.448853731,-0.00392476423,0.616597056,0.446556091,-0.0073162429,0.629781365,0.44655633,-0.0109249502,0.641019702,0.445256,-0.014006339,0.627019227,0.458612412,-0.00250953808,0.643261671,0.461534083,-0.0086234808,0.641430318,0.461820155,-0.0137376823,0.63493216,0.460940421,-0.0162853897,0.622119129,0.464652419,-0.00380572723,0.634099603,0.46956718,-0.00769154774,0.633868814,0.470689505,-0.0111941956,0.630813,0.470771849,-0.0133819394,0.614508152,0.469099969,-0.00607195916,0.624587297,0.47517103,-0.00962364953,0.6274243,0.477759451,-0.0114778047,0.627831,0.479188532,-0.0126993479,0.605146408,0.472260475,-0.00865743589,0.610470712,0.477899849,-0.0111011667,0.612967253,0.481082499,-0.0113069117,0.614684939,0.483457506,-0.011261954
1783.3333333333358,0.587445676,0.45763275,-1.49283714e-008,0.600650668,0.449981332,-0.00439809,0.616373599,0.447355717,-0.00749965059,0.62944442,0.447570711,-0.0106925489,0.640351534,0.446447521,-0.0132114673,0.627554536,0.459715605,-0.00247959443,0.643522322,0.462150097,-0.00785815716,0.640949428,0.462086469,-0.0122433333,0.634796858,0.461568743,-0.0144148665,0.622854,0.465954512,-0.0033928433,0.635006785,0.470294595,-0.00640047761,0.635405421,0.471690506,-0.00923296716,0.63307786,0.472327173,-0.0111066345,0.615479648,0.470492423,-0.00533834426,0.625178516,0.476115346,-0.00857577566,0.628437102,0.478849888,-0.0103646023,0.629300952,0.480533242,-0.0115308594,0.606275082,0.473678946,-0.00766091561,0.61088109,0.479032576,-0.0101551544,0.613130689,0.482074052,-0.0105472831,0.614273667,0.484346777,-0.0105355419
1800.0000000000025,0.58771795,0.458424628,-4.99116348e-009,0.601077795,0.450534284,-0.00395841058,0.616605818,0.447734445,-0.00695510069,0.629851699,0.447466403,-0.0100868577,0.641012073,0.446350902,-0.012624424,0.627957046,0.459868908,-0.00252528628,0.644325256,0.462374538,-0.00813330058,0.642414808,0.46290344,-0.0126806954,0.635711968,0.46256423,-0.0147797382,0.623654425,0.466367453,-0.00350572821,0.63592869,0.47152406,-0.00627755141,0.636506,0.472998649,-0.00880573317,0.633690774,0.473388642,-0.0103863133,0.616512418,0.471112669,-0.00545304222,0.625970721,0.477136612,-0.00814407598,0.629216552,0.479716659,-0.00929478556,0.629695058,0.481114954,-0.010058593,0.607508361,0.474444091,-0.00777532859,0.611744285,0.480029702,-0.00966064166,0.614227176,0.482812703,-0.00938119739,0.615346789,0.484704345,-0.00885536522
1816.6666666666692,0.5307796,0.448050141,-6.86014587e-008,0.508851409,0.431695074,-0.00156684371,0.482293159,0.426820755,-0.00260716584,0.465417773,0.431366682,-0.00425289245,0.461216778,0.441094428,-0.00548319425,0.455640078,0.436070144,0.0043596942,0.460738391,0.430358708,-0.00327560538,0.475818247,0.430429816,-0.011397182,0.4889566,0.43249321,-0.0160927307,0.450100124,0.445723236,0.00270124688,0.458133548,0.441144109,-0.000260460307,0.472041875,0.441183954,-0.00405502,0.482116,0.442083,-0.00661133137,0.452830553,0.455534607,2.70916717e-005,0.458639145,0.450643629,-0.00425281189,0.471499413,0.449346185,-0.0046982076,0.480084181,0.449140161,-0.00430067582,0.460259616,0.464048415,-0.00284790387,0.465548396,0.460855603,-0.00578446826,0.477098405,0.458996952,-0.00368897244,0.484829694,0.458465725,-0.000908467686
1816.6666666666692,0.588032544,0.457696,-2.21127934e-008,0.601137698,0.449670434,-0.0029694587,0.61694169,0.446850121,-0.00537532754,0.630466,0.446710795,-0.00808156375,0.641748786,0.445917696,-0.0101364972,0.628739357,0.459580749,-0.000987453619,0.644906521,0.462159157,-0.00535927,0.642889202,0.46243456,-0.00915498193,0.636496723,0.461999506,-0.0109451814,0.624570727,0.466143072,-0.00215275446,0.637342095,0.470680386,-0.00388028286,0.637746155,0.471839,-0.00608224329,0.63473922,0.472270221,-0.00763696851,0.617738485,0.471010864,-0.00412346702,0.628097653,0.476640522,-0.00603421,0.630842626,0.478865892,-0.00698226877,0.630720317,0.480070889,-0.00776894856,0.608949602,0.474399716,-0.0063811047,0.613778055,0.479861081,-0.00777631765,0.616125166,0.482545614,-0.00730213523,0.616865695,0.484446526,-0.00671388395
1833.333333333336,0.52898556,0.446699888,-1.09108932e-007,0.509193242,0.431841433,-0.000355841388,0.483178735,0.427044928,0.00027202483,0.465782821,0.433111429,0.000215561988,0.459850252,0.443052053,0.000805775053,0.462029934,0.43088007,0.00759713119,0.458327144,0.433076859,0.00312780635,0.471380591,0.434769273,-0.00217272108,0.483430713,0.435571462,-0.00506530656,0.454763919,0.440232158,0.00640666811,0.455819458,0.442781568,0.00551753445,0.468340725,0.443671584,0.0025124473,0.478262037,0.442752153,0.000617381069,0.454142749,0.450419486,0.00445693219,0.4549371,0.452082932,0.00265683117,0.467416674,0.451909751,0.00244570524,0.476507,0.45029819,0.00261638034,0.456970751,0.460207969,0.00235141255,0.460807115,0.461569458,0.00130195078,0.472113103,0.461065263,0.00325993425,0.479875505,0.459868282,0.00577719929
1833.333333333336,0.59089452,0.457551,-3.3228968e-008,0.603415,0.449505895,-0.00318101095,0.618051231,0.446623713,-0.00571125885,0.630855381,0.446380436,-0.00861068722,0.64178282,0.445688784,-0.0108500887,0.629800141,0.459436059,-0.000867716502,0.645782292,0.462104172,-0.0054986272,0.642731071,0.462191075,-0.0094302306,0.635882795,0.461584091,-0.0113217141,0.6258201,0.465970308,-0.00212764367,0.638861299,0.470724016,-0.00452379929,0.637929916,0.471427441,-0.00701924274,0.633911788,0.471343547,-0.00856693275,0.619158566,0.47091043,-0.00426179497,0.629550397,0.476767153,-0.00647467701,0.631487966,0.478847444,-0.00759647787,0.630886197,0.479793876,-0.00842389092,0.610335469,0.474456161,-0.00674490258,0.614779651,0.480052471,-0.00828879885,0.616747379,0.48267135,-0.00808269437,0.617434442,0.484374672,-0.00769807352
1850.0000000000027,0.528885067,0.448345572,-5.233764e-008,0.510265231,0.433205903,0.00242618658,0.483947754,0.428579569,0.00499606505,0.466179758,0.434323102,0.00639015622,0.459845275,0.443434149,0.00846329145,0.464150667,0.434162557,0.0124481199,0.458882838,0.433312953,0.0104374848,0.470234662,0.434127152,0.00667260401,0.480255485,0.435669661,0.00457590306,0.457015097,0.443021625,0.0104894564,0.456160545,0.441773653,0.0112119755,0.468489528,0.441710263,0.00877939537,0.477365285,0.441877,0.00731819123,0.455405295,0.452435434,0.00784236193,0.454684108,0.450024307,0.00766773615,0.467333406,0.448580295,0.00789821614,0.475942343,0.448010892,0.00826344639,0.457221597,0.461122662,0.00523345964,0.458346099,0.458314121,0.00578078907,0.46890682,0.456652373,0.0081620058,0.47572282,0.456267327,0.0106505416
1850.0000000000027,0.589474559,0.456623137,-3.46568783e-008,0.603270352,0.448486686,-0.00226404821,0.618728817,0.446058571,-0.00406115688,0.632190347,0.446309626,-0.0062368107,0.642905414,0.445507824,-0.00769083481,0.631108761,0.459242851,0.000332327239,0.646390796,0.462378532,-0.0026402683,0.642213404,0.46243459,-0.0053299265,0.635581732,0.462038964,-0.00665124319,0.626846373,0.465813,-0.000921735249,0.639763951,0.470673829,-0.00143020775,0.639194667,0.471855849,-0.00298481435,0.635861754,0.472353399,-0.00422193669,0.619839847,0.470675826,-0.00289177289,0.630264163,0.476377636,-0.00367914117,0.632493913,0.478930265,-0.00445748167,0.632667661,0.480413467,-0.00537508773,0.610838354,0.474169731,-0.00512198918,0.615566254,0.479661822,-0.00578866806,0.617487371,0.48248142,-0.00521156797,0.61813134,0.484459311,-0.00466773426
1866.6666666666695,0.529086411,0.448387533,-8.15278867e-008,0.512301147,0.434336722,0.00198655529,0.487300962,0.429886848,0.00411440153,0.469367772,0.434748888,0.00520442519,0.461164027,0.442540288,0.00690336386,0.46734333,0.433336824,0.0102510257,0.461626142,0.433900803,0.00730928918,0.471659452,0.435502678,0.00300745829,0.480830282,0.436801255,0.000618373626,0.45956853,0.441417,0.00841373391,0.458080024,0.441722184,0.00875856541,0.469446659,0.442363888,0.00663477927,0.477388233,0.442242265,0.00521459337,0.456991494,0.450371325,0.00591488788,0.456036031,0.449595183,0.00596639886,0.467669129,0.448969215,0.00676386431,0.475338936,0.448351711,0.00716502685,0.457777083,0.459124684,0.00332016964,0.459266,0.458049774,0.00400428846,0.469545573,0.456964165,0.00661194511,0.475909799,0.456552237,0.00912457332
1866.6666666666695,0.589308202,0.456204057,-2.58395e-008,0.602946222,0.448072731,-0.00267055072,0.618717551,0.445729,-0.00446379185,0.632283032,0.446094662,-0.00666762749,0.643143237,0.445332646,-0.00812112074,0.631471455,0.459301263,0.00105623843,0.646774769,0.46204403,-0.00214077625,0.642954409,0.462041914,-0.00529454323,0.636359155,0.461547136,-0.00685326802,0.627130687,0.465797871,-1.82878903e-005,0.639345646,0.470202357,-0.000323640677,0.639591932,0.47175926,-0.00207448937,0.637200356,0.472652495,-0.00353330933,0.620087,0.470526725,-0.00198272872,0.630139828,0.475793,-0.00278491154,0.632707179,0.478514224,-0.00365582155,0.633265555,0.480208,-0.00458516134,0.611061215,0.473815054,-0.004301087,0.615606308,0.479061872,-0.00497000664,0.617796302,0.481958151,-0.00437574973,0.618757606,0.48403,-0.00376316207
1883.3333333333362,0.59070015,0.456126392,-1.90592555e-008,0.604397416,0.448116809,-0.00278311456,0.619861841,0.445790678,-0.00486622844,0.632930636,0.445921481,-0.00733906077,0.64377588,0.445188701,-0.00907619484,0.631705582,0.458745956,0.000725055637,0.646539092,0.461769044,-0.0030232924,0.642826676,0.462084353,-0.00657172641,0.636190414,0.461632222,-0.00827997,0.627199,0.465269715,-0.000425696169,0.639680564,0.470199943,-0.00112288282,0.640071809,0.471803308,-0.00301850424,0.637690067,0.472529739,-0.0045245979,0.620071232,0.470029891,-0.00250287983,0.63019079,0.475740761,-0.00344320643,0.632926106,0.478416085,-0.00421580579,0.63366729,0.479974926,-0.00505314115,0.610997081,0.473411858,-0.00494865328,0.615886927,0.47879,-0.00535080628,0.61831826,0.481594503,-0.00445300154,0.619541883,0.483492166,-0.00372818462
1900.000000000003,0.535280764,0.447162926,-1.43296162e-007,0.513484538,0.430827111,0.00173519528,0.485451937,0.427771568,0.00322247739,0.466426343,0.434723288,0.00326138,0.460765868,0.445231229,0.00389883341,0.467409879,0.428236485,0.0112672662,0.461068869,0.431334496,0.00534535525,0.474123538,0.433531433,-0.00125150802,0.486742139,0.43411091,-0.00498081,0.459373981,0.437725455,0.00853199326,0.457255691,0.441654861,0.00589130167,0.470356852,0.443263084,0.00241071894,0.481237233,0.442313,0.000545427436,0.457441032,0.44865045,0.00462889159,0.456270963,0.451688737,0.00134771445,0.46964106,0.452009171,0.000987437,0.479263395,0.450320214,0.00135370647,0.459126025,0.459512383,0.0006693998,0.461484641,0.462248772,-0.0013071557,0.474099755,0.462152183,0.000247220742,0.481805742,0.460876554,0.00242497539
1900.000000000003,0.588408828,0.455866337,-2.54758543e-008,0.602760851,0.447678596,-0.00255971192,0.619321704,0.445498705,-0.00443388335,0.633006871,0.44586578,-0.00670241797,0.643989861,0.445120543,-0.00817371625,0.631922722,0.458629876,0.00113861461,0.646769,0.461859763,-0.0024829912,0.64251256,0.461938709,-0.00598277198,0.635747313,0.461214691,-0.00763962884,0.627359331,0.465173662,2.2045635e-005,0.639762819,0.470223099,-0.000291469449,0.640064955,0.47180143,-0.00202870928,0.637960672,0.472561538,-0.00347873918,0.620132625,0.469960511,-0.00201829476,0.630116761,0.475573093,-0.00260889833,0.63284719,0.478283972,-0.00337295723,0.633829,0.479913473,-0.00428387523,0.611026049,0.473400325,-0.00441581942,0.615968943,0.478759229,-0.00447536074,0.618044436,0.481547028,-0.00343805458,0.619140804,0.483430922,-0.00265385909
1916.6666666666697,0.533041656,0.446646601,-6.88653401e-008,0.512763083,0.431546569,0.00275776279,0.484325588,0.4277367,0.00506383926,0.466067195,0.43502596,0.00617062626,0.460363686,0.44560957,0.00787410513,0.464391381,0.429397583,0.012562762,0.460197121,0.432019264,0.00995834544,0.473295718,0.433936715,0.00504314946,0.48429054,0.43487668,0.00206192466,0.456838846,0.438462645,0.0101036495,0.45716086,0.441512436,0.0113382516,0.469678462,0.44236955,0.00882434286,0.478317469,0.441778749,0.00686986092,0.455941677,0.448755,0.00697742915,0.455756038,0.450765848,0.00751383696,0.468876868,0.450085193,0.00797505211,0.476598442,0.448609412,0.00792632066,0.459017366,0.458519667,0.00389435911,0.46085161,0.459794641,0.00522376085,0.472579479,0.458910137,0.00833375659,0.479278356,0.457835704,0.0109951841
1916.6666666666697,0.589680493,0.455543727,-2.69701648e-008,0.603067696,0.447299659,-0.00350875198,0.618942618,0.444922656,-0.00604355941,0.632384121,0.445418626,-0.00887703896,0.643627465,0.444860101,-0.0109187784,0.631716073,0.458144486,-0.000447051483,0.64723295,0.461302549,-0.00522635598,0.643092215,0.461339027,-0.00939307548,0.635768771,0.46052438,-0.0113625033,0.627217472,0.464730561,-0.00157581549,0.640074313,0.470007718,-0.00370633556,0.639504611,0.471108735,-0.00629349565,0.636134863,0.471246809,-0.00795360282,0.62000078,0.469535917,-0.00368798524,0.630498707,0.475560576,-0.00586298341,0.632957518,0.478036314,-0.00725395186,0.633189201,0.479320139,-0.00826479681,0.610843599,0.472951472,-0.00615749788,0.615676045,0.478613347,-0.00763491308,0.617915571,0.481484145,-0.00739447866,0.618929386,0.483437777,-0.00696079805
1933.3333333333364,0.532085299,0.44851923,-6.07283113e-008,0.512973487,0.433021873,0.00205548177,0.484751165,0.427993476,0.00438633654,0.465578496,0.433758169,0.00598527305,0.459217727,0.443543017,0.00824897178,0.460840791,0.43453902,0.0108412867,0.46031791,0.430537641,0.00904953666,0.475899875,0.430251926,0.00491380272,0.487422168,0.431711584,0.0022958538,0.454166,0.443312287,0.00913207512,0.457415193,0.439356506,0.0103860078,0.473039955,0.438481718,0.00822681189,0.482646883,0.43889153,0.00657403888,0.454720736,0.452443808,0.00696814619,0.455608428,0.44814384,0.00738409255,0.47013244,0.445326239,0.00860496145,0.478935659,0.444616,0.00927239656,0.459327459,0.460445762,0.00488219736,0.458484441,0.456817448,0.00579357333,0.469673783,0.454000235,0.00929927733,0.476529717,0.45289126,0.0124413893
1933.3333333333364,0.588709,0.45517695,-1.96377048e-008,0.603145719,0.446961403,-0.00276442,0.619358599,0.444587201,-0.00489604101,0.632744193,0.445012808,-0.0073620365,0.64365232,0.444612056,-0.00909374934,0.631491542,0.457912862,0.00027621194,0.646398306,0.461208493,-0.00332611986,0.642585516,0.461366087,-0.00681655342,0.636188,0.460767776,-0.00855628401,0.626514494,0.464436054,-0.00089653593,0.638580918,0.469259471,-0.00154077471,0.63944,0.470956385,-0.0035880839,0.637722433,0.471911728,-0.00534735527,0.619107544,0.469100505,-0.00293196831,0.629126489,0.474862546,-0.00412749825,0.632555723,0.477667063,-0.0053928229,0.633872271,0.479426682,-0.0066294265,0.610009551,0.472342461,-0.00525993109,0.615048468,0.478004068,-0.00610969076,0.617535,0.480890095,-0.00561246881,0.618855596,0.483003408,-0.00517200585
1950.0000000000032,0.533419311,0.446468413,-1.01356285e-007,0.514439762,0.431314617,0.00260171643,0.486355811,0.427641571,0.00563807506,0.467321426,0.434557915,0.00775599666,0.461760134,0.444918841,0.0104844235,0.464081228,0.430165201,0.0129107852,0.460319549,0.430060655,0.0116486903,0.47481361,0.432218283,0.00822661631,0.488057733,0.433817416,0.00633074809,0.455991626,0.439727783,0.0110393139,0.457338,0.440774,0.0134548657,0.470277876,0.442023128,0.0114041334,0.480208367,0.441595882,0.00960653462,0.455704957,0.450221807,0.00859990437,0.456229568,0.45073995,0.00924787,0.46907118,0.449993402,0.00925595127,0.478026241,0.448550254,0.00896284264,0.459581167,0.459898949,0.00635188166,0.460780948,0.460491508,0.00699317455,0.47271049,0.459471196,0.00968594849,0.481031805,0.458225846,0.0122988075
1950.0000000000032,0.588223755,0.454857647,-1.50418433e-008,0.602364779,0.446710914,-0.00309082563,0.618594825,0.44411993,-0.00531951338,0.631999,0.444269329,-0.00789266266,0.642990887,0.443932027,-0.00968537666,0.631328404,0.457333416,0.000429026608,0.646078706,0.460712194,-0.00345729594,0.642513812,0.461152345,-0.00718295667,0.636239588,0.460710794,-0.00904670451,0.626617312,0.463755548,-0.000659547455,0.638551414,0.468556941,-0.00166083965,0.63914907,0.470416069,-0.00392336212,0.637162328,0.471476763,-0.00572165428,0.619353056,0.468470097,-0.00269437744,0.628933787,0.4739604,-0.00406748755,0.631886482,0.476731092,-0.00537265465,0.632714152,0.478435695,-0.00654284144,0.610180676,0.471867,-0.00510323653,0.614913046,0.47738415,-0.00606574351,0.617183089,0.480320245,-0.00566731626,0.61817956,0.482481599,-0.00522910664
1966.66666666667,0.532027423,0.444649935,-1.19935734e-007,0.510169744,0.430025935,0.00595209328,0.48313126,0.427087963,0.00964438822,0.465785116,0.435109764,0.0113633852,0.459937125,0.445588112,0.0134313032,0.467388391,0.425171256,0.0173495281,0.460210323,0.431648374,0.016927883,0.472738624,0.434889317,0.0135935908,0.4846811,0.435323,0.0114016235,0.45813337,0.434297591,0.0135292141,0.455369771,0.440928489,0.0160692241,0.467686146,0.443273544,0.0133617837,0.47833088,0.442150921,0.0111192269,0.455079228,0.444939077,0.00933113135,0.452884674,0.450816065,0.010806473,0.466961443,0.451545358,0.0104788113,0.476471573,0.449365914,0.00959095918,0.455783755,0.45579347,0.00544644194,0.457712412,0.460570425,0.00615624385,0.470682174,0.460643619,0.00812289491,0.478834,0.458764672,0.010062865
1966.66666666667,0.59058696,0.454412043,3.2862344e-009,0.603622913,0.446520597,-0.00313269487,0.619066536,0.443968266,-0.005277602,0.63225162,0.444140881,-0.00775780808,0.643394232,0.443591505,-0.00963809062,0.63040489,0.456464052,0.000584293564,0.64525336,0.459693968,-0.00305204839,0.643845379,0.460812777,-0.00658026664,0.638979852,0.461026609,-0.00843898,0.626018047,0.462890238,-0.000534662046,0.637514353,0.467793584,-0.00137562468,0.639420092,0.470279038,-0.00366671849,0.638859212,0.471994579,-0.005660058,0.619033158,0.467681319,-0.00260760519,0.628069758,0.473353803,-0.0041348068,0.631773,0.476551294,-0.00545368297,0.633613288,0.4788405,-0.00668109162,0.610210955,0.471286058,-0.00505049201,0.614654124,0.476875514,-0.00605735509,0.617249787,0.479912102,-0.00556882517,0.618847609,0.482273966,-0.00517619913
1983.3333333333367,0.590250552,0.454031765,-2.73299463e-008,0.603630483,0.446130812,-0.00243088487,0.61880827,0.44368121,-0.00473108748,0.631677806,0.443853915,-0.00752392737,0.64240104,0.443459958,-0.00964679662,0.631219804,0.456139624,9.40994214e-005,0.646025121,0.459701806,-0.0040123025,0.642559707,0.460242867,-0.0077967234,0.635865748,0.459541172,-0.00964741,0.626628518,0.462573916,-0.00143265945,0.638836443,0.467858,-0.00279617333,0.638391197,0.469331086,-0.00506589329,0.635247827,0.469592869,-0.0068065594,0.619380832,0.4674927,-0.00376751763,0.629544377,0.47355172,-0.00528679509,0.631454706,0.475875854,-0.00627973117,0.63123095,0.476814717,-0.00724239461,0.61021632,0.471251786,-0.00638309726,0.61536,0.47714147,-0.00719905132,0.617152035,0.479694,-0.00645928783,0.617665768,0.481140614,-0.00584667735
2000.0000000000034,0.533908725,0.445309401,-1.03680939e-007,0.512312591,0.429639637,-0.000951093622,0.483157873,0.426336944,-0.000655793701,0.462400258,0.433566272,-0.000799515867,0.457096189,0.444816917,-0.00028921169,0.462258,0.428928614,0.00693976181,0.458658636,0.431836665,0.00132435188,0.472349882,0.433789,-0.00528554479,0.483812332,0.434523821,-0.00920354296,0.455154181,0.438738376,0.00584336,0.456702471,0.441564292,0.00405472377,0.469958723,0.442403316,0.00067286432,0.479476959,0.441610575,-0.00147905108,0.454839528,0.449588865,0.00378755,0.456472039,0.451254398,0.00140787894,0.469612718,0.450689763,0.00116544205,0.478335768,0.449234486,0.00128428522,0.458222181,0.459942281,0.00150128501,0.462713391,0.461119056,0.000159973264,0.475121707,0.460329682,0.00200332375,0.482333153,0.45931235,0.00428923685
2000.0000000000034,0.589237869,0.453589976,-2.19486651e-008,0.603098392,0.445845723,-0.00209199497,0.618574679,0.443906367,-0.00414327253,0.631652832,0.444059044,-0.00660068914,0.642305076,0.443580031,-0.00847014,0.631415725,0.456214041,-0.000189339669,0.646388113,0.459973276,-0.00397764,0.644219697,0.460769832,-0.00736611476,0.638245165,0.460317552,-0.00901008677,0.62676388,0.462640107,-0.00164924795,0.639159381,0.468195975,-0.00293987058,0.639555812,0.469745874,-0.00500617269,0.636632204,0.470159739,-0.00653647399,0.619464874,0.467465848,-0.00380276446,0.629704118,0.473739296,-0.00528123183,0.632767797,0.476618171,-0.00644095149,0.633268714,0.478135824,-0.00749553321,0.610302329,0.470971525,-0.00615676492,0.615229428,0.476810515,-0.00710708462,0.617623031,0.479592383,-0.00658506434,0.618735731,0.481371075,-0.00608404167
2016.6666666666702,0.588973343,0.453951895,-7.257837e-009,0.602366805,0.446042329,-0.00235383376,0.61810708,0.443778723,-0.00451903511,0.631247401,0.443878353,-0.00706290454,0.641998,0.443524301,-0.00904228538,0.631428242,0.456220597,-0.000185217825,0.646563351,0.459906042,-0.00418206,0.645488858,0.460931391,-0.00779011054,0.639763296,0.460692644,-0.0095286,0.626800418,0.462685585,-0.00161062798,0.639126718,0.468423575,-0.00302498671,0.640004754,0.47024554,-0.00517548248,0.637289166,0.470893741,-0.00673795398,0.619428873,0.467517853,-0.00380142545,0.629474342,0.47391817,-0.00544992415,0.632573783,0.476804882,-0.00653060479,0.632928133,0.478364408,-0.00745237898,0.610177517,0.471013069,-0.00623876508,0.615344763,0.476838559,-0.00728324894,0.617672324,0.479629278,-0.00663985359,0.61850059,0.48140794,-0.0059960708
2033.333333333337,0.530162811,0.44429943,-1.01693324e-007,0.507248282,0.428281516,-0.000447168015,0.479675442,0.425557405,-0.000238504377,0.46262762,0.433400244,-0.00065829308,0.459167063,0.44439733,-0.000990488217,0.457081139,0.428777128,0.00685065659,0.459628731,0.432707787,0.00151304645,0.472473711,0.434712797,-0.00599120697,0.483261853,0.435543388,-0.0107906349,0.451309294,0.438701749,0.00528956205,0.456989944,0.441858709,0.00421835715,0.468948126,0.442878485,2.657816e-005,0.478723526,0.442318916,-0.00319906254,0.453030109,0.44967562,0.0029885082,0.45771578,0.451592714,0.000771983,0.469147295,0.451233834,-0.00051277352,0.47762844,0.449788183,-0.00144890812,0.458399951,0.460428357,0.000538027147,0.465178132,0.462468565,-0.00133730622,0.476782322,0.46162194,-1.16813144e-005,0.48404038,0.460379332,0.00182496
2033.333333333337,0.587487459,0.453720093,-5.04188069e-009,0.601517379,0.445753753,-0.00215181336,0.617904544,0.443498701,-0.00394693296,0.63141793,0.443605095,-0.0060481159,0.642174482,0.443328261,-0.00749134086,0.631066561,0.456135035,0.00019412463,0.646223664,0.459858745,-0.00300420704,0.644293129,0.460941017,-0.00605243305,0.638749063,0.460926414,-0.00755997561,0.626420677,0.462690353,-0.00107323041,0.639056563,0.468122721,-0.001409124,0.640620589,0.470536917,-0.00310996058,0.639062285,0.471964896,-0.00465866271,0.619100451,0.467509,-0.00306140631,0.629204631,0.473546833,-0.00395473093,0.632807612,0.476843476,-0.00496327085,0.63397336,0.478949189,-0.0060486407,0.609967351,0.470968485,-0.00527467346,0.615416288,0.476653069,-0.00573153375,0.618011713,0.47954765,-0.00488691917,0.619209945,0.48151511,-0.00423970539
2050.0000000000036,0.531326711,0.445010215,-5.77849875e-008,0.510289848,0.429718912,-0.00348638068,0.481061161,0.427057087,-0.00468885619,0.462582678,0.435183585,-0.00542581314,0.458003372,0.446147442,-0.00563492347,0.457535803,0.431001157,0.00173498411,0.459132135,0.432652682,-0.00438987697,0.473021209,0.433922678,-0.0113400556,0.483771563,0.434615612,-0.0156040136,0.4525024,0.440943569,0.00150832511,0.457247406,0.441702813,-0.00087181991,0.469357491,0.442231029,-0.004350028,0.479011238,0.441698223,-0.00681688543,0.455005825,0.451657534,0.000505012635,0.45785296,0.451329619,-0.00307160732,0.469289243,0.450029761,-0.00344845955,0.477966845,0.448351383,-0.00331489439,0.46108222,0.461410195,-0.000737782742,0.464524746,0.461541653,-0.00331429532,0.47572422,0.460034639,-0.00124752615,0.483383507,0.458775461,0.00136161211
2050.0000000000036,0.590522528,0.454506457,1.87806428e-008,0.603026748,0.446388572,-0.003040137,0.617843211,0.443643719,-0.00543108396,0.630392551,0.443512976,-0.00810189918,0.641198,0.443163216,-0.0102870138,0.630412638,0.456266701,-0.000366734399,0.644892037,0.459372848,-0.00424198667,0.645068586,0.460873693,-0.00788215548,0.641095281,0.461511582,-0.00979926,0.626110733,0.46274671,-0.00164319575,0.638046324,0.468017966,-0.00278085214,0.640600681,0.470866799,-0.00505431509,0.640123427,0.47307536,-0.006961904,0.619067132,0.467460066,-0.00379503961,0.628565073,0.473433,-0.00558816874,0.632346153,0.47688213,-0.00699730078,0.634079874,0.479455352,-0.00823362079,0.610079646,0.470872819,-0.00628318451,0.61455524,0.476389289,-0.00748133473,0.617199183,0.479405016,-0.00703577511,0.618763328,0.481735915,-0.00664884876
2066.66666666667,0.588067114,0.45450905,2.66108326e-008,0.601127148,0.446402192,-0.00308231264,0.617073536,0.444215387,-0.00523532787,0.630128741,0.44427073,-0.00766476244,0.641139746,0.443628877,-0.00956083369,0.630603731,0.456321746,0.000113969341,0.645279884,0.459998608,-0.00345172314,0.645880222,0.461909,-0.00683587417,0.642317593,0.462866873,-0.00858189,0.625912607,0.462916344,-0.00105274131,0.638030231,0.468293726,-0.00193494756,0.641111851,0.471396476,-0.00405806163,0.640767455,0.473735809,-0.00579084689,0.618524075,0.46769926,-0.00311336922,0.628536761,0.47370249,-0.00483118044,0.632324338,0.477252692,-0.00611168472,0.633747578,0.479739845,-0.00712916069,0.609248519,0.471151531,-0.00552419,0.614424884,0.476733088,-0.00671880459,0.617331743,0.47975257,-0.00614046538,0.618777752,0.481872827,-0.00552409
2083.3333333333367,0.590731084,0.454897642,2.60576144e-010,0.602946,0.446975887,-0.00389347179,0.617760062,0.44432649,-0.0068994835,0.630326271,0.444446236,-0.0100195259,0.64135921,0.444257438,-0.012438124,0.630846202,0.456823081,-0.00214467593,0.645965,0.460655063,-0.00694494322,0.643600464,0.46149078,-0.0109998873,0.637594819,0.461130708,-0.0129429121,0.626179695,0.463429511,-0.00319226971,0.638836,0.468967915,-0.00506927958,0.639729083,0.471126854,-0.00741856033,0.637774527,0.472176,-0.00915909838,0.618746221,0.468186319,-0.00516692922,0.629128218,0.474299,-0.00741388975,0.632235,0.477422416,-0.00861868821,0.63323307,0.479322612,-0.00956261531,0.609472573,0.471652418,-0.00749354204,0.615219951,0.477298826,-0.00893701,0.617936552,0.480202317,-0.00834115688,0.619543612,0.482073218,-0.00773517229
2100.000000000003,0.532121062,0.44639644,-1.29821871e-007,0.50841105,0.429920793,0.00391350826,0.480946749,0.427481949,0.00689278869,0.463873237,0.434933752,0.00801623,0.459534556,0.445609212,0.00934947655,0.460624129,0.427972108,0.0153597137,0.458207875,0.431140721,0.012850346,0.47170794,0.43385011,0.00743715744,0.483606488,0.434467614,0.00378361554,0.45271492,0.437455475,0.012198776,0.454161108,0.441438705,0.0131415259,0.467132181,0.443306565,0.0100695323,0.477659434,0.442366809,0.00770712737,0.452552557,0.44861418,0.00820821896,0.453451663,0.451511949,0.00741077261,0.466270119,0.451914907,0.00650133193,0.475596488,0.450340688,0.00583201693,0.456281096,0.460047722,0.00434532855,0.461083591,0.462931275,0.00325423595,0.473267853,0.462639689,0.00433863048,0.480907112,0.461356819,0.00591609441
2100.000000000003,0.587851763,0.455217868,-1.53089506e-008,0.601438582,0.447589576,-0.00249590143,0.61742723,0.445390463,-0.0051503,0.63084,0.445428401,-0.0081265606,0.64182061,0.444615364,-0.0104448581,0.631346285,0.457343251,-0.000929032452,0.64630419,0.461340129,-0.00512236217,0.642980516,0.462400466,-0.00892364886,0.636729598,0.462171257,-0.0107995784,0.626556814,0.463935405,-0.0023593253,0.639074385,0.469554454,-0.00343039469,0.639447391,0.471745372,-0.00543972664,0.637093127,0.472722411,-0.00717352098,0.619106174,0.468835682,-0.0045497641,0.629648268,0.475266129,-0.00590071175,0.632299781,0.478266358,-0.00669772225,0.632761836,0.479732364,-0.00759917405,0.609964311,0.472504884,-0.00698256725,0.616896868,0.478254318,-0.00741512282,0.619368494,0.480885953,-0.00620259,0.620471299,0.482251525,-0.00533605227
2116.6666666666697,0.588868439,0.455703676,-2.29142447e-008,0.601747453,0.448121876,-0.00276759826,0.617473841,0.445943475,-0.00543624721,0.630920768,0.446017772,-0.00846030749,0.642306447,0.445399225,-0.0108135426,0.63083142,0.458106548,-0.000893389864,0.646154881,0.461824954,-0.00536855031,0.643491507,0.46264106,-0.00937663671,0.637214899,0.462236881,-0.0113021769,0.626519561,0.464718699,-0.00233430252,0.640061319,0.470447391,-0.00421396224,0.639827847,0.471997917,-0.00649746181,0.636245728,0.472100258,-0.00805488,0.619535446,0.469693154,-0.00453404756,0.63086623,0.476199389,-0.0065053557,0.632383227,0.478155524,-0.00702025509,0.631301224,0.478293389,-0.00734986085,0.610569596,0.473457903,-0.00700910762,0.618534446,0.47943,-0.00796388,0.620502532,0.481081903,-0.00658061821,0.62050122,0.481044978,-0.00530936243
2133.333333333336,0.5883044,0.457088351,-5.53352137e-008,0.601254642,0.449121803,-0.00240079965,0.617279112,0.446699858,-0.00527772121,0.631096542,0.44665128,-0.00855443,0.642544329,0.445854634,-0.0110354032,0.63130033,0.458889,-0.00158991769,0.647088051,0.462388098,-0.00588778639,0.642148137,0.462547034,-0.00965141505,0.634813845,0.461713433,-0.0114847105,0.626907468,0.465581417,-0.00319198286,0.64161247,0.470882714,-0.00525794737,0.638755441,0.471089154,-0.00712331105,0.633003354,0.470053226,-0.00821393263,0.619894445,0.470804751,-0.00533860922,0.632916093,0.476788431,-0.00681974087,0.631693065,0.477221757,-0.00609386247,0.628053069,0.47621268,-0.00554919848,0.611008048,0.474915594,-0.00778829679,0.621014357,0.480515629,-0.00804456323,0.621592939,0.480893314,-0.00570294634,0.619739652,0.479864,-0.00371293211
2150.0000000000027,0.587818205,0.458576232,-5.48943753e-008,0.600621939,0.449993402,-0.00245755212,0.616761923,0.447152257,-0.00497780787,0.630689681,0.447038382,-0.00785417669,0.642210126,0.446426064,-0.00988662895,0.630934656,0.45929271,-0.000915912155,0.647455,0.462607175,-0.00472612539,0.642946124,0.462781399,-0.00814660825,0.63585639,0.462025762,-0.009767293,0.62702477,0.466114,-0.00228103553,0.641602755,0.471135855,-0.00368410279,0.639503181,0.471375406,-0.00527977478,0.634729743,0.470509231,-0.00633127848,0.620442212,0.47142294,-0.00426139124,0.632923961,0.477119148,-0.00529878493,0.632923603,0.4776721,-0.00468806271,0.630545497,0.476909161,-0.0043602651,0.611958921,0.475617737,-0.00655534,0.621971369,0.480773211,-0.00647124741,0.622880101,0.481099695,-0.00401865505,0.621236503,0.480142117,-0.00205029454
2166.6666666666692,0.587018132,0.460256189,-9.03120707e-008,0.599723458,0.451675713,-0.000884973735,0.616720259,0.448660731,-0.00277694804,0.63087213,0.44835183,-0.00520003913,0.642283797,0.447661072,-0.00680632936,0.631041169,0.460119694,-0.00175856589,0.64869982,0.463067412,-0.00534544094,0.643246651,0.462728411,-0.00802629441,0.635385633,0.461948812,-0.0090216212,0.627190471,0.46713981,-0.00361276395,0.643392146,0.471738815,-0.00524659641,0.63882494,0.470467687,-0.0058285119,0.632082522,0.468731016,-0.00584310805,0.620804906,0.472736716,-0.00568995066,0.635593891,0.477865815,-0.00639193179,0.6328789,0.476652592,-0.00433783093,0.627581835,0.474916488,-0.00284866313,0.612742603,0.477092266,-0.00791766,0.625101626,0.481864393,-0.00705911312,0.624649167,0.48078239,-0.00357464119,0.620910048,0.479049474,-0.000797864108
2183.3333333333358,0.587136924,0.462063819,-1.02622728e-007,0.600354731,0.453478456,-0.000926385,0.61672765,0.450142026,-0.00314564933,0.630929112,0.449510455,-0.00576248532,0.642188668,0.448687702,-0.00752668502,0.630607069,0.461621225,-0.00321315089,0.649684727,0.463130474,-0.00619409326,0.644594133,0.461285383,-0.0080112312,0.63687849,0.460855544,-0.00863147154,0.626769364,0.468509734,-0.0048872279,0.64476037,0.47084707,-0.00618344732,0.641042411,0.468310297,-0.0059570251,0.634374,0.467126369,-0.00558677875,0.620624542,0.473925382,-0.00663467124,0.637099385,0.477054089,-0.00711480714,0.635214508,0.474877268,-0.00450198585,0.629762471,0.473527938,-0.0027333654,0.613240898,0.47821182,-0.00847106427,0.627474248,0.481441349,-0.00740003213,0.627494037,0.47979641,-0.00366706634,0.623266697,0.478380263,-0.000769280363
2200.0000000000023,0.586789489,0.46531713,-1.19564376e-007,0.599305212,0.456209928,-0.000617776066,0.615901709,0.452329725,-0.00255575636,0.630222797,0.451828212,-0.00488970056,0.641457796,0.451044291,-0.00644887891,0.629617274,0.463560343,-0.00427169213,0.650055468,0.463568628,-0.00746356603,0.644968,0.461333513,-0.00907039922,0.637030542,0.46133405,-0.00945572276,0.626534879,0.470183581,-0.0060309777,0.646300614,0.470931292,-0.007999341,0.642101407,0.468175322,-0.0077770357,0.634922087,0.467837483,-0.00718496367,0.620968699,0.475505382,-0.00772610959,0.639575839,0.477247626,-0.00896478258,0.637259543,0.474922627,-0.00659311702,0.630966663,0.474392295,-0.00469176518,0.61426729,0.479808718,-0.00941864774,0.630290806,0.482121646,-0.00905394461,0.630265534,0.480327249,-0.00575329876,0.625309587,0.479484141,-0.00297864433
2216.666666666669,0.521627903,0.445285976,-4.48747457e-008,0.507814884,0.441156596,0.00527665671,0.490831703,0.437848806,0.00810435,0.48067829,0.434636682,0.00900753587,0.474517852,0.432420492,0.0100960471,0.475480944,0.437947392,0.0115770567,0.457532,0.439209938,0.0113670379,0.450237185,0.44235006,0.0100111878,0.446791112,0.445486397,0.00952839479,0.473783642,0.441388786,0.00831029378,0.455305248,0.442784101,0.00922115613,0.449591964,0.445166856,0.00884652231,0.447168261,0.44736442,0.00902771205,0.473729312,0.445622504,0.00455101253,0.456386238,0.446805924,0.0065213358,0.44991833,0.448452592,0.0078753978,0.446183413,0.450001389,0.00873987656,0.474873215,0.450395823,0.000853841309,0.459738523,0.451025844,0.00385150197,0.45345664,0.451700121,0.00669984799,0.449450076,0.452406228,0.00879819226
2216.666666666669,0.584974051,0.469306439,-1.33967205e-007,0.59776032,0.459728181,-0.00099787931,0.614596546,0.455176622,-0.0033788234,0.629053831,0.454104602,-0.0060609011,0.640332699,0.453186721,-0.00787744764,0.627765357,0.465989977,-0.00562214945,0.649691582,0.464776129,-0.00957293622,0.642896414,0.462484032,-0.0114612179,0.634077251,0.462628901,-0.0118578607,0.625185788,0.472741336,-0.0072684763,0.646199405,0.472060651,-0.00985709485,0.640538216,0.469335616,-0.0096216565,0.632530272,0.469421476,-0.00893620122,0.620155573,0.478216916,-0.00882103574,0.639590681,0.478462428,-0.0104271946,0.635795057,0.475797474,-0.00773840304,0.628415704,0.475554407,-0.00557817612,0.614113212,0.482657462,-0.0103803882,0.631165743,0.483618855,-0.0101422379,0.629321933,0.481076658,-0.00644717645,0.622433424,0.480277628,-0.00338574639
2233.3333333333353,0.516236424,0.442587107,-1.30228601e-008,0.503032804,0.43554002,0.00677114679,0.490266621,0.432604522,0.00853839517,0.482061565,0.430491924,0.00808363501,0.476786554,0.429340452,0.00725952489,0.474826,0.434246719,0.00888734683,0.458076268,0.436434865,0.00769587653,0.450058699,0.439067811,0.00571603049,0.445039809,0.441772044,0.00457616383,0.473448187,0.438572377,0.00429328904,0.455802053,0.441112,0.00381903839,0.448499,0.443640411,0.00240385835,0.444462955,0.446047783,0.00144012424,0.473607332,0.443649,-0.000275643659,0.457164109,0.446249634,0.000343699881,0.449924767,0.44808659,0.000307232636,0.445742488,0.449855685,3.6379668e-005,0.474987298,0.449056923,-0.00446871482,0.460837781,0.451307774,-0.00280472566,0.453872859,0.452611,-0.00106141809,0.449066937,0.453798652,9.59817844e-005
2233.3333333333353,0.58369261,0.47204563,-1.12616796e-007,0.596735477,0.462889969,-6.39436475e-005,0.613564,0.459041297,-0.00153462926,0.627807915,0.457941592,-0.00345945894,0.638987064,0.456694365,-0.00463074818,0.626874506,0.468947351,-0.00322843599,0.648691714,0.468314171,-0.00668057427,0.645987749,0.465902239,-0.00838732347,0.639027357,0.465793878,-0.0085499147,0.62445581,0.4755539,-0.00504623353,0.646965563,0.475137621,-0.00745222671,0.64419347,0.472015381,-0.00728498446,0.637161791,0.471836597,-0.00634715,0.619805038,0.480957985,-0.00680226134,0.640982211,0.481026709,-0.00810634531,0.639450669,0.47794345,-0.00549573917,0.633399069,0.477460384,-0.00311077456,0.614092648,0.485266209,-0.00854749512,0.632187724,0.486246705,-0.00769850891,0.632962823,0.483530819,-0.00395087246,0.628340065,0.482448757,-0.000785167154
2250.000000000002,0.513808906,0.444391876,-1.48322554e-008,0.500851572,0.437296659,0.00568381557,0.486684293,0.434390664,0.00741437776,0.476700336,0.432803392,0.00740716048,0.470586061,0.432160079,0.00693210075,0.475051045,0.435836405,0.00582053745,0.459519833,0.43813172,0.00476217037,0.451267481,0.440616757,0.00317468,0.446014971,0.443196476,0.00220132549,0.474022895,0.4405137,0.00210107304,0.457981229,0.443229914,0.00193868042,0.450190604,0.445811093,0.00101087533,0.445323408,0.448363274,0.000116923424,0.474704534,0.445858777,-0.00141893153,0.459715247,0.448251426,-0.000727078586,0.452057213,0.450350076,-0.000722068304,0.447380096,0.452365041,-0.00126286503,0.476817489,0.451457,-0.00458553527,0.46460256,0.453595877,-0.0035062097,0.45820269,0.455248713,-0.00227793725,0.453745633,0.457009763,-0.0015443759
2250.000000000002,0.579623044,0.475942,-4.26265636e-008,0.592995942,0.466649,-0.00226999749,0.609577358,0.462792605,-0.00388967129,0.624712706,0.462125659,-0.00520627946,0.637420893,0.46158427,-0.00596243422,0.622961164,0.473169118,-0.00297797797,0.641237,0.472893924,-0.00496380311,0.648810744,0.471670151,-0.00637841597,0.652161777,0.470921248,-0.006879,0.62102437,0.480031759,-0.0032726503,0.641118526,0.479881495,-0.00375570683,0.648008525,0.477527678,-0.00340203545,0.649521,0.475834072,-0.00304402434,0.616910756,0.485217392,-0.00382718886,0.637263477,0.485662222,-0.00469958875,0.643559575,0.483136863,-0.00300284103,0.644784868,0.481249303,-0.00150752219,0.611850202,0.488988131,-0.00461029261,0.628181636,0.490420103,-0.00484837685,0.63424325,0.488687605,-0.002710514,0.635897,0.486875564,-0.000668235414
2266.6666666666683,0.514529347,0.44588843,-6.42874332e-009,0.501642287,0.439987838,0.00407989975,0.488029361,0.437574863,0.00483601727,0.479057729,0.436003447,0.00403372524,0.473997146,0.435465842,0.00288709393,0.476022273,0.439628422,0.00431702286,0.461398244,0.441665262,0.00253157644,0.453061968,0.444183618,0.00034926986,0.447359711,0.446779698,-0.00119199185,0.47582379,0.443731189,0.000705739774,0.46072188,0.446407497,-9.86495652e-005,0.452929616,0.449149072,-0.00141559588,0.447737157,0.451864541,-0.00267567555,0.477453649,0.448571801,-0.0028815635,0.462815493,0.45117861,-0.00314289238,0.455418646,0.453787982,-0.00347759225,0.45070228,0.456204474,-0.00417608768,0.480623,0.453707904,-0.00627787923,0.468839139,0.456594795,-0.00644821,0.462485373,0.458853245,-0.00588524248,0.457988828,0.461057782,-0.00554156
2266.6666666666683,0.576640844,0.479826242,-1.97350278e-008,0.59102875,0.470966309,-0.000943068473,0.60837549,0.468135118,-0.00147723628,0.62377584,0.468382776,-0.00185093028,0.636510611,0.468275875,-0.00184015057,0.619237602,0.478156567,-0.00178610557,0.637666345,0.478718787,-0.00317203207,0.646709,0.478858292,-0.00387483509,0.652465463,0.478945732,-0.00388720213,0.617206872,0.485082537,-0.00252178987,0.637485,0.485951632,-0.003250479,0.645364642,0.48502475,-0.00276512699,0.648148537,0.484155804,-0.00192395691,0.613254249,0.490551442,-0.00335245091,0.633459389,0.491896451,-0.00445749471,0.641174436,0.490600288,-0.00292521273,0.643864393,0.489463627,-0.00117640453,0.608305097,0.494676501,-0.0042360886,0.625239551,0.49644348,-0.00423323736,0.631947,0.49554792,-0.00184072868,0.634460747,0.494382411,0.000559354259
2283.333333333335,0.515219927,0.448459744,2.12001461e-009,0.50151974,0.442815661,0.00424850173,0.487633705,0.441645443,0.00544756837,0.478701055,0.44193235,0.00525147188,0.472583801,0.442955047,0.00469555054,0.47657609,0.443434656,0.0037678373,0.462153,0.447247744,0.00228397362,0.45357722,0.45020923,0.000508487399,0.447560519,0.453029275,-0.000690918823,0.476755232,0.447567046,0.000276925421,0.461314321,0.451663107,-0.000481650932,0.45313859,0.454631537,-0.00146432885,0.44759807,0.457457066,-0.00231256243,0.478981942,0.452448905,-0.00306369062,0.464116156,0.45624122,-0.00335904327,0.45654422,0.458980143,-0.00352515932,0.451508522,0.46142903,-0.00387649238,0.48298496,0.457727313,-0.00613708235,0.470682085,0.46081844,-0.00639821216,0.463957489,0.463018805,-0.00574005768,0.459100336,0.465211779,-0.00511659076
2283.333333333335,0.573307335,0.484173208,1.95904093e-008,0.589671731,0.476680279,-0.000654634146,0.607716501,0.47405836,-0.0021575822,0.623579383,0.475043684,-0.0035423385,0.636045158,0.475999087,-0.00459494395,0.616291821,0.483467191,-0.00382841332,0.635664284,0.485966623,-0.00644033076,0.644674122,0.487239182,-0.00766745768,0.649978757,0.487799942,-0.00786307734,0.612741351,0.490222722,-0.00509450492,0.632579446,0.493635595,-0.00631965,0.641233385,0.494949043,-0.00611218205,0.645433426,0.495609224,-0.00562307891,0.607465327,0.495607883,-0.00632971,0.626358807,0.498873055,-0.00713458,0.635404885,0.500017762,-0.00587593112,0.640528917,0.500498354,-0.00478742924,0.601392865,0.499786198,-0.00757325813,0.616283298,0.50286752,-0.00756812096,0.624559641,0.503964245,-0.00559682492,0.630515695,0.504432678,-0.00369409262
2300.0000000000014,0.519354284,0.452257276,-4.21587076e-009,0.503251314,0.44735086,0.00389263779,0.487786442,0.447612882,0.0046975296,0.477649152,0.450601429,0.00421354128,0.471846223,0.454467297,0.00327222073,0.480114371,0.447392493,0.00285467762,0.465268433,0.451783657,0.000485021796,0.456018537,0.45558697,-0.00180142187,0.449584067,0.459137231,-0.00331718614,0.480586737,0.451155454,-0.000779322756,0.464515805,0.45585984,-0.00227659196,0.455435216,0.459376186,-0.00376094924,0.449055344,0.462573558,-0.00498712156,0.483234495,0.455864102,-0.0042976616,0.46715048,0.460337818,-0.00544821238,0.458479732,0.463744372,-0.00635269145,0.452474862,0.466566652,-0.00711750239,0.487737298,0.461258531,-0.00751027884,0.474268317,0.465053111,-0.00858936,0.466599733,0.467919707,-0.00869183801,0.461063176,0.470708519,-0.00857726112
2300.0000000000014,0.570091903,0.488029301,5.03266122e-008,0.587873578,0.482473552,-0.000414867711,0.605949283,0.481491655,-0.00217204681,0.620684922,0.48329556,-0.00389954704,0.632692099,0.484670758,-0.00549015682,0.612493038,0.489705145,-0.00529906945,0.631636,0.493669033,-0.00836592447,0.640686572,0.496384203,-0.00972237159,0.646302342,0.498542607,-0.0101748547,0.607601583,0.495773166,-0.00714019733,0.62630707,0.501162469,-0.00872420054,0.634880722,0.504183292,-0.00887579191,0.640005708,0.506494462,-0.00898255315,0.601047,0.500866,-0.00882830098,0.618688583,0.506200075,-0.00988488179,0.62744844,0.508883238,-0.00911408849,0.632968664,0.510718,-0.00869545061,0.593657613,0.505084336,-0.0104900515,0.607621372,0.509738445,-0.0108041316,0.615755439,0.512159,-0.00919990707,0.62202,0.513834238,-0.00780817866
2316.666666666668,0.5212816,0.456136554,-1.23492461e-008,0.505081713,0.451867431,0.00377594563,0.48998332,0.452084064,0.00418988382,0.479883939,0.454075128,0.00333300116,0.473891139,0.457264572,0.00186124281,0.481324822,0.453083694,0.00119701575,0.466558546,0.458099425,-0.00170627364,0.457511306,0.46239996,-0.00433426211,0.451374471,0.466225326,-0.00610313797,0.482875079,0.456632674,-0.00271649775,0.466174513,0.462303221,-0.00515035167,0.457630068,0.466795504,-0.00718793273,0.452670693,0.470876873,-0.00871976931,0.486812353,0.461105078,-0.00640280545,0.47043246,0.466653347,-0.00828365,0.462071091,0.470937222,-0.00981396,0.45748353,0.474555552,-0.0110010738,0.492552936,0.466127276,-0.00971540064,0.48003909,0.471096188,-0.0113847191,0.472873,0.47456193,-0.0119965114,0.468234748,0.477751493,-0.0122971535
2316.666666666668,0.56626755,0.493110299,7.97606745e-008,0.58537817,0.488927603,-0.000856217463,0.603432059,0.489591151,-0.00280610356,0.617145956,0.492509574,-0.00460643554,0.628656387,0.494611651,-0.0062706368,0.608218312,0.496843636,-0.00638056314,0.626174092,0.502616,-0.010077145,0.635334492,0.506803811,-0.0118125305,0.641338348,0.510236263,-0.0125830611,0.601805687,0.502366841,-0.00821088068,0.618485451,0.509772956,-0.0104377149,0.626440704,0.514187515,-0.0110103674,0.631462216,0.51755774,-0.0115340911,0.593865931,0.50698334,-0.00991394557,0.609569252,0.514293611,-0.0117055988,0.617909312,0.518282235,-0.0116019202,0.623556435,0.52107048,-0.0117314328,0.58521235,0.510763228,-0.0116045792,0.597193778,0.517012894,-0.0127231777,0.604636729,0.520332456,-0.0118955262,0.610858202,0.522685289,-0.0111646829
2333.3333333333344,0.531899,0.461478561,-6.72519533e-008,0.512890399,0.458337516,0.00528964167,0.496218771,0.459160179,0.00606101193,0.485250741,0.460237145,0.00491396151,0.477639914,0.461764872,0.00322847418,0.4847911,0.461207867,0.00373028079,0.468795806,0.466698974,0.000683388731,0.46073544,0.47086224,-0.00220021117,0.455475748,0.474541903,-0.00411053095,0.487595588,0.464616776,-0.00136908947,0.470365673,0.470630229,-0.00374739734,0.462930977,0.474969208,-0.00586102437,0.458803833,0.478777051,-0.00742078945,0.492858827,0.468803078,-0.0063286256,0.475535631,0.474659,-0.00777022867,0.468316525,0.47872445,-0.00838004891,0.464678615,0.482062757,-0.0090013789,0.499892265,0.473515838,-0.0109498939,0.486464471,0.478430063,-0.0115299318,0.479289144,0.481448114,-0.0108217839,0.47453627,0.484265924,-0.0103128701
2333.3333333333344,0.561824799,0.497199208,1.0027518e-007,0.58206737,0.495594859,-0.000721217715,0.599981904,0.498575628,-0.00268021482,0.61229,0.502417803,-0.00473029912,0.622497737,0.505147099,-0.00665520737,0.603780925,0.503231,-0.00590410596,0.618752062,0.510808647,-0.0103699518,0.626622677,0.516342819,-0.0129180178,0.631851315,0.520828545,-0.0143882791,0.595890462,0.508069575,-0.0084004486,0.609448612,0.517346799,-0.0116030723,0.61609745,0.523346782,-0.0131034357,0.620471478,0.528045118,-0.014353727,0.586355269,0.512362897,-0.0108762644,0.59922117,0.521456122,-0.0136211878,0.606003,0.526843309,-0.0139087718,0.610927403,0.53080368,-0.014278003,0.576360822,0.515956819,-0.0133872125,0.586298,0.523422778,-0.0152730746,0.592117965,0.527811,-0.0147958091,0.597204447,0.531306446,-0.0143523244
2350.000000000001,0.536151946,0.466612577,-6.40882458e-009,0.517064929,0.462943435,0.00426242221,0.502347052,0.464352816,0.00472815474,0.492813468,0.466115505,0.00350645278,0.487071782,0.468428701,0.0017112717,0.492352575,0.467249453,0.00248954073,0.47704041,0.473255157,-0.00057006831,0.467991292,0.477817357,-0.00356899388,0.461657,0.481907517,-0.00564363226,0.494593,0.470995486,-0.00185422297,0.477984399,0.477464139,-0.00427048048,0.468807161,0.482373655,-0.00654416764,0.463133901,0.486656398,-0.00854514446,0.499333233,0.475143671,-0.00609141728,0.48273778,0.481123954,-0.00792788435,0.474895567,0.485405952,-0.00941689312,0.471050382,0.488951117,-0.0107806688,0.505695581,0.479449,-0.0100490293,0.493287563,0.484175175,-0.011468024,0.486707926,0.487638861,-0.0118839275,0.482918322,0.490820974,-0.0122235855
2350.000000000001,0.556861341,0.501018703,1.07969051e-007,0.576268852,0.50201416,7.22967816e-005,0.592841625,0.507099211,-0.00170740078,0.604701757,0.511832774,-0.00366126164,0.615511,0.514235795,-0.00560135674,0.596570432,0.510803759,-0.0063388967,0.610074,0.519580543,-0.0107903136,0.616850317,0.525744915,-0.013089723,0.621111572,0.530660808,-0.0142882867,0.587812424,0.514483094,-0.00917631295,0.599893272,0.524993598,-0.0124923177,0.605117559,0.531772792,-0.0138492519,0.608191,0.53691113,-0.0148981065,0.577433348,0.517705142,-0.0118106296,0.588123679,0.52827704,-0.0146092419,0.593338788,0.534693301,-0.01493984,0.597031176,0.539261758,-0.015253365,0.566798,0.520299852,-0.0143707069,0.575005054,0.528979301,-0.0161402095,0.579525232,0.534145951,-0.0156736318,0.583452046,0.538235903,-0.015211002
2366.6666666666674,0.539175093,0.472531199,2.26295018e-008,0.520487666,0.469473124,0.0021693958,0.504110634,0.471601069,0.00198245468,0.491338,0.474402547,0.000746079138,0.482890755,0.477755457,-0.00100082054,0.496883124,0.474192053,-0.00101298653,0.481586158,0.47960332,-0.005098138,0.472431839,0.484091312,-0.00856070779,0.466230214,0.488410413,-0.0108629577,0.500241816,0.478379816,-0.00439362787,0.484152466,0.485115707,-0.00799852144,0.475102395,0.49029097,-0.0106136268,0.469082326,0.495008141,-0.0126017313,0.506052494,0.482626408,-0.00767631643,0.490682602,0.489501745,-0.0105482927,0.482750863,0.494348258,-0.0120434947,0.477799803,0.498500764,-0.0131860329,0.513535738,0.486794382,-0.0107639031,0.501632392,0.492033869,-0.0134134861,0.495051563,0.495915681,-0.0142215323,0.490480453,0.499414533,-0.01454225
2366.6666666666674,0.551454127,0.504588783,1.0894346e-007,0.570416093,0.507221401,0.000428882486,0.58585465,0.514248431,-0.000889658229,0.596524358,0.520384252,-0.00232928875,0.607042849,0.523262143,-0.00372666656,0.589430153,0.516612887,-0.0064444039,0.600660324,0.526442528,-0.0109613631,0.606134176,0.533242643,-0.013208448,0.609605789,0.538646102,-0.0143970978,0.580329537,0.51955235,-0.00946020056,0.589701355,0.531244636,-0.0130507434,0.593624055,0.538592815,-0.0144766951,0.595983386,0.544197917,-0.0155472849,0.569479465,0.522053123,-0.0122328177,0.577620804,0.533747673,-0.0154385464,0.581232071,0.540895581,-0.0160581023,0.583866775,0.546131492,-0.016495822,0.558301389,0.52401489,-0.0148713356,0.564545274,0.53366679,-0.0169328973,0.567885697,0.539336503,-0.0168123692,0.570897102,0.543937624,-0.0166286789
2383.333333333334,0.546073079,0.477411926,2.91297084e-008,0.526986718,0.47589314,0.00300902827,0.510179639,0.480144143,0.00304389908,0.499393582,0.485771894,0.00212545623,0.493322134,0.491092,0.000564281596,0.504888535,0.481198698,-0.00274265418,0.488672793,0.488154352,-0.00666594785,0.479126573,0.493139952,-0.00924047269,0.473089606,0.497644424,-0.0107686231,0.508800209,0.485100746,-0.00649754098,0.491687477,0.493565619,-0.00991711486,0.482770801,0.499492764,-0.0119203525,0.4775998,0.504538,-0.0133486921,0.515330136,0.489149898,-0.00986425951,0.49938637,0.497614145,-0.0125379385,0.491486341,0.503286,-0.014346296,0.486911923,0.507904828,-0.0156756565,0.523684204,0.493211269,-0.0128111253,0.51193738,0.499610424,-0.0153304534,0.505771458,0.504185617,-0.0164835528,0.50170517,0.508260608,-0.0170873236
2383.333333333334,0.5453614,0.508247674,1.19173677e-007,0.564390302,0.512018681,0.000231147089,0.578604102,0.519902527,-0.000993303722,0.588239968,0.526830912,-0.002393862,0.598431766,0.53009212,-0.00370738772,0.582036197,0.521875322,-0.00543868821,0.591474175,0.532590508,-0.00965765584,0.596219838,0.539783478,-0.0118653774,0.599324,0.54535985,-0.013051345,0.572423756,0.524629831,-0.00825110357,0.580515265,0.536608696,-0.0114220455,0.583810329,0.544113517,-0.0129745258,0.585526109,0.54981631,-0.0141735449,0.561431646,0.526837945,-0.010884556,0.568270087,0.538528085,-0.0137156351,0.571212173,0.545557916,-0.0144193769,0.573267281,0.550751,-0.0149701741,0.550320089,0.528514802,-0.0134388478,0.555311143,0.538092554,-0.0152351363,0.558019042,0.543751121,-0.0150804,0.560403585,0.548344553,-0.0148769943
2400.0000000000005,0.550892889,0.483818442,4.05498284e-008,0.531366527,0.481784314,0.00329698063,0.515310109,0.484913498,0.00309449248,0.505709291,0.489148378,0.00202226616,0.501632214,0.493990541,0.000155909511,0.508843899,0.488762975,-0.00429951213,0.492741555,0.496744215,-0.00838825386,0.484584659,0.502268612,-0.0107326088,0.479928821,0.506862044,-0.0119345607,0.514691949,0.493198723,-0.00810500234,0.498695612,0.50271,-0.0113479542,0.490728498,0.508743405,-0.0129815163,0.486302972,0.513471544,-0.0142269498,0.523266673,0.497338206,-0.0113503709,0.509238243,0.50684011,-0.0137592768,0.502281845,0.51288265,-0.014922007,0.498462856,0.517258,-0.0158763751,0.533113718,0.500921726,-0.0141063528,0.522989154,0.508504212,-0.016318636,0.517085314,0.513265252,-0.0168471709,0.512674272,0.516952813,-0.0169670321
2400.0000000000005,0.54111141,0.512368083,1.15389241e-007,0.560031891,0.516677,0.000273817539,0.572821379,0.524682522,-0.000976200739,0.581066251,0.53176713,-0.00250146654,0.59038955,0.535303056,-0.00390438642,0.574960947,0.526640832,-0.00509704882,0.582504511,0.537755,-0.00949882809,0.586195111,0.544855893,-0.011756463,0.588580966,0.550341785,-0.0129228346,0.565352619,0.529016,-0.00794337876,0.57245928,0.540930808,-0.0114494171,0.575821102,0.548441291,-0.0131524662,0.578037739,0.554189801,-0.0144069009,0.554534137,0.5308972,-0.0106604323,0.560310841,0.542518497,-0.0138745205,0.56325227,0.549543321,-0.0147519317,0.565642357,0.554834425,-0.015308328,0.543432832,0.532334447,-0.013292321,0.547326624,0.542073548,-0.0154220583,0.549748182,0.547786057,-0.0154230502,0.551932812,0.552457452,-0.0152590405
2416.666666666667,0.558156908,0.490288407,4.65450221e-008,0.537979543,0.488416731,0.00288180611,0.520649195,0.491784245,0.00218877662,0.509582937,0.496789694,0.00104077486,0.504691899,0.501928508,-0.000887959439,0.515880704,0.495724946,-0.00709182955,0.499651581,0.504619718,-0.0114973933,0.49190253,0.510571957,-0.0135089979,0.487864465,0.515196204,-0.0143179074,0.523357689,0.500298917,-0.0105290869,0.506630599,0.510688484,-0.0139289591,0.498533666,0.516949236,-0.0149033675,0.494045407,0.521526873,-0.0155940345,0.532778323,0.504630446,-0.0132380351,0.518545449,0.514862955,-0.0153913014,0.510757208,0.521004498,-0.0160081536,0.505997,0.52517879,-0.0166437477,0.542977273,0.508319616,-0.0154289231,0.532995522,0.516449928,-0.01726803,0.52688992,0.521350205,-0.0174279213,0.522137821,0.525038123,-0.0173156932
2416.666666666667,0.53406775,0.51693821,1.15443711e-007,0.552490532,0.520034373,-6.60804217e-005,0.565906644,0.527318358,-0.00163590012,0.574818194,0.534380257,-0.00340098445,0.584170103,0.538201094,-0.00502080563,0.567588806,0.529395759,-0.00612788461,0.575963497,0.541061521,-0.0107626542,0.579357207,0.548463345,-0.0128913037,0.581406534,0.553883433,-0.013759736,0.557926953,0.531469584,-0.00887267478,0.565636456,0.544187665,-0.0127871726,0.568916321,0.551799357,-0.0143449455,0.570784628,0.557305098,-0.015199149,0.547142267,0.53331244,-0.0114392824,0.55322063,0.545874834,-0.0146784866,0.55622679,0.553016365,-0.0153078791,0.558645368,0.558180213,-0.0155222444,0.53605926,0.534766436,-0.013914221,0.540032268,0.544961035,-0.0161105096,0.542956352,0.550827861,-0.0159573238,0.545630693,0.555456519,-0.015509963
2433.3333333333335,0.564210474,0.496299058,5.60109719e-008,0.542970479,0.495194584,0.00244489382,0.525875151,0.499403298,0.00146319577,0.516011894,0.505525827,0.0001189498,0.511126935,0.511066079,-0.00196799566,0.522759736,0.502638,-0.00703897607,0.507196367,0.511617541,-0.0116056418,0.499308079,0.517559111,-0.013794167,0.494804561,0.522163272,-0.0147289475,0.530864298,0.507366657,-0.0103844637,0.514425695,0.518014073,-0.0140455915,0.50641191,0.524044,-0.0151215261,0.501773119,0.528356671,-0.0158287715,0.540515423,0.511791706,-0.0130932312,0.525747418,0.52237618,-0.015540285,0.517482,0.528465688,-0.0160657186,0.512336135,0.532461345,-0.0165157877,0.55046916,0.515583098,-0.0153200962,0.539380133,0.524507105,-0.0172818899,0.53217423,0.52937007,-0.0173783638,0.526354909,0.532874703,-0.0171839576
2433.3333333333335,0.529588282,0.521092534,1.11247182e-007,0.547683537,0.522993267,-0.000528285,0.560954154,0.529556215,-0.00206203782,0.569542825,0.536711574,-0.00347352261,0.578417242,0.540793717,-0.00473810639,0.561348796,0.533084512,-0.00768249761,0.570619762,0.544589341,-0.011803559,0.57417649,0.551459968,-0.0131379748,0.576191604,0.556362033,-0.0134416185,0.551583648,0.535555482,-0.0098532876,0.560116351,0.547972202,-0.013179699,0.563673615,0.555087864,-0.0139216464,0.565608919,0.560101807,-0.0142608481,0.540839612,0.537489235,-0.0117599,0.547455728,0.549631357,-0.0145676909,0.550769806,0.556306899,-0.0147922104,0.553326905,0.560979068,-0.0148345353,0.529922068,0.538899541,-0.013554371,0.533831894,0.548752129,-0.0156896636,0.536630511,0.554415703,-0.0154099073,0.539152503,0.558829308,-0.0148564558
2450.0,0.567652822,0.501425147,7.60904797e-008,0.547002792,0.500502408,0.000463563221,0.529711604,0.504609108,-0.00116541865,0.52006942,0.511504173,-0.00273176329,0.516451597,0.517249703,-0.00489150872,0.52930361,0.509441495,-0.00915302429,0.513552248,0.518604398,-0.0141096143,0.505729139,0.524402082,-0.0163882766,0.501197875,0.528864503,-0.0173242353,0.537927687,0.514345348,-0.0114592323,0.521899223,0.525084257,-0.0153422896,0.514295578,0.531370282,-0.016533589,0.509972811,0.535767794,-0.0172989741,0.54765296,0.518527031,-0.0132017005,0.534665346,0.528869092,-0.0157552641,0.527495921,0.534983277,-0.016590856,0.523093045,0.53903532,-0.0173196457,0.557636797,0.521824956,-0.0146386698,0.547688663,0.529800057,-0.0167514533,0.541911364,0.534560263,-0.0171815287,0.537389159,0.538177252,-0.0172594842
2450.0,0.524496257,0.523856819,1.03999241e-007,0.54117,0.526103079,-0.00269114668,0.555330873,0.532283783,-0.00494610285,0.564323723,0.53900826,-0.00680453796,0.573521,0.543565035,-0.00853522681,0.556073546,0.535929501,-0.00760924583,0.565446377,0.545885,-0.012318993,0.569390178,0.552578926,-0.0147679225,0.571929872,0.557650626,-0.016087776,0.546442,0.538357854,-0.00919615,0.554190457,0.549588859,-0.0129698617,0.557854474,0.556478381,-0.014730107,0.560266256,0.561725497,-0.0159761067,0.535561502,0.539959848,-0.010915583,0.541362107,0.550996304,-0.0146047007,0.544729531,0.5576846,-0.0157717913,0.547509,0.562763572,-0.0164787695,0.524051785,0.541153252,-0.0127134807,0.527809381,0.550097,-0.0161237866,0.530840933,0.555829108,-0.016848946,0.533741355,0.560587049,-0.0170262456
2466.6666666666665,0.570521772,0.505278647,6.83034926e-008,0.54994005,0.504867375,6.75411211e-005,0.532513857,0.509490192,-0.00107713661,0.523203254,0.516462684,-0.00210431241,0.517634273,0.521886,-0.00367449201,0.532082558,0.515178204,-0.00811322313,0.519202292,0.525025606,-0.0118288547,0.512803614,0.530824602,-0.0134931467,0.508317,0.535450041,-0.0143749528,0.542030394,0.51956743,-0.0100577632,0.530151963,0.530853391,-0.0131676216,0.523971319,0.536955237,-0.0145156793,0.519307792,0.541501701,-0.0156100988,0.552488387,0.523097157,-0.0114839571,0.542416275,0.534021735,-0.013670776,0.53645581,0.540341318,-0.0147918845,0.53179127,0.54493171,-0.015891023,0.562611699,0.525611579,-0.0126465419,0.555365801,0.534378231,-0.0149132395,0.550981343,0.539465845,-0.0156671964,0.546903849,0.543521047,-0.0159972701
2466.6666666666665,0.528607,0.523312449,5.89766813e-009,0.519574404,0.531200886,0.000648911344,0.517374396,0.539534926,-0.000360945036,0.521718621,0.546833217,-0.00190905517,0.525962353,0.5527426,-0.00388422748,0.519705832,0.542954683,-0.00468654,0.52451396,0.552574515,-0.00877027865,0.528537571,0.558241725,-0.0112501746,0.532119274,0.562133968,-0.0127858939,0.529980242,0.543071449,-0.00740875117,0.535913408,0.553899646,-0.0110386219,0.540204883,0.56027,-0.012850049,0.544001579,0.564855516,-0.0143378591,0.540327311,0.542032659,-0.0100955926,0.547088742,0.552449882,-0.0134942783,0.551660955,0.559083223,-0.0151516665,0.555064321,0.564167082,-0.0164774451,0.550543189,0.540167511,-0.0125305224,0.558433294,0.548359,-0.0158729497,0.562869668,0.554039419,-0.0172915738,0.565992832,0.558781862,-0.0182136223
2483.333333333333,0.572198749,0.507458508,8.6070834e-008,0.552844524,0.507701933,-0.000296144222,0.536329567,0.512789667,-0.00186050916,0.526572,0.519405186,-0.00334436214,0.520166337,0.524589062,-0.00555054331,0.535677373,0.51885283,-0.00961388182,0.523397326,0.529138505,-0.0143130692,0.516593397,0.534953892,-0.0164813083,0.511230469,0.539352894,-0.0176463667,0.545219541,0.523061693,-0.0118206926,0.53366226,0.534993,-0.0160080157,0.526922226,0.54145205,-0.0180273429,0.521324217,0.546383739,-0.0194495302,0.555887401,0.526126,-0.0134454006,0.548037946,0.537653148,-0.0166293159,0.542992353,0.544508457,-0.0180980619,0.538803637,0.549564242,-0.0192757398,0.566756248,0.528024614,-0.0147946551,0.561440587,0.537287652,-0.0176950209,0.558168352,0.542764127,-0.0185095947,0.554964781,0.547163665,-0.0188123193
2483.333333333333,0.522096336,0.52449131,4.15644053e-008,0.521558404,0.531615257,-0.000455185946,0.526659429,0.540353596,-0.00147084135,0.533201933,0.546843052,-0.00255018333,0.537942588,0.551727414,-0.00393590471,0.524991214,0.541816533,-0.00613593,0.52713,0.552275181,-0.00952809,0.530369818,0.558475554,-0.0111954333,0.533642173,0.563403785,-0.0123339118,0.528352916,0.542422116,-0.00778375333,0.532451391,0.553483665,-0.0111416364,0.536782384,0.560703456,-0.0126789929,0.540634,0.566392481,-0.0138375107,0.53182441,0.542141259,-0.00929177832,0.536946356,0.553044617,-0.0124095185,0.5418275,0.560334623,-0.0145017896,0.546034098,0.565872,-0.0159293637,0.535083234,0.541274786,-0.0105848275,0.541164577,0.549814403,-0.0138874045,0.546158075,0.555784881,-0.0156964399,0.550886691,0.560520232,-0.0167604201
2499.9999999999995,0.573103786,0.50912106,8.82374636e-008,0.553762853,0.509487331,-5.81085624e-005,0.537528634,0.514821649,-0.00132790906,0.527950466,0.521593034,-0.00253660581,0.52141571,0.526635647,-0.00439594546,0.536335647,0.521297216,-0.00873224437,0.523923278,0.530968726,-0.0131968558,0.516572177,0.536828458,-0.0152059672,0.51116091,0.541142166,-0.0162858013,0.545847714,0.525312,-0.0109893894,0.534583151,0.53707,-0.0149400681,0.528114676,0.54349643,-0.0166474991,0.523128271,0.548390269,-0.0177971628,0.556724191,0.528111875,-0.0127236154,0.549777508,0.539434314,-0.0158416182,0.545603633,0.546595,-0.0173391,0.54214853,0.55198276,-0.0185396895,0.568024158,0.529667258,-0.0141659062,0.564500213,0.538742065,-0.0171587244,0.562212288,0.544447422,-0.0181063619,0.559703171,0.549147844,-0.0184907652
2499.9999999999995,0.518758357,0.524969518,6.55146621e-008,0.533748388,0.527216733,-0.00476347515,0.54515785,0.533699811,-0.00734986598,0.551373661,0.540247738,-0.0089070471,0.555597484,0.545554042,-0.0106500853,0.539100707,0.538968444,-0.0109975683,0.545410931,0.549359739,-0.0153735913,0.548671722,0.555936456,-0.0176016223,0.551759481,0.561392486,-0.0191247836,0.531114221,0.54158932,-0.0108383596,0.535620451,0.552286685,-0.0152002852,0.53914,0.559675574,-0.0174438283,0.541866601,0.565976083,-0.0190465655,0.522616208,0.542965293,-0.0107672736,0.525218129,0.553123891,-0.0150601584,0.528701425,0.560406268,-0.0176707301,0.531613,0.566620767,-0.0193106756,0.51387471,0.543701231,-0.0108019114,0.514912367,0.55214107,-0.0154210217,0.517035246,0.557960391,-0.0175643545,0.51929307,0.562984109,-0.0186703447
2516.666666666666,0.572936296,0.510203242,9.26845729e-008,0.5536201,0.510268629,6.38341808e-005,0.537516594,0.515661061,-0.00157238462,0.527831376,0.522208214,-0.00319228414,0.521701038,0.526664913,-0.00578476209,0.535917521,0.522199035,-0.010123142,0.522452354,0.531750858,-0.0150436908,0.514292777,0.537512243,-0.0175446924,0.508121073,0.541852593,-0.0190617684,0.545427442,0.526210904,-0.0127010923,0.532915831,0.537837267,-0.0168176666,0.525679,0.544520438,-0.019020075,0.520426273,0.549601674,-0.0207531974,0.556500733,0.528952,-0.0146203917,0.547852933,0.540607154,-0.0180352367,0.542646706,0.548157394,-0.0203262139,0.538897157,0.553828061,-0.0222750138,0.567953169,0.530468702,-0.0161421094,0.563370883,0.539969206,-0.0198552907,0.56027782,0.545985937,-0.0215045884,0.557423115,0.550989687,-0.0224963035
2516.666666666666,0.520485938,0.526330352,1.12801651e-007,0.53604573,0.52838105,-0.00330140186,0.547899663,0.534367502,-0.00498799514,0.554615378,0.539822638,-0.00609849533,0.560306191,0.544067204,-0.00739730895,0.541692674,0.541969061,-0.00622945372,0.547218382,0.551553369,-0.0101073934,0.550533652,0.558265448,-0.0128880385,0.55336231,0.564003706,-0.0149067743,0.531941891,0.544289768,-0.0070657027,0.535062313,0.554154754,-0.0102218175,0.537563,0.561146736,-0.0128727118,0.539897323,0.567546248,-0.0149519993,0.522286296,0.545324862,-0.00806921162,0.524142742,0.554815769,-0.0111972531,0.526732,0.561646402,-0.0133429645,0.529374242,0.567685723,-0.0148155419,0.512758255,0.545427442,-0.00923908316,0.513441324,0.553848684,-0.0127234515,0.515141428,0.559669,-0.014089915,0.51719588,0.564888656,-0.0147504844
2533.3333333333326,0.573702753,0.511088312,8.91958436e-008,0.553615034,0.510890305,0.000375743897,0.536599576,0.515666664,-0.00103788881,0.526177168,0.521804631,-0.00251608249,0.518428922,0.526191473,-0.00473525701,0.535857439,0.522533,-0.00892217085,0.521570683,0.53167063,-0.013317666,0.513239384,0.537013054,-0.0152830379,0.50694561,0.541189909,-0.0163901616,0.545309842,0.526756346,-0.0113457032,0.531811595,0.537742257,-0.0152655058,0.523970485,0.543765128,-0.0170917306,0.518010855,0.548584402,-0.0184533522,0.5558182,0.529751837,-0.0131293209,0.546130896,0.540627,-0.0161324367,0.540136218,0.547383428,-0.0178504586,0.535546482,0.552569151,-0.019321816,0.566219,0.531559587,-0.0145632448,0.560567,0.540683091,-0.0175795183,0.556711137,0.546358526,-0.0188209265,0.553434491,0.551122546,-0.0194954202
2533.3333333333326,0.519843757,0.525966525,1.07592193e-007,0.535573244,0.527972221,-0.00546389073,0.547506452,0.534576535,-0.00825165,0.553015769,0.541202188,-0.0100502316,0.557160258,0.546251,-0.0120650483,0.539974093,0.541205704,-0.00982751139,0.546197772,0.551330149,-0.0147385458,0.54914093,0.558449686,-0.0179264434,0.5516572,0.564514339,-0.0201217886,0.529865623,0.543733835,-0.0097761089,0.53324759,0.554009318,-0.0141121419,0.535785913,0.561398804,-0.0170289651,0.537488937,0.568038,-0.0191782583,0.519417107,0.544683158,-0.00995304622,0.521608174,0.554764271,-0.0143646123,0.524050057,0.56171751,-0.0165696777,0.525874496,0.567715287,-0.0178355817,0.508947432,0.544811845,-0.0104096346,0.509535313,0.553403616,-0.0148385558,0.511115253,0.559401095,-0.0163120348,0.512840867,0.564758778,-0.0169106647
2549.999999999999,0.572896123,0.511808276,8.38936671e-008,0.55331552,0.511026263,-0.000376117445,0.5356552,0.515087426,-0.00182589213,0.524741828,0.521290541,-0.00317737111,0.51664865,0.525920868,-0.00509270187,0.534918666,0.522633,-0.00822027773,0.521304667,0.531955123,-0.0124846306,0.51342231,0.53721714,-0.0143629145,0.507521152,0.541159511,-0.0152863776,0.544195473,0.52710706,-0.0101645458,0.530651093,0.538213074,-0.0139619885,0.523011744,0.544050813,-0.0155024026,0.517323136,0.54847008,-0.0164233223,0.554254055,0.530331254,-0.0116330544,0.544011772,0.540955782,-0.0144480886,0.537535667,0.547297418,-0.0154611487,0.532641113,0.551998794,-0.0162371565,0.564263821,0.53229773,-0.0128849093,0.556910038,0.540958345,-0.0153223006,0.552084863,0.546159744,-0.0157232601,0.54801029,0.550437,-0.0156935938
2549.999999999999,0.519728,0.526797235,1.10799263e-007,0.53423512,0.529476881,-0.00359775056,0.545652092,0.535850346,-0.00572193088,0.552334368,0.541166604,-0.00740919728,0.558037043,0.545501828,-0.00926190708,0.540375829,0.543346345,-0.00643724902,0.545372665,0.553,-0.0110429311,0.547820926,0.559854865,-0.0142151946,0.549610317,0.565739393,-0.0164032429,0.530249238,0.545311511,-0.00764969131,0.532665908,0.555307508,-0.0117686596,0.533943653,0.562651217,-0.0147547312,0.534775078,0.569145918,-0.0168673713,0.51994735,0.545918405,-0.00918743666,0.521301746,0.555783272,-0.0132889049,0.523208201,0.562974811,-0.0159852915,0.525009871,0.569200575,-0.017598331,0.509624839,0.545610249,-0.0109108463,0.509897649,0.55445689,-0.0152293527,0.511280954,0.56082958,-0.0171523225,0.513035655,0.566480637,-0.0180560667
2566.6666666666656,0.572035491,0.51279223,7.27752862e-008,0.552833438,0.511312127,-0.00107507769,0.534711123,0.514953196,-0.00218443223,0.523943126,0.520893037,-0.00313557615,0.516432166,0.525470138,-0.00455252128,0.534340799,0.52361989,-0.00727271708,0.52112025,0.532510877,-0.0111577976,0.51332581,0.537672937,-0.0130743617,0.507610917,0.541542053,-0.0141621977,0.543372512,0.528173327,-0.00877700746,0.53059721,0.538625181,-0.0123224929,0.523272514,0.544399202,-0.0142364595,0.517744,0.548803091,-0.0155867189,0.552930057,0.531330943,-0.00995193701,0.542350411,0.541071177,-0.0128107099,0.535655499,0.547067106,-0.0144826984,0.530452907,0.551639557,-0.0158129036,0.562434375,0.533202887,-0.0110002626,0.554767132,0.541079819,-0.0138862422,0.549775779,0.545885146,-0.014991641,0.545514941,0.54987359,-0.015486395
2566.6666666666656,0.517552674,0.528571248,1.12342796e-007,0.532558441,0.530371547,-0.00711237406,0.545301855,0.536329925,-0.011075207,0.551904917,0.542644083,-0.0136533445,0.557103276,0.547864258,-0.0162579436,0.538838208,0.542672157,-0.0122336466,0.545298755,0.552857459,-0.0177663174,0.54787153,0.559764147,-0.0210880842,0.549694479,0.565755665,-0.0233459,0.528904,0.545351446,-0.0115326447,0.532367826,0.555349529,-0.0166997463,0.534219742,0.562719345,-0.0196361411,0.53507477,0.569169641,-0.0218034144,0.518674552,0.54640007,-0.0112153683,0.520362675,0.556121051,-0.0164480731,0.522101939,0.563203931,-0.0190557223,0.523308456,0.569181561,-0.0205840301,0.508462906,0.546539426,-0.0112314792,0.508666635,0.554855049,-0.016495524,0.509523571,0.560934305,-0.018599268,0.510571063,0.566294253,-0.0196429696
2583.333333333332,0.570866466,0.513005793,6.91554476e-008,0.551740825,0.511422157,-0.00159783091,0.533240199,0.515131772,-0.00249097589,0.522417963,0.521200716,-0.00308030914,0.515141487,0.525753,-0.00404466642,0.533361435,0.523671865,-0.00682521658,0.52079004,0.53249079,-0.0103594083,0.513301849,0.53787595,-0.0121831801,0.507670641,0.54198432,-0.0133105023,0.542228281,0.528332114,-0.00794203207,0.529941797,0.538496435,-0.0111902226,0.522694588,0.54436,-0.0131196082,0.516881526,0.548879623,-0.0145332953,0.551453769,0.531588376,-0.00880244933,0.540590882,0.540857613,-0.0114313802,0.533417761,0.546726465,-0.0131338034,0.52757,0.551230311,-0.0145098623,0.560689092,0.533560157,-0.00962015241,0.552947104,0.541173041,-0.0123332692,0.547801256,0.545889318,-0.0134608652,0.543259799,0.549791396,-0.014003939
2583.333333333332,0.519517303,0.529005527,1.14134785e-007,0.533903301,0.531991243,-0.00454761088,0.544722676,0.538999856,-0.00708524371,0.54958123,0.545929432,-0.0089343125,0.55432868,0.551444888,-0.0108175194,0.540112197,0.545141816,-0.00713847484,0.545724332,0.554764152,-0.0121326149,0.548033118,0.561388731,-0.0154430596,0.549461365,0.567040443,-0.0176925529,0.530270338,0.54694289,-0.00803969149,0.533017695,0.556784,-0.012681908,0.534439445,0.563816071,-0.0159042142,0.53533,0.569923222,-0.0181519985,0.520280361,0.547320902,-0.00940188859,0.521657407,0.55706948,-0.0142438076,0.52317667,0.56400615,-0.0168953016,0.524583519,0.569989383,-0.0184121504,0.510254502,0.546711,-0.0109848203,0.510612,0.555376828,-0.0157091953,0.51118046,0.561595142,-0.0175582264,0.512168169,0.567113042,-0.0184338111
2599.9999999999986,0.568535447,0.51370132,7.51126876e-008,0.549768448,0.511999965,-0.00169517496,0.531799316,0.515467107,-0.00281788269,0.521563292,0.521721482,-0.00366169168,0.514100432,0.526083708,-0.00493925391,0.531693399,0.52429688,-0.00709387474,0.519144773,0.533120632,-0.0107930657,0.511865914,0.538398147,-0.0126901716,0.506565,0.542354882,-0.0137671363,0.540585816,0.528807402,-0.00834420603,0.527907073,0.539227426,-0.0116793979,0.520738959,0.545198917,-0.0136633953,0.515343785,0.549725056,-0.0150157921,0.54996562,0.531789243,-0.00933338,0.538572311,0.541330636,-0.0121422838,0.531617582,0.547026813,-0.0138098542,0.526370585,0.551193237,-0.0150385061,0.559748292,0.533561587,-0.0102487933,0.551643,0.541275322,-0.0131784631,0.546292245,0.545952618,-0.0142595489,0.541684687,0.549746513,-0.0146586709
2599.9999999999986,0.517317832,0.52962476,1.06238353e-007,0.531697273,0.531835735,-0.00388225471,0.544344544,0.538249195,-0.00636501098,0.551397204,0.54413265,-0.00827777665,0.556961656,0.549344897,-0.0102576371,0.540387034,0.544806123,-0.00736541254,0.546865344,0.554463267,-0.0120899,0.549734533,0.561244,-0.0150625966,0.551666498,0.566905439,-0.0171158388,0.530667722,0.547004521,-0.00846786797,0.53412807,0.557164729,-0.0126489429,0.535808682,0.564214945,-0.0154202338,0.536952078,0.570247114,-0.0174493287,0.520594597,0.547669768,-0.00990067609,0.522497237,0.557710707,-0.0140893022,0.523851,0.564442754,-0.0164952837,0.5252527,0.570230365,-0.0180137046,0.510435581,0.547322035,-0.0114902332,0.511298418,0.555786371,-0.0159110446,0.512084186,0.561645389,-0.0176916867,0.51328361,0.566856265,-0.0185430869
2616.666666666665,0.567846239,0.513706386,6.63330368e-008,0.548940063,0.512103856,-0.00151859981,0.531113744,0.515512347,-0.00264515844,0.520852387,0.521591961,-0.00357919862,0.513597965,0.526221,-0.00492222095,0.530575395,0.524041772,-0.00675015152,0.518030584,0.532836497,-0.0104343481,0.510662198,0.538046598,-0.0124128861,0.505468547,0.54210037,-0.0136080403,0.539410472,0.528497,-0.00813855883,0.52714932,0.538550675,-0.0115066478,0.520293534,0.544431448,-0.013598742,0.515255272,0.549050868,-0.0151540181,0.548831224,0.531584442,-0.00930101704,0.537517667,0.540875554,-0.012115729,0.530581474,0.546623826,-0.0139409713,0.525407195,0.550974071,-0.0153789753,0.558540702,0.533607066,-0.0103983851,0.550156713,0.541298211,-0.0134050492,0.544563413,0.546129823,-0.0147198876,0.539886534,0.550129414,-0.0153694283
2616.666666666665,0.518775463,0.529599071,1.08636307e-007,0.533408821,0.532058,-0.00509348279,0.545147419,0.538340688,-0.00798736,0.551119447,0.544870257,-0.0100466069,0.556735218,0.550243437,-0.0121111749,0.540536046,0.544840574,-0.00911097135,0.547829509,0.554550171,-0.0145185515,0.551039279,0.56121558,-0.0178286787,0.553515136,0.566922486,-0.0200361758,0.530874789,0.546882331,-0.00976406224,0.534692943,0.55673331,-0.0149587868,0.537198544,0.563880503,-0.0181073099,0.539303601,0.570195,-0.020267956,0.520798802,0.547503054,-0.0108299209,0.523030519,0.557115436,-0.0161214378,0.525371909,0.564082205,-0.0188337825,0.527548492,0.57024914,-0.0203617439,0.510643244,0.547207773,-0.012143272,0.51204,0.555580139,-0.0174972489,0.513532281,0.561712801,-0.0197279491,0.515272498,0.567316532,-0.0207931101
2633.3333333333317,0.565662265,0.513995945,7.2249847e-008,0.547029436,0.512203813,-0.00159046659,0.529432654,0.515703,-0.00267655542,0.518995285,0.5216043,-0.00352199725,0.51176554,0.526233673,-0.00488255126,0.52865994,0.524264,-0.00744680176,0.515493333,0.533045,-0.0111294007,0.507843196,0.538290143,-0.0131029161,0.502328,0.542386353,-0.0143161882,0.537581563,0.528690219,-0.00873440225,0.525510609,0.53873539,-0.0120182978,0.518845558,0.544518471,-0.0140834348,0.51394546,0.549045682,-0.015688099,0.547149897,0.531751931,-0.00975671783,0.536042571,0.541028857,-0.0124910418,0.529287934,0.546882153,-0.0143450219,0.524258554,0.551388085,-0.0158749726,0.556935787,0.533763826,-0.0107034845,0.548732936,0.541554809,-0.0137188993,0.543473959,0.546360493,-0.0150532369,0.539040446,0.550315619,-0.0157377552
2633.3333333333317,0.515977383,0.532113671,9.98994e-008,0.531231582,0.533622622,-0.00463035842,0.544511855,0.539013386,-0.00762891164,0.552384555,0.544697404,-0.00980476663,0.559439301,0.549881637,-0.0120015359,0.541721821,0.544741035,-0.00936875213,0.549885213,0.554299235,-0.0145730646,0.55321151,0.560758889,-0.0174452346,0.555616617,0.566256583,-0.0193450619,0.531883776,0.547238886,-0.0101661142,0.536789596,0.557018876,-0.0149617353,0.539085388,0.563756466,-0.0175575428,0.540992796,0.569650054,-0.0194095932,0.521660209,0.548284352,-0.0112785138,0.525096118,0.557782352,-0.0161339715,0.527195215,0.564310193,-0.0182947759,0.52927947,0.570074081,-0.0195587538,0.511541605,0.548457861,-0.0125594726,0.513700068,0.556290507,-0.0175201353,0.515205,0.561937749,-0.01933055,0.516941965,0.567041934,-0.0201608017
2649.999999999998,0.564410031,0.514073372,6.86063899e-008,0.54613328,0.512385666,-0.00102579035,0.529133081,0.515846968,-0.00212467369,0.518870294,0.521698713,-0.00305244606,0.511536598,0.526355565,-0.00442258967,0.527033508,0.52443403,-0.00703556091,0.51402384,0.532985,-0.0108814677,0.506648064,0.538346529,-0.0128737362,0.502100348,0.542511225,-0.0139403427,0.535652339,0.528815925,-0.00862308,0.523327708,0.539486289,-0.0121933501,0.516976714,0.545449495,-0.0140160723,0.513017595,0.549955189,-0.0151598882,0.54524672,0.531853914,-0.00992033817,0.534849763,0.541661203,-0.0127660763,0.527936399,0.547341526,-0.0141752539,0.522903,0.551471651,-0.0151292728,0.555271626,0.53390497,-0.0110932868,0.547147214,0.542103171,-0.0138161685,0.541954517,0.54688257,-0.0145833399,0.537641466,0.55061841,-0.0147147961
2649.999999999998,0.531258464,0.530897856,1.64572924e-008,0.520233452,0.535321534,-0.000456812821,0.512438059,0.539896429,-0.00259111915,0.508796573,0.54327929,-0.0052633984,0.50766629,0.547205806,-0.00836707652,0.51545161,0.54824388,-0.00576468231,0.516607761,0.556934357,-0.0100542801,0.518997312,0.562465549,-0.0128480364,0.521926284,0.566725552,-0.0147975311,0.525643587,0.549192905,-0.00843925588,0.52769196,0.558672905,-0.0122702913,0.530646563,0.564795732,-0.014385418,0.533906579,0.569771588,-0.0163662452,0.536357522,0.548673034,-0.011209853,0.539136708,0.558062613,-0.0151513414,0.541885138,0.564304352,-0.0171371382,0.544271946,0.569502175,-0.0187666602,0.547202647,0.547413111,-0.0138712032,0.552340329,0.555354714,-0.0184705798,0.555652678,0.561027348,-0.0207912065,0.558067,0.5661093,-0.0223925
2666.6666666666647,0.563098729,0.514478624,6.50363958e-008,0.544280469,0.51260674,-0.000844994735,0.527163863,0.516389608,-0.00183612923,0.517286956,0.52292341,-0.00261689979,0.510009527,0.527700961,-0.00390990498,0.526180804,0.524852931,-0.00740209455,0.513026953,0.53349185,-0.0111687621,0.505635083,0.538862467,-0.0129259294,0.501304865,0.543002546,-0.0138790766,0.534790933,0.529229,-0.00897203945,0.521578133,0.539542556,-0.012590983,0.514738262,0.545585036,-0.0142137157,0.510764,0.5501737,-0.0152622629,0.544395566,0.532236,-0.0102213472,0.532830775,0.542204738,-0.0132067688,0.525539577,0.548226118,-0.0148825245,0.520313561,0.552624404,-0.0161170382,0.554518402,0.534221947,-0.0112611018,0.54629761,0.542476594,-0.0144730778,0.540788174,0.547389328,-0.0158216339,0.536281407,0.551296413,-0.01640293
2666.6666666666647,0.528625,0.532046258,5.10687634e-008,0.519238532,0.538295805,-0.000622052525,0.516172469,0.545891345,-0.00205955631,0.518816829,0.552135229,-0.00357592246,0.522573531,0.55677247,-0.00553906197,0.518033743,0.549088836,-0.0063356692,0.518362701,0.557092369,-0.00997081,0.520625234,0.562622845,-0.0121192494,0.523668528,0.567078531,-0.0136839719,0.527425706,0.548980355,-0.00848085713,0.528772175,0.557476521,-0.011927601,0.53181386,0.563689351,-0.0139102088,0.53540194,0.56888479,-0.0157080367,0.537542164,0.547718406,-0.0105570434,0.539840162,0.556584,-0.0141902976,0.542893052,0.56324774,-0.0165912472,0.546050847,0.568657756,-0.0183838475,0.547565281,0.546037734,-0.0124292914,0.552763224,0.5539608,-0.0168289877,0.556500256,0.56006515,-0.01943749,0.559643805,0.565313697,-0.0210899673
2683.333333333331,0.561964691,0.51407,6.82701113e-008,0.543291688,0.512420356,-0.00115987938,0.52571851,0.516148448,-0.00207354175,0.515758097,0.522575796,-0.00283934153,0.50903368,0.527569175,-0.00410279911,0.524722695,0.525169969,-0.00675854879,0.511923313,0.533417165,-0.0104750097,0.504555941,0.53863132,-0.0126187187,0.499861747,0.542859316,-0.0139391441,0.533570409,0.529440761,-0.00827037171,0.520715535,0.539121032,-0.0116169564,0.513770163,0.545195878,-0.0136311138,0.509564817,0.550018907,-0.0151414862,0.543323219,0.532256603,-0.00953075942,0.532445967,0.541814268,-0.0122891702,0.525688887,0.547821641,-0.0141812591,0.520886362,0.552372515,-0.0157332104,0.553637445,0.533996463,-0.0106866518,0.545714796,0.541860461,-0.0138412975,0.540426075,0.546722531,-0.0153396036,0.536102891,0.550703228,-0.0161335617
2683.333333333331,0.531666338,0.534653723,4.85665588e-008,0.526049614,0.540012479,-0.0012457316,0.527414739,0.546974,-0.00298373983,0.533343136,0.552394152,-0.00465432368,0.538624406,0.556623101,-0.00663582748,0.523291171,0.549099267,-0.00663320534,0.523094296,0.557065427,-0.0102913361,0.525512218,0.562428594,-0.0124020986,0.528828442,0.566737771,-0.013960016,0.530302167,0.549315572,-0.00830101,0.532124937,0.557183743,-0.0116989305,0.535417497,0.563234,-0.0134104686,0.538698316,0.568218589,-0.0149441259,0.538257897,0.548341095,-0.00998781249,0.541642,0.556566715,-0.0132402768,0.545245051,0.562881172,-0.015217117,0.548032165,0.568137646,-0.0167584177,0.546634,0.546787143,-0.0115821045,0.552060544,0.553439498,-0.0155994734,0.556167,0.55886054,-0.0179393571,0.559370399,0.563621402,-0.0194241889
2699.9999999999977,0.560994565,0.514015,6.76871537e-008,0.542026281,0.511977553,-0.00104020268,0.524581969,0.51552707,-0.00180022139,0.514531612,0.522087276,-0.00236224337,0.507488191,0.527127266,-0.00327173271,0.523711503,0.524595737,-0.0064381077,0.510853291,0.53268683,-0.00977144,0.503561556,0.537856,-0.0113911917,0.499002576,0.541985035,-0.0123129012,0.532363594,0.529108703,-0.00777910138,0.519592464,0.539028823,-0.0109411245,0.512659252,0.545099676,-0.0124939252,0.508444071,0.549822867,-0.0135371657,0.541931927,0.532131851,-0.00885379873,0.531053722,0.541649938,-0.0115397703,0.524041057,0.547259688,-0.0131200943,0.519187093,0.551344872,-0.0142775234,0.551956892,0.533980787,-0.00979507621,0.544557214,0.541870177,-0.0127833737,0.539672494,0.546836317,-0.0141155,0.535764098,0.550878,-0.0146769574
2699.9999999999977,0.535450697,0.535936475,4.00477127e-008,0.533651173,0.540289521,-0.00264882669,0.535296738,0.546420515,-0.00520025939,0.539639413,0.552080691,-0.00720342482,0.543985426,0.55660367,-0.00948320609,0.53267169,0.547691703,-0.00937711727,0.536534786,0.556122839,-0.0135129336,0.54075563,0.561546922,-0.0156192901,0.545072556,0.565802872,-0.0171188135,0.535814,0.548125863,-0.0102582239,0.538203418,0.556404591,-0.0141074965,0.541416049,0.562057316,-0.0159997791,0.544315815,0.56663239,-0.0175234042,0.539714754,0.547498226,-0.0110326521,0.542547822,0.55585593,-0.0145044308,0.545772493,0.561922,-0.0160804335,0.548199892,0.566949248,-0.0173079707,0.544152319,0.546435714,-0.0117408587,0.548440278,0.552449405,-0.0155867571,0.552146256,0.55723691,-0.0171837527,0.555161357,0.561401129,-0.0180860329
2716.6666666666642,0.559929729,0.513604403,6.77147725e-008,0.540564895,0.511523545,-0.00113695883,0.523456573,0.515399754,-0.00194273179,0.513914287,0.522456944,-0.00239909976,0.507615328,0.527457118,-0.00318400376,0.522436678,0.523652911,-0.00728704035,0.509247065,0.532011449,-0.0105729392,0.50233537,0.537428,-0.012049187,0.498228252,0.541713059,-0.0128292246,0.531172395,0.528579354,-0.00838010665,0.517769158,0.538596511,-0.0112071307,0.510759175,0.544620514,-0.0124468049,0.506820798,0.549182951,-0.0132745719,0.540632129,0.531861246,-0.00913112052,0.52954638,0.541458666,-0.0112768346,0.522353232,0.546863437,-0.0126608359,0.517607033,0.550672293,-0.0137912,0.550448835,0.533828139,-0.00974820182,0.542933,0.541721284,-0.0121760108,0.537870049,0.5464679,-0.013268115,0.533869743,0.55027014,-0.0137411328
2716.6666666666642,0.535208404,0.536669374,4.15885e-008,0.539003372,0.539164364,-0.00223394344,0.544946909,0.543312311,-0.00508349389,0.553171635,0.547000766,-0.00749901449,0.560123086,0.549682915,-0.0102528073,0.540441275,0.546668231,-0.00831624307,0.546590269,0.554698884,-0.0120499032,0.551981628,0.559832513,-0.0140312808,0.556721091,0.563652217,-0.0154395513,0.539903402,0.547811091,-0.00931052398,0.544150174,0.556225836,-0.012651043,0.547773778,0.561620057,-0.0144211715,0.550991893,0.565896,-0.0157626979,0.539836407,0.547703266,-0.0101833753,0.54495132,0.555607557,-0.0128664281,0.549104929,0.560851157,-0.0140677625,0.552452624,0.565194309,-0.0150044989,0.540415823,0.547016442,-0.0110072279,0.545473278,0.552634954,-0.0137032438,0.549971223,0.556424677,-0.0145694241,0.553971589,0.559712648,-0.0149828112
2733.3333333333308,0.558697104,0.512320936,5.64207703e-008,0.538655818,0.510393202,-0.000420369819,0.521861613,0.514537752,-0.000878655,0.511702538,0.520874739,-0.00134248403,0.503714621,0.525238276,-0.00215865602,0.520864427,0.522932649,-0.00488752779,0.508261204,0.531085908,-0.00764109474,0.501685321,0.536169767,-0.00907315407,0.497416049,0.54039526,-0.0100449389,0.529475212,0.527615249,-0.00643859338,0.516569614,0.537173331,-0.00891434122,0.509681702,0.542905509,-0.010398237,0.505313814,0.547465563,-0.0115543967,0.539081156,0.530762374,-0.00776665611,0.528106451,0.54039073,-0.00999036897,0.521395147,0.545852542,-0.011625764,0.516476333,0.549905062,-0.0129798008,0.548744261,0.532741904,-0.0089324452,0.54175,0.540845633,-0.011707128,0.536830962,0.545714617,-0.0131725958,0.532647789,0.549635,-0.013948679
2733.3333333333308,0.533059299,0.538798,5.25130197e-008,0.545027435,0.538767457,-0.00300313369,0.555045366,0.541244,-0.00607938459,0.562295079,0.544728339,-0.00858955272,0.568439484,0.547918618,-0.0113410968,0.552379787,0.54495883,-0.010191272,0.560583353,0.552388132,-0.0149410367,0.565070808,0.557454348,-0.0172023606,0.568095088,0.561521709,-0.0185164697,0.543986142,0.547841609,-0.0111124078,0.549168944,0.555691361,-0.0149148526,0.55210793,0.560774624,-0.0163818598,0.554474235,0.564941466,-0.0174280722,0.535676181,0.54971081,-0.0119642895,0.539061904,0.557395518,-0.0157429986,0.542169154,0.56239742,-0.0168903358,0.545358598,0.56651634,-0.017444,0.527419269,0.551059723,-0.012768222,0.528629959,0.557230413,-0.0164929852,0.531100214,0.561405,-0.0174067933,0.534398079,0.565061331,-0.017604677
2749.9999999999973,0.55640763,0.510580063,5.03282571e-008,0.536477506,0.508661151,-0.000734904723,0.519530475,0.512519896,-0.00141039689,0.50876,0.518502712,-0.00207543885,0.500614643,0.5227108,-0.00306712394,0.518260479,0.520902216,-0.00497684721,0.506074429,0.529459834,-0.0079559749,0.500218034,0.534754813,-0.00959559064,0.496879697,0.538974762,-0.0105732223,0.527176857,0.525566459,-0.00636527734,0.515087247,0.535334647,-0.00886569079,0.508531094,0.541054308,-0.0103825498,0.504319131,0.545489371,-0.0115524568,0.53696,0.528799,-0.00759838196,0.525717735,0.538408399,-0.00978851877,0.519322,0.543973207,-0.011308779,0.514847,0.548092961,-0.0125463149,0.546726346,0.530864358,-0.00870395079,0.539594293,0.539012432,-0.0113555258,0.534821689,0.543900251,-0.0126329055,0.530838192,0.547811925,-0.0132267168
2749.9999999999973,0.528193235,0.535529137,1.01320246e-007,0.542649031,0.534550667,-0.00415335875,0.55483079,0.537711442,-0.00749280769,0.563289046,0.542552352,-0.00971391052,0.571391106,0.546340406,-0.0120182363,0.551840961,0.541048348,-0.0134097189,0.561834931,0.550150335,-0.0186137836,0.567269921,0.556197345,-0.0208043419,0.571108162,0.561003208,-0.0218004864,0.542221427,0.544541121,-0.013545664,0.55058825,0.553804278,-0.0173457544,0.555695176,0.559754312,-0.0186132826,0.559378564,0.564401507,-0.0196078885,0.532655239,0.547138095,-0.0134290699,0.539536476,0.556015372,-0.0164919961,0.544777572,0.561671913,-0.0172566958,0.54891485,0.565977633,-0.0177865326,0.524201035,0.549079955,-0.0133665334,0.528584182,0.556018054,-0.0162490811,0.532591164,0.560465693,-0.0166022722,0.536503851,0.564097464,-0.0165230148
2766.666666666664,0.554420352,0.507913351,4.39375292e-008,0.534550607,0.506200075,-0.000778146845,0.517268717,0.509920895,-0.00165491481,0.506523669,0.515787125,-0.00254112296,0.498389274,0.520173848,-0.00380745018,0.515816927,0.518122554,-0.00513161579,0.503935754,0.526611924,-0.00852712244,0.498354852,0.531874597,-0.0106251501,0.495413959,0.536074638,-0.0118417162,0.524688184,0.522593,-0.00673894957,0.512749553,0.532376587,-0.0094222771,0.506261587,0.538260579,-0.0112046171,0.50213933,0.542960525,-0.0125635,0.534523,0.525716722,-0.00822367519,0.523048,0.535307944,-0.0106577883,0.516646743,0.54110384,-0.0123798614,0.512163043,0.545515239,-0.0137119759,0.544473648,0.527777553,-0.00957142375,0.536491692,0.535966814,-0.0125017082,0.53167367,0.540974557,-0.0138024,0.527802765,0.54503727,-0.0143533256
2766.666666666664,0.528936088,0.53319031,1.29196351e-007,0.544201672,0.532007217,-0.00437116856,0.556899667,0.535607159,-0.00750041427,0.565818906,0.540944874,-0.00935076084,0.574595571,0.544544041,-0.0111377742,0.552980125,0.539232969,-0.0131542534,0.564023256,0.548591614,-0.017933581,0.569734395,0.554673195,-0.0197088607,0.573766649,0.559410691,-0.020372387,0.543275952,0.542994,-0.0130191157,0.553023636,0.552903414,-0.0165435784,0.558832228,0.558936536,-0.0176519584,0.563094676,0.563448966,-0.0184909385,0.534104228,0.54586035,-0.0126340445,0.541606128,0.555361807,-0.0154649094,0.54723829,0.560815752,-0.0161287095,0.551559448,0.564757049,-0.0165929366,0.526116967,0.548064053,-0.012319454,0.530895174,0.555817842,-0.0147996955,0.534860492,0.560367286,-0.015032243,0.538709104,0.563935399,-0.0149257677
2783.3333333333303,0.551637471,0.504686296,3.74376725e-008,0.531679094,0.503496826,0.000464854762,0.514960408,0.507537901,2.18918667e-005,0.504729748,0.513214707,-0.000778325368,0.496615022,0.517138124,-0.00203886232,0.512558341,0.515194476,-0.0034758891,0.501011491,0.523382366,-0.00664644362,0.495410472,0.528529167,-0.00875402708,0.492479324,0.53275758,-0.010018318,0.520939052,0.51951623,-0.00577505725,0.509222329,0.529170156,-0.00833527558,0.502805054,0.534916759,-0.0101830345,0.498858243,0.539649129,-0.011581338,0.530612886,0.5226686,-0.00792876631,0.519024312,0.532235503,-0.0103196772,0.512376487,0.538215041,-0.0122104818,0.507943928,0.542904198,-0.0136188744,0.540722966,0.524876654,-0.00985185523,0.532006621,0.533287,-0.0127474926,0.526867,0.53851378,-0.0140480697,0.523045719,0.542825758,-0.0145890359
2783.3333333333303,0.532878757,0.529744744,1.1496882e-007,0.548628211,0.52921015,-0.00307755242,0.560562,0.533604264,-0.00561589282,0.568669498,0.539003074,-0.0073155784,0.577346504,0.542213738,-0.00919678714,0.557296932,0.538748503,-0.0106791481,0.567640364,0.547642529,-0.0151849249,0.57348758,0.553456604,-0.0172482617,0.57773304,0.558099091,-0.018312484,0.547631383,0.542207122,-0.0115018021,0.556866467,0.551604927,-0.0152732395,0.562828302,0.557377,-0.0171383638,0.567544937,0.561916232,-0.0184698328,0.537903368,0.544548512,-0.0120747359,0.545959055,0.55394727,-0.0155836241,0.551445127,0.559415281,-0.0171857309,0.556027293,0.563601911,-0.0182088353,0.528904617,0.54604882,-0.0125742396,0.533755,0.553886831,-0.015886236,0.537692189,0.558513284,-0.016752841,0.541857362,0.562401891,-0.0170279779
2799.999999999997,0.547358513,0.50115,2.61788e-008,0.527116895,0.499711454,0.000994644477,0.510459065,0.503433168,0.000789280282,0.500443459,0.509118319,7.8623807e-006,0.493130594,0.513398707,-0.0011081408,0.507695615,0.511481285,-0.00195306027,0.496566772,0.519529819,-0.00541969761,0.491660416,0.524665713,-0.00779909827,0.489567727,0.528769851,-0.00908373576,0.515474439,0.515859246,-0.00449463353,0.504111767,0.525575161,-0.00736535108,0.498602062,0.531098306,-0.00923149753,0.495609432,0.535548866,-0.0103812749,0.52486217,0.519322574,-0.00695498427,0.51396966,0.52893579,-0.00937294774,0.508433878,0.534403443,-0.0104791773,0.504886866,0.538661659,-0.0111454828,0.535266936,0.5218485,-0.00922235847,0.526661813,0.529976606,-0.0116186207,0.521645904,0.534891069,-0.0121096708,0.517781496,0.538885713,-0.0119766379
2799.999999999997,0.532238781,0.52807188,8.80032616e-008,0.549987495,0.526508927,-0.00291404361,0.563636,0.530772209,-0.00580309564,0.572389603,0.536387563,-0.00796087272,0.581800878,0.539148569,-0.0104014771,0.559959,0.536498547,-0.0114470832,0.571208537,0.545813203,-0.0164440386,0.577845454,0.551667511,-0.0188996438,0.58301115,0.556302607,-0.0202194043,0.549997568,0.54047811,-0.0126309739,0.560164392,0.549960732,-0.0166944675,0.566941261,0.555549324,-0.0185347423,0.57231164,0.559818864,-0.0198830888,0.540109575,0.543158293,-0.0135333799,0.549659312,0.553041399,-0.017109232,0.556307137,0.55836767,-0.0184586029,0.561900854,0.562202871,-0.019329166,0.530915618,0.544941545,-0.0143828345,0.537234724,0.553402781,-0.0175765734,0.542487442,0.558014214,-0.0182258114,0.54781419,0.561436296,-0.0183442794
2816.6666666666633,0.54385668,0.496443152,1.7195509e-008,0.524253905,0.495088339,0.0016071219,0.507823527,0.498893291,0.00177449116,0.497549415,0.504447877,0.00113257428,0.490377545,0.508874595,0.000239001864,0.503069,0.506991744,0.000595371646,0.492516041,0.514853597,-0.00226998655,0.487692595,0.519734919,-0.00462001236,0.485306948,0.523687243,-0.00597116956,0.510304451,0.511560142,-0.00206588628,0.49972257,0.520783842,-0.00413833372,0.494487524,0.526062965,-0.00594893796,0.491203785,0.530463934,-0.0071663605,0.519260764,0.515278578,-0.00474161,0.509089351,0.524244428,-0.00643477682,0.503979623,0.529269874,-0.00724386098,0.500401139,0.533341527,-0.00782364141,0.529354,0.518082261,-0.00727250334,0.520608723,0.525760174,-0.00891127717,0.515812576,0.530091405,-0.00889329147,0.51208353,0.533684254,-0.00848498661
2816.6666666666633,0.532993376,0.523856103,9.48782173e-008,0.551433146,0.521948218,-0.00231370516,0.566090524,0.526759744,-0.00427093357,0.575839818,0.532469451,-0.00562088331,0.586034238,0.53507489,-0.00721207354,0.564071774,0.533778667,-0.00841358,0.576121628,0.542908669,-0.0121767055,0.583329618,0.548719704,-0.0141061088,0.588931561,0.553207815,-0.0152119761,0.554494858,0.538093507,-0.00962328073,0.56560868,0.54731524,-0.0125474948,0.573228478,0.552692473,-0.0144422445,0.579308391,0.556779921,-0.0159765054,0.544695735,0.540852845,-0.0106225479,0.554924905,0.550618947,-0.0134876119,0.561786294,0.555923045,-0.0153559782,0.567703843,0.559837759,-0.0167860687,0.535696805,0.542360842,-0.0115306349,0.542167604,0.550713062,-0.0141948946,0.547139466,0.555486083,-0.015143944,0.552254796,0.559365809,-0.0156577248
2833.33333333333,0.539240599,0.491035849,1.49165249e-008,0.520057678,0.48929286,0.00223756395,0.504361093,0.493163377,0.00307856919,0.49473846,0.498858154,0.00296163885,0.487681955,0.503458619,0.00267903833,0.498054147,0.501628041,0.00321378396,0.487769604,0.509235859,0.0013776737,0.483033091,0.514076769,-0.00046726779,0.480580151,0.518209934,-0.00156329712,0.50469774,0.50651741,0.000763868913,0.494376212,0.515350819,-0.000308174611,0.489783585,0.520519,-0.00159350503,0.486954212,0.524837,-0.00246644602,0.513246715,0.510590851,-0.00177917199,0.503409803,0.519015968,-0.00254519447,0.499016166,0.523756325,-0.00297580054,0.496153146,0.52747649,-0.00334399659,0.522862852,0.513712764,-0.00420228951,0.513964713,0.52079165,-0.00475243805,0.509676218,0.524639189,-0.00423276285,0.50662291,0.527750909,-0.00357222441
2833.33333333333,0.534747,0.519732475,8.96422634e-008,0.553833723,0.517960668,-0.0023798584,0.569708526,0.522379,-0.00410821149,0.580517352,0.527789354,-0.00538801402,0.591261327,0.530445278,-0.00669533201,0.568826795,0.530207157,-0.00612497656,0.58264333,0.538924694,-0.00964330789,0.590540409,0.544557,-0.0116954232,0.596488237,0.548864961,-0.0128356572,0.559654176,0.535062134,-0.00718284072,0.572698355,0.54383117,-0.00953831524,0.58096534,0.549041,-0.0115063516,0.587440491,0.552977085,-0.0130574247,0.55006057,0.538327157,-0.00824413728,0.561871648,0.547522306,-0.0105218096,0.569386899,0.552400708,-0.0122577744,0.575711906,0.55594492,-0.0135785984,0.541104734,0.540248394,-0.00932551175,0.548656821,0.548075676,-0.0112995254,0.554417491,0.552383,-0.0119385058,0.559971392,0.555823624,-0.012206642
2849.9999999999964,0.535485506,0.48628974,1.23503838e-008,0.516544521,0.484720409,0.00309988274,0.501046062,0.487391382,0.00335230236,0.49042812,0.490571618,0.00236407807,0.483623266,0.493415833,0.00114093639,0.493117899,0.495348692,0.00276520499,0.482608587,0.503079772,0.000558815722,0.478350103,0.508214116,-0.00157501735,0.476455599,0.512503445,-0.00281101442,0.499405861,0.500237703,-0.000397540105,0.488841653,0.509350538,-0.00153188442,0.484580249,0.514681578,-0.00287512038,0.482438326,0.518996537,-0.00383118098,0.507905066,0.504570842,-0.00347164832,0.498067,0.513170183,-0.00380416797,0.494094789,0.518018723,-0.00394268893,0.49198541,0.5217,-0.00423683,0.517746329,0.507971048,-0.00639282027,0.509200275,0.514909804,-0.00634062476,0.505177438,0.518744469,-0.00525940582,0.502533555,0.521731079,-0.00427022064
2849.9999999999964,0.538543046,0.51627773,8.71259118e-008,0.558379531,0.514479935,-0.00271265581,0.574771,0.517787457,-0.00496398937,0.586493134,0.522799671,-0.00682413951,0.597694397,0.524967313,-0.0087278923,0.574858487,0.526163,-0.00657193456,0.590012074,0.534427524,-0.0104515683,0.598717093,0.539506316,-0.0128125492,0.605464876,0.543575644,-0.0141781289,0.566117346,0.531173348,-0.0077701062,0.580203116,0.539566875,-0.010544098,0.589228511,0.544469953,-0.0126686702,0.596489727,0.548283398,-0.0143475067,0.556624293,0.53461957,-0.00904409215,0.569600701,0.543679714,-0.0117936106,0.57764107,0.548432112,-0.0134700332,0.584226429,0.551827967,-0.0146636525,0.547783434,0.53672117,-0.0103957066,0.55644834,0.544520855,-0.0127810845,0.562692106,0.548827708,-0.0134612387,0.568422735,0.552287877,-0.0136968689
2866.666666666663,0.531314492,0.481473833,5.12229814e-009,0.511970341,0.47941193,0.00282324944,0.496154487,0.482362658,0.00378067093,0.486092508,0.4865053,0.00344127882,0.478798687,0.490158588,0.00294585712,0.488282204,0.490245938,0.00469547184,0.477639943,0.496934831,0.00301738759,0.473218679,0.501463,0.000903107517,0.471323282,0.505524874,-0.00041710143,0.494213879,0.495016247,0.00185605651,0.483818471,0.503096581,0.000986733474,0.479652554,0.50800705,-0.000624940323,0.477742165,0.512411833,-0.00181092462,0.502503753,0.499107867,-0.00108118856,0.4931086,0.506975949,-0.00153602543,0.489709377,0.511361361,-0.00207873737,0.488129109,0.514928699,-0.00261736382,0.51207149,0.502370596,-0.00390252424,0.504230678,0.508935809,-0.00401623407,0.500789881,0.512488246,-0.00331012881,0.498904735,0.515292764,-0.00260353833
2866.666666666663,0.543090641,0.51285404,8.327968e-008,0.563440919,0.510050058,-0.00295675569,0.580232143,0.51238656,-0.0055480795,0.592573166,0.516864061,-0.00772205135,0.603816032,0.518371761,-0.0100333,0.580820262,0.521385491,-0.00782775786,0.597388685,0.528705657,-0.0121172676,0.607172847,0.533153832,-0.0146480016,0.614845335,0.536814272,-0.016169684,0.572744131,0.526650071,-0.00924506504,0.588359237,0.534598649,-0.0125577794,0.598478138,0.539256871,-0.014799701,0.606574714,0.542953551,-0.0165722333,0.563660383,0.530264735,-0.0107259918,0.577842712,0.539013624,-0.0141784772,0.586835742,0.543620944,-0.0161905307,0.594132662,0.546954513,-0.017584376,0.55475831,0.532484651,-0.0122651551,0.564044595,0.540167749,-0.0152925476,0.570742667,0.544367373,-0.0163261928,0.57686305,0.547768772,-0.0168350041
2883.3333333333294,0.52743113,0.47627905,1.07830367e-008,0.509122431,0.472991109,0.00189238531,0.49314934,0.475011587,0.00246227812,0.482494235,0.478699982,0.00186190533,0.473635137,0.48117,0.00123844203,0.484012,0.48407191,0.00472023105,0.472512901,0.49035874,0.00309801148,0.46775797,0.49492687,0.000905510969,0.465971649,0.499011785,-0.000500929425,0.489500046,0.489079267,0.00235680561,0.478476763,0.496812403,0.00157734239,0.47474286,0.501636505,-8.42213776e-005,0.473611295,0.50585258,-0.00127809425,0.49744013,0.493396908,-0.00020953473,0.487609893,0.500987172,-0.000412503054,0.484562218,0.505025744,-0.000780324277,0.483817,0.50819093,-0.00123001705,0.506937861,0.496938616,-0.00276813982,0.499061972,0.503063083,-0.00245877379,0.496093541,0.506193459,-0.00145602215,0.495048463,0.508589864,-0.000564197893
2883.3333333333294,0.548485219,0.508582473,8.80136639e-008,0.568456173,0.504829943,-0.00248514349,0.586262822,0.506679654,-0.00446468778,0.599376619,0.510257959,-0.00605487963,0.610642552,0.511128366,-0.00775810331,0.588884652,0.515941083,-0.00631116377,0.606208801,0.522292376,-0.00972249918,0.616562128,0.526203156,-0.0118343122,0.624590576,0.529412389,-0.0131123913,0.581314325,0.521459579,-0.00767386099,0.597408593,0.528876781,-0.00989124645,0.607795417,0.533329308,-0.0117375087,0.616079032,0.536878824,-0.0133330729,0.572472036,0.525406361,-0.00911400467,0.587047815,0.533505738,-0.0116804978,0.596417487,0.537878811,-0.0136160888,0.604117751,0.541050434,-0.0150882443,0.56371969,0.52796638,-0.0105909854,0.57390219,0.535052836,-0.0128455646,0.580901206,0.538951874,-0.0135699818,0.587354302,0.542058229,-0.0139634116
2899.999999999996,0.52458185,0.472569525,6.40148867e-009,0.507432938,0.467829198,0.00250223349,0.491331875,0.467859149,0.00323192053,0.480541289,0.470048189,0.00267300056,0.472039461,0.472285867,0.00202926458,0.479401708,0.478529841,0.00500986725,0.467476636,0.484864175,0.00373207545,0.46294865,0.489378572,0.00179706246,0.46160987,0.49310571,0.000730235653,0.484397531,0.48345229,0.00260861218,0.473462522,0.491082519,0.00251350808,0.470225871,0.495630145,0.00108920527,0.469925374,0.499141514,3.81041536e-006,0.492176265,0.487730026,0.000115944858,0.482909262,0.495009154,0.000661562837,0.480480731,0.498784959,0.000387033971,0.480816305,0.501261532,-6.65362168e-005,0.501534224,0.491325825,-0.00235090964,0.494544119,0.497106344,-0.00133011991,0.492012,0.500027597,-0.000178158691,0.491891861,0.501986802,0.000790279068
2899.999999999996,0.554596901,0.504217,9.39718703e-008,0.573836625,0.49955681,-0.00319164782,0.591580033,0.500091672,-0.0058059087,0.605426788,0.502889037,-0.00793481246,0.617191076,0.503299117,-0.0101172915,0.595679045,0.509700418,-0.00744192628,0.614321411,0.515112,-0.0112774242,0.625451565,0.518398106,-0.0135994386,0.634112895,0.521167,-0.0149737671,0.589136302,0.515550077,-0.00861798134,0.606585562,0.52238363,-0.0112291873,0.617787421,0.526415,-0.0131472517,0.626608729,0.529693,-0.0147799626,0.581081688,0.519842923,-0.00991140492,0.596800447,0.527368069,-0.0127864685,0.60675,0.531391859,-0.0146751786,0.614677489,0.534279704,-0.0160785075,0.572859,0.522741318,-0.0113079669,0.583987832,0.529447734,-0.0137142204,0.591253757,0.533028185,-0.0143757593,0.59778,0.535809159,-0.0146969659
2916.6666666666624,0.521112502,0.468251288,2.23346275e-009,0.505057454,0.462652922,0.00253745751,0.489150941,0.462491393,0.00352987,0.477761835,0.46445471,0.00313591282,0.468986,0.466071576,0.00252068671,0.476294428,0.472729385,0.00529798586,0.464181483,0.478276104,0.00391525822,0.458954811,0.482092798,0.0017676946,0.457113475,0.485315651,0.000475407753,0.480646074,0.477765024,0.00277924608,0.469998926,0.485183865,0.00232947315,0.467381716,0.489532918,0.000914904755,0.468263686,0.492744923,-0.000105351777,0.487797618,0.482131869,0.000112256741,0.479430109,0.489918619,2.22509043e-005,0.478304654,0.493412882,3.83389415e-005,0.47995466,0.495397061,-0.000114344031,0.496597826,0.485832155,-0.00255556661,0.491130292,0.492241055,-0.00215771,0.489936262,0.494282931,-0.000866017188,0.490936279,0.495059669,0.000275491737
2916.6666666666624,0.56111747,0.499260634,9.48473513e-008,0.579094827,0.49370873,-0.00294434605,0.597884,0.493643492,-0.00506163249,0.612326384,0.495832175,-0.00667307246,0.623742819,0.495655298,-0.00837556459,0.603841484,0.503252447,-0.00710673211,0.623137474,0.507779121,-0.0105464291,0.634554565,0.510474741,-0.012605696,0.643401563,0.512685359,-0.0138639016,0.597987294,0.509224176,-0.00833900273,0.616400659,0.515340686,-0.0105501302,0.627897441,0.518882275,-0.0123246619,0.636805415,0.521602511,-0.013868765,0.590019226,0.513656795,-0.00967716,0.606400847,0.520446181,-0.0123244468,0.616720557,0.524174333,-0.0144163221,0.6248734,0.526795685,-0.0160192214,0.581434667,0.516789079,-0.0110794324,0.593067825,0.523032784,-0.013508168,0.600699902,0.526455641,-0.0143787526,0.607470453,0.529096961,-0.0148817562
2933.333333333329,0.518647671,0.463092297,1.58571056e-009,0.50409466,0.457278788,0.00173719495,0.48896876,0.456078559,0.00205606455,0.477823436,0.457419664,0.00112259958,0.468988419,0.459345073,0.000130682558,0.474331826,0.46629113,0.0037257662,0.462058276,0.471610695,0.00200080848,0.456902713,0.475746959,0.000175867302,0.454818904,0.479236662,-0.000719038,0.477567255,0.471209049,0.00154024782,0.467116326,0.478885353,0.00113770796,0.464815676,0.48329246,0.000562831236,0.4653503,0.486321867,0.000224102769,0.483934671,0.475699782,-0.000849387434,0.476135463,0.484055132,-0.00105192652,0.476479828,0.48719579,-0.000243013012,0.478778571,0.488485634,0.000326344656,0.49227941,0.479747504,-0.00332438177,0.487496108,0.486849338,-0.0030481026,0.48783347,0.489025474,-0.00137652887,0.490006685,0.489521533,0.000208330908
2933.333333333329,0.567446113,0.493767,9.43002121e-008,0.585038364,0.48768121,-0.0029130613,0.60349822,0.486517131,-0.00491401693,0.618005276,0.487868398,-0.00645814603,0.629273474,0.487224311,-0.00797277316,0.611070633,0.496576548,-0.00559659442,0.63080126,0.49999845,-0.00846792199,0.642177224,0.501933277,-0.01027,0.650807559,0.503501832,-0.0113284821,0.606151,0.502846301,-0.00668411236,0.625329435,0.508179367,-0.00821281876,0.637048781,0.511190355,-0.00972882938,0.645733297,0.513595462,-0.011076916,0.598822892,0.507612765,-0.00797282439,0.615835249,0.513603508,-0.0100683132,0.626109779,0.516797602,-0.0117980298,0.63384217,0.519112408,-0.0131695708,0.590615213,0.511098504,-0.00936945807,0.602365196,0.516562223,-0.0112104975,0.60986042,0.519583941,-0.0115842707,0.61628437,0.52193588,-0.0117243296
2949.9999999999955,0.515312731,0.458608925,1.0175266e-008,0.501791418,0.452264428,0.000769849925,0.48734197,0.451146,0.000917980622,0.476297379,0.45251286,-1.70046405e-005,0.467665941,0.453929931,-0.00101040991,0.471607536,0.461578459,0.00312349643,0.459431171,0.46632877,0.00114388065,0.453846216,0.470309347,-0.00113931519,0.451387078,0.473962218,-0.00247105537,0.474434346,0.466894835,0.0014006428,0.463552922,0.474110067,0.000130237895,0.461382806,0.478747189,-0.00129214884,0.463025481,0.482284606,-0.0020660758,0.480509669,0.471581668,-0.000576253748,0.472975969,0.479791582,-0.00146334828,0.473606706,0.48345691,-0.00181951583,0.477077127,0.485544115,-0.00193515175,0.488613516,0.475544572,-0.00266017136,0.484212,0.482258409,-0.00294844271,0.484562516,0.48452571,-0.0022182269,0.487101376,0.485385805,-0.00128806499
2949.9999999999955,0.573008299,0.48824048,8.12362302e-008,0.590419888,0.481666386,-0.00321857398,0.608955264,0.479512841,-0.00561053632,0.624186754,0.480002493,-0.0075018215,0.635784924,0.479075491,-0.00926515926,0.616867721,0.489965051,-0.00571923284,0.636372387,0.492298037,-0.00909573492,0.647855699,0.493506759,-0.0113576492,0.656729341,0.494464,-0.0127266636,0.612713575,0.496446669,-0.00670466619,0.631807506,0.500979066,-0.0085426094,0.64325875,0.503382266,-0.00997814,0.651918769,0.505306661,-0.0112652872,0.606054902,0.501389802,-0.00798437744,0.623486519,0.506981909,-0.0103676,0.633794844,0.509749115,-0.0117022619,0.641642392,0.511666,-0.0127509162,0.598190844,0.50500387,-0.00941382162,0.610302687,0.510138631,-0.0113684013,0.61760962,0.512763262,-0.0114258751,0.623793483,0.514701307,-0.0113032544
2966.666666666662,0.512066901,0.454921275,1.4614697e-008,0.500629485,0.448192924,0.00173012,0.488712132,0.446649194,0.00194991019,0.480355978,0.447268188,0.000763897609,0.474680573,0.448183596,-0.000557159423,0.470328718,0.456860483,0.00321590668,0.457502574,0.461822182,0.000932640105,0.451942891,0.465972066,-0.00129356817,0.449858129,0.469574809,-0.00241664,0.472806394,0.462116569,0.000676738448,0.460621029,0.469961494,-0.000725031365,0.457384586,0.474919975,-0.00212850911,0.458447456,0.478499889,-0.00288505433,0.478476912,0.466714054,-0.0020378863,0.469955742,0.474836826,-0.00327937095,0.469974637,0.478373379,-0.00375765585,0.473295897,0.480412364,-0.00373852975,0.486277342,0.470772982,-0.00475511653,0.480491489,0.477381349,-0.00519132242,0.480045199,0.479890883,-0.00429268228,0.482401639,0.481037974,-0.00314867892
2966.666666666662,0.579214871,0.482367396,8.85612e-008,0.595147848,0.475422293,-0.0037028,0.612590432,0.472928882,-0.0066108238,0.627346635,0.473026633,-0.00896283425,0.63877058,0.471700072,-0.0112435278,0.622278094,0.483062804,-0.00705341343,0.641757488,0.484780073,-0.0109519586,0.653217554,0.485873401,-0.013501497,0.66217941,0.486960918,-0.0151064536,0.618807614,0.489628971,-0.00798540097,0.637973189,0.493756086,-0.0101122651,0.649346948,0.49604705,-0.0116457194,0.65766114,0.498054832,-0.0130984187,0.612431288,0.494695067,-0.00919783,0.629604101,0.499781042,-0.0116694411,0.639712751,0.502422929,-0.0129716983,0.647049844,0.50435859,-0.0141183995,0.604590237,0.49845618,-0.0106272958,0.61603117,0.50337714,-0.0126956236,0.623216808,0.505882263,-0.0128800739,0.629061043,0.507828593,-0.0129205156
2983.3333333333285,0.50945878,0.449855179,6.44038955e-009,0.49755463,0.443470061,0.00164163427,0.484595984,0.442661613,0.00236809556,0.474497616,0.444619358,0.00180532038,0.466900557,0.445632786,0.00111986056,0.468972445,0.452914953,0.0043231952,0.456829458,0.457439631,0.00246761879,0.451158434,0.46110031,0.000260006142,0.448532045,0.464663297,-0.00106894586,0.471398652,0.458275586,0.00209778198,0.45960471,0.465396792,0.000913454394,0.454881132,0.470322251,-0.000980440411,0.45355171,0.474762797,-0.00228803395,0.476721,0.462826937,-0.000373492629,0.467982352,0.470684111,-0.00165682565,0.465943754,0.474800199,-0.00313874288,0.466714561,0.478155166,-0.0040514362,0.484013289,0.466705948,-0.0027866005,0.478744149,0.473398983,-0.00351480418,0.477391958,0.476453483,-0.00353859481,0.478459865,0.478727549,-0.00323648541
2983.3333333333285,0.583585143,0.477510601,7.67665611e-008,0.598362,0.469792634,-0.00364591321,0.615593433,0.466613412,-0.00603972049,0.630378306,0.466318399,-0.00792779308,0.641421854,0.464518219,-0.00966453552,0.627037883,0.477133512,-0.0048496807,0.645900369,0.478148103,-0.00784148928,0.657077909,0.478880405,-0.0101261642,0.665795,0.47961688,-0.0116889952,0.624178708,0.483769715,-0.00553160673,0.642767072,0.486967981,-0.00682379771,0.653800964,0.488631934,-0.00826727506,0.661988616,0.490192682,-0.00975070242,0.618199885,0.488838732,-0.00661229435,0.634475291,0.493329644,-0.00856938306,0.643841267,0.495626539,-0.00985517446,0.65064913,0.497272968,-0.0110454215,0.610534608,0.492638886,-0.00795185,0.621187866,0.497116178,-0.00975584,0.628039718,0.499406725,-0.00996514875,0.633888602,0.501128197,-0.0100770034
2999.999999999995,0.507662117,0.446517646,9.01306e-009,0.495892614,0.440789789,0.00178579299,0.483422637,0.439816833,0.00211098394,0.473328888,0.440330744,0.00111282512,0.466358215,0.44056648,-1.14128252e-005,0.4681651,0.449474633,0.00358103681,0.45631218,0.453980714,0.00182242866,0.450623125,0.457726926,-0.000305366208,0.447606862,0.461542487,-0.00185131037,0.470111251,0.454619318,0.000981541,0.458251178,0.461493403,-0.000399877201,0.453093052,0.466254622,-0.00248263567,0.451208174,0.470828354,-0.00408799062,0.475127786,0.459167331,-0.00179211551,0.46597442,0.467049569,-0.00323768053,0.463414282,0.47187236,-0.00536578801,0.463861674,0.476127923,-0.0069385753,0.482004672,0.462984383,-0.00445950869,0.476395875,0.469507694,-0.0055770725,0.474832177,0.473248124,-0.00625652308,0.475572288,0.47638154,-0.006625243
2999.999999999995,0.586913943,0.473831445,5.15576133e-008,0.600111902,0.465262592,-0.00222476572,0.617586,0.461720794,-0.00338855828,0.632316172,0.461051553,-0.00437115831,0.642609835,0.458825499,-0.00523970136,0.630862534,0.47225973,-0.00135817088,0.647820115,0.472184837,-0.00307206623,0.657841,0.472430944,-0.00492336508,0.665645301,0.472960234,-0.00629870268,0.62882489,0.47892794,-0.00218249951,0.646433651,0.480937779,-0.00230052951,0.656788945,0.482024,-0.00334462873,0.664312482,0.483422458,-0.0045714397,0.62357837,0.484249473,-0.0034034,0.639230728,0.487664938,-0.00440851739,0.647724092,0.489584237,-0.00528033823,0.653689265,0.491095692,-0.00618789066,0.616505206,0.488375217,-0.00484287692,0.627381802,0.492190897,-0.00562075945,0.63342762,0.494146973,-0.00518762833,0.638328612,0.495589703,-0.00488203624
3016.6666666666615,0.506150424,0.442142308,-5.19844345e-009,0.495086551,0.437008828,0.00267816428,0.482656926,0.436770201,0.0037371139,0.473136067,0.438058317,0.00341410842,0.46619916,0.438942581,0.00294999871,0.467574447,0.446320742,0.00500640366,0.455955982,0.451160938,0.00383534539,0.450258315,0.455091476,0.00205462729,0.447223723,0.459003985,0.000682248967,0.469274759,0.451240867,0.00222023297,0.457933,0.457940519,0.0014077113,0.452746511,0.462654114,-0.00043513492,0.450295419,0.467288375,-0.0019413128,0.473792076,0.455554694,-0.000729307649,0.464714319,0.463342905,-0.00177703379,0.4613325,0.468235284,-0.00386369857,0.460512906,0.47278586,-0.0054952777,0.480158955,0.459183753,-0.00349952211,0.474787384,0.466117412,-0.00439843303,0.47285533,0.470411897,-0.00514581,0.472869545,0.474224985,-0.00563945202
3016.6666666666615,0.588289,0.471103936,2.50753871e-008,0.601613283,0.462281972,-0.000866767485,0.618934453,0.457966983,-0.000870525546,0.633087754,0.45625338,-0.00106859265,0.643419147,0.454283863,-0.00105964183,0.631799936,0.468272209,0.00321628712,0.646785915,0.46699357,0.00307756872,0.655067921,0.466368407,0.00183275156,0.661251605,0.466021508,0.000881152693,0.630161,0.474745303,0.00241300953,0.645848,0.475698948,0.00391020579,0.654589415,0.475765914,0.0036173882,0.660728633,0.476195037,0.00292621367,0.625709,0.479851693,0.00107204134,0.640373409,0.482128948,0.00146787742,0.648085117,0.482670665,0.00142346125,0.653781772,0.482833982,0.00108073675,0.619488418,0.483800977,-0.000465779071,0.629676878,0.487151176,0.000126467552,0.635289133,0.488439679,0.00132995285,0.639962375,0.489048272,0.00214577629
3033.333333333328,0.506332815,0.440322667,-1.45375907e-008,0.495179445,0.436254084,0.00195075537,0.482308716,0.436564744,0.00201045303,0.473630756,0.437161833,0.000850664452,0.467805713,0.436950803,-0.000464493671,0.467587054,0.443778872,0.00223082979,0.455390751,0.448877782,-0.000234427178,0.449325264,0.452909917,-0.00261541363,0.446216702,0.456767261,-0.00432440313,0.46893689,0.447605,-0.000806715921,0.456646562,0.455170691,-0.00301959645,0.451326609,0.460529625,-0.00516448962,0.449049175,0.465530843,-0.00668921089,0.472920895,0.451229811,-0.00397086376,0.462351084,0.459487975,-0.005774552,0.45772922,0.464686185,-0.00775903231,0.455571085,0.469364107,-0.0092086317,0.478869766,0.454662561,-0.00701918127,0.471840352,0.461975634,-0.00858635455,0.468300819,0.466434449,-0.00947532058,0.466381609,0.470319182,-0.00999329705
3033.333333333328,0.592593789,0.46912989,-3.57028647e-008,0.603778124,0.45977965,-0.00148689246,0.62146312,0.455122262,-0.00218188413,0.635947,0.453171819,-0.00287613878,0.646053612,0.450948507,-0.00308865169,0.634743929,0.465902656,0.000184814533,0.649531186,0.463520199,-0.000874665333,0.654489934,0.461984694,-0.00199040747,0.656358421,0.461646885,-0.00254181819,0.633463383,0.472544432,-0.000492503925,0.650669694,0.471640497,-0.000909015711,0.651811898,0.469670802,-0.000703299,0.64985323,0.469284177,-0.000169266496,0.629370928,0.47776556,-0.00140895625,0.645823896,0.478795886,-0.0025719679,0.645866036,0.476780713,-0.000816907093,0.643293262,0.475928873,0.000907824899,0.623439908,0.481755584,-0.00244574971,0.636241913,0.483994365,-0.0025613606,0.636774719,0.482389897,7.61922638e-005,0.634248555,0.481121331,0.00248809578
3049.9999999999945,0.505936921,0.437945724,-3.13523145e-008,0.493748516,0.434569746,0.00273186062,0.480655819,0.435855389,0.00372673362,0.472108543,0.438368738,0.00346240564,0.466357201,0.441350907,0.00303963479,0.468285859,0.440707237,0.00306617725,0.45573777,0.445917308,0.000636637909,0.44960928,0.450121641,-0.0017440503,0.446617424,0.454224408,-0.00325834122,0.469252437,0.444701433,7.40784963e-005,0.456489146,0.452015,-0.00176424137,0.450665504,0.457258523,-0.0038037824,0.447785258,0.46227181,-0.00529837422,0.472622722,0.448634654,-0.00302836765,0.461135119,0.456432313,-0.00447966,0.456002057,0.461571604,-0.006477952,0.453515172,0.466239065,-0.00799033698,0.477841824,0.452463567,-0.0059354282,0.469388127,0.459504485,-0.00731342891,0.465251803,0.464036733,-0.00829459447,0.463147342,0.468053371,-0.00887808856
3049.9999999999945,0.593360424,0.467541158,-1.13060018e-007,0.603450775,0.457432806,-0.00148815289,0.620215952,0.452054054,-0.00284696301,0.634999156,0.450172931,-0.00431045,0.645403,0.448133767,-0.00489153806,0.636369467,0.463150293,-0.00263519469,0.65577209,0.461104333,-0.00478266831,0.649317563,0.459272712,-0.00593644101,0.640997231,0.459659964,-0.00614345679,0.634532332,0.470208406,-0.00335057988,0.653012872,0.469379812,-0.00395040121,0.647219419,0.466807216,-0.00358887017,0.639725327,0.466600984,-0.003054342,0.6299299,0.475725442,-0.00410502451,0.646868348,0.475737184,-0.00441572675,0.642496586,0.473357081,-0.00249970495,0.6358307,0.4729563,-0.00120105443,0.623813927,0.479996651,-0.00491469912,0.63707757,0.480368823,-0.00438194256,0.634484768,0.478390753,-0.00152211334,0.628610253,0.477828771,0.000833241502
3066.666666666661,0.504315376,0.436533272,-3.12707158e-008,0.491285205,0.433286846,0.00297918,0.478285968,0.435166031,0.00410956144,0.470675319,0.438578129,0.0039730845,0.467051059,0.442055076,0.00371357589,0.467540741,0.43825382,0.00301048369,0.454829276,0.443489581,0.000304126646,0.449185342,0.447786719,-0.002029303,0.446805745,0.451740772,-0.00337059028,0.468360335,0.441951066,-3.93653499e-006,0.454522133,0.448935568,-0.0024502289,0.448724747,0.45413667,-0.00441330345,0.446130306,0.458936691,-0.00554756913,0.471361,0.445756018,-0.00312672765,0.459356189,0.453367472,-0.00492532877,0.454210937,0.458500296,-0.00691584917,0.451763451,0.463033915,-0.00818766095,0.476031,0.449650705,-0.00602913322,0.466771126,0.456188709,-0.00756906485,0.462452352,0.460693508,-0.00873871148,0.460157454,0.46473676,-0.00938806
3066.666666666661,0.59203136,0.464595109,-1.22664337e-010,0.603575468,0.455430657,-0.00208960194,0.619600177,0.450072467,-0.003370055,0.633329153,0.447689027,-0.00458423933,0.643950284,0.445585459,-0.00530316168,0.635476887,0.461101115,-6.90448578e-005,0.650877416,0.460186303,-0.00138214661,0.656131,0.459754109,-0.00298421015,0.657866299,0.459774673,-0.00382839539,0.633310378,0.467905313,-0.000550854544,0.648633599,0.468913645,0.000308460323,0.655076444,0.469135404,0.000173660665,0.658548594,0.469565481,-0.000387781794,0.628307104,0.473170251,-0.00155518961,0.641375422,0.475236803,-0.00164521753,0.647625,0.475319177,-0.00108486542,0.651182175,0.47506246,-0.000967729837,0.621441603,0.477397054,-0.00279142056,0.631280839,0.4805246,-0.00281724869,0.635645568,0.480595529,-0.00112864468,0.63783133,0.47994858,0.000224969335
3083.3333333333276,0.50297147,0.435469091,-4.19392876e-008,0.491333306,0.431257606,0.00295374775,0.47842291,0.432195157,0.00422692625,0.470199466,0.434682965,0.00422659889,0.465276,0.437388688,0.00414640224,0.464004576,0.435905516,0.00444393093,0.452628106,0.441523522,0.00254264963,0.447894812,0.44606477,0.000271655823,0.446116328,0.450335711,-0.00113559153,0.464465648,0.439804,0.00170140585,0.451809168,0.446223378,0.000334922224,0.447181195,0.450953841,-0.00158248248,0.445531309,0.455420643,-0.00285811396,0.467317551,0.443838537,-0.00118122413,0.455815822,0.450613767,-0.00206539314,0.45129475,0.455257118,-0.00392718054,0.449561864,0.459526122,-0.00528202113,0.472122282,0.447934955,-0.00387142017,0.462624848,0.453874946,-0.0045482479,0.458189368,0.457961708,-0.00533459708,0.455943078,0.461695224,-0.00581329223
3083.3333333333276,0.593144834,0.46193558,4.13045242e-008,0.604521692,0.452794313,-0.00341424,0.619726181,0.447412729,-0.00542182382,0.632770419,0.445060521,-0.00728099234,0.643586218,0.443143755,-0.00872058701,0.63449049,0.459047407,-0.00155068445,0.648516834,0.458930224,-0.00424038759,0.653908312,0.458965749,-0.00671921764,0.65599674,0.458989561,-0.00815802068,0.632141173,0.465884,-0.00219131564,0.646527767,0.467676669,-0.00289305393,0.653844655,0.469047964,-0.00429336401,0.657918096,0.470249772,-0.00557194604,0.626637638,0.471187949,-0.00354513107,0.638443291,0.474231511,-0.00539883133,0.644707859,0.476013571,-0.00645124,0.64867425,0.477150708,-0.00721753063,0.619097233,0.475411594,-0.00516769383,0.626137853,0.47985059,-0.00714595057,0.630962,0.482038975,-0.00720882835,0.634443164,0.483494371,-0.0069182259
3099.999999999994,0.502085507,0.433229893,-4.93057719e-008,0.488878,0.429944634,0.00389559264,0.4754695,0.431428462,0.00551695749,0.467407972,0.43529436,0.00572063588,0.463317245,0.439577818,0.0057316618,0.464820117,0.4333013,0.00501209,0.45243004,0.438460648,0.00299812551,0.44708848,0.443081468,0.00076465786,0.444898158,0.447685778,-0.000510739221,0.465313852,0.43694663,0.00196189014,0.45263198,0.443179429,0.000614603574,0.44766289,0.447925657,-0.00128052302,0.445513248,0.452457279,-0.00256902631,0.467786402,0.440923125,-0.0011674962,0.455734819,0.447223246,-0.00196249317,0.450614065,0.45170325,-0.00357224769,0.448161036,0.455904,-0.00478778,0.471964478,0.445211679,-0.00400386518,0.461678147,0.450629264,-0.00461115735,0.456666678,0.454360753,-0.00516798,0.453927964,0.457791626,-0.00548354909
3099.999999999994,0.593362272,0.458073497,2.69260969e-008,0.606236935,0.449642599,-0.00213028863,0.620825648,0.445428312,-0.00365942251,0.633196235,0.443491757,-0.00549525861,0.643743634,0.441962063,-0.00694998726,0.635199249,0.457389355,0.00095232937,0.649998128,0.458386362,-0.00131197495,0.65302068,0.458968371,-0.00392517028,0.652499914,0.459458321,-0.00542338053,0.631971836,0.464159876,-0.000347572553,0.645793378,0.467072576,-0.000355976081,0.651722252,0.468797743,-0.00193335104,0.654639482,0.470271051,-0.00349142938,0.625986338,0.469376534,-0.0024138845,0.637440741,0.473829687,-0.00360238669,0.644078,0.476387411,-0.00481281569,0.648277938,0.478144526,-0.00592421461,0.617987752,0.473317921,-0.00470959395,0.624739408,0.478585154,-0.0058742445,0.62919277,0.481300741,-0.00550226634,0.632213175,0.483209193,-0.00510972505
3116.6666666666606,0.502404034,0.432623237,-2.39564617e-008,0.494928718,0.425118595,-0.00183949235,0.482990354,0.421434045,-0.00330048427,0.471833199,0.420088172,-0.00536261871,0.463213,0.419701964,-0.00729740225,0.465456486,0.430970579,0.000852310564,0.453553826,0.434550256,-0.00267098378,0.448516041,0.438440025,-0.00614465959,0.446095288,0.442579776,-0.00835527107,0.465058893,0.435330808,-0.000360705249,0.452358574,0.44001928,-0.0033631085,0.447232366,0.444407851,-0.00636105798,0.44481492,0.448894352,-0.00831089728,0.466988951,0.439617962,-0.00215256563,0.454482824,0.444463581,-0.00484997081,0.449547529,0.448434085,-0.00689915149,0.44744119,0.452587336,-0.00804052129,0.470752,0.443597198,-0.0041780048,0.459840775,0.448008448,-0.00633060792,0.454572856,0.451284409,-0.00722548831,0.451702148,0.454460382,-0.00749631738
3116.6666666666606,0.593715,0.454960287,-4.0023469e-009,0.606787503,0.446881562,-0.00285397726,0.620732367,0.442765981,-0.0058478713,0.632689,0.441011101,-0.00914480165,0.64311862,0.439967871,-0.0118016116,0.636143804,0.455328,-0.00150259631,0.652390242,0.458001286,-0.00578268897,0.649244845,0.458484024,-0.00964829326,0.642719567,0.458030015,-0.0115272151,0.632394612,0.462074876,-0.00280622509,0.646068394,0.466644049,-0.00398849696,0.647636175,0.46833992,-0.00624600193,0.646237969,0.469164342,-0.00812868867,0.625962496,0.467257738,-0.00490886,0.636870265,0.472719312,-0.00606294628,0.641391397,0.475351274,-0.00730206305,0.643435717,0.47689119,-0.00859662611,0.617650449,0.471113592,-0.00731132645,0.623966336,0.476559311,-0.00799571443,0.627820432,0.479520231,-0.00738229649,0.630297959,0.48179698,-0.00691015786
3133.333333333327,0.596063197,0.452522367,2.74867649e-008,0.608175516,0.44418326,-0.00190176361,0.621998608,0.440562189,-0.00364975468,0.633744538,0.439115524,-0.0059445,0.64371258,0.438095689,-0.00779150706,0.636684656,0.452232957,0.00129894819,0.651276946,0.456102461,-0.00156751566,0.651953936,0.458304673,-0.00443926174,0.648360133,0.459273338,-0.00589514151,0.633228362,0.459142864,-0.00027389903,0.64596355,0.46463877,-0.000768800732,0.64908,0.467542082,-0.00260671554,0.649042249,0.469422102,-0.00417050719,0.627169073,0.464621484,-0.00265490892,0.637728512,0.470827132,-0.00369777856,0.641626894,0.474066347,-0.00479446258,0.642947614,0.476082474,-0.0057735322,0.619191408,0.468925685,-0.00533007178,0.624807119,0.474990487,-0.00593002653,0.628180325,0.478156209,-0.00529543869,0.629856646,0.480413735,-0.00471102027
3149.9999999999936,0.60068959,0.449015051,4.53826026e-008,0.611386776,0.441261351,-0.00440832879,0.623159587,0.437158316,-0.00832408,0.634096742,0.435811,-0.0122335926,0.64379257,0.434967667,-0.0156799387,0.637468,0.449484169,-0.00409107143,0.650527954,0.454759419,-0.0082677342,0.651557505,0.456966579,-0.0115842847,0.649158299,0.457748055,-0.0134686772,0.633705,0.456245422,-0.00500683906,0.645509064,0.462388545,-0.00678048,0.648167074,0.465567857,-0.00861275103,0.648260713,0.467703909,-0.0105186356,0.627870619,0.461523324,-0.00675404118,0.63782078,0.467975199,-0.0088764308,0.641527951,0.47156322,-0.00985945,0.642846286,0.474022686,-0.0110204574,0.620396495,0.465686798,-0.00898098946,0.626229286,0.471855938,-0.0105499532,0.62904036,0.475221932,-0.0102438135,0.630348146,0.477695823,-0.0101067415
3166.66666666666,0.60223031,0.445750624,5.26174162e-008,0.612800658,0.438483566,-0.00457587885,0.624107361,0.434509069,-0.00907070283,0.634472251,0.432872742,-0.0135681,0.644046724,0.431747913,-0.0177293364,0.639152288,0.4469181,-0.00472753821,0.650713503,0.452398568,-0.00902321935,0.65277034,0.454957902,-0.0126402797,0.651213229,0.456293017,-0.0148890615,0.635208607,0.453456908,-0.00575380959,0.647308111,0.459929526,-0.00835883804,0.649633825,0.463169873,-0.0107848532,0.648497343,0.46523267,-0.0128777642,0.629337847,0.458682358,-0.00750580151,0.640173376,0.465489864,-0.0101505397,0.643109798,0.469026268,-0.0114579443,0.643031895,0.471185982,-0.0127020488,0.621596396,0.462858796,-0.00972240791,0.627872109,0.469208479,-0.011760721,0.63036406,0.472420454,-0.011772166,0.630949497,0.474511147,-0.0117729437
3183.3333333333267,0.602579176,0.441557944,6.83385295e-008,0.61317718,0.435006708,-0.00435602618,0.624009669,0.431875199,-0.008865471,0.634089112,0.43041122,-0.0133392047,0.642759085,0.4291026,-0.0176554844,0.640521407,0.444156945,-0.00512771215,0.651447892,0.450209,-0.00908545,0.654193,0.453365,-0.0124589046,0.654108703,0.455269933,-0.0147005804,0.636461139,0.450233907,-0.00618698914,0.647110164,0.457397819,-0.00844155252,0.649744272,0.461184353,-0.0107182665,0.649623692,0.463968128,-0.0128916223,0.630239427,0.454985142,-0.0078731589,0.640193582,0.462227196,-0.0102860136,0.643757522,0.466474742,-0.0117367879,0.64444387,0.469489098,-0.0131801339,0.622302413,0.458632082,-0.0100058839,0.62811023,0.465090632,-0.0119141061,0.631159663,0.469115287,-0.0121516418,0.632436514,0.472278625,-0.01238555
3199.999999999993,0.543992221,0.436960131,-1.16360319e-007,0.530274093,0.423301429,0.00848478,0.506700337,0.416573256,0.0151216332,0.489858657,0.413407952,0.0187667,0.477213889,0.411520779,0.0223006625,0.480656,0.418651253,0.0210633017,0.462134838,0.424099445,0.0224503875,0.458862394,0.431205094,0.0206685979,0.462059408,0.43506,0.0197805949,0.471006274,0.426868588,0.0167387035,0.457854956,0.433103502,0.0204606783,0.462410361,0.438826382,0.0188425947,0.470653594,0.440116167,0.0178233534,0.467162341,0.437661648,0.0121021168,0.458257854,0.444058865,0.0150249433,0.466771424,0.448437601,0.0141712185,0.476470977,0.448287457,0.0130267218,0.467147768,0.449884981,0.00786295,0.465783328,0.457410038,0.00976645108,0.474443883,0.459936738,0.011033088,0.482875198,0.458643585,0.0124890637
3199.999999999993,0.601812422,0.438184083,1.14918869e-007,0.612225413,0.431552976,-0.00440166891,0.62225467,0.428526819,-0.00877900608,0.63116914,0.427122384,-0.0130643295,0.63921237,0.426389366,-0.0172447916,0.640774429,0.440695971,-0.00455633458,0.650679469,0.446812958,-0.00765892677,0.655232728,0.450816542,-0.0106920702,0.657768965,0.454045415,-0.0128940828,0.637210548,0.446547955,-0.00543104857,0.647068799,0.454134166,-0.00686068879,0.651312649,0.458846718,-0.00858967938,0.653421402,0.463064969,-0.0104320841,0.631534815,0.451054066,-0.00698229158,0.640581429,0.458574,-0.00880138576,0.644296229,0.463068545,-0.00989743136,0.645962775,0.466693193,-0.0110442666,0.624322772,0.454564869,-0.00907613803,0.63002,0.461156964,-0.0103126885,0.633094907,0.46531716,-0.0101526882,0.635103464,0.468773186,-0.0100898081
3216.6666666666597,0.546192586,0.437279046,-4.42890027e-008,0.533687115,0.424343586,0.00534490123,0.509771705,0.417262733,0.0100438474,0.490686506,0.414538682,0.0129674263,0.477243394,0.415156931,0.0159663465,0.492961198,0.417268485,0.0120419133,0.470460624,0.419820458,0.0121012107,0.46298629,0.425235629,0.0105711129,0.462114692,0.429329395,0.010070933,0.485221416,0.424873799,0.00923580863,0.4644759,0.427198827,0.010884284,0.461198956,0.43168664,0.0102666402,0.463532865,0.434850842,0.00995787326,0.480084211,0.435471475,0.00618664408,0.461262733,0.436102957,0.00863071159,0.458651,0.438496351,0.00944443047,0.460988849,0.439895391,0.00926591828,0.477676243,0.448301584,0.00336987432,0.467784435,0.449056447,0.00587991858,0.466199309,0.448675,0.00794333871,0.46673581,0.447382569,0.00937052071
3216.6666666666597,0.603194237,0.43525368,1.16603566e-007,0.612036884,0.428611457,-0.00549532892,0.621013343,0.425261915,-0.0104107289,0.629134595,0.423944354,-0.0149477497,0.636324108,0.423615783,-0.0193243362,0.641468167,0.437180668,-0.00623023137,0.651987791,0.442773283,-0.0100353826,0.656733215,0.446658045,-0.0134585677,0.659475565,0.449768931,-0.0158693325,0.63858211,0.443137139,-0.00667603686,0.648456812,0.450151,-0.00864910707,0.65283978,0.454545289,-0.0105499346,0.655410528,0.45857206,-0.012469681,0.633250713,0.447802782,-0.00786578469,0.642170489,0.454902291,-0.00997769833,0.646212339,0.459034473,-0.0110390773,0.648292422,0.462485582,-0.0121532353,0.626143217,0.451523215,-0.00969209056,0.631977141,0.457704574,-0.0111210961,0.635508418,0.461492062,-0.0109901428,0.63805145,0.464684308,-0.0108925048
3233.333333333326,0.602349162,0.432661474,1.05762581e-007,0.610799134,0.42532289,-0.00452087121,0.6210168,0.421777368,-0.00859037507,0.630249679,0.420538038,-0.0124214534,0.638510525,0.419789702,-0.0160785876,0.640963435,0.43319723,-0.00463519385,0.65247786,0.438583374,-0.00788024627,0.657697856,0.442656547,-0.0108844517,0.660650969,0.44604373,-0.0130063426,0.638784051,0.439004481,-0.00526865525,0.649217367,0.445460558,-0.00680889329,0.653689504,0.449546,-0.00846598763,0.656104267,0.453329533,-0.0101696011,0.634162307,0.443740517,-0.00660370616,0.644180954,0.450512886,-0.00844535604,0.648732483,0.454612017,-0.00944016781,0.651094854,0.458181918,-0.0105322478,0.627552629,0.447602093,-0.00848482549,0.633943081,0.453586102,-0.00983597245,0.637685299,0.457329124,-0.00977229513,0.640443802,0.460621566,-0.00973021053
3249.9999999999927,0.601113856,0.428945392,1.03638719e-007,0.609466076,0.421682715,-0.00190434954,0.620723,0.41879192,-0.00450785551,0.630301297,0.417303383,-0.0073633357,0.637410164,0.415272325,-0.0102525251,0.640230417,0.428589761,-0.00183486624,0.652012825,0.432989448,-0.00439364184,0.658539176,0.436545432,-0.00711455429,0.662815034,0.43966046,-0.00910707098,0.639124513,0.434253424,-0.00360816298,0.650990784,0.44050172,-0.00458073616,0.65692091,0.444616765,-0.00605374109,0.660611928,0.448625535,-0.00764610898,0.635109544,0.439147741,-0.00584295066,0.646549463,0.445944726,-0.00720740156,0.651587844,0.450000703,-0.00798991229,0.654196,0.453506976,-0.0089182267,0.628789842,0.443242252,-0.00843178295,0.636251569,0.449555069,-0.00908975,0.640803039,0.453466237,-0.00864925,0.6441347,0.456791222,-0.00843593478
3266.6666666666592,0.599921703,0.426522464,1.07696479e-007,0.607260585,0.418811828,-0.0024102591,0.618488371,0.415150702,-0.00528605608,0.628256261,0.4132137,-0.0082660336,0.635977685,0.411043137,-0.0112080676,0.638818145,0.423290938,-0.00289390446,0.651172101,0.426374048,-0.00622285297,0.658301234,0.429579794,-0.0094129527,0.66314137,0.432698876,-0.0116012366,0.63888222,0.429533809,-0.00447550556,0.651989341,0.435042053,-0.00583404955,0.65859586,0.439049631,-0.0074561974,0.662840903,0.443012893,-0.00910140574,0.635716081,0.43504557,-0.00654202793,0.64828,0.441261828,-0.00825888384,0.654232502,0.445191443,-0.00911143143,0.657684922,0.448575318,-0.00999004301,0.630056858,0.439698875,-0.00896758,0.639169633,0.445898712,-0.00998443831,0.644770622,0.449734747,-0.00965396129,0.649205089,0.452891141,-0.00944725424
3283.3333333333258,0.598510802,0.423741609,1.01322932e-007,0.605308235,0.41589281,-0.00289650285,0.615584671,0.412339509,-0.00600651,0.625163138,0.41045925,-0.00919379,0.631963372,0.408059567,-0.0124882711,0.635853,0.420687526,-0.00374238449,0.649157166,0.422767103,-0.00741833355,0.657329142,0.425422847,-0.0108572794,0.663186789,0.428079844,-0.0131795192,0.636600852,0.426441282,-0.00525073661,0.651641607,0.430949956,-0.00732844323,0.659306884,0.434500694,-0.00920771249,0.664110124,0.438127637,-0.0108999396,0.634189129,0.431484759,-0.00727626402,0.649094045,0.436514467,-0.00959363487,0.65622592,0.440186262,-0.0109460745,0.660369,0.443552643,-0.0120267337,0.629529059,0.435901731,-0.00969219394,0.640978515,0.44127661,-0.0112035722,0.647768855,0.44483757,-0.0112975398,0.652905,0.447919,-0.0113764685
3299.9999999999923,0.599111676,0.421711266,9.35550446e-008,0.603974164,0.413522065,-0.00384562649,0.612703,0.409585834,-0.00744559336,0.621083558,0.407488495,-0.0109272087,0.626585186,0.404504687,-0.0145745557,0.634223878,0.417897,-0.00474557374,0.647360265,0.418856114,-0.00819977,0.655820191,0.420486301,-0.0114645669,0.662308037,0.422233313,-0.013766964,0.635238051,0.423473746,-0.00590854324,0.650651634,0.426548094,-0.00811426342,0.658857405,0.429181129,-0.0099901855,0.664200783,0.432112366,-0.0116524631,0.632879198,0.428469837,-0.00763911288,0.648309,0.432163447,-0.0103303539,0.655910075,0.434988678,-0.0119341994,0.660575807,0.437695831,-0.0130679319,0.6284343,0.432911485,-0.00979968905,0.640981078,0.437325865,-0.0118599543,0.648230314,0.440435231,-0.0123161143,0.65391016,0.443144798,-0.0125926398
3316.666666666659,0.597529292,0.420218259,8.93199115e-008,0.601759195,0.41179049,-0.002904383,0.610582113,0.407645643,-0.00590152573,0.618625224,0.40532881,-0.00885978248,0.62307322,0.402156174,-0.0120917223,0.63206,0.415084541,-0.00425838539,0.645840049,0.415687054,-0.00710549299,0.654565096,0.416845828,-0.00982580893,0.661141694,0.4180848,-0.0117468918,0.633447886,0.420481473,-0.00549770473,0.649777651,0.422796369,-0.00719221449,0.658708036,0.424783856,-0.00877086446,0.664533317,0.427058905,-0.0101943957,0.63149929,0.425456852,-0.00714511285,0.648304164,0.428289771,-0.00945578888,0.656940401,0.430362225,-0.0111882174,0.662277699,0.432406455,-0.0124313328,0.627429128,0.429927528,-0.00905349,0.640681744,0.433795452,-0.0108942958,0.648487389,0.436412573,-0.0114082759,0.654569089,0.438631594,-0.0117323063
3333.3333333333253,0.595869601,0.419500977,7.4052025e-008,0.599323809,0.410762,-0.00266969739,0.60801053,0.406399488,-0.00513904309,0.616379738,0.403937042,-0.00760776876,0.620583236,0.400655091,-0.0103432788,0.629725635,0.413297,-0.00351231126,0.643743277,0.412874609,-0.00615076907,0.652650893,0.413401365,-0.00856481772,0.659392595,0.414132535,-0.0102716452,0.631565213,0.418649584,-0.00484131323,0.64798671,0.419801354,-0.00668177148,0.65733844,0.421186924,-0.00835515279,0.663952947,0.423027366,-0.0098031871,0.630267918,0.42375344,-0.00660789898,0.647041142,0.425521135,-0.00931105856,0.656239927,0.427084744,-0.0114013711,0.662357867,0.428773522,-0.0127900513,0.627119422,0.428531617,-0.00857955776,0.640945673,0.431750059,-0.0108718984,0.649556816,0.434101373,-0.0117407162,0.65659833,0.436185271,-0.0122531075
3349.999999999992,0.537668347,0.430742711,-7.86542458e-008,0.528236091,0.418363571,0.00691881869,0.513897121,0.409070462,0.0123051433,0.501249254,0.403776228,0.0153278876,0.491200596,0.401011854,0.0179690011,0.479234278,0.409437835,0.0205203034,0.466150433,0.413205802,0.0234239027,0.46873796,0.417561799,0.0218345467,0.475046754,0.418615043,0.0204228759,0.46948272,0.41751191,0.0167701878,0.457637101,0.422055393,0.02010208,0.465343565,0.425962538,0.0174350552,0.475239366,0.426097482,0.0157028418,0.465264678,0.427670062,0.0127542,0.454248101,0.431807756,0.0141687626,0.463931292,0.43464756,0.0127905458,0.474340558,0.434120119,0.01167465,0.46531564,0.439001769,0.00930184685,0.459074587,0.445449024,0.00908815488,0.467449725,0.446951598,0.00985685643,0.476109326,0.445494741,0.0113643
3349.999999999992,0.594909608,0.419000953,7.13948296e-008,0.597904205,0.410413116,-0.00237650494,0.60608685,0.405895561,-0.00439983094,0.614086509,0.403198242,-0.00647023879,0.618038177,0.399889767,-0.00886704493,0.625988603,0.412561774,-0.00303886831,0.640086055,0.411286265,-0.00552324532,0.649478734,0.411200613,-0.00786140095,0.656665206,0.411484241,-0.00949227251,0.628274262,0.417813212,-0.00435818871,0.645463765,0.418323427,-0.00604461133,0.655943573,0.419300854,-0.00778237497,0.663646102,0.420869261,-0.00924255047,0.627573371,0.422899634,-0.00607389072,0.644701421,0.423905104,-0.00864148047,0.655022264,0.425065279,-0.0108975368,0.662286162,0.426514238,-0.0123767657,0.624974191,0.427668333,-0.00795919355,0.638922155,0.430373073,-0.0102340318,0.647926033,0.432472557,-0.0111244209,0.655283093,0.43437624,-0.0116288858
3366.6666666666583,0.534620047,0.430721581,-7.65395782e-008,0.528003454,0.418237716,0.00976586342,0.513335347,0.409196377,0.0177928712,0.50042,0.404925674,0.0233038589,0.489382,0.403992474,0.028600635,0.484298795,0.409034371,0.0242554303,0.469740033,0.410203069,0.0309770741,0.467636764,0.413791209,0.0326400623,0.469152689,0.415599734,0.0333374254,0.473929822,0.416218519,0.020668108,0.459519714,0.419155657,0.0276449602,0.463199854,0.423002899,0.0272572879,0.469378293,0.424221873,0.0267426595,0.467752635,0.425652176,0.0170636736,0.454555273,0.428271085,0.0222269017,0.460774153,0.431364805,0.0216325093,0.468403041,0.432273,0.0204499383,0.465468645,0.436592519,0.0142201493,0.457879186,0.441403896,0.0177971479,0.463504434,0.443493187,0.0194820855,0.470390618,0.44357425,0.0209485125
3366.6666666666583,0.594574,0.41976124,7.09717796e-008,0.598211408,0.411155701,-0.0025641995,0.606678367,0.40669176,-0.00496288901,0.614762247,0.40365684,-0.00738491863,0.618352711,0.400005132,-0.0100542866,0.625968099,0.413082272,-0.00322433328,0.639949441,0.411496937,-0.00609945925,0.649198711,0.411200643,-0.00865548477,0.656287313,0.411502242,-0.0104272636,0.628713,0.418246657,-0.00449062046,0.645392954,0.418322593,-0.00651158672,0.655702472,0.419081181,-0.00826564059,0.663238287,0.420472145,-0.0096313376,0.628341436,0.4233706,-0.00616635196,0.645484805,0.42408216,-0.00879138056,0.655443549,0.425096482,-0.0106959995,0.662655,0.426321268,-0.0119020883,0.625842,0.428334981,-0.00803584047,0.639671,0.430573314,-0.0103629623,0.648450375,0.432142645,-0.0110450117,0.6557706,0.43349,-0.0113118291
3383.333333333325,0.53638649,0.431073606,2.74055223e-009,0.529019117,0.419078976,0.0074639963,0.513135314,0.410120845,0.0138109261,0.500930667,0.405571938,0.0178994816,0.489676356,0.404112875,0.0220988411,0.492845684,0.411324143,0.0214102864,0.475347131,0.4096497,0.0262535121,0.46535781,0.410801291,0.0271195173,0.460370421,0.412580311,0.0278194584,0.486795872,0.417800039,0.0181213673,0.467490107,0.416982502,0.0239070896,0.459163696,0.418611348,0.0238515027,0.454192251,0.420445293,0.0238449518,0.482261956,0.425232559,0.0143197933,0.463737786,0.424159914,0.0195730645,0.45693785,0.424895853,0.0204355475,0.453076512,0.42601335,0.0204565134,0.480283976,0.433683276,0.0107531883,0.465340674,0.433310509,0.0157850739,0.45968464,0.433342397,0.0189689174,0.456443161,0.433453709,0.0211996511
3383.333333333325,0.595386386,0.421637833,6.23755696e-008,0.599086046,0.41299209,-0.00239953911,0.608152151,0.408371747,-0.00471745618,0.616544664,0.405172408,-0.00709141325,0.620975912,0.401647747,-0.00968441367,0.62731868,0.414791465,-0.00310634868,0.641162634,0.412823379,-0.00590260653,0.649922907,0.412273765,-0.00837706774,0.656592846,0.412308544,-0.0100381346,0.630024076,0.420114338,-0.0044427556,0.646513343,0.419826895,-0.00644455478,0.656472206,0.420167178,-0.00814618915,0.663630605,0.421138674,-0.00942541,0.629714608,0.425285459,-0.00617500441,0.646905363,0.425834268,-0.0088531645,0.656452417,0.426654428,-0.0105658202,0.663223147,0.427770823,-0.0115589621,0.627308071,0.430152446,-0.00807088148,0.641308427,0.432183623,-0.0104245953,0.649917603,0.43371281,-0.0109362248,0.656905,0.435118526,-0.01100042
3399.9999999999914,0.538675785,0.431413829,5.3448832e-009,0.530163348,0.421281844,0.00338234031,0.512443244,0.412927389,0.00579545368,0.49907,0.408655435,0.00662078243,0.486780047,0.407087445,0.00772451749,0.497242391,0.412814885,0.0103600211,0.478049666,0.410908192,0.0093092192,0.465645194,0.411657482,0.00726766419,0.457881302,0.413687974,0.00653601205,0.493261307,0.417841136,0.00737871,0.472145796,0.416321456,0.00744097354,0.460495532,0.41756776,0.00596970273,0.45223248,0.419637233,0.0055972808,0.489835232,0.423668474,0.00388173247,0.469478786,0.421922266,0.004836509,0.458863437,0.422127485,0.00558967702,0.45172298,0.423132479,0.00631664647,0.488154441,0.430353105,0.00029037366,0.471476912,0.428734809,0.00210145209,0.462354749,0.427968591,0.00445598923,0.456158787,0.427879065,0.006623853
3399.9999999999914,0.597259939,0.424064,4.55931506e-008,0.601519704,0.415548295,-0.00192756008,0.611332297,0.410869598,-0.00379648851,0.620082915,0.407872,-0.00586793944,0.624300063,0.404293805,-0.00811343268,0.628294587,0.417652875,-0.00229163817,0.641477942,0.41510275,-0.00509239826,0.649572,0.41412586,-0.00754923699,0.655643523,0.413648337,-0.00911593251,0.631156862,0.422921658,-0.00388702331,0.647635043,0.422480077,-0.00567248138,0.657224119,0.422816724,-0.00708452612,0.664012372,0.423717916,-0.00807503238,0.630976796,0.428038031,-0.00588343339,0.647976458,0.42827,-0.00829245895,0.656914473,0.429089248,-0.0094020525,0.663308382,0.430143327,-0.00992957689,0.628603518,0.432817072,-0.00806657411,0.642313838,0.434428364,-0.0100210067,0.650552928,0.435695559,-0.00993827637,0.657155752,0.436827153,-0.00956566539
3416.666666666658,0.539524436,0.432356268,1.96868477e-008,0.530644059,0.422292769,0.00376506383,0.512150824,0.413887888,0.00609748904,0.498319745,0.409530312,0.00688303076,0.485491574,0.407653153,0.00779799698,0.500188231,0.413951427,0.00944574084,0.47953409,0.41169,0.00845480431,0.465796769,0.41236034,0.0066818865,0.457691729,0.414635092,0.00629358739,0.496794134,0.418950617,0.00643209647,0.474167049,0.416679084,0.00698463,0.461051106,0.418117046,0.00577880302,0.452185452,0.420480639,0.0054914346,0.49384,0.424697548,0.00306283473,0.471980155,0.422309577,0.00484155444,0.459938854,0.422709942,0.00566954678,0.452244401,0.423996836,0.0062093148,0.492363632,0.431472689,-0.000314672798,0.474940091,0.429468453,0.001977999,0.464263529,0.428612441,0.00415053219,0.457137883,0.428728044,0.00607737945
3416.666666666658,0.598275065,0.426564634,3.31451808e-008,0.603332,0.418240666,-0.00196089,0.613510549,0.413854599,-0.00392992375,0.622675359,0.411187619,-0.00606907532,0.628100455,0.40767777,-0.00835150387,0.62994653,0.421022177,-0.00247019436,0.64276576,0.418400437,-0.0054859519,0.650498,0.41718784,-0.00805962551,0.656288266,0.416414797,-0.00966623425,0.632088304,0.426350623,-0.00418567797,0.648112893,0.425814062,-0.00624189805,0.65753752,0.426216334,-0.00781071139,0.664206684,0.427177072,-0.00891633,0.631146431,0.431456089,-0.0063239038,0.64743942,0.431955457,-0.00898817834,0.65629518,0.433006674,-0.010225012,0.662690818,0.43418631,-0.0108004026,0.628162444,0.436144352,-0.00863294303,0.641968429,0.437505215,-0.0106714051,0.650243878,0.438690394,-0.0105870897,0.656873941,0.439731687,-0.0102266874
3433.3333333333244,0.539400518,0.4320997,-1.92810283e-008,0.529267371,0.423044145,0.00439990591,0.510112405,0.414711922,0.00724827824,0.495782197,0.410620749,0.00852215104,0.483106852,0.409042835,0.00996327493,0.500377953,0.414395928,0.00873712823,0.478677452,0.41248852,0.00714893313,0.465463132,0.41374284,0.00500200689,0.457268447,0.416544229,0.00431388151,0.49736017,0.418102,0.00524077844,0.473393142,0.41675362,0.00423001405,0.460088432,0.418881655,0.00199713232,0.451512188,0.422177017,0.0011474276,0.494698763,0.42280522,0.00149770163,0.471373171,0.421317309,0.00186680944,0.459295481,0.422535926,0.0014797491,0.4515827,0.42479986,0.0014230141,0.493058205,0.428279907,-0.00209125225,0.474246532,0.426959664,-0.000685330189,0.463750273,0.426949263,0.000684914179,0.45662564,0.427849412,0.00197884138
3433.3333333333244,0.599351168,0.429234952,4.33179466e-008,0.605189145,0.4209719,-0.00212338637,0.615994811,0.416979313,-0.00399805466,0.625763237,0.414722055,-0.00588966906,0.631849349,0.411533475,-0.00785411336,0.631533861,0.424162805,-0.00284048147,0.644888222,0.422914356,-0.00569345,0.653337479,0.42264691,-0.00797348469,0.659576476,0.422702372,-0.00945137441,0.633131206,0.429936588,-0.00427041762,0.648566723,0.430366904,-0.00637956429,0.657861829,0.43135494,-0.00791338924,0.664594531,0.432784438,-0.0090316,0.631804824,0.435285449,-0.00606708555,0.647117317,0.436566889,-0.00865235459,0.655996621,0.437928319,-0.0098766312,0.662675619,0.439405024,-0.0105292397,0.628563166,0.440063149,-0.00802432839,0.641224623,0.442062825,-0.00988102797,0.649152577,0.443544209,-0.00988014322,0.655636251,0.444925189,-0.0096460348
3449.999999999991,0.541656792,0.432972103,-1.9391555e-009,0.530421,0.42341,0.00562207261,0.510860085,0.415682882,0.00887376256,0.496277839,0.411489367,0.0104766395,0.483644724,0.40967232,0.0120976418,0.501612425,0.416485876,0.0095232185,0.478482485,0.414025962,0.00854388252,0.464508921,0.414998621,0.00696185697,0.45649159,0.417609274,0.00689535774,0.499374151,0.420864761,0.00596464891,0.474366814,0.418858677,0.00605242699,0.459801316,0.420966744,0.00461399416,0.450514048,0.423987389,0.00426135259,0.497289479,0.426248908,0.00230793469,0.47344774,0.424273282,0.00406018319,0.459952384,0.425340623,0.00428720051,0.451377869,0.427075535,0.00445769774,0.496260881,0.432651728,-0.00108992658,0.477253407,0.430926174,0.00147533277,0.465431929,0.430313408,0.0032788557,0.457332134,0.430714756,0.00480420422
3449.999999999991,0.601029336,0.43296656,4.91037895e-008,0.607296348,0.425033182,-0.00242946623,0.618594527,0.421119958,-0.00456690136,0.628338,0.418871135,-0.00675155828,0.634913146,0.415622354,-0.00903077889,0.632787883,0.42833513,-0.00290500163,0.645871043,0.427466035,-0.00613570213,0.653770804,0.427745938,-0.00881471,0.659690261,0.428475678,-0.010531337,0.633794427,0.434025794,-0.00438812189,0.648941219,0.435156941,-0.00657617534,0.657846332,0.436580241,-0.00843775,0.664459229,0.4384633,-0.00984608289,0.631985784,0.439267159,-0.00627633138,0.647254288,0.441213042,-0.00885900576,0.655684471,0.443123907,-0.00987219904,0.662012815,0.445150703,-0.0104321335,0.62816155,0.443883479,-0.00837254897,0.640471518,0.446164846,-0.0101176128,0.647900701,0.447970659,-0.00972731877,0.653885365,0.44962281,-0.00924064778
3466.6666666666574,0.542074919,0.433993518,-4.92343322e-009,0.530336082,0.424300104,0.00479759043,0.509468675,0.416716129,0.00748864235,0.493982941,0.413122594,0.00877017248,0.481007546,0.411625206,0.00998744182,0.502786517,0.417719156,0.00695467694,0.478021055,0.416066647,0.00502949581,0.463369727,0.417610228,0.00300102495,0.455052406,0.420599073,0.00261908886,0.500788331,0.42202732,0.00347298197,0.474146396,0.420639694,0.00264376379,0.459096521,0.423135877,0.000703937432,0.449727476,0.426450372,-0.000127503678,0.498946041,0.427586555,-8.29371274e-005,0.473185,0.426004171,0.000738021568,0.459048688,0.427368104,0.000171999403,0.450402379,0.429359,-0.000268964068,0.497660249,0.434422344,-0.00333851203,0.477312088,0.43327415,-0.00173348049,0.464849353,0.432954818,-0.000733682245,0.456373811,0.433543891,0.000107037376
3466.6666666666574,0.601221502,0.435335189,5.29286162e-008,0.608556509,0.427720428,-0.00270731514,0.620439231,0.42480281,-0.0045815031,0.630779445,0.42341575,-0.00636622868,0.637876153,0.420742482,-0.00817128457,0.635108829,0.432834327,-0.00212060614,0.647880197,0.433138728,-0.00464499975,0.655678153,0.433880389,-0.00707678683,0.661626816,0.434803128,-0.0087583717,0.635121107,0.438436687,-0.00310420548,0.649086595,0.440598369,-0.00468456745,0.657023549,0.442454904,-0.00650209608,0.662907541,0.444576144,-0.00794755761,0.632572114,0.443521649,-0.00449708384,0.646632612,0.446480364,-0.00661445269,0.653886437,0.448831797,-0.00757647958,0.659091175,0.451113373,-0.00816232525,0.628196836,0.447921038,-0.00614275131,0.639460325,0.451146632,-0.00774339912,0.646300375,0.453529239,-0.0074961232,0.651935935,0.455664188,-0.00708823698
3483.333333333324,0.542898655,0.43537733,1.3911964e-008,0.530561149,0.425210983,0.00572192203,0.508901715,0.418367684,0.00939803291,0.492983848,0.415245563,0.0117275324,0.480229676,0.414133459,0.0139573961,0.50126636,0.419579029,0.00910881255,0.476215243,0.418476284,0.00883518346,0.46127224,0.420576036,0.00755076623,0.452933699,0.423695147,0.00745826121,0.500339746,0.425008684,0.00580136245,0.473972648,0.424338341,0.00712941447,0.458999723,0.426936775,0.00603683712,0.449528337,0.429770023,0.00543256709,0.499945849,0.431613594,0.00252449932,0.475069523,0.430813491,0.00525488099,0.460651338,0.432133526,0.00582538033,0.45119375,0.433254778,0.00572494976,0.501041889,0.439256668,-0.000417791191,0.481855869,0.43883729,0.00267311954,0.470024347,0.438457906,0.00495510269,0.461599737,0.438361675,0.00655200472
3483.333333333324,0.602321744,0.43809858,6.14394935e-008,0.610493243,0.430818051,-0.00305907987,0.621188939,0.428033978,-0.00543064205,0.630335808,0.427050352,-0.007717147,0.637786567,0.425801903,-0.0099562034,0.636296332,0.436812729,-0.0027161052,0.648717642,0.437449038,-0.00557297422,0.656376958,0.438573539,-0.00832359586,0.662005484,0.439838916,-0.0101849847,0.635722041,0.442664146,-0.00373741076,0.649348438,0.445259601,-0.00538713764,0.657037437,0.447515965,-0.00720710168,0.662188292,0.449926615,-0.00862654578,0.63239944,0.447747201,-0.00528261485,0.645765901,0.451183528,-0.0073820455,0.652593732,0.453758359,-0.00855757948,0.657335699,0.456196278,-0.00930987392,0.627079904,0.451991379,-0.00713726133,0.63714844,0.45576641,-0.00889040623,0.643157,0.458350301,-0.00887425151,0.647890747,0.460601211,-0.00856848434
3499.9999999999905,0.539976835,0.436061472,-1.89484041e-007,0.514996707,0.42214033,0.00867244601,0.488781363,0.420489,0.0136515405,0.471837729,0.425866753,0.0154179232,0.462309837,0.433582574,0.0171534177,0.473453552,0.418753713,0.0194235798,0.459571779,0.428178728,0.0187232029,0.467049122,0.433981091,0.0158531386,0.474570572,0.434459716,0.013718687,0.464246333,0.427764177,0.0136995381,0.454543799,0.435886741,0.0146700917,0.466756582,0.440712661,0.0128247421,0.477814287,0.439618051,0.0118852174,0.460239083,0.438396841,0.00754794339,0.454179555,0.446752399,0.00787809491,0.468789101,0.450680614,0.00749449478,0.48022905,0.448948473,0.00687022833,0.460236,0.450135678,0.00171245402,0.464830399,0.459755838,-0.000200863316,0.478187799,0.461597919,-0.000186359772,0.487685323,0.459189713,0.000832912512
3499.9999999999905,0.602377415,0.441354901,5.77741623e-008,0.610775769,0.434327245,-0.00283653382,0.6215083,0.431837589,-0.00499564782,0.630291462,0.43097192,-0.00718499068,0.63691,0.429971069,-0.00935520791,0.635865033,0.440800369,-0.00255453237,0.64848119,0.441470265,-0.00547257299,0.655863,0.442775607,-0.00817896053,0.661043823,0.444330662,-0.0100364126,0.63515836,0.446654439,-0.0037607993,0.648261726,0.449412525,-0.00547513273,0.655373394,0.451803058,-0.00727725029,0.659789,0.454378635,-0.00869161449,0.631272674,0.451815307,-0.00550596,0.644098401,0.455770731,-0.00784062315,0.650674582,0.458384305,-0.0092135258,0.654966712,0.460856438,-0.0101278145,0.625122905,0.456112027,-0.00754581811,0.633844435,0.46086368,-0.00954781286,0.639200032,0.463946879,-0.00977663789,0.643301666,0.466589689,-0.00968494546
3516.666666666657,0.540124595,0.43968007,-1.09234669e-007,0.520590842,0.425766408,0.0063743121,0.493493527,0.422583252,0.0107915187,0.476950407,0.426872313,0.0129531203,0.468202978,0.43449083,0.0151198162,0.478025764,0.419624209,0.0143289277,0.463311315,0.425245196,0.0136440406,0.466275454,0.431304812,0.0114955828,0.471447408,0.433608025,0.00993756484,0.468910486,0.42808944,0.0100477077,0.455256402,0.434253633,0.0107204234,0.463537455,0.439137131,0.00983191468,0.472938627,0.43896383,0.00947744772,0.464501292,0.438746572,0.00547555927,0.452346146,0.444863558,0.00532537745,0.463860333,0.448584318,0.00556394365,0.474373281,0.447327197,0.00547524681,0.463872492,0.450680226,0.00125204,0.463394,0.45840922,-0.000809609715,0.473828703,0.460234433,-0.000656186661,0.481650203,0.458086401,0.00039131107
3516.666666666657,0.601349831,0.444442302,4.91290422e-008,0.610746443,0.437766522,-0.00243119849,0.622274101,0.435490698,-0.00459448714,0.631105065,0.434615821,-0.0068812375,0.638000309,0.433706671,-0.00923473,0.635687828,0.44481352,-0.00320275174,0.649122417,0.445807308,-0.00659778109,0.656065,0.447407275,-0.00925801881,0.660409331,0.44906354,-0.0109301684,0.634175241,0.45061934,-0.00465158792,0.647371054,0.453627199,-0.00704738917,0.653420866,0.456059128,-0.00875559,0.656454,0.458483517,-0.00987912808,0.629392147,0.455672145,-0.00656581158,0.641886771,0.459955603,-0.00936364848,0.647501349,0.462447584,-0.0101902308,0.65066433,0.464660913,-0.0105147893,0.622494757,0.459863663,-0.00870823,0.63139528,0.464728087,-0.0109554408,0.636944771,0.467595786,-0.0108696623,0.641109347,0.469985425,-0.0103663094
3533.3333333333235,0.540452957,0.441382021,-1.12627951e-007,0.520593286,0.42783159,0.00647277944,0.493434608,0.42548278,0.00985023193,0.476701319,0.431118965,0.0107070375,0.467376143,0.438727975,0.0116850222,0.478733629,0.421419591,0.0125326319,0.461062968,0.428088814,0.00981272757,0.466913491,0.434073567,0.00673627341,0.475698829,0.435585797,0.00468153227,0.470054805,0.429278135,0.0073533617,0.453742057,0.43659538,0.00616419595,0.462852269,0.441942215,0.00501711667,0.473758459,0.441371799,0.00437201466,0.465528786,0.439612091,0.00171237323,0.45180878,0.447012454,-0.000306893955,0.4638758,0.451175362,-0.000223150608,0.475170463,0.449322551,-0.000369542307,0.464399844,0.451513559,-0.00356059382,0.462650985,0.459939837,-0.00705948193,0.473294556,0.462274253,-0.007465092,0.481639057,0.459904969,-0.0069127758
3533.3333333333235,0.601873636,0.449225098,2.54983359e-008,0.610429347,0.442106515,-0.00419928273,0.622916579,0.439056277,-0.00698854588,0.633098364,0.438100576,-0.00963708945,0.640641093,0.436725795,-0.0122898528,0.63626349,0.44905591,-0.00465739332,0.648027062,0.450059175,-0.00872436166,0.654228687,0.451197207,-0.0118829273,0.658338308,0.452336162,-0.0140609611,0.634444535,0.455641478,-0.00572766224,0.647754371,0.458412111,-0.00954295788,0.650194049,0.459470272,-0.0119220736,0.650363743,0.460706681,-0.0131538259,0.629137039,0.461071104,-0.00730725424,0.641132951,0.465087831,-0.0114355804,0.642570078,0.465796947,-0.0119284242,0.642494,0.46667254,-0.0117090512,0.621375,0.465385079,-0.0092541473,0.629445076,0.469456494,-0.0124200406,0.632567,0.470585167,-0.01217632,0.634429157,0.471487314,-0.0114317993
3549.99999999999,0.540489554,0.443673491,-9.3753691e-008,0.519920945,0.429350406,0.00545679079,0.492059976,0.426727206,0.00772987818,0.475588769,0.432881,0.00766638201,0.468771309,0.442068785,0.00725982944,0.478078842,0.422615618,0.0105572641,0.461102784,0.43170318,0.00647781743,0.468940139,0.436082453,0.00184833643,0.479504436,0.435864598,-0.000869788695,0.470918447,0.431193531,0.00561277801,0.453649491,0.439597905,0.00368561503,0.463222295,0.443859488,0.00180605589,0.47506395,0.442617506,0.000857848732,0.4682585,0.442070276,0.000257778855,0.452194691,0.449715197,-0.00191785477,0.464089721,0.452902049,-0.00114543352,0.475244701,0.450451523,-0.00058260042,0.469425142,0.453882515,-0.00473724399,0.461988956,0.46072346,-0.00680977851,0.472765356,0.462555021,-0.00476931361,0.482010603,0.46034807,-0.00250701536
3549.99999999999,0.601245165,0.453059793,1.37223459e-008,0.60977596,0.446287423,-0.00554903969,0.623230636,0.442870229,-0.00937090535,0.634330869,0.441655308,-0.0129285986,0.642873645,0.439977139,-0.0164632108,0.635745704,0.453135252,-0.00718366075,0.647993922,0.453823477,-0.0127646262,0.652338684,0.454957455,-0.0169023257,0.654467642,0.456167668,-0.0197483636,0.633469164,0.45981586,-0.00834586285,0.646869183,0.462361693,-0.0140492609,0.647898674,0.463487387,-0.0173110329,0.647219718,0.464581043,-0.0190742984,0.627773821,0.465137482,-0.0101521323,0.640043855,0.469118208,-0.0161861461,0.640549,0.470381469,-0.0174828097,0.640378296,0.471497566,-0.0177463088,0.619303584,0.469324887,-0.0123630268,0.626863241,0.47429654,-0.0176535808,0.628781796,0.476647496,-0.0184388645,0.630241156,0.478408188,-0.0183376055
3566.6666666666565,0.543713331,0.444572121,-1.01564723e-007,0.520348251,0.428310752,0.00571557321,0.490599483,0.426353425,0.00868505,0.473503739,0.433113277,0.00951208547,0.464707077,0.441826493,0.0102045266,0.470842749,0.423117459,0.0140833687,0.467046529,0.431811839,0.010670389,0.477728635,0.435281157,0.00472530583,0.488031805,0.435096949,0.000526676304,0.460073918,0.431992918,0.00889737345,0.460936219,0.438837767,0.00926712528,0.472475678,0.442154586,0.00672308821,0.48272714,0.44098109,0.00444295863,0.457474351,0.443573654,0.00313039962,0.45856154,0.449628115,0.00202409783,0.472047836,0.451976985,0.0010605097,0.4813627,0.449561507,-0.000310900446,0.459525168,0.455668777,-0.0024640644,0.467536837,0.463124901,-0.00537083624,0.480718076,0.464491487,-0.00556116085,0.487752914,0.462232709,-0.00502662035
3566.6666666666565,0.6013183,0.456435353,2.96201801e-008,0.610428035,0.449489146,-0.00626056176,0.623432338,0.446040243,-0.0106223132,0.634592772,0.445015788,-0.0145389959,0.644448578,0.443487823,-0.0184706151,0.633252382,0.4566603,-0.00865199417,0.645498574,0.457791328,-0.014176012,0.651210845,0.45909214,-0.0184044279,0.655338109,0.460604668,-0.0214251559,0.629960179,0.463099271,-0.00959541462,0.641000032,0.466477692,-0.0146446656,0.645695925,0.468578637,-0.0181343872,0.648704052,0.470437467,-0.0207606424,0.623754203,0.468117356,-0.0112115685,0.632658482,0.472740352,-0.0168390125,0.636969626,0.475570858,-0.0193448327,0.639995635,0.477935791,-0.0209764242,0.615506649,0.472002655,-0.0132804234,0.621467412,0.47772184,-0.018331185,0.624927223,0.481373608,-0.0200012624,0.62783289,0.484585106,-0.0210031047
3583.333333333323,0.542800546,0.447389573,-6.63008919e-008,0.518495619,0.430023342,0.00377014745,0.489698321,0.426672608,0.00545837497,0.472112894,0.433056086,0.00510632526,0.465143442,0.442907333,0.00501585193,0.463699251,0.432521641,0.0142193623,0.464143127,0.428808421,0.00966288801,0.480922163,0.430661798,0.00313445763,0.493746608,0.433120459,-0.00113510969,0.455723137,0.441836119,0.0100921011,0.460728407,0.438528091,0.00966811273,0.477503926,0.439359486,0.00718119275,0.489150584,0.439896,0.0050525954,0.455501199,0.452171117,0.0048306752,0.45970884,0.448198974,0.00312057906,0.476863682,0.447441459,0.00380279496,0.488175452,0.447017878,0.00408415636,0.460214287,0.461402029,-0.000444159261,0.466032594,0.458329976,-0.00161511742,0.48065877,0.457396805,0.00073841284,0.48935768,0.457120776,0.00301740365
3583.333333333323,0.597627878,0.458460271,2.63493529e-008,0.609055817,0.451697379,-0.00464924052,0.623211741,0.448730171,-0.00808352325,0.634629309,0.44779709,-0.0113786962,0.644624114,0.446633935,-0.0144186486,0.633231699,0.460543722,-0.00454335241,0.647148609,0.462051809,-0.00879640598,0.651531041,0.46318537,-0.0124058817,0.653218567,0.46417141,-0.0147144133,0.629066765,0.466953069,-0.0054559987,0.640703738,0.470783472,-0.00848972052,0.64424175,0.473082423,-0.0112233404,0.645327449,0.474989057,-0.0132145733,0.622252762,0.471839875,-0.00706031173,0.631748736,0.476870269,-0.0106722657,0.635749757,0.480048686,-0.0124765476,0.637642682,0.482654482,-0.0136152525,0.613700926,0.475512266,-0.00903488602,0.619208455,0.481163323,-0.0122675532,0.622537613,0.484969735,-0.0130214328,0.624613345,0.488329619,-0.0132325208
3599.9999999999895,0.596628785,0.460569352,2.92707547e-008,0.608935833,0.453911811,-0.00414425274,0.623551428,0.451528668,-0.00705944328,0.63540864,0.45026949,-0.010076046,0.645369887,0.448234886,-0.0128792413,0.633197784,0.463219166,-0.00229317928,0.647295296,0.465301454,-0.00663984,0.650214612,0.466623873,-0.0105586182,0.65038693,0.467487276,-0.0129297515,0.628558517,0.469556212,-0.00332544744,0.639043033,0.473895,-0.00561938668,0.64231509,0.476682842,-0.00822817441,0.644074142,0.479124755,-0.0103857452,0.621148586,0.474309146,-0.00529685291,0.629266441,0.479561657,-0.00857954938,0.633535147,0.482967645,-0.0106329462,0.6366117,0.485835552,-0.0121142939,0.612201571,0.477843851,-0.00764509803,0.616731286,0.48361212,-0.0104127713,0.61959213,0.487560719,-0.0110497307,0.621983171,0.491036057,-0.0114086457
3616.666666666656,0.598176599,0.463185698,2.06830304e-008,0.60934782,0.456576675,-0.00584423495,0.623261034,0.453514934,-0.0103693241,0.634947,0.452226549,-0.0147226285,0.645143747,0.450511754,-0.0187483821,0.633167326,0.465545118,-0.00623988314,0.647825956,0.467658669,-0.0128169376,0.648514748,0.468524843,-0.0179800391,0.646151125,0.468918115,-0.0208206233,0.628298938,0.471922398,-0.00698021846,0.638910532,0.476520717,-0.0113307927,0.640829921,0.478733867,-0.0146966176,0.640889764,0.48029381,-0.0170733463,0.620533466,0.476541132,-0.00872193277,0.628439784,0.482056409,-0.013184268,0.631798,0.484911531,-0.0152769592,0.63376081,0.487013072,-0.0166171193,0.611066937,0.479772776,-0.0109705599,0.614957213,0.485527784,-0.0144298095,0.61773175,0.489095926,-0.0153151443,0.620087266,0.49217394,-0.0157589242
3633.3333333333226,0.518941,0.443755239,-1.10843473e-007,0.501847267,0.445161402,0.00649670139,0.487659514,0.446993232,0.00984434597,0.479741454,0.4487845,0.0108558303,0.473296255,0.450858951,0.0116986232,0.476138055,0.440835416,0.0122780623,0.461440593,0.443208396,0.0122339958,0.456283,0.44755125,0.0101030422,0.453709126,0.452241272,0.00865150336,0.476195514,0.442867935,0.00797308702,0.462008148,0.447614759,0.00855327304,0.456929415,0.4523063,0.00631718,0.453779,0.456864029,0.00437883427,0.477880538,0.445610553,0.00333250826,0.465513527,0.451591045,0.00422692858,0.461287141,0.4560709,0.00269987178,0.458468258,0.460205823,0.00096899271,0.481115311,0.449113816,-0.00102139194,0.473213166,0.45472613,0.000575858343,0.469483137,0.458129704,0.00124954828,0.466939807,0.460885197,0.00125579559
3633.3333333333226,0.595949054,0.465105176,1.87089135e-008,0.608988643,0.458559334,-0.00502233487,0.624133766,0.455366731,-0.00860250182,0.636454523,0.453945607,-0.0121209435,0.646674395,0.451926321,-0.0154948104,0.631625,0.467155933,-0.00434309477,0.644517422,0.468523353,-0.00943457428,0.648992956,0.469329357,-0.0137957148,0.651898205,0.470074266,-0.0166836847,0.627057493,0.473302037,-0.0054319012,0.636988461,0.477351636,-0.00903964695,0.640738,0.479563981,-0.0119570643,0.643528402,0.481492102,-0.0142391985,0.619898677,0.477979183,-0.00746066915,0.627497435,0.482840031,-0.0115557844,0.631946743,0.485692173,-0.0133323185,0.635537088,0.488049477,-0.0145552726,0.611024,0.481378257,-0.0100063076,0.615108371,0.486696839,-0.0131422961,0.618205667,0.490006655,-0.0137733491,0.621230781,0.492995024,-0.0141904978
3649.999999999989,0.517202735,0.437007964,-1.84479294e-008,0.502558768,0.433856398,0.00257320143,0.487990141,0.434262931,0.00251220912,0.478083879,0.434493542,0.000781767303,0.469865501,0.434925675,-0.00129904377,0.474333495,0.439870089,0.00302147213,0.461193621,0.444730431,-0.000663117389,0.453986257,0.448640585,-0.00457961066,0.44925186,0.452654839,-0.00706954114,0.476574689,0.443669736,-0.000719043135,0.463228762,0.449899584,-0.00343488483,0.456292301,0.454810172,-0.00657817628,0.451978087,0.459730744,-0.00892911479,0.481152624,0.44749409,-0.00462458143,0.469235241,0.454642534,-0.0066675297,0.464221746,0.459992737,-0.00853730924,0.461242855,0.464930683,-0.010143511,0.487764865,0.450941712,-0.00846755318,0.47936365,0.457578212,-0.0100917676,0.475406021,0.462082237,-0.0105986986,0.472820789,0.466216117,-0.0109286029
3649.999999999989,0.59554249,0.466837883,2.2670994e-008,0.60900414,0.459924281,-0.00401313603,0.624730825,0.45675993,-0.00687624421,0.636999369,0.455368251,-0.00976322219,0.647479653,0.453526735,-0.0125142,0.63124758,0.468430877,-0.00338752149,0.644237936,0.469605297,-0.00752935652,0.649526596,0.470404506,-0.011075303,0.653139651,0.471088469,-0.0134647274,0.626937747,0.474563122,-0.00456817122,0.636937201,0.478343934,-0.00722711952,0.641119,0.480415016,-0.00948701892,0.644441843,0.482279748,-0.0114032077,0.620106399,0.479197174,-0.00656347349,0.628345668,0.483985871,-0.0100741116,0.633162141,0.486872733,-0.0116853472,0.637338459,0.489392936,-0.0128931245,0.611713707,0.482557029,-0.00894252397,0.615424693,0.487838954,-0.011829298,0.618226,0.491234094,-0.0124871423,0.621126,0.494319379,-0.0129358377
3666.6666666666556,0.517482758,0.43800661,-5.70135139e-009,0.501580715,0.436021119,0.00276517239,0.486857206,0.437828541,0.0026957693,0.476215035,0.439508855,0.00123867975,0.467952341,0.441081613,-0.000498841051,0.474887133,0.441046089,0.00086453,0.460618168,0.44635,-0.00287812483,0.453552604,0.450788647,-0.00605371362,0.449393749,0.45501852,-0.00814691652,0.477752537,0.444152981,-0.00302148797,0.463670462,0.451730907,-0.00663628895,0.457289696,0.457427084,-0.00949989818,0.45427227,0.462796062,-0.0114889909,0.483414173,0.44744873,-0.00690830033,0.471459,0.456059307,-0.00991896447,0.466423333,0.461970747,-0.0120577123,0.464240819,0.467241,-0.0135572637,0.490750939,0.450620353,-0.0105727678,0.482272804,0.458397865,-0.0135085192,0.478074312,0.46377486,-0.0150506143,0.475782841,0.468634129,-0.0159045439
3666.6666666666556,0.595877588,0.467214733,2.87399704e-008,0.60909611,0.460240722,-0.00479003135,0.62538296,0.456892878,-0.00789057,0.637923181,0.455638558,-0.0108609293,0.64814949,0.453742445,-0.0136403786,0.631650031,0.468373567,-0.00424901256,0.64482522,0.469740659,-0.00913632289,0.649395704,0.470621139,-0.0132058095,0.652208626,0.471301168,-0.0157972444,0.627284825,0.474730641,-0.00516573573,0.636885643,0.478751957,-0.00837472733,0.640533447,0.480951488,-0.0108155245,0.643509924,0.482984751,-0.0127133653,0.620538354,0.479527563,-0.00699226372,0.628531814,0.48463,-0.0108437799,0.633402169,0.487567753,-0.0124100568,0.637963235,0.490285069,-0.0135231512,0.612016916,0.482853651,-0.00926834065,0.615259469,0.488172531,-0.0124415923,0.617699325,0.491505623,-0.0129767871,0.62067008,0.494563431,-0.0132523347
3683.333333333322,0.518591046,0.437908,-1.67458474e-008,0.503088593,0.43594417,0.0023848454,0.487553626,0.436905473,0.00173701311,0.476273686,0.436697602,-0.000358957273,0.467454076,0.436104357,-0.00281617255,0.474649489,0.442073017,0.000686919608,0.461672038,0.447851598,-0.00347586581,0.45502162,0.452496439,-0.00722215511,0.451005,0.45671615,-0.00974951591,0.478535682,0.445215762,-0.00329069328,0.466212749,0.453602016,-0.00683061313,0.459730983,0.459435582,-0.0101292692,0.455967158,0.46476239,-0.0127259698,0.485003948,0.448123783,-0.0073026754,0.475084901,0.457198948,-0.0101404656,0.471144199,0.462977648,-0.012118238,0.469180018,0.467958063,-0.0137699237,0.493047327,0.45048207,-0.0112131154,0.486133158,0.45794332,-0.0136353029,0.482835233,0.462645859,-0.0147345606,0.480598599,0.466908485,-0.0155041786
3683.333333333322,0.598368824,0.466970921,3.77166387e-008,0.611158729,0.459842891,-0.0044330284,0.626741409,0.456332594,-0.00688050734,0.638711274,0.454983473,-0.00923126,0.648964167,0.453325927,-0.0114215612,0.632819,0.467988163,-0.00298497174,0.645649314,0.469134539,-0.00635821279,0.651246607,0.469872773,-0.00930020213,0.655085146,0.470587701,-0.011363226,0.628154516,0.474290162,-0.00391266728,0.637827039,0.478211373,-0.00591310859,0.64246881,0.480778277,-0.00788107701,0.646387875,0.483290493,-0.00969800539,0.621362448,0.478964955,-0.0057125208,0.629153848,0.483994901,-0.0091669634,0.63427043,0.487238467,-0.0109361382,0.639047444,0.490268111,-0.0123034324,0.61317873,0.482224435,-0.00790309,0.616086364,0.487493753,-0.0111655165,0.618525267,0.490937,-0.0119523546,0.621448398,0.494103581,-0.012480475
3699.9999999999886,0.515947938,0.437862873,-2.79271308e-008,0.500573277,0.435323566,0.00302202324,0.486687541,0.435984582,0.00246501924,0.476508945,0.435649425,0.000405593,0.468718231,0.435063452,-0.00215079985,0.473891705,0.442357451,4.95510758e-005,0.461161882,0.448467553,-0.00439513149,0.455837458,0.453291714,-0.00823882,0.453466,0.457831204,-0.0106335636,0.478185117,0.445745111,-0.00397372665,0.466936499,0.454017222,-0.00757611776,0.461873621,0.459795594,-0.0106675811,0.459199,0.465109289,-0.013131191,0.485048473,0.448695928,-0.00792130642,0.476186693,0.457434535,-0.0106470678,0.472893804,0.463029563,-0.0124988304,0.471482068,0.467962176,-0.0141206663,0.493140817,0.451073617,-0.0116755785,0.48695612,0.45820573,-0.0141273076,0.484030724,0.462855488,-0.0152263362,0.482341021,0.467116624,-0.0159709789
3699.9999999999886,0.598626256,0.465807348,3.82021454e-008,0.611670136,0.458358437,-0.00431013247,0.626948,0.454641193,-0.00678977277,0.63916707,0.453112274,-0.00921094883,0.649909914,0.451829046,-0.0114234695,0.634166956,0.466917515,-0.00225962349,0.64668113,0.46803996,-0.00534410356,0.652929604,0.468785107,-0.00821640808,0.657209456,0.469388932,-0.0102757215,0.629612207,0.473267406,-0.00316651957,0.639731228,0.477182537,-0.00491854362,0.644632,0.479816228,-0.00677719899,0.648233593,0.482173,-0.00845702924,0.622800589,0.477942735,-0.00496779056,0.631164253,0.482678026,-0.0080592595,0.636312425,0.485855281,-0.00960631,0.640385926,0.488513917,-0.01077668,0.614507794,0.481272966,-0.00719387643,0.617961,0.486357808,-0.0100283036,0.620787919,0.48958084,-0.010603914,0.623447299,0.492309123,-0.0109553374
3716.666666666655,0.515507936,0.436879575,-2.30935537e-008,0.500584364,0.435224712,0.00197225227,0.486131042,0.436431944,0.000742723641,0.474998713,0.435934722,-0.00187957089,0.466903448,0.434733868,-0.00499573676,0.473452181,0.441735804,-0.000844711903,0.461853355,0.44818607,-0.00558726909,0.456783891,0.453084499,-0.0096987877,0.454399139,0.457577646,-0.0123926327,0.477991134,0.444701403,-0.00475593423,0.467457116,0.453411758,-0.00896693207,0.462488711,0.45942688,-0.0125920661,0.460067064,0.464897841,-0.015377434,0.484984279,0.447426498,-0.00866753235,0.476129413,0.456439018,-0.0121214325,0.473066717,0.462275088,-0.0144437505,0.471944,0.467360616,-0.0162363201,0.493237019,0.449727803,-0.0124558257,0.486537874,0.457272768,-0.0155057777,0.48382929,0.462200314,-0.0169632975,0.482416898,0.466701984,-0.0178958904
3716.666666666655,0.597557783,0.463896334,2.56961386e-008,0.611699462,0.456384569,-0.00411737431,0.627705872,0.452596545,-0.00697940681,0.64080286,0.451156259,-0.00966698304,0.651410639,0.449756682,-0.0118638948,0.637234509,0.465037704,-0.00334343,0.652346671,0.467348,-0.00666100904,0.654668391,0.467575341,-0.00921811536,0.653713644,0.467250884,-0.0105827367,0.632207155,0.471505225,-0.00378651335,0.643563569,0.47564742,-0.00474419305,0.646787405,0.478056103,-0.00581812114,0.647939861,0.479718387,-0.00698590651,0.624857843,0.47623536,-0.00504966127,0.633871734,0.481214195,-0.0068488759,0.638885677,0.484199941,-0.00756117748,0.642092049,0.486275971,-0.00833510887,0.616195381,0.479732424,-0.00668700319,0.620557845,0.48485294,-0.00834480207,0.623725176,0.487843096,-0.00817184523,0.626153588,0.490172446,-0.00795222539
3733.3333333333217,0.517272,0.435200632,-2.69241109e-008,0.501854897,0.433660656,0.00162929157,0.48753792,0.43519339,0.000260069792,0.476949513,0.435934663,-0.00236104359,0.468465805,0.436512232,-0.00537100248,0.475382596,0.439846426,-0.0015173736,0.463525414,0.446295142,-0.00662151119,0.45804882,0.451585293,-0.0109013943,0.455264628,0.45650962,-0.0137073016,0.479404449,0.442717314,-0.00538288336,0.468086421,0.451113552,-0.00982260332,0.462183863,0.457139671,-0.013525066,0.458909333,0.462744,-0.0163713731,0.485870183,0.445442051,-0.00926792715,0.47565797,0.454539716,-0.0129745221,0.471684426,0.460508049,-0.0153818782,0.470012605,0.465787023,-0.0172075853,0.493632466,0.447703689,-0.013025336,0.48635149,0.455491245,-0.0164469071,0.483127832,0.460615426,-0.0180551857,0.481518,0.465248197,-0.0190367773
3733.3333333333217,0.597982168,0.461460412,-1.74174275e-008,0.612201214,0.453902483,-0.0041662124,0.628100455,0.449867338,-0.00789624546,0.641651,0.448544383,-0.0115208076,0.652528048,0.447139055,-0.0142788123,0.639635563,0.462646842,-0.00565613667,0.657927096,0.465080231,-0.0108356224,0.653118968,0.464804471,-0.0143247023,0.645473123,0.463953286,-0.0157895833,0.634445429,0.469299376,-0.00629495271,0.648417652,0.473967791,-0.00858580228,0.647662878,0.475239,-0.0100169796,0.644872606,0.475509912,-0.0112390388,0.62705946,0.474149346,-0.00764429336,0.638069868,0.479997575,-0.00973682851,0.640160501,0.481921077,-0.00992321689,0.640231431,0.482593656,-0.0103572495,0.618387163,0.477665186,-0.00932939,0.623993456,0.483349293,-0.0107947281,0.626629829,0.486170828,-0.0101981545,0.628253758,0.488077551,-0.00962897111
3749.999999999988,0.517671525,0.433719039,-2.64059441e-008,0.500747323,0.433579594,0.00239239703,0.485190868,0.436996698,0.00245321495,0.474770457,0.440865308,0.00126649509,0.467076182,0.444884449,-0.000276650098,0.477234632,0.437906951,-7.38845047e-005,0.46451655,0.444240153,-0.00487839198,0.457878232,0.449715734,-0.00892181508,0.454516172,0.454743683,-0.0113548888,0.480301589,0.44062072,-0.00372387981,0.467613041,0.448466241,-0.00779330311,0.461133301,0.454548538,-0.0111450413,0.457944751,0.460101485,-0.0134627866,0.485570878,0.443433285,-0.00740274135,0.47445631,0.451998562,-0.0106653562,0.469517976,0.45818755,-0.0130286915,0.467274338,0.463547558,-0.0146822557,0.492799699,0.446283758,-0.0108821103,0.485154182,0.453771234,-0.0137422225,0.481468916,0.459049,-0.0151411854,0.479729384,0.463713616,-0.015930457
3749.999999999988,0.60090816,0.458665669,1.07121183e-008,0.6135059,0.451078355,-0.00425778143,0.627985477,0.446899444,-0.00814914,0.640415609,0.445194513,-0.0120427115,0.651427329,0.443988591,-0.0153049855,0.640606463,0.45950228,-0.00474570785,0.657214403,0.461764753,-0.00980426744,0.655734122,0.462357372,-0.013592721,0.650796175,0.462505281,-0.015425696,0.635942757,0.466242373,-0.00555105647,0.647612393,0.470880449,-0.00743363,0.65025425,0.473451793,-0.00909897778,0.65112251,0.475417078,-0.0107775079,0.628888249,0.471199334,-0.0071990476,0.638172686,0.476726651,-0.00935623515,0.642282546,0.479581475,-0.00983653311,0.64489311,0.48159793,-0.0105340574,0.620479465,0.474944621,-0.00926440489,0.62586683,0.480818212,-0.0107680634,0.629319906,0.483893096,-0.00999579951,0.632033646,0.486137301,-0.00936586317
3766.6666666666547,0.512183309,0.431431323,-2.12280966e-008,0.496229321,0.430932075,0.00131260848,0.482552856,0.434244066,0.000266259914,0.473235935,0.43808654,-0.00188084831,0.465857327,0.441852063,-0.00439144298,0.474242091,0.436221957,-0.00226291618,0.46276471,0.442993909,-0.00809025858,0.457481802,0.448222548,-0.0128129115,0.454996526,0.453106552,-0.0155818136,0.477438062,0.439224631,-0.00574296573,0.465607196,0.447292864,-0.0106896032,0.460027218,0.453441441,-0.0142772198,0.456938416,0.458964109,-0.0166967083,0.482833773,0.442243069,-0.00932692364,0.472107738,0.450932086,-0.0133916838,0.467620611,0.456982881,-0.0156242624,0.465137273,0.462184638,-0.0171070546,0.490229338,0.445234656,-0.0127790989,0.482482105,0.452471316,-0.0162437968,0.478642464,0.457513243,-0.0175212547,0.476330847,0.461946219,-0.0181401558
3766.6666666666547,0.600585938,0.454042494,3.35738299e-008,0.614083648,0.446459323,-0.00457875524,0.628629684,0.442978024,-0.00827893615,0.641365,0.441864163,-0.0118244318,0.652064264,0.440231,-0.0148917111,0.642127573,0.456324965,-0.00509937527,0.658481956,0.459299654,-0.009405775,0.65759325,0.459869206,-0.0126612,0.653062344,0.459983885,-0.0143072447,0.637262344,0.463219792,-0.0057697,0.650623918,0.468668491,-0.00683761621,0.654501915,0.471923798,-0.00845405366,0.655705,0.474570662,-0.0103196613,0.629805386,0.468100816,-0.00724724494,0.640201449,0.474249,-0.00903659686,0.645369232,0.477815956,-0.0103410678,0.64841646,0.480434597,-0.0118333381,0.620931745,0.47169289,-0.009118421,0.626484275,0.47788,-0.0107742054,0.629859388,0.481365681,-0.0106158825,0.631945,0.483961195,-0.010550214
3783.333333333321,0.511270523,0.430532575,-2.4915523e-009,0.498698056,0.429063797,-0.000343518506,0.486165017,0.430473983,-0.0023081603,0.477456808,0.432240307,-0.00503332494,0.471117586,0.434044,-0.00802952144,0.474336237,0.434947878,-0.00354473107,0.462322354,0.441498429,-0.00907498,0.456451207,0.446557343,-0.013398773,0.453511417,0.450747073,-0.0160344895,0.476854414,0.437827915,-0.00643114327,0.464720041,0.445858955,-0.0112020262,0.458706826,0.451565713,-0.0147184832,0.455401868,0.456416517,-0.017061213,0.481951386,0.440496564,-0.00949003268,0.471362859,0.449066967,-0.0135258511,0.466578871,0.454805464,-0.0158343632,0.463938802,0.459618062,-0.0173179675,0.489109933,0.442898244,-0.0125488574,0.481596708,0.44995442,-0.0160242822,0.477623165,0.454578072,-0.0173483733,0.474875063,0.458603412,-0.0179947931
3783.333333333321,0.599131,0.45043546,1.00857021e-008,0.613024771,0.442496091,-0.00368635962,0.628012121,0.439184099,-0.00716803176,0.6410532,0.438212305,-0.0107743843,0.651976,0.437044591,-0.0137371952,0.643655956,0.452836514,-0.00360012124,0.660899222,0.456809402,-0.00799920689,0.657885373,0.457125187,-0.0115376711,0.651417255,0.456632972,-0.0132373534,0.638503134,0.459702373,-0.00459169596,0.652667642,0.465351284,-0.00575692765,0.654788136,0.467908055,-0.0077278032,0.653744042,0.469508082,-0.00968413148,0.630886793,0.464714408,-0.00638068374,0.641847074,0.47096321,-0.00776960095,0.646401,0.474178791,-0.00921139,0.64853853,0.476052403,-0.0107962955,0.621895313,0.468494803,-0.00850508548,0.628409624,0.474955678,-0.00958340708,0.631983638,0.478519201,-0.00938209705,0.633988202,0.480951279,-0.00930236559
3799.9999999999877,0.508345723,0.428983301,9.81024328e-009,0.497989565,0.426825643,-0.00254597096,0.487711787,0.426322192,-0.00578090595,0.48028928,0.426168323,-0.0096194772,0.474373579,0.426306039,-0.0136178927,0.472688764,0.433524847,-0.00362169836,0.461605251,0.439226508,-0.0092993658,0.456278682,0.443811059,-0.0141895143,0.45361945,0.447842211,-0.0173025355,0.474951029,0.43709,-0.00567784533,0.463704795,0.44370693,-0.0104389125,0.45808059,0.44873035,-0.014603368,0.454907596,0.453281701,-0.0174488761,0.479844332,0.440074861,-0.00820180774,0.469877332,0.446985036,-0.0119762942,0.465017229,0.451912761,-0.0146386018,0.461937338,0.456274062,-0.0164702293,0.486897379,0.442555219,-0.0110094976,0.48008886,0.448388934,-0.0141119286,0.476500869,0.4522852,-0.0153728826,0.47394082,0.455722839,-0.0160436165
3799.9999999999877,0.600338817,0.448185086,4.50779e-008,0.613383591,0.439832419,-0.00235093758,0.628016531,0.436574459,-0.00453354279,0.640166938,0.43498823,-0.00700071873,0.649995148,0.433546424,-0.00942867249,0.64205128,0.448618,0.000130184562,0.653831959,0.451112539,-0.00172252208,0.658920527,0.453110784,-0.00426654285,0.661359966,0.454713941,-0.0061282767,0.638159513,0.455634326,-0.00138551416,0.650638342,0.461224079,-0.00148748315,0.655434251,0.464438379,-0.00312921312,0.657425225,0.467292637,-0.00488599,0.631557,0.461142689,-0.00356702064,0.643379569,0.467669934,-0.00489892811,0.649191499,0.471306056,-0.0065281596,0.652737558,0.474142194,-0.00808045454,0.623246431,0.46518755,-0.00599307,0.629132211,0.47161448,-0.00694036111,0.632727087,0.475503683,-0.0068577081,0.634902358,0.478531957,-0.00694891345
3816.6666666666542,0.508885264,0.427289039,2.53445407e-008,0.500533,0.4245992,-0.00457724044,0.490369618,0.423793525,-0.00817398727,0.482912,0.423628181,-0.0118655441,0.476975262,0.423676491,-0.0155399125,0.473779172,0.431043535,-0.00508752745,0.46245867,0.436117381,-0.0105318325,0.456465364,0.440292686,-0.015113825,0.452888817,0.443952024,-0.0181244817,0.475129,0.43471095,-0.00603753142,0.463601738,0.440676451,-0.0106710205,0.457269251,0.445424885,-0.0145743564,0.45301649,0.449720502,-0.0172551125,0.47903046,0.437720925,-0.00758993486,0.468590051,0.443745941,-0.0114150168,0.463217825,0.448246658,-0.0139610227,0.459288657,0.452276081,-0.0156474914,0.485212952,0.440206498,-0.00961357262,0.478053153,0.445450813,-0.0127198044,0.47416389,0.448894054,-0.0139524825,0.471146673,0.45193252,-0.0145665947
3816.6666666666542,0.603728533,0.444646418,7.60568071e-008,0.615353823,0.436573267,-0.00381408422,0.62829572,0.432835162,-0.00706727197,0.639534652,0.431060702,-0.010382331,0.64967066,0.429597825,-0.0134704,0.643624,0.445329934,-0.00270813773,0.657293081,0.448839754,-0.00601738691,0.661207259,0.45141086,-0.00904890057,0.661536574,0.453226596,-0.0108957626,0.639920354,0.45234561,-0.00393220363,0.65320605,0.458513349,-0.00513820164,0.658270836,0.462255359,-0.00685649132,0.660124242,0.465365082,-0.00849040784,0.633374155,0.457707018,-0.00596542,0.645077348,0.464640051,-0.00825057365,0.650419712,0.468699396,-0.00979609229,0.653322875,0.471781164,-0.0111196768,0.624969959,0.461658508,-0.0083658,0.630493045,0.468331724,-0.0104739256,0.634075642,0.47250095,-0.010628,0.636207163,0.475803673,-0.0106243659
3833.3333333333208,0.60085994,0.441285074,8.94373926e-008,0.613564909,0.433234721,-0.00326901162,0.627239823,0.429436,-0.00647500111,0.639021039,0.427827448,-0.00989453681,0.649133623,0.426198184,-0.0131162591,0.644598484,0.441477269,-0.00106774375,0.656376421,0.446149856,-0.00395704806,0.660680413,0.449346036,-0.00711450726,0.662115932,0.45179522,-0.00932346,0.6406129,0.448331118,-0.00269119255,0.653039515,0.455172896,-0.0033770334,0.658626258,0.45938766,-0.00523834303,0.661792636,0.463203967,-0.0072964835,0.633961856,0.453507453,-0.00515300548,0.64509052,0.460838705,-0.00700606,0.650222,0.465287685,-0.00854590815,0.653352082,0.468839109,-0.010111304,0.625328898,0.457333893,-0.00801905,0.630867839,0.464038372,-0.00973352417,0.63404566,0.468005955,-0.00964510161,0.635908127,0.471208572,-0.00963649433
3849.9999999999873,0.605330944,0.436398774,1.17661081e-007,0.616064548,0.429474026,-0.00538559631,0.627676964,0.425597519,-0.0104248654,0.63784945,0.423405528,-0.0151408,0.647473872,0.421916902,-0.01972677,0.644679844,0.437538445,-0.00745456712,0.656520367,0.442396939,-0.0121991299,0.661208928,0.445996523,-0.0160723943,0.663180351,0.449178517,-0.0186390262,0.640652,0.444210112,-0.00855971128,0.653279185,0.451154768,-0.0112043042,0.659213722,0.455903202,-0.0135853067,0.66269,0.460414648,-0.0159868989,0.63391912,0.449252188,-0.0103255427,0.644521475,0.45690012,-0.0135182776,0.648785233,0.461426139,-0.0149544738,0.651245177,0.465105891,-0.0163934808,0.625166535,0.453011364,-0.0125935199,0.631313443,0.459995955,-0.0151605159,0.634482861,0.463933706,-0.0150562534,0.636480808,0.467095733,-0.0150075248
3866.666666666654,0.60292542,0.431935608,9.3267154e-008,0.614813507,0.425767481,-0.00392411463,0.626449108,0.422538698,-0.00870721322,0.636022925,0.420182437,-0.0135107804,0.645044327,0.418946356,-0.0183007494,0.644681633,0.433890134,-0.00582564157,0.656550288,0.439324051,-0.0105418619,0.660503924,0.442353755,-0.0144792292,0.661847889,0.444601178,-0.0169866756,0.640886664,0.440012068,-0.00734545616,0.653535485,0.446983308,-0.0101896198,0.658598542,0.451344281,-0.0127801048,0.661515236,0.455387384,-0.0151036149,0.634119451,0.444909185,-0.00946407299,0.645282507,0.452700257,-0.0125796981,0.648745179,0.457106233,-0.0138926953,0.65067941,0.460662901,-0.0150693553,0.625599265,0.44875896,-0.0119209066,0.633019149,0.455657482,-0.0138743035,0.636741936,0.459757626,-0.0134630427,0.639663756,0.463150561,-0.0131880175
3883.3333333333203,0.549444854,0.429692,-1.30690012e-007,0.533198774,0.418238461,0.00944778416,0.510296404,0.414399564,0.0153834214,0.491218776,0.411920637,0.0185247269,0.47837016,0.408224016,0.0211356524,0.46725,0.422325492,0.0243490133,0.463717937,0.429598927,0.0270324964,0.473152757,0.433632821,0.0228148755,0.482545435,0.433678836,0.0196670778,0.459274769,0.431284279,0.0198530424,0.463713199,0.439240545,0.025614189,0.47622624,0.441656888,0.0215892326,0.488004565,0.439586401,0.0181660168,0.459918261,0.441313297,0.0153112756,0.464382619,0.447230428,0.0183932316,0.476946771,0.448068887,0.0163346082,0.487784296,0.445262402,0.0144099779,0.465821415,0.450879395,0.0113436384,0.468196154,0.455522776,0.0131426277,0.479973644,0.45533064,0.0153421592,0.489750296,0.453064829,0.0178609286
3883.3333333333203,0.602001667,0.428351879,1.22645091e-007,0.61378026,0.422139496,-0.00407837564,0.626200318,0.419467568,-0.00835011154,0.637212396,0.417435735,-0.0125398552,0.646991432,0.415558308,-0.0166094713,0.644277275,0.430956781,-0.00502924249,0.656757057,0.43730244,-0.00874264911,0.66153574,0.44178164,-0.0119493119,0.663592577,0.445561826,-0.014138679,0.640292883,0.436048239,-0.00605431572,0.652418792,0.443306953,-0.0083225416,0.657330811,0.448115945,-0.0104000028,0.6598351,0.452647299,-0.0123406425,0.633758843,0.440309674,-0.00767682912,0.644681394,0.448174715,-0.0103267496,0.648564935,0.453217775,-0.011735565,0.65022254,0.457489371,-0.0130027039,0.625334501,0.443818539,-0.00969884731,0.631835818,0.450797468,-0.0116571672,0.635127187,0.455177,-0.0117698694,0.637357414,0.45898807,-0.0118128918
3899.999999999987,0.551113844,0.425799251,-1.82055729e-007,0.53614372,0.415325671,0.00544999121,0.513827801,0.411859,0.00777414814,0.495617688,0.410031319,0.0082675321,0.483513057,0.406560332,0.00891836174,0.471277833,0.419197261,0.0122484863,0.462383151,0.42872709,0.0107861953,0.472070128,0.434053421,0.0064520482,0.481455922,0.433591306,0.00324897282,0.465171456,0.428171635,0.00815120712,0.462514758,0.43757382,0.00814744551,0.474223316,0.44120428,0.00503285415,0.484807223,0.438478321,0.00294837728,0.46709,0.4381257,0.00397085026,0.46512717,0.445412666,0.00331781129,0.476237148,0.447413921,0.00314121787,0.484927326,0.444373757,0.00289364695,0.474244118,0.447392046,1.67163944e-006,0.47309,0.453716725,-0.00146436703,0.48334223,0.454143375,0.000226346703,0.491313159,0.451236516,0.00271750381
3899.999999999987,0.60207808,0.424805254,1.43060049e-007,0.612833619,0.418428272,-0.0027338767,0.62517941,0.41649127,-0.00602866523,0.635982811,0.41513285,-0.00941058248,0.644388378,0.412579298,-0.0128393304,0.643987358,0.427355886,-0.00397490617,0.656701505,0.434939533,-0.00710661802,0.661510229,0.440408856,-0.00993512105,0.663418233,0.444894612,-0.0117253773,0.640877962,0.432305455,-0.00525493454,0.653186679,0.44084093,-0.00641685585,0.658529758,0.446345448,-0.00780271506,0.661122262,0.451123357,-0.00930311065,0.635217965,0.436610937,-0.00699015474,0.646837234,0.445134908,-0.00844085123,0.651609182,0.450299114,-0.00970070064,0.653686345,0.454408973,-0.0109925121,0.627752542,0.440200776,-0.00908497907,0.635018,0.447539061,-0.0100056194,0.638298452,0.451916963,-0.00982639845,0.640238822,0.455419809,-0.00974606629
3916.6666666666533,0.601171732,0.421913236,1.38809142e-007,0.611714363,0.415551841,-0.00204721442,0.624408,0.413697958,-0.00501547707,0.635181427,0.412109524,-0.00825337321,0.64283371,0.409178436,-0.0115932729,0.6438362,0.423623741,-0.00307205785,0.65661943,0.431045562,-0.00603646599,0.661558628,0.43658939,-0.00877978932,0.66388,0.441163868,-0.0105414707,0.641183734,0.428412646,-0.00470543467,0.652895,0.437004328,-0.0055745244,0.658094466,0.442547202,-0.00677896338,0.661131799,0.447440565,-0.0082777068,0.635744929,0.432709932,-0.00677704345,0.646700382,0.441374868,-0.0077798171,0.651028872,0.446580738,-0.0085544344,0.652934372,0.450701296,-0.00961074233,0.628510594,0.436291754,-0.00922004785,0.63647908,0.443511784,-0.00930313487,0.640184581,0.447822154,-0.00856804103,0.642556,0.451295316,-0.00826151483
3933.33333333332,0.601551235,0.418943852,1.33274241e-007,0.611812711,0.413113952,-0.000959936646,0.622980833,0.411404,-0.0038358781,0.632168591,0.409678131,-0.00716447737,0.639206886,0.407115757,-0.0107004326,0.642907321,0.419668823,-0.00296969037,0.656231761,0.425963,-0.00627827086,0.661609054,0.431229293,-0.00920835882,0.664262772,0.435763896,-0.0110901399,0.641134262,0.424512058,-0.00531336339,0.654153228,0.432874858,-0.00662768772,0.659908652,0.438521773,-0.00820536818,0.662953794,0.443644822,-0.00996414851,0.636322618,0.428948879,-0.00796364341,0.648607135,0.43791908,-0.00934432913,0.653534234,0.443368673,-0.0105790896,0.655537546,0.447731137,-0.0119742621,0.629527092,0.432697982,-0.0108209774,0.63827306,0.440231591,-0.0112436833,0.642376125,0.444616079,-0.0107958037,0.644842446,0.448205024,-0.0107539725
3949.9999999999864,0.600330949,0.416750163,1.2161739e-007,0.609568477,0.410681397,-0.000944192056,0.620945,0.408768147,-0.00378781091,0.630187213,0.406985939,-0.00711157545,0.636161208,0.403878033,-0.0107095083,0.640919387,0.416323304,-0.00326561509,0.655437648,0.421213895,-0.00698770862,0.66132021,0.426212758,-0.0101782745,0.664135098,0.430579185,-0.0121444287,0.639410496,0.421157598,-0.00581956375,0.653899789,0.428360879,-0.00771568483,0.66032207,0.433582306,-0.00948795211,0.663717926,0.438393652,-0.0112574222,0.634903073,0.425698519,-0.00871036667,0.64909941,0.433711559,-0.0106652007,0.655506909,0.439022809,-0.0122056343,0.658653319,0.443474919,-0.013658585,0.628506422,0.429655403,-0.0117968926,0.639332,0.436855674,-0.0127935987,0.644599736,0.441408038,-0.012732611,0.648042381,0.445258379,-0.0129022887
3966.666666666653,0.599044621,0.414371639,1.09305745e-007,0.60727334,0.408424288,0.00124188664,0.618269444,0.406713575,-0.000279249944,0.626567185,0.404566616,-0.00271704933,0.631796241,0.401554048,-0.00555453636,0.637228429,0.414129466,-0.000768317143,0.653422892,0.41837123,-0.00351912621,0.660223305,0.422857672,-0.0057639312,0.663563967,0.426800162,-0.00696265185,0.636586905,0.418328702,-0.00399839319,0.652793884,0.425173253,-0.00520927692,0.659811795,0.430141509,-0.00621846458,0.66356194,0.434655368,-0.00727652153,0.633321404,0.422598273,-0.00742883049,0.649320483,0.430522501,-0.00862881355,0.656596363,0.435705036,-0.00959223881,0.660653,0.440049767,-0.0105977887,0.628240645,0.42648834,-0.0108805252,0.640248954,0.433856428,-0.0109908022,0.646405816,0.438470036,-0.010282902,0.650772154,0.44227159,-0.010020256
3983.3333333333194,0.550874591,0.416146785,-8.94101291e-008,0.541045845,0.408900648,0.00233858335,0.523235798,0.402499467,0.0037487126,0.51031673,0.398200721,0.00353816268,0.50048995,0.395312279,0.00338954385,0.501843393,0.402664542,0.00770906545,0.480856031,0.404133767,0.00473549496,0.469099849,0.407560945,0.00125412561,0.462233841,0.411197424,-0.000642272411,0.498307616,0.40604794,0.00438370463,0.475263268,0.40765056,0.00207943725,0.464539319,0.411384225,-0.000933410367,0.457981527,0.415220976,-0.00248931232,0.49661538,0.410586417,0.000375634554,0.474392802,0.411664903,-0.0010889956,0.463640273,0.414713562,-0.00278035458,0.456551313,0.417998016,-0.00375030702,0.496902615,0.416114748,-0.00370246638,0.478413,0.416747838,-0.00461107958,0.46812588,0.418368876,-0.0047886814,0.460676521,0.420203835,-0.0046008518
3983.3333333333194,0.59699738,0.412738711,1.050865e-007,0.604445815,0.406561434,0.00113167672,0.615247,0.404826611,2.46346444e-005,0.622781277,0.402728617,-0.00200254,0.627494633,0.399763554,-0.00435022824,0.635524035,0.412391424,0.000402127887,0.651784062,0.416860044,-0.00162889902,0.659003556,0.421165705,-0.00346983131,0.662910104,0.424910784,-0.00455748104,0.635443151,0.416443378,-0.00268027768,0.652101219,0.422397941,-0.00351642375,0.659522295,0.42721954,-0.00450357795,0.66355896,0.431588411,-0.00552063389,0.632455468,0.420577556,-0.00601939531,0.649220645,0.427209467,-0.00688687433,0.656666577,0.431968302,-0.00793713517,0.660871625,0.43602258,-0.00895748474,0.627656579,0.424427629,-0.00943740271,0.640308917,0.430738717,-0.00943067577,0.647259533,0.435060859,-0.00900873356,0.652207732,0.43870303,-0.00894198101
3999.999999999986,0.551636934,0.417295396,-3.15355813e-008,0.544056773,0.409777433,0.00570278661,0.528153777,0.4030976,0.00848092698,0.51717782,0.398307115,0.00926313642,0.508863926,0.394768685,0.010178634,0.507141411,0.402355343,0.0102390014,0.487140179,0.399859756,0.00966901239,0.475477308,0.400444776,0.00839446671,0.467259049,0.402290255,0.00767892692,0.502441406,0.405073315,0.00588662038,0.478496224,0.404415041,0.00534011424,0.466391116,0.406691194,0.00395243382,0.458248019,0.409923166,0.00334693026,0.499130815,0.409262598,0.00130808062,0.476445973,0.409390479,0.00158677273,0.465004683,0.411486328,0.000827870448,0.45693326,0.41423595,0.000187165482,0.496953309,0.414476275,-0.00304407533,0.478998959,0.414883554,-0.00242393836,0.469067812,0.416316509,-0.00195152266,0.461356223,0.418293059,-0.00151778874
3999.999999999986,0.595286548,0.41173473,8.96968828e-008,0.602466464,0.405056685,0.00107115,0.612046957,0.403111845,-0.000101182028,0.618816316,0.400759578,-0.00225390587,0.622912467,0.397774965,-0.00483120605,0.632115126,0.41014716,0.000650333473,0.64733839,0.412777364,-0.00153390586,0.655485094,0.415981,-0.00348544982,0.660839438,0.418856859,-0.00462711323,0.63299191,0.414535344,-0.00249895058,0.650262177,0.419561028,-0.00355954817,0.65871048,0.423628092,-0.0045618522,0.664026201,0.42738381,-0.00549900346,0.630815208,0.418824941,-0.0059881676,0.647925138,0.424654186,-0.00741392234,0.656024635,0.428784281,-0.00879976619,0.661152363,0.432234913,-0.00981428,0.62705,0.422741562,-0.00952197891,0.640342355,0.428469092,-0.00992595311,0.647897661,0.432360619,-0.00967477635,0.653716385,0.435544252,-0.00965048652
4016.6666666666524,0.549733281,0.416950136,-2.89264257e-008,0.542264819,0.409543574,0.00757251494,0.52821672,0.403117508,0.0112173948,0.518052042,0.398863703,0.0124481777,0.509366632,0.396278918,0.0136323236,0.508603573,0.401540905,0.0125505924,0.489195853,0.3984721,0.0127345985,0.477863818,0.398552358,0.0117092393,0.470099479,0.399932802,0.0111892298,0.50275737,0.404029191,0.00757121481,0.4794662,0.401762575,0.0081967609,0.468282253,0.403422922,0.00709339557,0.461566091,0.406384498,0.00651429174,0.498441726,0.408302188,0.00246273028,0.47618407,0.406938702,0.00382603542,0.465676218,0.408758134,0.00295200804,0.459030122,0.411439091,0.00194986467,0.495195925,0.413897246,-0.00223663705,0.477552593,0.413675368,-0.000737455091,0.467812061,0.414910972,-0.000253685197,0.460574836,0.416849405,-6.14884702e-005
4016.6666666666524,0.593662798,0.411599398,8.70982504e-008,0.599846065,0.404488653,0.000745246129,0.609323919,0.402089238,-0.000604353379,0.616076112,0.399428517,-0.00286948751,0.619770825,0.3962304,-0.00554622291,0.630011201,0.409178346,0.000278380641,0.645740211,0.411339641,-0.00198940397,0.654712558,0.413966864,-0.00396671752,0.660884619,0.41644308,-0.00519840699,0.631377637,0.413445473,-0.00276058214,0.649132,0.417254329,-0.00398565177,0.658220649,0.420664966,-0.00497783162,0.663865387,0.423973739,-0.00592413824,0.629670501,0.417835534,-0.00615315372,0.647595286,0.42256242,-0.00761568453,0.656264,0.426021,-0.00884407107,0.661539733,0.429042339,-0.00975285,0.626355052,0.422040582,-0.00964630675,0.64058125,0.426999271,-0.0103789223,0.64889133,0.430568546,-0.0103517473,0.655121624,0.433605582,-0.0104176952
4033.333333333319,0.546970069,0.417396128,-2.9750888e-008,0.540417969,0.409054965,0.00607097289,0.526733756,0.402066886,0.00887911301,0.517510235,0.397733271,0.00952221081,0.509864628,0.395244032,0.0102549288,0.505714118,0.400579691,0.0104693873,0.486585617,0.39715898,0.00932806917,0.475611389,0.397776186,0.00756939594,0.468781233,0.399805427,0.00680575,0.500483513,0.403453231,0.00586330146,0.477477252,0.401155263,0.00511948,0.466873437,0.403163671,0.00365523458,0.461352557,0.406503588,0.00316250208,0.496863812,0.408052295,0.00100286771,0.47480458,0.406898975,0.00135351648,0.464606196,0.408827484,0.000627954,0.458488256,0.411542565,7.34645728e-005,0.494581789,0.41380918,-0.00358024123,0.476654708,0.413698494,-0.0028052188,0.466949612,0.414718866,-0.00225542882,0.460030854,0.416236758,-0.00173117209
4033.333333333319,0.591861367,0.411900729,7.3584026e-008,0.597381,0.404673785,0.000577461033,0.60702765,0.402165622,-0.000475216366,0.613912463,0.399479598,-0.00247319206,0.618030369,0.39631179,-0.00476201391,0.627069,0.408554077,0.00101399573,0.64323616,0.410188437,-0.00116079324,0.652710497,0.412346274,-0.00306153111,0.659244955,0.414451182,-0.0042450605,0.629005134,0.412630945,-0.00188208395,0.647236407,0.415123254,-0.00313617778,0.656756341,0.417965859,-0.00421826914,0.662866294,0.42096433,-0.00516962027,0.627992809,0.417182118,-0.00521165598,0.646804273,0.420367807,-0.00674930075,0.655893385,0.423219293,-0.00798883196,0.661445439,0.425926864,-0.00881045498,0.625397205,0.42190218,-0.00868071523,0.640477777,0.425777048,-0.0094565535,0.649348378,0.428813517,-0.00947791804,0.655983388,0.431470037,-0.00952523388
4049.9999999999854,0.546428859,0.417940348,-2.57100261e-008,0.539702058,0.409175098,0.0065098186,0.526788235,0.401878864,0.00958050694,0.518065393,0.397334248,0.0103865732,0.510931849,0.394245327,0.0111939525,0.50541234,0.401056737,0.0111810667,0.487105399,0.39700368,0.0102409376,0.476610601,0.397166401,0.00854137912,0.469766855,0.398926198,0.00780358119,0.500193119,0.404219478,0.00666165352,0.477894574,0.401504695,0.00612098258,0.467641503,0.403040141,0.00439088,0.462036967,0.405917794,0.00359758898,0.496296346,0.408778787,0.00194374891,0.475182533,0.40729332,0.00247906358,0.464962453,0.408789098,0.0013655941,0.458800346,0.411171645,0.000512831146,0.493707895,0.414371341,-0.00244721,0.476651311,0.414265573,-0.00107516116,0.466888577,0.415149748,-0.000487999612,0.459803104,0.41667,-3.72227296e-005
4049.9999999999854,0.59237,0.41326,6.63544384e-008,0.597435594,0.405942559,0.00104457047,0.607328415,0.403148472,0.000484391756,0.614858449,0.40031147,-0.00110265,0.619009137,0.397138745,-0.00307069253,0.626891,0.409386396,0.00228862697,0.642786443,0.410411894,0.00050386833,0.652306,0.412197143,-0.00142383855,0.658887088,0.414075881,-0.00264376774,0.629295528,0.413539976,-0.000551968755,0.647016823,0.415223807,-0.00121786213,0.656759381,0.41751191,-0.00236907462,0.662907779,0.420089275,-0.00340610044,0.628772557,0.418135434,-0.00376203028,0.647196829,0.42043367,-0.00477519911,0.656635523,0.422787279,-0.00583849382,0.662323058,0.425101191,-0.00659265975,0.626190543,0.422850668,-0.00706028,0.641129613,0.425923824,-0.00745837949,0.649829745,0.428572923,-0.0070307916,0.655904651,0.430757761,-0.00669688219
4066.666666666652,0.545551,0.417561889,-8.95209151e-009,0.536797762,0.408566,0.00649243593,0.523590922,0.40202868,0.00974089839,0.514135182,0.397973448,0.0106774671,0.506288052,0.395609707,0.0115727875,0.502372801,0.402421862,0.0126710879,0.484695762,0.399082184,0.012303778,0.47492,0.399036795,0.01041565,0.468212873,0.400366127,0.00936811,0.497471482,0.405735314,0.00806744769,0.476275295,0.403574,0.00839767791,0.466491044,0.404648364,0.00647487864,0.46062693,0.407002687,0.00522103347,0.494370431,0.410207659,0.0031540019,0.474046499,0.409237444,0.00413714815,0.464423597,0.410443962,0.00288741803,0.458349496,0.412501723,0.001714963,0.493055522,0.415564656,-0.00149048981,0.476500362,0.415470123,2.14545471e-005,0.467054218,0.416235864,0.000677514297,0.459872186,0.417621642,0.00103885017
4066.666666666652,0.593288541,0.414713234,5.18725436e-008,0.598722,0.407166123,0.00229689386,0.609051645,0.404718965,0.00298194075,0.616984367,0.402346253,0.00245300797,0.621102214,0.399245173,0.00151881471,0.627652884,0.411508858,0.00483189058,0.643697679,0.412261754,0.00438997243,0.653050959,0.413636357,0.00336244656,0.659422219,0.415191948,0.00267080031,0.62998414,0.415760845,0.00174699945,0.647664964,0.416927755,0.00206075632,0.657135189,0.41880098,0.0011922312,0.663074791,0.421048105,0.000339171704,0.629659951,0.420282334,-0.0016501036,0.647499919,0.422074914,-0.00196054089,0.656936,0.424097419,-0.0031842005,0.663040757,0.426121861,-0.00416434323,0.627588093,0.42474094,-0.00502168667,0.642022967,0.427383453,-0.00514567271,0.650759101,0.429682672,-0.00496844435,0.657335877,0.431566805,-0.00490225898
4083.3333333333185,0.544802964,0.419070244,-5.86487792e-009,0.535460353,0.409998029,0.00674176868,0.520385206,0.403091758,0.0109992987,0.509530783,0.398601174,0.013089275,0.502065659,0.39521569,0.0151666952,0.50181514,0.403999358,0.0142363729,0.484626979,0.401186973,0.0154580064,0.474657416,0.400864661,0.0146333771,0.467255771,0.40161854,0.0139978593,0.496951908,0.407393962,0.0100430455,0.476777822,0.405940711,0.0115509005,0.466758341,0.406652361,0.010234273,0.459668189,0.408263087,0.00924579054,0.493705064,0.411825389,0.00555127393,0.474100649,0.411095381,0.00720509235,0.464709044,0.411927372,0.00634909375,0.458107561,0.41338405,0.00537257,0.491975456,0.417028189,0.00132446724,0.476145744,0.416574061,0.00331302104,0.467320055,0.416939199,0.00423690397,0.46029821,0.417845964,0.00471367035
4083.3333333333185,0.595112145,0.416807324,5.11148137e-008,0.602013707,0.409720242,0.00042058964,0.612425447,0.407088488,-0.000654142466,0.620640457,0.404344261,-0.00249791844,0.624949157,0.40103963,-0.00465434743,0.628496706,0.414104611,-0.000147360246,0.645603538,0.414331764,-0.00247649616,0.655031085,0.415501297,-0.0042110472,0.66142565,0.416965365,-0.00514494069,0.63032949,0.418602616,-0.00271198,0.648816049,0.419424266,-0.00422683265,0.658111215,0.421136677,-0.00540381111,0.66369009,0.423199117,-0.00622021407,0.62959367,0.423096,-0.00550360233,0.648075342,0.424649119,-0.00704542594,0.657173455,0.426601529,-0.00798578374,0.662774086,0.428558856,-0.00855154544,0.627243161,0.427273542,-0.00833798479,0.642037213,0.429532111,-0.00918411929,0.650725484,0.431546032,-0.00880876184,0.657175779,0.433264107,-0.00842233468
4099.999999999985,0.540658355,0.418463051,6.17311358e-009,0.530371606,0.409666061,0.00560288457,0.515607715,0.403342187,0.00861752313,0.504488528,0.399168938,0.00975947455,0.496780306,0.396147847,0.0108435322,0.499535233,0.405242264,0.0108318161,0.481464177,0.403051943,0.0107634179,0.471261382,0.40306288,0.00941527169,0.463888973,0.404090792,0.00856516603,0.495223701,0.40885061,0.00690540625,0.474664837,0.407681912,0.00695643853,0.464455664,0.408613801,0.00525071705,0.457208753,0.410433084,0.00420742761,0.492373198,0.413294196,0.00278908852,0.472327173,0.41273436,0.00321553578,0.462754488,0.413403034,0.00249416451,0.456018776,0.414754778,0.00187223474,0.490968317,0.418245286,-0.00104993558,0.474533588,0.417851955,-0.000112396345,0.465518,0.418085158,0.000843328307,0.458485454,0.418664128,0.00160547672
4099.999999999985,0.594854951,0.418970674,4.07780725e-008,0.602630556,0.411762267,-0.000474402506,0.614337623,0.409205317,-0.00134861527,0.623875201,0.406891227,-0.00279740174,0.629395127,0.40381524,-0.00443370361,0.628525674,0.41713208,0.00075171,0.644800723,0.417144954,-0.00112664222,0.65442,0.417642683,-0.00282659451,0.661466,0.418390393,-0.00387413288,0.630271792,0.421801865,-0.00121959846,0.647916794,0.4230102,-0.00238632225,0.657708764,0.424499661,-0.00373598421,0.66438508,0.426314,-0.00473023113,0.629651725,0.426253021,-0.00358307711,0.646937966,0.428232551,-0.00491555315,0.656513,0.429928,-0.00615125149,0.663424313,0.43157053,-0.00696332846,0.62754041,0.430229872,-0.00608330779,0.641694546,0.432523459,-0.00661353488,0.650491357,0.434139907,-0.00636084424,0.657498,0.435393959,-0.00616324507
4116.666666666652,0.53248626,0.417759866,2.85098833e-009,0.522801161,0.409246236,0.0053298329,0.509504795,0.403915524,0.00764396274,0.499250889,0.40020892,0.00799115282,0.492438078,0.39698866,0.00818284415,0.493829131,0.406556726,0.0103263669,0.477824688,0.40541631,0.00981803518,0.468541533,0.405641705,0.00802336261,0.461701274,0.40675059,0.00681382464,0.489731222,0.410306185,0.00622781,0.471529692,0.410192728,0.00605572248,0.462186396,0.411162108,0.00433486421,0.45512709,0.41282168,0.00311816554,0.487224132,0.414611489,0.00190500682,0.469480813,0.414678335,0.00204835972,0.460659444,0.415435135,0.00159102818,0.454054683,0.416657954,0.00110062957,0.486422509,0.419217199,-0.0022009972,0.471852422,0.419517487,-0.00145059871,0.463494748,0.420077,-0.000235876942,0.456960857,0.420909375,0.000679967401
4116.666666666652,0.59883213,0.422302544,4.35610126e-008,0.605507791,0.414722323,-0.00206756219,0.617081821,0.411488146,-0.00379347196,0.627474785,0.409166276,-0.00570505485,0.633643627,0.405891359,-0.00775332097,0.631069362,0.419473141,-0.00162590726,0.646373868,0.419799268,-0.00423638476,0.654629409,0.420911282,-0.00633735443,0.660652697,0.422253788,-0.00753813796,0.632740855,0.424948305,-0.00280235917,0.649083,0.426407337,-0.004211755,0.657999933,0.42808634,-0.00551278796,0.66415894,0.430131584,-0.00656509819,0.632005751,0.429665416,-0.00443571853,0.647872567,0.431616604,-0.00593004888,0.656285107,0.433307439,-0.00687079225,0.662503839,0.435120434,-0.00752537604,0.629927278,0.433550656,-0.00633693626,0.643496215,0.435510188,-0.00718417158,0.651577413,0.436962873,-0.00691475114,0.658136189,0.438320637,-0.00668926677
4133.333333333319,0.525494158,0.418551862,6.43694e-009,0.518592179,0.410308689,0.00155289308,0.50700444,0.405557781,0.00234713429,0.496504545,0.402594149,0.00219848473,0.489631355,0.400477469,0.00194621726,0.490178078,0.408793747,0.00388056296,0.475251377,0.407777548,0.00208022445,0.466211408,0.408360809,-0.000185788434,0.459415,0.409757048,-0.00176269119,0.486022383,0.413234264,0.00161961315,0.468968034,0.413980395,-0.000110221525,0.459646314,0.41552645,-0.00239203591,0.452559233,0.417697459,-0.00390621275,0.484364748,0.417719245,-0.000793093815,0.468154609,0.418334,-0.0021291743,0.459695637,0.419273317,-0.00302599114,0.453040481,0.420784235,-0.00358767039,0.485072136,0.421865374,-0.00316091813,0.471519738,0.422215223,-0.00414824206,0.463593423,0.422717959,-0.00379213435,0.457318544,0.42346403,-0.0031939405
4133.333333333319,0.598297894,0.423844546,6.56315464e-008,0.605852246,0.416337341,-0.00226852531,0.617902,0.413647205,-0.00406839279,0.628672302,0.411863774,-0.00598765165,0.635815,0.408641845,-0.00798500329,0.632198393,0.42227906,-0.0016750322,0.647801876,0.423305392,-0.00413452834,0.656308651,0.424791038,-0.00617553201,0.662484169,0.426439434,-0.00742147071,0.632641673,0.427400529,-0.00293351221,0.649031699,0.429806918,-0.00470014056,0.658156097,0.432113022,-0.00642868411,0.664416671,0.434685796,-0.00767592108,0.630676329,0.431944788,-0.00464124326,0.646677673,0.434885532,-0.00670637237,0.655330062,0.43747291,-0.00816143677,0.661411405,0.440102845,-0.00904961582,0.62722218,0.435647935,-0.00658726227,0.640135705,0.438586086,-0.00804088544,0.647927821,0.440853,-0.00821081828,0.654040933,0.442956686,-0.00819535553
4149.999999999986,0.51816529,0.418666065,2.33172059e-008,0.512825191,0.411137283,0.000984771177,0.501765192,0.407164663,0.00207905471,0.491770685,0.405249178,0.00235574739,0.48513478,0.403060526,0.00264873356,0.480994403,0.411704153,0.00584642,0.468089163,0.411414683,0.00539166247,0.460714161,0.412524134,0.00359885697,0.455137849,0.414276063,0.00226245611,0.478063285,0.415991187,0.0044764909,0.464242697,0.417479813,0.0044954787,0.456526458,0.419181854,0.00290226215,0.450191379,0.421172529,0.00161839905,0.477817237,0.420255303,0.00270793401,0.464314491,0.422092289,0.00258691912,0.457162261,0.42345944,0.00174397591,0.451525956,0.425138,0.00106790767,0.479895055,0.42435798,0.00086680922,0.46903047,0.426202625,0.00111319812,0.462635368,0.427441686,0.00159629423,0.457840979,0.428747028,0.00209575682
4149.999999999986,0.598613441,0.425248593,7.36650776e-008,0.606815279,0.418171287,-0.00161720533,0.61907,0.416016638,-0.00337584713,0.629897594,0.414407939,-0.00542856334,0.637447178,0.411519259,-0.00760377152,0.633164346,0.425330073,-0.000953084324,0.648155034,0.427144676,-0.00322502689,0.656777084,0.429011762,-0.00544132339,0.662924409,0.430899173,-0.00690737739,0.633226097,0.430156142,-0.00262473803,0.64948827,0.433463,-0.00408956828,0.658513844,0.436301172,-0.00581572717,0.664486885,0.439191937,-0.00715616252,0.630751967,0.434601218,-0.00469633657,0.647148907,0.438458085,-0.00650942605,0.655367255,0.441738039,-0.00784211885,0.660722077,0.444831699,-0.00877264,0.626522541,0.438371539,-0.00698270323,0.63890624,0.442483157,-0.00836487,0.64590621,0.445670694,-0.00842587091,0.651037931,0.44847995,-0.00835747
4166.666666666653,0.544826269,0.429457635,-1.08308839e-007,0.532125294,0.417576,0.00842778,0.509661436,0.412869275,0.0137844859,0.493121803,0.410603285,0.0162789151,0.481285781,0.406674504,0.0184343364,0.469817579,0.415386736,0.0212276522,0.459512532,0.423051864,0.024167018,0.462914139,0.428600669,0.0230703447,0.46771273,0.429519385,0.0219084173,0.460679203,0.423264712,0.0161432028,0.452833802,0.432310611,0.0202918779,0.462677956,0.437984169,0.0200351831,0.472591639,0.437393606,0.0202203058,0.458439142,0.43312788,0.0108165201,0.453550607,0.442825913,0.0121500073,0.465910703,0.447632313,0.0119404281,0.476170957,0.445985,0.0120364772,0.46175015,0.44404611,0.00594349159,0.46265468,0.454576224,0.00549012143,0.474144161,0.457040817,0.00690650288,0.484152704,0.454691142,0.00936091878
4166.666666666653,0.597882748,0.427087843,7.07566841e-008,0.607840538,0.420594752,-0.00156323379,0.620354891,0.418996215,-0.00354666775,0.631168425,0.4177984,-0.00587621192,0.638754666,0.415027589,-0.00834899582,0.633595526,0.428578615,-0.00132323499,0.648285151,0.430885792,-0.00390921673,0.656860769,0.432840675,-0.00636774,0.662893116,0.434713244,-0.00803679321,0.632780612,0.43344304,-0.00331786531,0.648586571,0.43730545,-0.00510662328,0.65737915,0.440422297,-0.00693456363,0.662952423,0.44341442,-0.00832961,0.629283,0.437923372,-0.00572570879,0.645242333,0.442600906,-0.00779886218,0.653290033,0.44610703,-0.00922387931,0.658469677,0.449214637,-0.0102375355,0.623970032,0.441808373,-0.00833984837,0.63544035,0.446720421,-0.00985874142,0.642264724,0.450229257,-0.00998567138,0.647410035,0.453282297,-0.00998345669
4183.33333333332,0.544829726,0.428548425,-1.26540598e-007,0.52771014,0.417743146,0.00851390697,0.504063249,0.414850593,0.0135386745,0.488404423,0.41313675,0.0156298578,0.476213515,0.410415411,0.0175968297,0.46810469,0.417102575,0.019992549,0.45766142,0.426382035,0.021526657,0.463849783,0.431711972,0.0195134636,0.470132053,0.431803316,0.0179013684,0.460617244,0.425434798,0.014748794,0.452279061,0.434597671,0.0178280249,0.463226736,0.439601094,0.0170816295,0.473122656,0.438154131,0.0168764405,0.460015535,0.43567434,0.00932416413,0.455443501,0.444279552,0.0105345864,0.467996627,0.448505849,0.0100865606,0.478140861,0.446214408,0.00981299765,0.464182943,0.446558,0.00430463487,0.468007833,0.45519951,0.00353476498,0.479203,0.457771301,0.00421479065,0.48813808,0.455700845,0.00603962643
4183.33333333332,0.598043621,0.429961532,7.40118438e-008,0.608552873,0.423801392,-0.00165690132,0.621266305,0.42252776,-0.00322462176,0.631786346,0.421764135,-0.00517816376,0.640047908,0.420001328,-0.00726512866,0.633351326,0.432398528,-0.000866802817,0.648142,0.434909403,-0.00335433404,0.656422794,0.437271,-0.00569288805,0.662143409,0.439547628,-0.00724613853,0.631937325,0.437302351,-0.00275429082,0.647850156,0.441460371,-0.00451623509,0.656435132,0.444791,-0.00643834332,0.661718905,0.44798097,-0.00782910828,0.627702,0.441793,-0.00514040934,0.643259048,0.44688651,-0.0075000152,0.650895238,0.450541437,-0.00929201,0.655774772,0.453834116,-0.0104321847,0.621596456,0.445710868,-0.00771724107,0.632059634,0.451451272,-0.0097562233,0.638159335,0.45552358,-0.0103111109,0.64286983,0.459081054,-0.0105099073
4199.999999999987,0.542161167,0.430766732,-1.3122991e-007,0.514768481,0.419200033,0.00857965089,0.486042708,0.419311672,0.0137313744,0.470296502,0.426627159,0.0159569662,0.461948901,0.435094416,0.0181994606,0.467127919,0.415737271,0.0197508559,0.454767644,0.428253293,0.0199442226,0.466131926,0.432409793,0.0171826277,0.475627601,0.43110621,0.0153348576,0.460188687,0.425020158,0.0147361336,0.450567484,0.435786635,0.0172904022,0.463561803,0.439725548,0.0158126373,0.474505216,0.437605292,0.0149907917,0.459221452,0.435981691,0.00946929399,0.452998549,0.445295841,0.0113709979,0.467674553,0.448466152,0.0110984249,0.477982372,0.445611328,0.0105624665,0.461654574,0.447427303,0.00453815656,0.465312093,0.455052823,0.0051081595,0.478081882,0.457127571,0.00601308933,0.486139804,0.455301315,0.00752077
4199.999999999987,0.598618686,0.432403952,8.24682118e-008,0.609721899,0.426868737,-0.00261996104,0.62268585,0.425988555,-0.00465264963,0.632845581,0.425573289,-0.00683765672,0.640868127,0.423888326,-0.00922533683,0.63492918,0.436066896,-0.00247144,0.649541,0.439115137,-0.00574560883,0.657171726,0.441901267,-0.00864226464,0.662397563,0.444455713,-0.0105325012,0.632313371,0.441313714,-0.00401649298,0.646776259,0.446143955,-0.00609850977,0.65430057,0.449856609,-0.00837479625,0.659090936,0.4532803,-0.0100739719,0.626674712,0.445632577,-0.00607596571,0.639809,0.451342255,-0.00848312862,0.645815551,0.455162466,-0.010023145,0.649876535,0.458506405,-0.0111126248,0.618957579,0.448942095,-0.00841250736,0.627444386,0.454288572,-0.0102163944,0.63226825,0.457837492,-0.0101821767,0.636088252,0.46085465,-0.0100169675
4216.666666666654,0.54186517,0.43235898,-1.15206184e-007,0.51560241,0.421547413,0.00767302,0.486931473,0.422525764,0.0117535554,0.470304549,0.429900229,0.0126953525,0.460944593,0.437850863,0.0137533527,0.472760379,0.419036508,0.0184303578,0.458441973,0.430433184,0.0164474882,0.469153583,0.43327269,0.0125539694,0.479033589,0.431381673,0.0101988232,0.467033774,0.426524132,0.0128205894,0.452601314,0.43634811,0.0121110082,0.465078652,0.439552933,0.0099514639,0.475910038,0.437341,0.00918996148,0.465297699,0.436419755,0.00662457291,0.451042533,0.444436252,0.00558812683,0.464689791,0.446888745,0.00621352764,0.474595964,0.443923831,0.00685608387,0.466315508,0.447486132,0.000773545587,0.462552786,0.454041,-0.000157049843,0.474779457,0.455448121,0.00183879223,0.482766151,0.453268409,0.00413586572
4216.666666666654,0.598714769,0.435774446,6.63286883e-008,0.609660685,0.430667,-0.00451749796,0.622832716,0.429626226,-0.00785643421,0.633363843,0.428947747,-0.0111217583,0.641617715,0.4268426,-0.0145619968,0.635260582,0.440269411,-0.00509860413,0.648776889,0.442842901,-0.0100186868,0.655548275,0.445438921,-0.0139057785,0.660075665,0.447804391,-0.0164968725,0.631879151,0.446149945,-0.0064199809,0.644739,0.450456917,-0.0106303869,0.65024811,0.453413576,-0.0136472052,0.653771043,0.456095397,-0.0156263039,0.625291824,0.450686932,-0.0084285913,0.636632502,0.456247836,-0.0127874808,0.641091287,0.459362507,-0.014184121,0.644202948,0.462157,-0.0148809683,0.616531551,0.454075485,-0.0108586717,0.624262631,0.459683359,-0.0142666139,0.628808916,0.463299513,-0.0145361917,0.632856369,0.466482729,-0.0143803963
4233.333333333321,0.543405533,0.43396005,-7.432876e-008,0.516691089,0.423888773,0.00114431465,0.485787421,0.425100684,0.00179759273,0.465780079,0.432662785,0.000853966689,0.45503962,0.441023797,0.000632816053,0.470847756,0.420909286,0.0106618879,0.455999523,0.433317691,0.004789731,0.467029482,0.435319185,-0.00121400249,0.477230072,0.432561398,-0.00434856629,0.47040683,0.428984672,0.00776990131,0.454812497,0.43972674,0.0025375071,0.466261297,0.442019403,-0.00111678545,0.477505594,0.439221025,-0.00217353599,0.472480893,0.439202368,0.0038309223,0.458255142,0.448434681,-0.00163806404,0.470239639,0.449822485,-0.00106717984,0.480762,0.446395338,0.000899835199,0.476278424,0.45029828,-0.000112253947,0.46756646,0.456913441,-0.0034879942,0.478657484,0.457571805,-0.00111055712,0.48792246,0.455007076,0.00225284323
4233.333333333321,0.59707284,0.439470887,6.58195844e-008,0.608901858,0.433672845,-0.004005122,0.622841358,0.432179213,-0.00743796397,0.634328842,0.431797802,-0.0106798103,0.643149436,0.430344373,-0.0140296808,0.633676,0.443195045,-0.00589432241,0.64652282,0.446113646,-0.0105732065,0.652643681,0.448967159,-0.0140087083,0.655943573,0.451297671,-0.0161922369,0.630101383,0.44952637,-0.00722051365,0.642904639,0.454758376,-0.0110344095,0.647380948,0.458550274,-0.0133818015,0.648873806,0.461594164,-0.01477989,0.623155713,0.454517424,-0.00907970779,0.635041475,0.460911751,-0.0132352123,0.639161348,0.465272397,-0.0147532858,0.640997112,0.468838841,-0.0154040568,0.614204466,0.458298832,-0.0112000043,0.621922612,0.464892119,-0.0147611992,0.625790596,0.469518185,-0.0153354285,0.628427386,0.473432422,-0.0151895853
4249.999999999988,0.540250659,0.436354548,-1.42606824e-008,0.513973534,0.423213661,0.000958361605,0.484908193,0.423811316,0.00277492823,0.465439498,0.432384521,0.0030140935,0.456990838,0.441667289,0.00415066676,0.467202902,0.426452339,0.0159179959,0.456912458,0.43033132,0.0137880975,0.467040062,0.43179664,0.00911166,0.473486036,0.431832582,0.00609704526,0.46370098,0.435021132,0.0141242547,0.455818474,0.43750149,0.0141443098,0.466179103,0.437665731,0.0115725584,0.472587168,0.436589837,0.010070865,0.464684516,0.444677055,0.0109859975,0.456590027,0.445376754,0.0106256502,0.467078835,0.443939537,0.0113676954,0.473896384,0.441928029,0.0120780598,0.468748808,0.454444,0.00753221055,0.466445684,0.453817397,0.00877098553,0.473617435,0.451934129,0.011665565,0.477384865,0.450210571,0.0143246837
4249.999999999988,0.596464038,0.442370772,6.80559893e-008,0.609308183,0.437271148,-0.00375463348,0.623098254,0.435666472,-0.00754770357,0.63446939,0.435049862,-0.0111850454,0.643772185,0.433298737,-0.0149357039,0.632759631,0.447196305,-0.00679111248,0.646087706,0.450318396,-0.0111126751,0.652398229,0.453118593,-0.0143578127,0.656401157,0.455820918,-0.0166514814,0.628115714,0.452940524,-0.00851493701,0.639675081,0.458847761,-0.0118526723,0.644001,0.462998509,-0.0142003791,0.646271348,0.466670483,-0.0161204729,0.620636046,0.457259625,-0.0106568728,0.630489647,0.464609712,-0.0147298072,0.634670913,0.469688267,-0.0167527143,0.637323201,0.473825574,-0.0181871,0.611548603,0.460464537,-0.0129892658,0.618009746,0.467834592,-0.016519675,0.621456802,0.472703964,-0.0173700042,0.624317408,0.476846397,-0.0178367887
4266.666666666655,0.595086694,0.445806,5.27451895e-008,0.608183205,0.440322608,-0.00352506083,0.622641385,0.438711107,-0.00691889366,0.634160876,0.437816411,-0.010414917,0.643831611,0.436267376,-0.0139077185,0.632477939,0.450581908,-0.00478886301,0.64752084,0.454368174,-0.00964295585,0.651765108,0.456763327,-0.0134109575,0.652359247,0.458510637,-0.0156737287,0.627292514,0.456649691,-0.00662265858,0.639261,0.462566137,-0.01096405,0.641772747,0.466222078,-0.0144392215,0.641263545,0.468791515,-0.0166232064,0.619694948,0.461168945,-0.00903834309,0.629754663,0.468386441,-0.0134789869,0.633887589,0.473556936,-0.0166830551,0.635531545,0.477485448,-0.0186756607,0.610600173,0.464296788,-0.011605598,0.616440952,0.471648693,-0.0152372308,0.619790375,0.476659387,-0.0167479441,0.622259796,0.480840564,-0.0175736118
4283.333333333322,0.592684805,0.446976393,4.82119189e-009,0.606873035,0.440967798,-0.0032875347,0.621979475,0.440345377,-0.00614549499,0.633743882,0.440445572,-0.0093727326,0.643517852,0.439205498,-0.0120953284,0.63265723,0.453291893,-0.00190407201,0.648325562,0.458276957,-0.00732280593,0.644997954,0.45918873,-0.0115199937,0.63904351,0.458848983,-0.0134415356,0.626728415,0.459360659,-0.00346990488,0.636724472,0.465838403,-0.00700586755,0.63601023,0.468612224,-0.0103395283,0.634997487,0.470462799,-0.0124239111,0.618641078,0.46385774,-0.00598565768,0.62722832,0.471735328,-0.00971205253,0.630241632,0.476626068,-0.0124210836,0.632787347,0.480494678,-0.0140887015,0.60942,0.466794729,-0.00870007277,0.614191175,0.474458426,-0.0112011842,0.616397738,0.479534745,-0.0117271347,0.61889106,0.48375237,-0.0118435333
4299.999999999989,0.538755655,0.4474549,6.00656307e-008,0.516630352,0.440833747,0.00432748534,0.495470315,0.439852685,0.00631260732,0.482956111,0.440775424,0.00618621474,0.472991765,0.441788793,0.00593423378,0.484210789,0.444522679,0.00863390137,0.467936575,0.444221467,0.00528968684,0.457179219,0.444163322,0.00123502954,0.449416906,0.444629937,-0.00129442988,0.484534651,0.448953182,0.00415211683,0.466240257,0.44841513,0.00175616704,0.456947654,0.447870195,-0.00101950136,0.450255692,0.447485298,-0.00263024098,0.486413628,0.45370388,-0.000869952957,0.468448073,0.453116477,-0.00247296388,0.459702432,0.452005357,-0.00276842713,0.453097165,0.450979948,-0.00280525303,0.490532517,0.458138764,-0.00592154125,0.476477832,0.456829488,-0.00606877124,0.469071299,0.455131173,-0.00441144919,0.464081287,0.453428447,-0.00300089759
4299.999999999989,0.593012094,0.449366897,5.91298814e-008,0.606708705,0.443321824,-0.00489162141,0.621858656,0.442083836,-0.00887198467,0.633579493,0.442235917,-0.0128727034,0.643665433,0.441563815,-0.0165062528,0.631928444,0.45657897,-0.00457237754,0.646402061,0.461364686,-0.0106910085,0.644505382,0.461914539,-0.0156753175,0.639428139,0.461539149,-0.0181437489,0.62570852,0.462304771,-0.00557982363,0.634940803,0.470369726,-0.00850869343,0.636466444,0.475063175,-0.0113165239,0.63694787,0.479031384,-0.0136171225,0.617260814,0.466138363,-0.00772371702,0.625140429,0.474387228,-0.0112309679,0.628792346,0.479405463,-0.0135112023,0.631744504,0.483668029,-0.0151566491,0.607549131,0.468668163,-0.0102950949,0.612365365,0.476498,-0.0129693244,0.614887297,0.48162511,-0.0132812355,0.617364168,0.485983491,-0.0133495098
4316.666666666656,0.533962488,0.449362159,6.47308127e-008,0.513376117,0.440894365,0.00374585413,0.493636101,0.438341498,0.0058367746,0.480157822,0.438922,0.00587544,0.469015628,0.440529257,0.00586853875,0.481801927,0.443006605,0.00966516323,0.465725482,0.442282945,0.006835612,0.455018699,0.443656385,0.0031319093,0.447708964,0.446092427,0.000767591293,0.481456369,0.448227197,0.00568709709,0.464210242,0.448505968,0.00331337377,0.456451386,0.449079573,0.000295119506,0.451910496,0.450088918,-0.00139717676,0.482979566,0.454010665,0.00112411589,0.466780931,0.454319626,-0.000672455237,0.46041885,0.454254538,-0.00127861579,0.456782281,0.454552,-0.00143755355,0.486745298,0.459567219,-0.00351499743,0.475826651,0.458768487,-0.0043281843,0.47098875,0.457610428,-0.00343740755,0.46864444,0.456698656,-0.00236744015
4316.666666666656,0.594340265,0.451714844,5.12857632e-008,0.608432293,0.445069969,-0.00491643371,0.622993588,0.44321537,-0.00883873273,0.634341061,0.443128198,-0.0127899991,0.643925071,0.442519456,-0.0163858254,0.631077588,0.457460403,-0.00447265059,0.64591974,0.461994559,-0.0103261992,0.64531821,0.462640941,-0.0150032993,0.641411841,0.46244809,-0.0172972903,0.624774098,0.463539451,-0.00528553221,0.633836865,0.470848858,-0.00801644,0.635918915,0.475342721,-0.0104958573,0.636904955,0.479242951,-0.0125985676,0.616661966,0.467733473,-0.00722947624,0.6248613,0.475685,-0.0107232975,0.628460467,0.480714381,-0.0127042029,0.631285071,0.4850187,-0.0140720243,0.607721508,0.470644116,-0.0096035609,0.612479091,0.47826618,-0.0123795401,0.615180969,0.483338207,-0.0126736751,0.617676,0.48768273,-0.0126359006
4333.333333333323,0.532196581,0.449902117,7.71092132e-008,0.513974726,0.441015691,0.0019621104,0.494126022,0.438014984,0.00309977192,0.480590552,0.437817603,0.00276543363,0.469985276,0.438576043,0.00232656649,0.483493865,0.44355607,0.00611830456,0.467992038,0.443259597,0.00266354019,0.457631737,0.443722665,-0.00119506579,0.450577974,0.444787413,-0.00359369861,0.483451724,0.449016392,0.00292100874,0.467188418,0.448784798,0.000506278826,0.458501726,0.448704422,-0.00226274622,0.451917768,0.448880285,-0.00396990171,0.485267311,0.455074847,-0.000869809417,0.469484359,0.455114186,-0.00302439113,0.461292982,0.454729825,-0.00337731768,0.454415858,0.45453018,-0.00355360587,0.489275515,0.461133957,-0.004762189,0.477641314,0.460526079,-0.00591306435,0.471674949,0.459544629,-0.00456181774,0.467226386,0.458533466,-0.00328298938
4333.333333333323,0.593347788,0.452245235,4.80810556e-008,0.607925832,0.445761353,-0.00306085846,0.622803092,0.443850756,-0.00587274786,0.634629905,0.443528205,-0.00905900542,0.644434392,0.442751437,-0.0119531164,0.631549954,0.457932919,-0.00128263794,0.646579504,0.461720228,-0.00581277767,0.649183154,0.462980539,-0.00963373948,0.647774577,0.463348478,-0.0114743235,0.626048625,0.463963926,-0.00269431574,0.635585129,0.471123,-0.0046768561,0.637948692,0.47543925,-0.00648524426,0.63840425,0.47886166,-0.0077728196,0.618261337,0.468351424,-0.00510613294,0.626453578,0.476200551,-0.0078296205,0.630105495,0.480937123,-0.00878231227,0.632456243,0.4848077,-0.00919297896,0.609345317,0.47142911,-0.00788122,0.613699734,0.478719771,-0.0100248056,0.616573393,0.483404398,-0.00972105376,0.618900359,0.487383306,-0.0090061035
4349.99999999999,0.594085455,0.453165442,2.25073116e-008,0.607962489,0.446789622,-0.00345423445,0.622843921,0.444340229,-0.00698487973,0.634674251,0.443706483,-0.0109398728,0.644356191,0.442536265,-0.0144683076,0.633074,0.457653672,-0.00330892322,0.650375,0.461523235,-0.00954284333,0.648844,0.461796,-0.0141520873,0.642875731,0.46109575,-0.0160606951,0.627577186,0.463931412,-0.00475266948,0.638298273,0.470546603,-0.00781314634,0.638904631,0.473859698,-0.00999537483,0.637749314,0.476056546,-0.0114043551,0.619785726,0.468478173,-0.00720490282,0.628131926,0.47576347,-0.0102606369,0.630825758,0.480144233,-0.0111063728,0.632171333,0.483518898,-0.0114728557,0.611001074,0.471634775,-0.0100423191,0.615739167,0.478430182,-0.0121566579,0.618678808,0.482816845,-0.0116404099,0.621126354,0.486604452,-0.0107940324
4366.666666666657,0.53134656,0.448723,1.63767364e-008,0.509628057,0.44073379,0.00477400515,0.489827126,0.438191503,0.00822677277,0.47663,0.438073784,0.00932947,0.466050148,0.439381182,0.0105183665,0.479080856,0.443479657,0.0147650912,0.464061081,0.442948937,0.0135893272,0.456294507,0.444540918,0.0104048597,0.451305479,0.447379,0.00835159235,0.479223758,0.44810614,0.0107598603,0.464524925,0.448343396,0.0102678621,0.458589375,0.449515224,0.00698053464,0.454042882,0.45150739,0.0048053856,0.481267452,0.452787936,0.0059135058,0.467322797,0.453121811,0.00542979687,0.461431801,0.453947186,0.00389144477,0.457209259,0.45550561,0.00277905911,0.485279351,0.457224429,0.00108631782,0.47449857,0.457397938,0.00126509473,0.469561905,0.457450539,0.00198523188,0.46658963,0.457805574,0.00270546647
4366.666666666657,0.59416163,0.451912433,4.42956463e-008,0.607981,0.444821417,-0.00438981876,0.623228371,0.441946059,-0.00810994301,0.635964513,0.440968186,-0.011828078,0.646496534,0.439563334,-0.0151849408,0.634297609,0.456118554,-0.00413611578,0.650471509,0.45988664,-0.00868142489,0.651934862,0.461003333,-0.0122509338,0.649419188,0.461414605,-0.0141075021,0.628739536,0.462350696,-0.005022089,0.639753103,0.468630612,-0.00714431936,0.642522752,0.472186267,-0.00916264392,0.64342469,0.474954516,-0.0108669614,0.621047914,0.466714203,-0.0068065403,0.630275249,0.47358191,-0.00971367396,0.634395301,0.477939814,-0.0112456689,0.637086809,0.481363326,-0.012348339,0.612398624,0.469794333,-0.0089678457,0.617432654,0.476645827,-0.0115223704,0.620495,0.481018215,-0.0117567312,0.622921705,0.484615922,-0.0116511323
4383.333333333324,0.594067395,0.45042038,5.07822477e-008,0.60820055,0.443198174,-0.00454846583,0.623621,0.440231144,-0.00785845891,0.636645436,0.439140916,-0.0111016743,0.647324562,0.437366635,-0.0141309621,0.635885477,0.454345524,-0.00228137197,0.650557816,0.457356781,-0.00547457393,0.656094611,0.459048837,-0.00862597395,0.658438444,0.460195184,-0.0107146334,0.630804062,0.460672468,-0.00298100105,0.641762078,0.466229945,-0.00472503668,0.645593405,0.469507545,-0.00675844448,0.64698416,0.472069442,-0.00839959737,0.623298824,0.465257704,-0.00459790044,0.633162379,0.471652269,-0.00719513465,0.637981474,0.475519478,-0.00870611239,0.640956938,0.478652418,-0.00981489476,0.614373565,0.468599796,-0.00667196885,0.619499087,0.474967778,-0.00905783568,0.623088121,0.479029715,-0.00949674379,0.625746071,0.48255688,-0.00958883483
4399.999999999991,0.595988929,0.449006438,5.75457264e-008,0.609345734,0.441329777,-0.00449419161,0.624413908,0.438531727,-0.00763204647,0.637248933,0.437590659,-0.0107403407,0.647402406,0.435439795,-0.0136594148,0.636114359,0.452276707,-0.00271878135,0.651296258,0.455220371,-0.00665829564,0.656139135,0.456986278,-0.0100911846,0.656914413,0.458183289,-0.0120429555,0.631543458,0.458908558,-0.00339215039,0.643200278,0.464618713,-0.00501819048,0.647864699,0.468387485,-0.00697714044,0.649917901,0.471690804,-0.00868030731,0.62452203,0.463689119,-0.00500307698,0.634284079,0.469960928,-0.0075391992,0.639328778,0.473912179,-0.0090857558,0.642429292,0.477240115,-0.0102544874,0.61606282,0.467140377,-0.00707872398,0.620978773,0.473359734,-0.00923169404,0.62420392,0.477354705,-0.00948398653,0.626428306,0.480742306,-0.0094652
4416.666666666658,0.593119323,0.446649313,7.29093088e-008,0.608165085,0.43889603,-0.00286558014,0.624882698,0.43622297,-0.00550705846,0.63824451,0.434613705,-0.00824564602,0.64829123,0.43253839,-0.0107387891,0.638775289,0.449414611,-0.00163353246,0.653405249,0.453036517,-0.00468907505,0.657271504,0.455099106,-0.00747210905,0.657959938,0.456290126,-0.009050088,0.633914769,0.456185371,-0.0028351706,0.645968556,0.463051766,-0.00363062858,0.650549829,0.467383325,-0.00504540745,0.652867079,0.471061707,-0.0063466765,0.62656343,0.461182863,-0.00476077339,0.636778533,0.468266189,-0.00637998758,0.641706884,0.47238341,-0.00758225,0.644966543,0.475569338,-0.00857701059,0.617960632,0.464876205,-0.006982,0.623318493,0.471529245,-0.00794035569,0.626516461,0.47555545,-0.00744753191,0.628732204,0.478722125,-0.0069655939
4433.333333333325,0.596495271,0.444897413,6.99833222e-008,0.609734476,0.437110066,-0.00364027917,0.624999583,0.433597684,-0.00675197272,0.637748122,0.431409836,-0.0100005595,0.648118436,0.428959876,-0.0131567027,0.637637258,0.445746928,-0.00181528495,0.650736392,0.448527068,-0.00440960936,0.656485915,0.450992,-0.00723302737,0.659772217,0.453283548,-0.00939623,0.633544147,0.452658117,-0.00326900976,0.645715,0.458760202,-0.0043081427,0.650615811,0.462523878,-0.00624487316,0.653160393,0.465976089,-0.00824062,0.627076387,0.458014607,-0.00544565963,0.63759625,0.465073764,-0.00764811691,0.642631888,0.469273388,-0.00925731845,0.645749927,0.472718656,-0.0107361684,0.619074941,0.462001592,-0.00801073108,0.624961793,0.468520284,-0.00986093748,0.628341436,0.472698033,-0.00995943695,0.630478323,0.476211041,-0.0101155872
4449.999999999992,0.598966599,0.443142682,7.31767074e-008,0.610498,0.435068458,-0.0042888606,0.62425077,0.430750728,-0.0083348928,0.635904372,0.42815277,-0.0124913435,0.646207213,0.426030487,-0.0163892955,0.6398,0.443214595,-0.00367794931,0.653704882,0.446894675,-0.00852371845,0.657308221,0.449431151,-0.0126473689,0.65681237,0.45116064,-0.0149926879,0.636108935,0.450218976,-0.00507903937,0.64901191,0.456410229,-0.0073533603,0.653972924,0.460342616,-0.00971781742,0.655914426,0.463621438,-0.0118096685,0.629604518,0.455595642,-0.00738571119,0.639829695,0.462483048,-0.0103609273,0.64423722,0.466719359,-0.0118301455,0.646550834,0.469949305,-0.0130195068,0.621311843,0.459703386,-0.0101421373,0.627648413,0.466158211,-0.0124215111,0.630794525,0.469919711,-0.0121477675,0.63264,0.472890764,-0.0118087521
4466.666666666659,0.603077471,0.439079016,8.20334165e-008,0.61346,0.431512445,-0.0053857551,0.62439996,0.427111328,-0.0107762786,0.634340584,0.424676865,-0.0160407815,0.644091368,0.422675759,-0.0211732332,0.641565263,0.440397829,-0.00714034354,0.654220223,0.445086539,-0.0125186695,0.65816021,0.447510749,-0.0169637576,0.658475161,0.449226528,-0.019641662,0.637419164,0.44705832,-0.00819621794,0.649984,0.453648269,-0.011467495,0.654193521,0.457436025,-0.0143529419,0.655499697,0.460647166,-0.0168903861,0.630948484,0.45219332,-0.00995627,0.64107269,0.459383786,-0.0133845983,0.644205213,0.463490963,-0.015108116,0.645047963,0.46653527,-0.0165447593,0.622956514,0.456069589,-0.0122218542,0.629512072,0.462881237,-0.0148213832,0.632570386,0.466746092,-0.0149769597,0.634160221,0.469811201,-0.015025245
4483.333333333326,0.545266151,0.429503411,-1.52331367e-007,0.528596818,0.418338269,0.0094310157,0.506873965,0.414471537,0.0153485425,0.489142865,0.41305387,0.0183759145,0.475893915,0.411065787,0.0211032461,0.463983864,0.422106385,0.0243707541,0.459171027,0.431674778,0.027766142,0.467532516,0.43669802,0.0247183442,0.474380404,0.436971426,0.0221391227,0.455842316,0.431205779,0.0202340316,0.462287664,0.441429347,0.0267100241,0.475426435,0.4440853,0.0240057576,0.485570103,0.441411853,0.0214747041,0.456614524,0.441096812,0.0160735156,0.465787292,0.449697435,0.0204217453,0.47927475,0.45072,0.0189453792,0.489191651,0.447401881,0.0171152912,0.462311953,0.450722963,0.0122275203,0.47136566,0.458252132,0.0149369482,0.484985709,0.458383411,0.0168567747,0.49495706,0.455718547,0.019059496
4483.333333333326,0.600775,0.434655309,8.57836184e-008,0.612029552,0.428018153,-0.00475023175,0.623613119,0.423938304,-0.0100995926,0.6336869,0.421176851,-0.0153882504,0.643558502,0.419529766,-0.0206035487,0.640670419,0.436469436,-0.0070853848,0.653764904,0.44089362,-0.0123061938,0.659007668,0.444038928,-0.0164873879,0.660777688,0.446666539,-0.0191464,0.637270093,0.442984879,-0.00854067225,0.65085429,0.449508578,-0.0121229505,0.655746341,0.453439981,-0.0150102889,0.657573879,0.456844389,-0.0174023621,0.631184161,0.448081166,-0.0106127532,0.642492056,0.455423474,-0.014260767,0.645985425,0.459698528,-0.0158678759,0.647149682,0.462961406,-0.0171828642,0.623278856,0.451832145,-0.0131086,0.630411923,0.458648413,-0.0157780088,0.633794129,0.462654799,-0.0158771798,0.635850608,0.465850055,-0.015879821
4499.999999999993,0.545213044,0.427020878,-1.75391e-007,0.528863966,0.415708303,0.00663721794,0.507736742,0.412325382,0.0108675165,0.491630882,0.410242945,0.0129300235,0.479877174,0.40851,0.0152265467,0.465471625,0.419456482,0.0176963862,0.461541116,0.426716447,0.0190414246,0.471672148,0.431459755,0.0157171506,0.47903356,0.43144235,0.0128675671,0.456888199,0.428553164,0.0141603732,0.461812437,0.436106533,0.0174299069,0.475589603,0.439105123,0.0149653731,0.485276401,0.436607748,0.012854266,0.456665188,0.438855171,0.0105375554,0.464280128,0.444711953,0.0128290253,0.478077322,0.446354598,0.0119512184,0.487773,0.443644673,0.0107135503,0.461407661,0.449159861,0.00703241071,0.470477551,0.454790235,0.00824256241,0.483733803,0.455169171,0.00977807399,0.493254423,0.452761054,0.0117621617
4499.999999999993,0.599256516,0.430555,9.84832909e-008,0.6109671,0.423820257,-0.00355491461,0.623648703,0.420581371,-0.00747580314,0.634534478,0.418075,-0.0114999069,0.643848538,0.415394694,-0.0154901957,0.64098233,0.433133453,-0.00349956565,0.653712809,0.43800351,-0.00665991381,0.658635676,0.441607654,-0.00976923387,0.661466956,0.444867373,-0.0120308353,0.63749063,0.438697726,-0.00487077096,0.649845719,0.445220321,-0.00636644056,0.655170858,0.449463636,-0.00829639286,0.658591509,0.453642249,-0.0103382375,0.63139385,0.443099499,-0.00690111285,0.642140388,0.450206757,-0.00899998657,0.646830916,0.454687923,-0.0104416953,0.649708271,0.458520114,-0.011923288,0.623626828,0.446445972,-0.00935531128,0.630139589,0.452959687,-0.0107742595,0.633564234,0.457025528,-0.0107291276,0.636113048,0.460481197,-0.0109028313
4516.66666666666,0.600251853,0.427179188,1.26781188e-007,0.610715151,0.420001447,-0.00335246231,0.622557521,0.416960835,-0.00730372081,0.633496404,0.414642125,-0.0113556962,0.641806483,0.411454856,-0.0154252946,0.641243339,0.428820282,-0.00428650156,0.654735625,0.434281498,-0.00789745,0.660345733,0.438884526,-0.0111486148,0.663178444,0.442974061,-0.0132757025,0.63864845,0.434217662,-0.00563417189,0.651590407,0.441158563,-0.00728266267,0.657177687,0.445973605,-0.00897067226,0.660006046,0.450568378,-0.0106931711,0.633318663,0.43877697,-0.00754500506,0.644965,0.446103632,-0.0091975,0.649801373,0.450756848,-0.0102110859,0.651998401,0.454673409,-0.0113383038,0.626124144,0.442406207,-0.00993857253,0.634088635,0.44902572,-0.0107313674,0.638431489,0.453170776,-0.010346639,0.641300619,0.456714272,-0.0101981713
4533.333333333327,0.599851966,0.423599929,1.27758298e-007,0.609520495,0.416722625,-0.00286298105,0.620919645,0.413632,-0.00674570724,0.63096565,0.410861045,-0.0107065598,0.638901234,0.407737046,-0.0147501379,0.640285671,0.424403548,-0.00508532859,0.654688478,0.429747909,-0.00879818853,0.660588682,0.434404075,-0.0118609872,0.663571537,0.438536733,-0.0137762697,0.638246179,0.429594159,-0.00659764372,0.651874423,0.436656058,-0.00846966542,0.657946169,0.441542685,-0.0100198155,0.661168516,0.446166158,-0.0115647102,0.633349895,0.434112519,-0.00854149275,0.646057248,0.441678643,-0.0103370864,0.65174973,0.446373641,-0.0112174591,0.654513478,0.450325251,-0.0121781891,0.626677632,0.437814295,-0.0108623812,0.636192203,0.444580346,-0.0117055513,0.641313851,0.448712915,-0.011194299,0.644807518,0.452244937,-0.0109184859
4549.999999999994,0.598763466,0.420458496,1.36392089e-007,0.607638061,0.413761884,-0.00247874483,0.619596899,0.410754621,-0.00633610366,0.629532635,0.40777275,-0.0102941273,0.635739625,0.403835565,-0.0144587494,0.638985455,0.419434577,-0.00597560685,0.654410303,0.423306525,-0.010702583,0.660706043,0.428310484,-0.0145472633,0.663568556,0.432911187,-0.0168076511,0.637526929,0.424766392,-0.00785540882,0.652426243,0.431734353,-0.0102498075,0.659296095,0.436940521,-0.0121347141,0.663113654,0.441823632,-0.0139393322,0.633062601,0.429646045,-0.0100940624,0.647237,0.437279969,-0.0121507,0.653938234,0.442390054,-0.0134034567,0.657297134,0.44668448,-0.0146484813,0.626759887,0.433762431,-0.0126506723,0.638074756,0.440699488,-0.0137061337,0.643710196,0.445114,-0.01337614,0.647487402,0.448833555,-0.0132573536
4566.666666666661,0.596618354,0.417511374,1.18390716e-007,0.604943216,0.410538703,-0.00184579811,0.616104722,0.407876521,-0.00516640209,0.62533313,0.404960275,-0.00883586425,0.631132364,0.401007921,-0.0127054406,0.635861218,0.416816324,-0.0039088116,0.652229488,0.420349866,-0.00775609,0.659354031,0.42478326,-0.0111093028,0.662970603,0.428881526,-0.0131165953,0.635252118,0.421625495,-0.00588858454,0.651243031,0.427199274,-0.00777494209,0.658542,0.431642711,-0.0095610451,0.662313819,0.4359321,-0.0112783676,0.631932139,0.426279306,-0.0082474,0.647495449,0.433028191,-0.00984416,0.655008137,0.43767029,-0.0111423051,0.658956289,0.44170469,-0.0124603752,0.626781642,0.430345625,-0.0109127918,0.638855338,0.436867684,-0.0116263051,0.645239592,0.440955669,-0.0113522112,0.649641216,0.444433391,-0.0113369878
4583.333333333328,0.594704926,0.41462338,1.1217427e-007,0.602463365,0.407667905,-0.000684119354,0.613615,0.405050606,-0.0026124157,0.621826708,0.402061313,-0.00518985884,0.626979172,0.39868921,-0.00797580183,0.633863866,0.414263427,-0.000456630136,0.649908841,0.418128133,-0.00292286719,0.657479405,0.422296017,-0.00544169592,0.661945,0.426109076,-0.00707351696,0.633624613,0.418714,-0.00278141652,0.649539113,0.424069911,-0.00380358123,0.657143414,0.428497523,-0.00516842445,0.66148746,0.432805806,-0.00653446466,0.630569816,0.423043549,-0.00558185298,0.646440148,0.429007024,-0.00670974934,0.654065,0.433367103,-0.00793833844,0.658572078,0.437278271,-0.00908065,0.625787139,0.426927179,-0.00866271276,0.63798517,0.432728976,-0.00906053185,0.644907594,0.436736256,-0.00884524547,0.649928808,0.44023782,-0.00887254626
4599.9999999999945,0.556930304,0.420006573,-3.9371475e-008,0.545456529,0.413450599,0.00130966492,0.529089391,0.405349344,0.00219595036,0.51650238,0.39996621,0.00233346643,0.50592041,0.396671355,0.0029615541,0.510555267,0.403094471,0.00523813767,0.486771166,0.401491106,0.00365710491,0.473783553,0.403523266,0.00214623031,0.466136515,0.405745864,0.00169576833,0.50578326,0.405729681,0.00342171197,0.478983313,0.403780967,0.00226280675,0.466562539,0.405926228,0.00123669859,0.459128082,0.408280075,0.00123814808,0.502433121,0.410030782,0.00118534057,0.47747609,0.408094198,0.000942699495,0.46531111,0.409465671,0.000940126774,0.45746851,0.41115576,0.00115222961,0.5004,0.415793508,-0.0011173524,0.481155753,0.414169729,-0.000251463207,0.471012414,0.414554745,0.00123512524,0.463309109,0.41527018,0.00258775381
4599.9999999999945,0.592419624,0.412537724,1.00672835e-007,0.599379063,0.405399442,-0.000325716275,0.609348,0.402563155,-0.00238923496,0.616991222,0.3996104,-0.00518267229,0.62140125,0.395997226,-0.00850089267,0.629052579,0.410971254,-0.00170717854,0.645093918,0.413700938,-0.00448289,0.654057086,0.416835636,-0.00692078238,0.66031909,0.419638425,-0.00848768,0.629888237,0.415426493,-0.00447893422,0.647702217,0.420641154,-0.00607576501,0.656771362,0.424815625,-0.00754338782,0.662421882,0.428770512,-0.00887628,0.627523,0.419772565,-0.00759377843,0.645096362,0.425573528,-0.00920672156,0.653516412,0.429789126,-0.0108405007,0.658599794,0.433461159,-0.012179072,0.623535,0.423733085,-0.0108776568,0.637205124,0.42920956,-0.0118116429,0.645088255,0.433097899,-0.0119862678,0.650943816,0.436459482,-0.0122838048
4616.6666666666615,0.550856709,0.420087695,-1.35340219e-008,0.542118371,0.411100328,0.00655093696,0.527735353,0.403113872,0.0100420015,0.516400874,0.39860332,0.0114214318,0.506273329,0.396252722,0.012927385,0.509513259,0.400484771,0.0125971353,0.490086973,0.396564782,0.0132351443,0.479206085,0.396440387,0.0123006133,0.4717215,0.397509277,0.0118078561,0.503870904,0.403627336,0.00843617506,0.480326355,0.400713384,0.00973618496,0.469455808,0.4017694,0.00875648297,0.462648869,0.403887123,0.00808621198,0.499615252,0.408436269,0.00407681335,0.477296382,0.406011403,0.00626679743,0.466614813,0.40692547,0.0061789765,0.459682405,0.408662796,0.0054852576,0.496330708,0.414391398,-3.68874316e-005,0.478703082,0.412890881,0.00222593336,0.46862182,0.41306451,0.00347336428,0.46087414,0.413836896,0.00419031968
4616.6666666666615,0.589670777,0.411676496,9.55143449e-008,0.595647514,0.403808475,-0.000984255341,0.605673492,0.400478363,-0.00311171846,0.613623559,0.397335678,-0.00581691414,0.61806947,0.393628299,-0.00894126,0.625372,0.408634603,-0.00189822284,0.641897321,0.410344839,-0.00464674924,0.651696563,0.41262874,-0.00700590061,0.658851445,0.414763123,-0.00851312093,0.626690745,0.413066059,-0.00431370456,0.645507276,0.417100132,-0.00612712372,0.655702114,0.420600146,-0.00755857583,0.662408173,0.424132526,-0.00873115286,0.624916613,0.417618483,-0.0071579325,0.64354229,0.422410548,-0.00910996087,0.653269827,0.42604661,-0.0109202368,0.659545183,0.429379821,-0.0121882865,0.621609628,0.421999365,-0.0102074016,0.636398792,0.426808745,-0.0114811696,0.645389676,0.43026948,-0.0118806819,0.652241945,0.433342636,-0.012209109
4633.3333333333285,0.547691,0.41883257,-1.40237688e-008,0.540548205,0.409044445,0.00713270484,0.527863145,0.401335478,0.0108138174,0.518529296,0.396515161,0.0119045246,0.510251522,0.393980116,0.0129563613,0.507522047,0.400237948,0.0146834115,0.489884615,0.39595747,0.0150745912,0.480315417,0.395116359,0.0136110103,0.473660558,0.395333171,0.0127124488,0.501701534,0.403202027,0.00980528258,0.480384916,0.399866,0.0107013686,0.470722318,0.40081495,0.00901774596,0.46491918,0.402912,0.00799347647,0.497138232,0.407595843,0.00458130799,0.476420283,0.405541658,0.00634031836,0.466415912,0.406644374,0.00555267511,0.459847033,0.408549309,0.00454132725,0.494144082,0.413108051,-0.000397897064,0.477059633,0.412296921,0.00188663544,0.467419416,0.412774861,0.00301076565,0.460123807,0.413942784,0.00361520355
4633.3333333333285,0.588585436,0.410920948,8.6278412e-008,0.593645036,0.402866185,-0.000844721508,0.603413582,0.399627745,-0.00275537698,0.611431837,0.396330804,-0.00531338807,0.615818,0.392656237,-0.00830098335,0.622885108,0.407403916,-0.000906819769,0.63908565,0.408219904,-0.00354211312,0.649072647,0.409850061,-0.00601920532,0.656387866,0.411621213,-0.00764794974,0.62480855,0.411671937,-0.00329538435,0.643637955,0.414414108,-0.00502387,0.654256225,0.417049408,-0.00653649727,0.661584377,0.419923723,-0.00777090248,0.623759031,0.41621685,-0.00615817634,0.643311143,0.419897735,-0.00820784923,0.653509319,0.422814518,-0.0098893689,0.660489678,0.425521851,-0.011035189,0.620939434,0.420726508,-0.00919604395,0.636185825,0.424904436,-0.0105475858,0.645563126,0.428034276,-0.0107666953,0.652863,0.430700898,-0.0109363152
4649.999999999995,0.544202685,0.418892562,-7.96057775e-010,0.538977802,0.409281433,0.00488555944,0.528241336,0.401240349,0.00725910533,0.520367205,0.396134943,0.00742707681,0.513116777,0.392998844,0.00764275482,0.506686032,0.400223076,0.0114248656,0.491157085,0.395528257,0.0106812548,0.482645899,0.394206375,0.00858031493,0.476336241,0.394162476,0.00725597516,0.500673652,0.403338701,0.00711478759,0.480700582,0.399526179,0.00669951551,0.471806347,0.399784505,0.00451768097,0.466261923,0.401651561,0.00326104928,0.496275187,0.407788694,0.00233509578,0.47673887,0.405403912,0.00272829551,0.467169434,0.406038195,0.00146284222,0.460628808,0.407748073,0.000403985,0.493665725,0.413196117,-0.002340412,0.477443576,0.412373245,-0.00101150014,0.468127578,0.412705511,-0.000225788695,0.46100688,0.413740069,0.000246626849
4649.999999999995,0.587672114,0.410810828,9.37630489e-008,0.5923962,0.402793467,-0.00156905758,0.601993501,0.399362743,-0.00386262662,0.609851182,0.395841241,-0.00671448419,0.614330471,0.392046094,-0.00997930299,0.62168622,0.406768233,-0.00143057818,0.637639463,0.407269388,-0.00439457363,0.647765458,0.408650815,-0.00723505951,0.655349255,0.41027993,-0.00909762178,0.623837352,0.411047935,-0.00358889415,0.642518103,0.413188845,-0.0056016976,0.65368396,0.415391,-0.00751600321,0.661665678,0.417971313,-0.00901042763,0.622994065,0.415602386,-0.00626809429,0.642723739,0.418646902,-0.00860961154,0.653658807,0.421228409,-0.0106068486,0.661338031,0.423742354,-0.0119319716,0.620119393,0.420092195,-0.00916469749,0.635558,0.423962682,-0.0108458037,0.645277,0.426963359,-0.0112522859,0.652990401,0.429534942,-0.0114975572
4666.666666666662,0.541544557,0.41753298,1.17263055e-009,0.536937058,0.408150464,0.00580163067,0.526858389,0.400692731,0.00902010221,0.519177496,0.396217197,0.0101115722,0.513005674,0.392986119,0.0112058334,0.50655973,0.400897861,0.011749506,0.491702557,0.396190912,0.0118213799,0.483815521,0.394281238,0.0104438011,0.477968812,0.393578798,0.00956584234,0.500111938,0.404018283,0.00765851,0.480830461,0.400503397,0.00815428793,0.4723185,0.400304914,0.00654628919,0.466583312,0.401372552,0.00544787571,0.495265841,0.408074588,0.00327501656,0.476249129,0.405808359,0.00421447959,0.467097342,0.405950189,0.00305865472,0.460716277,0.407059759,0.00193810987,0.492286682,0.412820905,-0.000846496609,0.476949781,0.412013441,0.00105712598,0.468072444,0.412191182,0.00208648434,0.461120307,0.412999868,0.00258613308
4666.666666666662,0.587227464,0.410753548,9.06520725e-008,0.592381,0.403202087,-0.000806174707,0.602302492,0.399999142,-0.00262028328,0.610341132,0.396528065,-0.00516186655,0.614818215,0.39282465,-0.00810243655,0.621163726,0.40730235,-0.000454589201,0.6373927,0.407600433,-0.00327685056,0.64766556,0.40884462,-0.00587755162,0.655258834,0.410414934,-0.0075327442,0.623141706,0.411469579,-0.00300875376,0.641903937,0.413705289,-0.00492135901,0.653268814,0.415958971,-0.00672461698,0.661501169,0.418497235,-0.00808542408,0.622270823,0.415928483,-0.00606573606,0.641438425,0.418762624,-0.00832454953,0.652537048,0.421253473,-0.0102728335,0.660420895,0.423549235,-0.0115199201,0.619540095,0.420416206,-0.00929813553,0.634989858,0.423968852,-0.0108559076,0.644826055,0.426698178,-0.0111041442,0.652614713,0.428902686,-0.0112107089
4683.333333333329,0.536871135,0.416861892,1.31812676e-008,0.532059848,0.407449514,0.00325705181,0.522550642,0.400349557,0.00519737322,0.513100564,0.396100104,0.00551689602,0.504874,0.393731,0.00584901636,0.50358206,0.401655763,0.00883826427,0.489172846,0.397455633,0.00805435795,0.481506079,0.395876855,0.00632462977,0.475607425,0.395379633,0.00525291543,0.497698396,0.404906064,0.00570686627,0.479591459,0.402071,0.0052753631,0.470867842,0.401985079,0.00348359067,0.464586765,0.402980089,0.00234709796,0.493684262,0.408985317,0.00210325,0.475933552,0.407420278,0.00188645558,0.466930538,0.407548,0.000668216788,0.460496,0.408513129,-0.000271384022,0.491588235,0.413550735,-0.00144584803,0.477019131,0.413048744,-0.00106182392,0.468084037,0.413157165,-0.000680367171,0.460818261,0.413757473,-0.00039952033
4683.333333333329,0.58778137,0.41247949,7.35840899e-008,0.593482435,0.404798687,-0.000160841286,0.604325116,0.401473045,-0.00104590959,0.612912297,0.398379534,-0.0027465045,0.617222667,0.394707352,-0.00483162468,0.620835304,0.409073621,0.00101489108,0.637348354,0.408936799,-0.00115063437,0.647723317,0.409807831,-0.0032852632,0.655519843,0.410993,-0.00462567387,0.623001635,0.413272142,-0.00154200604,0.641784728,0.414938092,-0.00295951217,0.653158128,0.416831404,-0.00463465089,0.66145283,0.419082552,-0.0058887261,0.622599483,0.417661846,-0.00457395054,0.641290784,0.420057505,-0.00637865253,0.652369916,0.42232576,-0.00845344923,0.66021955,0.42451933,-0.00980172493,0.62053597,0.422008157,-0.00774309784,0.635761142,0.425298214,-0.00887117255,0.645457327,0.427878529,-0.00919602439,0.65318948,0.429993153,-0.00943206
4699.999999999996,0.533571243,0.416547149,1.34414568e-008,0.529870093,0.408242822,0.00238820072,0.520800054,0.401678681,0.00361105846,0.512293577,0.398228019,0.00362397265,0.505331695,0.396402478,0.00362181035,0.501113653,0.402296871,0.00558617618,0.486946523,0.398971319,0.0046404493,0.478476375,0.397921741,0.00315697235,0.471534729,0.397870809,0.00208739471,0.495661914,0.405680805,0.00279207388,0.4787184,0.403474241,0.00190764456,0.469886839,0.403511673,0.000477500202,0.46303317,0.404558092,-0.000479194103,0.492044479,0.409986466,-0.00030387938,0.475012034,0.408806264,-0.00107897341,0.466378897,0.408977717,-0.00198189705,0.45994854,0.40995875,-0.00263694907,0.490166873,0.414815187,-0.00333143491,0.475563884,0.41470769,-0.00358045753,0.466859728,0.41483289,-0.00324474555,0.459942043,0.415299058,-0.00291173835
4699.999999999996,0.589199245,0.413661301,5.4540223e-008,0.595286131,0.406236112,0.000501034549,0.606256068,0.403643042,0.000242108581,0.615279377,0.40114373,-0.000888855488,0.619981945,0.397617638,-0.00238030241,0.622261643,0.41132459,0.00262674899,0.637958527,0.410805315,0.00123691873,0.647943497,0.411161184,-0.000505639124,0.655658245,0.411936939,-0.00174267788,0.624580443,0.415721118,-1.4942183e-005,0.64254,0.416796476,-0.000720378244,0.653490543,0.418208629,-0.00227440055,0.661575615,0.419998378,-0.00357314199,0.624183297,0.420154721,-0.00309553533,0.642520368,0.422388822,-0.00445389748,0.653278947,0.424366802,-0.00640825881,0.661150098,0.426163197,-0.00777629,0.622045338,0.424400181,-0.00624610297,0.636958122,0.427503318,-0.00707814051,0.646494865,0.429736644,-0.00735313352,0.654183865,0.431353211,-0.00762422942
4716.666666666663,0.52831912,0.417026967,2.00443804e-008,0.526144445,0.40854761,0.00189466425,0.517089,0.401940048,0.00298554567,0.507378578,0.398750931,0.00325132417,0.500575066,0.396192521,0.00351818698,0.498926222,0.403454483,0.00400460046,0.483849883,0.400255024,0.0032827754,0.475153059,0.399419308,0.00229307381,0.468337744,0.399585038,0.00162552216,0.493596077,0.407242924,0.00209353585,0.477459192,0.405080676,0.00160635286,0.468808949,0.404814184,0.000329122617,0.461881042,0.405367702,-0.000608428207,0.490317017,0.411592811,6.13393277e-005,0.47421819,0.410472363,-0.000374333555,0.465470731,0.410372317,-0.00137325726,0.458691478,0.410986692,-0.00217651855,0.488522559,0.416058093,-0.00182967831,0.474824399,0.415775865,-0.00199501216,0.466589063,0.415698946,-0.00195321185,0.460025728,0.415896177,-0.00181464665
4716.666666666663,0.592528164,0.415669024,4.57460523e-008,0.599083,0.40833962,0.00089284865,0.609487057,0.405747771,0.000963821134,0.618672132,0.403419316,0.000135885435,0.624138,0.400430709,-0.00108936196,0.623928905,0.413816,0.00300798984,0.640086174,0.413450539,0.00204856601,0.650002062,0.413844168,0.000708719366,0.657475829,0.414635956,-0.000200750452,0.62635839,0.41804567,0.000489194237,0.644759059,0.41913569,0.000158763956,0.655492723,0.420575947,-0.00118398585,0.662858665,0.422445327,-0.00228460762,0.626022279,0.422381073,-0.00238642748,0.64407897,0.424622089,-0.00311432313,0.654760718,0.426558971,-0.00483217603,0.662365139,0.428464979,-0.00612537,0.62388,0.426515579,-0.00528782839,0.638160586,0.429394543,-0.00554833189,0.647676826,0.431440324,-0.0055499291,0.655378819,0.433066517,-0.00564858969
4733.33333333333,0.593340099,0.419368,5.0297114e-008,0.600665867,0.411495924,-0.00174226356,0.611706078,0.408109665,-0.00336760958,0.621587753,0.405500025,-0.00522366678,0.627079,0.402149022,-0.00731648039,0.624836266,0.417027891,-0.00203246274,0.641787827,0.416545063,-0.00455370639,0.65176,0.41684857,-0.00657382468,0.6592682,0.41751796,-0.00777260354,0.626450121,0.421881676,-0.00349266105,0.645123363,0.422949046,-0.00528102368,0.656009495,0.424263567,-0.00698054722,0.663790941,0.426083326,-0.00821002293,0.62571907,0.426235467,-0.00530892704,0.643739104,0.428335756,-0.00719058607,0.654127,0.430146575,-0.00901435688,0.661572278,0.432056546,-0.0102065187,0.623707,0.429889,-0.00727461278,0.637850165,0.432260931,-0.00845042896,0.646933913,0.433849216,-0.00874238275,0.654225349,0.435149968,-0.0089037
4749.999999999997,0.594700694,0.42142269,5.81206727e-008,0.60258019,0.413841873,-0.00336281653,0.614034295,0.410473108,-0.00562418951,0.624509692,0.408068776,-0.0078466218,0.631109238,0.404642761,-0.0102622081,0.625770509,0.419394284,-0.00367173576,0.642046869,0.41980955,-0.00702499831,0.651880682,0.420582354,-0.0096302,0.659599304,0.421439111,-0.0112280985,0.626578331,0.424529821,-0.00464171264,0.643874347,0.426325232,-0.00725000491,0.654826462,0.427985817,-0.00941248238,0.663406432,0.429967254,-0.0110221552,0.625393391,0.429058254,-0.00611041719,0.641509,0.431587279,-0.00863213744,0.651785314,0.433547169,-0.0104927933,0.659802139,0.435415864,-0.0116704227,0.623129785,0.432913482,-0.00791834295,0.636679411,0.435260624,-0.00964161288,0.645592391,0.436722338,-0.0100525264,0.652944803,0.437891334,-0.0102836695
4766.666666666664,0.595588863,0.423411936,7.61319e-008,0.603218675,0.415882736,-0.00340026477,0.615261197,0.412966043,-0.00595358899,0.626321137,0.410950184,-0.00833482761,0.633492231,0.40751496,-0.0107937418,0.627774715,0.42200923,-0.00413472624,0.644107,0.423113942,-0.00721432874,0.653443933,0.424353719,-0.0094202552,0.66057229,0.425673455,-0.0106728729,0.627725124,0.427124292,-0.00502578821,0.645092309,0.429587811,-0.00750478404,0.655438483,0.431807131,-0.0093447715,0.662870049,0.434200466,-0.0105539737,0.625519156,0.431644171,-0.00634073885,0.641878426,0.434742361,-0.0088470038,0.651452,0.437263221,-0.0104281278,0.658302665,0.439669549,-0.0112372516,0.622341394,0.435421109,-0.00794000365,0.63625741,0.438198626,-0.00971859787,0.644994915,0.440166503,-0.0100073889,0.651948631,0.441888273,-0.00996077433
4783.333333333331,0.555780411,0.431973487,-1.05798428e-007,0.531748176,0.441059649,-0.0024440398,0.505601346,0.443430483,-0.000880178181,0.486018121,0.443331689,0.00128632458,0.472982317,0.440771252,0.00497183809,0.480603307,0.429178178,0.00637690909,0.462145388,0.430810153,0.0093162423,0.45797956,0.432760864,0.0117035173,0.458975285,0.434531897,0.0135937613,0.484957904,0.420640886,0.00793980807,0.464166403,0.422278017,0.00987700559,0.459700406,0.425286978,0.0101010585,0.460050792,0.427635729,0.0108561628,0.493606329,0.4142735,0.00882835314,0.471673578,0.413700253,0.00978750736,0.463481635,0.41570729,0.00992607139,0.459359,0.417670816,0.0103835221,0.506373167,0.409253925,0.00955440383,0.489484578,0.404994845,0.00995081477,0.479617089,0.405119628,0.0106147723,0.472355962,0.406130582,0.0119979857
4783.333333333331,0.596676111,0.424755126,7.58569882e-008,0.604706705,0.417332828,-0.00229771947,0.616740048,0.415095687,-0.00426406786,0.627557218,0.413517773,-0.0064032292,0.635068595,0.410569459,-0.00871317554,0.629500687,0.42522487,-0.00185562333,0.645154119,0.427316546,-0.00432727672,0.654457688,0.429173261,-0.00649998,0.661241353,0.430925667,-0.00793038774,0.629469454,0.429922044,-0.0033382785,0.646285892,0.43304798,-0.00529082958,0.655907452,0.435723901,-0.00718831131,0.662381887,0.438489527,-0.00854915753,0.627035797,0.434322119,-0.00526214764,0.643637896,0.438117325,-0.00742648682,0.652889431,0.441357017,-0.0090668695,0.659111857,0.444406718,-0.0100935483,0.622896314,0.438143343,-0.00743686268,0.635951698,0.44199425,-0.00903063081,0.644003451,0.444978654,-0.0093612764,0.650158823,0.447618753,-0.00947354175
4799.999999999998,0.544299722,0.433979541,1.61355125e-008,0.531732738,0.42082119,0.00558622181,0.510477901,0.412789881,0.0103642112,0.495089233,0.408550888,0.0126828542,0.48231858,0.405728519,0.0149318464,0.478639811,0.41534555,0.0189794451,0.46685043,0.417805731,0.021766359,0.462125361,0.420124471,0.0208002515,0.459726691,0.421385139,0.0199761502,0.468984425,0.423509955,0.0155376969,0.458580941,0.428227752,0.0200269874,0.462077081,0.430460185,0.0201379173,0.465591967,0.430274755,0.0203858819,0.46471864,0.433588356,0.0115182754,0.456431687,0.438659459,0.0140080852,0.46233663,0.441218704,0.0146552371,0.467476815,0.440931231,0.0148338862,0.465624809,0.444758058,0.00754397688,0.463257849,0.451085716,0.00851084758,0.469058841,0.452868879,0.0101554981,0.474096745,0.452084571,0.0121599156
4799.999999999998,0.596981883,0.427328259,7.13339219e-008,0.606370807,0.420374811,-0.00304736919,0.618810415,0.418239892,-0.00546107395,0.62981236,0.416789,-0.00794750452,0.637619138,0.413775474,-0.0105476547,0.63057512,0.42822957,-0.00277992547,0.645459831,0.430043697,-0.00585079519,0.654399812,0.431977481,-0.00855574384,0.660968304,0.433831781,-0.010369393,0.629903734,0.433235884,-0.00409544585,0.64566952,0.436721951,-0.00652482826,0.654935956,0.439652234,-0.00859801378,0.661541462,0.442652076,-0.0100965276,0.626701534,0.437851191,-0.00593860401,0.642356336,0.442171246,-0.00867101084,0.650927,0.445711225,-0.0103615215,0.656856358,0.449070036,-0.0113803418,0.62180382,0.441913933,-0.00809209,0.633548796,0.446629018,-0.0101739326,0.640990496,0.450206786,-0.0106129237,0.647028387,0.453490973,-0.0107625565
4816.666666666665,0.539581,0.431932628,-8.4585082e-008,0.525756836,0.420128435,0.00922904,0.504615903,0.414509028,0.0145248445,0.489266604,0.412499726,0.0170760602,0.477667928,0.410582751,0.0193935875,0.468263835,0.417816,0.0190726407,0.456665754,0.424179792,0.0220148657,0.460662663,0.429317027,0.0212742388,0.467049778,0.430352181,0.0204052012,0.459495544,0.426374614,0.0140566323,0.45244658,0.434791625,0.0187429879,0.462261409,0.439148933,0.0186197702,0.472245783,0.437875777,0.0183735825,0.458104819,0.436651736,0.00916129,0.455323786,0.444946885,0.0118739884,0.466851473,0.44795683,0.0119293155,0.476467073,0.445584744,0.0114266211,0.461134434,0.447427094,0.00480247568,0.464276969,0.455715477,0.00553928176,0.475225359,0.456655771,0.00696647214,0.48396486,0.453729957,0.00889649708
4816.666666666665,0.59794265,0.430435658,7.31175405e-008,0.607563198,0.423503906,-0.00274724048,0.620115638,0.421447814,-0.00508428132,0.63138783,0.420240849,-0.00751347654,0.639731944,0.41758126,-0.010142169,0.629869163,0.431910396,-0.00305029633,0.64492,0.434143633,-0.00602031592,0.653761208,0.436441183,-0.00859053805,0.660073042,0.438655734,-0.0103230411,0.628753662,0.437078238,-0.0044456264,0.64436537,0.440959662,-0.0065417015,0.653305113,0.444019437,-0.0084434282,0.65945375,0.447134525,-0.00994683616,0.624906421,0.441844702,-0.00627679424,0.639974058,0.446929336,-0.00878365524,0.647876263,0.450719386,-0.0102987718,0.653117955,0.454234362,-0.0113250995,0.61912334,0.446008295,-0.00836048,0.629729807,0.451556832,-0.0104993535,0.636248887,0.455548078,-0.0108908368,0.641458333,0.459077626,-0.0110342372
4833.333333333332,0.539937675,0.432550967,-1.19517793e-007,0.52452457,0.420343399,0.00658203335,0.501473427,0.41666463,0.0113401422,0.48515141,0.416661441,0.0140633192,0.472737938,0.418448329,0.0169894118,0.472117,0.41694963,0.014995398,0.45930481,0.424249619,0.0161467288,0.462505847,0.429844379,0.0153706949,0.466984689,0.430921227,0.0146859474,0.462730527,0.425578415,0.0111600384,0.452054352,0.433233798,0.0133167235,0.46136868,0.438191056,0.0135593154,0.470277905,0.437508553,0.0141579527,0.459911406,0.436211973,0.00721307,0.453872,0.443735629,0.00792374555,0.466045648,0.448002279,0.00813024864,0.47583434,0.446474493,0.00826738682,0.461966276,0.447712809,0.0036335974,0.465637952,0.456251,0.00230806367,0.476458371,0.458698869,0.00261039915,0.484734058,0.456731319,0.00409153569
4833.333333333332,0.598194182,0.433080912,9.04699604e-008,0.608404219,0.427323073,-0.00318738399,0.62070936,0.42595771,-0.00641706167,0.631138146,0.425413638,-0.00958760548,0.639324307,0.423868954,-0.0130339134,0.63287729,0.436264604,-0.00652445666,0.647627234,0.439358,-0.0107421419,0.655574262,0.442207366,-0.0136760287,0.660419822,0.444863617,-0.0154273147,0.630718827,0.441720486,-0.00810703635,0.646108,0.446961045,-0.0116909202,0.653657198,0.451096475,-0.013912743,0.657247424,0.454876304,-0.0153095759,0.625363111,0.446461618,-0.00999716949,0.640098631,0.453272283,-0.0135844899,0.646283209,0.457848877,-0.0154453665,0.649181247,0.461735368,-0.016487645,0.617877841,0.450288713,-0.0120559596,0.628034294,0.456978798,-0.0150075341,0.633732,0.461570174,-0.0157126468,0.637660265,0.465545326,-0.0158426072
4849.999999999999,0.537533164,0.433802336,-1.02420692e-007,0.513380885,0.420552015,0.00512496615,0.486334413,0.419403613,0.00788526051,0.471042603,0.426335186,0.00859147776,0.462720305,0.434828103,0.00922975503,0.46928665,0.416711777,0.012828717,0.459250301,0.425409377,0.01032966,0.468853086,0.430381417,0.00638839,0.478079051,0.430303097,0.00376879401,0.460282058,0.426435888,0.00853854697,0.451680869,0.434386283,0.00815168116,0.463026941,0.439047784,0.00630015181,0.473973602,0.437609,0.00547088636,0.458234578,0.43798694,0.00387192029,0.452360749,0.445635378,0.00216685259,0.466765106,0.449082881,0.0015705534,0.477637827,0.446345687,0.00140341511,0.460483104,0.44994247,-0.000466518657,0.465378582,0.457573622,-0.00352400029,0.478189111,0.459373951,-0.00343092112,0.486461133,0.456825823,-0.00203321921
4849.999999999999,0.596879303,0.436179429,7.86591627e-008,0.609284878,0.431061,-0.0031735932,0.622791886,0.429939657,-0.00649379566,0.633902311,0.429353029,-0.00967869721,0.642638147,0.427583486,-0.0130289821,0.633164048,0.441072732,-0.00605093688,0.647857368,0.444323272,-0.0100472635,0.65541631,0.447169662,-0.0129540153,0.66040349,0.449858457,-0.014855098,0.62941128,0.446558803,-0.00782291591,0.643116,0.452203363,-0.011175652,0.649684429,0.456392646,-0.0135156699,0.653459668,0.460179865,-0.0151915792,0.622804284,0.450946808,-0.00993789732,0.634602308,0.457972825,-0.0136377523,0.639814317,0.462842256,-0.0156503655,0.642939329,0.466905534,-0.016926989,0.614696324,0.454273492,-0.0122201033,0.623363912,0.460897505,-0.0152920028,0.628267705,0.465414315,-0.0159457568,0.632132113,0.469363809,-0.016160775
4866.666666666666,0.535924673,0.435484141,-9.71765743e-008,0.511556387,0.421655416,0.00286865747,0.484169215,0.420996398,0.00369520858,0.468852669,0.429646403,0.00285114907,0.461414427,0.438834906,0.00211610622,0.469473302,0.41700536,0.00850135833,0.457697481,0.429079503,0.00351483864,0.469260365,0.433214962,-0.00183493365,0.480026305,0.431526572,-0.00523367384,0.462074727,0.426645547,0.00447788695,0.452232689,0.436511785,0.00148726476,0.464478076,0.440490156,-0.00144570053,0.476035893,0.438055038,-0.00291573955,0.460581899,0.438340455,-4.88201658e-005,0.452272624,0.447079897,-0.00353678875,0.466569,0.449921459,-0.00354200415,0.477356613,0.446332157,-0.00318863243,0.462672651,0.450599194,-0.00447346969,0.464169651,0.458069682,-0.00835261494,0.476828873,0.459788442,-0.0075354334,0.485065818,0.457229,-0.0056581609
4866.666666666666,0.5968436,0.44048667,8.28841351e-008,0.609499395,0.435405731,-0.00393435033,0.623097,0.434263498,-0.00785033219,0.6340276,0.433718592,-0.0115151582,0.642823458,0.432151735,-0.0152120795,0.634706,0.445709407,-0.00655605365,0.647879422,0.449276119,-0.0104611367,0.653878,0.452241421,-0.0134388,0.657737374,0.455013484,-0.0155025357,0.62987262,0.451325238,-0.00813772064,0.641148388,0.45729202,-0.0115883993,0.645597398,0.461436659,-0.013868195,0.647824943,0.46489346,-0.0154413199,0.622118115,0.45567438,-0.0101680225,0.631809831,0.463425696,-0.0139614176,0.635716796,0.468515307,-0.0160614643,0.637870967,0.472456366,-0.0173328631,0.613063097,0.458939373,-0.0124473777,0.620374441,0.466444105,-0.0157357343,0.62426424,0.47171,-0.016726397,0.627212882,0.476319909,-0.0171162486
4883.333333333333,0.535138488,0.438531786,-9.15974141e-008,0.513506055,0.423511773,0.00635210657,0.485670179,0.422246933,0.0101583498,0.470015943,0.429807663,0.0119450381,0.462713033,0.438944042,0.0135428114,0.469570696,0.418815017,0.0137243634,0.458773285,0.428973377,0.0132323364,0.468676,0.433088779,0.0106243659,0.478728592,0.432241201,0.00861597806,0.461340487,0.428197086,0.00955570396,0.45214662,0.436496615,0.0110158855,0.463481039,0.440712303,0.00976586,0.474867642,0.43913123,0.00879544858,0.459188432,0.439712226,0.0052622254,0.450417727,0.446870774,0.00568862772,0.463811815,0.449816495,0.00559637276,0.474645376,0.447003931,0.00498919887,0.460673749,0.451875508,0.00139653659,0.46162197,0.458947778,-1.51358256e-006,0.473901957,0.460710883,0.000528716599,0.482151717,0.458251715,0.00163532025
4883.333333333333,0.596232533,0.444581032,9.22359646e-008,0.609523118,0.439388752,-0.00396825,0.623468876,0.437825561,-0.007977698,0.634769797,0.437218785,-0.011744923,0.644067824,0.435771227,-0.0156505965,0.632702827,0.449898273,-0.00770798791,0.646745622,0.453623712,-0.0122361165,0.653033733,0.456469238,-0.0154951895,0.65655005,0.459207922,-0.017636694,0.627432406,0.455303699,-0.0094105117,0.637884676,0.46227625,-0.0133783948,0.64203012,0.467323065,-0.0159385726,0.64394,0.471779376,-0.0178077277,0.619684815,0.459345371,-0.0115429908,0.628508151,0.4678711,-0.0161009654,0.632914186,0.47391817,-0.0188414194,0.635498464,0.478858501,-0.0206330232,0.610661,0.462325931,-0.0138214398,0.61615926,0.470533282,-0.0176977124,0.619394481,0.475958884,-0.0189801063,0.622116804,0.480626374,-0.0196856726
4900.0,0.538658679,0.43955043,-6.7653076e-008,0.515331089,0.42409271,0.0047088936,0.48755157,0.422252834,0.007155539,0.470310539,0.430036366,0.00722608948,0.46416086,0.440431684,0.0072071529,0.474971652,0.42056945,0.0138280261,0.460940361,0.429598898,0.00997540914,0.46996069,0.432569057,0.00504847523,0.479756057,0.431954473,0.00180197833,0.46664542,0.429429889,0.00921016838,0.454674721,0.437684059,0.0068099983,0.465301633,0.440498114,0.00386252045,0.475934267,0.438991725,0.00230430742,0.464020699,0.440527469,0.00375385559,0.452714652,0.447867334,0.00125340524,0.465582639,0.44945994,0.00146406156,0.475075692,0.446772277,0.00171264342,0.465472549,0.452338964,-0.0015726405,0.462780535,0.458850116,-0.00355112529,0.474421,0.459518462,-0.00215129764,0.481347889,0.457112938,-0.000519692549
4900.0,0.596306443,0.449104279,5.30546913e-008,0.60835737,0.442497283,-0.00389810838,0.622211516,0.440413356,-0.00725553557,0.63364464,0.43985498,-0.0105447294,0.642917037,0.438386083,-0.0139245708,0.630143642,0.452764183,-0.0060598813,0.643316925,0.45624733,-0.0095749218,0.649629533,0.458660871,-0.0123726297,0.65402329,0.461105198,-0.0144672962,0.625149,0.458721787,-0.0075389361,0.634865,0.464333832,-0.0105953226,0.637782931,0.468204886,-0.0130693475,0.638820767,0.47181803,-0.0151012484,0.61796391,0.46318382,-0.00941652898,0.626357555,0.470606804,-0.0135767665,0.630414844,0.476086557,-0.0163916629,0.632656,0.48072806,-0.0183462836,0.609453142,0.46628648,-0.0114529803,0.613768578,0.474313647,-0.0150434673,0.616254091,0.479667455,-0.0164545141,0.618161917,0.484275818,-0.0173941236
4916.666666666667,0.54139936,0.441235244,-8.24771504e-008,0.519691,0.427395701,0.0019643507,0.492457151,0.425629169,0.00259258272,0.474485368,0.43336612,0.00161034428,0.466275781,0.442583144,0.000795618806,0.480253726,0.420043737,0.00837989245,0.459892422,0.432005256,0.00205944059,0.467197448,0.4359245,-0.00349075743,0.477580279,0.43497178,-0.00641887123,0.474147916,0.428346664,0.00493191695,0.453822434,0.439466029,-2.66665284e-005,0.463732958,0.443755209,-0.0030247916,0.47536996,0.442332268,-0.00404656259,0.471573561,0.438950658,0.000571335084,0.452196568,0.448969543,-0.00384393963,0.464537323,0.452543348,-0.00295469631,0.475511819,0.450345427,-0.00161528052,0.47214669,0.450565875,-0.00378097687,0.46208635,0.459336162,-0.00768193882,0.473457694,0.46124807,-0.00622939225,0.482158124,0.458963871,-0.00389949628
4916.666666666667,0.592604041,0.450877041,7.06021908e-008,0.606676519,0.444008768,-0.00230708951,0.621962547,0.442328632,-0.00414325437,0.634201884,0.441869497,-0.00627356535,0.643646777,0.44043678,-0.00857085641,0.629674613,0.455893815,-0.00118658424,0.642935336,0.459407598,-0.00327758351,0.64927882,0.461878061,-0.00574274361,0.653131187,0.464052111,-0.00758890342,0.624146461,0.461871147,-0.00281840726,0.63352412,0.469124526,-0.00399809144,0.636784494,0.474013537,-0.00618423941,0.638172567,0.478372782,-0.00812972803,0.61687851,0.466081262,-0.00495136762,0.624956965,0.474225223,-0.00744062662,0.628745735,0.4797225,-0.0099731544,0.631133497,0.484481096,-0.011847713,0.608525515,0.468934774,-0.00721195666,0.612292051,0.477063358,-0.00927116163,0.614738405,0.482467175,-0.00993172359,0.616641641,0.487059295,-0.0103826625
4933.333333333334,0.544365883,0.443088979,-3.96875528e-008,0.523279548,0.428698838,0.00397683866,0.492655545,0.426512718,0.00660122698,0.470584184,0.433423638,0.00723175425,0.459995687,0.442447692,0.0078535853,0.470334709,0.427403361,0.0155092264,0.458169281,0.434770137,0.0146117937,0.466192,0.436580151,0.0106556453,0.47221446,0.436521202,0.00782057922,0.467018276,0.435765237,0.0123861749,0.457684964,0.442314088,0.0133325337,0.467967272,0.443181783,0.0106311683,0.475975811,0.442357957,0.00864362437,0.46781072,0.445550859,0.00860410649,0.458712041,0.449722856,0.0087173786,0.470247,0.44966951,0.00916332565,0.478913397,0.448472977,0.00940077566,0.471333593,0.455354422,0.00493296841,0.464230895,0.457439542,0.00585258706,0.474430591,0.457200944,0.00901990943,0.482084155,0.456583738,0.0118880216
4933.333333333334,0.592812181,0.451102197,5.47307764e-008,0.606936872,0.444625616,-0.00319578475,0.622527719,0.443262666,-0.00578140281,0.634787679,0.442978442,-0.00863957126,0.644090652,0.441386133,-0.0114129242,0.632082641,0.457728833,-0.00224325061,0.646758497,0.462126106,-0.00586267561,0.648120761,0.463745266,-0.00919766445,0.646423519,0.464777291,-0.0111187771,0.625894785,0.463527679,-0.00359862926,0.634981573,0.470794976,-0.00518333539,0.636588693,0.475340307,-0.00733213,0.636770785,0.479552448,-0.00933553372,0.617699504,0.467570215,-0.00572942942,0.62494868,0.475530744,-0.00832382217,0.627510846,0.4805336,-0.0103676626,0.629060268,0.484950632,-0.0119428551,0.60857594,0.470424473,-0.00815564301,0.612980366,0.478377312,-0.0101113534,0.615281761,0.483654052,-0.0102719907,0.617237568,0.488300711,-0.0103425402
4950.000000000001,0.593512118,0.451650947,1.91376817e-008,0.607697368,0.444792151,-0.00374363502,0.622707665,0.442865968,-0.00689382339,0.635065198,0.442857832,-0.010304682,0.644380331,0.441397965,-0.0133946482,0.632697,0.457192332,-0.00292373751,0.648809493,0.461601585,-0.00752497325,0.647471905,0.462291539,-0.0113263112,0.642072082,0.462068319,-0.0132633299,0.627251,0.463293701,-0.00402255729,0.637181,0.469575524,-0.00593494345,0.637903869,0.473016262,-0.00818321854,0.63669318,0.475866973,-0.0102266148,0.619456172,0.46781069,-0.00606762711,0.627320528,0.475297064,-0.00875978917,0.63054359,0.480011672,-0.010900991,0.631866,0.48398307,-0.0126349786,0.610566795,0.471013486,-0.00846261717,0.614707947,0.478509367,-0.0107060056,0.617177,0.483611286,-0.0112917209,0.618842,0.48814252,-0.0116283605
4966.666666666668,0.595053256,0.450914055,3.58371608e-008,0.609198809,0.444111019,-0.00289510796,0.623789608,0.442276031,-0.00592598319,0.635573268,0.441984266,-0.00948370434,0.644795954,0.440601945,-0.0128160836,0.635457277,0.456152052,-0.00207586586,0.651354611,0.460791558,-0.00710404385,0.650169432,0.461737216,-0.0112477215,0.643906713,0.461527467,-0.0131169567,0.629907548,0.462397635,-0.00364047801,0.63985014,0.469626456,-0.00546429353,0.640603125,0.473864675,-0.00784392,0.638749123,0.477277935,-0.00988421775,0.621903777,0.466885239,-0.00611227658,0.629532218,0.474729836,-0.00860595331,0.632046402,0.47960341,-0.010782741,0.632626534,0.483539,-0.0124353571,0.612875819,0.470042735,-0.00887766108,0.616785467,0.477641,-0.0106604882,0.619083107,0.482631594,-0.0108945649,0.620355308,0.486944407,-0.0109155132
4983.333333333335,0.598332167,0.450682044,3.820508e-008,0.611141384,0.443581074,-0.00413090549,0.625305831,0.440738112,-0.0076806047,0.637320399,0.439380676,-0.011586586,0.646840036,0.437580556,-0.0152707128,0.635828614,0.454242885,-0.00302444515,0.651173294,0.458704412,-0.00824731868,0.651193142,0.459681064,-0.0126089435,0.64650631,0.459665418,-0.0148368832,0.630702078,0.460387617,-0.00425250689,0.640720665,0.46667695,-0.00706480909,0.642094433,0.470560551,-0.0102187376,0.640618742,0.473953217,-0.0127776274,0.623373449,0.464962274,-0.00643179,0.630884826,0.472078741,-0.00977220107,0.633647561,0.476759821,-0.0125898942,0.634135246,0.480734527,-0.0146443136,0.615014195,0.468221426,-0.00900325831,0.619051933,0.475332916,-0.0115096541,0.621776938,0.480171323,-0.0124230059,0.623359799,0.484645128,-0.0130127659
5000.000000000002,0.594250143,0.448806852,5.01941031e-008,0.609467626,0.441407263,-0.00261019496,0.626058221,0.438682288,-0.00554568553,0.63987571,0.436902106,-0.00895818882,0.650590062,0.434827954,-0.0120953498,0.638261318,0.451580524,-0.000958071381,0.652187645,0.455764353,-0.00474546617,0.652507663,0.458317965,-0.00823698,0.648815572,0.459847957,-0.0102069825,0.633175731,0.457836777,-0.00261969096,0.643882275,0.464426219,-0.00456170877,0.645506918,0.468999982,-0.00713573676,0.64422673,0.472878397,-0.00927155558,0.62583226,0.462631136,-0.00502228225,0.634132922,0.470080078,-0.00747099752,0.636233,0.474986255,-0.00968870614,0.635999799,0.478853613,-0.0113745863,0.617340624,0.46622774,-0.0077042873,0.622005463,0.473364711,-0.00949171,0.624528766,0.478062361,-0.0098852627,0.625633299,0.482210129,-0.0100471461
5016.666666666669,0.604283929,0.446524799,4.6945285e-008,0.615368545,0.439318925,-0.00565903587,0.628029883,0.43533814,-0.0103907827,0.640182853,0.433228254,-0.0152003765,0.650292516,0.430811822,-0.0197235681,0.639450371,0.449169546,-0.0053984439,0.653054118,0.453751028,-0.0112909134,0.65385896,0.455838859,-0.0160368346,0.649866939,0.45696646,-0.0187028516,0.635089,0.455417514,-0.00641700532,0.64602828,0.461492538,-0.010441497,0.647688508,0.465436369,-0.0139097255,0.645948052,0.468660712,-0.0166686829,0.628408253,0.460226864,-0.00841124263,0.637204885,0.46703127,-0.0129599283,0.639208496,0.471645296,-0.0156800561,0.63837564,0.475336134,-0.0175731685,0.620044947,0.463698864,-0.0109145278,0.625284255,0.47034809,-0.0148651209,0.627785325,0.474815577,-0.0161811057,0.62868607,0.478904366,-0.0169031695
5033.333333333336,0.602739334,0.443777621,4.70944208e-008,0.61424911,0.436405361,-0.00537912128,0.627486408,0.432126462,-0.0102453455,0.639594078,0.429612786,-0.0151421754,0.649481535,0.426800162,-0.0199331455,0.640362859,0.445690632,-0.0050315652,0.652338684,0.450150549,-0.00937104691,0.655217767,0.452637821,-0.013353941,0.655325472,0.454505146,-0.0161967091,0.635801792,0.452096194,-0.00621197885,0.646384656,0.458024383,-0.00920344703,0.648296237,0.461550146,-0.0122791938,0.647904575,0.464483827,-0.0150778499,0.629342735,0.45710963,-0.00818823557,0.638615251,0.463654876,-0.0116883507,0.641061604,0.46779263,-0.0136932246,0.641115129,0.470963717,-0.0153941074,0.621360362,0.460779876,-0.0106977709,0.627816,0.467371762,-0.0134765869,0.630617917,0.471440375,-0.0139554394,0.631808341,0.474873215,-0.0143633345
5050.000000000003,0.604185343,0.440421164,6.88160569e-008,0.614342928,0.433240682,-0.00677053863,0.625989318,0.428439379,-0.0121746752,0.637063,0.425740182,-0.0173934978,0.646604598,0.42336604,-0.0224453174,0.641272426,0.441651046,-0.00629681256,0.65374738,0.445924789,-0.0114721358,0.657280266,0.448816866,-0.0161099881,0.657162428,0.451295286,-0.0191810075,0.637474835,0.448367834,-0.00682513323,0.648596525,0.454101682,-0.0108736428,0.651380837,0.457875162,-0.0146931894,0.65052706,0.461156458,-0.0177647341,0.631551862,0.45358631,-0.00828591269,0.641094446,0.459662199,-0.0125917625,0.643484056,0.463528097,-0.0153048104,0.642136872,0.466606557,-0.0172412954,0.623918951,0.457419723,-0.0104113044,0.630580127,0.46347931,-0.0138943214,0.633685291,0.467326254,-0.0150470622,0.63432616,0.470648825,-0.0157575123
5066.66666666667,0.603835404,0.435998559,7.54470904e-008,0.613577843,0.428969651,-0.00505644502,0.624638677,0.424619615,-0.00984593201,0.634807646,0.421787381,-0.0146532124,0.644558728,0.419814527,-0.0193135124,0.642612576,0.437167317,-0.00441490812,0.654794753,0.442326367,-0.00849145092,0.657373548,0.445618302,-0.0123363556,0.656451643,0.448088318,-0.0149105741,0.638905,0.443383753,-0.00527781853,0.650243044,0.449844807,-0.00758356554,0.65316236,0.453874707,-0.0104357209,0.652953327,0.457291365,-0.0131046558,0.632802844,0.44822228,-0.00694347778,0.642945051,0.455220729,-0.00943944603,0.645715058,0.459139764,-0.0110993469,0.645846188,0.462139636,-0.0127163045,0.624846,0.451889753,-0.00915628392,0.631233335,0.458167583,-0.0108766556,0.634412885,0.461733907,-0.0109345615,0.635980725,0.464598626,-0.0111174919
5083.333333333337,0.60169673,0.431384236,7.69047404e-008,0.612175047,0.424574405,-0.0032284006,0.624708354,0.42086336,-0.00721428171,0.635411382,0.417948395,-0.0114360778,0.643740714,0.414932847,-0.0156789981,0.642440736,0.43288815,-0.00401573395,0.655056179,0.437597245,-0.00772665581,0.657908618,0.440916568,-0.0110350102,0.657647491,0.443523824,-0.0131981773,0.639344394,0.438723177,-0.00550262956,0.651401818,0.445369,-0.00765853422,0.654478312,0.449570417,-0.00990683213,0.654526234,0.45331037,-0.0119387442,0.633497953,0.443417668,-0.00750983227,0.644153416,0.450452566,-0.00950655434,0.647288144,0.454611599,-0.0108830314,0.647806227,0.457928568,-0.0122408178,0.625905275,0.447047323,-0.0099158911,0.632757425,0.453361,-0.0108035337,0.636426032,0.457147688,-0.0106071727,0.638560236,0.46036166,-0.0106607042
5100.000000000004,0.600981057,0.427498043,1.07827056e-007,0.610541642,0.420557767,-0.00303575094,0.622280359,0.417018116,-0.00639430853,0.632298708,0.414059222,-0.00991526805,0.640240431,0.411221474,-0.0135635277,0.642060757,0.428209394,-0.00288189715,0.655240119,0.433074057,-0.00583815,0.659821272,0.437365025,-0.00877888594,0.661772549,0.441351086,-0.0108605484,0.639759898,0.433976918,-0.00412088912,0.651612639,0.440983027,-0.00544104585,0.655883491,0.445801139,-0.00754191866,0.657605,0.450606972,-0.00967241917,0.634633422,0.438735783,-0.00590411667,0.645482183,0.446271449,-0.00756270904,0.649347663,0.450837106,-0.00923483539,0.650683045,0.454854429,-0.010905982,0.627516747,0.442370057,-0.00806042552,0.634758651,0.448861778,-0.00890664849,0.638659775,0.452949226,-0.00894921552,0.641192555,0.456633151,-0.00922913756
5116.666666666671,0.601450801,0.423793226,1.2953663e-007,0.610026,0.416950762,-0.0037645339,0.620687544,0.413386256,-0.00793463178,0.63026464,0.410549551,-0.0120689822,0.637523353,0.407540828,-0.0163622163,0.641433537,0.423361242,-0.00568972062,0.65525955,0.428369105,-0.00997895654,0.660727441,0.433277518,-0.0136402575,0.663138211,0.437888443,-0.0159990806,0.639904618,0.429225951,-0.00672313198,0.652358651,0.436154604,-0.00910282321,0.657446086,0.441233426,-0.0115843825,0.659645736,0.446371585,-0.0139354132,0.635510683,0.434223861,-0.00823152717,0.646981537,0.441840768,-0.0106313014,0.65162158,0.4466874,-0.0125623206,0.652984798,0.451021403,-0.01432129,0.62911588,0.438203424,-0.0101256147,0.637047648,0.444995522,-0.0115878405,0.641622722,0.449390084,-0.0119739128,0.644583702,0.453420818,-0.0123862019
5133.333333333338,0.60041368,0.420391649,1.29441617e-007,0.608770251,0.413536847,-0.00186818268,0.619290173,0.410391301,-0.00560878124,0.628270626,0.407321811,-0.00967286,0.634268403,0.403649718,-0.0139867924,0.640522242,0.418890208,-0.00484779198,0.655401707,0.423428088,-0.00916852336,0.66143775,0.42845422,-0.0128283314,0.66367203,0.432877779,-0.0150012709,0.639169,0.424237639,-0.00679300632,0.653419435,0.431084931,-0.00892635342,0.65920496,0.435977459,-0.0109287258,0.661484659,0.440517455,-0.0128555456,0.635025322,0.42913416,-0.00905526523,0.648559272,0.436840713,-0.0107322372,0.654128253,0.441557229,-0.0120030642,0.65590775,0.445429564,-0.0133562712,0.628939688,0.433282465,-0.0115959188,0.638255358,0.44023928,-0.0122457035,0.643173158,0.44439581,-0.0120071033,0.646112144,0.447872579,-0.0120215006
5150.000000000005,0.597213507,0.417412072,9.71610774e-008,0.604162931,0.4099828,-0.00161777507,0.614916682,0.407023668,-0.00427514408,0.623902142,0.404411584,-0.00729209743,0.629370451,0.400853187,-0.0105090151,0.63620311,0.416153938,-0.00205960171,0.651039183,0.419276,-0.00492234342,0.658081055,0.423094422,-0.00791983865,0.662065148,0.426614553,-0.0098793,0.635754704,0.421228379,-0.00379357301,0.649892747,0.42653048,-0.00481357,0.656229377,0.430467397,-0.00635860907,0.659934402,0.434352785,-0.00801753346,0.632517,0.425835162,-0.00596239837,0.646526694,0.432004303,-0.00718505308,0.652760506,0.436182231,-0.00828455109,0.656030595,0.439819574,-0.00945426151,0.627403677,0.429630041,-0.00843640883,0.638236642,0.435645521,-0.0089751,0.643841445,0.439518601,-0.00857197121,0.647743642,0.442765981,-0.00845116563
5166.6666666666715,0.545637,0.413282663,-1.21471032e-007,0.537594557,0.406085,0.0077030086,0.521043,0.400796384,0.0119915381,0.509893119,0.397470206,0.0139943464,0.502624571,0.394728333,0.0158783086,0.502818406,0.400416166,0.0125764804,0.483181983,0.401107073,0.012917174,0.472687781,0.403519362,0.0121982964,0.466234386,0.406206697,0.0118587799,0.498363853,0.403579712,0.00783920288,0.476206124,0.40472734,0.00834102929,0.466560602,0.407908678,0.00747304,0.460300475,0.411180049,0.00706661772,0.495010614,0.408260256,0.00296730758,0.473314464,0.408968449,0.00386770279,0.463894665,0.41161868,0.00311485957,0.457603484,0.414527804,0.00231558527,0.492946237,0.414097905,-0.00144167384,0.475458622,0.414675653,-0.000509651843,0.466637462,0.416070908,-0.000107023647,0.460395843,0.41793412,7.05882121e-005
5166.6666666666715,0.597293794,0.41410175,1.181578e-007,0.603617787,0.406852752,-0.00106790499,0.61314863,0.403957278,-0.00321117952,0.620510757,0.401265055,-0.00586720649,0.625161231,0.398110121,-0.00889488589,0.634750903,0.412864476,-0.000854467624,0.649768233,0.41627413,-0.00284662331,0.657217205,0.419965625,-0.00510645937,0.661831856,0.423292339,-0.00667167502,0.634551704,0.417610914,-0.00293316832,0.649924159,0.422952056,-0.00361560402,0.657222509,0.427117467,-0.00511372974,0.661263704,0.431153446,-0.00667181052,0.631488621,0.422091,-0.00543471379,0.6470294,0.427997053,-0.0065436936,0.654378593,0.432349294,-0.00813567266,0.65838325,0.436261952,-0.00956771616,0.626700282,0.426047325,-0.00817022473,0.638567388,0.431782,-0.00881130621,0.645626068,0.435839444,-0.00888608489,0.650672793,0.439358115,-0.00912044
5183.3333333333385,0.543376684,0.413764685,-2.2660581e-008,0.53656286,0.405821472,0.00669187168,0.523605943,0.399681538,0.0105268322,0.515012383,0.395798415,0.0121314051,0.50896585,0.392813116,0.0136108631,0.503205836,0.40055573,0.0134029966,0.485830963,0.399225086,0.0144323194,0.475667357,0.399890125,0.0136366924,0.468260139,0.401568383,0.0130609879,0.498123616,0.403922528,0.00926464424,0.478506893,0.403928697,0.0108342087,0.4682464,0.405725539,0.00967284385,0.46072948,0.408430576,0.0087025268,0.494813502,0.408269227,0.00486338232,0.475800335,0.408750713,0.00657996489,0.466638625,0.410480201,0.00554989139,0.460159123,0.412919104,0.00441183196,0.492889225,0.413355201,0.000760667,0.477305561,0.414161116,0.00273958337,0.468984485,0.415520787,0.00353260967,0.462738,0.417448908,0.00390270283
5183.3333333333385,0.595477462,0.413021326,9.60094511e-008,0.60066545,0.405138463,-4.50819571e-005,0.610241532,0.402044177,-0.00134333503,0.617369473,0.399130464,-0.00340166106,0.621699691,0.395835608,-0.00588766718,0.632178366,0.410301447,0.000927261426,0.647227705,0.412293077,-0.000716162089,0.655365884,0.415196925,-0.00266642356,0.660337508,0.417972177,-0.00392741803,0.633518279,0.415248394,-0.00149717729,0.65034306,0.419538885,-0.00208794628,0.658404827,0.423391491,-0.00356793636,0.662169039,0.427253693,-0.00485870335,0.631644905,0.419932693,-0.00431429967,0.648546517,0.425081044,-0.00535938703,0.656052113,0.429156542,-0.00729745254,0.659497678,0.43291682,-0.00876408536,0.627934754,0.424114108,-0.007242864,0.640685439,0.429365456,-0.00797567423,0.64799732,0.433212429,-0.00838609785,0.652833641,0.436609566,-0.00871917605
5200.0000000000055,0.538762748,0.411872178,1.15796137e-008,0.533197761,0.404117823,0.00426859176,0.523430288,0.398348927,0.00560680358,0.515927196,0.394186795,0.00519063137,0.5109272,0.390758753,0.00464127725,0.50070858,0.399629384,0.00816497952,0.484259486,0.397748411,0.00725996308,0.474919111,0.398168564,0.00553320348,0.468346506,0.399647534,0.00451429095,0.496649235,0.403209984,0.00454672,0.47679311,0.40280509,0.00380100869,0.467020482,0.404482245,0.0021647932,0.460296541,0.407020181,0.00126673176,0.494728535,0.407675385,0.000714447582,0.475724041,0.40827772,0.00031275439,0.466338336,0.409903944,-0.000699638913,0.459802806,0.412134,-0.00127555127,0.494414449,0.412709326,-0.00288809557,0.478697389,0.41332835,-0.00239200727,0.470269799,0.41441986,-0.00156005693,0.464099407,0.415918171,-0.000784466858
5200.0000000000055,0.593210518,0.412377775,9.12966271e-008,0.598491728,0.404239416,-0.000453895889,0.608299553,0.400885671,-0.00200590212,0.615773797,0.397729516,-0.00426341174,0.619888663,0.394082606,-0.00691320328,0.629335701,0.408815712,0.00010737712,0.644505,0.410594225,-0.00186322967,0.653271139,0.413145155,-0.00396601297,0.659126163,0.415575445,-0.0053759804,0.631011,0.413377345,-0.00229070173,0.648604929,0.41708073,-0.00338968472,0.657473564,0.420404911,-0.00479002716,0.662685394,0.423855692,-0.005986962,0.629418135,0.418062657,-0.00510533294,0.647402942,0.422641486,-0.00655509112,0.655709445,0.426297396,-0.00817808881,0.660347342,0.429736257,-0.00934910588,0.625848174,0.422478139,-0.00809220225,0.639761627,0.427365482,-0.00890086591,0.647690952,0.430950433,-0.00901323371,0.653332353,0.434125543,-0.00914458651
5216.666666666672,0.536395133,0.41059038,4.3929278e-009,0.53212,0.403254032,0.0036100531,0.523558378,0.397919685,0.00454863906,0.516159058,0.393951505,0.00389732071,0.511091352,0.39058,0.00304869702,0.500159502,0.399813235,0.00693849195,0.484680176,0.397937417,0.00607213797,0.475882202,0.398060381,0.00437451201,0.469237536,0.39912045,0.00315063493,0.495817691,0.403414428,0.0035001447,0.477236718,0.403166145,0.00281782192,0.467593253,0.404545963,0.00114838837,0.460511,0.406654149,-8.35225728e-005,0.493957132,0.407761812,-0.000144790407,0.476074696,0.408322841,-0.000706444902,0.46668911,0.409607649,-0.00186438684,0.45981279,0.411483914,-0.00276240986,0.493941039,0.412575543,-0.00360171637,0.479272217,0.413440794,-0.00353048486,0.470830262,0.414434761,-0.00305575621,0.464233458,0.41577214,-0.00268746889
5216.666666666672,0.592968345,0.412630767,9.47396828e-008,0.597986102,0.404306024,0.000252785685,0.608197629,0.400932223,-0.000703044294,0.61573863,0.397517383,-0.00253418647,0.619756222,0.393865,-0.00484002335,0.628251612,0.408591926,0.00176181481,0.64384526,0.410470039,0.000398854929,0.652724862,0.413105577,-0.00152777846,0.658802867,0.415665805,-0.00286153983,0.629934967,0.413355768,-0.000712597219,0.647486448,0.416389793,-0.000843110145,0.656739414,0.419434398,-0.00212612445,0.662570238,0.422743052,-0.00349061727,0.628683209,0.418149203,-0.00357211498,0.646880865,0.421736479,-0.0041195224,0.655634463,0.425023645,-0.00540101621,0.660903037,0.428253263,-0.00659510912,0.62551266,0.422542,-0.00658523,0.639776766,0.426499665,-0.0068230452,0.648109376,0.429826558,-0.00654690387,0.654056728,0.432711661,-0.00652598403
5233.333333333339,0.533528209,0.411151886,1.07182645e-008,0.529880583,0.403752863,0.00229896046,0.522266924,0.398384154,0.00235890294,0.515351593,0.394596,0.00113457663,0.510087371,0.391421765,-0.000277093903,0.50036639,0.40045616,0.00403042836,0.485083044,0.398619235,0.00210894668,0.47644785,0.398716569,6.7869496e-006,0.47023657,0.39978376,-0.00134159718,0.495794684,0.404049456,0.000939768332,0.477080047,0.403705031,-0.000664666877,0.467528224,0.40508762,-0.00248103868,0.460806698,0.407355607,-0.00364431692,0.493856192,0.408308804,-0.00235955883,0.476155907,0.408726096,-0.00359451678,0.466665715,0.410082132,-0.00477115,0.459673375,0.412145197,-0.00552835176,0.493864268,0.412991405,-0.00553148519,0.479228973,0.413656741,-0.00609859,0.47075671,0.414500564,-0.00581535604,0.464021683,0.415731519,-0.00545500778
5233.333333333339,0.594077,0.41244483,8.71535e-008,0.599508464,0.404662192,0.00205007,0.609656,0.401932836,0.0019695519,0.617034495,0.399046302,0.000711593369,0.621148109,0.395866454,-0.00106413,0.629093766,0.409470797,0.00359625905,0.644848585,0.411253095,0.00292497757,0.653736532,0.413517654,0.00164712779,0.659614921,0.415812492,0.000803925737,0.630991399,0.414045334,0.000477769179,0.648866057,0.41723451,0.000887842965,0.657974,0.420213103,-0.000141315992,0.663332164,0.423449785,-0.00118363625,0.629930437,0.418751866,-0.00283327466,0.647821307,0.422699064,-0.0027686595,0.656302929,0.426146656,-0.00388476532,0.661330581,0.429447353,-0.00499000121,0.626695395,0.423137158,-0.00612423383,0.640494823,0.427267104,-0.00576123875,0.648344159,0.430493832,-0.00507748,0.653919399,0.433202833,-0.00474184798
5250.000000000006,0.531569064,0.41233331,4.79387374e-009,0.528433919,0.405019194,0.00171781168,0.519545615,0.399531633,0.00199355045,0.511817873,0.395733118,0.0012330052,0.507287502,0.392782301,0.00026856616,0.499577254,0.40145576,0.00248951279,0.484727412,0.399613827,0.000585813483,0.475860417,0.399663031,-0.00133458746,0.469122022,0.400614262,-0.00269827223,0.494953603,0.405153781,-0.000250138197,0.477208674,0.404867262,-0.00222614291,0.467343539,0.406312078,-0.00401165523,0.459904,0.408619583,-0.00513410661,0.492821604,0.409421027,-0.00310499757,0.47583124,0.409818113,-0.00469345646,0.466430575,0.411140203,-0.00580859184,0.4591932,0.413141817,-0.00650658784,0.492732525,0.413935244,-0.00587148266,0.478855044,0.414597601,-0.00684749708,0.470618427,0.41541031,-0.00673813373,0.464201212,0.416541845,-0.00646920269
5250.000000000006,0.596447647,0.413555175,6.89672461e-008,0.6023646,0.406015098,0.00249951659,0.612298787,0.403636515,0.00282573421,0.61988014,0.400986135,0.00189315493,0.624357462,0.397904754,0.00049662427,0.630557597,0.411875188,0.00457806839,0.646574616,0.41308108,0.00427644188,0.655033469,0.415006936,0.00329141249,0.660553396,0.417096227,0.00267499709,0.632429898,0.416432947,0.00145165506,0.650263727,0.419129699,0.00214068987,0.659079552,0.421766311,0.00122382457,0.664121926,0.424663603,0.000270346529,0.631466806,0.420931816,-0.00188311283,0.648945451,0.424485,-0.00145530526,0.657404959,0.427445084,-0.0025601713,0.662524879,0.430250019,-0.003687185,0.628627777,0.425034523,-0.00516710617,0.642087579,0.428893775,-0.00448341,0.650009513,0.431890428,-0.00386052974,0.655771554,0.43437168,-0.0036012053
5266.666666666673,0.526926517,0.413367599,1.77974062e-008,0.524275064,0.40573594,0.0013796835,0.515132964,0.400239766,0.00179074286,0.506584525,0.396328121,0.00134046318,0.501793563,0.39308092,0.000828959572,0.495654583,0.402955204,0.00324234273,0.481504619,0.401565284,0.00222662208,0.472865671,0.401632726,0.000766559504,0.466228902,0.402518839,-0.000386029482,0.490833044,0.406952,0.00116452796,0.474683,0.406844705,0.000141771918,0.465939671,0.40777874,-0.00120961538,0.458982676,0.409244627,-0.00219055638,0.488505721,0.411247224,-0.00105840154,0.47303617,0.411442608,-0.00197830028,0.464869887,0.412240952,-0.00287759351,0.458617091,0.413600683,-0.00355156208,0.487875253,0.4154948,-0.00322328694,0.475111663,0.415964,-0.00372961094,0.467434794,0.416600317,-0.0035518785,0.461630076,0.417622089,-0.00329429749
5266.666666666673,0.598487377,0.416084439,5.24463637e-008,0.605299652,0.408585876,0.000338879065,0.615772963,0.405990452,-0.000514381332,0.624449313,0.403707415,-0.00221662386,0.629108906,0.400566578,-0.00428073481,0.632468343,0.414628863,0.00151261175,0.647632837,0.415443,-0.000165630452,0.655835748,0.416834772,-0.00200316985,0.66152,0.418435723,-0.00321410247,0.633749306,0.419374,-0.00103472336,0.650749803,0.421711206,-0.00172067573,0.659527123,0.42405352,-0.00306967762,0.665105164,0.426678628,-0.00425072107,0.632325828,0.423802078,-0.00393201457,0.648988068,0.426858664,-0.00483085588,0.657421708,0.429520696,-0.00602043467,0.663125694,0.432118237,-0.00701889209,0.629258573,0.427724183,-0.0069487649,0.64239645,0.430990964,-0.0072279037,0.650365293,0.433508635,-0.00681085885,0.656615496,0.435625196,-0.00662554894
5283.33333333334,0.600444734,0.419478983,5.5338031e-008,0.607244253,0.411778331,-0.00181623199,0.618202031,0.408419609,-0.00383753516,0.627893,0.405867159,-0.00617848383,0.633509159,0.402437866,-0.00874505471,0.633900642,0.417276233,-0.00183947338,0.649358451,0.417955309,-0.00456500705,0.657035112,0.419628203,-0.00678159716,0.66196686,0.421564519,-0.00805715378,0.634885132,0.422695428,-0.00328057935,0.651505232,0.424892515,-0.00500158593,0.65976125,0.427243233,-0.00665206648,0.664577067,0.429897875,-0.00785866659,0.633456767,0.427348018,-0.00510889059,0.649336636,0.429852396,-0.00664544106,0.657389522,0.432046384,-0.00791147817,0.662701309,0.434371084,-0.00879658479,0.630661607,0.431149364,-0.00715796649,0.643820405,0.433689505,-0.00802043639,0.651886344,0.435529858,-0.00790591538,0.658207595,0.437236488,-0.00776128098
5300.000000000007,0.60248816,0.421263903,6.9174142e-008,0.609575152,0.413766623,-0.00301214331,0.620653152,0.410548449,-0.00599159067,0.630860567,0.408396572,-0.00898135919,0.637185872,0.404960036,-0.012093937,0.636812806,0.419306129,-0.00462715421,0.65293324,0.420506477,-0.00859234761,0.660146058,0.422949582,-0.0114379879,0.664062619,0.425588697,-0.0129644638,0.636696041,0.424984485,-0.00581434416,0.652871668,0.427799493,-0.00869995728,0.660387278,0.430529505,-0.0108007882,0.664197206,0.433328092,-0.0122040827,0.634177625,0.429831654,-0.00740520284,0.64926815,0.43298164,-0.00991383195,0.656533062,0.435649216,-0.0113506056,0.660601139,0.438253462,-0.0122542288,0.63049072,0.433736503,-0.0092752343,0.643086135,0.43665427,-0.0110475821,0.650940537,0.4387,-0.0113136638,0.657109916,0.440691859,-0.0113391969
5316.666666666674,0.603203535,0.422584414,7.63632357e-008,0.611021519,0.415324658,-0.00214896956,0.622442,0.412593782,-0.00486449106,0.632641613,0.410762101,-0.00779742142,0.639865,0.407628536,-0.0108883269,0.639430821,0.422610044,-0.00278846384,0.653529406,0.425389111,-0.00552201085,0.660385966,0.428052664,-0.00783915445,0.664453268,0.430602908,-0.00938090123,0.63843286,0.42774263,-0.00455668196,0.653339684,0.431599498,-0.00658450974,0.660012841,0.434805721,-0.00828971248,0.663645327,0.437923461,-0.00960151292,0.63497144,0.432445228,-0.00671896245,0.650303721,0.437058419,-0.00916598458,0.657074153,0.440951139,-0.0104801273,0.660638154,0.444431275,-0.0113378325,0.629773736,0.436437219,-0.00909910351,0.641836941,0.441138357,-0.0111006228,0.648313165,0.44475323,-0.0113200201,0.652747691,0.447910815,-0.011288939
5333.333333333341,0.602670133,0.424691528,8.62967724e-008,0.611927092,0.417746484,-0.00158827135,0.6240592,0.415647984,-0.00423339615,0.634575784,0.41408509,-0.00719124498,0.642154157,0.411085874,-0.010373936,0.640182674,0.426130593,-0.00291805388,0.654827178,0.429673284,-0.00556714972,0.661481142,0.432929605,-0.00778836478,0.664648592,0.435921967,-0.00922020525,0.638402104,0.431207508,-0.00497733057,0.653701425,0.43621996,-0.00683206692,0.659840345,0.440185279,-0.00849469937,0.661991835,0.443751633,-0.00979160611,0.633783102,0.435851306,-0.00731755048,0.649353862,0.441796958,-0.00954342447,0.654754341,0.446207225,-0.0110022062,0.656618118,0.449801981,-0.0120920781,0.627316594,0.439798653,-0.00978364144,0.638451695,0.445732862,-0.0116083585,0.643904507,0.449867338,-0.0118706208,0.647327662,0.453235716,-0.0119349314
5350.000000000008,0.548668206,0.430063486,-8.69407231e-008,0.531139255,0.418235838,0.00702721067,0.505166411,0.413050234,0.0119489226,0.489911765,0.410957158,0.0145958215,0.478166699,0.41020292,0.0172048584,0.477037489,0.412394285,0.0159538109,0.464966595,0.4176431,0.0169048384,0.46500814,0.422247916,0.0148959188,0.466519058,0.424151838,0.0134568745,0.469673455,0.421492964,0.0118380282,0.455875576,0.428552,0.0139556564,0.462850064,0.432886899,0.0136843128,0.470893562,0.433512628,0.0139184967,0.467827469,0.432796806,0.00760403555,0.456086814,0.4386608,0.00883081462,0.464817107,0.441900343,0.00985597353,0.473237306,0.441677809,0.0104723992,0.4704898,0.444460154,0.00377471629,0.466421932,0.449933946,0.00435685785,0.474904299,0.451508641,0.00683211628,0.482341051,0.450368553,0.00949624833
5350.000000000008,0.603265107,0.426983923,8.99778598e-008,0.613831222,0.421310306,-0.00185913721,0.625832558,0.419819474,-0.00498528639,0.636320889,0.418477774,-0.00848964695,0.644443,0.415754378,-0.0122316536,0.640374,0.430374771,-0.00400036806,0.654978454,0.434576571,-0.00761473598,0.661240637,0.438307196,-0.0104377316,0.663904905,0.441697091,-0.0122095169,0.637822092,0.435233831,-0.00623661559,0.652593553,0.441216946,-0.00927567948,0.657829642,0.445676446,-0.0116599984,0.658921719,0.449537486,-0.0132607426,0.632530451,0.439587265,-0.00873344392,0.646936655,0.446594745,-0.0117166406,0.651581943,0.45137307,-0.0135247773,0.652750075,0.455199271,-0.0147329252,0.625263393,0.44316867,-0.0113630798,0.63476938,0.449684799,-0.0138053764,0.639557362,0.454158217,-0.0144093437,0.642534256,0.457969546,-0.0146259274
5366.666666666675,0.544271648,0.429335475,-9.99030405e-008,0.524331272,0.417761683,0.0093150232,0.497403294,0.415102869,0.0144173698,0.482188135,0.415338069,0.0165460594,0.472402424,0.415846378,0.0183426347,0.468883544,0.414432615,0.0166737754,0.451400548,0.424032509,0.0176859088,0.455484062,0.429703,0.0164974816,0.462328076,0.430333942,0.0156692732,0.464253783,0.423506737,0.0112560662,0.4489654,0.434273362,0.0139222695,0.459282577,0.439192802,0.0144943604,0.470148474,0.437932789,0.0150548853,0.465445697,0.434121698,0.0058248681,0.456463873,0.443705291,0.00747575331,0.468596518,0.447146446,0.00862376764,0.478687823,0.444678575,0.0090590734,0.470574677,0.445004791,0.000870774151,0.469045401,0.452456772,0.00153180526,0.479952723,0.454425246,0.00351658277,0.488586187,0.452463448,0.00568033895
5366.666666666675,0.604447484,0.429512262,1.03567714e-007,0.615769267,0.424582183,-0.00250812015,0.626988947,0.423551947,-0.00635732152,0.63662833,0.42263028,-0.0104390495,0.644802868,0.420722663,-0.0147800809,0.642353654,0.434026122,-0.0061168829,0.656668067,0.439442366,-0.0107285604,0.661060631,0.443917572,-0.0141397025,0.661410213,0.447648138,-0.0161224306,0.638593554,0.438958943,-0.00809890218,0.652106464,0.446189,-0.0119577339,0.655355215,0.45124352,-0.0148139931,0.654449403,0.455211282,-0.0166611113,0.632125378,0.443129897,-0.0102973413,0.644759893,0.451178432,-0.0134018622,0.647681773,0.456327647,-0.015328248,0.647387385,0.460213691,-0.0166681949,0.623854816,0.446474046,-0.0126712434,0.632047832,0.453493297,-0.0149277495,0.635629892,0.45811075,-0.0154308127,0.637560904,0.461999089,-0.0155716026
5383.333333333342,0.547445357,0.431972414,-1.36759795e-007,0.523426294,0.419971079,0.00811747834,0.495972484,0.41850093,0.0114886221,0.476377845,0.422659248,0.0122117791,0.463679761,0.428773105,0.0127871949,0.473702192,0.414819807,0.012076675,0.456880897,0.427705169,0.00898247398,0.465798855,0.431213498,0.00517276255,0.475278437,0.429702967,0.00285273418,0.468616962,0.423280448,0.00583585398,0.451918274,0.434634566,0.00463891821,0.463033825,0.437972039,0.00323808892,0.474766135,0.435700864,0.00260083145,0.468809247,0.43430981,-0.000444628415,0.456156552,0.443586946,-0.00164616457,0.468806297,0.445869207,0.000193934538,0.478776574,0.442712277,0.00114785798,0.473052144,0.446349353,-0.00630784361,0.470068753,0.453343362,-0.00818194821,0.481837451,0.454244316,-0.00588798756,0.489265412,0.451655716,-0.00333855534
5383.333333333342,0.604536533,0.433391035,8.28016695e-008,0.615772843,0.427887559,-0.00312713208,0.627515078,0.426484108,-0.00687683327,0.637486,0.425538719,-0.0107958037,0.645460546,0.423570275,-0.0149533292,0.641400278,0.43793577,-0.0060677412,0.65456748,0.442339897,-0.0105360122,0.658395171,0.446052194,-0.0138943112,0.658699,0.449317396,-0.0160195902,0.637370288,0.443347275,-0.00790168718,0.649159849,0.449891984,-0.0120124016,0.651487052,0.454332799,-0.0151095483,0.65033716,0.458059877,-0.0171421692,0.630616605,0.447608143,-0.0100765256,0.641267061,0.455382198,-0.014326713,0.643428683,0.460460246,-0.0170253441,0.64282918,0.464518666,-0.0186667107,0.622263253,0.450796664,-0.0123843197,0.628852189,0.458027244,-0.0158839189,0.631755054,0.462910891,-0.0171738435,0.633429289,0.467286587,-0.0177772567
5400.000000000009,0.548677266,0.431968182,-5.77090766e-008,0.523485541,0.420007616,0.00338796573,0.493001968,0.419588327,0.00357626309,0.476745576,0.427484304,0.00214210572,0.470771223,0.437019438,0.000201683695,0.468955129,0.418418437,0.00196786341,0.451249301,0.434387505,-0.00336142746,0.459469646,0.438634127,-0.00761702796,0.467447311,0.436630487,-0.0102164308,0.47070992,0.42850098,-0.00297634234,0.452771783,0.442252934,-0.00686638337,0.463051885,0.444779307,-0.00787251,0.474241644,0.441367656,-0.00793006,0.477629066,0.439917743,-0.00786660425,0.466877043,0.451420337,-0.0121763032,0.477636546,0.451535285,-0.010669536,0.486325026,0.446313977,-0.00912570953,0.487900466,0.451009899,-0.0125418436,0.484463274,0.457322508,-0.016276449,0.494986504,0.455960721,-0.0138436072,0.502444506,0.451822072,-0.0108691324
5400.000000000009,0.605031669,0.43635717,8.30520648e-008,0.615889609,0.431001455,-0.0050885817,0.628533661,0.428942174,-0.00974789634,0.639730752,0.427751094,-0.014279007,0.648829877,0.425723463,-0.0189275835,0.641519368,0.441012591,-0.00740889227,0.654355943,0.445475429,-0.013040619,0.65714854,0.448741317,-0.0173827223,0.655951679,0.45150584,-0.0201172642,0.637068212,0.446713597,-0.00874982867,0.647019446,0.453233093,-0.0140184583,0.648251772,0.457914859,-0.0180046,0.646294832,0.461814106,-0.0206521563,0.629825771,0.451024115,-0.0106804194,0.638133883,0.45856449,-0.0159897041,0.639455795,0.463880539,-0.0193430912,0.638408,0.468162,-0.021448642,0.620814621,0.454046547,-0.0128947049,0.626028955,0.461083651,-0.0172317605,0.628362119,0.465829968,-0.0188666098,0.629536271,0.470122486,-0.019706592
5416.666666666676,0.549618423,0.431945771,-1.1312185e-007,0.523672581,0.420327872,0.00284996233,0.492595553,0.419631124,0.00244035316,0.47383076,0.427387208,0.00064440089,0.468201876,0.437275708,-0.00162827596,0.471107215,0.416273534,-0.000700939,0.453948,0.432818681,-0.00773954764,0.462230146,0.437058598,-0.0125826653,0.470712066,0.434751302,-0.0154043855,0.472053081,0.426075757,-0.0057558869,0.453797162,0.44194746,-0.0114805205,0.464897871,0.445105731,-0.01289046,0.476183236,0.441120118,-0.01318652,0.478590131,0.437661469,-0.0107862568,0.466418445,0.451598644,-0.0163751971,0.478253931,0.452250212,-0.014424786,0.486865401,0.446578741,-0.0126417251,0.488989681,0.449166417,-0.0156046022,0.485078394,0.457924068,-0.0207374748,0.49523586,0.457251102,-0.0186258294,0.502240956,0.452954948,-0.0158608519
5416.666666666676,0.60416007,0.438260466,5.40892806e-008,0.61581856,0.433063179,-0.0054878341,0.629251957,0.430850834,-0.0107515138,0.641316772,0.429442406,-0.0160276257,0.651530266,0.427217811,-0.0210272726,0.640834749,0.443673819,-0.0078443205,0.655743718,0.44904691,-0.015219029,0.654334128,0.450818688,-0.0204818696,0.648263097,0.451069385,-0.0230822098,0.635820746,0.449366271,-0.00902264193,0.645784855,0.456112862,-0.0146065103,0.645492733,0.460559577,-0.0184826069,0.642408788,0.463721246,-0.0210080128,0.628212154,0.453549445,-0.011098966,0.636040747,0.460689932,-0.0165334754,0.637306392,0.465886921,-0.0196241122,0.636395931,0.4698717,-0.0214701612,0.619378746,0.456494451,-0.0135422926,0.623867214,0.463798851,-0.0179021265,0.625701904,0.468814611,-0.0194751564,0.626524329,0.473247111,-0.020187797
5433.333333333343,0.549543,0.431060374,-7.78252272e-008,0.523082614,0.41911298,0.00306138489,0.491637,0.417876333,0.00299321953,0.472712815,0.425069839,0.00128054654,0.46642074,0.43488878,-0.00127347501,0.468179286,0.417965233,0.00310784555,0.453817636,0.433386415,-0.00188711111,0.463504463,0.436129242,-0.00682009384,0.473483592,0.433484584,-0.00996712,0.470700979,0.427553833,-0.00154371653,0.458635777,0.442256689,-0.00499925064,0.469508976,0.443597913,-0.00811013486,0.480672419,0.439695477,-0.0100316443,0.479265481,0.438519627,-0.00614337,0.468969852,0.451164126,-0.0104545802,0.480022669,0.450909227,-0.010125801,0.488755196,0.446084529,-0.00959064625,0.491294593,0.449114114,-0.0103581464,0.485692114,0.458210409,-0.0146092633,0.495460659,0.45689863,-0.0123295,0.503044724,0.452731878,-0.00935627054
5433.333333333343,0.606038451,0.439986378,2.85214607e-008,0.617787421,0.434437752,-0.00514763687,0.631124377,0.431914836,-0.010321727,0.643533707,0.430703461,-0.0156167392,0.653941095,0.42819196,-0.0207095072,0.640525341,0.445043474,-0.00737272436,0.654687166,0.450262874,-0.0143243819,0.652465165,0.451518,-0.0195119679,0.645294607,0.451501936,-0.0222309772,0.635441899,0.450709224,-0.00874408893,0.645470858,0.457882017,-0.0138336448,0.644338727,0.461685181,-0.0176600516,0.639786839,0.464260697,-0.0203846674,0.627895057,0.454827726,-0.010930487,0.63574332,0.462399721,-0.0157797188,0.636562765,0.467375636,-0.0189010333,0.634705305,0.471210867,-0.0210744794,0.619090259,0.457691669,-0.0134834852,0.623339057,0.465030521,-0.0173242241,0.62463975,0.469955713,-0.0188938379,0.624545455,0.474410772,-0.019910207
5450.00000000001,0.607175291,0.441335291,3.88895804e-010,0.618864894,0.435865462,-0.00554190343,0.632269919,0.43280226,-0.0107653961,0.644682407,0.431047469,-0.016198419,0.655119658,0.428336948,-0.021319503,0.640174091,0.445856452,-0.00674814684,0.653655529,0.450921744,-0.0143219633,0.651996732,0.450720131,-0.0200933944,0.645378113,0.449405283,-0.023091428,0.635148823,0.451197296,-0.00801449921,0.644694865,0.457552522,-0.0138939479,0.643501639,0.460315555,-0.0180166494,0.638801873,0.462289065,-0.020714283,0.627784431,0.455384076,-0.0102748824,0.635227,0.462328017,-0.0156214619,0.636149,0.46675092,-0.018658597,0.634223938,0.470340431,-0.0205478892,0.619065344,0.458438456,-0.0130229928,0.623136699,0.465352416,-0.0170464534,0.624613643,0.469967425,-0.0185986646,0.624741614,0.474337548,-0.0195062589
5466.666666666677,0.607799053,0.441904455,-3.20347526e-010,0.619855642,0.435762793,-0.00494587515,0.63321358,0.432252645,-0.00962267909,0.645811141,0.43037194,-0.0145155992,0.656041205,0.427731663,-0.0192337036,0.641380429,0.445833087,-0.00533616962,0.652864456,0.450024337,-0.0108926753,0.651346505,0.451071858,-0.0155067872,0.646018326,0.451184422,-0.0182938352,0.6360659,0.451405466,-0.00650065066,0.644321501,0.457031488,-0.0107797319,0.642936349,0.460031241,-0.014361633,0.638461351,0.462288946,-0.0171458349,0.628808379,0.455706686,-0.00845662411,0.635343313,0.461953491,-0.0127739608,0.635849178,0.466080308,-0.0156512614,0.633564174,0.469407439,-0.0177426506,0.620287299,0.45881319,-0.0108422302,0.623898506,0.465254635,-0.0144209526,0.625139117,0.469561905,-0.0159206167,0.624891579,0.473660737,-0.0169096272
5483.333333333344,0.60616374,0.442085147,-3.62487018e-009,0.619741619,0.434913903,-0.00272924197,0.634523451,0.431161642,-0.00579639198,0.64770633,0.429435879,-0.00933529716,0.658041418,0.427183896,-0.0127643943,0.642430544,0.444397688,-0.00105253432,0.65216279,0.447958559,-0.00401660241,0.65124315,0.449892491,-0.00734374626,0.647379637,0.451077074,-0.00974219386,0.6371243,0.450293928,-0.0026607071,0.644606,0.455747366,-0.00439995807,0.6434021,0.458922297,-0.0071637528,0.639428139,0.461665124,-0.00982666761,0.63002795,0.454931468,-0.00484558567,0.635999799,0.461161405,-0.00713479845,0.636185229,0.465341687,-0.00955423806,0.633623302,0.468809277,-0.0117575796,0.62161231,0.45843035,-0.00732423505,0.624878466,0.464473814,-0.00928956,0.625619173,0.468523353,-0.0100817773,0.624654472,0.472309768,-0.0108303204
5500.000000000011,0.609383762,0.441153,2.17008225e-008,0.620651364,0.433538407,-0.00493214047,0.634786785,0.429232299,-0.00816058554,0.647363544,0.427374333,-0.0115021393,0.657880723,0.425586283,-0.0147920754,0.642555237,0.442078501,-0.00161502429,0.64912,0.44543767,-0.00431376789,0.65010792,0.448266685,-0.00772743346,0.649799645,0.451020896,-0.0105170114,0.637647152,0.448380917,-0.00240127067,0.643478811,0.453554451,-0.00449591503,0.642951667,0.45737651,-0.00749535905,0.640208185,0.461150676,-0.0103482828,0.631253302,0.453313917,-0.0039949785,0.636191726,0.459308207,-0.00737363659,0.636351705,0.46357131,-0.0098028807,0.634246707,0.467490822,-0.0117276423,0.623044968,0.456883252,-0.00608652551,0.62632072,0.462518901,-0.00910452,0.626965344,0.466496,-0.0100307735,0.626077235,0.470395744,-0.0107345069
5516.666666666678,0.543194532,0.430696756,-9.16241802e-008,0.527119,0.416127563,0.00282653188,0.501953602,0.412558436,0.00666580815,0.481035084,0.412602127,0.00875438098,0.4671911,0.410642147,0.0103253983,0.480928659,0.41721639,0.0135849025,0.463929057,0.424848557,0.0125846993,0.466286033,0.431464702,0.0091493614,0.472635865,0.433511972,0.00707222195,0.477350712,0.426100612,0.0120785795,0.463279396,0.432650745,0.0126776593,0.469990164,0.437591553,0.0100869583,0.479303926,0.437442541,0.00868942402,0.479177177,0.436047792,0.00990210287,0.46635443,0.441307932,0.00902076624,0.473129958,0.445076585,0.00853433739,0.481945366,0.444369555,0.00847690087,0.485266656,0.446451306,0.00798584428,0.476384878,0.451262444,0.00689513842,0.482643455,0.453384131,0.00868890248,0.490129322,0.45240429,0.011037604
5516.666666666678,0.610929966,0.438358247,1.56989159e-008,0.622008741,0.4312419,-0.00517112436,0.636011243,0.427392453,-0.00873217918,0.64811033,0.425567806,-0.012401239,0.658035815,0.423500061,-0.0159408934,0.643998444,0.439964324,-0.00300228829,0.650670648,0.443469703,-0.00675288728,0.651574254,0.446322799,-0.010775161,0.650514364,0.448910356,-0.0137838693,0.639188468,0.446344733,-0.00379279768,0.644972324,0.450923949,-0.00673069,0.644618869,0.454536319,-0.0098782042,0.641702712,0.457855642,-0.0126809031,0.632789373,0.451394022,-0.00538179092,0.63792336,0.456738502,-0.00946910493,0.637990952,0.460796446,-0.0117280129,0.63561523,0.464408368,-0.0133576402,0.62435,0.45509842,-0.00748177851,0.628043413,0.460573554,-0.0112426439,0.628675,0.464455664,-0.0122230481,0.627610326,0.468210131,-0.0127650369
5533.333333333345,0.542583525,0.429431289,-1.15767222e-007,0.53055954,0.413299233,0.00371733168,0.507566452,0.409084,0.0090009449,0.48672834,0.409105837,0.012409199,0.473535806,0.406800479,0.0158087425,0.480947584,0.414050043,0.0188477617,0.467351854,0.418470919,0.0193765536,0.473920166,0.422438592,0.0160784479,0.482207507,0.423649222,0.0141810346,0.473698676,0.42255336,0.0178850032,0.462732732,0.426808,0.019782804,0.472668052,0.430159837,0.016765954,0.483591467,0.430275291,0.0151865249,0.471147865,0.432227,0.0161313545,0.461708128,0.435375899,0.0169350766,0.471731961,0.438423336,0.0162019972,0.483083904,0.438701838,0.0160397757,0.472754866,0.442136616,0.0145735173,0.463802069,0.444348127,0.0155498143,0.471306443,0.447032958,0.0176610984,0.480657399,0.447688192,0.0202503074
5533.333333333345,0.613975823,0.436374307,3.17725046e-008,0.623805463,0.429437727,-0.0067306608,0.636949658,0.425074,-0.0115280934,0.649056077,0.423247486,-0.0160258096,0.659624696,0.421328872,-0.0203812942,0.645454,0.437890172,-0.00626214733,0.652029455,0.442023456,-0.0106324721,0.652992785,0.445196211,-0.0146982204,0.652113438,0.448090136,-0.0177942049,0.640500844,0.444111437,-0.00656215334,0.646458209,0.449000984,-0.0102271223,0.646152675,0.452881068,-0.0133773163,0.643324435,0.456413925,-0.0162817799,0.634093463,0.448870689,-0.00769000174,0.639355183,0.454437,-0.0124655915,0.639313519,0.45860365,-0.0147148985,0.636928,0.462267756,-0.0164118726,0.625878334,0.452349693,-0.00939531531,0.629553795,0.457719654,-0.0138406539,0.630258858,0.461707592,-0.0150720431,0.629314661,0.465498924,-0.0158436075
5550.000000000012,0.54112339,0.42607522,-1.28553012e-007,0.529141665,0.412246674,0.00637558801,0.506978929,0.408483595,0.0115074478,0.487588495,0.40721035,0.0146196624,0.474188656,0.404738963,0.0172419399,0.473204345,0.413855344,0.0177030396,0.469637394,0.418576598,0.0181798972,0.480274647,0.421417385,0.0139615173,0.490617305,0.421245933,0.0111564519,0.465685219,0.422300637,0.0150798438,0.466213405,0.425976723,0.0176770091,0.478339195,0.428590029,0.0144377518,0.490871757,0.427666157,0.0120892767,0.465166152,0.432110101,0.012256383,0.46674946,0.434497118,0.0130654387,0.478360921,0.436495,0.0116664935,0.490783662,0.435427397,0.0106124543,0.469716787,0.441927075,0.00984844,0.471975416,0.444337696,0.00982372463,0.482079327,0.44563958,0.0109721562,0.49255985,0.444803625,0.0128528867
5550.000000000012,0.614092946,0.433422089,3.68322048e-008,0.624800563,0.426478595,-0.00666517299,0.638275266,0.422053546,-0.0112621384,0.649960637,0.420589119,-0.0155209526,0.659767091,0.418827295,-0.0196579155,0.645930469,0.435643464,-0.00586853176,0.652293682,0.44027108,-0.0101232538,0.653318346,0.443775684,-0.0142161781,0.652605474,0.446742713,-0.0173703749,0.640847325,0.441610247,-0.00608759839,0.647183418,0.446688443,-0.00983948167,0.647227645,0.450643897,-0.0130871749,0.644603789,0.454056054,-0.0159880295,0.634501,0.446118087,-0.00718610315,0.640314341,0.451637119,-0.011748624,0.64071238,0.455705,-0.0141594596,0.638426423,0.459191531,-0.0159650501,0.626395047,0.449407905,-0.00888462085,0.630339,0.454622895,-0.013157011,0.631281734,0.458455563,-0.0145790614,0.630399764,0.462025732,-0.015498166
5566.666666666679,0.539861143,0.426454931,-1.26734605e-007,0.531164348,0.411183327,0.00506480224,0.509292781,0.406856477,0.0108149434,0.489903152,0.406365722,0.01461499,0.476113319,0.40458551,0.0186179187,0.479737073,0.411264032,0.0209632684,0.470359862,0.416381657,0.0224163309,0.479818404,0.419742078,0.0195304584,0.489049613,0.42040512,0.0177993588,0.470806569,0.419429481,0.0191087723,0.465160966,0.423993111,0.0225713663,0.476194739,0.426814675,0.0198224187,0.486302286,0.42658478,0.0181248,0.467622161,0.429147482,0.0165184494,0.463518918,0.432295978,0.0183550194,0.474149853,0.434793204,0.0174544603,0.484039396,0.434558421,0.0168438889,0.468712211,0.439117312,0.0141594699,0.465934634,0.441827506,0.0163185243,0.475202411,0.443827361,0.0185877532,0.48385635,0.444014311,0.0209567863
5566.666666666679,0.615537465,0.430112451,3.10990771e-008,0.625898957,0.422511846,-0.00628083292,0.639501691,0.418533176,-0.00977573544,0.651319861,0.417850077,-0.0131144579,0.660434842,0.415998578,-0.0165491011,0.646310508,0.432176203,-0.00381306163,0.653085887,0.436335832,-0.00730199181,0.654075086,0.439766943,-0.011151039,0.653218627,0.442929536,-0.0142973522,0.642172217,0.438454241,-0.00398314418,0.648838162,0.443620563,-0.00722648576,0.648388565,0.447545707,-0.010857163,0.645165324,0.451274484,-0.0141050825,0.636538,0.443258375,-0.00506251305,0.642239928,0.449128568,-0.00944899488,0.641950428,0.453346133,-0.0126603376,0.639097035,0.457124382,-0.0150906323,0.628903508,0.446757615,-0.00670658285,0.632667,0.452190727,-0.010778252,0.632881284,0.456047475,-0.0126549518,0.631443262,0.459786981,-0.0140709914
5583.333333333346,0.53689605,0.425083905,-7.85636161e-008,0.528152823,0.410505533,-4.19220596e-005,0.507941842,0.40540725,0.00162712822,0.489848,0.404620171,0.00250428426,0.476985961,0.403604835,0.00349525851,0.472837985,0.411912054,0.0104828542,0.469678104,0.415165901,0.00803167932,0.481075287,0.417530507,0.00264163245,0.491544753,0.41794315,-0.000772148778,0.465412319,0.420716852,0.0100190425,0.466347873,0.423378795,0.010394848,0.478134066,0.425024748,0.00667611137,0.48859936,0.424101293,0.0040605031,0.465618342,0.430548489,0.00876438,0.466351122,0.43195346,0.00661656773,0.477906466,0.432740808,0.0052388953,0.488058865,0.431520194,0.00472416775,0.47058475,0.439798266,0.00752825662,0.472309947,0.441227198,0.00488389237,0.482981324,0.441297919,0.00580339879,0.49208352,0.440040708,0.00794014242
5583.333333333346,0.616280615,0.426255077,5.46919097e-008,0.62631321,0.41912809,-0.00656660646,0.639338851,0.415629178,-0.010424397,0.650864661,0.41532886,-0.0140763456,0.659846187,0.413500279,-0.01787485,0.648988664,0.430057079,-0.00450439,0.65536046,0.435510933,-0.00842667744,0.656005085,0.439617455,-0.0125180511,0.654491663,0.443272859,-0.0157166142,0.644431353,0.436121166,-0.00466764905,0.650210381,0.442521244,-0.00817706715,0.649286,0.447228104,-0.0119020119,0.645622373,0.451416016,-0.0151382387,0.638459,0.440605283,-0.00576241966,0.643425107,0.447376251,-0.0102728587,0.642652333,0.452024758,-0.013475013,0.639630497,0.45604974,-0.0158248171,0.630479276,0.443846017,-0.00746031571,0.633987784,0.449788749,-0.0115243401,0.633890271,0.453862488,-0.0133002065,0.632466435,0.457643032,-0.0145679181
5600.000000000013,0.535884142,0.423598707,-1.0998027e-007,0.523921609,0.407789737,0.002544838,0.502489805,0.406038046,0.0062968526,0.485258937,0.412075758,0.00880971551,0.475452453,0.418359339,0.0111603644,0.47285676,0.409105688,0.0140214916,0.468248487,0.416773,0.0130982781,0.479218543,0.421163976,0.00884148385,0.489353806,0.421248645,0.00560768554,0.463551491,0.418235,0.0121147027,0.463829696,0.424465388,0.0126638841,0.477187872,0.427674443,0.00908118,0.488127738,0.426100701,0.00684809312,0.462835968,0.428279459,0.00961102,0.464780539,0.43374747,0.00750269601,0.478683114,0.435611457,0.00548074255,0.488252342,0.433435827,0.00461344747,0.467253655,0.438536465,0.00731170177,0.472475111,0.443769,0.00390968146,0.484802365,0.444573581,0.00361097464,0.493558198,0.44261831,0.00490126619
5600.000000000013,0.603,0.425898939,-2.41942089e-009,0.618061185,0.4162274,-0.005783848,0.633829713,0.41208154,-0.00869929139,0.648090661,0.411930144,-0.0117940418,0.659312963,0.410144299,-0.0146192117,0.647017121,0.422275305,-0.00163861539,0.652989149,0.42817229,-0.00842329115,0.65402782,0.433077812,-0.0154862497,0.653527498,0.436821908,-0.0202179626,0.643511713,0.430151731,-0.0026621928,0.649865746,0.437243223,-0.00868621748,0.649921417,0.441102713,-0.014660527,0.648232698,0.443583697,-0.0189953372,0.637405515,0.436876804,-0.00474166544,0.644222,0.444157064,-0.0115943765,0.644301414,0.447480947,-0.0143457456,0.642803133,0.449387908,-0.0154646523,0.628868163,0.442869484,-0.00742047746,0.635145068,0.449641436,-0.0120141599,0.63651377,0.452041477,-0.0124349175,0.636601686,0.453343391,-0.0121740643
5616.66666666668,0.534459233,0.422730237,-1.50219179e-007,0.527315855,0.407783359,0.00418265909,0.509891272,0.402937829,0.00851915311,0.494823486,0.401713789,0.0109754056,0.484701812,0.397848904,0.0135599095,0.475215882,0.408735663,0.0201383661,0.475909293,0.412050694,0.0196423102,0.490084678,0.414263159,0.0145717068,0.50342989,0.414103717,0.0111809354,0.465916634,0.417723566,0.018052252,0.469094783,0.421534121,0.019746976,0.484153777,0.424176723,0.0154128447,0.496668398,0.423091322,0.0126630533,0.464260906,0.427730739,0.0150768859,0.467535704,0.430995256,0.0142131392,0.481708318,0.432989419,0.0125382273,0.493481457,0.431415915,0.0119122108,0.46857512,0.436658859,0.0122676427,0.472103477,0.44098556,0.011375227,0.484116465,0.442546248,0.0125578484,0.493964761,0.441602528,0.0146468179
5616.66666666668,0.60889107,0.424167365,8.08458e-008,0.623339,0.415914387,-0.00309514464,0.636406124,0.411066294,-0.00520503428,0.648143649,0.409659743,-0.00807637628,0.657082438,0.407443643,-0.0110340854,0.649794638,0.42144829,0.00298097567,0.657571137,0.427005619,-0.000601782056,0.656967938,0.433689535,-0.00605515623,0.653010905,0.439470351,-0.00986166,0.646831036,0.428090364,0.00165753835,0.653443635,0.434386104,-0.000687547086,0.65316993,0.440731972,-0.00597695354,0.649251699,0.446198672,-0.0101745473,0.641184628,0.433748245,-0.00054746255,0.648206472,0.440465301,-0.0028650153,0.648447,0.445954263,-0.00623449869,0.645058692,0.450551838,-0.0087718172,0.632460237,0.438738823,-0.00327729667,0.637831926,0.444563,-0.00394055853,0.639076412,0.448291451,-0.00404509483,0.637982488,0.45162639,-0.00418484397
5633.333333333347,0.537271261,0.420500368,-1.5172634e-007,0.527550757,0.405494779,0.0015900518,0.507441521,0.401400387,0.00443027,0.487682,0.405668855,0.00631347345,0.475773782,0.412202895,0.00822068937,0.477354616,0.404903024,0.0129967192,0.475884438,0.409084469,0.0104684271,0.489943892,0.412351429,0.0051086843,0.504280329,0.412946731,0.00194966665,0.466614187,0.414487064,0.0120188938,0.468652517,0.418220669,0.0121316267,0.483661711,0.421331465,0.0082265893,0.497402042,0.420258582,0.00603074487,0.464312971,0.42515111,0.0103452951,0.4661704,0.428259164,0.00874736346,0.480746329,0.430271387,0.00737649668,0.493071795,0.428262,0.00692783343,0.467999458,0.435222864,0.00881449226,0.471197963,0.439090401,0.0068180915,0.483898699,0.440370768,0.00771257607,0.494471192,0.438549161,0.00986790191
5633.333333333347,0.615335,0.418576866,5.19806811e-008,0.625386238,0.411878914,-0.00414773216,0.63689,0.408256799,-0.00683995429,0.646635413,0.406576037,-0.0100792684,0.653687537,0.403872281,-0.0135151288,0.651177526,0.420973122,-0.000398676551,0.658284128,0.426776648,-0.00451097032,0.657978415,0.431652546,-0.00940174796,0.655302405,0.43563953,-0.0128198685,0.647801697,0.426856875,-0.00167723128,0.654474139,0.433416694,-0.00495145889,0.654209733,0.4385,-0.00929847,0.651064,0.442862898,-0.0127277095,0.642668486,0.431474626,-0.0038576182,0.649522483,0.438147515,-0.00751332892,0.649923503,0.442902595,-0.010450623,0.647750318,0.446761847,-0.0124788247,0.635181367,0.43497327,-0.00660129869,0.640579164,0.440696806,-0.00931283738,0.641662,0.444754064,-0.0101789283,0.640984535,0.448414624,-0.0106993802
5650.000000000014,0.562352,0.427226275,9.46463672e-008,0.584757388,0.437834024,-0.000691362249,0.608582616,0.442968965,-0.00289927376,0.626752913,0.446894169,-0.00684602,0.641888499,0.445986211,-0.00966126285,0.626217544,0.41752395,0.00783645548,0.647119284,0.426271349,0.000436764327,0.651142478,0.436927915,-0.00749343494,0.646918178,0.445417911,-0.0118859708,0.625979,0.414334953,0.00414833147,0.651483595,0.425843805,-0.00143172592,0.654957891,0.436833233,-0.0075729345,0.650495887,0.444918692,-0.0111345407,0.623547673,0.414161384,-0.000894913392,0.648481905,0.426319152,-0.00531781511,0.652073324,0.436680555,-0.00761863729,0.647982299,0.444325328,-0.00827585254,0.617779851,0.416526288,-0.00646077655,0.636331618,0.426839501,-0.0082079675,0.642031074,0.434401423,-0.00770086749,0.641302109,0.440546244,-0.00646738522
5666.666666666681,0.559103608,0.427972823,1.6034177e-007,0.583487689,0.437871635,0.00205524126,0.608195722,0.441944182,0.00201559509,0.625897825,0.445566565,-0.000499136513,0.640120208,0.444247305,-0.00197664206,0.624074519,0.415048271,0.0141287623,0.643130898,0.423163,0.009686579,0.649491429,0.433217227,0.00290175,0.648413897,0.441140115,-0.00114944868,0.623934746,0.410802364,0.00938552618,0.648072898,0.420159042,0.00652891537,0.654390156,0.430671275,0.000988357933,0.652537644,0.439022809,-0.00249999692,0.621946335,0.409529567,0.00339820259,0.64607358,0.419453084,0.00182503369,0.651570261,0.42941156,-2.36963842e-007,0.650018871,0.43714264,-0.000917336496,0.617564619,0.411346614,-0.0031095976,0.635668933,0.42047143,-0.00233093975,0.641898811,0.427833885,-0.000631095492,0.641996384,0.433950245,0.00104008627
5683.333333333348,0.529565811,0.403146863,-4.6178716e-008,0.522960961,0.398553163,-0.00265394477,0.511525273,0.393559724,-0.00527606672,0.501888514,0.390312642,-0.00807669,0.494475812,0.388473,-0.0112202233,0.501403928,0.394498229,-0.00695257634,0.482007891,0.396597356,-0.0145834191,0.470176339,0.401051193,-0.0200639088,0.463725746,0.405882031,-0.0229667705,0.49867779,0.397438049,-0.00860884134,0.47844851,0.400215745,-0.015449143,0.466980726,0.405265093,-0.0198361836,0.460324556,0.410563052,-0.022384759,0.497347265,0.401266634,-0.0105939275,0.477716565,0.403317064,-0.0161399748,0.466699809,0.407864958,-0.0187033042,0.460106343,0.412772655,-0.0198063236,0.497560173,0.405585498,-0.0126942219,0.481903821,0.407280415,-0.0171782952,0.472007275,0.40998894,-0.0187365822,0.465288758,0.413030088,-0.0191972647
5683.333333333348,0.601056516,0.41498673,1.11599858e-008,0.612394571,0.404913187,0.00355764129,0.625882745,0.400829,0.00556818582,0.635944605,0.398880631,0.00511423,0.64387852,0.396342248,0.00435818965,0.644947171,0.411241502,0.0153877158,0.654800951,0.415600121,0.0161493234,0.657734036,0.420590222,0.0134246498,0.656855941,0.425057352,0.0111160781,0.645326,0.417786241,0.0113456082,0.655467093,0.422762275,0.0126909893,0.656750143,0.427500635,0.00883686263,0.654665,0.431219399,0.00553324586,0.643082917,0.423747331,0.00663536321,0.653402686,0.428702086,0.00707760407,0.654283404,0.433121443,0.00547101861,0.65266341,0.436373174,0.0040406175,0.637518406,0.429845601,0.00181337853,0.646073222,0.434676528,0.0033792716,0.647871614,0.43768391,0.00491117872,0.646980941,0.439758122,0.00580039527
5700.000000000015,0.528786182,0.401150703,-4.78016347e-008,0.522882342,0.396082759,-0.000511019549,0.512224555,0.391760528,-0.00120280695,0.504085422,0.388823122,-0.00269066403,0.497324646,0.386843473,-0.00467336643,0.49521625,0.393017083,0.000624773384,0.480610907,0.394479066,-0.0042047929,0.470923871,0.397383392,-0.00893689878,0.464152038,0.400939912,-0.0119122071,0.493472844,0.395557076,-0.00196292787,0.477913707,0.397982597,-0.00617593247,0.467736512,0.401315629,-0.010842206,0.459566593,0.405177355,-0.0140243564,0.493162811,0.398879558,-0.00497036055,0.477603078,0.401071042,-0.00906446949,0.467873812,0.40427351,-0.0122317672,0.460149169,0.407728851,-0.0140959993,0.494944453,0.402932018,-0.00803650357,0.481698275,0.405248702,-0.0116603514,0.473512828,0.407424301,-0.0130547117,0.467161745,0.409656167,-0.013606919
5700.000000000015,0.61024785,0.408254623,6.84258126e-008,0.61814779,0.400579542,0.00661701849,0.628677,0.39898625,0.00983357895,0.636042178,0.397299707,0.0105711082,0.641090155,0.395060688,0.0106318379,0.647321224,0.410353363,0.014823271,0.6582461,0.416147351,0.0173024293,0.661032081,0.421593338,0.0167270862,0.660328329,0.426159531,0.0161249377,0.646778226,0.414422065,0.0103891548,0.656937838,0.422286034,0.0140867364,0.658688784,0.428054392,0.0128942709,0.658038914,0.433402389,0.011158146,0.644322813,0.418167889,0.0056253178,0.653361857,0.427300245,0.0080733709,0.654700458,0.43289265,0.0065217982,0.654478192,0.437526613,0.0046054814,0.639517844,0.421452582,0.0010732729,0.645965874,0.429077,0.00354274502,0.647487521,0.434008032,0.00449212082,0.647285044,0.438069046,0.00464340299
5716.6666666666815,0.609559298,0.406906456,6.03329724e-008,0.615124881,0.399539024,0.00147494243,0.62448889,0.396883726,0.00262435013,0.631872714,0.394630104,0.00208765478,0.636413217,0.391771644,0.000863520778,0.643750429,0.408273101,0.00954001211,0.653722942,0.413392127,0.00973175932,0.657583177,0.418383121,0.00735632796,0.659001291,0.422868073,0.00535252457,0.643177,0.412720442,0.00659060059,0.653896809,0.419619858,0.00655578217,0.657339633,0.4254601,0.00316003803,0.658363044,0.430375576,0.000445064099,0.640807629,0.416303515,0.00301317,0.651188195,0.423788667,0.00092900492,0.65453428,0.429412484,-0.00221069367,0.655764759,0.433632344,-0.00411391025,0.635727346,0.41919747,-0.000563569425,0.644517839,0.425869405,-0.00236997288,0.648192286,0.430675387,-0.00286083855,0.649957359,0.434449941,-0.00305004185
5733.3333333333485,0.60325551,0.406161,5.16770591e-008,0.609256744,0.398044676,0.00463938434,0.62090975,0.39521116,0.00847281236,0.628963888,0.392976075,0.00985363685,0.633712292,0.389913,0.0105312252,0.638828635,0.40458563,0.0169814024,0.649318218,0.409549952,0.0198085699,0.65492928,0.413921714,0.018779099,0.657778621,0.418131649,0.0175045058,0.64019084,0.40928492,0.0131830387,0.651919246,0.415456504,0.0159550384,0.656718075,0.420742422,0.0131424451,0.659288168,0.425185919,0.0106480243,0.639507651,0.413157433,0.00882006343,0.650942,0.420151502,0.00913437456,0.654775321,0.425238192,0.00668303668,0.65667212,0.428924888,0.00500196824,0.635711,0.416871816,0.00456901873,0.645289898,0.423036277,0.00476589659,0.649271488,0.427471071,0.00520779891,0.650976241,0.430886477,0.00555983139
5750.0000000000155,0.611955345,0.404391497,8.01371911e-008,0.616131186,0.396740496,0.00387889426,0.623189211,0.394467264,0.00504140463,0.628020287,0.391521484,0.00452619,0.631050169,0.388565809,0.00337002333,0.643321395,0.404599726,0.00864089467,0.654407501,0.408334166,0.0108566266,0.659268379,0.411575913,0.0110029019,0.661363959,0.414446175,0.0106538329,0.644448161,0.408900887,0.00532380166,0.655773,0.413843393,0.00831636,0.65922755,0.41759485,0.00769312633,0.660080314,0.421390742,0.00629122136,0.64342773,0.413065434,0.00188153132,0.654979587,0.419317871,0.00338444929,0.657860279,0.423610687,0.00182999694,0.658739507,0.427332491,-3.81951249e-005,0.640467823,0.416606128,-0.00138383522,0.649366558,0.422862142,-0.000592940196,0.652745068,0.427395165,-0.000295550126,0.654292107,0.431095868,-0.000442087214
5766.666666666682,0.608889282,0.404703021,5.49822126e-008,0.611973882,0.396626,0.0052032941,0.620805,0.394009292,0.00824140105,0.62710315,0.391612798,0.00912445784,0.630407929,0.388740122,0.00925896317,0.637997687,0.403191626,0.0137704844,0.649152398,0.406740814,0.0173148699,0.655705154,0.409345269,0.0174938571,0.659627795,0.411896646,0.0169456434,0.640292943,0.407838464,0.0100047579,0.652867556,0.412303627,0.0140643921,0.658355474,0.415666908,0.0129816737,0.661554694,0.418955564,0.0112176957,0.64070791,0.412099,0.00601448957,0.653507829,0.417681187,0.0078197578,0.657911897,0.421520501,0.00626489846,0.66042918,0.424525887,0.00450031413,0.638514102,0.41617161,0.00225809263,0.648716033,0.421852499,0.00360926404,0.653229,0.425601959,0.00436426094,0.655714691,0.428386331,0.00446202932
5783.333333333349,0.611850917,0.405065835,7.68954678e-008,0.615198791,0.39771083,0.00314095174,0.62204361,0.395551324,0.00312313321,0.627325952,0.392693728,0.00153055694,0.630896,0.389867693,-0.0007706373,0.64256531,0.404613435,0.00620173803,0.654657125,0.408192605,0.00705800531,0.659395278,0.411667943,0.00635846471,0.661287129,0.414795578,0.00558878714,0.644551337,0.408881664,0.00288248179,0.657445,0.413864166,0.00436386047,0.661250293,0.418189853,0.00299190846,0.661312461,0.422330827,0.00138940511,0.643804133,0.412989229,-0.000498657173,0.657155573,0.418993562,0.000404328166,0.660572052,0.423816413,-0.00130366138,0.661068916,0.427890062,-0.00312372041,0.640778363,0.416625977,-0.00372398342,0.650774062,0.422465831,-0.00274133706,0.654704452,0.426920533,-0.002268638,0.656422,0.430492759,-0.00229323423
5800.000000000016,0.611077487,0.406055182,5.15297565e-008,0.615738392,0.39894,0.00428778306,0.624622583,0.396594554,0.00625460781,0.630967081,0.393984497,0.00638536597,0.634381711,0.391005933,0.00595144881,0.643193901,0.405910969,0.0100475969,0.655005455,0.409172982,0.0117470799,0.661100626,0.412339419,0.0110490257,0.66382283,0.415486038,0.010154698,0.64419508,0.410444289,0.00643458171,0.657561898,0.414969742,0.00854982249,0.662464201,0.418666571,0.00722580496,0.664158702,0.421971768,0.00570751913,0.643206716,0.414617211,0.00266947155,0.655769587,0.419959188,0.00363896857,0.660415,0.42399168,0.00221392768,0.662669361,0.426940471,0.000756634399,0.63966006,0.418311268,-0.000963229919,0.649130166,0.423581779,-0.000203310454,0.653854132,0.427234381,0.000395860639,0.656221867,0.429977834,0.000576235
5816.666666666683,0.613079,0.408233345,4.68089745e-008,0.617433071,0.400776982,0.00316268322,0.626808584,0.398161709,0.00441749254,0.634095132,0.39543587,0.00413612,0.637603521,0.392184198,0.00345622096,0.64537394,0.407799214,0.00842705742,0.656375527,0.410798728,0.00970135815,0.661660314,0.413593799,0.00888684206,0.664161921,0.416321099,0.00802381709,0.646102905,0.412505269,0.00544026261,0.657693565,0.416490167,0.00760828797,0.662216783,0.419655234,0.00677871238,0.663883209,0.422496021,0.00571142277,0.644770384,0.416713804,0.00223069079,0.655862749,0.421012849,0.00349788228,0.660045087,0.424250245,0.00302688801,0.662097692,0.426640093,0.00228461786,0.640924037,0.420246571,-0.000963204307,0.64928025,0.424637407,0.000111160618,0.653228283,0.427650452,0.00136240071,0.65510428,0.429742783,0.00216220622
5833.33333333335,0.615441442,0.409820199,6.02104464e-008,0.61998,0.402246237,0.00298620504,0.629996836,0.400158405,0.00425572786,0.637313068,0.398006052,0.00415202091,0.641555,0.395220339,0.00346839544,0.647583187,0.410329878,0.0087286206,0.657948077,0.413498491,0.01117671,0.662265778,0.416469574,0.0111251455,0.664265156,0.419036031,0.0105924038,0.647927344,0.415478826,0.00590556394,0.65861392,0.420476288,0.00900331,0.662147462,0.424348861,0.00807946268,0.662921488,0.427774847,0.00672103,0.645915747,0.419856876,0.0028658777,0.657243729,0.425564647,0.00462268153,0.660641,0.429704756,0.00307481457,0.662112594,0.433121145,0.00134472433,0.641961098,0.423222631,-4.78003894e-005,0.650175035,0.428500116,0.00151998748,0.653920293,0.43232888,0.00222002389,0.656030357,0.435282022,0.00228758645
5850.000000000017,0.52299273,0.404720962,-2.1206187e-008,0.517266393,0.399718791,-0.00163032347,0.507161617,0.395083547,-0.0028725788,0.497963428,0.391852796,-0.00472091138,0.490085691,0.389958084,-0.00668374961,0.489970326,0.395664871,0.000516906322,0.475011051,0.396355569,-0.0042064907,0.465979189,0.399171352,-0.00845299382,0.45988062,0.402663857,-0.0108929453,0.487839,0.398402274,-0.00128471537,0.472131729,0.399815649,-0.00544234226,0.463413417,0.403022707,-0.00940826163,0.457298368,0.406865925,-0.0117622493,0.487281621,0.401913464,-0.00369606,0.472369522,0.403982192,-0.00754916575,0.464566678,0.407523364,-0.010047256,0.459108323,0.41128841,-0.0111661591,0.488791794,0.4061,-0.00633679936,0.476158589,0.408073664,-0.00933955237,0.46900773,0.410493463,-0.0104313735,0.463713229,0.412972391,-0.0106127355
5850.000000000017,0.612173438,0.411973327,4.25648778e-008,0.619028687,0.404694706,0.00346177653,0.630469084,0.402347296,0.00511462055,0.639572382,0.400416791,0.00532111479,0.645039141,0.397472143,0.00509030558,0.648478329,0.412905425,0.00772404717,0.659162,0.416668206,0.0089408895,0.662858367,0.420291066,0.00833260268,0.663416,0.423627287,0.00769196358,0.647882,0.417895377,0.00482222764,0.658816755,0.423227459,0.00670000957,0.661778033,0.427308351,0.00574475899,0.661966264,0.430659831,0.00479860557,0.644938052,0.421990842,0.00180909527,0.654860675,0.427612275,0.00260983407,0.65822643,0.431651056,0.00152220798,0.659642458,0.434549659,0.000523614057,0.639418244,0.42487058,-0.00103783957,0.646649599,0.430126697,-0.000495512038,0.649903476,0.433609903,0.000126145635,0.651458144,0.436138749,0.000636459677
5866.666666666684,0.523415387,0.406190157,-1.28743656e-008,0.517030358,0.401064754,-0.00254858797,0.505388558,0.396310091,-0.00308725936,0.496006906,0.392954558,-0.00398496864,0.488541961,0.390675128,-0.00474437512,0.488295168,0.399103582,0.00192900258,0.473647118,0.40000093,-0.00114526728,0.464834034,0.402266353,-0.00462252973,0.458697379,0.404989332,-0.00679815281,0.486222893,0.40258202,0.00122094504,0.47244817,0.404520243,-0.00155854539,0.464372188,0.407565922,-0.00528116571,0.459084213,0.411107063,-0.00767366169,0.485871971,0.40599,-0.000236514476,0.473042548,0.407714128,-0.002827466,0.46577242,0.410421044,-0.0051077581,0.460896164,0.413515657,-0.0063226535,0.487465978,0.409263045,-0.00208262797,0.475914627,0.410648882,-0.00401123427,0.468448281,0.412646174,-0.00471567642,0.462822825,0.414918453,-0.00487015
5866.666666666684,0.613950491,0.413673729,7.8263092e-008,0.622604609,0.407024026,0.000383604318,0.63396126,0.405156255,-0.000634513388,0.64346981,0.403565258,-0.0024854,0.648846447,0.400665492,-0.00467885,0.651404738,0.416193873,0.00257492694,0.660730898,0.421830118,0.00197992357,0.663482726,0.426353455,0.000171949359,0.663570762,0.430159032,-0.00137193908,0.649658382,0.421402663,0.000466509111,0.658654,0.427844048,0.000925713335,0.660508335,0.432594687,-0.000733782828,0.659749389,0.436604202,-0.00252187019,0.645745337,0.42560935,-0.00184852828,0.654673815,0.432226181,-0.00181559077,0.656650305,0.436828613,-0.00325702154,0.656505466,0.440465689,-0.0048311525,0.639913559,0.428655803,-0.00428401772,0.646298468,0.434497684,-0.00411645556,0.648893952,0.438743621,-0.00388316857,0.649856389,0.442287683,-0.00390789192
5883.333333333351,0.520958781,0.408107,-2.23618657e-009,0.515206933,0.402657926,-0.00397316925,0.503751397,0.397614,-0.00538238697,0.494257301,0.393986642,-0.00670483196,0.48748064,0.391637087,-0.00786789507,0.488036454,0.399791867,-0.00111253699,0.473636091,0.40095979,-0.00458722096,0.464643925,0.403728098,-0.00807387847,0.458551943,0.406883687,-0.0104133515,0.48601377,0.403704166,-0.00101788063,0.472712487,0.405984551,-0.00451034214,0.464499831,0.40945071,-0.00830486137,0.458757073,0.413446128,-0.010773058,0.485909849,0.407401204,-0.00153471448,0.473277181,0.409289032,-0.00480085285,0.466257274,0.41236791,-0.0068638511,0.46130982,0.41587317,-0.00791098643,0.487685919,0.410668433,-0.0024666253,0.476968616,0.412048697,-0.00516446913,0.47061795,0.414209634,-0.00595291145,0.465962946,0.416585684,-0.00603235234
5883.333333333351,0.615292668,0.415998727,9.88536897e-008,0.625118196,0.409633875,-0.000377297401,0.636004865,0.407939911,-0.00225642184,0.645391,0.406761825,-0.00474650785,0.651706,0.404452205,-0.00750559,0.653299272,0.418896765,-0.000467760605,0.661110878,0.426488817,-0.00222707167,0.662356496,0.431777149,-0.00442061061,0.661473632,0.436009079,-0.00611596275,0.65058136,0.424100935,-0.00247239345,0.658169925,0.43213138,-0.00308074546,0.658669531,0.437446862,-0.00465702266,0.656893671,0.441706449,-0.00627280027,0.645664811,0.428253949,-0.0046554138,0.653452277,0.436179966,-0.00531810708,0.654120743,0.441117644,-0.00645139301,0.652822554,0.444867343,-0.00767883472,0.638826,0.43142134,-0.00700675882,0.644077,0.438118964,-0.00728065381,0.645490408,0.442633301,-0.00705206068,0.645504117,0.446246326,-0.00695119705
5900.000000000018,0.519244671,0.406730235,-1.12202185e-008,0.511514783,0.401619017,-0.00204795413,0.499192506,0.39737922,-0.00304697198,0.490182698,0.394000918,-0.00444268715,0.483837187,0.391747832,-0.00609101588,0.485009253,0.401433319,-0.000252085592,0.471338421,0.404165506,-0.00377431791,0.462685436,0.407372385,-0.00741702272,0.456508815,0.410555512,-0.00994237699,0.483873367,0.405266821,-0.00141025137,0.470873982,0.40985471,-0.00456836028,0.462579638,0.414187878,-0.00822466,0.456733644,0.418432623,-0.0108690886,0.484729379,0.408936083,-0.00305494387,0.472341448,0.412826926,-0.00608342327,0.464710653,0.416759402,-0.00831609499,0.459185392,0.420634329,-0.00975887664,0.487621337,0.412075728,-0.00494911708,0.477353871,0.415089458,-0.00762235839,0.471154451,0.418033034,-0.00836674124,0.466536105,0.420868248,-0.00859503634
5900.000000000018,0.61753279,0.419028938,9.15598477e-008,0.626630366,0.413266,-0.00356433331,0.637375832,0.411165625,-0.00706425309,0.647069275,0.410104811,-0.0107091386,0.654156923,0.407732725,-0.0145272147,0.651850283,0.422544301,-0.00455628894,0.659975827,0.429087967,-0.0082898112,0.660647452,0.434012681,-0.0117303794,0.659302413,0.438244253,-0.0142203895,0.648882151,0.427702,-0.00569868553,0.656107843,0.435197264,-0.00840034895,0.656334162,0.44058305,-0.0111692781,0.65439713,0.445166469,-0.0135730132,0.643897831,0.431697875,-0.00729039451,0.650776803,0.439212948,-0.0101398565,0.651386261,0.444345027,-0.0124842962,0.6499511,0.448548257,-0.0143743679,0.63700217,0.434734136,-0.00922894198,0.640933573,0.441387057,-0.0115397666,0.641781271,0.445930302,-0.0125330891,0.641420126,0.449856222,-0.0132377837
5916.666666666685,0.61724776,0.420311511,9.05504507e-008,0.627640903,0.415068686,-0.00185538782,0.638699055,0.414160788,-0.00413979217,0.648421049,0.413311958,-0.00712522771,0.656094193,0.411519,-0.0104258507,0.649428189,0.425921947,-0.000587678165,0.655930936,0.432590932,-0.00369010912,0.657047391,0.437995553,-0.00718882494,0.656019807,0.442689568,-0.00975816,0.646559119,0.430285752,-0.00248287152,0.652875304,0.438164711,-0.0046841288,0.652937,0.443726808,-0.00764488103,0.651019514,0.4486247,-0.0100974916,0.641657174,0.433753759,-0.00488041528,0.647364795,0.441803128,-0.00756916497,0.647244453,0.44712016,-0.00995747466,0.645647883,0.451493859,-0.0117380721,0.634596467,0.436353296,-0.00756858196,0.637325406,0.443508834,-0.00950939953,0.637459755,0.448207945,-0.0102015994,0.636735916,0.45206213,-0.0107016023
5933.333333333352,0.543071687,0.4216052,-5.22625463e-008,0.525003791,0.40675047,0.00456988299,0.497566521,0.404134929,0.00873215124,0.479248941,0.408983111,0.0109019745,0.470846355,0.416604757,0.0124057326,0.47564593,0.404850721,0.0176367685,0.468070835,0.412592381,0.017795993,0.477420866,0.416977823,0.0134751238,0.48829326,0.417017,0.0103424173,0.467286825,0.413722098,0.0144273452,0.463780969,0.421174139,0.0174652338,0.474101216,0.424852222,0.0142500671,0.485157847,0.423573524,0.0117768589,0.466675222,0.424443066,0.0106811374,0.463144928,0.43111062,0.0109441299,0.475216568,0.433976203,0.00944994297,0.48537153,0.431706667,0.00839269068,0.470802605,0.43548128,0.00723225111,0.46982044,0.441820353,0.00612091273,0.481167257,0.443779349,0.00772049138,0.490786135,0.442220479,0.010017043
5933.333333333352,0.615674436,0.421852469,9.8685959e-008,0.62701273,0.416149,-0.00318295392,0.638810039,0.415235847,-0.00616712496,0.648849368,0.415317833,-0.0095022032,0.657066524,0.414526641,-0.0129898256,0.64915365,0.428797305,-0.00160527567,0.65413934,0.435803652,-0.00516216643,0.65408057,0.441448659,-0.00914823171,0.651985288,0.446175933,-0.0120233065,0.645597517,0.433054864,-0.0029420238,0.650049806,0.441158235,-0.00553178,0.648886144,0.446819365,-0.0087578278,0.645740926,0.451625139,-0.0113757635,0.639966667,0.436286539,-0.00491529237,0.644217908,0.444655418,-0.00774897635,0.643220842,0.450018764,-0.0101305041,0.640705943,0.454352975,-0.0118904933,0.632054806,0.43864888,-0.00730577251,0.634352148,0.44583261,-0.00948416069,0.634040356,0.450473309,-0.0102817435,0.632813931,0.454361975,-0.0107812192
5950.000000000019,0.542319357,0.423817217,-9.00663579e-008,0.533131123,0.410350025,-0.000529327,0.508836329,0.405441195,0.00126154523,0.487736553,0.405231535,0.00218363805,0.473169833,0.404469967,0.00307180453,0.476662904,0.408664823,0.00935178436,0.461733162,0.418233395,0.00708744582,0.465736598,0.424384058,0.00301420363,0.472879857,0.425599784,0.00044704412,0.471690953,0.417074,0.00869750604,0.460020304,0.426976293,0.007758989,0.469320178,0.43148759,0.00525655365,0.479513615,0.430327713,0.00404151063,0.47223264,0.426705748,0.00721309241,0.463254601,0.435778409,0.00418821955,0.474266022,0.43929866,0.00389548391,0.484502524,0.437232137,0.00450872118,0.476559073,0.436679333,0.00560343591,0.471556216,0.444075316,0.00222144299,0.481455088,0.446292,0.00329910335,0.491432399,0.444529474,0.00569493
5950.000000000019,0.615711212,0.423982501,1.04114655e-007,0.627117,0.418523192,-0.00358662126,0.638943136,0.417231858,-0.00699030655,0.649286866,0.41713649,-0.0106700491,0.65795809,0.416620582,-0.0144221196,0.648367,0.4321042,-0.0027103778,0.652970731,0.440171242,-0.00629386166,0.651883245,0.445504367,-0.0100011276,0.648989201,0.44972381,-0.0126367221,0.64457041,0.436085135,-0.00385467266,0.648200929,0.445279449,-0.00649532024,0.645831108,0.450770915,-0.0093739219,0.641717672,0.455124348,-0.0116948225,0.638800621,0.439101368,-0.00563151902,0.64211154,0.448362201,-0.00833154842,0.639767051,0.453588307,-0.010316303,0.636197448,0.457544923,-0.01180436,0.630778968,0.441232234,-0.00786269736,0.632300079,0.448815912,-0.00988222938,0.631143153,0.453286231,-0.0104008242,0.629166305,0.456791699,-0.0106663266
5966.666666666686,0.542561054,0.422990263,-1.04892628e-007,0.52750361,0.409823358,0.00686613237,0.501719236,0.40678072,0.0117031569,0.48499614,0.406988323,0.0139890444,0.473245203,0.406597495,0.0155392969,0.473428071,0.409537554,0.0150119569,0.460172117,0.420472443,0.0151844658,0.459468782,0.42828,0.0128108514,0.461273193,0.432539,0.0109919915,0.470097452,0.417850226,0.0104532791,0.458402753,0.429211408,0.0123293865,0.464289814,0.434886426,0.0115244472,0.471558243,0.436040431,0.0108179394,0.472701281,0.427333415,0.00570521364,0.465002865,0.438113868,0.00553708617,0.474271476,0.441586554,0.00601942185,0.482760191,0.440503657,0.00622919574,0.479419321,0.437247723,0.00126199028,0.476304948,0.44502756,9.47010121e-005,0.485043406,0.446608871,0.00184879068,0.492816895,0.445130348,0.00397070777
5966.666666666686,0.61026603,0.427502871,-3.61516683e-009,0.623533785,0.419610202,-0.00627036579,0.635792673,0.415623963,-0.010141301,0.648268938,0.416276604,-0.0138770631,0.659312189,0.417586654,-0.0173578523,0.645620286,0.427918524,-0.00453201123,0.65214175,0.433226913,-0.010351235,0.653960526,0.43554312,-0.015638398,0.653386474,0.436804891,-0.0189314857,0.641634762,0.435029626,-0.00488741649,0.649446189,0.441068947,-0.00993566774,0.649617,0.443995297,-0.0139811914,0.647230506,0.445913404,-0.0168814342,0.636229,0.440663487,-0.00615848834,0.642958641,0.447442144,-0.0125377309,0.642790437,0.45076254,-0.0146983322,0.64038378,0.452822477,-0.0154023282,0.628644168,0.445144027,-0.00788439345,0.633375883,0.451602191,-0.0128795011,0.633809745,0.45455426,-0.013549407,0.632546544,0.456557035,-0.0133662485
5983.333333333353,0.544060946,0.423842937,-1.13338167e-007,0.528788805,0.411723882,0.00444009807,0.501877248,0.40768674,0.00697410293,0.480528235,0.406007379,0.00768922223,0.465502381,0.404153049,0.00762418471,0.473578781,0.411580086,0.00873655081,0.458632469,0.425109774,0.00763590354,0.458383143,0.432500929,0.00487334887,0.460495561,0.43556416,0.00275100744,0.473523825,0.419826478,0.00508330576,0.461639702,0.43400538,0.00577333523,0.46813,0.43844223,0.00475419,0.474572808,0.437682241,0.00355336838,0.478989452,0.429155529,0.00138975249,0.470187187,0.441656739,0.000140903634,0.478403509,0.443764985,0.00119755336,0.48518765,0.44124046,0.00157063862,0.487741619,0.438871235,-0.0020759562,0.482432634,0.446823239,-0.00410146173,0.490679801,0.4469648,-0.00205207663,0.497310519,0.444175154,0.000162653901
5983.333333333353,0.613987088,0.426799983,6.12041404e-008,0.625452399,0.420748234,-0.00412799604,0.638340831,0.418812633,-0.00666237203,0.649457097,0.419095844,-0.00979598239,0.658901811,0.417957336,-0.0131854396,0.646912634,0.433107167,-0.000368803798,0.652918518,0.440196276,-0.00379900984,0.651613653,0.445294708,-0.00792413764,0.648136258,0.449764162,-0.0109921778,0.642238915,0.43808803,-0.0016807674,0.646640539,0.446414113,-0.00465595489,0.644271135,0.452183574,-0.00880824868,0.639757812,0.456979394,-0.0121163595,0.636200488,0.441724628,-0.00384421903,0.64008826,0.450247318,-0.00795521587,0.638141513,0.455820978,-0.0113411453,0.63440913,0.46033442,-0.0135872178,0.628093421,0.444351763,-0.00643818406,0.629597843,0.451536059,-0.0097998241,0.628328145,0.455975831,-0.0110280449,0.626118302,0.459645569,-0.0117548425
6000.00000000002,0.544875741,0.42447,-1.08872328e-007,0.530308127,0.412286341,0.00404995028,0.501577556,0.408064842,0.00661446527,0.480102688,0.406172812,0.00736243697,0.464991927,0.403459042,0.00745371683,0.473416418,0.412207723,0.00875788368,0.459000945,0.424819708,0.0069131651,0.458063364,0.432214499,0.00372148585,0.459091604,0.43531698,0.00122285471,0.472949147,0.420351565,0.00462755188,0.458893895,0.433843553,0.00394319,0.466097832,0.43796736,0.00290507986,0.473406076,0.43677786,0.00212932751,0.477731943,0.429707825,0.000294774451,0.468129128,0.441860229,-0.0022611022,0.478161,0.443351209,-0.000710162742,0.485632271,0.439952374,0.000366559281,0.485812,0.439578235,-0.00391881121,0.48120603,0.44746244,-0.00681364443,0.491052359,0.447176099,-0.00462999847,0.498105466,0.443687141,-0.00221153116
6000.00000000002,0.615988374,0.4284769,7.96339208e-008,0.626729965,0.422941118,-0.00478265248,0.639629424,0.420618862,-0.0081772143,0.650612235,0.419926167,-0.0117623964,0.659517229,0.41867727,-0.0155900465,0.646209478,0.433901578,-0.00348059461,0.652809143,0.440138191,-0.0075177867,0.652828276,0.444874644,-0.0116689801,0.650506139,0.448989213,-0.0147349034,0.641592801,0.438839763,-0.00451286091,0.646587849,0.446198255,-0.00779869454,0.645173132,0.451745898,-0.0112879304,0.641262054,0.456614852,-0.0142771266,0.635462284,0.44244194,-0.0063351905,0.639131546,0.450179815,-0.0104338024,0.637544453,0.455305427,-0.0132664666,0.634046257,0.459623873,-0.0153792752,0.627412081,0.44487533,-0.00864635,0.628777802,0.451527,-0.012105003,0.627676666,0.455951363,-0.0132767465,0.625507295,0.459817439,-0.014127369
6016.666666666687,0.547186077,0.424337834,-9.63465254e-008,0.532760859,0.411975622,0.00275577465,0.505146325,0.407763422,0.00497689331,0.482946247,0.406115383,0.00548390951,0.467005134,0.403244406,0.00549803441,0.473131895,0.412749559,0.00993187819,0.459474176,0.425766647,0.00791868381,0.462283671,0.430955231,0.00438185781,0.466480732,0.431119561,0.00181994506,0.473691165,0.421278924,0.00646973,0.459736437,0.434191614,0.0050389152,0.468124896,0.437292,0.00327311549,0.476783246,0.435138911,0.00234852964,0.480017334,0.430928767,0.0025393567,0.46803534,0.442465276,-0.00142721878,0.478378981,0.443675041,-0.000545701827,0.486720234,0.439996094,0.000708411797,0.490316182,0.440704405,-0.00124972244,0.482763082,0.448234767,-0.00583680393,0.492342323,0.447868556,-0.00429257657,0.500379264,0.444274604,-0.00172261614
6016.666666666687,0.609823465,0.429379076,-3.51473e-008,0.622146547,0.421534628,-0.00603338657,0.634582579,0.41797033,-0.0096827969,0.647593558,0.418467581,-0.0131072579,0.65868938,0.418702662,-0.0162983835,0.647231162,0.430183589,-0.00500114076,0.652413726,0.435794175,-0.0103386436,0.652421,0.438223273,-0.0151699902,0.650675476,0.439493328,-0.0183505248,0.643585861,0.43710497,-0.00542363338,0.648988307,0.443503857,-0.010266114,0.647925198,0.446509838,-0.0142193362,0.644259512,0.448125213,-0.0170543939,0.637680054,0.44250375,-0.00660493784,0.642979801,0.449302435,-0.012982768,0.64173013,0.452765375,-0.0152159985,0.63852489,0.454508364,-0.0159470607,0.629190445,0.446714908,-0.00813987106,0.633177221,0.453413576,-0.0135795474,0.632442296,0.456381232,-0.0144430734,0.630292654,0.457929343,-0.0142574087
6033.333333333354,0.552502692,0.428357482,-8.68898695e-008,0.54373318,0.414390177,-0.00215312163,0.515884221,0.408155322,-0.00147692231,0.489244789,0.407110512,-0.000801588118,0.472290963,0.404254913,-0.000132316651,0.488392562,0.41162473,0.00109630299,0.466867328,0.4187814,-0.0021417283,0.464713573,0.42493698,-0.00550746918,0.468589455,0.427472711,-0.00758319255,0.484461606,0.421493173,0.000992992427,0.463560343,0.427855521,-0.00150369073,0.466867596,0.432517081,-0.00362530211,0.474952251,0.433613271,-0.0047760075,0.485224605,0.431996047,0.00048478719,0.466399848,0.436769426,-0.0030718958,0.471398711,0.439681679,-0.00300452695,0.480310649,0.439505786,-0.00242685224,0.489365816,0.442356408,-7.36640359e-005,0.476401329,0.445311278,-0.00392870838,0.481759757,0.446623236,-0.00319265923,0.490003556,0.445769817,-0.00135003158
6033.333333333354,0.615793,0.428658038,5.39941603e-008,0.625394821,0.421754897,-0.00506063644,0.637336791,0.418720394,-0.0077862381,0.648071885,0.418476224,-0.0106714694,0.657578945,0.41782093,-0.0136937061,0.646998227,0.431878805,-0.00165582914,0.65360713,0.437575847,-0.00456653535,0.65400672,0.442046136,-0.00816756114,0.652289212,0.446224302,-0.0109422905,0.643144131,0.43753469,-0.00217098813,0.648654759,0.444273621,-0.00447213789,0.647740364,0.449363589,-0.00798542,0.644235551,0.453987569,-0.011039095,0.637607813,0.441825032,-0.003524133,0.641668141,0.449194461,-0.00732779503,0.640373349,0.454228431,-0.0104669696,0.637276411,0.458540887,-0.0126999039,0.629761517,0.445035577,-0.00533817802,0.631811202,0.451268077,-0.00875538681,0.630823135,0.455273896,-0.01004666,0.628638327,0.458831072,-0.0108782137
6050.000000000021,0.562651396,0.428526402,-2.013293e-008,0.552495122,0.414851755,-0.00226506707,0.521632195,0.408429533,-0.00535821356,0.491899908,0.405810952,-0.00712591037,0.473439604,0.403119296,-0.00897396635,0.516905487,0.417600602,-0.0209297482,0.478592366,0.416594654,-0.0290761553,0.47489363,0.417278707,-0.0310926922,0.480266958,0.418350518,-0.0308265463,0.514915466,0.428642809,-0.0212678649,0.474849522,0.425145626,-0.0270458516,0.47502178,0.424986064,-0.0261787027,0.482432663,0.42627,-0.0255975481,0.513723493,0.438913763,-0.0206308272,0.47558856,0.434478492,-0.0246894229,0.477179408,0.433384895,-0.0210140776,0.485469639,0.434430182,-0.0186765753,0.513170481,0.447875053,-0.019525975,0.484211624,0.443596542,-0.0228295103,0.485609591,0.441555142,-0.0201510079,0.492569149,0.441880822,-0.0178920962
6050.000000000021,0.617874,0.427630186,5.44133805e-008,0.626270831,0.421428859,-0.00533979805,0.63776046,0.41828,-0.00903600734,0.647880197,0.417657405,-0.0127082318,0.656233191,0.416372836,-0.0165802371,0.647045,0.42989853,-0.00477246288,0.654292285,0.434684843,-0.00870851241,0.654902697,0.438662887,-0.0125939948,0.653250754,0.442408651,-0.0155580686,0.643536031,0.435584128,-0.0055390778,0.649859667,0.441945791,-0.00878329203,0.649257302,0.446766526,-0.0122122094,0.645993888,0.451230079,-0.0153237069,0.63827306,0.439955741,-0.00702327862,0.643381178,0.446852505,-0.0112809977,0.642520726,0.451828063,-0.0143391229,0.639562964,0.456240088,-0.0167236906,0.630971372,0.443189085,-0.00894995127,0.634003758,0.449157238,-0.0127021447,0.633665502,0.453370512,-0.0142221972,0.632021308,0.457335323,-0.0154450629
6066.666666666688,0.555035949,0.428067774,-8.66017089e-008,0.539687037,0.414269626,-0.00205206219,0.512503147,0.407820791,-0.00237310119,0.490681112,0.404947221,-0.00312775746,0.474960625,0.402548164,-0.00265313638,0.47509861,0.427001536,0.00335471542,0.470282286,0.412777156,-0.00476773,0.490298688,0.408944428,-0.0116139399,0.507049143,0.410229981,-0.0146521479,0.472035438,0.434835345,0.00219436805,0.469123125,0.417380869,-0.00507328054,0.491674274,0.413461983,-0.00798756722,0.509305954,0.414968103,-0.0079032639,0.47484684,0.441207618,-4.85751625e-005,0.471296966,0.423667222,-0.00705768447,0.491252,0.419644415,-0.00446973462,0.507185817,0.420714,-0.0004789042,0.483053863,0.446792662,-0.00257853861,0.478341341,0.431785494,-0.00694565848,0.493866,0.427115917,-0.00328186364,0.506395638,0.426430464,0.00147023774
6066.666666666688,0.617132246,0.425784677,7.28829264e-008,0.6242432,0.418843091,-0.00532532437,0.635979176,0.415671468,-0.00909010414,0.646422148,0.415272206,-0.012673269,0.654918313,0.414016545,-0.0164546575,0.647317111,0.426311553,-0.00574840046,0.655343413,0.43073836,-0.00997590367,0.657618821,0.43507278,-0.0138460277,0.657606304,0.439293,-0.0166859291,0.644888461,0.432147026,-0.00634115329,0.652187467,0.438613325,-0.00949513,0.653055787,0.443792313,-0.0125368293,0.65165174,0.449031085,-0.0154766394,0.64008981,0.436803579,-0.00762382522,0.646181583,0.443949252,-0.0120448349,0.646079063,0.449350655,-0.0151946535,0.643919706,0.454303443,-0.0176535845,0.633067429,0.440322846,-0.0092953667,0.636497259,0.446849823,-0.0131609449,0.636691689,0.451512814,-0.0149670755,0.635730624,0.455972672,-0.0164462049
6083.333333333355,0.549012661,0.424946398,-1.36404864e-007,0.536648691,0.411129236,-0.00540455524,0.512683332,0.405387223,-0.00785445329,0.489996284,0.403882682,-0.0101332068,0.472767532,0.40295741,-0.011174133,0.475163519,0.418081731,0.000600038969,0.471333,0.413202822,-0.00949347485,0.48883611,0.412211686,-0.0187574625,0.506279051,0.413042963,-0.0232885964,0.468925506,0.427576214,0.00108200929,0.468565434,0.42117098,-0.00548356399,0.486727148,0.4195503,-0.00918004196,0.503224671,0.419366211,-0.0103987781,0.469324052,0.437078595,2.40839527e-005,0.468790054,0.429496169,-0.00609235279,0.483888179,0.42745024,-0.005378542,0.498544633,0.427106768,-0.00347391493,0.474574566,0.445943207,-0.00176573498,0.475103974,0.439220548,-0.00596732972,0.487654775,0.436340511,-0.00435137423,0.498135686,0.435225368,-0.00134057214
6083.333333333355,0.61621809,0.423288465,9.95817e-008,0.624853969,0.416599661,-0.00327451155,0.635755,0.414198279,-0.00613275357,0.64541024,0.413280815,-0.00942342,0.652872503,0.411236,-0.0131281726,0.647809744,0.425680071,-0.00230455,0.65612632,0.431791663,-0.00589906331,0.658342242,0.437199384,-0.00969593786,0.65809,0.442096293,-0.0124277202,0.64527607,0.430901736,-0.00371089228,0.652554572,0.438733816,-0.00626462325,0.653204679,0.444764,-0.00945119839,0.651492894,0.450318217,-0.0123058688,0.640920699,0.435113221,-0.00574511196,0.647292078,0.443447411,-0.00914816651,0.647421241,0.44902274,-0.0119392648,0.645772457,0.453784406,-0.0140923662,0.634371102,0.438454539,-0.00810989086,0.638235867,0.445469975,-0.0107100913,0.638603032,0.450084776,-0.011676928,0.637830734,0.454101592,-0.0124867838
6100.000000000022,0.544185162,0.424867839,-1.31840224e-007,0.53379178,0.410577,-0.00468189595,0.511635065,0.404565841,-0.00652554398,0.492339611,0.401489526,-0.00880661048,0.477583975,0.398277,-0.01015992,0.471259475,0.419090807,0.00282856985,0.471895874,0.412491232,-0.00694510294,0.490182638,0.410228461,-0.0165354591,0.505869,0.411273867,-0.0215068962,0.465814203,0.427495271,0.00230888417,0.468326151,0.418196738,-0.00496396236,0.487931788,0.415327,-0.00920493621,0.504794598,0.415945292,-0.010525329,0.466658115,0.436212391,0.000137610346,0.467683375,0.425927103,-0.00775816059,0.484954804,0.422401428,-0.00743404962,0.500960052,0.422285765,-0.00503348466,0.472553253,0.444917977,-0.0026937623,0.473098665,0.435730904,-0.00858022459,0.486611336,0.431682825,-0.00697720144,0.498882949,0.430570126,-0.00357661257
6100.000000000022,0.575164139,0.435266554,6.31918482e-008,0.593293071,0.447533518,0.00196119957,0.616833806,0.451048285,0.00574616669,0.634105146,0.449558377,0.00760414684,0.646885216,0.445004851,0.00990133,0.632168293,0.434089482,0.0220692,0.647248566,0.438132375,0.024023246,0.648724139,0.444952,0.0210930929,0.645936608,0.45022887,0.0193963,0.632190824,0.426637739,0.0201781,0.648847282,0.432159632,0.0232560895,0.650507808,0.439618558,0.018292265,0.6491431,0.445704252,0.0146748,0.630212963,0.420049876,0.0168985594,0.647176743,0.425050229,0.019615639,0.650852799,0.432849407,0.0166507605,0.649865568,0.439038515,0.0144044627,0.625119328,0.414526582,0.013246852,0.639733,0.414334029,0.017451888,0.64603436,0.417740673,0.0189253762,0.647523403,0.421635389,0.019788377
6116.666666666689,0.543921232,0.42327863,-1.36874462e-007,0.53355366,0.410098195,-0.00535462564,0.511562169,0.403359443,-0.00833192468,0.49227792,0.399567068,-0.0112605281,0.47763294,0.396452487,-0.0132201081,0.471327096,0.418265671,-0.000173583598,0.473182857,0.410743326,-0.0112134963,0.492994249,0.408619672,-0.0214083251,0.509464502,0.409821212,-0.0265887287,0.465280414,0.427470893,-0.000332042779,0.470543802,0.41808483,-0.00852429774,0.491664559,0.415114403,-0.0127801122,0.508388042,0.415438175,-0.0141021376,0.466246367,0.436561495,-0.00201238412,0.469532818,0.426388532,-0.0100419484,0.487921774,0.422567278,-0.00898181554,0.503528297,0.422140181,-0.00621602591,0.472252339,0.444948405,-0.00433939276,0.47273615,0.435818404,-0.00970702898,0.48785904,0.431849539,-0.007185739,0.500487208,0.430819631,-0.00323455618
6116.666666666689,0.569567561,0.432908773,1.32988205e-007,0.584323466,0.442816168,0.00182432658,0.60419327,0.445458144,0.0024945545,0.620461285,0.4456774,0.00126392615,0.634149194,0.443084687,0.000551117933,0.620171487,0.427935869,0.0117470063,0.636642396,0.432998776,0.00818717573,0.644588,0.440351874,0.00284316787,0.647104919,0.446831673,-0.000218244793,0.622262299,0.422446042,0.00817294,0.642665386,0.428091079,0.00676366594,0.651275933,0.43595621,0.00363775925,0.655064225,0.442887187,0.0013532025,0.621801138,0.417789519,0.00337793655,0.644068,0.421802461,0.00238848664,0.652956188,0.429863214,0.0018932448,0.656488836,0.437008619,0.00156425,0.618417621,0.414699912,-0.00186734519,0.63627255,0.416025758,-0.0012604231,0.645368636,0.420286119,0.000613803277,0.64898479,0.424830705,0.00207761046
6133.333333333356,0.543627501,0.424557924,-1.26216122e-007,0.534697354,0.410837054,-0.00836497638,0.512990534,0.402313381,-0.012842305,0.492178857,0.398490518,-0.0163830705,0.476367533,0.397306204,-0.0183020793,0.473124951,0.418501586,-0.00385871925,0.472268283,0.409085035,-0.0148886843,0.491653889,0.407262892,-0.0244570691,0.50824374,0.409412533,-0.029219456,0.466767848,0.427977204,-0.00242773164,0.469741911,0.416781,-0.0103289066,0.48962754,0.41426456,-0.0142524401,0.505307853,0.416085303,-0.0156085715,0.466970176,0.436516047,-0.00255958061,0.468628109,0.424576908,-0.00928475615,0.485498309,0.421531677,-0.00729849748,0.499677628,0.42254886,-0.00442247745,0.471838236,0.444085866,-0.00369207,0.471255034,0.432982862,-0.00726225739,0.48518616,0.429553509,-0.00404089503,0.49663198,0.429674536,-5.70607699e-005
6133.333333333356,0.560536206,0.430629641,1.61246518e-007,0.584709108,0.430888295,-0.000384567,0.609241545,0.424966812,-0.00079005782,0.625809789,0.419579208,-0.00231922022,0.639653444,0.414402187,-0.0029983602,0.617056489,0.416377842,0.0072735087,0.637171447,0.423307896,0.00180819945,0.647169709,0.4319022,-0.00366434106,0.650417626,0.439115971,-0.00647859508,0.615207076,0.416021138,0.00491448,0.638797343,0.424704492,0.0017447439,0.648295462,0.433689564,-0.000853589678,0.652301431,0.440965235,-0.00253306795,0.612792432,0.417147547,0.00124138908,0.638307333,0.426011354,-0.00147965958,0.647514462,0.434687704,-0.00178707985,0.650582,0.441666424,-0.00169016223,0.608052075,0.419863045,-0.00297255535,0.629090846,0.42692,-0.00422727829,0.638318181,0.433589488,-0.00311679114,0.642844677,0.439114422,-0.00176693115
6150.000000000023,0.589413285,0.425360233,2.01347272e-009,0.598626137,0.413975269,-0.000493720232,0.614600241,0.406876177,-0.001089331,0.627672434,0.402769893,-0.00316972286,0.637591362,0.398715079,-0.00507080695,0.63657,0.412191302,0.0064326073,0.652262032,0.415401,0.00286587724,0.657243311,0.420180649,-0.00150800764,0.657887697,0.424789727,-0.00428609131,0.638974965,0.418714136,0.0036550248,0.654706955,0.422149688,0.00137030007,0.657982,0.42636323,-0.00259630335,0.657401264,0.429993242,-0.00559076853,0.638830066,0.425419182,4.40722142e-005,0.654482126,0.428503722,-0.0031125634,0.65734005,0.432474613,-0.00448362343,0.656704307,0.435678333,-0.00500705745,0.63625896,0.432766944,-0.00383836846,0.649702966,0.435575873,-0.00532510225,0.653120875,0.437969714,-0.00418446166,0.653296053,0.439781427,-0.00288340147
6166.66666666669,0.602697551,0.41244328,7.74336684e-008,0.609430134,0.403297961,0.00474441331,0.621673584,0.3999331,0.00807660539,0.631518841,0.397402734,0.00931796432,0.637074649,0.394218117,0.0101613114,0.643757045,0.409618497,0.0152931232,0.656018436,0.414337724,0.0178881269,0.661583,0.418873578,0.0168613251,0.66373533,0.42309773,0.0157724582,0.644549429,0.415001661,0.0118652424,0.656537592,0.420752555,0.0161214303,0.661471725,0.425324559,0.0148414159,0.664229631,0.429886103,0.0127764605,0.643204629,0.419719517,0.00785250682,0.65470767,0.426347643,0.0100993849,0.658954144,0.430698037,0.00866924319,0.661382496,0.43441537,0.00689054513,0.639504492,0.423979551,0.00383897196,0.648518085,0.429914027,0.00588783901,0.652702,0.433949292,0.00691819377,0.655171812,0.437222,0.0072378614
6183.333333333357,0.607145548,0.40861246,9.44907157e-008,0.613139629,0.400817662,0.00206704158,0.622342,0.397936404,0.00177695707,0.629019082,0.394822389,0.000287382456,0.633068621,0.39180389,-0.00167485618,0.64390707,0.407517,0.00500554079,0.656353652,0.411464095,0.00524140755,0.662172437,0.415279359,0.00402413541,0.665071726,0.418663025,0.00294035464,0.644482493,0.412315279,0.00207461603,0.657590032,0.418259829,0.00336730573,0.66195184,0.422544926,0.00231836317,0.663374782,0.426555127,0.000845517556,0.64265132,0.416669786,-0.00110114354,0.656127751,0.422992796,-0.000470796833,0.660622537,0.427342266,-0.00169731933,0.662341118,0.431116521,-0.00319876987,0.638877273,0.420455247,-0.00431109639,0.649035692,0.426241517,-0.00347093819,0.654121041,0.43032825,-0.00291401893,0.657201111,0.433695078,-0.00292306556
6200.000000000024,0.606577873,0.406213909,8.25289703e-008,0.611603141,0.399240673,0.000240503388,0.619816959,0.396737844,-0.00112695922,0.625795305,0.393846899,-0.00339960936,0.629340768,0.390711933,-0.00609398447,0.641552,0.405704767,0.00275110663,0.653529823,0.408275455,0.00217531901,0.660111606,0.411107957,0.000521884533,0.663979471,0.413649678,-0.000862767745,0.642839611,0.410150498,0.000411151355,0.656108201,0.415124953,0.000885372458,0.661847293,0.418991238,-0.000326162524,0.664544165,0.422826886,-0.00177454273,0.641339779,0.414316535,-0.00233281218,0.655471683,0.420107722,-0.00260039675,0.660961926,0.424198151,-0.00401058607,0.663735092,0.427892148,-0.0053808107,0.637876034,0.418033451,-0.00523808924,0.648617864,0.423788488,-0.00516150054,0.654407501,0.427845865,-0.0049119317,0.658303082,0.431257129,-0.00499044033
6216.666666666691,0.606304049,0.405233979,8.30824902e-008,0.611047089,0.398732841,-0.000353757816,0.618631601,0.396326035,-0.00234760158,0.624360442,0.393298119,-0.00511249201,0.627907634,0.389893353,-0.00820991863,0.640173316,0.404665291,0.00127295626,0.652926505,0.406753451,-5.6351917e-005,0.659784794,0.409249872,-0.00196013087,0.664019167,0.411633551,-0.00340248854,0.641788125,0.408973306,-0.000978676137,0.655758798,0.413266301,-0.00129019,0.662267,0.416782141,-0.00253585866,0.665752947,0.420427382,-0.00387534476,0.640521228,0.413118035,-0.00367103377,0.655124,0.418437541,-0.0045346464,0.661253273,0.422278196,-0.00580770569,0.664543688,0.425793022,-0.00691782637,0.637291431,0.41693154,-0.00654673064,0.64855355,0.422399521,-0.00670790253,0.654397607,0.42632845,-0.00626434106,0.658333957,0.429621726,-0.00610973
6233.333333333358,0.607141495,0.404993147,7.65682273e-008,0.611452281,0.398503184,-0.000449825311,0.618597031,0.39608705,-0.00253523141,0.624303281,0.393149614,-0.00538390502,0.627770305,0.389844984,-0.00862345,0.639930248,0.404153615,0.000739890616,0.652311146,0.405860901,-0.000724191312,0.658825934,0.408211082,-0.00279305247,0.662987113,0.410530806,-0.0043503535,0.641672909,0.40849182,-0.00145893649,0.655490458,0.412471712,-0.00168981787,0.661660969,0.415845573,-0.00302556879,0.664886892,0.419424057,-0.00451370282,0.640430629,0.412592024,-0.00404567318,0.655040741,0.417565733,-0.00485575246,0.660929739,0.421447575,-0.00623067934,0.664098442,0.425076365,-0.00750057912,0.637172401,0.416311055,-0.00681112614,0.648393154,0.421631545,-0.0071104141,0.654136479,0.425619453,-0.00679039955,0.658034325,0.428974,-0.00674614171
6250.000000000025,0.607565761,0.405036,8.61522693e-008,0.612001181,0.398782462,0.000364849227,0.619103,0.396813601,-0.00145455089,0.624395192,0.394058675,-0.0042368737,0.627900898,0.39090097,-0.00748266093,0.639918149,0.404397,0.00101517793,0.652807951,0.405955732,-0.000685004052,0.659430146,0.408593267,-0.00267593609,0.663350523,0.4112598,-0.00401730929,0.641525745,0.408508658,-0.00161186839,0.656174719,0.413066208,-0.00214530947,0.662413836,0.417011529,-0.00347356871,0.665263236,0.420942247,-0.00472877501,0.640160739,0.412475646,-0.00454636943,0.655724168,0.417781,-0.00543870823,0.661524236,0.421879649,-0.00666876184,0.664248526,0.425593972,-0.00769379549,0.636816144,0.416111112,-0.00757824862,0.648542643,0.421435595,-0.00781725533,0.654337823,0.425473392,-0.00735126436,0.658074081,0.428760678,-0.00709506636
6266.6666666666915,0.609114468,0.406370521,8.35678193e-008,0.613990486,0.400407672,0.000896744197,0.620977521,0.398269385,-0.000876229955,0.626282,0.395289332,-0.00370005541,0.62924,0.392275155,-0.00702406187,0.640556931,0.40538466,0.000202687894,0.653929234,0.407070905,-0.00192612188,0.660361171,0.410115272,-0.00389178959,0.663729,0.413294584,-0.00505412184,0.642027855,0.409460604,-0.0026784956,0.657388866,0.414044112,-0.0035774908,0.66341573,0.418112099,-0.00482669612,0.6656,0.422112495,-0.00593210803,0.640708625,0.413579851,-0.00574863236,0.656488359,0.41910848,-0.00676843105,0.662273169,0.423376769,-0.00810773391,0.664472044,0.427200466,-0.00918233395,0.637565851,0.41751,-0.00882962625,0.649327874,0.422920048,-0.00913116336,0.654798,0.42698586,-0.00876260083,0.657869,0.430318981,-0.00855664629
6283.3333333333585,0.609908283,0.407734931,7.47042392e-008,0.614743233,0.401166439,0.00257455977,0.622522295,0.399451286,0.00256079622,0.628156781,0.396986425,0.0011917213,0.631574333,0.394274682,-0.000719783187,0.641908288,0.40698725,0.00438325,0.65522933,0.409005344,0.00386103126,0.661732197,0.412161708,0.0026135908,0.665106058,0.415388286,0.00178098923,0.643458247,0.411346585,0.00124191283,0.658063293,0.41584909,0.00189541338,0.663845897,0.4197914,0.000667508692,0.66579622,0.42377013,-0.000617206679,0.642125845,0.415668041,-0.00205209735,0.656631,0.421179831,-0.00164901186,0.662074745,0.425198,-0.00309624663,0.664229214,0.428773314,-0.0045099468,0.638896167,0.419578135,-0.00528096501,0.649710476,0.424898744,-0.00438871328,0.655099154,0.428733855,-0.00392328622,0.658388376,0.431871474,-0.00385587593
6300.0000000000255,0.61070472,0.409639448,6.45293312e-008,0.616170049,0.402466327,0.00254645315,0.624884903,0.400486648,0.0026957714,0.631680727,0.398228824,0.00151722354,0.635798931,0.395350724,-0.000210101323,0.643174291,0.409177423,0.00469806418,0.656558871,0.411161155,0.0046272357,0.662580669,0.413897038,0.00366733526,0.665170968,0.416683644,0.00300551183,0.644292653,0.413876,0.00166781747,0.658664584,0.418012649,0.00269422354,0.664429843,0.421613,0.00160157308,0.66610086,0.425286859,0.000385403488,0.642622,0.418294191,-0.00152560521,0.656752527,0.423469514,-0.000945221633,0.662293136,0.427375138,-0.00250001741,0.664394617,0.430831373,-0.00405723648,0.639174163,0.422033221,-0.00463726,0.649569213,0.427266628,-0.00391828502,0.654826164,0.431120247,-0.00363998394,0.657877803,0.434260786,-0.00370406918
6316.666666666692,0.611899137,0.411616743,6.10572286e-008,0.617915273,0.404529661,0.00112022541,0.627572894,0.402399063,0.000630434486,0.635676622,0.400293201,-0.000861378794,0.64042896,0.39740786,-0.0027319123,0.644619107,0.412156373,0.00304599595,0.657531202,0.414313853,0.00254432391,0.663094938,0.416884571,0.00130932673,0.665477872,0.419479817,0.000389169814,0.644984782,0.416963518,0.000549438933,0.658579,0.42130816,0.000774848741,0.663878,0.42494911,-0.000595721416,0.665396214,0.428556204,-0.00192572572,0.642942965,0.421215415,-0.00220199092,0.656327128,0.426584393,-0.00249460409,0.66105777,0.430551678,-0.00420783693,0.662778139,0.433996171,-0.00572017441,0.639275789,0.42475006,-0.00495747523,0.648940325,0.430183798,-0.00498598395,0.653809905,0.434025258,-0.00502019282,0.656719267,0.437149018,-0.00521291699
6333.333333333359,0.612678707,0.414897,7.043e-008,0.619738,0.407745093,2.91116739e-005,0.629676402,0.40537712,-0.00147252344,0.638261139,0.403396368,-0.00373563264,0.643893659,0.40061298,-0.00626127841,0.647032559,0.414633781,0.00083736371,0.658630967,0.417988,-0.000663017971,0.663520694,0.4212659,-0.00254086615,0.665595293,0.424254805,-0.00391380256,0.646782577,0.419725627,-0.00141316431,0.658942461,0.424651176,-0.00203661,0.663283646,0.428680301,-0.0036068256,0.664326131,0.43247968,-0.00509521039,0.644075394,0.42421037,-0.00393618084,0.65627563,0.429906458,-0.00500933733,0.660309374,0.434142143,-0.00657925894,0.661615252,0.437805861,-0.00796481,0.639570177,0.427998871,-0.00653608656,0.648134,0.433714628,-0.00722138444,0.652180731,0.437776685,-0.00726419827,0.654476583,0.441202372,-0.00739695039
6350.000000000026,0.613657057,0.417691946,9.03474486e-008,0.62128669,0.411056578,-0.000645252876,0.631808519,0.409041375,-0.0025840844,0.640893459,0.407816082,-0.0050101392,0.646790743,0.405350834,-0.00777252344,0.649089456,0.416883707,-0.00194993394,0.660028338,0.421533316,-0.00439720321,0.663962781,0.425684422,-0.00673487,0.665331364,0.429576665,-0.00840535481,0.648107409,0.422588289,-0.004116314,0.659260631,0.429023,-0.00578808645,0.662786543,0.43413803,-0.00789491273,0.663305342,0.438704222,-0.00971055683,0.644458473,0.427376926,-0.00643072557,0.655683219,0.43437025,-0.00854010414,0.659004331,0.439409703,-0.01064693,0.659517944,0.443529874,-0.0122992238,0.6387977,0.43128404,-0.0087722484,0.646425843,0.4377231,-0.0102717392,0.649928153,0.442216516,-0.0107900482,0.651639104,0.445968717,-0.0112002119
6366.666666666693,0.613984048,0.420353264,9.41579259e-008,0.622657895,0.41468,-0.00135325501,0.633266091,0.413057804,-0.00386179751,0.642247736,0.411710411,-0.00685370341,0.648502171,0.409243673,-0.0100890622,0.650051296,0.421921343,-0.00239633489,0.660356522,0.42768693,-0.00551771419,0.663715839,0.432189494,-0.00847878773,0.664714813,0.436173141,-0.0105197355,0.648080111,0.426786274,-0.0042973794,0.658356965,0.433763325,-0.00647422345,0.660889745,0.43884778,-0.00882589817,0.660665631,0.443223774,-0.0107101416,0.643694,0.43092376,-0.00646307552,0.653730452,0.438284427,-0.00883885287,0.656522512,0.443277359,-0.0107910736,0.656967402,0.44725126,-0.0122595448,0.63721776,0.434356511,-0.00876928866,0.643629849,0.441168785,-0.0105671482,0.646154463,0.445692331,-0.0110920938,0.647280514,0.449366599,-0.0113761015
6383.33333333336,0.612783074,0.422188044,9.61060351e-008,0.62256825,0.416925669,-0.00116697978,0.633734703,0.416148901,-0.00347885559,0.643262863,0.415142477,-0.00638854271,0.650188684,0.412847281,-0.00947398692,0.649602473,0.426075131,-0.000964193256,0.658887327,0.432302982,-0.00371484063,0.661836505,0.437122732,-0.00662180129,0.662275255,0.441375375,-0.00871651,0.647064507,0.43061617,-0.00298814871,0.655721843,0.437791616,-0.00485590892,0.657431126,0.443029,-0.00716144592,0.656561255,0.447569668,-0.00903780106,0.642183244,0.434467524,-0.0053480966,0.651063263,0.441982955,-0.00746270362,0.653034151,0.447043449,-0.00921691488,0.652769148,0.451182753,-0.0105787562,0.635196924,0.437631339,-0.00790716615,0.640361786,0.444553584,-0.00940625,0.642119825,0.44915989,-0.00971676316,0.642475963,0.452931523,-0.00985553116
6400.000000000027,0.540658355,0.424318194,-4.30054392e-008,0.525555789,0.41192162,0.00223857048,0.500410676,0.406750172,0.00369016593,0.485744208,0.407351106,0.00337897,0.475094169,0.408581704,0.00269587897,0.475679487,0.409282714,0.0101838112,0.462510645,0.417925537,0.00572409434,0.468724281,0.421349615,7.25314312e-005,0.476803482,0.420914441,-0.00331792445,0.472865105,0.417237461,0.00633331109,0.46218136,0.424368978,0.00293738372,0.471463412,0.427039444,-0.00112607516,0.481515199,0.425705552,-0.00304380711,0.474463582,0.426678121,0.00172359368,0.464987874,0.432537764,-0.00301527139,0.475274593,0.434376925,-0.00344414543,0.483993739,0.4323259,-0.00253153197,0.479707569,0.436291665,-0.00277035846,0.472822964,0.440603346,-0.0067226137,0.48230496,0.441610873,-0.00471088337,0.489955455,0.440126628,-0.00161597191
6400.000000000027,0.612422287,0.424335,1.11668442e-007,0.622026682,0.418530524,-0.00399743859,0.633104086,0.416846812,-0.00811057352,0.643217921,0.416282505,-0.0121690743,0.651622772,0.414820522,-0.0162349,0.649274409,0.428448617,-0.00513489079,0.65835166,0.434872746,-0.00939013902,0.660645485,0.439965814,-0.0132191032,0.660285234,0.444269598,-0.0157947019,0.646199822,0.433361888,-0.00615665829,0.654650271,0.44084,-0.00931578,0.655834198,0.446228117,-0.0123533262,0.65433,0.450762689,-0.0146897146,0.640526831,0.437242061,-0.00764541514,0.648924,0.445221812,-0.0108589334,0.650179923,0.450554162,-0.0131596364,0.649202585,0.454862833,-0.0148399239,0.632323563,0.440201163,-0.00946553,0.637400568,0.447280824,-0.0121149253,0.638834357,0.451878786,-0.0130135855,0.638899386,0.455715716,-0.0134547371
6416.666666666694,0.538579822,0.426486969,-9.15582845e-008,0.524173796,0.41360268,0.00356678688,0.498638362,0.409867674,0.00549620809,0.483890325,0.410909295,0.00569684291,0.474538863,0.412858,0.005593793,0.46993196,0.411697477,0.00787062477,0.456600398,0.424345344,0.00443324586,0.466359645,0.428298593,0.000376696291,0.477212518,0.426533908,-0.00189905916,0.466966122,0.420562595,0.00426867325,0.456100196,0.431594163,0.00203968934,0.468165725,0.434573799,0.000124215163,0.48002854,0.431833029,-0.000416236086,0.469137102,0.430823982,0.000423374062,0.461305827,0.440007299,-0.00273227412,0.474056572,0.441967249,-0.00214843126,0.484105855,0.438442022,-0.00101592403,0.474683523,0.441047877,-0.00321975723,0.471630454,0.447931051,-0.00650808355,0.483362526,0.448829591,-0.0047963527,0.492560446,0.446088105,-0.00204206514
6416.666666666694,0.612894058,0.425971717,9.80424346e-008,0.622247696,0.4202573,-0.00541974697,0.633017,0.417848796,-0.00987108052,0.643418789,0.417284,-0.014136238,0.652719855,0.416370332,-0.0182902906,0.648464,0.429975152,-0.00551413279,0.657836854,0.435663521,-0.00993126817,0.659833312,0.44018051,-0.0139824161,0.659001768,0.444167763,-0.0168251712,0.645277619,0.435128897,-0.00613797782,0.653525829,0.442099094,-0.00970859,0.654254436,0.447166711,-0.0131428605,0.652064621,0.451561421,-0.0157570913,0.639344,0.439087898,-0.00744148483,0.647185087,0.446700066,-0.0112384185,0.648090243,0.451936454,-0.0139299305,0.6464867,0.456294745,-0.0158523694,0.630706608,0.441955566,-0.00921427365,0.635124803,0.448806286,-0.0125927487,0.636403561,0.453419328,-0.0139344949,0.636198401,0.457446039,-0.0146621605
6433.333333333361,0.540792227,0.426733732,-1.37297647e-007,0.524692059,0.414321303,0.00640458148,0.498602659,0.411585242,0.00970339775,0.483542919,0.411602885,0.0106034381,0.474509209,0.411751211,0.01130863,0.472670704,0.411352426,0.011460972,0.459054917,0.424222946,0.00868830737,0.467949837,0.427817792,0.00466766255,0.477885514,0.426331073,0.00219880673,0.46775642,0.419467747,0.00648407638,0.457149744,0.431345314,0.00540633826,0.468326479,0.434096,0.00369798369,0.478978276,0.43123579,0.0028917538,0.468333602,0.429425836,0.00131614658,0.46019727,0.439108044,-0.000360140635,0.472257167,0.441162586,0.000568385818,0.481394857,0.437824517,0.00128746603,0.472435445,0.440046251,-0.00361189083,0.470482379,0.44693628,-0.00594254397,0.48213011,0.448081553,-0.00419033645,0.490168869,0.445580184,-0.00180703297
6433.333333333361,0.612306297,0.427529305,8.52526156e-008,0.622051477,0.422190756,-0.00546415057,0.633002,0.419384599,-0.0102926427,0.642941415,0.418508053,-0.014928651,0.652271688,0.418181688,-0.0193849709,0.64771378,0.430966944,-0.00633762078,0.657811046,0.435839236,-0.011276166,0.659859598,0.439908862,-0.0155298254,0.658629298,0.443473965,-0.0184572171,0.644315,0.436612666,-0.00714511378,0.653633714,0.443172634,-0.0115784183,0.654342294,0.447759837,-0.015274494,0.651817381,0.451447755,-0.0178837199,0.638178,0.441050917,-0.00860475842,0.646449566,0.448455036,-0.013065801,0.647375524,0.453614652,-0.0157644972,0.645462334,0.457729071,-0.0175467,0.629337728,0.444287241,-0.0104826922,0.633827448,0.451170027,-0.0144170774,0.635319889,0.455802113,-0.0158308,0.635190487,0.459858537,-0.0165200792
6450.000000000028,0.540363073,0.428001791,-1.06400982e-007,0.523605883,0.416215181,0.00409098249,0.496986598,0.412064731,0.00530322222,0.480716228,0.411611646,0.0047619231,0.47074908,0.412406653,0.00420194631,0.470993459,0.413032264,0.00508303801,0.454265326,0.427727073,-2.73663882e-005,0.464132,0.430762887,-0.00450945552,0.473974645,0.428038836,-0.00666450476,0.469943792,0.421405077,0.000953330949,0.457331717,0.434561819,-0.00200708164,0.468475848,0.436786532,-0.00309365545,0.478516489,0.433063596,-0.00319533818,0.4725779,0.431590557,-0.00337741151,0.463760734,0.442041576,-0.00665785698,0.474974781,0.443396091,-0.00450682128,0.483634233,0.439284682,-0.00243108044,0.477705359,0.442246467,-0.00754265813,0.472280204,0.44872874,-0.0101727825,0.483392566,0.449418515,-0.00710915122,0.491856307,0.446586341,-0.00346480194
6450.000000000028,0.611030579,0.428549975,9.80217436e-008,0.621199965,0.42298317,-0.00487307645,0.63233304,0.420327425,-0.00965366885,0.642546058,0.419276774,-0.014347042,0.651967227,0.418927103,-0.0189108513,0.647508264,0.432412595,-0.00628422387,0.657550335,0.438897908,-0.0108963372,0.659097552,0.443512827,-0.014800298,0.657426,0.447200239,-0.0174477827,0.643554747,0.437796563,-0.00721196411,0.652778745,0.445326477,-0.01081252,0.653804064,0.450497448,-0.013778612,0.651580274,0.454670936,-0.0160922054,0.637123406,0.442080677,-0.00871734414,0.645740509,0.4501203,-0.0123109818,0.646684825,0.45526287,-0.01422182,0.644782603,0.459297359,-0.0156686679,0.628275454,0.445439905,-0.010636868,0.632889688,0.452502161,-0.0136760529,0.634158075,0.45701474,-0.0142983859,0.633704782,0.460751206,-0.0144993253
6466.666666666695,0.544225156,0.428106636,-1.14616824e-007,0.527080655,0.416349649,0.00320269214,0.499390334,0.411654055,0.00424907729,0.480518818,0.409793496,0.00374374492,0.467146903,0.408904731,0.00310691865,0.471038133,0.414558947,0.00419749692,0.454426795,0.429393649,-0.000919486629,0.463559151,0.432204098,-0.00564748235,0.473281324,0.429428935,-0.00819085166,0.470157087,0.422987878,0.00025947392,0.457579106,0.436192095,-0.0029156676,0.468415499,0.438052118,-0.00472545344,0.478629649,0.43422842,-0.00546594523,0.473918676,0.433180273,-0.00386166456,0.465100318,0.443403959,-0.00766777247,0.475876778,0.444387645,-0.00615205569,0.48450163,0.440348119,-0.00463451212,0.48065272,0.44379124,-0.00786087476,0.476661772,0.45007354,-0.0117063085,0.487611294,0.450271249,-0.00945232157,0.495396,0.447392732,-0.00631995546
6466.666666666695,0.609190106,0.428731591,9.96679574e-008,0.619574845,0.423336506,-0.00533230789,0.631686151,0.420569956,-0.0105660977,0.642444909,0.419364393,-0.0156333856,0.652175188,0.418927163,-0.0204584319,0.6484828,0.432448387,-0.00710391533,0.658652067,0.439378023,-0.0121395085,0.659511209,0.44407317,-0.0162508059,0.65705204,0.447617829,-0.0189630706,0.643951,0.43791163,-0.00792051293,0.65351963,0.44536528,-0.0118879387,0.654129,0.450481743,-0.0149381226,0.651499927,0.454446971,-0.0172679648,0.636786,0.442245811,-0.00933504477,0.64584142,0.450027823,-0.0130824037,0.646709442,0.455075711,-0.0149180908,0.644864082,0.458988518,-0.0163099971,0.627337933,0.445712149,-0.0111949695,0.632773042,0.452644229,-0.0143421721,0.63444221,0.457155913,-0.0149699906,0.634364307,0.460986763,-0.0151343439
6483.333333333362,0.546599746,0.42765063,-1.27461902e-007,0.528380692,0.416837066,0.00225066021,0.5003649,0.412247479,0.00258509023,0.481593698,0.410545468,0.00134602783,0.468714267,0.410662681,0.000305933761,0.472312331,0.41347304,0.00482785376,0.455472231,0.42911154,-0.00174918491,0.464751214,0.431786716,-0.0074950913,0.474732906,0.428844303,-0.0105852336,0.470952034,0.421216041,0.000782604213,0.455106497,0.435609281,-0.0048850337,0.467325419,0.437631041,-0.00751861092,0.479106933,0.433761805,-0.00816519838,0.473621219,0.431089103,-0.0037999968,0.461324573,0.44281739,-0.00914936513,0.473757446,0.443883508,-0.0076662479,0.483547509,0.43957746,-0.005778783,0.479378253,0.4417409,-0.00848279614,0.474509329,0.449589431,-0.0137528544,0.486128241,0.449885607,-0.0123836556,0.49394843,0.446504653,-0.00969425123
6483.333333333362,0.609293401,0.42875731,8.94020431e-008,0.619414091,0.423503458,-0.00488861231,0.631287277,0.420740426,-0.00999073125,0.641837955,0.41932252,-0.0150177851,0.651714861,0.418648332,-0.0198542904,0.64808023,0.432899982,-0.0066041071,0.658426821,0.439590514,-0.0116773685,0.659363627,0.444013059,-0.0158958063,0.657209694,0.447287023,-0.0186706148,0.643569529,0.438260287,-0.00770092756,0.652824879,0.445809543,-0.0115732243,0.653505921,0.450819135,-0.0146605279,0.651392221,0.454680979,-0.0170832369,0.636436522,0.442453116,-0.00938596856,0.645108283,0.450259924,-0.0130685056,0.645953655,0.455251,-0.0147910938,0.644429505,0.459100723,-0.0161240734,0.627018154,0.445721,-0.0114863804,0.632462204,0.452664196,-0.0144934934,0.634275675,0.457153171,-0.0149293831,0.634595215,0.460935891,-0.0150026539
6500.000000000029,0.548074126,0.427608371,-1.28034657e-007,0.530296147,0.416533291,0.00197765511,0.501812041,0.412070215,0.00233711186,0.482278615,0.409739733,0.00102560071,0.468840212,0.407839149,-0.000206961442,0.472325861,0.413970768,0.00513825659,0.455430359,0.430046767,-0.00169247214,0.464911401,0.433109641,-0.0079411054,0.474999279,0.430185527,-0.0114077432,0.471280545,0.421802193,0.00128925173,0.455868334,0.436318159,-0.00429174397,0.468036264,0.438628793,-0.00702032726,0.479618877,0.434634387,-0.00784147438,0.474442214,0.431550056,-0.00319716521,0.461803406,0.443295747,-0.00900260359,0.473906845,0.444795817,-0.00753834425,0.483896166,0.4405846,-0.00552170118,0.480627507,0.442058295,-0.00780300284,0.47456786,0.449861,-0.0133929029,0.485618651,0.450486481,-0.0119765773,0.493704468,0.447179019,-0.00912508089
6500.000000000029,0.608909905,0.428338408,9.78750165e-008,0.619172394,0.422713518,-0.00457243947,0.630857468,0.420154512,-0.00941921398,0.641433835,0.418905169,-0.0142314518,0.651008,0.417723298,-0.0189030934,0.64753592,0.432708412,-0.00633719936,0.657988548,0.439959794,-0.0106797516,0.65904969,0.444681376,-0.0142121809,0.656945109,0.44824791,-0.0165702626,0.643207848,0.437893152,-0.0073350789,0.652813733,0.445877939,-0.0104630413,0.653543651,0.45106408,-0.0130929789,0.651246965,0.455137193,-0.0152881434,0.636541367,0.442002773,-0.00881909858,0.645759583,0.450012267,-0.0118156588,0.646372676,0.455021709,-0.0134004587,0.644346595,0.458878815,-0.0147341723,0.62782836,0.44525823,-0.0107222283,0.633563876,0.452120125,-0.0131706456,0.635180414,0.456541568,-0.0135100381,0.634957254,0.460255951,-0.0135628758
6516.666666666696,0.549725831,0.426458895,-1.25619621e-007,0.530478895,0.415522069,0.00379592157,0.502431154,0.411572248,0.00484214956,0.483943552,0.409002155,0.00374014745,0.470612675,0.406489819,0.00248225289,0.471528947,0.414307863,0.0071748076,0.455673456,0.429910958,0.00157272164,0.465297103,0.433449894,-0.00409352081,0.475366265,0.430872649,-0.00731561659,0.470839232,0.422600925,0.00254463241,0.455909759,0.436572105,-0.00170332799,0.468082041,0.439339399,-0.00417760294,0.480069518,0.435712188,-0.00497921044,0.474748373,0.432721138,-0.00250237319,0.463679641,0.443962127,-0.00696838927,0.475639462,0.445612311,-0.00563055277,0.485770106,0.44159174,-0.00394128077,0.481805742,0.443445623,-0.00751917716,0.476456434,0.450708658,-0.0117523754,0.487321109,0.451219767,-0.00988324825,0.495574951,0.447993279,-0.00690599624
6516.666666666696,0.609495,0.42702198,9.77386634e-008,0.619340479,0.421648353,-0.00389315374,0.630321145,0.419296801,-0.00833329,0.640100181,0.417884648,-0.0128459735,0.649014473,0.416703939,-0.0173268896,0.647285461,0.430821568,-0.00572991977,0.658059061,0.437466681,-0.00984531455,0.659701288,0.442124963,-0.0132335173,0.658021867,0.445856124,-0.0155116087,0.643648863,0.43591097,-0.00696263276,0.653516293,0.443768978,-0.00984720048,0.654569149,0.448936015,-0.0124491546,0.652437568,0.453180104,-0.0146559533,0.637422323,0.440075278,-0.00862891786,0.646622777,0.448432475,-0.0115751494,0.647382379,0.453503698,-0.0133553827,0.645586848,0.457482368,-0.0148747927,0.629018724,0.443467438,-0.01062252,0.634373546,0.450559646,-0.0129878325,0.635837913,0.454968125,-0.0133624822,0.635698,0.458690822,-0.0135390069
6533.333333333363,0.551933169,0.425838917,-1.13791891e-007,0.530065298,0.414435744,0.00205121795,0.502642691,0.411897451,0.00170392462,0.485908121,0.412834883,-0.000505060481,0.474056602,0.415586919,-0.00258951355,0.472495437,0.412867,0.00649407087,0.458280414,0.429033697,-0.000521996699,0.467900902,0.432052463,-0.00763663277,0.477516562,0.429245383,-0.0116519136,0.470546335,0.421373665,0.00238930504,0.45874837,0.435504198,-0.00260929251,0.471062303,0.43780762,-0.00631524948,0.482454032,0.434091389,-0.00795237,0.47347641,0.431926191,-0.00234742812,0.464722067,0.443228692,-0.00671246601,0.477259,0.444552302,-0.00607658271,0.486750722,0.440338463,-0.00509847375,0.479612976,0.442846298,-0.00732376846,0.477659225,0.450683355,-0.0116525013,0.48947829,0.451085955,-0.010313659,0.497371644,0.447803169,-0.00775535638
6533.333333333363,0.609156787,0.425320119,1.21866677e-007,0.619219303,0.419717848,-0.00372134941,0.629933894,0.417674631,-0.00767943496,0.63969028,0.416182309,-0.0116728693,0.648251295,0.414592922,-0.0157628153,0.646190643,0.429046512,-0.00478964206,0.656373262,0.435848415,-0.00850234926,0.659599662,0.440988332,-0.0119062476,0.660484433,0.44549787,-0.0142567018,0.642974317,0.433894694,-0.0058507286,0.652152658,0.442583799,-0.008289936,0.654288948,0.44820261,-0.0108464826,0.653975129,0.453265697,-0.0130886529,0.637343764,0.437910289,-0.00737478631,0.646425843,0.446691424,-0.0100669162,0.648511112,0.452135623,-0.0121248495,0.648349524,0.456707507,-0.0137904789,0.629705,0.441041589,-0.00923424121,0.63556993,0.44853279,-0.0112413531,0.637887716,0.453310132,-0.011781632,0.638908923,0.457475573,-0.0121616479
6550.00000000003,0.549781203,0.424727917,-1.32952323e-007,0.529277682,0.413048774,0.00306016137,0.501620054,0.410746127,0.00373836234,0.484874129,0.4116714,0.00243381923,0.472981036,0.413656056,0.00120353827,0.471512944,0.411318779,0.00837364048,0.459561229,0.425914139,0.00269983918,0.470254719,0.429495335,-0.00384266232,0.481482923,0.427315414,-0.00760271,0.467220098,0.420128524,0.00441779243,0.459593475,0.433325797,0.00126278063,0.472487926,0.436146915,-0.00214878866,0.484029353,0.432955891,-0.00386339566,0.468700677,0.431049079,-5.38834029e-005,0.463977545,0.441861808,-0.0028517032,0.476448953,0.44351086,-0.00243031466,0.485666543,0.439719051,-0.00196806877,0.47333923,0.4423289,-0.00466826651,0.474672824,0.450476319,-0.00766269118,0.486697614,0.45128426,-0.00603844086,0.494589865,0.44831574,-0.00344458525
6550.00000000003,0.607916594,0.423411399,1.33909111e-007,0.618554413,0.418324172,-0.00234131841,0.629615545,0.41677025,-0.00598707423,0.63902396,0.414780259,-0.00989115611,0.645965159,0.412117869,-0.0140579557,0.645928085,0.426173,-0.00503768958,0.657434762,0.43320483,-0.00887546,0.66162163,0.43849194,-0.0120146852,0.66326791,0.443135649,-0.0140769733,0.643151879,0.430718809,-0.00678569,0.653208733,0.43974185,-0.00944014825,0.656189382,0.445631206,-0.011735904,0.656638563,0.450829297,-0.0136913797,0.637997448,0.434807152,-0.00880254246,0.647826135,0.44388333,-0.0113332095,0.650684953,0.44963643,-0.0132560851,0.651043653,0.454388648,-0.0148391537,0.631167054,0.438251138,-0.0110386424,0.637857616,0.445840448,-0.0125796702,0.640434682,0.450604349,-0.0128373224,0.641590238,0.454642057,-0.013090401
6566.666666666697,0.546243548,0.424120426,-1.32499338e-007,0.530280828,0.412890226,0.00227162498,0.505259156,0.408949703,0.00173295476,0.489614129,0.406545341,-0.000289299438,0.478278518,0.403592885,-0.00220899493,0.468143016,0.412022203,0.00574648241,0.461842,0.425050527,0.000775163295,0.473457754,0.427921891,-0.00599435391,0.485292017,0.425668895,-0.0102097802,0.462789059,0.421349704,0.00234393869,0.463072956,0.433009297,0.000861484732,0.475815982,0.43518883,-0.00222079107,0.487236321,0.431772351,-0.00441916147,0.464683235,0.432347149,-0.00128024037,0.466445684,0.441667855,-0.00286385464,0.478939921,0.442581803,-0.00223535439,0.488360971,0.438613683,-0.00215956522,0.469909459,0.443274319,-0.00511926785,0.475758135,0.450312197,-0.00774456421,0.488514215,0.450384229,-0.00600338168,0.496414274,0.447083801,-0.0034180854
6566.666666666697,0.607166648,0.420027286,1.35382905e-007,0.616943955,0.414818823,-0.00115632429,0.627804637,0.413936555,-0.0040196781,0.637028456,0.412025034,-0.00736117456,0.643888772,0.409035206,-0.0110403094,0.644252539,0.423351705,-0.00316500291,0.656815052,0.429452032,-0.00617420441,0.663028777,0.434175581,-0.00880540069,0.666836441,0.43835324,-0.0106105255,0.642450869,0.427591383,-0.00535385683,0.653724253,0.436169624,-0.00720050046,0.65813756,0.441825211,-0.00890556071,0.660115719,0.44691807,-0.0104786009,0.637799263,0.431609035,-0.00776566938,0.648534358,0.44057557,-0.00970727298,0.652446032,0.446101695,-0.0111520393,0.653978527,0.450643212,-0.0124414768,0.631313205,0.435076416,-0.0103471363,0.63886255,0.442759901,-0.0113646425,0.642205238,0.44756037,-0.0112482617,0.644303262,0.451592505,-0.0112854922
6583.333333333364,0.5394454,0.422143638,-9.89178e-008,0.524866402,0.41078338,0.004579762,0.50192976,0.406886786,0.0065670386,0.48918134,0.405118197,0.0068813283,0.480797201,0.404448152,0.00700485148,0.464381129,0.413441628,0.0106364042,0.462571621,0.423105866,0.00987649,0.474101126,0.42529431,0.0055665765,0.484812617,0.42329511,0.00264269602,0.459412962,0.423159599,0.00751245,0.462858111,0.431489944,0.0104341926,0.475167572,0.433312058,0.00836072676,0.485865891,0.430484712,0.00633973768,0.462182611,0.433922142,0.00445339223,0.465829492,0.440681458,0.00597368414,0.478094399,0.441369832,0.00563156791,0.487520248,0.438115776,0.00475877104,0.468411773,0.444311082,0.00156063447,0.473972291,0.449755937,0.00158052857,0.486108,0.449589163,0.00355049432,0.494869143,0.4468337,0.00597609347
6583.333333333364,0.605254233,0.418025553,1.34323898e-007,0.615358591,0.412892461,7.31817127e-005,0.626074672,0.411798418,-0.00250918185,0.634257615,0.409859031,-0.00571764912,0.640378773,0.407144696,-0.00935993437,0.643107533,0.419766217,-0.00359368161,0.657260895,0.425661832,-0.00678150263,0.663992405,0.430030584,-0.00915315095,0.668410659,0.433693,-0.0106837591,0.641439438,0.423969328,-0.00654974,0.655102372,0.432730556,-0.00867115241,0.660650373,0.438815713,-0.0101448782,0.663279593,0.444091618,-0.0113999601,0.636573672,0.427971721,-0.00956870802,0.649441779,0.436930925,-0.0115117077,0.654425502,0.442701161,-0.0127396192,0.656736255,0.447367221,-0.0137990844,0.629895329,0.431568772,-0.0126203885,0.639462233,0.439293295,-0.0133926012,0.643773079,0.444081306,-0.0129164206,0.646764636,0.447964162,-0.0127197299
6600.000000000031,0.533338666,0.42162019,-1.40698205e-007,0.521752894,0.409770638,0.00433879485,0.504010618,0.406066597,0.0056006955,0.49410972,0.403351188,0.00548105873,0.487642854,0.398989111,0.00529753,0.46587041,0.410987705,0.00755808968,0.465833157,0.419719189,0.00648303237,0.478148103,0.42234534,0.00264860713,0.488580376,0.420852035,-0.000267241383,0.45827198,0.420920819,0.00460967934,0.463377804,0.428519189,0.00677342201,0.476903528,0.430622935,0.00533643691,0.487027854,0.428298503,0.00365736429,0.458450228,0.43180424,0.0019405405,0.463544816,0.438007057,0.00334109087,0.477114379,0.438955158,0.00411196146,0.485848576,0.436288208,0.00381165859,0.463128328,0.442574114,-0.000515457,0.468152434,0.448050797,-0.000624430075,0.480850786,0.448216647,0.00201976905,0.489556342,0.445965201,0.00486127846
6600.000000000031,0.602431953,0.41505757,1.26547178e-007,0.61183244,0.409818083,-0.000403569196,0.622649729,0.408419043,-0.00323281903,0.63105309,0.406606495,-0.00664741034,0.637402296,0.403777301,-0.0104973577,0.6402421,0.415391952,-0.00435524201,0.65555,0.419977188,-0.00812551938,0.66270256,0.424211055,-0.0109174028,0.66694,0.427931845,-0.012608313,0.639266372,0.420005202,-0.00725211529,0.654387176,0.428316534,-0.00950538833,0.660737574,0.434053421,-0.0111449594,0.664001346,0.439115793,-0.0126004694,0.635052741,0.424436629,-0.0102796583,0.649178922,0.433536887,-0.0122948727,0.654786348,0.439187,-0.0135584259,0.657774389,0.443736315,-0.0147747891,0.628825128,0.428330779,-0.0133943083,0.639528871,0.435967714,-0.014350798,0.644379,0.440572053,-0.0139300413,0.647941589,0.444340318,-0.0138092842
6616.666666666698,0.598849118,0.41246894,9.9020852e-008,0.607805848,0.407201,-0.000454416295,0.619426191,0.405542582,-0.00242497097,0.62806493,0.4034051,-0.00510764914,0.633428097,0.400189072,-0.00815732218,0.635710478,0.413137794,-0.0016779264,0.650684595,0.415420383,-0.00522960117,0.65889138,0.418746203,-0.00845705811,0.664151549,0.422186047,-0.0104743838,0.635930419,0.417465597,-0.00431043329,0.651901484,0.423185319,-0.00619866187,0.659832835,0.427855283,-0.00812669843,0.664711416,0.432504654,-0.00981029,0.633164465,0.421653837,-0.00729888026,0.648529887,0.428610206,-0.00911506079,0.655665874,0.433608413,-0.010853529,0.660106719,0.438136488,-0.0123510035,0.628308475,0.425364763,-0.0104786968,0.639117599,0.432177454,-0.0112021249,0.645094633,0.436555922,-0.0111695323,0.649852633,0.440330327,-0.0114056766
6633.333333333365,0.59707427,0.40997389,9.57844861e-008,0.605067313,0.404429674,-0.000909906463,0.616118371,0.402750283,-0.00289403182,0.624586701,0.400628507,-0.00548621733,0.629532218,0.397232473,-0.00842835288,0.63358897,0.411218882,-0.00122141745,0.648808,0.413685113,-0.00416001305,0.657729089,0.41642338,-0.00694788806,0.664030433,0.418915212,-0.00879691541,0.634082854,0.415190935,-0.00369057921,0.650726199,0.420716643,-0.00546462834,0.659366846,0.425037265,-0.00722667901,0.664961815,0.42906481,-0.00870297849,0.631581,0.418991387,-0.00660099927,0.648076892,0.425228655,-0.00842076354,0.656194806,0.429748148,-0.0101896189,0.661503,0.433651924,-0.0115665784,0.627250195,0.422433436,-0.00975210778,0.63948673,0.428457201,-0.0106542911,0.646457314,0.432596743,-0.0107960962,0.651893795,0.436068505,-0.0110956607
6650.000000000032,0.594108343,0.407885522,9.62122328e-008,0.602035344,0.402425408,4.96146349e-005,0.61247611,0.400690407,-0.00195476832,0.620039344,0.397860348,-0.00489678746,0.624589145,0.394547433,-0.00827457942,0.629225552,0.408280224,-0.00123533455,0.645867109,0.40988183,-0.00455155177,0.655786157,0.412365586,-0.00728946878,0.662686706,0.414725035,-0.00893248152,0.630399585,0.411930799,-0.0043139956,0.649449289,0.417334378,-0.00641514547,0.658778667,0.421968848,-0.00800057594,0.663904488,0.426146775,-0.00906359218,0.628397286,0.415802747,-0.00774723198,0.647761405,0.421673477,-0.0094875684,0.656940699,0.426288545,-0.0111253271,0.662410557,0.43023473,-0.0122248204,0.624639571,0.419592589,-0.0113412123,0.639043331,0.425062269,-0.0121247983,0.647042513,0.429123729,-0.012076932,0.652751446,0.432484388,-0.0120669035
6666.666666666699,0.591772,0.406316161,8.52705497e-008,0.598177135,0.400180757,0.000290420285,0.607831836,0.398099542,-0.00101259071,0.615029633,0.395192057,-0.00328686391,0.619146824,0.391915828,-0.00602571201,0.62503171,0.406054258,-0.000176815913,0.642038226,0.407370806,-0.00286201388,0.65279454,0.409217894,-0.00512901,0.660549521,0.410937,-0.00652892422,0.626880884,0.409463555,-0.00315875886,0.646981955,0.41404897,-0.00502006104,0.657617688,0.418126702,-0.00645187171,0.664313,0.421949059,-0.00742422091,0.625536919,0.41338113,-0.00656320853,0.645884812,0.418276072,-0.00843731593,0.656475484,0.422220379,-0.0105143189,0.663332283,0.425658405,-0.0118246796,0.622601211,0.417422026,-0.0100904088,0.638010383,0.422264189,-0.0112350564,0.647185862,0.425819218,-0.0117630484,0.654035151,0.428685,-0.0121595887
6683.333333333366,0.588860035,0.405634105,8.59725873e-008,0.59507668,0.399145216,-0.000901656575,0.604688704,0.396763027,-0.00264194398,0.612199783,0.393817544,-0.00514976913,0.616257668,0.390415937,-0.00803252403,0.621500671,0.404766083,-0.0010552106,0.638505876,0.405645907,-0.00396718737,0.649550259,0.407018363,-0.00641598599,0.657789767,0.408388,-0.00793931,0.623864949,0.40817073,-0.00356944581,0.644294202,0.41154626,-0.00568112405,0.656184137,0.414673686,-0.00729755033,0.664319,0.417909712,-0.00844252575,0.623232186,0.412141412,-0.00660692854,0.643864572,0.416386545,-0.00881405734,0.655381203,0.419676155,-0.0110402489,0.663196802,0.422677845,-0.0123879798,0.621107399,0.416363806,-0.00986681134,0.63719815,0.421047509,-0.0111741992,0.647429407,0.424350679,-0.0117576346,0.655393243,0.426992953,-0.0121668028
6700.000000000033,0.587577,0.405520171,7.28591871e-008,0.593491852,0.398659706,3.994906e-005,0.603078425,0.39618811,-0.000839825487,0.610866189,0.393305063,-0.00266160024,0.614685416,0.389943779,-0.00491312053,0.619413,0.404214233,0.00110898132,0.636339366,0.404524118,-0.000915898534,0.647397935,0.405430466,-0.00291440543,0.655635,0.406489879,-0.00422766618,0.622114599,0.407622814,-0.00162892474,0.642412663,0.410111755,-0.00305710337,0.654463768,0.412708789,-0.00462273927,0.662992358,0.415570885,-0.00584089942,0.622182,0.41164431,-0.00486276764,0.642471313,0.415242046,-0.00660780212,0.654178679,0.418215185,-0.0089654671,0.662380636,0.420977235,-0.0105204228,0.620888531,0.415976226,-0.00824059732,0.636692882,0.420243949,-0.00918553583,0.646778464,0.423375219,-0.00971672591,0.654777348,0.425842285,-0.0101960441
6716.6666666667,0.588069737,0.405608594,6.89485304e-008,0.594393969,0.399129748,0.000193750951,0.604052544,0.396684617,-0.000851553923,0.611534119,0.393675447,-0.00283866306,0.615268111,0.390262455,-0.00528731244,0.620577753,0.404374719,0.000453349756,0.636948168,0.404830217,-0.00206561014,0.647566497,0.405682802,-0.00435080845,0.655601382,0.406733215,-0.00580563,0.62281853,0.407763869,-0.00250487938,0.642199,0.410128862,-0.00436213892,0.653957665,0.41248256,-0.00596653624,0.662601709,0.414996296,-0.00714807166,0.622472167,0.411769331,-0.00591024151,0.642182112,0.415305257,-0.00787358452,0.653528,0.418011129,-0.00972803868,0.661779523,0.420393169,-0.0109054055,0.620604455,0.416081816,-0.00945419353,0.636287868,0.420148939,-0.0104587721,0.646161318,0.423101455,-0.0105653405,0.653962672,0.42534855,-0.0106772957
6733.333333333367,0.588833,0.406558961,7.01610503e-008,0.595493674,0.400318086,-0.000732362794,0.604969859,0.397872031,-0.00244330661,0.612691879,0.395056933,-0.00494439201,0.616699636,0.391487658,-0.00790279824,0.621331692,0.405418247,-0.00114019634,0.637687385,0.405604661,-0.00432912027,0.648360252,0.406172961,-0.00699404627,0.656551421,0.406987458,-0.0086946385,0.623483479,0.408775896,-0.00391811365,0.642446339,0.410968512,-0.00659525441,0.654062867,0.413244277,-0.00856001116,0.662575841,0.415716261,-0.00990848,0.622836173,0.412755847,-0.00716850441,0.642118037,0.416247606,-0.00990068633,0.6534971,0.418991953,-0.0119574424,0.661648691,0.421394199,-0.0131440563,0.620426297,0.417099714,-0.0106049469,0.636172414,0.421114206,-0.0122287711,0.646278799,0.423944,-0.0125646638,0.654339492,0.426101953,-0.0127482843
6750.000000000034,0.589846373,0.408032715,5.37255e-008,0.596636236,0.401781797,0.00097486109,0.606589317,0.39965263,0.000645093329,0.614601,0.39682436,-0.000707782921,0.61880672,0.393207461,-0.00258865906,0.621396184,0.407387704,0.00175422104,0.638085186,0.407392353,-8.91421369e-005,0.648668885,0.407758117,-0.00186375901,0.656770587,0.408408225,-0.00302718859,0.623846829,0.410852909,-0.0012677504,0.643012881,0.412900507,-0.00252608955,0.654455662,0.414894402,-0.00405539572,0.662714183,0.417038828,-0.00521896966,0.623582065,0.414747566,-0.00464144954,0.642748773,0.418006063,-0.00610995432,0.654026806,0.420456678,-0.00807591155,0.662209094,0.422522873,-0.00944577716,0.621605814,0.418730468,-0.00804337952,0.636989713,0.422500581,-0.00895170122,0.647072375,0.425136566,-0.0092638582,0.655242383,0.427019119,-0.00955095422
6766.666666666701,0.591310263,0.410031348,5.23675183e-008,0.598531306,0.403629661,0.000472778745,0.608931124,0.401661575,0.000229087658,0.617595,0.399212033,-0.000908580085,0.622364104,0.395882815,-0.00250971806,0.622929,0.409607589,0.00143777719,0.640012741,0.409796447,-0.000429215113,0.650842726,0.410327762,-0.00203673751,0.658876657,0.411133826,-0.00299021113,0.625232756,0.413429797,-0.00124740088,0.644999623,0.415325105,-0.00269625685,0.656665623,0.417254239,-0.00427730475,0.664638817,0.419327021,-0.00531692384,0.624707937,0.417517632,-0.00430524303,0.643680096,0.420743316,-0.00586628215,0.655098677,0.42302829,-0.0080094859,0.663214266,0.424919546,-0.00939940289,0.62248075,0.421522021,-0.00741309859,0.63759613,0.425200164,-0.00838822778,0.64769417,0.427601457,-0.00893244706,0.655857563,0.429256171,-0.00931643881
6783.333333333368,0.592870474,0.412434876,5.21720089e-008,0.60083431,0.405819625,-0.000659752346,0.611759663,0.403584629,-0.00198404747,0.621151924,0.401171267,-0.00391618069,0.626386166,0.397996187,-0.00621531438,0.625663161,0.412353575,-0.000360949722,0.642237484,0.413067728,-0.00280977739,0.652295232,0.413873792,-0.0050441185,0.659903526,0.414832175,-0.0064835255,0.627034545,0.416561902,-0.00262040482,0.645601153,0.418727,-0.00427215919,0.656520605,0.420576811,-0.00600387622,0.664443374,0.422580123,-0.00733801071,0.625877321,0.420587033,-0.00525880326,0.64386934,0.423894584,-0.00685734721,0.654300928,0.426227629,-0.00846871175,0.661978066,0.428235382,-0.00965779461,0.623130679,0.42423135,-0.00805853587,0.637188375,0.427600741,-0.00893274508,0.646146476,0.429741383,-0.00894087274,0.653474927,0.431261569,-0.00901732408
6800.000000000035,0.594602764,0.414452851,7.81636942e-008,0.603231132,0.408032745,-0.00153549132,0.614999592,0.405672,-0.003703953,0.62504226,0.403528869,-0.0062744366,0.630213499,0.400030434,-0.00929463934,0.627841294,0.414824188,-0.00352811744,0.645451486,0.415977687,-0.00712078623,0.655474,0.417762697,-0.00978553854,0.663088739,0.419707745,-0.0113621596,0.62812537,0.419344217,-0.0056658769,0.647239089,0.422572583,-0.00821356475,0.658291,0.425287724,-0.0101935081,0.666149,0.427976698,-0.0115931146,0.625899136,0.423422933,-0.00808141287,0.643933773,0.42719093,-0.0101416232,0.654698312,0.429934055,-0.011882537,0.662626,0.432371438,-0.0131301247,0.622260571,0.426932454,-0.010703234,0.636772752,0.430342168,-0.0120831551,0.645965457,0.432446599,-0.0123397112,0.653622031,0.434142,-0.0125169549
6816.6666666667015,0.594844162,0.416072071,8.33024103e-008,0.604534149,0.409908742,-0.00174333854,0.616843879,0.408416331,-0.00388292619,0.627725363,0.406540364,-0.00641298,0.634332538,0.40291813,-0.00922252331,0.627732933,0.417089,-0.00294177607,0.645541668,0.419347018,-0.00625813147,0.655754447,0.42150557,-0.0085465759,0.663190722,0.423627436,-0.00985793304,0.628112674,0.421495169,-0.00491673592,0.64734143,0.425723433,-0.00742546655,0.658240736,0.428912342,-0.0092088,0.665794432,0.431862652,-0.0103963129,0.626063645,0.425690889,-0.00726584578,0.644363761,0.430591494,-0.00945337396,0.654928148,0.433959156,-0.0112713166,0.66255331,0.436814159,-0.0124896187,0.622577786,0.429449022,-0.00982915889,0.636733294,0.433979332,-0.0111961747,0.645783126,0.436762214,-0.0116147231,0.653338552,0.438921392,-0.0119200917
6833.3333333333685,0.595658541,0.417686,9.57153e-008,0.606779814,0.412478119,-0.00212028087,0.61967957,0.411502361,-0.00415294571,0.630371332,0.409742028,-0.00664035976,0.637513816,0.406357974,-0.00937942229,0.631023645,0.420942903,-0.00108847243,0.646819174,0.423818976,-0.00431080954,0.656424403,0.426132,-0.00726944907,0.663705647,0.42837289,-0.00928399432,0.630420387,0.425141543,-0.00314408238,0.64750421,0.42982927,-0.00554532139,0.65775913,0.433450401,-0.00788040552,0.665371597,0.436899543,-0.00959377177,0.626944184,0.429061234,-0.00579397054,0.64368397,0.434530348,-0.00841232948,0.652825356,0.438590288,-0.0104381256,0.659772873,0.442207128,-0.0118097775,0.621564865,0.432570457,-0.00875329,0.63368094,0.438071936,-0.0106404182,0.640948772,0.441974223,-0.0110799689,0.647153437,0.445401341,-0.0113817379
6850.0000000000355,0.549034238,0.428086281,-7.90653445e-008,0.531442821,0.415393591,0.013054206,0.505855,0.410997927,0.0201298799,0.489535302,0.412078053,0.0229533482,0.479346663,0.415271252,0.0248605013,0.47351557,0.413223147,0.027036,0.462304682,0.419600427,0.0295146517,0.472242981,0.423851877,0.0270289686,0.483320117,0.423792571,0.0249022711,0.464404017,0.42092213,0.0194921512,0.455465764,0.427009642,0.0242578685,0.466658652,0.430563778,0.022801457,0.4788284,0.42947042,0.0212635864,0.462123454,0.430335104,0.0117447823,0.45392704,0.4358055,0.0144673409,0.466004431,0.437653154,0.0146948472,0.477936894,0.435498357,0.0141516495,0.464554667,0.440210849,0.00479542697,0.461005032,0.446771145,0.00680370163,0.472416461,0.447860837,0.00987996347,0.482717633,0.445853502,0.0124825845
6850.0000000000355,0.596572638,0.420543015,9.83235964e-008,0.608328938,0.415487498,-0.00258888281,0.621760428,0.414827704,-0.00503936736,0.63296324,0.413592219,-0.0078314729,0.640752614,0.410396308,-0.0109067261,0.632852554,0.424977392,-0.00240936223,0.648192167,0.428343177,-0.0060803974,0.656994581,0.431156814,-0.00938075688,0.663508654,0.433767021,-0.0116130598,0.631341,0.429373205,-0.00436989637,0.647903442,0.434840232,-0.00722809881,0.657411814,0.439035118,-0.00980834384,0.664165199,0.442839026,-0.0117061865,0.626775146,0.433319628,-0.0069016451,0.642709672,0.43970871,-0.00990242604,0.650774837,0.444259524,-0.0120503409,0.656525314,0.44808045,-0.0134958336,0.620274425,0.43671158,-0.00974697713,0.631345809,0.443141133,-0.0119398087,0.63773632,0.447559714,-0.0124833751,0.643039882,0.451351911,-0.0128335133
6866.666666666702,0.546914458,0.427240074,-1.06682371e-007,0.523510456,0.415293068,0.0083390139,0.495971739,0.41306594,0.0124245854,0.476581663,0.415681332,0.0136945061,0.46372968,0.420926541,0.0144412434,0.469051421,0.414000899,0.0157688502,0.462527961,0.423539966,0.0152339,0.472139657,0.426806241,0.0108939,0.479855835,0.42610541,0.00771546504,0.464139313,0.422312737,0.0104743987,0.459308118,0.430576563,0.0125493631,0.469390929,0.433315843,0.010572359,0.479315877,0.432142526,0.00872265641,0.465295762,0.432920247,0.00526811462,0.460513085,0.439267516,0.006266627,0.470829576,0.440762043,0.00674970541,0.48040396,0.438764662,0.00647480367,0.469846666,0.444394261,0.000521056238,0.47045064,0.449788511,0.000955274329,0.480165631,0.450111121,0.00355273322,0.487548262,0.448254108,0.00605682377
6866.666666666702,0.596991599,0.423317939,8.94566412e-008,0.609755576,0.418763787,-0.00269431761,0.623222649,0.418260276,-0.00547540653,0.634439945,0.417472899,-0.00842077378,0.64283365,0.414601,-0.0116969207,0.63433516,0.428726822,-0.00438871607,0.649884403,0.432522714,-0.00815985724,0.658171058,0.435530812,-0.0110940263,0.664135158,0.438235968,-0.0130318,0.631606221,0.433244258,-0.00627155183,0.647101343,0.439207226,-0.00930020306,0.654687941,0.4434596,-0.0115578659,0.659575939,0.447147369,-0.0131703923,0.62591064,0.437073767,-0.0085974969,0.64002353,0.444376945,-0.0117956661,0.646867812,0.449218929,-0.0137757044,0.651624739,0.453244239,-0.015117324,0.618418753,0.440128982,-0.0111503592,0.62818253,0.447111398,-0.0136655495,0.633776069,0.451780707,-0.0142997568,0.63852334,0.455834657,-0.014665395
6883.333333333369,0.543653131,0.428069562,-9.83463195e-008,0.523659,0.417787075,0.00531589519,0.498330116,0.414531,0.00704256073,0.479568869,0.414873719,0.00689151278,0.466225743,0.417126834,0.00646842457,0.471357226,0.414824575,0.00990389753,0.457837373,0.426267028,0.00797609892,0.463427722,0.431006491,0.0039831344,0.470464081,0.431058615,0.00146837591,0.467330098,0.423319608,0.00606043404,0.458619863,0.434389353,0.00582247181,0.468577325,0.437435746,0.00361422729,0.479220569,0.435625315,0.002313948,0.467845827,0.433931291,0.00235986453,0.461624593,0.442174733,0.00142660807,0.471748829,0.444141656,0.00210057781,0.48160556,0.441755712,0.0026544733,0.471119404,0.445041835,-0.000980430399,0.468699217,0.451259226,-0.0022714755,0.479384392,0.451808,0.000426258019,0.488124341,0.449549109,0.00368837221
6883.333333333369,0.597980618,0.4256621,1.05005263e-007,0.610888481,0.421488345,-0.00272534811,0.623704076,0.421038479,-0.00598335359,0.634373784,0.420514047,-0.0093010962,0.643108487,0.418735892,-0.0129327234,0.63450706,0.431262851,-0.00617593387,0.649302721,0.435661763,-0.0103939613,0.657896638,0.438775718,-0.0134492768,0.664213479,0.441492826,-0.0154524008,0.631130338,0.435999244,-0.00823757332,0.646017969,0.44330281,-0.0116867181,0.653986216,0.448228478,-0.014110893,0.6591236,0.452447414,-0.015876146,0.624724269,0.439770401,-0.0105829854,0.637471855,0.448246,-0.0140563361,0.643674254,0.453620046,-0.0160611104,0.647946596,0.457989335,-0.0174333267,0.616715431,0.442614704,-0.0130900284,0.625176907,0.450095743,-0.0158741288,0.630066574,0.454879,-0.0164319444,0.634208,0.458974898,-0.0166736059
6900.000000000036,0.544347405,0.42772606,-1.01055761e-007,0.523852468,0.417869329,0.0016175881,0.497558236,0.415125936,0.000936664524,0.479049861,0.415880144,-0.000813932624,0.466009706,0.418513387,-0.00265827635,0.471009374,0.414732039,0.00348001113,0.457159728,0.427961498,-0.00147919799,0.465103328,0.431126505,-0.00707575632,0.473501354,0.429514885,-0.0104319826,0.470136434,0.423281938,0.000390862202,0.458737612,0.435325712,-0.003323,0.468711495,0.437755972,-0.0068046716,0.480070055,0.435562611,-0.00858674385,0.472996831,0.433876425,-0.00279490952,0.463315368,0.443537682,-0.00702664256,0.473514706,0.444816411,-0.00683549745,0.483593971,0.441805303,-0.00606641034,0.478265852,0.444673061,-0.00577905634,0.471864671,0.452358454,-0.0103652431,0.482701749,0.452864885,-0.00849833805,0.491652489,0.450170428,-0.00538250618
6900.000000000036,0.598189712,0.426510334,1.1595813e-007,0.611687839,0.422600746,-0.00176774908,0.62453109,0.422508657,-0.0050675855,0.635217071,0.421412081,-0.00853726733,0.643799961,0.419308,-0.0123725617,0.636153698,0.432660282,-0.00630062,0.650482416,0.437858045,-0.0101770824,0.658573151,0.441432923,-0.0127986856,0.664454,0.444614172,-0.0145480512,0.632278919,0.43734315,-0.00867828261,0.645937085,0.445475727,-0.0116155352,0.652448952,0.450835288,-0.0134368353,0.656149447,0.455466,-0.014874557,0.625220776,0.441207767,-0.011173266,0.636970162,0.450764179,-0.0141069843,0.641693115,0.456350476,-0.015483384,0.644636452,0.460660815,-0.0165339857,0.616754055,0.444225967,-0.0137368049,0.624902606,0.452482522,-0.0158270523,0.629528463,0.457502067,-0.0158903711,0.633450627,0.461702019,-0.0158667769
6916.666666666703,0.545804679,0.427203268,-1.02496415e-007,0.525350869,0.417325169,0.00140843878,0.498800337,0.414361715,0.00118534476,0.480445772,0.414805561,-0.000391794892,0.466980636,0.417091966,-0.0019983165,0.47217378,0.414763182,0.00463197893,0.456439883,0.427558661,-0.000316166377,0.460800886,0.431863368,-0.00534903491,0.467288584,0.431661904,-0.0082302643,0.471878797,0.422826558,0.00133166823,0.458239794,0.435879409,-0.00242766226,0.466665685,0.438945413,-0.00559745403,0.476600528,0.437401921,-0.00715743657,0.475519061,0.432815224,-0.00231555197,0.463363945,0.443839818,-0.0065393704,0.47180897,0.446145713,-0.00617767451,0.480389178,0.444102317,-0.00527123222,0.481925875,0.44303,-0.00587303936,0.472778022,0.452147067,-0.0101011563,0.481049508,0.453419507,-0.00810740516,0.48908776,0.451380461,-0.00503273495
6916.666666666703,0.597246468,0.426993936,1.07209047e-007,0.61076808,0.422751218,-0.00274778553,0.624055386,0.422410607,-0.00637156051,0.635461,0.421571583,-0.0100396713,0.644784808,0.419366717,-0.0139743015,0.63514024,0.432858288,-0.00664617866,0.649451375,0.438176692,-0.0107169226,0.657898605,0.441822648,-0.0135197155,0.66397,0.444982141,-0.0154252918,0.631577134,0.437593341,-0.00871297158,0.64528513,0.445697457,-0.0120531013,0.651447594,0.451018482,-0.0140858218,0.654568195,0.455463111,-0.015582162,0.624691308,0.441621184,-0.0110178692,0.636536241,0.4511154,-0.0144176017,0.641571879,0.456675321,-0.0160361528,0.644561768,0.460977465,-0.0171253,0.616249323,0.444880724,-0.0134919249,0.624542475,0.453301489,-0.0160321388,0.629358828,0.458299965,-0.016437415,0.633155704,0.462514728,-0.0165824667
6933.33333333337,0.543449938,0.427420974,-1.13291996e-007,0.522282302,0.415424705,0.00382476719,0.494639784,0.413161308,0.00501907943,0.477617025,0.416665733,0.00437479839,0.466798693,0.422415942,0.00371358101,0.471391737,0.412064761,0.00807333738,0.458670646,0.42620036,0.00344539341,0.469581842,0.428840488,-0.00209922204,0.480699509,0.42635715,-0.00525309751,0.466360331,0.420873076,0.00395254744,0.455660075,0.432942539,0.00144928147,0.467582554,0.435444981,-0.00148496102,0.479454786,0.432778358,-0.00286920788,0.465977758,0.432178378,-0.000402625679,0.456606388,0.442008018,-0.00319044245,0.469353318,0.443290561,-0.00262129935,0.479103416,0.439588368,-0.00196577888,0.468543202,0.44426471,-0.00457676081,0.466455042,0.451930612,-0.008033772,0.479080677,0.452283651,-0.00608544564,0.487478048,0.449060231,-0.0032114354
6933.33333333337,0.597434103,0.427078694,1.01536799e-007,0.610413671,0.42250967,-0.00360015943,0.623443604,0.421441674,-0.00755352899,0.634775519,0.42051506,-0.0114409616,0.644133866,0.418497324,-0.0155276274,0.63481921,0.432664365,-0.006622246,0.648362219,0.437568575,-0.0108285509,0.656026304,0.440868139,-0.0139942151,0.661452889,0.443802774,-0.0161599517,0.631270289,0.437515289,-0.00834736507,0.644570768,0.445005596,-0.0118507929,0.650648713,0.449900746,-0.0141346604,0.653984129,0.454128593,-0.0158237442,0.624572039,0.441479892,-0.0104599427,0.63618052,0.450361341,-0.0141349789,0.641067326,0.455592871,-0.0158832837,0.643960774,0.459754258,-0.0170218349,0.616148,0.444545,-0.0128316339,0.624191761,0.452680498,-0.0156983044,0.628811419,0.457655817,-0.0162541196,0.632483363,0.46195966,-0.0164693408
6950.000000000037,0.540680289,0.427865654,-1.1419344e-007,0.525694609,0.415883482,0.00315735466,0.501083195,0.411700338,0.00406148145,0.484651327,0.411762327,0.00349512091,0.473367572,0.413286,0.00291478098,0.468186975,0.412860513,0.00774222519,0.4598912,0.425449252,0.00445670588,0.470692575,0.428308725,-0.000901625375,0.481003881,0.426431,-0.00422848295,0.462921679,0.421589702,0.00434879819,0.457643747,0.432480246,0.00366691244,0.468990743,0.434884489,0.00103959243,0.480109036,0.432991892,-0.000654724194,0.46355921,0.432564378,0.000851567427,0.458767623,0.441209137,-0.000880594074,0.470055878,0.442413211,-0.000558277534,0.479262143,0.439697355,-0.000336082914,0.467559278,0.444004774,-0.00247751619,0.466472715,0.451203078,-0.00520350877,0.47813192,0.451508552,-0.0030443212,0.486615419,0.449082822,-0.00011325362
6950.000000000037,0.598908186,0.426048964,1.22215766e-007,0.61108762,0.421391755,-0.00359142199,0.623775542,0.420556366,-0.00781038031,0.634986162,0.419363797,-0.0118983733,0.6440804,0.416854799,-0.0162202641,0.635953724,0.431560069,-0.00775239291,0.650120795,0.43714422,-0.0122326659,0.657827914,0.441130847,-0.0153751075,0.662640095,0.444486022,-0.0173251927,0.632347286,0.436160982,-0.00940090604,0.64632374,0.444011509,-0.012947862,0.65277034,0.449216753,-0.0151966978,0.65581274,0.453553557,-0.0168271791,0.625640094,0.44011566,-0.0113273514,0.638353169,0.449266106,-0.0148289856,0.643410563,0.454702497,-0.0166052245,0.645802855,0.458967894,-0.017808672,0.617275417,0.443186939,-0.0134647284,0.625479758,0.451373369,-0.0161867458,0.630057156,0.456492692,-0.0167423766,0.63336271,0.460826576,-0.0169533547
6966.666666666704,0.536985874,0.426690519,-1.14524205e-007,0.526045322,0.415145099,0.00408729305,0.50506115,0.409677923,0.00555730565,0.490285218,0.406198561,0.00538023328,0.480050534,0.401941299,0.0052634445,0.467606783,0.413042307,0.0102652088,0.459533036,0.425299466,0.00893731415,0.47124812,0.427833349,0.00505562546,0.482639432,0.42566824,0.00251722266,0.461108387,0.421867281,0.00708713382,0.457532972,0.432905823,0.00802745204,0.470201313,0.435023129,0.00575331785,0.481695265,0.432661831,0.00427017501,0.461006582,0.432682872,0.00388968084,0.458940715,0.441746205,0.00351465889,0.471711308,0.442636877,0.00338404486,0.48130393,0.439479619,0.00322162476,0.464274108,0.443920821,0.000928860158,0.466385931,0.451561838,-0.000979762874,0.479047835,0.451279,0.000479287963,0.487620741,0.448222756,0.00290897605
6966.666666666704,0.598504782,0.423928618,1.13938391e-007,0.610613704,0.419712663,-0.00297280401,0.623698354,0.419063,-0.00684929593,0.634958565,0.41771102,-0.0107838837,0.643785179,0.415075362,-0.0149821928,0.635718286,0.429854602,-0.00650600204,0.650061727,0.434918225,-0.0109307375,0.657757938,0.43881467,-0.0141991219,0.662865,0.44222042,-0.0163234621,0.632496715,0.434207112,-0.00854161661,0.646308184,0.442110717,-0.0120242164,0.653113484,0.44734475,-0.0143399062,0.657116771,0.451929659,-0.0160940345,0.62608707,0.437935,-0.010906443,0.638474464,0.446997404,-0.0145557672,0.644207239,0.452436209,-0.0165660344,0.647737503,0.456834018,-0.0179558061,0.617822826,0.440819025,-0.0134720867,0.625795782,0.449163795,-0.0163596496,0.630541742,0.45440796,-0.0170967225,0.634297,0.458967537,-0.0174990818
6983.333333333371,0.540105,0.425202668,-1.24159016e-007,0.5258829,0.413306177,0.00314812874,0.501514614,0.409925252,0.00448064925,0.486261249,0.410929292,0.00442182366,0.476084352,0.412467211,0.00442767097,0.468261242,0.412109345,0.00808361359,0.460605025,0.425408661,0.00480265496,0.472779304,0.428325385,-0.00029129078,0.485152483,0.426234514,-0.00332006603,0.461915255,0.421613336,0.00499618705,0.45899123,0.433127105,0.00413226616,0.472195476,0.435756594,0.00125650328,0.484645903,0.433165163,-0.00030470526,0.462006569,0.433083147,0.00178411196,0.460724086,0.442627162,0.000502170529,0.474396527,0.444109112,0.000464500161,0.484859198,0.440707237,0.00049546716,0.465738,0.444976181,-0.00132037164,0.469387352,0.452977717,-0.0036602777,0.482626259,0.453296632,-0.00213187234,0.491496563,0.450092107,0.000458472787
6983.333333333371,0.598174334,0.422060281,1.11055947e-007,0.610452175,0.417905658,-0.00331633468,0.623324215,0.417257398,-0.006850834,0.63417542,0.41586858,-0.0104791587,0.642412484,0.413033605,-0.0143301012,0.634853959,0.427810669,-0.00526389806,0.649051905,0.432574868,-0.00955195539,0.657284439,0.436307579,-0.013032184,0.663263,0.439739734,-0.0153697273,0.632217526,0.432080299,-0.00705191772,0.645969868,0.439545304,-0.0101690972,0.653044164,0.444708377,-0.0125441654,0.65766567,0.449474573,-0.0144421551,0.626521587,0.435748398,-0.00933436863,0.638672173,0.444288284,-0.0125252344,0.644619226,0.449726731,-0.0145607898,0.648573,0.454320967,-0.0160498619,0.618933,0.438672781,-0.0119679226,0.626936853,0.446698368,-0.0144373728,0.631563783,0.451880813,-0.0151168322,0.635260761,0.456412524,-0.0155723346
7000.000000000038,0.536754727,0.422620744,-1.02625862e-007,0.517448425,0.409666866,0.00775248231,0.48961544,0.408267528,0.0134994965,0.473579168,0.41244629,0.0171344243,0.467873186,0.418692142,0.0201605372,0.462404042,0.414773852,0.0183623601,0.459985673,0.424929023,0.0208513532,0.472975969,0.426644266,0.0182975195,0.483713627,0.424697667,0.0163256917,0.457041413,0.424913436,0.014735057,0.459972531,0.433927923,0.0204009358,0.473356485,0.435266614,0.018763205,0.484026074,0.432197243,0.0171479639,0.459906191,0.435685724,0.0112437913,0.462035626,0.443366826,0.0146610662,0.475757241,0.443498522,0.0143272942,0.484747648,0.439495027,0.0134122111,0.467492849,0.446085215,0.00827000663,0.470219284,0.452499926,0.00971500576,0.48316139,0.451524526,0.0122840535,0.491899192,0.447970897,0.0150101893
7000.000000000038,0.598264575,0.419734359,1.36475364e-007,0.610632181,0.415877432,-0.00207819929,0.622998714,0.415495038,-0.0055774264,0.633189321,0.413916528,-0.00926224515,0.640714586,0.410847485,-0.0132189309,0.635576725,0.424215347,-0.00582219055,0.650032043,0.430026144,-0.0099524688,0.658196509,0.434177876,-0.012879611,0.664103448,0.437748313,-0.0147462348,0.633187354,0.428151876,-0.00813654345,0.647189379,0.437131941,-0.0110659022,0.654150844,0.443010062,-0.012810587,0.658593297,0.448147029,-0.0141901113,0.627546668,0.431824028,-0.0107226744,0.640231192,0.441668361,-0.0135083254,0.646604598,0.447579533,-0.0150699476,0.650886,0.45241,-0.0163025279,0.619942427,0.435005486,-0.0135139301,0.628433108,0.443562567,-0.0153894192,0.633333385,0.448803365,-0.0156304631,0.637491286,0.4532758,-0.0158716571
7016.666666666705,0.538077652,0.421327174,-1.78194938e-007,0.526567161,0.410318524,0.00581278512,0.505879581,0.406662583,0.010414728,0.492625386,0.404535085,0.0132809477,0.485755622,0.402370453,0.0161549281,0.468184948,0.413722187,0.015997367,0.466201335,0.424595237,0.0164879039,0.479226559,0.427207291,0.0132767791,0.488713771,0.4245058,0.0109184962,0.459689736,0.422978789,0.0127547123,0.463470429,0.433741331,0.015469362,0.478540331,0.435762495,0.0133005185,0.487420768,0.432135016,0.0119664771,0.459829628,0.433331788,0.00934740063,0.464197129,0.44302842,0.0108649619,0.479187816,0.44372493,0.0104963789,0.485791326,0.439856827,0.00996383,0.465429723,0.443885922,0.0061868676,0.471248955,0.452918082,0.00635647,0.484955,0.452485681,0.00828244817,0.492381096,0.448795199,0.0107765887
7016.666666666705,0.596608579,0.416473806,1.27327255e-007,0.608576775,0.413085878,-0.00111939572,0.620709777,0.413230658,-0.00376198743,0.630179286,0.411811888,-0.00689041475,0.637203038,0.408882976,-0.0103656761,0.633999825,0.421921819,-0.00344286603,0.64846766,0.427482218,-0.00693742093,0.657202065,0.431243062,-0.0097643435,0.664167166,0.434375882,-0.0117048472,0.631990075,0.425261408,-0.00621650508,0.646461129,0.433972299,-0.00854452047,0.654157519,0.439669281,-0.0102469679,0.659631789,0.444648772,-0.0116881346,0.626695156,0.42847833,-0.00931004155,0.64001292,0.438078821,-0.0116828242,0.647080719,0.443925,-0.013259965,0.652392447,0.448642433,-0.0145276804,0.619443,0.431355268,-0.0125945592,0.628827035,0.439812869,-0.0140398154,0.634247124,0.444949597,-0.0140404738,0.638956904,0.449229717,-0.0141860954
7033.333333333372,0.594426036,0.41425249,1.15626797e-007,0.606403172,0.410935879,-0.00060800073,0.618748128,0.410595655,-0.00279807951,0.62813592,0.408762783,-0.00552458642,0.634546041,0.405590296,-0.00863380358,0.632581711,0.418556839,-0.00273269136,0.647550285,0.423782229,-0.00588046759,0.656400383,0.427340627,-0.00836143,0.663314342,0.430301279,-0.010072588,0.630752861,0.422126949,-0.00566260843,0.645914614,0.430425525,-0.00779719418,0.654691339,0.435797542,-0.00961184781,0.661481798,0.440571308,-0.0112200053,0.625605047,0.425515205,-0.00889331,0.63961345,0.43443647,-0.0110920118,0.647597313,0.440066308,-0.0131452093,0.653925359,0.444683075,-0.0148482611,0.618577302,0.428485394,-0.0122343739,0.62850368,0.436131805,-0.0136436438,0.634646177,0.440970868,-0.0140787456,0.640217,0.445044369,-0.0146517474
7050.000000000039,0.59193182,0.411716521,1.05529949e-007,0.603180289,0.40825367,-0.000806747586,0.615538299,0.407658041,-0.00273322663,0.624630332,0.405345678,-0.00521011185,0.630378962,0.401869774,-0.00811056886,0.629470229,0.415412247,-0.00251388969,0.645314395,0.41937989,-0.00612569554,0.655056417,0.422639161,-0.00900875404,0.662373126,0.425609738,-0.010873083,0.628486156,0.418839514,-0.00535174459,0.645338178,0.42595765,-0.00799056236,0.655338109,0.430696845,-0.0102296136,0.66286552,0.434994608,-0.0119937006,0.624354601,0.422267973,-0.00855578948,0.639782846,0.430558056,-0.0111517394,0.648857713,0.435821116,-0.0137315411,0.655748904,0.440096587,-0.0156234382,0.618385315,0.425376177,-0.0118922964,0.629810572,0.432804734,-0.0136661371,0.6368922,0.437420547,-0.0145337749,0.643137395,0.441193938,-0.0153263668
7066.666666666706,0.552443,0.424823225,1.80756047e-007,0.574520409,0.419755667,0.00110705884,0.597397566,0.413147569,9.85185125e-006,0.613434196,0.407434285,-0.00309186499,0.624575853,0.40172407,-0.00581168151,0.614675,0.40822041,0.0080242129,0.638403714,0.413443446,0.00238342304,0.65297085,0.418514311,-0.00253991899,0.662960052,0.422963768,-0.00562851923,0.612621129,0.409598947,0.00324622239,0.639123559,0.420256227,-0.000869326293,0.652154326,0.427167624,-0.00357047515,0.663268328,0.432760805,-0.0055311108,0.608648241,0.412474,-0.00296965893,0.635085881,0.423821568,-0.007490227,0.647512197,0.430805415,-0.00905913673,0.657502472,0.436542124,-0.00981847756,0.602081776,0.416791499,-0.0096517643,0.623963296,0.426415682,-0.01184397,0.634976327,0.432395488,-0.0119164865,0.644470036,0.437278628,-0.0117813442
7083.333333333373,0.553511858,0.421090275,1.83480054e-007,0.575774193,0.412555248,0.000287721632,0.596543252,0.405594885,0.000793857675,0.610265553,0.400903255,-0.000321381725,0.618192732,0.396296948,-0.00117610919,0.613862216,0.407456309,0.0107069667,0.636143506,0.410887569,0.00822220929,0.649814367,0.41392988,0.00436648,0.660111547,0.416335106,0.00168125366,0.613283753,0.41035,0.00747391535,0.63784343,0.417843968,0.0065333019,0.650877774,0.422768712,0.00365415262,0.662225783,0.426868737,0.00116045738,0.610480487,0.413676798,0.00281724869,0.633787751,0.421707541,0.000979872071,0.645903,0.426760077,-0.00123746018,0.65545994,0.431105167,-0.00291656703,0.604865432,0.417682886,-0.00234423485,0.623941,0.424412847,-0.0025213093,0.635147393,0.428974867,-0.00222921441,0.644462287,0.432805181,-0.00219308794
7100.00000000004,0.583137095,0.408818454,7.70136239e-008,0.591940105,0.400335878,0.00402546348,0.603628278,0.397067726,0.00658654701,0.61297226,0.394364029,0.00735592935,0.61785835,0.390974551,0.00737278536,0.622046,0.406307578,0.011768193,0.63757503,0.408077359,0.0128126908,0.64817214,0.409554601,0.0112638101,0.656582177,0.411132455,0.00987461209,0.623057365,0.411329716,0.00771857658,0.642757714,0.415142417,0.00996836554,0.654055953,0.418219537,0.00853620935,0.66351074,0.421281457,0.00652954122,0.621869743,0.415898085,0.00299790082,0.64024508,0.420905054,0.00342699536,0.65069288,0.424365252,0.00146304327,0.659409523,0.427073658,-0.000521258451,0.618601441,0.420026481,-0.00168026879,0.632930875,0.425114,-0.000727626495,0.641797423,0.428538799,-0.000219099282,0.649472952,0.431132,-0.000594153
7116.666666666707,0.584496319,0.404937446,1.01452606e-007,0.592512071,0.398418337,0.000355050142,0.60300976,0.396451235,-0.000711028348,0.610854805,0.393043518,-0.00271675712,0.614551723,0.389027208,-0.005207262,0.619330347,0.404631793,0.00129030843,0.635361493,0.405752569,-0.000817915949,0.646236539,0.407024413,-0.00304423319,0.654406548,0.408273906,-0.00455624796,0.6208902,0.408213407,-0.00178408448,0.641314507,0.412496865,-0.00308867544,0.653442919,0.415823728,-0.00441991398,0.662066936,0.419007212,-0.00548705459,0.619311512,0.412322789,-0.0053497036,0.639485955,0.417570233,-0.00701446459,0.65117079,0.421029568,-0.00892117433,0.659904838,0.423772603,-0.0102561601,0.61595571,0.416622788,-0.00903158169,0.631084561,0.422261924,-0.00993484,0.640684307,0.425969362,-0.0100241126,0.648441553,0.428736597,-0.010239956
7133.333333333374,0.583735228,0.404487103,8.18180297e-008,0.591135502,0.397858292,-0.000777389389,0.601377487,0.394904464,-0.0025310393,0.609513104,0.391654491,-0.00502404105,0.613420427,0.387940556,-0.00795741659,0.617783964,0.403425187,-0.000605791458,0.63425225,0.403753698,-0.00316301337,0.644742548,0.404512137,-0.00569956843,0.65288043,0.405335933,-0.00741898548,0.618964434,0.407119602,-0.00328542385,0.639036477,0.410377353,-0.00522287283,0.651396275,0.412865311,-0.00734722475,0.660489321,0.415394247,-0.00898513,0.617442727,0.411199808,-0.00643250858,0.637142181,0.415932894,-0.00860094838,0.649287641,0.419031322,-0.0114384815,0.658419,0.421598673,-0.0133697661,0.614355505,0.41546005,-0.0097186463,0.629508734,0.420734853,-0.0111410096,0.639531,0.424131602,-0.0118717,0.647923231,0.42671904,-0.0124742184
7150.000000000041,0.584323883,0.404391229,8.50640447e-008,0.591091,0.397895426,-0.000880375563,0.601142168,0.394913197,-0.0026669451,0.608809412,0.391329348,-0.00520620029,0.612432,0.387507021,-0.00827354752,0.617083371,0.40345934,-0.00100451836,0.632995486,0.403802812,-0.00379557186,0.643307686,0.404450506,-0.00648680376,0.651393354,0.405273974,-0.00830607675,0.618668497,0.406933129,-0.0037173375,0.63827163,0.409797609,-0.00594037259,0.650725067,0.412043184,-0.00818464346,0.660047472,0.414337188,-0.00986634474,0.617643714,0.410868317,-0.00688923663,0.637612104,0.415129036,-0.00925594289,0.64985162,0.417810202,-0.0120065566,0.659150124,0.420004815,-0.0138545893,0.614902496,0.415021122,-0.0102061303,0.63027215,0.420026183,-0.011738468,0.640452206,0.423321,-0.0124533381,0.648967087,0.425797492,-0.0130315227
7166.666666666708,0.585623562,0.404899716,8.18000885e-008,0.592795551,0.398473,-0.000428503612,0.602338254,0.395759344,-0.00169522176,0.609738171,0.392519981,-0.00392875867,0.613497436,0.388720632,-0.00668608304,0.617615104,0.404534191,0.000804620329,0.63345015,0.404788554,-0.00163006817,0.643873394,0.405275911,-0.00424672524,0.652066648,0.405924678,-0.00605023,0.619411528,0.407960445,-0.00203596964,0.638801515,0.410568744,-0.00387140014,0.651112258,0.412682861,-0.00620097527,0.660373926,0.414874762,-0.00796107948,0.618328452,0.411929369,-0.00537619554,0.637519121,0.416011691,-0.00740841078,0.649530351,0.418650717,-0.0101155592,0.658631444,0.420815617,-0.011972554,0.615292907,0.416152656,-0.00887490716,0.629938424,0.42110163,-0.0101230908,0.639731109,0.424233079,-0.0106543507,0.647937775,0.426483184,-0.0110992752
7183.333333333375,0.586531103,0.406206191,6.08616091e-008,0.593179047,0.399516732,0.000396320684,0.603498459,0.397022963,0.000187467318,0.612069845,0.394322723,-0.00108266342,0.616460562,0.39070642,-0.00282215141,0.617181242,0.406032681,0.00279479823,0.633050859,0.406155884,0.00138986739,0.643579602,0.406363726,-0.000545384537,0.651868403,0.406789243,-0.00196933,0.619418323,0.409522027,-4.71056592e-005,0.638379633,0.411938608,-0.00106211286,0.650645256,0.413818449,-0.00301292143,0.659960151,0.415828496,-0.00453932816,0.618907809,0.413556397,-0.00336475298,0.637752831,0.417322367,-0.00481256749,0.650003374,0.419712126,-0.00743026473,0.659380138,0.421638519,-0.00925770868,0.61661458,0.417884469,-0.00678496,0.631101966,0.422639877,-0.00770731783,0.641112,0.425548851,-0.0082698958,0.649527967,0.427525669,-0.00874999166
7200.000000000042,0.587323248,0.407803237,5.91876095e-008,0.595268726,0.401240528,-0.00073126005,0.606036305,0.398923337,-0.00228923303,0.615079,0.396341681,-0.00462778704,0.61992389,0.392588466,-0.00750513794,0.619586289,0.408026367,-0.000986547093,0.636460841,0.408253044,-0.00388202863,0.646559954,0.408430874,-0.00640609954,0.654741228,0.408861905,-0.00809370261,0.620750308,0.411787748,-0.00376431481,0.640014291,0.41414541,-0.00654670037,0.65202409,0.415900797,-0.00892491,0.661210358,0.417705178,-0.0105041666,0.619251192,0.415865481,-0.00696996134,0.639035702,0.41958,-0.00996266,0.651492476,0.421998858,-0.0129050929,0.661112487,0.423950166,-0.0146961724,0.616128,0.420007586,-0.0102516981,0.63198185,0.424625933,-0.0124866441,0.642546356,0.427560151,-0.0136372382,0.651704192,0.429736137,-0.0143439043
7216.666666666709,0.58943,0.409729838,5.64338478e-008,0.597693086,0.402929574,-0.000651199778,0.608723462,0.400647253,-0.00178403559,0.618155479,0.398305804,-0.0037173864,0.623683333,0.394866645,-0.00615268433,0.620067835,0.41036,-0.000194419277,0.637166142,0.411059469,-0.00288989814,0.647827864,0.411569923,-0.00527448533,0.655988932,0.412308067,-0.00678585563,0.621205807,0.414479613,-0.00284774136,0.641347289,0.416857809,-0.00540059339,0.653783858,0.418835849,-0.00787164,0.662746072,0.420898914,-0.00947382767,0.620043874,0.418754816,-0.00593229709,0.639663577,0.422669977,-0.00855339691,0.652195692,0.425273925,-0.0114575177,0.661669672,0.427401543,-0.0132711343,0.617332518,0.42276448,-0.00909253862,0.632238746,0.42708084,-0.0108185755,0.642621,0.429701239,-0.0117083443,0.651436329,0.431512922,-0.0123032127
7233.333333333376,0.590898633,0.412316501,5.00946129e-008,0.599876463,0.405520111,-0.00158883713,0.611827314,0.403138965,-0.00314664212,0.621768177,0.401092142,-0.00515076146,0.62753582,0.397879869,-0.00755147915,0.623616099,0.413302481,-0.00153419748,0.640622258,0.414051622,-0.004444608,0.650691,0.414827973,-0.00699365325,0.658552766,0.415694326,-0.00865601189,0.624186933,0.417737216,-0.00358776678,0.643514872,0.420488358,-0.00601377618,0.654927909,0.422495335,-0.00837604329,0.663349688,0.424513966,-0.00999739766,0.622187197,0.421851724,-0.00605252804,0.640832961,0.425811261,-0.00845195726,0.652319729,0.428455234,-0.0108416378,0.660905659,0.43069315,-0.012404318,0.618545234,0.425495028,-0.00868374482,0.632868052,0.429149687,-0.0102929566,0.642573535,0.431228966,-0.0107894782,0.650575876,0.432673544,-0.01109738
7250.000000000043,0.590874314,0.41508618,5.26091064e-008,0.600429654,0.408467352,-0.00316697196,0.613231242,0.405711353,-0.00547827641,0.624349535,0.403671592,-0.0079173753,0.630907178,0.400302708,-0.0106282132,0.622995675,0.415942818,-0.00350752356,0.640310168,0.417223901,-0.0071347882,0.65072149,0.418290317,-0.0100464616,0.658882678,0.419423729,-0.0118983388,0.622890592,0.420726746,-0.00495533645,0.641687691,0.423798978,-0.0078220861,0.653217256,0.426163018,-0.0102809938,0.66209352,0.428638071,-0.0120719019,0.62065196,0.424956739,-0.00692703668,0.638292968,0.428888559,-0.00956960488,0.64960593,0.431611985,-0.0117716687,0.658536553,0.434038669,-0.0132182389,0.617337346,0.428620666,-0.00924380869,0.631676197,0.432025909,-0.0111294035,0.641523659,0.433895051,-0.0117397411,0.649868488,0.435309708,-0.0121441018
7266.66666666671,0.59206605,0.417246103,7.83755922e-008,0.601468325,0.410838693,-0.0035420619,0.614481509,0.40849939,-0.00631457893,0.62574,0.406561881,-0.00915936474,0.632856846,0.402899384,-0.0122648915,0.623283803,0.418651938,-0.00471121212,0.640906811,0.421331286,-0.00841010828,0.651348829,0.423093,-0.011101733,0.659254134,0.424731642,-0.0127417203,0.622555077,0.423046052,-0.00606394885,0.641519487,0.427093178,-0.00930240937,0.653009474,0.430037,-0.011732622,0.66160053,0.432857662,-0.0133552141,0.619910419,0.427122116,-0.00787150301,0.637923181,0.431789756,-0.0108372811,0.64916575,0.435121626,-0.0130968234,0.657728732,0.438121855,-0.0144892074,0.616250575,0.430706531,-0.00999826379,0.630411,0.434607655,-0.0121715125,0.640043139,0.436963409,-0.0129132736,0.648084044,0.438895524,-0.0133457407
7283.333333333377,0.564424634,0.425962806,-8.90828815e-008,0.547406316,0.426021039,0.000659350771,0.524473608,0.423291534,0.00229606614,0.508295774,0.421099156,0.00247889268,0.494379431,0.419365138,0.00305546937,0.501431704,0.416888148,0.00906960946,0.478983968,0.416879,0.00611241907,0.466327727,0.418789625,0.00199817424,0.457733423,0.420492917,-0.0006798908,0.500564694,0.414319664,0.00620288029,0.474761784,0.415058941,0.003468493,0.462277025,0.417611152,-9.76182564e-005,0.453253657,0.420138657,-0.00201015361,0.503027916,0.412327796,0.00223308988,0.478134811,0.413073212,-4.56884845e-006,0.46563071,0.415373594,-0.00172224455,0.456983685,0.417991519,-0.00252272724,0.508546531,0.410661727,-0.00214724918,0.490301639,0.409432083,-0.00368124084,0.479697645,0.410270065,-0.00366840302,0.472599775,0.411523312,-0.00313455309
7283.333333333377,0.59337157,0.418897,8.20425e-008,0.603479862,0.412566185,-0.00349018443,0.616239727,0.410559118,-0.00592190726,0.62772119,0.408971608,-0.00847738795,0.635520339,0.405478626,-0.0112913223,0.62533468,0.421072036,-0.00276078563,0.641554654,0.423627794,-0.0060073873,0.651230752,0.425384611,-0.00882144272,0.658899903,0.427092642,-0.0107188458,0.624533296,0.425725311,-0.00422215322,0.64226836,0.429916,-0.00706691388,0.653150439,0.433141291,-0.00980946515,0.661310911,0.436160266,-0.011790623,0.621366441,0.429804325,-0.00629001204,0.638138652,0.434827745,-0.00931216683,0.64868468,0.438654095,-0.0120491087,0.656731,0.441968739,-0.0138156852,0.616863847,0.433244228,-0.00868892111,0.630086899,0.437787622,-0.0110217407,0.639202535,0.440685689,-0.012094914,0.646923184,0.443100691,-0.012835715
7300.000000000044,0.595101714,0.420039684,8.45979e-008,0.605661035,0.414454788,-0.00351759396,0.618013144,0.413001567,-0.00620144932,0.629105747,0.411817759,-0.00910119247,0.637250125,0.408889949,-0.0122920629,0.627430797,0.424149692,-0.00313358242,0.642552376,0.427069247,-0.00664008036,0.651802301,0.429092228,-0.00976323336,0.658919692,0.431033611,-0.0119563816,0.625802875,0.428572208,-0.00489192456,0.642301798,0.433066964,-0.00813333131,0.652403831,0.436515629,-0.011116676,0.660047472,0.439797908,-0.0132680628,0.621675849,0.432604551,-0.00728386361,0.637281358,0.438321084,-0.0110137612,0.646745384,0.442747,-0.0140509959,0.654046178,0.446626902,-0.0159801506,0.615980208,0.436061025,-0.00998913,0.627396584,0.442031294,-0.013118702,0.634659529,0.446275294,-0.01449815,0.640846729,0.450035453,-0.0153791215
7316.666666666711,0.548499644,0.42847544,-2.64542681e-008,0.531764865,0.416479021,0.00900785904,0.508713484,0.410896093,0.0143744294,0.494378388,0.408012152,0.0167313367,0.485350966,0.406343251,0.0186441839,0.476482093,0.413552284,0.0206159353,0.461673379,0.419740558,0.0244766828,0.459002912,0.424320251,0.0240822844,0.458073497,0.426233351,0.0234106127,0.470538318,0.421896189,0.0157845598,0.456588984,0.428677052,0.0220733508,0.460597306,0.432834417,0.0230268762,0.465576321,0.433597237,0.0232305359,0.469265699,0.431939334,0.0107917283,0.457099855,0.437893748,0.0161951613,0.461775452,0.440871865,0.0176065844,0.467572629,0.440732032,0.0174049549,0.472303212,0.443242,0.0060892161,0.466965854,0.449659437,0.00943362061,0.471336693,0.450847656,0.0119770337,0.476539433,0.449416518,0.0140703
7316.666666666711,0.596256256,0.423025429,7.78407099e-008,0.607430458,0.417678386,-0.00364579191,0.619825065,0.41634208,-0.00639383309,0.630877733,0.415385067,-0.00929163769,0.639006,0.412358165,-0.0124478368,0.628723741,0.426934958,-0.00344135985,0.643052936,0.430135489,-0.00716997171,0.651459098,0.43263346,-0.0103121419,0.657789826,0.435002536,-0.0125734666,0.626528323,0.431722373,-0.00500928052,0.641148567,0.436440766,-0.00843756,0.649566948,0.440008342,-0.011261981,0.655869246,0.443414688,-0.0133184455,0.62179172,0.436012626,-0.00724793738,0.635864317,0.442039937,-0.0112550631,0.644100249,0.446497768,-0.0140317539,0.65048,0.450488567,-0.0157872196,0.615198433,0.439772904,-0.00979577843,0.624585867,0.446256399,-0.0132207777,0.630779147,0.450763077,-0.0146985138,0.636386812,0.454865783,-0.0156538747
7333.333333333378,0.551214039,0.428420752,3.95044175e-008,0.534989059,0.417224973,0.00789719354,0.511532843,0.411794931,0.0124737332,0.496171594,0.407163739,0.0141511373,0.485008925,0.403300941,0.0157774072,0.485485941,0.415077776,0.0211313721,0.468987405,0.418532073,0.0247695874,0.459412128,0.421959668,0.0243351981,0.452929348,0.424864441,0.0239729248,0.480874,0.422780395,0.0167146735,0.462999433,0.425760388,0.0230890773,0.455636859,0.427805603,0.0245458223,0.450193912,0.429182082,0.0253914762,0.478441834,0.432486385,0.011676047,0.46285677,0.434055299,0.0180038866,0.454826713,0.435040742,0.0208203,0.44932583,0.435394883,0.0217142794,0.479301631,0.444136649,0.00657958677,0.469049156,0.445969969,0.0121676913,0.46403569,0.446377188,0.016646402,0.460705757,0.446181923,0.0199164525
7333.333333333378,0.597452164,0.426200747,8.3272667e-008,0.608537734,0.420872301,-0.00360349589,0.621540308,0.419956148,-0.0063119526,0.632561564,0.419309527,-0.00903606322,0.641013324,0.416938454,-0.0119860917,0.630534649,0.430608273,-0.00439235568,0.645108163,0.4338907,-0.00810703821,0.653376877,0.436588496,-0.011064251,0.659340918,0.439026237,-0.0130944373,0.628133774,0.435578376,-0.00576742459,0.642680228,0.440736383,-0.00896587,0.650161147,0.444498181,-0.0113716526,0.654847264,0.447870612,-0.0130565763,0.622730374,0.439859599,-0.0076835989,0.636790872,0.446376532,-0.0112406081,0.64325428,0.451022327,-0.0133025236,0.647354126,0.455095768,-0.0145724453,0.615351796,0.443326354,-0.00990042649,0.624582171,0.449887872,-0.0130221164,0.63022542,0.454526752,-0.0140628088,0.634807646,0.458743334,-0.0146037601
7350.000000000045,0.545605659,0.42886731,-3.28675043e-008,0.528636336,0.416995227,0.0103378342,0.505230308,0.411882877,0.0172557794,0.490749806,0.408444703,0.020689059,0.480101496,0.406176597,0.0238135792,0.478779376,0.413886249,0.0254762676,0.465482384,0.419917911,0.0300647989,0.463074327,0.424619555,0.0295258071,0.462184072,0.426735193,0.028730955,0.470887631,0.421625853,0.0200326,0.459179521,0.427590549,0.0264341757,0.461840749,0.430885762,0.0261394475,0.465486467,0.431548029,0.0255988799,0.467722058,0.43182689,0.0142459739,0.45843485,0.436611801,0.0190959312,0.462662309,0.439591,0.0191225354,0.466683656,0.439656079,0.0182629209,0.46889329,0.443705261,0.00882858131,0.466251075,0.450003594,0.0120519744,0.471936017,0.452025682,0.0141327903,0.477099985,0.4517335,0.0159463715
7350.000000000045,0.598587573,0.428819448,8.83536799e-008,0.609740138,0.423934132,-0.00270539336,0.622685909,0.423409343,-0.00543138618,0.632929146,0.422897458,-0.00824733917,0.641126156,0.421282083,-0.0112989582,0.632953227,0.434162825,-0.00476469938,0.647033691,0.43808344,-0.00850880705,0.654109597,0.441030502,-0.0112193264,0.6579445,0.443399757,-0.0127918208,0.629667103,0.439124316,-0.00657117041,0.643785179,0.445396274,-0.0100216148,0.650001884,0.449749857,-0.0122589236,0.652252555,0.452999502,-0.013438818,0.623302042,0.443242371,-0.0087709548,0.63686645,0.451080322,-0.0123226158,0.64242512,0.456351638,-0.0142659722,0.644697666,0.460503727,-0.0152245574,0.615008,0.446354091,-0.0111134965,0.623676717,0.4539437,-0.014183173,0.628836155,0.459061712,-0.0150004802,0.632363915,0.463364273,-0.0151484832
7366.6666666667115,0.543974578,0.430323869,-7.71849287e-008,0.530652821,0.418765962,0.00503693195,0.507627368,0.41258806,0.00828788243,0.492221117,0.408283293,0.00960391,0.481812686,0.403892,0.0108232684,0.475488961,0.414731711,0.0142147709,0.463725418,0.42179966,0.0146261454,0.464572459,0.42714116,0.0119586037,0.467420906,0.429044604,0.00993270054,0.468784511,0.423205495,0.0107732425,0.458002299,0.430185616,0.0127821146,0.463775843,0.434153318,0.0116615444,0.470977336,0.434592217,0.010920614,0.467018455,0.433774203,0.00708021084,0.458191633,0.439533263,0.00748863677,0.465940535,0.442816556,0.00776694,0.473560125,0.442554116,0.00789513346,0.469607711,0.44513005,0.00362471305,0.466374934,0.451947182,0.00252668979,0.473791838,0.45379591,0.00378720718,0.480027795,0.452728689,0.00583693152
7366.6666666667115,0.59817332,0.43170023,9.31141528e-008,0.609933555,0.426797569,-0.00351180206,0.622992814,0.426063955,-0.00729498314,0.634079039,0.425489694,-0.0109019326,0.642982721,0.423579603,-0.0147338454,0.63309443,0.436774343,-0.00757784396,0.647620142,0.44097352,-0.0120904353,0.653706849,0.444266915,-0.0151145207,0.656495392,0.447155774,-0.01687859,0.629057288,0.441981375,-0.0091570355,0.64271462,0.448790193,-0.0128753437,0.647824407,0.453577101,-0.0150589217,0.649359345,0.45748508,-0.0164579265,0.622155368,0.446071833,-0.0110136149,0.633989394,0.454488099,-0.0147866113,0.638309658,0.459921449,-0.0163276419,0.639914751,0.464320689,-0.0172094796,0.613525748,0.449066937,-0.0130240526,0.621244,0.456766576,-0.0159504525,0.625676513,0.461816043,-0.0162484087,0.628804326,0.46617189,-0.0161817018
7383.3333333333785,0.544881701,0.431361794,-8.17549477e-008,0.532713532,0.418172181,0.00913380738,0.510809839,0.411775857,0.0153799569,0.494459122,0.40841642,0.0190554149,0.483226538,0.404403597,0.0226322263,0.479454935,0.414068669,0.0217250902,0.466071,0.420438886,0.0261046831,0.465445787,0.425955355,0.0262160152,0.467530876,0.428142726,0.0259782504,0.471476197,0.422927201,0.0177943259,0.459471,0.429458886,0.0238321405,0.463726282,0.433678538,0.0242492352,0.469297647,0.434088379,0.0243367758,0.468461722,0.433931112,0.0137996292,0.458472252,0.438815951,0.0181776769,0.463644385,0.442290843,0.0191103816,0.469057,0.442211926,0.0190805774,0.469739705,0.446114868,0.010321808,0.465056181,0.451527625,0.0128999818,0.470215827,0.453424,0.015109418,0.475353509,0.452857971,0.0173593555
7383.3333333333785,0.597269177,0.433472693,8.49508481e-008,0.609568357,0.428292,-0.00354208332,0.622841656,0.427331746,-0.00755518954,0.634338319,0.426570803,-0.0114278449,0.64322108,0.424390465,-0.0154533135,0.633614123,0.43846941,-0.00758868083,0.648183048,0.442416579,-0.0126659684,0.653103352,0.445943534,-0.0160194468,0.654573739,0.44887957,-0.0179359745,0.62937355,0.443751931,-0.00932442117,0.643052876,0.449868262,-0.0136551401,0.647279441,0.454532623,-0.0160924625,0.648151815,0.458417,-0.0175714176,0.621974,0.447918475,-0.0114149759,0.633526266,0.455841392,-0.0159780346,0.637495279,0.461478829,-0.0178398695,0.638927639,0.466128081,-0.0188036859,0.612739146,0.450978458,-0.0136203244,0.620434165,0.458676159,-0.017149562,0.624711454,0.463846564,-0.0177053772,0.627871156,0.468386292,-0.0177275352
7400.0000000000455,0.541974306,0.432512581,-8.86173197e-008,0.528380692,0.418540388,0.00851781853,0.508266807,0.412496865,0.0141499899,0.492361307,0.409296453,0.0171469543,0.481581181,0.404737949,0.0202391092,0.477472812,0.414381832,0.0220570602,0.462253273,0.422273278,0.0252311938,0.467223614,0.427905589,0.0245680567,0.474236757,0.428551853,0.0237775389,0.468120098,0.423394084,0.0182063971,0.455459535,0.431336701,0.0223771222,0.464496851,0.436242849,0.0214411858,0.474226296,0.435257107,0.0209165607,0.464324027,0.434577107,0.0141375735,0.453697234,0.440838099,0.0168297105,0.464004964,0.444639,0.0171119589,0.473338604,0.443094313,0.0169593189,0.465398103,0.446759135,0.0105877891,0.462894589,0.453648478,0.0117548769,0.471888214,0.455884069,0.0133133065,0.479458302,0.454249263,0.0153945694
7400.0000000000455,0.597556293,0.436046451,3.44882487e-008,0.609091759,0.43039,-0.00388686336,0.622202337,0.428442299,-0.00823255535,0.633805156,0.42717579,-0.0125757903,0.642994404,0.424827963,-0.0170043893,0.633424938,0.439510226,-0.00716164336,0.646920383,0.44275704,-0.0126916347,0.649652123,0.44489333,-0.0165451132,0.649726272,0.446483284,-0.0189430527,0.629744887,0.445230514,-0.00902595185,0.642805934,0.450669348,-0.014155169,0.643912375,0.453412145,-0.0170182381,0.64287132,0.455573916,-0.0187372938,0.622745335,0.449966729,-0.0113694007,0.634249866,0.45723176,-0.016609773,0.636706293,0.461834729,-0.0184479319,0.637243688,0.465707272,-0.0194082223,0.613647521,0.453625917,-0.0138587607,0.621400476,0.46088773,-0.0178082809,0.624787748,0.465688974,-0.0184260663,0.62756449,0.470010757,-0.0185767282
7416.666666666712,0.541197538,0.432161242,-1.2037647e-007,0.521666944,0.417810649,0.0082986895,0.496185958,0.416253477,0.0167420115,0.477535576,0.42132172,0.0225738809,0.46506983,0.42731297,0.0283325315,0.476280838,0.418425411,0.0286043491,0.46507287,0.426822692,0.0345724896,0.470032334,0.432212949,0.0350058936,0.475396574,0.43324706,0.034850806,0.469163209,0.4280698,0.0255917553,0.461274326,0.435595125,0.0335940942,0.470708758,0.439827025,0.0326577798,0.478223473,0.438884318,0.0317070782,0.468059272,0.438978463,0.0218442474,0.462438822,0.445100397,0.0263269078,0.472601414,0.448192149,0.0251875576,0.479260087,0.446974456,0.0237797387,0.471778899,0.450528532,0.018613264,0.471439451,0.457054853,0.0209791418,0.481978357,0.458705515,0.0224752873,0.489079326,0.457517475,0.0240853615
7416.666666666712,0.595953941,0.438116,3.33918777e-008,0.60713774,0.431564242,-0.00448485697,0.621008,0.429100931,-0.0081261564,0.63302052,0.427764416,-0.0117943063,0.642550707,0.425308138,-0.0153960735,0.632955909,0.440543234,-0.00454802625,0.646393061,0.443417966,-0.00893096533,0.650002956,0.445584863,-0.0124351066,0.650869489,0.447371721,-0.0148421619,0.629554033,0.44694227,-0.00589518854,0.642394602,0.451577455,-0.0100436667,0.644335032,0.454180032,-0.0130389826,0.64383769,0.456506431,-0.014993282,0.622753918,0.452137113,-0.00792662613,0.634142876,0.45866257,-0.0127196433,0.636743605,0.462798029,-0.0148288272,0.637211442,0.4664855,-0.016037209,0.61354655,0.45596844,-0.0102349995,0.620626092,0.462782949,-0.0141359884,0.623911858,0.467278063,-0.0150516052,0.626304209,0.471429706,-0.0154402088
7433.333333333379,0.542066693,0.433261812,-2.16295939e-010,0.530592382,0.419737399,0.011454517,0.507694,0.414999604,0.0198984481,0.491909891,0.412093103,0.0249594897,0.480424136,0.409131646,0.0297375489,0.483856708,0.418196857,0.0285568964,0.469728112,0.423306018,0.0377341881,0.462437361,0.428234309,0.0416598506,0.458794862,0.431815207,0.0438364632,0.476831257,0.426432669,0.0237770025,0.462925762,0.431784451,0.035285335,0.460236371,0.435802847,0.0392160788,0.45814994,0.437684655,0.0414560884,0.47381705,0.43639493,0.0185607448,0.463012457,0.44094491,0.0278158337,0.461363822,0.444123119,0.030859923,0.460255206,0.445422143,0.0314970575,0.47524184,0.448348165,0.0136729479,0.471392423,0.454229236,0.0203760285,0.473079652,0.456455171,0.0244316384,0.475246608,0.457223713,0.0272620283
7433.333333333379,0.596174,0.440431625,2.30880701e-008,0.607483387,0.433267266,-0.00393626234,0.621225119,0.430224925,-0.0069018309,0.633074105,0.428630263,-0.0101711759,0.642998457,0.426388681,-0.0133331781,0.632204533,0.441891372,-0.00177640491,0.644904792,0.444227368,-0.00535182608,0.649798691,0.44607091,-0.00879814569,0.652441621,0.447681248,-0.0113464771,0.628907382,0.448262125,-0.00327675068,0.640890181,0.452026516,-0.00619022,0.643883169,0.454080373,-0.00881828368,0.64535886,0.456413478,-0.0108557092,0.622503459,0.453552485,-0.00557646947,0.632820249,0.459208131,-0.00955705345,0.63537395,0.462511539,-0.0107662762,0.636643767,0.465813696,-0.0115447436,0.6136235,0.457525551,-0.00825930666,0.620153129,0.463647842,-0.0113626691,0.622829318,0.467442185,-0.0112745818,0.624987245,0.471039236,-0.0110505251
7450.000000000046,0.540576637,0.4363105,-3.75797384e-008,0.528488517,0.423153758,0.00471109897,0.504946649,0.418016315,0.0091281645,0.488484353,0.416298419,0.0116645889,0.476562619,0.415213734,0.0140114659,0.482189626,0.421867937,0.0150702139,0.469833285,0.427543789,0.016581336,0.470047235,0.431326896,0.0153589081,0.47243,0.432743162,0.0144953765,0.475697756,0.430274069,0.0123227686,0.46258834,0.435532302,0.014558346,0.467532426,0.438368529,0.0137345,0.474109799,0.438534558,0.0134828379,0.473362118,0.440274209,0.00917176437,0.46115458,0.444396228,0.009140254,0.468104661,0.446469605,0.00933485944,0.47516337,0.446058512,0.00982618332,0.474594861,0.45097971,0.00643374305,0.467103451,0.455655813,0.00568170799,0.473866433,0.456458062,0.00770227052,0.481075704,0.455399603,0.0102843959
7450.000000000046,0.598368645,0.44133243,3.78632379e-008,0.609070301,0.434026599,-0.00421294523,0.621996,0.430852264,-0.00769415777,0.633584797,0.429382294,-0.0112525206,0.643412232,0.427588,-0.0148223946,0.632130325,0.442830205,-0.00462482,0.645170391,0.445078075,-0.00864241552,0.650532126,0.44716692,-0.0120234275,0.653627336,0.449200481,-0.0145050595,0.628773093,0.449039847,-0.00613566209,0.641699493,0.453225404,-0.00953047816,0.645110309,0.455731809,-0.0120040821,0.646549523,0.458404124,-0.0139718885,0.622433364,0.454013973,-0.00827638619,0.633106411,0.460186034,-0.0127864769,0.635905743,0.463876307,-0.014214457,0.637237668,0.467421085,-0.0151601061,0.613711774,0.457849979,-0.0107290437,0.620046556,0.464193732,-0.0144340508,0.622901738,0.468405902,-0.0147572113,0.625238895,0.472393662,-0.0148430923
7466.666666666713,0.598515391,0.443286687,8.38605807e-009,0.609111547,0.435883433,-0.00395635935,0.622150838,0.432393551,-0.00756676868,0.633675516,0.43092677,-0.0113496128,0.643319547,0.429307461,-0.014997228,0.633611917,0.444199473,-0.00398255233,0.646003,0.44617945,-0.00866980851,0.648883939,0.44756341,-0.012565176,0.64942944,0.44870171,-0.0151679534,0.630283833,0.450655252,-0.00564142037,0.64291054,0.454793,-0.00975427311,0.643667579,0.456248075,-0.0123749534,0.64262712,0.457600057,-0.0140269035,0.623679698,0.455797762,-0.0079994956,0.634129882,0.461569965,-0.0126305958,0.635777,0.464288771,-0.0136636328,0.636200666,0.466773301,-0.0141426334,0.614545524,0.45963642,-0.0106811747,0.620696425,0.465687722,-0.014190767,0.62317,0.469399661,-0.0142203951,0.625332415,0.472724527,-0.0139761586
7483.33333333338,0.542301893,0.438944966,-2.05415589e-007,0.523438,0.423676133,0.00277407607,0.499419391,0.421658754,0.00459873304,0.482860148,0.425738633,0.00510466751,0.471868634,0.431266785,0.0057982048,0.470309407,0.420469224,0.00895971619,0.465687305,0.429245353,0.00484142173,0.478363305,0.433968723,-0.000119705488,0.49088347,0.43476513,-0.00293816929,0.461663246,0.429759413,0.00591952633,0.458195597,0.43748036,0.00518784439,0.472593516,0.441930056,0.00318565825,0.485853046,0.441220909,0.00207624258,0.460022777,0.440808743,0.00229389663,0.456046969,0.446938545,0.000627705071,0.470152438,0.450015336,0.00121162471,0.481215417,0.44867757,0.00151520432,0.463543892,0.452547759,-0.00124996447,0.464802206,0.459018826,-0.00356783159,0.478298515,0.460651219,-0.001194646,0.488289446,0.459246755,0.00179840054
7483.33333333338,0.597908318,0.44587,5.01944397e-009,0.608664334,0.438049674,-0.00385761331,0.622067,0.4342421,-0.0076266746,0.633678555,0.43273145,-0.0115573527,0.643569589,0.431237698,-0.0152615923,0.633962214,0.446142405,-0.00479833968,0.647768855,0.448003948,-0.00994419679,0.650038362,0.449147791,-0.0140899215,0.649208963,0.449774176,-0.0165449418,0.630385756,0.452780932,-0.00637643179,0.643516362,0.45668155,-0.0101279886,0.645192921,0.458101302,-0.0126597192,0.644528925,0.459058553,-0.0143921701,0.62359333,0.457995087,-0.00863580778,0.633624375,0.463313162,-0.0125871329,0.636098087,0.465645,-0.0136706978,0.636923373,0.467351556,-0.0143709704,0.614502847,0.461945146,-0.0112422872,0.620417833,0.467795223,-0.014198117,0.623146176,0.471200317,-0.0142282732,0.625128925,0.473976731,-0.0140653262
7500.000000000047,0.542614281,0.439438164,-1.47295e-007,0.527637899,0.424285084,0.00813222863,0.502622604,0.421390563,0.0127762472,0.485853463,0.424647629,0.0152067794,0.475637943,0.430640876,0.0170025025,0.475609303,0.420439601,0.0130189909,0.467423946,0.427981019,0.01237927,0.476882696,0.432313412,0.00908551738,0.487468809,0.433352441,0.00671931123,0.466746479,0.429683864,0.00808475446,0.459947914,0.436284333,0.0103825666,0.470425546,0.44068259,0.00931406766,0.482651055,0.440774441,0.00817983318,0.465064049,0.440984577,0.00334181357,0.457405031,0.446453273,0.00434872182,0.469099313,0.449823946,0.00477088802,0.479796559,0.448914319,0.00425169477,0.468213,0.452755,-0.000751381856,0.466071814,0.459308654,-0.00182261877,0.477234334,0.461227208,-0.000113451446,0.486366957,0.459804118,0.00192334701
7500.000000000047,0.594575942,0.448424608,-5.36474598e-009,0.606290698,0.440008074,-0.00281125,0.620992422,0.436105251,-0.00572274718,0.633275688,0.434459805,-0.00903433841,0.643197775,0.433032125,-0.0120796803,0.63387692,0.448341578,-0.00230154325,0.648588777,0.450019628,-0.00676551228,0.652000368,0.450873792,-0.0107770273,0.651518285,0.451091856,-0.013126011,0.630323052,0.455029339,-0.00423424551,0.644533396,0.458915949,-0.00726677896,0.646417499,0.460129082,-0.00988265127,0.644748,0.460613161,-0.0114914626,0.623328805,0.460479766,-0.00677935313,0.63446641,0.465541929,-0.00961601455,0.637119889,0.467679352,-0.0104653565,0.637067199,0.468898773,-0.0110242292,0.613823175,0.46475926,-0.00966238789,0.619847953,0.469899237,-0.0115205934,0.622739613,0.472663254,-0.0109679261,0.6239447,0.47463128,-0.0103604598
7516.666666666714,0.596064329,0.451264471,-2.23752874e-008,0.606818378,0.44248876,-0.00201132661,0.620878935,0.438590914,-0.00413955376,0.632543683,0.436950505,-0.00676906202,0.64209795,0.435644537,-0.00919303298,0.633512795,0.450516939,-0.00115498947,0.647873,0.451933563,-0.00502950931,0.651684701,0.45229122,-0.00864679553,0.651726067,0.452040315,-0.0105886962,0.630024612,0.457511336,-0.0030043514,0.643987179,0.461514264,-0.00516552199,0.645914316,0.461867273,-0.00722937,0.644204378,0.461325228,-0.00844415184,0.62341,0.46306175,-0.00536013534,0.634460926,0.468205631,-0.00768057955,0.636761785,0.468911648,-0.00801430922,0.636030138,0.468414843,-0.00803848263,0.614704549,0.467297,-0.00796051323,0.621326804,0.472213387,-0.00916681718,0.623583078,0.473701149,-0.00791182648,0.623573363,0.47407186,-0.00670500612
7533.333333333381,0.593906879,0.452974796,-2.80163537e-008,0.606239557,0.444641292,-0.00274184975,0.62108016,0.440944761,-0.00570687512,0.633006871,0.439434052,-0.00897597894,0.642535269,0.438074023,-0.0118297469,0.63484323,0.453410059,-0.00286507886,0.650559664,0.45418,-0.00816738,0.653338432,0.454042166,-0.0125992056,0.651427448,0.453317642,-0.0146622621,0.631163418,0.460316,-0.00446306355,0.646452,0.464342773,-0.00808070693,0.647303581,0.464137077,-0.010643553,0.643333316,0.462932497,-0.0115597108,0.624314845,0.465511143,-0.00657191081,0.635681212,0.470878482,-0.00982049573,0.636931,0.47104463,-0.0102629466,0.634394467,0.469751239,-0.00981454458,0.615242302,0.469317168,-0.00893189665,0.621235967,0.474478453,-0.0106417341,0.622809947,0.475373834,-0.0094144363,0.621763766,0.474873394,-0.007799624
7550.000000000048,0.592824,0.456616759,-6.19147329e-008,0.605214119,0.448069662,-0.00233016931,0.620893061,0.444228202,-0.00461913552,0.633524895,0.442787915,-0.00723853195,0.642740607,0.441054583,-0.00936097279,0.635334253,0.456424087,-0.00216619484,0.651961923,0.456743062,-0.00600120705,0.652835548,0.455074936,-0.00941195711,0.649161577,0.453977108,-0.0111447647,0.631788135,0.463219464,-0.00351756811,0.647947669,0.465413332,-0.00520800613,0.648346066,0.46339941,-0.00654908642,0.644117832,0.461945951,-0.00722587435,0.624760509,0.468408704,-0.005344701,0.638337851,0.472392499,-0.0069853426,0.639728606,0.471016556,-0.00667863106,0.6368801,0.469398677,-0.00636100117,0.61540395,0.472170353,-0.00742741767,0.622671902,0.476107329,-0.00822034664,0.624124646,0.475512356,-0.00670460053,0.622382462,0.474080473,-0.00524244132
7566.666666666715,0.592568457,0.461251915,-6.81922288e-008,0.604468167,0.452223212,-0.00297869835,0.620064735,0.447617769,-0.00546405371,0.632711887,0.446334481,-0.00771577749,0.642887592,0.445720434,-0.00951120909,0.634375334,0.46015349,-0.0054430333,0.650679886,0.459432572,-0.00860028528,0.653443217,0.457340121,-0.0107732983,0.652293,0.456139773,-0.0118294219,0.630762458,0.467216671,-0.00624750648,0.647738636,0.469089419,-0.00807793345,0.646539152,0.466038,-0.00827008858,0.641457856,0.464052409,-0.00790119451,0.623897612,0.472326,-0.00717932824,0.637562811,0.475805193,-0.0089022629,0.636577785,0.473167628,-0.00756567251,0.632118881,0.471286952,-0.00640577357,0.615063,0.475968122,-0.00828150567,0.623026431,0.478475273,-0.00914182421,0.62241739,0.476484448,-0.00705837924,0.618879437,0.47489959,-0.00509389257
7583.333333333382,0.592695892,0.465597838,-6.80575951e-008,0.604183257,0.456368297,-0.00405380689,0.620426595,0.451037049,-0.00658877334,0.633974552,0.449406236,-0.00861024112,0.644738197,0.448921382,-0.0100884549,0.633955717,0.463818848,-0.00533609139,0.649364114,0.462046087,-0.0079652695,0.653027773,0.459229648,-0.00996369682,0.652757227,0.457697362,-0.0110258898,0.630739629,0.470792234,-0.00532070734,0.647238672,0.47099,-0.00578533299,0.647659957,0.46745339,-0.00537007162,0.643790245,0.465466022,-0.00503043737,0.623997092,0.475818485,-0.00558739062,0.638028145,0.47759679,-0.00647040969,0.6375,0.474341601,-0.00470825844,0.63372165,0.472576618,-0.0035641694,0.615233719,0.479497,-0.00615414837,0.623680711,0.480189085,-0.00683812052,0.623547554,0.47802,-0.00463820482,0.620455265,0.476906449,-0.00266294531
7600.000000000049,0.530210316,0.461669952,8.11685084e-008,0.51587075,0.452141523,0.00204098551,0.498267531,0.44644168,0.00221290393,0.485083729,0.443776041,0.000788827892,0.473769963,0.442550391,-0.00080888177,0.48382175,0.451433629,0.00389130972,0.466988385,0.450009078,-0.0010536086,0.458904564,0.447290957,-0.00547411526,0.455622703,0.445419848,-0.00783988647,0.482794523,0.456623554,0.0001812501,0.464165777,0.455514818,-0.00332130236,0.458937705,0.452415496,-0.00620001927,0.457866132,0.450093567,-0.00780964969,0.483888745,0.46268,-0.00402663881,0.465049267,0.46164012,-0.00751944678,0.461133152,0.458461404,-0.00748932362,0.460326165,0.455932915,-0.00695874728,0.487616181,0.468698144,-0.00821034238,0.473340571,0.467294604,-0.011055463,0.469600976,0.463872015,-0.00997598749,0.469394952,0.460836083,-0.00842786673
7600.000000000049,0.590631068,0.469918191,-5.28405728e-008,0.601797044,0.459973067,-0.00496762339,0.618509829,0.454556942,-0.00778148184,0.632926702,0.453272343,-0.009823801,0.644418776,0.452876896,-0.0112930257,0.630993128,0.466835976,-0.00707096513,0.64844346,0.464705676,-0.0106799807,0.65495497,0.46193707,-0.012951185,0.656956315,0.459912181,-0.0138557954,0.628501952,0.474021405,-0.00671819644,0.648156822,0.47334373,-0.00806459226,0.65142113,0.469366312,-0.00762932189,0.649515927,0.466839433,-0.00684968289,0.622466,0.479230225,-0.00666019786,0.637752593,0.479422063,-0.00849821419,0.637498677,0.475811034,-0.00652405061,0.633931637,0.474159211,-0.00468195649,0.614565074,0.483141184,-0.0069637266,0.624629498,0.483049631,-0.00825503096,0.624412715,0.48049587,-0.00564971473,0.621147633,0.479310036,-0.00301617291
7616.666666666716,0.528648317,0.441980392,-2.19052581e-008,0.512856,0.436828196,0.00103723176,0.496621668,0.436092079,0.000108798595,0.485399932,0.4362607,-0.00245938636,0.476248115,0.436857,-0.00550921168,0.477591485,0.442890316,0.000782552641,0.459099531,0.448474526,-0.0052132057,0.454607815,0.45416224,-0.0102152498,0.456345707,0.457816631,-0.0127386544,0.478975624,0.44839856,-0.00273561943,0.459992647,0.455338955,-0.00698120892,0.456689417,0.460541934,-0.00996665377,0.459881395,0.463660061,-0.0116347503,0.483718663,0.453956246,-0.00663687894,0.466068715,0.461726248,-0.0105601838,0.464097261,0.466249377,-0.0115952445,0.467710078,0.468626112,-0.0119700423,0.49134022,0.459039778,-0.0104734544,0.479337841,0.46663776,-0.0137850279,0.477776021,0.47030291,-0.0132947462,0.480818719,0.472058147,-0.0122095207
7616.666666666716,0.588787854,0.473002493,-4.7902688e-008,0.600301683,0.463077039,-0.00457403762,0.617610633,0.457862705,-0.00716948556,0.633161366,0.456989169,-0.00894796662,0.645709097,0.456669331,-0.010131048,0.629489839,0.470023,-0.00729511585,0.647937834,0.467602074,-0.0103929089,0.654923797,0.464521974,-0.0121370917,0.657491863,0.462241501,-0.0127093736,0.627129495,0.47731787,-0.00679776678,0.647823155,0.476164401,-0.00758440606,0.652790427,0.471719772,-0.0065225088,0.65236479,0.468762279,-0.00548458099,0.621005952,0.482428074,-0.00648756139,0.637697458,0.481946856,-0.00750567345,0.639702857,0.477917016,-0.00473956,0.637711823,0.475946248,-0.00256314455,0.613378465,0.486067832,-0.00654316414,0.625554,0.485727251,-0.00694714161,0.627139866,0.482727498,-0.00368628767,0.625008523,0.481169134,-0.000780049
7633.333333333383,0.526717901,0.443053752,5.09409936e-009,0.510247111,0.438887954,0.00337793888,0.494927436,0.438946456,0.0032206364,0.483586907,0.438660055,0.00125595264,0.475402474,0.439493746,-0.000771499239,0.47971198,0.447577178,0.00293147634,0.460237354,0.453085,-0.000768922328,0.455221087,0.458692759,-0.00336434436,0.455629885,0.462623239,-0.00424694363,0.482249349,0.452178746,-0.000769664184,0.461632311,0.45940873,-0.00336718909,0.45772016,0.465249538,-0.0046184212,0.459991515,0.469023049,-0.00488841254,0.487932622,0.456781954,-0.00459981058,0.472530276,0.466111362,-0.00640657311,0.47244215,0.471380234,-0.00667102262,0.476687104,0.474028051,-0.0065280376,0.495292097,0.460849553,-0.00822802261,0.487142831,0.469617397,-0.00934880786,0.487186372,0.474137366,-0.00880798697,0.489963353,0.476296544,-0.0078663053
7633.333333333383,0.586179256,0.476676702,-5.61605837e-008,0.598290503,0.466565132,-0.00402655685,0.616538167,0.461665511,-0.00588059239,0.632525742,0.460996747,-0.00698631024,0.645009458,0.460304856,-0.0074372869,0.628046751,0.473626316,-0.00610543927,0.647195,0.47113508,-0.00865676068,0.654277384,0.467778504,-0.00994438119,0.656697392,0.465341598,-0.0101765664,0.625840783,0.480852216,-0.00552306231,0.647145,0.47962147,-0.00610381598,0.65173316,0.475074679,-0.00480159465,0.650807798,0.472201914,-0.00342617836,0.620085835,0.485816658,-0.00510514481,0.637630045,0.48484084,-0.00591240125,0.640051961,0.480371684,-0.00320888939,0.638225198,0.478180319,-0.000981987221,0.612813056,0.489356518,-0.00500046415,0.625516,0.488585085,-0.0050054742,0.627617776,0.485105753,-0.00171311048,0.625516891,0.483204514,0.00121089339
7650.00000000005,0.528676152,0.446585298,1.150985e-008,0.510723889,0.442621231,0.00599543843,0.495111018,0.443652838,0.00785973109,0.484139711,0.443943053,0.00764592271,0.476171613,0.443117529,0.00697206333,0.48327738,0.451151192,0.00635132147,0.465954125,0.457138449,0.00444081658,0.459172487,0.461945951,0.00278990553,0.457522154,0.46557036,0.0021375455,0.485733271,0.456174076,0.00195466471,0.467042536,0.463337332,0.000345472799,0.462190837,0.468727916,-0.000982012483,0.462725818,0.472786814,-0.00141591788,0.491403371,0.460685313,-0.00228865724,0.478136688,0.469034314,-0.00313024898,0.476037979,0.474649,-0.00388090964,0.477543563,0.478620231,-0.00434637768,0.499339968,0.464621544,-0.00604788493,0.491660595,0.471340418,-0.00585571257,0.489852488,0.475207329,-0.00502127921,0.490005016,0.477892101,-0.00426460244
7650.00000000005,0.583621442,0.479706824,-5.12096214e-008,0.596165419,0.470079064,-0.00394753553,0.613906145,0.465568066,-0.00579259964,0.629387438,0.464636266,-0.00682469225,0.641796112,0.463998318,-0.00710549,0.627031505,0.47754249,-0.00513041811,0.646081626,0.474993289,-0.00686521595,0.65326196,0.471802354,-0.0076731923,0.656644583,0.46940127,-0.00763367396,0.62484318,0.484657615,-0.00394911133,0.64609462,0.48370111,-0.00457277894,0.651102543,0.479147464,-0.0031908995,0.650809884,0.476104736,-0.00151680456,0.619431,0.489397824,-0.00287724938,0.636686921,0.488232285,-0.00338254,0.640359223,0.483740449,-0.000546943396,0.639911175,0.481438518,0.00204456761,0.612945318,0.492578119,-0.00209571817,0.627493143,0.49195841,-0.00134524074,0.631602168,0.487991095,0.00217471202,0.631238103,0.485482305,0.00532986596
7666.666666666717,0.531373739,0.450603336,2.78738579e-008,0.513170481,0.447640866,0.00380127016,0.496042,0.448939264,0.00471922522,0.483349204,0.449309468,0.0039544492,0.474427968,0.448696494,0.00280917273,0.486778587,0.456565112,0.00481333025,0.471130431,0.462685853,0.00250827451,0.463709474,0.466865927,3.11232725e-005,0.460042447,0.470668375,-0.00146030856,0.490758479,0.461544484,0.00132196932,0.475864381,0.46919474,-0.00117098715,0.470923185,0.47475943,-0.00390475686,0.46951139,0.47991994,-0.00551051646,0.497209638,0.465768278,-0.00211868878,0.486683875,0.473412544,-0.00398828276,0.483468294,0.478825271,-0.00572160492,0.482929587,0.483524799,-0.00678980025,0.504707694,0.469149768,-0.00526303332,0.497197658,0.474690795,-0.00606288854,0.494944304,0.478541195,-0.00594955264,0.494629145,0.482032359,-0.00561683485
7666.666666666717,0.579759896,0.483102977,-6.84375436e-008,0.59351033,0.473974764,-0.00335478643,0.611427844,0.470094085,-0.00476060202,0.626425445,0.469264686,-0.00576220313,0.638734698,0.468685091,-0.00612365687,0.623665571,0.481517732,-0.00292495987,0.641204298,0.479388237,-0.00506173074,0.649240196,0.477217615,-0.00644537713,0.653948486,0.475937635,-0.00699336175,0.621302426,0.488254875,-0.00276888348,0.641617715,0.488198787,-0.0049022045,0.644323647,0.484345317,-0.00440966384,0.641470253,0.482140541,-0.00293530081,0.616006434,0.49313423,-0.00292739738,0.633584619,0.493026286,-0.00488151656,0.636183381,0.489107966,-0.00258069229,0.634523332,0.487498909,7.11258253e-005,0.609660625,0.496696889,-0.00341284,0.624642491,0.49743554,-0.00358725619,0.628445566,0.493924826,-0.000578309293,0.62732929,0.491776913,0.00236060726
7683.333333333384,0.532912195,0.45683372,2.77022014e-008,0.515252769,0.452296793,0.00354240555,0.498784959,0.453206927,0.00494810054,0.486565858,0.454442441,0.00484792376,0.477547437,0.454811513,0.0043844413,0.488571644,0.461592,0.00491881277,0.4735,0.467066437,0.00301946886,0.466202199,0.471314579,0.001105865,0.463334143,0.475090593,0.00017993545,0.492691934,0.467001379,0.00195466564,0.479843289,0.47548455,0.000145740472,0.476634622,0.481193393,-0.00178101147,0.47700882,0.485889256,-0.00272610853,0.499085844,0.471707493,-0.00097106694,0.489562303,0.47931695,-0.00212018099,0.488007277,0.483934551,-0.00291441334,0.48896572,0.487573296,-0.00312834349,0.506438255,0.475476,-0.00366071402,0.498905122,0.480947226,-0.00371536799,0.496662378,0.484437227,-0.0030469147,0.496687323,0.487288207,-0.00212156749
7683.333333333384,0.575841784,0.485712826,-4.61170835e-008,0.590978444,0.477262497,-0.00316075445,0.608165741,0.47407946,-0.00489550317,0.622829497,0.473551422,-0.00623686053,0.63530463,0.473049849,-0.00698373839,0.619652927,0.485492289,-0.00290817232,0.637271047,0.484171689,-0.00522631733,0.645577192,0.482839406,-0.00692637824,0.650672555,0.482154906,-0.00765913911,0.61675173,0.492434412,-0.00280637,0.635562062,0.493360102,-0.00467850408,0.641047835,0.490319967,-0.0044354964,0.640605628,0.487848431,-0.00333093666,0.611379087,0.497404933,-0.00306607364,0.629168749,0.498880208,-0.00489997212,0.63532728,0.495854318,-0.00298104854,0.636372328,0.493593544,-0.000637249264,0.604946673,0.500929832,-0.00362983649,0.619776726,0.502931714,-0.00413922593,0.62611109,0.500741124,-0.00165478489,0.627840161,0.498535186,0.00103682966
7700.000000000051,0.532905698,0.461998791,2.14222435e-008,0.516097307,0.458130479,0.00287505891,0.499685377,0.459533095,0.00394918118,0.487638414,0.461112052,0.0037103754,0.47907114,0.461608857,0.00316798594,0.489835173,0.468884915,0.00387936924,0.476374358,0.475533128,0.0020255486,0.471923053,0.479836166,-3.45211356e-006,0.470963895,0.483291328,-0.000970132824,0.495575666,0.473881334,0.00166768848,0.486459941,0.482337117,0.000242686598,0.484075516,0.487331212,-0.00163185596,0.484146506,0.491269618,-0.0028562129,0.503289521,0.47816658,-0.000496396155,0.496431619,0.485825688,-0.00147113262,0.494550049,0.489913046,-0.0022825012,0.494912416,0.493088871,-0.00266953139,0.511538625,0.481595248,-0.00242979662,0.504929543,0.487680048,-0.00265768962,0.503001511,0.490854621,-0.00204731,0.503127217,0.493093044,-0.00112692453
7700.000000000051,0.573266566,0.488927513,-6.57162502e-008,0.588032186,0.480712,-0.00242149364,0.60550791,0.478247851,-0.00388062908,0.619976938,0.478122562,-0.00524214748,0.632339537,0.478029519,-0.00608934229,0.617468059,0.49023959,-0.00173006661,0.635235965,0.490035,-0.00352320401,0.642015398,0.488494366,-0.00522542233,0.644325256,0.487125576,-0.00599048613,0.613737285,0.497096062,-0.00204808731,0.631434739,0.49727127,-0.00262362673,0.636597395,0.494249731,-0.0027572948,0.636380374,0.491615146,-0.00260147266,0.607768416,0.502160907,-0.00274057453,0.625780761,0.504221559,-0.003981594,0.630734801,0.501706839,-0.00284861377,0.630982518,0.499486506,-0.00157378567,0.601023197,0.505904138,-0.00363577087,0.615308702,0.50872767,-0.00439993525,0.620974898,0.507390916,-0.00274433,0.622663558,0.505841553,-0.000909986091
7716.666666666718,0.538656175,0.467811584,3.40811077e-008,0.522098064,0.464562595,-0.000642707339,0.504210234,0.465658069,-0.000689691806,0.490026593,0.467193186,-0.00157495786,0.479730159,0.468282551,-0.0024040977,0.495705456,0.477106839,0.00370843383,0.484752357,0.483263165,0.000831556274,0.480579674,0.487392515,-0.00261698966,0.479914367,0.490648389,-0.00457463088,0.501946688,0.481686085,0.00241623144,0.493581951,0.489152312,0.000419668679,0.490390301,0.493896365,-0.00252234051,0.490169913,0.497808427,-0.00453435071,0.510062456,0.48535648,0.000538091175,0.502696693,0.492649585,-0.00119442283,0.500134,0.496726066,-0.00258844858,0.500491798,0.499720931,-0.00330948248,0.518916,0.488224983,-0.00158355886,0.512401223,0.494398147,-0.00268186606,0.50937742,0.497949868,-0.00277914293,0.508473456,0.500421882,-0.00235578022
7716.666666666718,0.570388258,0.493140846,-5.9866089e-008,0.58515054,0.485150099,-0.0022010454,0.602298796,0.482997984,-0.00419316674,0.616959691,0.483704925,-0.00605008053,0.629184723,0.483988047,-0.00736624235,0.612716913,0.494535655,-0.00379075133,0.632042289,0.496088833,-0.0063660997,0.637553334,0.495347738,-0.00800508074,0.638058841,0.494770378,-0.00856021885,0.608347,0.501313627,-0.00439623185,0.627354264,0.502920628,-0.00589086441,0.630355418,0.500776827,-0.00592614105,0.628079,0.499009132,-0.00554472348,0.602201879,0.506475031,-0.00522391917,0.621185184,0.509581625,-0.00694787595,0.626268744,0.507846057,-0.00584987365,0.626112461,0.506078064,-0.00454968074,0.595570445,0.510448754,-0.00615199888,0.610548437,0.514262736,-0.00726697734,0.616646886,0.513854265,-0.00589175662,0.618543088,0.512799799,-0.00421512872
7733.333333333385,0.543459773,0.473678052,4.13409253e-008,0.525892079,0.47108829,0.00203204341,0.509118378,0.473092079,0.00353644695,0.497345358,0.475413591,0.00383777288,0.489329815,0.477366239,0.00402675429,0.502026498,0.48367542,0.00751524465,0.492549628,0.489736766,0.00670165056,0.488839269,0.493944645,0.00433824537,0.487732917,0.49753055,0.00279271579,0.5085271,0.488158196,0.00549826212,0.500834107,0.495481074,0.00536452187,0.49810487,0.500148475,0.00299902237,0.497713208,0.504043043,0.0011916979,0.516741693,0.491932511,0.00309272227,0.509686053,0.499374509,0.00306339818,0.507415771,0.503713489,0.00174965966,0.507649243,0.50691396,0.000766318815,0.525695443,0.49489066,0.000649366237,0.519721,0.501095355,0.000837258529,0.5172925,0.504563451,0.00105918467,0.516512036,0.506912291,0.00146735436
7733.333333333385,0.563058376,0.497126192,-3.75831917e-008,0.578659356,0.489710033,-0.000914721575,0.597557843,0.488263279,-0.00235502352,0.612932,0.489544481,-0.00384745933,0.625575,0.490423948,-0.00482135592,0.607229114,0.499177,-0.00285070227,0.626546204,0.502217352,-0.00533905905,0.632516205,0.502832055,-0.00687111542,0.632681906,0.502768517,-0.0072465674,0.602205753,0.505792379,-0.00403541652,0.621195555,0.508685768,-0.00535247754,0.625781119,0.507920504,-0.00545427,0.624402165,0.506439507,-0.00508477585,0.595450401,0.510885239,-0.00538820447,0.613987446,0.515277922,-0.0065744021,0.621050179,0.515351474,-0.00601513637,0.623095214,0.514293432,-0.00529942568,0.588250637,0.514733553,-0.00670297,0.602040052,0.519531429,-0.00756408041,0.609798551,0.520981967,-0.00684794132,0.614701629,0.521179616,-0.00578928739
7750.000000000052,0.547657311,0.48050952,3.84356262e-008,0.529056251,0.479024172,0.00102565018,0.513212204,0.482147723,0.0012705077,0.502959251,0.485558689,0.000711496628,0.49596104,0.488550574,-8.09745543e-005,0.507605731,0.490491211,0.00231960602,0.499708414,0.497146815,3.80860765e-005,0.496247828,0.501311779,-0.00267315726,0.495180905,0.504674554,-0.0043622232,0.515013278,0.49453491,0.000370750175,0.508625567,0.502021492,-0.00140528637,0.505715907,0.506282,-0.00369948754,0.50474745,0.509753644,-0.00537695363,0.524196565,0.497904062,-0.0018210134,0.518300354,0.505500555,-0.00323699182,0.51583612,0.509782076,-0.00452038273,0.515201092,0.51290828,-0.00543432916,0.5340904,0.500453174,-0.00399218732,0.528735518,0.507079959,-0.00512937503,0.526450932,0.510430932,-0.00534726772,0.525407374,0.512704909,-0.00520075951
7750.000000000052,0.558082163,0.500454128,-1.02058886e-008,0.576078176,0.494734794,-0.000331376155,0.594747484,0.494461626,-0.00146103639,0.609577656,0.496692061,-0.00269796792,0.622322798,0.497997105,-0.0035132349,0.602477372,0.504349709,-0.001898824,0.620021641,0.508800507,-0.0038610911,0.626367509,0.510640323,-0.00503053237,0.627746046,0.511093676,-0.00527762715,0.596811473,0.51063633,-0.00334186712,0.614596248,0.515045643,-0.0042650844,0.620509505,0.51571691,-0.00475676171,0.620892584,0.514827311,-0.00488342252,0.589504063,0.515465677,-0.00486519,0.606825113,0.520769119,-0.00572990673,0.614411175,0.522050202,-0.00574169401,0.617613256,0.521701038,-0.0056513343,0.581507802,0.519173801,-0.00630140072,0.594157636,0.524568141,-0.00697604427,0.601797521,0.526776671,-0.00653967727,0.607282817,0.527629793,-0.00586587656
7766.666666666719,0.551277518,0.487407386,5.374255e-008,0.533791184,0.485796869,0.000290342927,0.518406868,0.489157379,0.000597017701,0.508197904,0.493139684,0.000410455425,0.501635373,0.49744457,0.000177961803,0.513330638,0.498812199,0.00177624961,0.50497961,0.505309284,-0.000185663652,0.502239883,0.509661078,-0.00229653064,0.502499759,0.512703061,-0.00320847775,0.52081424,0.502988219,0.000473207154,0.5129987,0.511446476,-0.000622980064,0.512028813,0.514736056,-0.00156213017,0.514007211,0.516199648,-0.00178759336,0.530248404,0.506390154,-0.00104895327,0.523638487,0.51521492,-0.00187863712,0.522723913,0.518020451,-0.00148663612,0.524310112,0.51858747,-0.000740025134,0.540444851,0.508722723,-0.00262622489,0.534780204,0.516282499,-0.00288950512,0.53338033,0.518410385,-0.00151900423,0.534112155,0.518009543,0.000204639451
7766.666666666719,0.554264426,0.505272806,1.7652491e-008,0.573644876,0.500239134,-0.000444510952,0.591443896,0.500689805,-0.00203659106,0.605854809,0.504088521,-0.00368390931,0.618471444,0.505935669,-0.00493617775,0.596750736,0.509877145,-0.00351049635,0.613465786,0.515846491,-0.00629090937,0.619468689,0.518630922,-0.0075716828,0.620454073,0.519653857,-0.00759596564,0.590363801,0.516026556,-0.00488590589,0.608191133,0.522079051,-0.00642699655,0.614600658,0.523713171,-0.00667242147,0.614904284,0.523363,-0.00642750785,0.582809329,0.520735919,-0.00622596126,0.600489378,0.526923656,-0.00733088935,0.607944667,0.528589606,-0.00671893638,0.610039711,0.528260708,-0.00598209305,0.574623764,0.524460077,-0.00750686834,0.587268531,0.530444,-0.00828065,0.595368683,0.532743,-0.00747600943,0.600839078,0.533512056,-0.00627167709
7783.333333333386,0.557055056,0.494712055,4.55489975e-008,0.539527416,0.49245134,-0.000478275848,0.524161458,0.494943768,-0.000985557213,0.514183223,0.49798438,-0.00194739923,0.507556915,0.501512825,-0.00292426371,0.519616425,0.505977213,-0.000609836658,0.509348333,0.512904644,-0.00357625564,0.507489324,0.516889393,-0.00597318821,0.509302,0.51898396,-0.00677976664,0.527697384,0.510287404,-0.00188129046,0.518610716,0.519650638,-0.00368962786,0.519529641,0.521696866,-0.00441880384,0.522949398,0.521491587,-0.00429377519,0.53778708,0.513418078,-0.00329631986,0.529767334,0.523141384,-0.004765369,0.531126618,0.523764789,-0.00358378468,0.534348667,0.521956503,-0.00206260965,0.548424661,0.515297413,-0.00477361865,0.54105252,0.523500383,-0.00543957623,0.541343749,0.523968101,-0.00321285194,0.543961823,0.521533728,-0.000689000473
7783.333333333386,0.550846219,0.511985481,3.02524974e-008,0.570018113,0.506820083,-0.000921203406,0.587691128,0.507778168,-0.00256285095,0.601638794,0.511867344,-0.00405239034,0.613395154,0.51472646,-0.00520853279,0.590083718,0.515786946,-0.0052939211,0.60632056,0.522784472,-0.00802152604,0.612748802,0.526328325,-0.00887338724,0.615189672,0.528346658,-0.00880010054,0.582964838,0.521453083,-0.00645806454,0.599896789,0.528510213,-0.00834535528,0.606751859,0.530658603,-0.00832034554,0.608413935,0.530836225,-0.0079398118,0.575030684,0.525880516,-0.00749332318,0.591558337,0.532865763,-0.00882946607,0.598654032,0.535080254,-0.00797089376,0.601116776,0.535263479,-0.0070786695,0.566696882,0.529561222,-0.00850435533,0.578250051,0.535939574,-0.00972798746,0.586349607,0.538696,-0.00918384362,0.592188597,0.539955139,-0.00817841943
7800.000000000053,0.565433562,0.500846565,-5.01184871e-009,0.546421945,0.499212921,0.000655160809,0.529820502,0.502970397,-9.52551418e-005,0.518383861,0.507367492,-0.00151648105,0.508512616,0.510026455,-0.00306049059,0.527098715,0.512823462,-0.000919528538,0.516513,0.520576835,-0.00364348,0.514175475,0.524634182,-0.00557124,0.515859485,0.526387,-0.00623170799,0.535725653,0.517165422,-0.00293440768,0.526178539,0.527200282,-0.00414429931,0.525829613,0.528567612,-0.00428963965,0.52864033,0.527734041,-0.00405572588,0.54605639,0.520272791,-0.00492446451,0.536525905,0.530460417,-0.00568444561,0.536193788,0.530418813,-0.00382006029,0.538658559,0.528255224,-0.00228518434,0.556672096,0.522262812,-0.00688040303,0.547869802,0.530905068,-0.00672106957,0.546168327,0.53085357,-0.00377520151,0.547525287,0.528791785,-0.00121354533
7800.000000000053,0.545296311,0.517322242,6.61241302e-008,0.563575387,0.513259709,-0.00130103307,0.581377268,0.51516968,-0.00355514209,0.594564438,0.519981,-0.0055529573,0.60557,0.523422837,-0.00729243504,0.58284843,0.521002114,-0.00795802288,0.599578679,0.529124737,-0.0111006182,0.606714,0.534023285,-0.0119241076,0.610301793,0.537276804,-0.0118816057,0.574643135,0.52594012,-0.00944035593,0.591438293,0.534867465,-0.0118512986,0.598638058,0.538630962,-0.0116979498,0.601376832,0.539844155,-0.0112308469,0.565561,0.530212104,-0.0106201284,0.581610441,0.539236,-0.0123228328,0.588539243,0.542835474,-0.0111637833,0.591659188,0.543598056,-0.0101066511,0.556322634,0.534032524,-0.0117637962,0.568853557,0.541869164,-0.0133782504,0.576018214,0.54536742,-0.0122406771,0.581244886,0.546614766,-0.0107749887
7816.66666666672,0.569286644,0.505779326,1.57004845e-008,0.550133526,0.504478693,-2.07171652e-005,0.533411741,0.507906377,-0.000647581357,0.522378087,0.512929618,-0.00163295725,0.513263583,0.515847921,-0.00272616069,0.53010124,0.518038332,-0.000162312383,0.522767186,0.526240349,-0.00249597873,0.520737886,0.530269146,-0.004566452,0.521389425,0.532412231,-0.0054946919,0.539066136,0.5221861,-0.00133786967,0.530899763,0.530873656,-0.00303698378,0.529672086,0.533470392,-0.00443064421,0.531464517,0.534130514,-0.00503834942,0.548838,0.525218964,-0.00254077,0.539855421,0.533360064,-0.00348449824,0.537710786,0.536064923,-0.00338267209,0.538338065,0.536803484,-0.0031210864,0.558856606,0.527206659,-0.00370225031,0.550481379,0.534483135,-0.00413796864,0.546247065,0.538128555,-0.00338244764,0.54394418,0.540343046,-0.00239294372
7816.66666666672,0.549373746,0.520319045,-3.46607578e-008,0.567187,0.520032585,-0.00127745618,0.581267715,0.523486078,-0.00305402419,0.591093957,0.528535068,-0.0045936089,0.597639918,0.533057332,-0.00569745759,0.578074753,0.527606606,-0.00936278794,0.593433,0.537544549,-0.014956072,0.60032779,0.542516887,-0.0156855471,0.602801323,0.544356346,-0.0143418191,0.569300711,0.532361865,-0.0100361621,0.585019231,0.542904377,-0.0144121731,0.591159046,0.547065735,-0.0131675778,0.592684031,0.546976089,-0.0108123096,0.560596168,0.536210299,-0.0106704049,0.574355066,0.546521604,-0.0147767859,0.58081454,0.549994886,-0.0127742598,0.583252132,0.549444258,-0.00951667782,0.552722752,0.53938061,-0.0112175336,0.562344313,0.548130453,-0.0149994921,0.568724215,0.551781356,-0.01451049,0.572545648,0.552345276,-0.0123360083
7833.333333333387,0.574727535,0.510468304,4.48064092e-008,0.555589139,0.50895232,-8.89732037e-005,0.537686944,0.512243032,-0.000524476,0.526190042,0.517684519,-0.000912297517,0.518345773,0.522236884,-0.00142797444,0.538655519,0.520334721,-0.00285917381,0.526596785,0.527522445,-0.00503559783,0.522213638,0.531385064,-0.00613639737,0.520974457,0.533856034,-0.00649282942,0.546291769,0.525049686,-0.00398733281,0.533931196,0.532804966,-0.00511183729,0.528925359,0.536366045,-0.00566064473,0.526904285,0.538546622,-0.00616981741,0.554857433,0.528749347,-0.00507958047,0.542582929,0.536926568,-0.00609056558,0.53659,0.541298211,-0.00684471382,0.53286463,0.54425627,-0.00776525214,0.563992381,0.53141129,-0.00597087061,0.556414604,0.539122343,-0.00741521595,0.552213073,0.543289125,-0.00780302286,0.549126327,0.546353042,-0.00794795342
7833.333333333387,0.53744328,0.528866827,5.39839533e-008,0.554735065,0.526631236,-0.00311597716,0.570038736,0.528935254,-0.00570094725,0.580509305,0.533751428,-0.00771006104,0.58931756,0.538093209,-0.00943455193,0.571230412,0.533638418,-0.00849620439,0.584592581,0.541422427,-0.0122236013,0.591253579,0.546839118,-0.0138764968,0.595786095,0.551037252,-0.0146997068,0.562778831,0.538270473,-0.00875571556,0.574610353,0.545894623,-0.010823519,0.580520928,0.550347805,-0.0110499961,0.584323347,0.553282917,-0.0114840297,0.553512692,0.541951,-0.0090491,0.563862443,0.54968,-0.0108717987,0.569326103,0.55378741,-0.0104235942,0.573063552,0.555897,-0.0101881316,0.544183195,0.545173824,-0.0095411,0.551446855,0.552093208,-0.0115080215,0.55658561,0.555580437,-0.011342953,0.561026573,0.557444274,-0.0108679812
7850.000000000054,0.576145232,0.516,9.13417466e-008,0.558726072,0.513767064,-0.000964702689,0.541438,0.516936362,-0.00139068556,0.531202614,0.523208797,-0.00148774136,0.523460269,0.527682483,-0.00182851101,0.540097117,0.525733948,-0.00408433611,0.526856184,0.532412589,-0.00594919501,0.520561159,0.536202967,-0.00670313835,0.517240107,0.538825631,-0.00699549308,0.547537088,0.530571,-0.00486107729,0.533756077,0.537754,-0.00597853167,0.526988268,0.541533053,-0.00664159376,0.523131251,0.543804705,-0.00722357491,0.556861758,0.534186125,-0.0055824,0.543912888,0.542272747,-0.00707209157,0.536959767,0.546686947,-0.00879886746,0.532080948,0.549455941,-0.0103466297,0.567264378,0.536602736,-0.00604930334,0.561432123,0.544198871,-0.00841555,0.557455599,0.548595726,-0.00982301217,0.554064751,0.551704943,-0.0105937626
7866.666666666721,0.580028,0.521145582,1.09742238e-007,0.561626256,0.518432,-0.0022443668,0.543729186,0.52150172,-0.00360669638,0.532930613,0.527501822,-0.004174951,0.525283,0.531812429,-0.00497244531,0.544467628,0.52954483,-0.00908752065,0.529688478,0.535772502,-0.0122716781,0.520995378,0.539422572,-0.0132897831,0.515097618,0.541720271,-0.0136180287,0.551770031,0.535097301,-0.00941252336,0.535869479,0.542454779,-0.0116556184,0.527016521,0.545842826,-0.0119857285,0.521364748,0.547310293,-0.0121897822,0.560350537,0.539089501,-0.0094702132,0.546251535,0.547247648,-0.0114757065,0.538047731,0.550833046,-0.0123973638,0.532053292,0.552270949,-0.0132786147,0.569786429,0.541587234,-0.00940198638,0.562533677,0.549677491,-0.0118882647,0.556871712,0.553791165,-0.0128743704,0.55169946,0.556193233,-0.0133084925
7883.333333333388,0.584812403,0.524423778,1.17395309e-007,0.566754162,0.521779537,-0.0028952572,0.547817707,0.524860919,-0.00422780542,0.536353528,0.530614197,-0.00472363504,0.529365778,0.535145223,-0.00542607484,0.550383,0.532846332,-0.00956534687,0.5329265,0.538754,-0.013277594,0.522387862,0.542006671,-0.0146592576,0.514184296,0.544226468,-0.0154103534,0.557154775,0.538077533,-0.00988548342,0.539218903,0.544385612,-0.0129603827,0.527980149,0.54766,-0.0140679404,0.518971682,0.549887657,-0.0150680616,0.564808309,0.541908741,-0.0100975353,0.549092472,0.549273551,-0.0132656414,0.539181232,0.553074181,-0.0154847186,0.531273067,0.555659831,-0.0173195526,0.572867811,0.544638813,-0.0102710314,0.56354928,0.552462101,-0.0143272309,0.557246804,0.55725497,-0.016948944,0.552054644,0.561173081,-0.0186848529
7900.000000000055,0.584730566,0.528198242,1.31359485e-007,0.567326605,0.525212228,-0.00198827405,0.549054146,0.528099835,-0.00285804155,0.538134277,0.533289254,-0.00321762823,0.530805051,0.536827207,-0.00386968697,0.549455106,0.536488,-0.0073320237,0.531643212,0.541225433,-0.010522102,0.521241605,0.543865383,-0.0117437905,0.513415456,0.545784473,-0.0123109445,0.555735826,0.541704953,-0.00789224822,0.53727144,0.547061384,-0.0106098009,0.526156723,0.549744368,-0.0115750749,0.517700613,0.551668584,-0.0122426208,0.563226879,0.545550644,-0.00831653085,0.546224415,0.552042544,-0.0111734476,0.535878718,0.555042922,-0.0128765879,0.52801621,0.556952715,-0.0141905956,0.571682572,0.548327625,-0.00862557441,0.561114311,0.555384099,-0.012075495,0.553287268,0.559257805,-0.0138606345,0.54664427,0.561992049,-0.0148900412
7900.000000000055,0.526535809,0.536493897,-1.73136257e-007,0.546225131,0.539061546,-0.00166697334,0.559746802,0.546323657,-0.00177653297,0.565577745,0.55401051,-0.00307977945,0.568718553,0.561031282,-0.00372858928,0.553938568,0.556683302,0.00733038504,0.5638026,0.562102854,0.00192152068,0.566244781,0.557598293,-0.00250530546,0.56375891,0.553781,-0.00443986105,0.54632771,0.559468448,0.00573939132,0.556377232,0.565053344,0.000290917233,0.558702707,0.559813499,-0.00305350078,0.55541122,0.55533278,-0.0034562333,0.537962914,0.560873508,0.0028390144,0.549055159,0.565748394,-0.00202611717,0.551859915,0.560842872,-0.00244724425,0.548859894,0.556599498,-0.00083946524,0.528885663,0.561406076,-0.000405490457,0.540153,0.565268219,-0.00234865095,0.544040203,0.562048435,-0.000761608,0.542191446,0.558373868,0.00173543906
7916.6666666667215,0.583673298,0.530812562,1.27889521e-007,0.567423761,0.527202725,-0.00130803324,0.549407184,0.529717088,-0.00185812404,0.538710833,0.535168409,-0.00185474555,0.53316474,0.538758337,-0.00209771981,0.548799038,0.539016485,-0.00669218507,0.530790865,0.54381609,-0.00930604897,0.520684,0.546049654,-0.00989723578,0.513401389,0.547447801,-0.00996727683,0.555179596,0.544434,-0.00717197312,0.536067367,0.549980283,-0.0093951188,0.52506119,0.552090943,-0.00964539591,0.517198,0.553321779,-0.00963894743,0.562531,0.548395872,-0.00743195135,0.545586646,0.555257738,-0.0096197864,0.535402,0.557849526,-0.0106752552,0.527846336,0.559297323,-0.0114815133,0.570397556,0.551091313,-0.00752330897,0.558487833,0.557727,-0.0101050586,0.550454,0.561282575,-0.0112838279,0.543692231,0.563906312,-0.0119014475
7916.6666666667215,0.522979796,0.536883414,-9.54554338e-008,0.543048084,0.537833452,-0.0026984436,0.558091462,0.544245481,-0.00305825472,0.565807045,0.552037895,-0.00424229866,0.569199264,0.558895826,-0.00471128616,0.557454646,0.553600132,0.00547572272,0.564834893,0.560451508,0.00102342956,0.563999,0.557809174,-0.00273148599,0.561072826,0.554512441,-0.00436329423,0.548644066,0.55724,0.00465865294,0.555853486,0.564218223,0.000215011038,0.555250883,0.560751796,-0.00338141574,0.552153587,0.556755602,-0.00431604404,0.53892,0.559428513,0.00273992168,0.546321452,0.565463662,-0.00155209086,0.546670377,0.56205368,-0.00261062686,0.544189215,0.558108,-0.00162755954,0.528918386,0.56054914,0.000522820395,0.536046445,0.565636516,-0.00128607673,0.53788048,0.563412607,-6.45069376e-005,0.536573946,0.560106575,0.00197895034
7933.3333333333885,0.583500922,0.531416714,1.1316618e-007,0.566774189,0.52826333,-0.000892595039,0.549098372,0.530609071,-0.00133684766,0.539491594,0.536278367,-0.0014933229,0.535127699,0.540591657,-0.00182325963,0.548423111,0.539844513,-0.0047346577,0.53119421,0.545035601,-0.0073874481,0.52142483,0.547573328,-0.00824904907,0.514515877,0.549056292,-0.00853704941,0.554600239,0.545154,-0.00559617905,0.536229134,0.550748885,-0.00784701947,0.525487244,0.5528602,-0.00835691858,0.517820954,0.553929508,-0.00852076244,0.561791837,0.549116254,-0.00636909157,0.545033,0.556049526,-0.00867273752,0.535070658,0.558581173,-0.00990046188,0.527716279,0.559942901,-0.0107824132,0.569411933,0.551811516,-0.00697945897,0.557621062,0.558047175,-0.00968737248,0.550015,0.561283708,-0.0108903991,0.543905437,0.563726246,-0.0114816399
7933.3333333333885,0.521269858,0.533595264,-3.33739614e-008,0.54238677,0.536895931,-0.00153703592,0.556784928,0.544742,-0.00224331068,0.564113081,0.55337137,-0.0036970824,0.567773759,0.560837507,-0.00484762061,0.553456187,0.550683439,0.00332504651,0.560384274,0.55688107,-0.0015225528,0.561405718,0.557382762,-0.00599714881,0.560668766,0.556593895,-0.00855242275,0.544464409,0.553384662,0.00183930644,0.55160445,0.560358822,-0.00249933964,0.552115083,0.560114264,-0.00648390688,0.55108881,0.558272123,-0.00841536559,0.534899473,0.554798126,-0.000352108851,0.541817904,0.561616957,-0.00431445,0.542977929,0.561517298,-0.00500574568,0.542898417,0.559871793,-0.00438663643,0.525072694,0.555064678,-0.00275172666,0.531220317,0.561225891,-0.00462299585,0.533097386,0.562292516,-0.00341836968,0.534262538,0.561675251,-0.00178853155
7950.0000000000555,0.58175379,0.532136261,1.07854596e-007,0.564417541,0.528895497,-0.000626055349,0.54638803,0.531395078,-0.00129693281,0.536680102,0.537761092,-0.00148566312,0.532233238,0.542413831,-0.00184041308,0.547405839,0.540235877,-0.00699186698,0.529514134,0.546569109,-0.00951392855,0.520641565,0.549198091,-0.0096167177,0.514994562,0.550424933,-0.00925882254,0.55454886,0.545702219,-0.00767788291,0.53494817,0.552205443,-0.00977119803,0.52462858,0.554207742,-0.00969690084,0.518204093,0.554775953,-0.00943739526,0.562011838,0.54953444,-0.00802132487,0.54428792,0.557033241,-0.00999855,0.534272194,0.559359848,-0.0110687241,0.527457774,0.560186327,-0.0119838202,0.569291711,0.551946819,-0.00807056483,0.557393,0.558517575,-0.0106446631,0.549559593,0.561936617,-0.0120989019,0.54327023,0.564471066,-0.0129488092
7950.0000000000555,0.519055,0.532947779,5.52421442e-009,0.539793611,0.534585774,-0.00184932875,0.554812789,0.541267335,-0.00210488122,0.564020514,0.548413038,-0.00284528872,0.568913,0.554829717,-0.00341634452,0.552244246,0.546231329,0.00251859962,0.560008466,0.553050518,-0.00136731204,0.563316464,0.555871964,-0.00487709,0.564955354,0.557205439,-0.00688165613,0.544018686,0.549821079,0.00160401827,0.552332938,0.557673395,-0.00210998696,0.555278659,0.559309721,-0.00554215722,0.556175947,0.559064686,-0.00718671037,0.534966767,0.552266598,8.4128551e-005,0.542960286,0.559663832,-0.0038673419,0.545372486,0.560794115,-0.00493190112,0.545815945,0.559966266,-0.00444160076,0.525386214,0.553900063,-0.00163112441,0.531976223,0.560563147,-0.00397792598,0.534317493,0.56227231,-0.00343441078,0.535339773,0.561903536,-0.00219182158
7966.666666666722,0.582150221,0.531666934,9.81536203e-008,0.563704431,0.528940916,-0.000918960606,0.545330524,0.531882346,-0.00125692983,0.535238206,0.538212955,-0.00124096929,0.529256523,0.542687595,-0.00131970213,0.546640337,0.540955186,-0.00485356199,0.529319584,0.546563804,-0.00722171459,0.52070421,0.549049,-0.00771981245,0.515102327,0.550342202,-0.00769034773,0.553894281,0.546090841,-0.00544772157,0.535580933,0.552122593,-0.00721359346,0.525537133,0.554384112,-0.00731972419,0.518872142,0.555247784,-0.0072022574,0.56154561,0.549543738,-0.0059680366,0.545882642,0.556798637,-0.00762339961,0.535985649,0.559419215,-0.00851027854,0.528663933,0.560585618,-0.0092784157,0.569261253,0.55165261,-0.0063424008,0.558648646,0.558193684,-0.00859207474,0.551422417,0.56145829,-0.00967297889,0.545476556,0.563818455,-0.0102092819
7966.666666666722,0.518317819,0.531551301,3.11092592e-008,0.538888276,0.534197271,-0.00153321412,0.553816915,0.541584849,-0.00173520099,0.563140094,0.548822701,-0.00219676853,0.5687626,0.555087268,-0.00260570715,0.548162162,0.546086967,0.00223350315,0.556006849,0.55215466,-0.00121259596,0.561791539,0.555348456,-0.00465211971,0.566173553,0.557554722,-0.00697514461,0.540219,0.548793256,0.00121331878,0.548274815,0.555528939,-0.00150620018,0.554463744,0.558579326,-0.00446742214,0.559178352,0.560459316,-0.00640603667,0.531506,0.550680041,-0.000391022448,0.539449513,0.557056367,-0.003363339,0.545218587,0.560071588,-0.00386282639,0.549544036,0.561966538,-0.00369812176,0.522491515,0.551960409,-0.00224999688,0.529092371,0.55763787,-0.00421158085,0.533643961,0.560403168,-0.00344250351,0.537690163,0.561978042,-0.00247032731
7983.333333333389,0.581291139,0.531582117,9.97084655e-008,0.562927127,0.528643787,-0.000778264657,0.544711709,0.531666934,-0.00114281615,0.534606099,0.538027704,-0.00100146385,0.528574944,0.542566836,-0.0009233249,0.546139717,0.541095674,-0.00575819099,0.528941631,0.5467695,-0.00788585842,0.520319521,0.549162507,-0.00801728386,0.514830589,0.550255775,-0.00773662841,0.553465068,0.546402872,-0.00615074951,0.534872949,0.552492201,-0.00763611263,0.524904311,0.554488778,-0.0071994341,0.518775,0.554935634,-0.00669581909,0.561232,0.549883306,-0.00634419639,0.545320332,0.557358086,-0.00776388636,0.535668552,0.559790671,-0.00833164342,0.528920472,0.560639918,-0.00891889352,0.568913698,0.551799119,-0.00632568821,0.558505893,0.558288634,-0.00847245194,0.551674068,0.561552882,-0.00947455689,0.546238244,0.563915372,-0.00994962733
7983.333333333389,0.521059692,0.531394243,6.6997373e-008,0.541086793,0.533050656,-0.0027902252,0.555499196,0.540135384,-0.00370637234,0.564265072,0.547405,-0.00450276211,0.569431245,0.553937197,-0.0053533623,0.550161302,0.544002652,-0.000658034056,0.556437433,0.550381541,-0.00476852059,0.562924683,0.555138946,-0.00852988847,0.568882525,0.558919311,-0.0112521388,0.541810036,0.547142684,-0.00151492888,0.548800528,0.554215789,-0.00446145842,0.55694145,0.559348643,-0.00727559859,0.564248383,0.563449562,-0.00948945805,0.532638073,0.549520791,-0.00292714429,0.540053,0.55612886,-0.00631487556,0.547064424,0.560712874,-0.00688021397,0.553289592,0.56408006,-0.00700060138,0.52294451,0.551338375,-0.004720564,0.52876389,0.557239413,-0.00760948751,0.534208655,0.560934246,-0.00717897853,0.539672554,0.563452303,-0.0065088952
8000.000000000056,0.580952168,0.531917632,9.60769668e-008,0.56166172,0.528790772,-3.76149619e-005,0.544018924,0.531772137,-0.000384058338,0.533381283,0.538158059,-0.000324021152,0.525841713,0.54217118,-0.000323947374,0.546522319,0.540736258,-0.00615499215,0.528354347,0.546399236,-0.0081927618,0.519641459,0.548738778,-0.00782168377,0.51470089,0.549905717,-0.00707438402,0.554023921,0.546120703,-0.00674136309,0.53428489,0.552401781,-0.00820307,0.524537683,0.554348826,-0.0071409503,0.519357502,0.554735124,-0.00607952056,0.561815202,0.549682319,-0.00698620733,0.545094609,0.557537,-0.00833064225,0.535755336,0.55986321,-0.00840459205,0.52985996,0.560413122,-0.00857923739,0.569259346,0.551746547,-0.00689945929,0.559107065,0.558650434,-0.00914119,0.5526582,0.561838448,-0.0100000855,0.547906101,0.563901,-0.0102081886
8000.000000000056,0.52179122,0.532354653,4.07808756e-008,0.54025805,0.533237576,-0.00252966094,0.554023921,0.538822293,-0.00356371119,0.562290609,0.54451108,-0.00453469297,0.566946745,0.549856305,-0.00552280433,0.549405813,0.543208718,-0.000897173362,0.556598663,0.548726737,-0.00480596907,0.563339114,0.552243829,-0.00846974552,0.569290519,0.555061162,-0.0111651784,0.542535484,0.546421707,-0.00183962297,0.550195277,0.55231446,-0.00484674098,0.558217525,0.555997968,-0.00777810486,0.565303564,0.55902195,-0.0100116264,0.534546,0.549031496,-0.00326103321,0.542271852,0.554648519,-0.00649303431,0.549568176,0.558075964,-0.00714464206,0.5557,0.560671508,-0.0073747742,0.525672495,0.55127424,-0.00503618,0.531864285,0.556304,-0.00778064039,0.537306964,0.559129298,-0.00733837578,0.542363763,0.561095655,-0.00665708864
8016.666666666723,0.581534326,0.531435788,9.12014499e-008,0.561843872,0.5284127,0.000371209346,0.544699788,0.53111279,0.000207482168,0.535495341,0.537428,0.000432964531,0.529371738,0.541516423,0.000557372172,0.547117,0.540131032,-0.00617396878,0.529244483,0.545697153,-0.00830502249,0.520442545,0.548291683,-0.00800530519,0.515232086,0.549713612,-0.00735859154,0.554451168,0.545684934,-0.00699689658,0.534873366,0.55209893,-0.00867429376,0.524955809,0.554083765,-0.00781544857,0.519418359,0.554432094,-0.00688755559,0.562090814,0.549323,-0.00742544699,0.545277536,0.557418287,-0.00906406343,0.535678804,0.559634686,-0.0095715113,0.52931875,0.56003505,-0.0100260554,0.569298565,0.551371574,-0.00743724965,0.559492171,0.558517635,-0.0100212,0.553111,0.561602831,-0.0112578357,0.548190832,0.563500166,-0.0117338225
8016.666666666723,0.522236288,0.533452272,3.99356388e-008,0.538740039,0.533594668,-0.00227093371,0.55142349,0.538165,-0.00319497986,0.559148073,0.542900205,-0.00395366363,0.563455284,0.547181904,-0.00470553618,0.547942698,0.542861342,-0.00179433066,0.556320786,0.54823786,-0.00511883758,0.564052403,0.551561475,-0.00804081187,0.570802271,0.554243267,-0.0101715103,0.542352855,0.546058059,-0.00263835373,0.551096201,0.551753759,-0.00524882087,0.560135484,0.555355608,-0.00758672459,0.568148494,0.558460116,-0.00925775338,0.535990477,0.548773766,-0.00379306381,0.545034587,0.554145098,-0.00664339168,0.553515136,0.557528615,-0.00709062908,0.560918152,0.560116053,-0.00709057739,0.529080153,0.550959229,-0.005253084,0.536079288,0.555601656,-0.00766525045,0.542338431,0.558433294,-0.00708207116,0.548100591,0.560679078,-0.00622396497
8033.33333333339,0.581723571,0.531386316,9.13344707e-008,0.562236249,0.528227329,0.00043530768,0.544894159,0.530824661,-8.69408211e-007,0.535452127,0.537391,7.42559132e-006,0.530639172,0.541978538,-5.60242115e-005,0.547939,0.539628685,-0.00731597282,0.529291272,0.545654953,-0.00957547408,0.520941615,0.548085272,-0.0089504607,0.516349375,0.549181283,-0.00797487,0.55566293,0.545099735,-0.00810110476,0.53538,0.551952,-0.0100327739,0.525352418,0.553849339,-0.00890170224,0.519764721,0.553951263,-0.00772808818,0.563252091,0.5487293,-0.00838071294,0.546120346,0.557038188,-0.0099766,0.536342919,0.559367657,-0.0102306707,0.529778779,0.559800506,-0.0105487853,0.570140421,0.550812721,-0.00823793095,0.560496628,0.558226347,-0.0105214873,0.553927243,0.561336339,-0.0115974713,0.548707366,0.563147902,-0.0120494738
8033.33333333339,0.522440314,0.534690261,4.43208528e-008,0.537218869,0.535301805,-0.00256873551,0.550048,0.539810419,-0.0033567152,0.558587611,0.544162095,-0.00387508236,0.564285219,0.547984123,-0.0043049329,0.546574771,0.543172956,-0.00197023,0.555840492,0.548361242,-0.00526776444,0.564336479,0.551545441,-0.00807688665,0.571800768,0.554091454,-0.0100657186,0.542565703,0.545599937,-0.00247759768,0.551935732,0.551020563,-0.00512619736,0.561689734,0.554568648,-0.00745706679,0.570283294,0.557760775,-0.00904492941,0.537711203,0.547849417,-0.00328160822,0.547510087,0.552883267,-0.00598443765,0.556325,0.556343,-0.0063207387,0.56404072,0.559139073,-0.00618915074,0.532245874,0.549853086,-0.00441657705,0.540378928,0.554071486,-0.00665075844,0.547178209,0.556839466,-0.00598572195,0.553412557,0.559242904,-0.0050620134
8050.000000000057,0.582607746,0.530297458,9.33029085e-008,0.563471675,0.527873814,0.000709733344,0.546631098,0.530684054,7.72627245e-005,0.536946237,0.536528587,-0.000335490156,0.531534553,0.540976703,-0.000937538,0.548496187,0.538766623,-0.00719999,0.530411899,0.544755,-0.0103792204,0.521868646,0.54734242,-0.0106400866,0.517238319,0.548466921,-0.0101405112,0.555925548,0.544040382,-0.00851611327,0.536290705,0.550911605,-0.0114394901,0.526238859,0.553153515,-0.0110726533,0.52047962,0.553680122,-0.0102812909,0.563864,0.547775,-0.0093505783,0.546825707,0.555873871,-0.0115219206,0.537181675,0.558556616,-0.011755812,0.53052479,0.559422255,-0.0118885553,0.571633458,0.550019324,-0.00975863356,0.561766684,0.557258129,-0.0120501062,0.5548051,0.560633659,-0.0126741473,0.549196482,0.562655,-0.0127233062
8050.000000000057,0.573088944,0.528162599,-1.78970208e-008,0.557977855,0.531303942,-0.000872717646,0.546691775,0.537859678,-0.000793500803,0.540295601,0.544357359,-0.00187534781,0.538799465,0.549878836,-0.00326806563,0.546342134,0.548053861,0.00581595115,0.540987074,0.556099951,0.00423465343,0.538871408,0.557952404,0.00201378716,0.537593603,0.557732344,0.000508939673,0.552735627,0.550412059,0.00422351155,0.547158062,0.559345543,0.00186374935,0.544334352,0.56070745,-0.00188140885,0.542324185,0.559761584,-0.00407842314,0.559184492,0.551167488,0.00192035665,0.555968821,0.559940755,-0.00127826305,0.553812444,0.561228752,-0.00502347667,0.552123427,0.560720444,-0.00690048281,0.566419899,0.550595,-0.000412196241,0.567276597,0.557290912,-0.00269449735,0.567434728,0.560053051,-0.00433256896,0.566696703,0.560837507,-0.00514190923
8066.666666666724,0.582712829,0.530757427,9.30817947e-008,0.563774,0.527881145,0.000764287077,0.546250761,0.530125916,0.000162871802,0.536483586,0.536173582,-0.000187329089,0.533727288,0.541307,-0.000701299,0.547791421,0.539007604,-0.00706082582,0.530044675,0.54536289,-0.00982443802,0.522017658,0.547752,-0.0096356729,0.517971277,0.548301697,-0.00875113904,0.555457175,0.544422925,-0.00830335263,0.535889745,0.551291823,-0.0107879313,0.526279807,0.553227842,-0.00979221,0.521751881,0.553001404,-0.00841043051,0.563563466,0.548086703,-0.00904251263,0.546778858,0.556320965,-0.0108594801,0.537472188,0.558859825,-0.0105428128,0.531710505,0.559177697,-0.0101637188,0.57154876,0.550184786,-0.00936857797,0.561821938,0.557525754,-0.0113658756,0.555015266,0.560800135,-0.0116742505,0.549714625,0.562546074,-0.0113678565
8066.666666666724,0.585726917,0.529555917,5.52255095e-008,0.564594746,0.527623296,0.00126813923,0.546968877,0.530431032,0.000507844,0.536893725,0.536551952,-0.000332678173,0.531193256,0.541383564,-0.00148129568,0.547787905,0.539270222,-0.0054065627,0.529299438,0.546130896,-0.00746588688,0.52192229,0.548222601,-0.007411364,0.518646061,0.549015462,-0.00684114592,0.555661261,0.544501781,-0.00703193666,0.535140157,0.551712394,-0.00819305051,0.526489258,0.553475618,-0.00742856739,0.522782922,0.553397179,-0.00686752424,0.564342439,0.547860861,-0.00817071926,0.546576679,0.556351364,-0.00911124889,0.53703028,0.558669865,-0.00919696875,0.53133446,0.558889747,-0.00967290159,0.572757602,0.550005615,-0.00890060514,0.562793,0.558098555,-0.0105947647,0.55541,0.561540663,-0.0108485874,0.549744248,0.56304276,-0.0108379154
8083.333333333391,0.584232688,0.530706882,8.25961521e-008,0.564808846,0.527644336,0.000594734505,0.547306538,0.530169368,0.00051671546,0.537825108,0.536162913,0.000786562159,0.533245444,0.540750265,0.000933469157,0.548716187,0.538907826,-0.0055248565,0.531548,0.544976294,-0.00749479281,0.523102224,0.547411144,-0.00726632914,0.518302143,0.548545361,-0.00662342925,0.556003749,0.544169068,-0.00648391945,0.537142932,0.550693333,-0.0079871472,0.527791142,0.552676558,-0.00718850689,0.522633374,0.553065,-0.00638695946,0.563636541,0.547799,-0.00703700725,0.546864033,0.555583954,-0.00819162652,0.537664831,0.557971776,-0.008200326,0.53166759,0.558586955,-0.00840466935,0.571279347,0.550037682,-0.00722917076,0.561024427,0.557195365,-0.00872021075,0.553840935,0.560155,-0.00906518381,0.548018754,0.561797142,-0.00911149569
8100.000000000058,0.585187614,0.531022072,8.17654069e-008,0.565401733,0.527753115,0.000639749109,0.547332227,0.530377209,0.000495846092,0.537121058,0.536332428,0.000585061789,0.531784356,0.540709138,0.000548305688,0.549430192,0.53881079,-0.00562128751,0.531819463,0.544701815,-0.00785206165,0.523549497,0.547024608,-0.00768815679,0.519222498,0.547956288,-0.00701450044,0.556911409,0.544182181,-0.00675474107,0.537944198,0.550616801,-0.00841273833,0.528593719,0.552520752,-0.00767079601,0.523549795,0.552768946,-0.00689433049,0.564545035,0.547917664,-0.00750480033,0.547690034,0.555570424,-0.00866713,0.538355947,0.557694614,-0.00857027806,0.532314777,0.557982147,-0.00871984195,0.572061539,0.550377607,-0.00792625826,0.561693668,0.557458818,-0.00942296162,0.554195166,0.560395598,-0.0097885374,0.548076928,0.561996222,-0.00984821282
8100.000000000058,0.561463118,0.527751446,-6.11139228e-008,0.562925816,0.533466458,-0.000827543787,0.566233695,0.542405128,0.000304237619,0.570073545,0.55028373,0.000437202892,0.573513746,0.556932151,0.000506707,0.560822606,0.548418,0.00796694774,0.562076747,0.555826902,0.00624337094,0.562058747,0.557013869,0.00369655667,0.560871065,0.556028545,0.00232933927,0.558762074,0.549685538,0.00710982829,0.559730351,0.557939,0.00481738616,0.558674574,0.559102774,0.00102755695,0.556575596,0.558101118,-0.000801507675,0.556413293,0.550090909,0.00539187295,0.558068752,0.558061421,0.00267167715,0.557431519,0.559471786,-0.000532301608,0.55547756,0.558966398,-0.00173475838,0.554107666,0.549437046,0.00353090279,0.557710588,0.555908203,0.00208844524,0.558243871,0.558737755,0.00110242318,0.557226479,0.559711933,0.000960838748
8116.666666666725,0.585361838,0.531003773,8.26298603e-008,0.566295,0.527708888,0.000627983594,0.548488081,0.530008376,0.000397276715,0.538004458,0.535710692,0.000519288064,0.532492399,0.540371656,0.000568829651,0.55013442,0.538366556,-0.00647175219,0.532403171,0.544239879,-0.00879249908,0.524251342,0.546634376,-0.00850059837,0.520054936,0.547685742,-0.00765245128,0.557441533,0.543879569,-0.00752268871,0.538131535,0.550438404,-0.00950579438,0.528879523,0.552331448,-0.0086420821,0.524147272,0.552530169,-0.00762816379,0.564951,0.547871232,-0.00810255203,0.547720611,0.555636883,-0.0093956748,0.538462818,0.557571173,-0.00901831314,0.532682776,0.557658195,-0.00883644633,0.572444618,0.550565779,-0.00832761358,0.561367512,0.557581127,-0.00978211779,0.553523898,0.560422659,-0.00990673061,0.547147632,0.561874151,-0.0096912859
8116.666666666725,0.584153533,0.528517,3.66409445e-008,0.564263165,0.52675736,-0.000732388231,0.548398197,0.53075546,-0.00176261936,0.538393617,0.536886036,-0.00319774938,0.531942666,0.541740179,-0.00484359777,0.549655557,0.540867329,-0.00200675754,0.535228908,0.546120584,-0.00425846,0.527403891,0.548418224,-0.00552939903,0.521997213,0.549716,-0.00627083704,0.55765748,0.545648694,-0.00325930584,0.542320848,0.551700354,-0.00468824897,0.533996463,0.553851366,-0.00525367307,0.528207242,0.554508567,-0.00578243891,0.565579414,0.548402667,-0.00459465431,0.553200305,0.555509,-0.00646165479,0.54457444,0.557898164,-0.00702037709,0.538118124,0.558948874,-0.00740979565,0.573645234,0.549912,-0.00597074442,0.566887915,0.556279063,-0.00786978472,0.560518801,0.559357941,-0.00813563634,0.554904699,0.561035216,-0.00800601207
8133.333333333392,0.585652411,0.530889,8.13327929e-008,0.566965282,0.527697921,3.27614871e-005,0.5486691,0.529581785,-0.000837403175,0.538073,0.53536731,-0.00128994952,0.533648968,0.540451586,-0.00186210696,0.550479114,0.538012207,-0.00793888513,0.53287369,0.544417441,-0.0109710898,0.52487725,0.546863735,-0.0109990602,0.520972371,0.547752142,-0.0102044968,0.558137774,0.543592,-0.008943622,0.539074,0.550687492,-0.0111552048,0.529868424,0.552611947,-0.010197469,0.525752485,0.552574039,-0.00906927232,0.565904498,0.547542691,-0.00951536,0.548902392,0.555718362,-0.0110351769,0.539732516,0.557750821,-0.0105950767,0.534506202,0.557679534,-0.0102936607,0.573354363,0.550199389,-0.00978379231,0.562287,0.557360351,-0.0116844438,0.55450052,0.560201466,-0.0120388614,0.548391,0.561582,-0.0118686296
8150.000000000059,0.58528167,0.531144559,8.30672562e-008,0.566314399,0.527851164,-0.000226733187,0.547904491,0.529738188,-0.00134383654,0.536663055,0.535687566,-0.0018913371,0.530825853,0.540745437,-0.00253055734,0.550445914,0.537715375,-0.0093086008,0.532684684,0.544342518,-0.0122348387,0.524907947,0.547000825,-0.0116646392,0.52125895,0.548050344,-0.0103730708,0.558349848,0.543551087,-0.0100408513,0.538787,0.550781667,-0.0121649466,0.529841721,0.552633703,-0.0104244221,0.526251614,0.552410543,-0.00859556906,0.566179156,0.547648609,-0.0102612209,0.54854852,0.556002915,-0.0116722239,0.53955394,0.55784452,-0.0104252109,0.534747481,0.557430685,-0.00944737531,0.573616,0.5504179,-0.0101875067,0.562703,0.557788134,-0.0122365681,0.554793894,0.560550749,-0.0124349315,0.548464596,0.561687827,-0.0119679607
8166.666666666726,0.584833622,0.531319559,8.31111748e-008,0.565906763,0.527939558,-7.72226413e-005,0.548010349,0.529806495,-0.00130686886,0.536919415,0.535585105,-0.00197369442,0.53124553,0.540784359,-0.00270657311,0.550410509,0.537597597,-0.00993676297,0.532583773,0.544500053,-0.0130566182,0.524662495,0.547094882,-0.0123057859,0.521420538,0.547924936,-0.0107078981,0.558174133,0.5434708,-0.0107185123,0.538125515,0.5509215,-0.0131280357,0.52936697,0.552580953,-0.0110968426,0.526671052,0.552013099,-0.00878071599,0.56599009,0.547573566,-0.0109231109,0.547760725,0.556215,-0.0124915428,0.538892448,0.557913184,-0.01088023,0.534725726,0.557222366,-0.00943401642,0.573472142,0.550284088,-0.0107908463,0.562962055,0.55787307,-0.0130191837,0.555174887,0.560808897,-0.0131344171,0.549118817,0.561973929,-0.0124127418
8183.333333333393,0.584614933,0.531314731,7.22459887e-008,0.565617919,0.527965128,0.000495840155,0.547757268,0.529833078,-0.000239856105,0.536886454,0.535520673,-0.000487184065,0.531663954,0.540693402,-0.00079473824,0.550449193,0.537543,-0.00909044407,0.532736361,0.544727802,-0.0119185913,0.524996,0.547312558,-0.0110343117,0.521854579,0.548104167,-0.00937382504,0.558262,0.543287277,-0.0100334529,0.538691,0.55104208,-0.0122891795,0.529855788,0.552757919,-0.0102679245,0.52701205,0.552164,-0.00799227413,0.566001177,0.547294438,-0.0103937816,0.54797709,0.556122243,-0.0120018451,0.539000869,0.557921112,-0.0105398148,0.534580529,0.557293415,-0.00918915868,0.573355556,0.549990833,-0.010350693,0.56316644,0.557855308,-0.0127655985,0.555436313,0.560790241,-0.013067062,0.549221635,0.561840117,-0.0124749597
8200.00000000006,0.584091663,0.531065881,7.06188317e-008,0.566098154,0.527962506,0.000190734034,0.548438787,0.529913366,-0.000689264,0.53773874,0.535620034,-0.00110702857,0.532514572,0.540560544,-0.00165199011,0.550183356,0.537872732,-0.00900611281,0.532435656,0.545091,-0.0122538805,0.524663031,0.547635734,-0.0118738618,0.521739244,0.548287272,-0.0104772747,0.557824671,0.543394506,-0.00992815662,0.538474262,0.551147223,-0.0121325925,0.529663086,0.552830338,-0.0103656389,0.52679044,0.552267432,-0.00833707,0.565529525,0.547243536,-0.010358382,0.547760427,0.556126177,-0.0118729798,0.538732648,0.557976305,-0.0106740408,0.534277439,0.557298601,-0.00959375,0.572815,0.5499717,-0.0104481978,0.563144445,0.558046341,-0.0131277433,0.555219948,0.560953796,-0.0138027193,0.548841655,0.561791837,-0.0134573793
8216.666666666726,0.583459556,0.531122625,7.54189813e-008,0.565156162,0.527997136,0.000295269041,0.547093868,0.530147612,-0.000580912514,0.536682785,0.536281586,-0.000977959484,0.53237164,0.541317225,-0.00151716475,0.549966514,0.538159907,-0.00872833095,0.531537533,0.544981658,-0.0116075194,0.524113894,0.547469437,-0.0111025171,0.521472,0.548249662,-0.00974439,0.557708919,0.543674111,-0.00964045431,0.537426889,0.551041722,-0.0117036,0.52875942,0.552663,-0.0101281814,0.526271582,0.552057564,-0.0083132647,0.56545347,0.547459841,-0.00999540277,0.547402,0.556247,-0.0111746378,0.538493812,0.557834148,-0.0101620806,0.534328,0.55689615,-0.00935441069,0.572720647,0.549975753,-0.00999447517,0.5630458,0.55804348,-0.012094073,0.555174589,0.5608235,-0.0126435626,0.548911691,0.56150651,-0.0123995924
8233.333333333392,0.582345963,0.531203,6.73271501e-008,0.564133823,0.528163,0.000480435061,0.546430945,0.530229688,-0.000512456754,0.536028385,0.536166191,-0.00113784,0.531356156,0.540967762,-0.00190069992,0.549185932,0.538414359,-0.00850511435,0.530968845,0.545553267,-0.0116969086,0.524223268,0.547785699,-0.0115603935,0.522575378,0.548166,-0.01031191,0.557135224,0.543745935,-0.00952823088,0.537030101,0.551306248,-0.0117921028,0.529068649,0.552886188,-0.0104955519,0.527423859,0.552253902,-0.00884633,0.56487757,0.547516882,-0.0099908,0.547023356,0.556201935,-0.0111023271,0.538487732,0.557952285,-0.0100696571,0.534871936,0.557260931,-0.00924956612,0.572093844,0.550044656,-0.0100890109,0.561799288,0.55803442,-0.0116626518,0.553931236,0.560761,-0.0116925901,0.548004925,0.561507,-0.0111435791
8250.000000000058,0.580615461,0.531119883,4.9845724e-008,0.562618256,0.528377712,-0.000124561513,0.544651926,0.530692399,-0.00140030263,0.535010397,0.537386954,-0.00214444054,0.531411409,0.542841792,-0.00289898948,0.547931254,0.538667679,-0.00955536403,0.530414,0.547446609,-0.0131207099,0.525181413,0.549111307,-0.0131589472,0.525307655,0.54860884,-0.0119397696,0.556421161,0.543988466,-0.0102384,0.537061572,0.552813232,-0.0125920959,0.530945,0.553907394,-0.0112513062,0.531289,0.552898347,-0.00971522834,0.56435883,0.547605455,-0.0103942715,0.546788692,0.556902647,-0.0114700506,0.540017247,0.558323562,-0.0100466963,0.538337708,0.557585597,-0.00907397736,0.571797788,0.549924254,-0.0102406414,0.561714292,0.557871938,-0.011884951,0.554514647,0.560356796,-0.0118840802,0.549569,0.561088,-0.0113881947
8250.000000000058,0.556454241,0.528718412,-3.0306115e-008,0.54955548,0.532783091,0.000238958732,0.548764467,0.53887403,0.000880622596,0.548719764,0.543396771,0.000447224098,0.550012171,0.547685742,-0.000183628232,0.557376504,0.549012959,0.00527757406,0.559203446,0.556962192,0.00339167751,0.557550788,0.558785379,0.00117986545,0.555199265,0.55792594,4.14294445e-005,0.561440647,0.55028075,0.00360465399,0.562600672,0.559643805,0.00104322692,0.559812903,0.56099987,-0.00232390105,0.557203472,0.559564829,-0.00380454818,0.56504333,0.55008769,0.00139437092,0.566760361,0.559231818,-0.000950484362,0.56478107,0.560668468,-0.00401943689,0.562262475,0.559768796,-0.00537931779,0.568155,0.548330486,-0.000801436079,0.572419703,0.554258466,-0.00303076,0.574047804,0.557886422,-0.00500721065,0.574023247,0.559767127,-0.00588579383
8266.666666666724,0.580274522,0.530835152,6.78293066e-009,0.562064707,0.528403759,-0.00108220847,0.543801785,0.531549156,-0.00287795253,0.53333813,0.538677692,-0.00399005227,0.52826947,0.544335306,-0.0048356927,0.546492,0.539523125,-0.0114254095,0.528558373,0.548962951,-0.0154546304,0.527691185,0.54891479,-0.0153893093,0.532013714,0.546943069,-0.0139906816,0.555820286,0.544721663,-0.0117357289,0.536646485,0.554603875,-0.0139590846,0.534702063,0.55385083,-0.0120693659,0.538458049,0.551473081,-0.0103258826,0.564582646,0.54812181,-0.0115724653,0.547279954,0.558214426,-0.012495975,0.543587685,0.558114886,-0.0101735834,0.54495579,0.556220114,-0.00873162318,0.572760582,0.550210536,-0.0112021258,0.562724411,0.558713317,-0.0127229439,0.556516051,0.560702205,-0.0123341056,0.553027511,0.560892522,-0.0116681578
8266.666666666724,0.578085244,0.528788269,-3.16213e-008,0.558451951,0.530372,-0.00137474539,0.545652449,0.536287725,-0.00379680214,0.537526488,0.543381751,-0.0065202727,0.534024954,0.548948586,-0.00899002329,0.552162647,0.544440746,-0.00533911865,0.540282667,0.553806484,-0.00951743219,0.537233591,0.553249359,-0.0110968575,0.537641108,0.550146461,-0.0112459352,0.561602175,0.547302663,-0.00620144466,0.548232734,0.557490408,-0.00870293565,0.545409322,0.556979,-0.00854607113,0.546732366,0.553910792,-0.00823819265,0.569879293,0.548544168,-0.00712604448,0.560661197,0.558815897,-0.00836237,0.557479799,0.558878183,-0.0071229157,0.557870805,0.556481838,-0.00639107078,0.577229202,0.548703611,-0.00812608935,0.574910343,0.55671829,-0.00859672669,0.572480679,0.55884707,-0.00741113,0.571305752,0.558558285,-0.00643665669
8283.33333333339,0.581191719,0.530211151,-2.14467608e-008,0.561793149,0.528395116,-0.000899317674,0.544027448,0.531179547,-0.00292152492,0.53309387,0.538063288,-0.00448868144,0.528651237,0.544080079,-0.00574997,0.54688704,0.539712608,-0.0103407186,0.530072093,0.549308181,-0.0145030012,0.531711698,0.547760129,-0.0152326375,0.536632121,0.544943154,-0.0145989815,0.556353509,0.544916034,-0.0109662246,0.539049208,0.554840863,-0.0126748569,0.538197219,0.554014,-0.0114299124,0.541906357,0.551553905,-0.0104707927,0.565749466,0.54821378,-0.0111587476,0.551292837,0.558474243,-0.0116168465,0.548447728,0.558690608,-0.00974765234,0.549526691,0.557054758,-0.0089539988,0.574443817,0.549871087,-0.0111401714,0.56785053,0.558051,-0.0119617712,0.564713955,0.56004566,-0.0111175533,0.563471079,0.560535967,-0.0103393011
8283.33333333339,0.581511855,0.530534446,-4.88430025e-008,0.562237263,0.528142333,-0.00126041542,0.544386268,0.530862868,-0.00416026032,0.534010351,0.537828386,-0.0067171962,0.529889524,0.543630362,-0.00880795717,0.547790706,0.540069222,-0.0108825443,0.530301929,0.549960494,-0.0156471487,0.533556879,0.548092782,-0.0166587178,0.539358497,0.545123756,-0.0161329806,0.557469189,0.545223355,-0.0116602387,0.538053155,0.555200815,-0.0147801805,0.539689064,0.553458393,-0.0136835612,0.545206249,0.550111413,-0.0124358824,0.567013443,0.548604071,-0.0120103462,0.550474524,0.559334576,-0.0132339839,0.549013555,0.559077084,-0.0112193264,0.552133203,0.556540608,-0.0100651328,0.576254189,0.550435841,-0.0121568777,0.567083716,0.559637,-0.0130594205,0.562935472,0.561415434,-0.0117483605,0.561941683,0.561065078,-0.0106051927
8300.000000000056,0.581807792,0.530269802,-3.29337375e-008,0.562440574,0.528451204,-0.000985053484,0.544348359,0.531487167,-0.00311895343,0.533368587,0.538477302,-0.00491273962,0.529235303,0.544676125,-0.00630652439,0.547863841,0.539947,-0.00947030075,0.53080982,0.549618185,-0.0141279008,0.532873511,0.547483563,-0.0153582571,0.538453579,0.544230223,-0.014820178,0.557543933,0.54510957,-0.0100844605,0.53978318,0.554749548,-0.0126209287,0.540048,0.552914202,-0.011927384,0.544828892,0.549770176,-0.011013045,0.566702485,0.548635125,-0.0103380121,0.551101,0.558822632,-0.0111487256,0.548578441,0.558234036,-0.00925251655,0.55058074,0.555842936,-0.00814165361,0.575031,0.550754786,-0.0104404325,0.565905035,0.559559405,-0.0111447107,0.560714841,0.561343133,-0.0101112621,0.557999492,0.561277,-0.00910778623
8300.000000000056,0.578813732,0.528358757,-6.69763054e-008,0.557652652,0.529536366,-0.00245597446,0.544219792,0.534528,-0.00530671235,0.535915732,0.541175902,-0.00838515162,0.531600535,0.546587288,-0.0109888539,0.552449465,0.545176327,-0.00604320318,0.542091787,0.554071605,-0.0103088021,0.539276421,0.552061141,-0.0121605182,0.541058362,0.547893167,-0.012577327,0.562878191,0.548428714,-0.00655032741,0.551135242,0.558234155,-0.00900136214,0.547911406,0.557103932,-0.00905141328,0.549844742,0.553564191,-0.00917750876,0.571908772,0.549699247,-0.00722703477,0.563342333,0.560044348,-0.0091206748,0.559407115,0.5594244,-0.00856531877,0.559955537,0.556528509,-0.00824889541,0.579932213,0.549752235,-0.00798604358,0.576437593,0.558176398,-0.00878048781,0.572537661,0.559391737,-0.00754257943,0.570787549,0.55785805,-0.00655865297
8316.666666666722,0.583211362,0.529962242,-4.32189964e-008,0.563598514,0.528257668,-0.00135791709,0.545350194,0.531448603,-0.00339869899,0.534536898,0.538386166,-0.00506978529,0.530405104,0.544513762,-0.00621428061,0.548405766,0.540419042,-0.00881589,0.531518161,0.549654961,-0.0132143786,0.534813941,0.54687506,-0.0144969746,0.541073084,0.543427467,-0.0140874041,0.558305383,0.545609891,-0.00918995403,0.540948033,0.554605901,-0.0117378319,0.541891515,0.552012563,-0.0114713898,0.546835,0.5485816,-0.010878576,0.567559719,0.549089253,-0.00924785901,0.552216411,0.558595538,-0.010050172,0.549842477,0.557026,-0.00868302397,0.552044809,0.553953707,-0.00797097944,0.575819552,0.551125467,-0.00919454359,0.566606581,0.559757948,-0.00980244204,0.56119436,0.561103821,-0.0090195965,0.558471262,0.560612619,-0.00827666372
8316.666666666722,0.583773494,0.529670954,-7.10069941e-008,0.563636065,0.527915359,-0.000892897195,0.546048462,0.531300426,-0.0033859117,0.536129296,0.538405418,-0.00565904239,0.531450033,0.544119537,-0.00735455425,0.549208283,0.540782928,-0.00924674701,0.532356858,0.550048411,-0.0135011505,0.534904301,0.54662466,-0.0145103559,0.540523171,0.543171346,-0.0141108865,0.559023142,0.545889139,-0.00998251699,0.540960193,0.554716,-0.0124185858,0.541921437,0.551352918,-0.0114550209,0.547067404,0.54746151,-0.0104618398,0.568434119,0.549259543,-0.0102885207,0.553107917,0.558936,-0.010743672,0.550376654,0.557276309,-0.00863084,0.552655935,0.553968549,-0.0075824419,0.57731086,0.55103904,-0.0104384106,0.568426192,0.559624493,-0.0106281405,0.56248349,0.561139584,-0.00920501258,0.559628427,0.560794234,-0.00810590666
8333.333333333389,0.583954751,0.529633939,-4.04477625e-008,0.564011633,0.528169572,-0.00133878784,0.546010137,0.531421065,-0.00338159502,0.535942197,0.538642645,-0.00505105825,0.532789111,0.544755042,-0.00627744757,0.549694,0.54048717,-0.00854677334,0.533232868,0.549339235,-0.0128790904,0.536222637,0.546540737,-0.0144138085,0.542417049,0.543187618,-0.0142359585,0.559612751,0.54568392,-0.00890505,0.542724252,0.554303348,-0.0110282805,0.543341875,0.55165869,-0.0108763585,0.548311591,0.548387408,-0.0105965128,0.5689587,0.549091041,-0.00893387571,0.553944111,0.558339715,-0.00943846628,0.551745474,0.556468964,-0.0080594,0.55434233,0.55329293,-0.00748133706,0.577393174,0.551012516,-0.00885227509,0.568218887,0.559386313,-0.00904211868,0.563267767,0.560389221,-0.00791277,0.561347246,0.559732318,-0.00703563774
8333.333333333389,0.583213151,0.528028786,-1.04111948e-007,0.561585307,0.527828,-0.00343485316,0.546962261,0.532233834,-0.00711031118,0.538072407,0.539333045,-0.0104360953,0.532122672,0.545203507,-0.0130382227,0.551507652,0.542900145,-0.0102609228,0.537212,0.550291419,-0.0148202656,0.537654281,0.547028184,-0.0160171855,0.542371929,0.542975485,-0.0162653513,0.562940717,0.547492206,-0.0103059709,0.546955347,0.555425227,-0.0126060387,0.54614526,0.552749515,-0.0111058345,0.550316513,0.549003601,-0.0106533729,0.572501481,0.549802899,-0.0103737768,0.559543133,0.558994532,-0.0123991687,0.555953562,0.557210088,-0.010294714,0.557285845,0.55384326,-0.00926128402,0.580931842,0.550480843,-0.0105668185,0.572887301,0.559111953,-0.011654906,0.566912,0.559789479,-0.00991706923,0.564371228,0.558120191,-0.00873931218
8350.000000000055,0.584389567,0.529654086,-4.12621333e-008,0.564230859,0.528189659,-0.00173779833,0.546508551,0.531368792,-0.00398331508,0.536074877,0.538437,-0.00588968862,0.532397807,0.544555545,-0.00730935531,0.550783455,0.541267037,-0.00809841231,0.534745216,0.549288511,-0.012475051,0.537486,0.545999348,-0.0141898328,0.54390353,0.54262352,-0.0141776651,0.560970247,0.546329618,-0.00837070774,0.544315934,0.553747654,-0.0105959903,0.544917285,0.550568342,-0.0107166525,0.550191,0.547344625,-0.0107163768,0.570504785,0.549486,-0.00841835,0.555138052,0.558052123,-0.00923526939,0.553004324,0.555817246,-0.00812460668,0.556119502,0.552536,-0.00772925,0.579032779,0.551187515,-0.00839538686,0.570164919,0.559273183,-0.00913499948,0.564747691,0.560303748,-0.00850465242,0.562571764,0.559688807,-0.00793194398
8350.000000000055,0.585395396,0.529156923,-5.8808908e-008,0.56466043,0.52786535,-0.00106432289,0.547210574,0.53103596,-0.00327759841,0.53738004,0.538022041,-0.00523944618,0.534246743,0.543946505,-0.00667471578,0.551261127,0.540977359,-0.00826962665,0.534631,0.549060643,-0.0121624097,0.53773725,0.545886576,-0.0132608181,0.543650627,0.542564809,-0.0129242232,0.561464727,0.546262264,-0.00875098631,0.544285357,0.553635716,-0.0106622735,0.545617342,0.550380468,-0.0101963934,0.550761402,0.54681462,-0.00966540445,0.571026444,0.549546838,-0.00884260703,0.556010485,0.558391631,-0.00905492157,0.553499937,0.556721509,-0.00769049,0.555573523,0.553495049,-0.00721108308,0.579898119,0.551159501,-0.00876265578,0.572221458,0.559447825,-0.00873862579,0.566604733,0.560855865,-0.00761226751,0.563654304,0.560306966,-0.00673137931
8366.66666666672,0.584941447,0.529742658,-4.27075229e-008,0.565018892,0.52819407,-0.00208770111,0.547533751,0.531392038,-0.00430215383,0.537773907,0.538392782,-0.00609437283,0.53442,0.54444176,-0.00736866845,0.551501691,0.541431785,-0.0080990335,0.536467493,0.549193442,-0.0123000648,0.539176583,0.545885,-0.0138646495,0.545400918,0.542487502,-0.0138043975,0.561941326,0.546426117,-0.00824083854,0.545906425,0.55379647,-0.0106349904,0.54669255,0.550425529,-0.0108474502,0.55218631,0.546876431,-0.0107715009,0.571646154,0.549567044,-0.00815966167,0.556969583,0.5579831,-0.00914979,0.555186808,0.555454373,-0.00805844367,0.558577955,0.551790178,-0.00753148319,0.580358148,0.551241875,-0.00805478543,0.572135925,0.559346259,-0.00909906067,0.566775441,0.560036719,-0.00857378915,0.564631343,0.55887723,-0.00793227181
8366.66666666672,0.572957158,0.53033042,-1.00338191e-007,0.563566864,0.53373313,-0.000136593459,0.55978018,0.539852381,-0.000918337726,0.560885429,0.546509445,-0.00241271802,0.564196169,0.551889122,-0.00348705,0.558347,0.546139777,-0.000126779982,0.55132,0.553329885,-0.00437676767,0.551242471,0.55023247,-0.00647802744,0.553992271,0.54590863,-0.00698302081,0.565214515,0.548545241,-0.00179167453,0.557291,0.556602657,-0.00439180201,0.556947649,0.553739309,-0.00441676844,0.559675694,0.549895942,-0.00410343241,0.571457922,0.549717247,-0.00393307302,0.565781653,0.558496177,-0.00676671183,0.564520419,0.555686533,-0.00575133134,0.566001296,0.552037656,-0.00454773381,0.577316165,0.550039172,-0.00599927828,0.575897515,0.556507289,-0.00744931633,0.57463,0.554998338,-0.00595457805,0.574939907,0.55225414,-0.00444833934
8383.333333333387,0.58580637,0.529565454,-3.34658807e-008,0.566086173,0.528243482,-0.00211271411,0.549124181,0.531130493,-0.00464972248,0.538652539,0.537353873,-0.00685679028,0.534376502,0.543397605,-0.00849789754,0.552548587,0.541861,-0.00739130564,0.537921131,0.549265504,-0.011909375,0.540430665,0.545842528,-0.0140693691,0.546345115,0.542497337,-0.0143530583,0.562720478,0.546809375,-0.00757402228,0.547159076,0.55359453,-0.0101074586,0.547924817,0.55022347,-0.0106785558,0.553052664,0.546906173,-0.0108403107,0.572456539,0.549963534,-0.00761220511,0.558231056,0.557831824,-0.00857762,0.556040049,0.555506825,-0.00756003568,0.558805227,0.552120447,-0.00704089506,0.58117,0.551654935,-0.00763660623,0.57241863,0.559262931,-0.00814740732,0.566852868,0.559877694,-0.00711534219,0.564462245,0.558828235,-0.00612492766
8383.333333333387,0.587840676,0.53083992,-7.69220847e-008,0.567531765,0.528440773,-0.00306947203,0.549763441,0.531201124,-0.00635077152,0.539164305,0.537751257,-0.00899289642,0.533954918,0.543049276,-0.0109289754,0.553236,0.541819394,-0.0105307074,0.538266182,0.548947394,-0.0148965959,0.540845215,0.545248449,-0.0162709896,0.546398163,0.541997075,-0.0165448822,0.563492954,0.546883166,-0.0104872463,0.547951281,0.553201139,-0.0126324296,0.549029708,0.549754739,-0.0119588841,0.553799808,0.54645294,-0.0118028726,0.573339462,0.549961805,-0.0102217104,0.56049639,0.557353556,-0.0111326724,0.559226155,0.554874301,-0.00944226328,0.562094867,0.551366091,-0.008896132,0.582550287,0.551346958,-0.0100564603,0.575841665,0.558237731,-0.0110661518,0.571274877,0.558578968,-0.0101659419,0.569396794,0.557286,-0.00945659168
8400.000000000053,0.587037444,0.530593634,-3.9087503e-008,0.567050099,0.528569758,-0.00239312579,0.549550354,0.530914187,-0.00468524918,0.538966835,0.536909699,-0.00671663228,0.535406,0.542751849,-0.00809452124,0.552961767,0.542638481,-0.00589459436,0.53850168,0.549160957,-0.0100879772,0.541607201,0.545600891,-0.0123942643,0.547852099,0.54253,-0.0129081886,0.562634766,0.547471642,-0.00609592162,0.547134638,0.553732455,-0.0079493029,0.548509538,0.550311625,-0.00841155,0.554173112,0.547302306,-0.00864269864,0.572080135,0.550621629,-0.00629087165,0.557298124,0.557371676,-0.0070363651,0.55653286,0.554766595,-0.00560292136,0.560896397,0.551615894,-0.00474953232,0.580645084,0.552468479,-0.00657834159,0.569944918,0.559479892,-0.00684934435,0.566818178,0.558657408,-0.00488040596,0.567920685,0.55655247,-0.00313317124
8400.000000000053,0.572484493,0.531014681,-7.973496e-008,0.56246525,0.534128368,-0.00192677812,0.558537722,0.53932631,-0.00349962036,0.560298741,0.544919074,-0.00569307804,0.564293146,0.54981935,-0.0071223909,0.559239,0.546919107,0.00113213784,0.554480314,0.55333668,-0.00385772018,0.555618465,0.55000031,-0.00696486654,0.558231354,0.54572016,-0.00817441195,0.567329943,0.549176276,-0.000202207579,0.563088059,0.55690974,-0.00353345391,0.563989878,0.554043472,-0.00433317479,0.565923393,0.550272584,-0.00439299317,0.574864089,0.550228417,-0.00245772349,0.572446644,0.558430612,-0.0059478078,0.57236284,0.555256665,-0.00514478143,0.573248744,0.551503539,-0.00386369461,0.581512868,0.550392509,-0.00495255552,0.581150234,0.555998862,-0.00680876384,0.580833,0.553883493,-0.00554458471,0.58081156,0.550902128,-0.00409904588
8416.666666666719,0.588180661,0.530732214,-3.93382962e-008,0.568600297,0.528380513,-0.00218011928,0.552035093,0.531150699,-0.00426471,0.541065514,0.536940336,-0.00612311624,0.537123203,0.542753935,-0.0073101786,0.554568946,0.542891145,-0.00623375503,0.538686514,0.549233675,-0.0101834955,0.541990817,0.545578361,-0.0120690409,0.548758805,0.542666435,-0.0122902989,0.563742638,0.547757149,-0.00642798515,0.5471192,0.553859,-0.00783578213,0.548608422,0.550157547,-0.0075443727,0.554731,0.547323883,-0.00730564259,0.572890639,0.550807238,-0.00659880461,0.557514608,0.557462811,-0.00694157695,0.556860566,0.554469109,-0.00494354824,0.561634362,0.551412523,-0.00382057973,0.581066668,0.552538931,-0.00685404334,0.569860458,0.559546411,-0.00677084923,0.567366421,0.558203578,-0.00438535446,0.569517612,0.555848956,-0.00242979079
8416.666666666719,0.589838505,0.530894756,-8.51460698e-008,0.56901449,0.528622389,-0.00277898461,0.552761614,0.531279802,-0.00592921255,0.542979777,0.537255466,-0.0088582458,0.5361498,0.541994393,-0.0109475628,0.555469751,0.543833673,-0.00722904829,0.540411711,0.549521804,-0.0120262234,0.543525398,0.545522749,-0.0143142706,0.549784064,0.542284,-0.0154517954,0.565986,0.548401773,-0.00794410333,0.550365388,0.553929865,-0.0106052831,0.552186549,0.550151467,-0.0101400977,0.558141,0.546864212,-0.00999083556,0.57589525,0.550605476,-0.00882522482,0.563580394,0.556821585,-0.0104546268,0.564279258,0.554080129,-0.00847247057,0.568936348,0.550946,-0.00749933394,0.584963679,0.551029861,-0.0099113211,0.579378963,0.55631572,-0.0108809723,0.579638541,0.554906845,-0.00922898762,0.58322525,0.55283618,-0.00793715101
8433.333333333385,0.589108,0.531288803,-4.16639558e-008,0.568987548,0.529030204,-0.00238852622,0.55193454,0.531581223,-0.00461598,0.540670216,0.537371933,-0.00660154596,0.537192047,0.543116271,-0.00783168897,0.555351913,0.543333054,-0.00607780181,0.539128363,0.549451828,-0.0103601189,0.54284358,0.545569241,-0.0126173729,0.550056875,0.542598665,-0.0130477604,0.564586461,0.548293591,-0.00629622675,0.54767704,0.554190397,-0.00803948,0.549607694,0.550298452,-0.00804020092,0.556270182,0.547517955,-0.00793087482,0.573453605,0.551597476,-0.00653825467,0.557766676,0.557722688,-0.00709822075,0.557704508,0.554444373,-0.00505896425,0.563083231,0.551499665,-0.0038279125,0.581153333,0.553694665,-0.00691093225,0.5685637,0.559976339,-0.00676896935,0.567187786,0.55773741,-0.00398249784,0.57074523,0.555058062,-0.00172098365
8433.333333333385,0.577559054,0.531199932,-8.23561521e-008,0.563565612,0.532775,-0.0031869649,0.556114,0.537133038,-0.00568548916,0.554545879,0.543004215,-0.00858106464,0.556226075,0.548276484,-0.0106737381,0.558041751,0.545992255,-0.00127243891,0.549203098,0.55139029,-0.00659256289,0.551194668,0.548313379,-0.00993636809,0.555783153,0.544670522,-0.0114977686,0.567647159,0.549302161,-0.00203712448,0.558526039,0.556239128,-0.00502703572,0.559849083,0.553074896,-0.00519761769,0.563448071,0.54957217,-0.00534184556,0.576167226,0.551299393,-0.00373147847,0.569045603,0.559003711,-0.00671486929,0.568626523,0.555746,-0.00514549948,0.570406616,0.552166581,-0.00377825508,0.583751798,0.552310467,-0.00584872579,0.57859534,0.558679819,-0.00677920273,0.577245533,0.556483,-0.00474284403,0.577616751,0.553343415,-0.00314402743
8450.000000000051,0.590216398,0.531477749,-3.93846626e-008,0.569835484,0.5292629,-0.00221731421,0.552717447,0.531973302,-0.00425733859,0.541582167,0.537855268,-0.00604298199,0.537602425,0.543595,-0.00698119262,0.556147754,0.543539464,-0.00576832937,0.539194882,0.549848139,-0.00980596337,0.543045878,0.545672834,-0.0118176015,0.550417364,0.542604685,-0.0120846033,0.565459967,0.548559844,-0.00588100124,0.547867119,0.554382503,-0.00729645696,0.549886942,0.550331295,-0.00707334233,0.556562722,0.547605157,-0.00685594883,0.574299872,0.551852167,-0.00599891,0.557968855,0.557742655,-0.00620411104,0.557946205,0.554486036,-0.0040081027,0.563390493,0.551624119,-0.00275516254,0.581760347,0.553939521,-0.00623911293,0.568954706,0.560005367,-0.00576667255,0.567445338,0.557772,-0.00289426581,0.57080549,0.555153131,-0.000623924367
8450.000000000051,0.591129303,0.533014655,-6.90798316e-008,0.570702493,0.529867172,-0.00248175021,0.553405762,0.531900406,-0.00517564,0.542494655,0.537725151,-0.00765472697,0.536503315,0.542269289,-0.00925219059,0.556352198,0.543753088,-0.00695744297,0.540356278,0.549779475,-0.0109835463,0.544001162,0.545640528,-0.0126925698,0.550592601,0.542557538,-0.0132707683,0.565589845,0.548769772,-0.00732508907,0.549358904,0.554349542,-0.00880960096,0.551370382,0.550370574,-0.00793518126,0.557071149,0.547370434,-0.00763196,0.57449156,0.551898777,-0.00770951761,0.559812963,0.558033884,-0.00815419108,0.560272336,0.554892123,-0.00546104228,0.565160334,0.551731408,-0.00409119111,0.582828045,0.553617775,-0.00830063596,0.571535587,0.559838951,-0.00793632399,0.569660723,0.557929456,-0.00510860514,0.572227657,0.555211127,-0.00305765565
8466.666666666717,0.59065634,0.531733751,-3.70468811e-008,0.570328712,0.529165447,-0.00220196624,0.553191125,0.531865537,-0.00401974516,0.541949928,0.537976861,-0.00557977147,0.538047254,0.543596685,-0.00619814685,0.557207882,0.543965518,-0.00497170351,0.539418817,0.549957395,-0.0086660292,0.543013871,0.545666456,-0.0105482666,0.550317585,0.542746425,-0.010764746,0.56627667,0.548985362,-0.00490907673,0.547809839,0.554502666,-0.0059537217,0.549664199,0.550341606,-0.00558643742,0.55638,0.547810435,-0.00529664475,0.574677646,0.552195,-0.00486838352,0.557701707,0.557665467,-0.0048709549,0.557755411,0.554251969,-0.00251219887,0.563443601,0.551591337,-0.00115606503,0.581667781,0.554213583,-0.00497471355,0.567685604,0.559942901,-0.00435573,0.566502631,0.557405233,-0.0013068195,0.570404649,0.554770052,0.00107245217
8466.666666666717,0.576209903,0.531719685,-1.01572446e-007,0.566808164,0.533486784,-0.00298981392,0.563786507,0.538422704,-0.0047448324,0.56686759,0.544549823,-0.00660965173,0.570965528,0.550205171,-0.00744375633,0.561675966,0.545558631,-0.00127212796,0.550485194,0.550972879,-0.0061736051,0.553008437,0.548103333,-0.00873417314,0.558171809,0.544645488,-0.00983032212,0.568416595,0.548825741,-0.0019722383,0.556868792,0.555700541,-0.00473730173,0.558940351,0.552723348,-0.00431505125,0.563780487,0.549543321,-0.00415067421,0.574564636,0.551166,-0.00357207679,0.564615548,0.558627784,-0.00676286221,0.565116942,0.555465,-0.00525056943,0.568695128,0.552331805,-0.00403598929,0.579878807,0.552529454,-0.00555475848,0.572726727,0.55810082,-0.00715603773,0.572390199,0.555769622,-0.00583467213,0.574935615,0.553098083,-0.00481162313
8483.333333333383,0.591495097,0.532396138,-4.0890356e-008,0.570569456,0.529502392,-0.00275833555,0.553250909,0.532079399,-0.00472504226,0.542597473,0.538429141,-0.00641654246,0.539033294,0.544162869,-0.00709279347,0.55801183,0.544318616,-0.00515610306,0.539453,0.550260723,-0.00939636305,0.543053746,0.545739233,-0.011572768,0.550652206,0.542645037,-0.0119121643,0.567088127,0.549346745,-0.00498327613,0.548011065,0.554845,-0.0068236459,0.550052,0.550416,-0.00684494525,0.557277501,0.547745228,-0.00662955502,0.575295746,0.55250591,-0.00493170042,0.557828486,0.557874143,-0.0056374846,0.558135152,0.554325223,-0.00340588228,0.564312398,0.551659048,-0.00192890014,0.582194,0.55452472,-0.00507797068,0.567697644,0.560016,-0.00499556167,0.566634,0.557347178,-0.00214460935,0.571029484,0.55474031,0.000208831771
8483.333333333383,0.592070401,0.533174098,-7.24868485e-008,0.570885062,0.52984035,-0.00365607324,0.553807318,0.532309055,-0.00663735252,0.542970061,0.538800716,-0.00927463733,0.537592411,0.543869615,-0.0108891316,0.557524204,0.544800878,-0.00732891541,0.539763749,0.54994911,-0.0119190691,0.542713,0.545523405,-0.0141805224,0.549614191,0.542689919,-0.015287268,0.566668332,0.549818456,-0.00744791795,0.548553169,0.55426687,-0.00945218187,0.55031395,0.550023854,-0.00886186,0.556811631,0.547277749,-0.00885231327,0.575040817,0.552728,-0.00778037356,0.558756948,0.557705,-0.00881882571,0.559072793,0.554239213,-0.00618083961,0.564586222,0.551252186,-0.00484884577,0.582684577,0.554222047,-0.00849431939,0.57018429,0.559762,-0.0087194927,0.567791879,0.557609558,-0.00614210078,0.570435047,0.554850221,-0.00425893674
8500.00000000005,0.591757953,0.532437205,-3.67984185e-008,0.571411669,0.529610634,-0.00292685372,0.55442673,0.532263517,-0.00496641,0.5430426,0.538627088,-0.00671029324,0.538263917,0.544427812,-0.00743786,0.558395743,0.544537783,-0.00507957907,0.539171815,0.550410628,-0.00923538767,0.542679071,0.545804799,-0.0113699771,0.550291538,0.542789638,-0.0116654607,0.567372203,0.549536407,-0.00477566337,0.547718883,0.554952383,-0.00646926695,0.549628615,0.550422907,-0.00642684149,0.556927443,0.547845423,-0.00617678137,0.575556397,0.552576125,-0.00462346151,0.557730258,0.558031201,-0.00525404839,0.557836533,0.554320633,-0.00301822089,0.56405,0.551633537,-0.00154428137,0.582360506,0.554412127,-0.00468109921,0.56781733,0.560074925,-0.00462998822,0.566483855,0.557272792,-0.00180300814,0.570754349,0.554549575,0.000555078499
8500.00000000005,0.558756828,0.534792483,-1.10929584e-007,0.570037782,0.535658658,0.00144412951,0.57942754,0.539620757,0.00329624745,0.586445451,0.545900285,0.00374286389,0.590365887,0.551454902,0.00447009923,0.573882461,0.544761121,0.0123487115,0.579066455,0.549401402,0.0114699462,0.580685079,0.547443092,0.00986725185,0.580490291,0.545107424,0.00940371677,0.572332382,0.547796965,0.0110837799,0.576455832,0.552902341,0.0109328739,0.577721596,0.550363183,0.00949779339,0.577196419,0.547518373,0.00886600651,0.570015788,0.550561666,0.00878157,0.573837459,0.556041837,0.00709523726,0.575371921,0.55284977,0.0057826126,0.575010419,0.549587607,0.00563300215,0.56602484,0.553424478,0.00658067456,0.570462,0.55801636,0.00644621206,0.571931362,0.555763185,0.0069999909,0.571530879,0.553027391,0.00770636415
8516.666666666715,0.591784716,0.533052444,-2.68956413e-008,0.571193635,0.530162215,-0.00334891,0.554196894,0.532672524,-0.00553952623,0.543237627,0.539231241,-0.00736981677,0.538332462,0.545046866,-0.00813000835,0.558606684,0.544771731,-0.00532896305,0.53893739,0.55069083,-0.00958361942,0.541648209,0.546034455,-0.0117205055,0.548891723,0.542923,-0.0120199621,0.567406893,0.549870133,-0.00488462299,0.547133803,0.555235445,-0.00671961578,0.54847,0.550756037,-0.00673647271,0.555655122,0.54810679,-0.00652036583,0.575453,0.552883804,-0.00465454208,0.557022929,0.55836,-0.00544633623,0.556594312,0.554727852,-0.00333104748,0.562542737,0.55195111,-0.00193379307,0.58218205,0.554679096,-0.00467819162,0.567623436,0.560217083,-0.00482469797,0.565837145,0.557652175,-0.00226373528,0.569748223,0.554993331,-8.77145067e-005
8533.333333333381,0.591974139,0.533020318,-2.88065944e-008,0.571933925,0.529900551,-0.0030436907,0.554999709,0.532672405,-0.00505780056,0.543740928,0.538891196,-0.0067565171,0.538133,0.544606,-0.00735911448,0.558368266,0.544838548,-0.00494387234,0.538790286,0.550781965,-0.0089709023,0.541428387,0.546264648,-0.0109328851,0.548647225,0.543274522,-0.0111397235,0.566881597,0.549973428,-0.00460550888,0.546666265,0.555348217,-0.00608806824,0.54794395,0.550977,-0.00584694091,0.555020154,0.548529088,-0.00552950241,0.574819088,0.553079307,-0.00448139105,0.556291521,0.558627248,-0.00500020711,0.555987298,0.554869711,-0.0026113803,0.56192404,0.55222261,-0.00111284782,0.581391335,0.554932356,-0.00459453929,0.566434324,0.560415,-0.00448406115,0.564829409,0.55773443,-0.00167552487,0.568861544,0.555181682,0.000609472278
8533.333333333381,0.555538237,0.535299122,-1.17568547e-007,0.569707453,0.535261214,0.00120370067,0.580290914,0.539081573,0.00376622612,0.587202489,0.545598924,0.00496179704,0.590523958,0.550962269,0.0063060727,0.574741304,0.543841183,0.013598959,0.581897497,0.548382521,0.0134660704,0.583301783,0.546635509,0.0123670725,0.58231765,0.544979751,0.0121397,0.571904898,0.547313273,0.0127593093,0.578422427,0.551953077,0.0127388714,0.579592705,0.549244,0.0110918339,0.578121424,0.546729743,0.0105237225,0.568145931,0.550465286,0.0108572394,0.574228466,0.554951131,0.00912745483,0.576114535,0.55138731,0.00753056305,0.574561238,0.54823947,0.00741170952,0.561972857,0.553769886,0.00905489,0.568493366,0.557135463,0.00901579298,0.570797801,0.554354072,0.00955352094,0.569577515,0.551374376,0.0103804637
8550.000000000047,0.591330767,0.533676326,-1.70700822e-008,0.571544766,0.530471265,-0.00325890211,0.55471164,0.532912791,-0.00552142924,0.543344259,0.539031446,-0.00740129687,0.538314521,0.544757187,-0.0082518477,0.55790633,0.545253277,-0.00550622,0.538474083,0.55129844,-0.0096488921,0.539591134,0.546911359,-0.0117104575,0.545840442,0.543759108,-0.0119743068,0.566326559,0.550445199,-0.00505977,0.546258688,0.555716097,-0.00654280186,0.546598136,0.551455379,-0.00632959511,0.553298771,0.549008906,-0.0061333687,0.574222,0.553660691,-0.00481230672,0.555856526,0.558977127,-0.00540086161,0.554952443,0.555422246,-0.00311111961,0.560658514,0.552853107,-0.00175344397,0.580713511,0.555678964,-0.00480655581,0.56575197,0.561051,-0.00481272256,0.563994527,0.558440685,-0.00203858712,0.568211615,0.555917442,0.000192234103
8566.666666666713,0.591297209,0.533969939,-2.58849511e-008,0.571184456,0.530687153,-0.00324757188,0.553975403,0.533111632,-0.00529291807,0.542873859,0.539548576,-0.00699844258,0.53783989,0.54552871,-0.00761915976,0.557464898,0.54534322,-0.00472996803,0.538222134,0.551419258,-0.00888384,0.540198,0.547061861,-0.0110639213,0.546899796,0.543935239,-0.0113851419,0.565902948,0.55060339,-0.00427052425,0.546246529,0.55599606,-0.00590190943,0.547247231,0.551800728,-0.00600259937,0.554089963,0.549329758,-0.00591712026,0.573588252,0.553916395,-0.00405417802,0.555387497,0.559220254,-0.00471020723,0.555131376,0.555748045,-0.00258044712,0.561026394,0.553193569,-0.00123716705,0.579826,0.555986464,-0.00409331592,0.564983487,0.561094463,-0.00400332175,0.563736379,0.558533609,-0.00128064386,0.568089724,0.55606705,0.000948919042
8566.666666666713,0.546457,0.534130812,-1.09874108e-007,0.565466,0.533831477,0.00104741787,0.577902436,0.538260221,0.00319643179,0.585421205,0.545619249,0.00398771325,0.588930726,0.551615298,0.00497662323,0.573503137,0.542895079,0.0118111754,0.58185631,0.548207283,0.0114057222,0.582460582,0.546821535,0.0101691447,0.580510259,0.545211196,0.00973524,0.568754137,0.54699409,0.0107583208,0.576360524,0.552352667,0.010282509,0.576940536,0.550058424,0.00817171205,0.574709177,0.547399163,0.00724089798,0.562812209,0.550367653,0.00881324895,0.570356309,0.555507839,0.00730121275,0.5717448,0.552587628,0.00582373887,0.569708586,0.549515545,0.00552189816,0.554854035,0.553762317,0.0069216527,0.562168717,0.557710111,0.00708307186,0.564745,0.555413723,0.00774723897,0.563967943,0.552616179,0.00849195849
8583.33333333338,0.59086138,0.534150362,-2.0566123e-008,0.571336448,0.530828774,-0.0031780533,0.554295242,0.533126473,-0.00541788712,0.542932212,0.539446473,-0.00730558159,0.538222313,0.54550755,-0.00814846251,0.557589293,0.545324624,-0.00554724131,0.537992716,0.551685,-0.00972879771,0.539928794,0.547338963,-0.0117556648,0.546633065,0.544306695,-0.011978074,0.565805316,0.550609291,-0.00523918681,0.545367062,0.556386948,-0.00682824478,0.54591769,0.552294433,-0.00671625417,0.552592874,0.54984647,-0.00651893672,0.573377967,0.553895831,-0.00511327246,0.55466789,0.559538901,-0.00567630632,0.553726614,0.556081295,-0.00347132795,0.55921793,0.553504825,-0.00214381167,0.579445958,0.555940807,-0.00522928592,0.564465761,0.561395,-0.00517619075,0.562485099,0.558883131,-0.0025060554,0.566305876,0.556355357,-0.000353930867
8600.000000000045,0.590554774,0.534463525,-2.6602164e-008,0.57060945,0.530988932,-0.00315658329,0.552970409,0.533488691,-0.00516356807,0.542310357,0.540231109,-0.00679934118,0.537946522,0.546228707,-0.00736777484,0.556566715,0.54591012,-0.0051028789,0.537584424,0.552181602,-0.00924809,0.539787173,0.547766447,-0.0113666328,0.546805561,0.544674,-0.0116389729,0.565278053,0.551212966,-0.00474826572,0.545468509,0.556971848,-0.00621114252,0.546062,0.552807212,-0.00613484066,0.552854776,0.550332665,-0.00595523603,0.573060274,0.554441571,-0.00457725115,0.55494082,0.559888661,-0.00506068207,0.554188967,0.556388259,-0.00277731963,0.559857368,0.553895891,-0.00137580885,0.579298317,0.556372464,-0.00465368526,0.564201713,0.561711967,-0.0043927012,0.562534809,0.559090793,-0.00145228393,0.56681186,0.556649,0.000896398211
8600.000000000045,0.542897344,0.53599745,-1.31594874e-007,0.561499596,0.535649478,-0.000893858611,0.575072527,0.539684653,0.000610513263,0.583588183,0.546904325,0.00117500941,0.587672949,0.55303514,0.00208656187,0.568764865,0.5444417,0.00980748422,0.578143597,0.54888916,0.0085742,0.579922855,0.54703,0.00702379039,0.578759789,0.545594752,0.00638351124,0.564284623,0.548481226,0.00965036079,0.57281065,0.55308032,0.00818846188,0.5750947,0.550166845,0.00600234931,0.573800504,0.547427654,0.00513540674,0.55891192,0.551868,0.00843133219,0.567133784,0.556352258,0.00571667543,0.570226371,0.552855372,0.0039142142,0.569263756,0.549656928,0.00366629148,0.551611781,0.555257201,0.00716224452,0.559063315,0.558859289,0.00603955,0.563181,0.556276143,0.00604491495,0.563544214,0.553245068,0.00658057537
8616.666666666712,0.59043926,0.534407675,-2.5876453e-008,0.570820928,0.530937731,-0.00356716779,0.553411484,0.533357859,-0.00592830731,0.542407334,0.539983511,-0.00788001809,0.537878931,0.546188235,-0.00874611922,0.556547642,0.545619,-0.005733239,0.537534297,0.552300453,-0.0102008348,0.539605141,0.547993779,-0.0124556087,0.546387196,0.544808,-0.0127609111,0.565330863,0.550949156,-0.00524165,0.545626581,0.556962252,-0.00694920588,0.546324313,0.552862167,-0.00698161311,0.553116322,0.550345302,-0.00686085504,0.573213637,0.554267228,-0.00496849651,0.555159032,0.559919059,-0.00562524423,0.554565847,0.556487143,-0.00337505504,0.560305476,0.553945601,-0.00197321689,0.579427302,0.556288898,-0.00497393403,0.564372599,0.561718702,-0.00478299195,0.562889457,0.559145391,-0.00187309866,0.567284048,0.556677341,0.000456801965
8616.666666666712,0.53766948,0.536590815,-3.7586144e-008,0.554162621,0.535032809,-0.00137219054,0.567841291,0.5387128,-0.00101282308,0.577661753,0.544778764,-0.000864123111,0.583263218,0.549897,-0.000420081342,0.560547948,0.543790281,0.00240484276,0.571530223,0.547703147,0.000923586311,0.578391433,0.548770547,-0.000359090423,0.582592487,0.549615443,-0.00131275237,0.557281315,0.547270715,0.00196346547,0.568288267,0.550928235,0.000243271352,0.575044334,0.551484227,-0.00160756498,0.57862407,0.551374078,-0.00270800735,0.553624034,0.549797,0.00110199489,0.564905584,0.553223848,-0.00188731111,0.570991278,0.553202331,-0.00277580763,0.574293852,0.552731097,-0.00271699647,0.548927844,0.552094877,0.000192069056,0.558834255,0.555081546,-0.00251466362,0.564652324,0.555448174,-0.00261646044,0.568655789,0.555104434,-0.00206865743
8633.333333333378,0.590891,0.53459084,-1.01404094e-008,0.571451783,0.531309426,-0.00397752738,0.554025948,0.533575475,-0.00653595943,0.542789221,0.539912343,-0.00864607655,0.538436,0.546111643,-0.00974010583,0.557162702,0.545943618,-0.0056882361,0.538265765,0.552454531,-0.00993326,0.538980186,0.54840827,-0.0121559212,0.54467845,0.545361042,-0.0125497486,0.565846264,0.551148832,-0.00507712644,0.54642278,0.557142138,-0.00680945721,0.546070874,0.553263962,-0.00708406419,0.552238941,0.550739288,-0.0071465,0.573774219,0.554297149,-0.00472160149,0.55619,0.56006211,-0.00553587638,0.554763854,0.556881547,-0.00372005347,0.559924543,0.554364204,-0.00260040257,0.579895198,0.556156158,-0.0046536359,0.56539768,0.561617792,-0.0046384926,0.563351393,0.559320867,-0.00202957937,0.567278087,0.556886494,0.000102541686
8633.333333333378,0.53554225,0.53636992,-3.68317421e-009,0.551026,0.53455162,-0.00268667052,0.564699471,0.537519693,-0.00292981858,0.574649215,0.542538166,-0.00297757587,0.580115378,0.547002,-0.00268486072,0.557360113,0.543565273,2.30058195e-005,0.567664802,0.54718107,-0.00234970986,0.575777054,0.549108207,-0.00439655129,0.58226341,0.55058074,-0.00600500405,0.554450631,0.546557188,-4.28020903e-005,0.564635873,0.549932241,-0.00238053082,0.573477,0.551642478,-0.00445162179,0.580383122,0.552892685,-0.0058599636,0.551133692,0.548748553,-0.000593296601,0.561173797,0.552070081,-0.00370174949,0.569305182,0.553692758,-0.00450573163,0.575710237,0.554807067,-0.00456077699,0.54701525,0.550725,-0.00139074109,0.55559504,0.553887188,-0.00435230043,0.562174916,0.555347383,-0.00453179237,0.56807512,0.556286454,-0.00409262301
8650.000000000044,0.59117192,0.534392416,-5.89133e-009,0.572112799,0.531156838,-0.00417655846,0.554778755,0.533468246,-0.00688659446,0.543186843,0.539800704,-0.00903544575,0.539015591,0.54625833,-0.0101419808,0.557763934,0.545648098,-0.00628916733,0.5386163,0.552413344,-0.0106163519,0.53915894,0.548473895,-0.0127587374,0.544804394,0.545465,-0.0130300941,0.566384494,0.550947785,-0.00552003365,0.546751082,0.557181597,-0.00725063635,0.546401739,0.55330956,-0.00735412398,0.552579224,0.550799668,-0.00727975089,0.574309409,0.554180801,-0.00499553932,0.556590915,0.560095251,-0.0057413606,0.555237412,0.556894958,-0.00381091563,0.560446084,0.554408073,-0.00262589124,0.580329955,0.556087732,-0.00476321438,0.565661371,0.561594784,-0.0046878024,0.563717365,0.559298277,-0.00203239731,0.567702115,0.556899905,0.000123405698
8650.000000000044,0.536321521,0.536239684,1.93781915e-008,0.550373673,0.53391856,-0.00244751759,0.563528776,0.535405636,-0.00284064,0.572268,0.539170623,-0.00289432122,0.576652527,0.542855084,-0.00261024968,0.55928123,0.541161299,-0.000593905279,0.56906718,0.545366287,-0.00250747032,0.576420724,0.547925949,-0.00426882459,0.582264245,0.549758315,-0.0056010494,0.555782497,0.544796228,-0.000495990738,0.565305,0.548867464,-0.00195773179,0.573398471,0.551335335,-0.00350290537,0.579857707,0.553281367,-0.00465197954,0.551958323,0.547769845,-0.000764068682,0.56110543,0.551589429,-0.00266521331,0.568506539,0.553898871,-0.0030930147,0.574392915,0.555581808,-0.0031431634,0.547504783,0.550298512,-0.0012616684,0.5554142,0.553731143,-0.00315501262,0.56127584,0.555433691,-0.00292639295,0.56647,0.556656599,-0.0023629074
8666.66666666671,0.591352463,0.534312963,-1.9330372e-008,0.571746707,0.530945957,-0.00385812,0.554290116,0.533333719,-0.00628964417,0.543147922,0.539749742,-0.00836681202,0.539566,0.546224236,-0.0093235895,0.557775617,0.545592129,-0.00529117882,0.538616598,0.552535415,-0.0098946346,0.540519357,0.548309267,-0.0123241497,0.54718411,0.545199454,-0.0127437701,0.56633395,0.550844431,-0.00484482571,0.546924472,0.557242572,-0.00686681783,0.547261059,0.553356647,-0.00727861375,0.553652585,0.550803304,-0.00733682839,0.574142873,0.554104388,-0.00471571228,0.556528687,0.560046554,-0.00561181828,0.555653036,0.556842864,-0.00374510582,0.561022043,0.554334521,-0.00251833792,0.580062509,0.556145489,-0.00490594795,0.565414,0.561651707,-0.00475057401,0.563740969,0.559342206,-0.00203644065,0.567937672,0.556905568,0.000163446777
8666.66666666671,0.535405457,0.537070274,1.99782058e-008,0.547879159,0.533609271,-0.0047014826,0.561330199,0.534426093,-0.00618722942,0.570818484,0.537642121,-0.00680307625,0.576530397,0.540858924,-0.00698122522,0.556420088,0.541343808,-0.00466974732,0.567796648,0.545004249,-0.00764479,0.576764405,0.547080874,-0.00972427707,0.584088683,0.54849416,-0.0111981602,0.553411365,0.545209467,-0.00373588596,0.564476848,0.548751116,-0.00645906851,0.574258506,0.550791919,-0.00828591455,0.582178712,0.55256021,-0.00951583125,0.550451517,0.548338652,-0.00318112248,0.561048865,0.55168891,-0.00619851612,0.570085883,0.553571045,-0.00695167854,0.577414215,0.554865,-0.00703691458,0.547279,0.550925,-0.00299747055,0.555990458,0.55406183,-0.00603245618,0.563278437,0.555581808,-0.00646465831,0.569809318,0.556532621,-0.00620408636
8683.333333333376,0.591707766,0.534077287,-6.81601442e-009,0.572196,0.530828714,-0.00398824643,0.5548715,0.533168197,-0.00677591097,0.543227375,0.53949213,-0.00903402176,0.539844573,0.546135187,-0.0102326209,0.558679342,0.545330763,-0.00641366094,0.539266884,0.552458048,-0.0108182384,0.539932549,0.548478603,-0.0129427854,0.54567188,0.545429409,-0.013168605,0.567368269,0.55064,-0.00569476699,0.547462165,0.557034075,-0.00745356409,0.547458,0.553043127,-0.00744805718,0.55387789,0.55057472,-0.00730579626,0.575235724,0.553978443,-0.00518600643,0.557116866,0.559944,-0.0057832012,0.556286633,0.556585371,-0.00351642095,0.56182766,0.554089189,-0.00214279909,0.580962718,0.556026757,-0.00496770628,0.566095054,0.561543226,-0.00462055299,0.564621508,0.559135139,-0.00169886288,0.568866849,0.556729,0.000578405452
8683.333333333376,0.537811458,0.53704977,4.13662171e-008,0.551358223,0.534089208,-0.00324442144,0.564350247,0.535201311,-0.00424713502,0.573174059,0.538247347,-0.00482195523,0.578350186,0.541710675,-0.00513113476,0.561280847,0.540475249,-0.00211698283,0.570869505,0.544487596,-0.00475669466,0.578708708,0.54709816,-0.00685636885,0.585317671,0.548983932,-0.00832097791,0.557425857,0.544678748,-0.00203589303,0.567193866,0.548678219,-0.0040812348,0.576064885,0.551142395,-0.00571185,0.583579123,0.553294,-0.0068239416,0.553368628,0.548309326,-0.0023353314,0.563018262,0.552032411,-0.00469521107,0.571046293,0.554377556,-0.00495693274,0.577837467,0.556185722,-0.00476888334,0.548748374,0.551426411,-0.00296583725,0.556756854,0.554985,-0.0050987713,0.56308651,0.556918561,-0.0046903044,0.568867505,0.558296,-0.00391546916
8700.000000000042,0.592604041,0.533954263,-6.36789732e-010,0.573391259,0.530723333,-0.00411886023,0.556263685,0.532950938,-0.00696329912,0.544602156,0.539070368,-0.00935548823,0.539341509,0.545312226,-0.0107076298,0.558945835,0.545625091,-0.00594395492,0.539607823,0.552580535,-0.0104386965,0.539446533,0.548677862,-0.0127097806,0.544677496,0.545530915,-0.0130126933,0.567548394,0.550793707,-0.00524330884,0.547861636,0.55703938,-0.00706036296,0.54731369,0.553068042,-0.00715961726,0.553312123,0.550532937,-0.00707171,0.575541794,0.553932965,-0.00483162515,0.557544053,0.559866548,-0.00568333315,0.556183219,0.556586444,-0.00356943114,0.561356366,0.554050446,-0.00222831243,0.581629753,0.55580765,-0.00471447222,0.566725552,0.56151551,-0.00469411258,0.564704716,0.559067607,-0.00184115733,0.568707526,0.556517482,0.000498888199
8700.000000000042,0.535952508,0.537957788,2.35341933e-008,0.548904896,0.53442651,-0.00284813694,0.562142789,0.535202742,-0.00323826773,0.570960164,0.537923038,-0.00331636495,0.57662183,0.540812194,-0.0030377747,0.558547437,0.540920675,-0.000706349732,0.568626285,0.544392288,-0.00271976925,0.576632559,0.546508312,-0.00447059656,0.583103061,0.547924,-0.00574839488,0.555449367,0.545110941,-0.000556229323,0.565465093,0.548567116,-0.00209354167,0.574149728,0.550546706,-0.00366248866,0.581320822,0.55228585,-0.00482796691,0.552383244,0.548618376,-0.000850973942,0.56188345,0.551984489,-0.00278200512,0.569906592,0.553713083,-0.00333513343,0.576559782,0.555012226,-0.00343016908,0.549009562,0.551714122,-0.00145870855,0.557065368,0.555024683,-0.00344229513,0.563709378,0.556322813,-0.00348034105,0.569697917,0.556978166,-0.00311474409
8716.666666666708,0.59212786,0.533994198,1.57447044e-009,0.572609663,0.530961275,-0.00356449583,0.555999875,0.533143044,-0.00635842234,0.544882894,0.539241672,-0.00875635166,0.540011525,0.545397639,-0.0101930415,0.559776,0.54538238,-0.00654395809,0.54032433,0.55265224,-0.0109317992,0.540023863,0.548843384,-0.012951659,0.545253038,0.545775473,-0.0131010255,0.568531275,0.55049926,-0.00608509686,0.548403084,0.557045221,-0.0078051649,0.547506094,0.553196073,-0.00773824705,0.553409636,0.550663114,-0.00763362553,0.576485872,0.553638399,-0.00579130324,0.558230579,0.559867263,-0.00637062965,0.556381881,0.556678474,-0.00422423,0.561353266,0.554097891,-0.00301472284,0.58237958,0.555530906,-0.00573489536,0.567712963,0.561483145,-0.00549485302,0.56527257,0.559201777,-0.00271210796,0.568874598,0.556659877,-0.000547562202
8716.666666666708,0.535933793,0.537502348,5.67213441e-008,0.548560798,0.533452332,-0.00425795652,0.56262368,0.533963859,-0.00560121,0.572344184,0.536415875,-0.00621049479,0.578690231,0.539474189,-0.00646374468,0.559691966,0.539776862,-0.00383235072,0.569829166,0.543634295,-0.00677726464,0.57835871,0.546247184,-0.00900260359,0.585713863,0.548026,-0.0105593195,0.556065679,0.544123113,-0.0033115414,0.566548705,0.548036695,-0.00564335333,0.576007485,0.550558567,-0.00737759098,0.584240437,0.552783787,-0.00857882388,0.552420199,0.547822118,-0.00316537917,0.562458456,0.551579297,-0.00579264201,0.571152568,0.554050386,-0.00617718324,0.578771293,0.555920303,-0.00605169311,0.548430443,0.550933301,-0.00339287566,0.556715727,0.554623902,-0.00584672671,0.56359446,0.556715786,-0.00572366,0.569962442,0.558187425,-0.00515102502
8733.333333333374,0.592696726,0.533565104,1.06636744e-008,0.573229253,0.530624807,-0.00415774062,0.555968344,0.53316468,-0.00691312784,0.544179499,0.539573908,-0.00906884205,0.539728284,0.546017349,-0.0102590872,0.560162365,0.545468688,-0.00645079231,0.540854335,0.552462101,-0.0106968749,0.539651573,0.549184501,-0.0126737021,0.544125199,0.546128035,-0.0127597377,0.56894356,0.550565183,-0.00549619226,0.549121737,0.55706,-0.00714496197,0.547556818,0.553427577,-0.00711556058,0.55276686,0.550771594,-0.00697374577,0.576862276,0.553661883,-0.00476801908,0.558710814,0.559884071,-0.00544256298,0.556341112,0.556765854,-0.00357468729,0.560771108,0.554045677,-0.00244673272,0.582634807,0.555494,-0.00431171106,0.568107128,0.561577678,-0.00427298062,0.565194786,0.559427798,-0.00181943877,0.568137944,0.556799829,0.000201278977
8733.333333333374,0.535684407,0.538409054,4.5376698e-008,0.548768342,0.534080803,-0.0035078621,0.562543631,0.534244,-0.00444595562,0.571948171,0.536843538,-0.00483896397,0.577737,0.539916337,-0.00484897569,0.559349656,0.539261162,-0.00273258612,0.570201,0.542688251,-0.00526284473,0.578591466,0.544779062,-0.00711580319,0.585493088,0.546097159,-0.0083813658,0.556470335,0.543806851,-0.00231702277,0.567223907,0.547335,-0.00438285619,0.576249599,0.549501419,-0.00603469182,0.583861947,0.551352143,-0.00718022743,0.553680062,0.547765553,-0.00226179441,0.563986361,0.551118135,-0.00457503228,0.572182596,0.55304265,-0.005100301,0.578981042,0.554443896,-0.00510451151,0.550805,0.551220536,-0.00250961911,0.559469461,0.554353654,-0.00460010255,0.566202402,0.555715263,-0.00460558,0.572024167,0.556438684,-0.00418625306
8750.00000000004,0.59324497,0.533672154,2.87524982e-009,0.57400763,0.530665457,-0.0040044263,0.556663454,0.533118188,-0.00682412088,0.544774413,0.539613068,-0.00911954138,0.54015255,0.546085298,-0.0103873257,0.560259,0.545572817,-0.00624246337,0.540880382,0.552574694,-0.0106365643,0.540484,0.548925042,-0.0127709396,0.545628309,0.545859277,-0.0129840793,0.569006681,0.550723791,-0.00551445177,0.549038827,0.55721879,-0.00715432549,0.547728896,0.553504944,-0.00721634878,0.553345799,0.550942302,-0.0072033084,0.576969683,0.553871393,-0.00501375739,0.558735371,0.560052693,-0.00568051729,0.556405604,0.556925833,-0.00374176935,0.561059177,0.554272234,-0.00261899503,0.582964838,0.55583024,-0.00478669349,0.568061054,0.561846912,-0.00469798082,0.56513375,0.559613049,-0.00208535395,0.568276,0.557019591,1.66846421e-005
8750.00000000004,0.535909295,0.536770821,6.85532413e-008,0.549002349,0.533288956,-0.00282610441,0.56257534,0.53427887,-0.00345698791,0.571911931,0.536984921,-0.00352334906,0.578155696,0.539835572,-0.00331856846,0.560407579,0.539272964,-0.0024898625,0.569779277,0.543085873,-0.00472178543,0.577407,0.545783103,-0.00640233606,0.583593845,0.54760927,-0.0074965572,0.556660235,0.54349786,-0.00220728433,0.566327691,0.547463953,-0.00372854504,0.574801505,0.550000429,-0.00500684883,0.5820328,0.552227139,-0.00587707385,0.552857,0.547062516,-0.00215933844,0.562229395,0.550810635,-0.00392111856,0.569901049,0.553219438,-0.00380000845,0.576566041,0.555145383,-0.00338750589,0.548806,0.549900651,-0.00236957148,0.5567891,0.553502798,-0.00389234815,0.562822342,0.555419266,-0.00322810165,0.568271875,0.556806803,-0.00235254411
8766.666666666706,0.593286812,0.533963382,-4.87573493e-009,0.573770642,0.530897558,-0.00388150499,0.556776345,0.533179,-0.00671322132,0.545798719,0.539631248,-0.00904392,0.541007876,0.545938849,-0.010261762,0.560806036,0.545235872,-0.00681951828,0.541164219,0.552723944,-0.0114990277,0.541159451,0.548961699,-0.01357379,0.546646655,0.545737267,-0.0136266099,0.569368601,0.550575554,-0.0061248946,0.549043715,0.55731523,-0.00801303331,0.548022032,0.553565443,-0.00793600827,0.553759217,0.550962687,-0.00775204459,0.576955616,0.55402416,-0.00561967818,0.558105111,0.56030339,-0.00634225365,0.556124091,0.55706054,-0.0041660904,0.561068714,0.554369152,-0.00283275475,0.582666934,0.556281686,-0.00539590418,0.567404509,0.562449038,-0.00527306693,0.564605892,0.56012553,-0.00256230449,0.568006933,0.557480276,-0.000375554257
8766.666666666706,0.536703229,0.537684679,6.00052914e-008,0.550069869,0.534388065,-0.00340407295,0.563122272,0.535037696,-0.00464653457,0.572394,0.537846804,-0.00523652369,0.578208,0.540938139,-0.00560178934,0.56024,0.540632308,-0.0037847911,0.569982767,0.544495285,-0.0062393127,0.577623963,0.546956,-0.00806682277,0.584047914,0.548683882,-0.00932595413,0.556326389,0.544633329,-0.00338889635,0.566097,0.548733771,-0.00519023,0.574505925,0.551125586,-0.00654714275,0.581567883,0.553242445,-0.00748450309,0.552168071,0.547980547,-0.00319045107,0.561638117,0.551690698,-0.00518559664,0.569272637,0.553979218,-0.00501177879,0.575679958,0.555857778,-0.00457479805,0.5477705,0.550697625,-0.00328328507,0.555838227,0.554107666,-0.00512070162,0.56182164,0.555887,-0.00444633188,0.567082703,0.557201385,-0.00349670299
8783.333333333372,0.59337163,0.534270465,-2.09716919e-008,0.573680937,0.531016111,-0.00392468786,0.556642711,0.533551,-0.0065706321,0.546006262,0.540207148,-0.00872965064,0.541200042,0.546293139,-0.0096873641,0.560973644,0.545752466,-0.00684605353,0.540921152,0.55304873,-0.0115963975,0.542590618,0.548630595,-0.013686493,0.549255252,0.545367777,-0.013773907,0.569591403,0.551040769,-0.00616639201,0.549023628,0.557620645,-0.00831925869,0.549228549,0.553497314,-0.00829711184,0.555772722,0.550845444,-0.00802859291,0.577122808,0.554377079,-0.00568012148,0.558407903,0.56052196,-0.00649195584,0.557279289,0.557061791,-0.00428415881,0.56286478,0.554332614,-0.00283266255,0.582845807,0.556514084,-0.00550082419,0.56788218,0.562668204,-0.0053578387,0.565542459,0.560298145,-0.00265867566,0.569314718,0.557650447,-0.000455404486
8800.000000000038,0.593568444,0.534460783,-9.86886e-009,0.574047744,0.531329274,-0.00402373681,0.557263,0.533861518,-0.00660646893,0.546364307,0.540469,-0.00867533311,0.541112125,0.546549082,-0.00960496347,0.560587347,0.546497762,-0.00588229904,0.541063249,0.553491652,-0.0100832079,0.54170692,0.549476266,-0.0120738382,0.547433913,0.546290219,-0.0122237597,0.569197774,0.551624954,-0.00502808532,0.548960745,0.557882547,-0.00663879234,0.548522651,0.553991079,-0.00664034765,0.554468215,0.551332295,-0.00648951251,0.576913357,0.554684,-0.0044322866,0.558660746,0.560668051,-0.00508076092,0.55684948,0.557472885,-0.00326209678,0.561736941,0.55474776,-0.00214315136,0.582871914,0.556477785,-0.0041333,0.568661,0.562641799,-0.0041145389,0.565805376,0.560526907,-0.00176567724,0.568759799,0.557896078,0.000194540204
8800.000000000038,0.535986423,0.534989595,-1.24921414e-007,0.558442295,0.533860683,-0.002369361,0.575317144,0.538352251,-0.00144661649,0.585775733,0.545306206,-0.00144794467,0.591221452,0.551500559,-0.00101154903,0.569940686,0.546450257,0.0104546463,0.582622,0.55076474,0.0087513132,0.587561846,0.54926604,0.00577714434,0.588728487,0.547548473,0.00411465,0.564717889,0.550305068,0.0104457149,0.577504277,0.553949535,0.00877754763,0.581916034,0.551669836,0.00506744953,0.582200289,0.548768938,0.00318647129,0.558883846,0.553304195,0.0091258781,0.571278572,0.556950152,0.00666193,0.576324224,0.554484606,0.00441691047,0.577082932,0.551507235,0.00390281645,0.551296413,0.556072176,0.00745100714,0.562208652,0.559384286,0.00667619053,0.568100154,0.558232427,0.00702863466,0.570429444,0.555935,0.00793603063
8816.666666666704,0.593045115,0.534639478,-1.43502232e-008,0.573412716,0.531596422,-0.00404125638,0.556785107,0.534199297,-0.00675398298,0.546065032,0.540844917,-0.0089152,0.54119581,0.546787918,-0.00991123915,0.561142802,0.546311319,-0.00693972968,0.540862322,0.553786457,-0.0114804581,0.541959882,0.549593747,-0.0134717217,0.548175,0.546273351,-0.0135142,0.569854379,0.551533103,-0.00602621352,0.549081087,0.558248341,-0.00797931477,0.548836052,0.554317355,-0.00798205193,0.554952264,0.55151552,-0.00776191521,0.577401638,0.554749966,-0.00530315377,0.558798134,0.56124413,-0.00595113961,0.556768119,0.558068931,-0.00420061266,0.561487079,0.555232167,-0.00315181236,0.583052278,0.556707084,-0.00487217633,0.569003582,0.563066781,-0.00483935652,0.565645278,0.561065257,-0.0027025633,0.568027258,0.558398485,-0.000940634
8816.666666666704,0.533326626,0.534471035,-2.38184761e-008,0.553222239,0.533043444,-0.000841714034,0.569513,0.536580682,-0.000871558732,0.580268741,0.541576207,-0.00157594983,0.587287903,0.54633826,-0.00192541804,0.569021225,0.541606128,0.00321800774,0.579111218,0.546389043,-0.000121542493,0.585192323,0.548043787,-0.00317296875,0.589065254,0.548763156,-0.00509889331,0.563714921,0.545702457,0.00160217611,0.57460326,0.550800443,-0.00155304011,0.580191076,0.551477134,-0.00416713348,0.583289444,0.551050961,-0.0055526956,0.557419956,0.549233735,-0.000644643558,0.568434536,0.553842366,-0.00424563512,0.572764933,0.553480864,-0.00468285708,0.574686646,0.552286386,-0.00409157574,0.550410569,0.552408934,-0.00311324885,0.560128391,0.556449175,-0.00556286331,0.564863861,0.556688786,-0.00490281032,0.567521751,0.55554086,-0.00374081428
8833.33333333337,0.592951834,0.53467232,-1.66944556e-008,0.573208451,0.531750619,-0.00381396036,0.556934834,0.53443,-0.00656851334,0.546224773,0.540990114,-0.00886116922,0.540598094,0.546845675,-0.00998296,0.560690224,0.546528578,-0.00685530668,0.540368,0.553867698,-0.0115570547,0.541776419,0.549531698,-0.0136561105,0.548290849,0.546189189,-0.0137671633,0.569379747,0.551708639,-0.00613817573,0.548597217,0.558283329,-0.00814519823,0.548481882,0.55433,-0.00809962675,0.554683208,0.551610708,-0.00788629893,0.577114701,0.554900944,-0.00562688289,0.558305264,0.561344683,-0.00631595356,0.556242108,0.558205426,-0.00446244283,0.560943067,0.555366,-0.00334159215,0.583040059,0.556857109,-0.00539419428,0.568760872,0.563294,-0.00535644172,0.565161586,0.561389863,-0.00315928156,0.567403078,0.558752358,-0.00134132826
8833.33333333337,0.53294307,0.535315514,2.8818615e-008,0.55244571,0.533573568,-0.000936139957,0.568512499,0.53592056,-0.00139186473,0.57972,0.539772451,-0.00222616619,0.586537778,0.544186711,-0.00286061852,0.566081107,0.54093051,0.00151815359,0.576129258,0.545454919,-0.00156503438,0.583690941,0.548171282,-0.00447943946,0.590120733,0.550079584,-0.00659677899,0.560743928,0.54540062,-5.54982216e-005,0.571495116,0.549938917,-0.00257118372,0.580084443,0.552169502,-0.00485617435,0.587669194,0.553705513,-0.00646126922,0.554813921,0.549231172,-0.00212376541,0.565023541,0.553772151,-0.00514484,0.572469831,0.555693567,-0.0054185749,0.579249918,0.55674,-0.00514610903,0.548518598,0.552656949,-0.00441044569,0.557014,0.557314932,-0.00676759798,0.563276589,0.559157789,-0.00617944449,0.569265664,0.5596385,-0.00530000776
8850.000000000036,0.5928303,0.535158634,-6.12668405e-009,0.573292077,0.532048464,-0.00422168057,0.55695641,0.534882903,-0.00694077741,0.546574116,0.541709483,-0.00906282,0.540935755,0.547784328,-0.0100148665,0.56007129,0.547358513,-0.00628848607,0.540645599,0.554504633,-0.0107029276,0.540489078,0.550706446,-0.012758729,0.54573226,0.547368288,-0.012949,0.568704724,0.552573442,-0.00526081165,0.548748136,0.558790803,-0.00728348969,0.547918,0.555047274,-0.00747038331,0.553371429,0.552244961,-0.00742311636,0.576272368,0.555805445,-0.00452188822,0.558134377,0.562000036,-0.00549017638,0.555470586,0.55907774,-0.00402340619,0.559345961,0.556227863,-0.00313770748,0.58201617,0.557781398,-0.00409361,0.568481147,0.56408143,-0.00461214967,0.563889861,0.562660336,-0.0030736695,0.564540565,0.560358584,-0.00165849226
8850.000000000036,0.532902479,0.535475969,5.02953732e-008,0.551164031,0.533683717,-0.00152067514,0.566572487,0.535897076,-0.00254048826,0.577558339,0.539574802,-0.00370000792,0.584445894,0.543847263,-0.00463553052,0.5637905,0.541124582,-0.00051529042,0.573561668,0.545901,-0.00414717523,0.580790639,0.549258232,-0.00717787351,0.586718798,0.551764786,-0.00923192874,0.558635652,0.545220077,-0.00185257883,0.569004893,0.550055325,-0.00468626479,0.57721442,0.553084075,-0.00674448116,0.584426105,0.555560052,-0.00811421312,0.553091884,0.548829257,-0.00362449512,0.563020349,0.553519845,-0.00670213345,0.570211291,0.556326032,-0.00659423368,0.576787949,0.558341265,-0.00605268544,0.547161,0.552037776,-0.00564285507,0.55581,0.556577086,-0.00801712,0.561872184,0.558993816,-0.00722303428,0.567773283,0.560370803,-0.00617845031
8866.666666666702,0.592119932,0.534869194,-1.6609377e-008,0.572909594,0.532042623,-0.00391974812,0.556833625,0.535015345,-0.00656629447,0.546226144,0.541856408,-0.00871814,0.541017,0.548141062,-0.00971612707,0.559567034,0.547191441,-0.0059631248,0.540064096,0.55444032,-0.010402008,0.540746331,0.550578,-0.0124788228,0.546591401,0.547326922,-0.0126630133,0.568029463,0.552387297,-0.00520137185,0.548027456,0.558869421,-0.00709113525,0.547552526,0.555150032,-0.00721693831,0.553318,0.552423656,-0.00717998529,0.575616896,0.555653155,-0.00475190533,0.557448149,0.562208533,-0.00559451478,0.555127382,0.559179962,-0.00411434053,0.559460342,0.556327462,-0.00327313645,0.581394732,0.557688057,-0.00460720249,0.568152666,0.564460516,-0.0050221025,0.563825905,0.563115,-0.00348189613,0.564893484,0.560786664,-0.00213494082
8866.666666666702,0.53285265,0.536388516,5.47207151e-008,0.550441,0.534070611,-0.00165610306,0.565693557,0.535584152,-0.0026600128,0.576190948,0.538697839,-0.00369859044,0.582870305,0.542539418,-0.00453256024,0.5636397,0.540505826,-0.000971225149,0.573634446,0.545175552,-0.00426226528,0.580915749,0.54837364,-0.00698242616,0.586832821,0.550700724,-0.00881577563,0.55862534,0.544708848,-0.00201637042,0.568741322,0.549679816,-0.00443802215,0.576849,0.55280894,-0.0063266838,0.583922744,0.555415,-0.00767955137,0.553114057,0.548508883,-0.00344447698,0.562757,0.553284764,-0.00596110709,0.569794297,0.555892646,-0.00595450681,0.57602644,0.557733774,-0.00565978512,0.547256887,0.55188632,-0.0051118196,0.555623055,0.5562,-0.00703814439,0.561423659,0.558305204,-0.00630346686,0.566814,0.559443235,-0.00542622898
8883.333333333369,0.592428386,0.535357714,-2.55294754e-008,0.572856188,0.532257199,-0.00463176146,0.55657661,0.535131574,-0.00768925715,0.545936584,0.542138398,-0.0101665,0.540684,0.54840672,-0.0114252493,0.559505701,0.547370672,-0.00690332614,0.539546132,0.554674149,-0.0119120432,0.540996611,0.550382793,-0.0143267866,0.547621548,0.547018647,-0.0146076921,0.568106472,0.552654088,-0.00593668828,0.547964931,0.559260726,-0.0081456909,0.548092365,0.555142939,-0.00831577554,0.554593146,0.552367747,-0.00821755547,0.575740457,0.555993199,-0.00532545382,0.557234347,0.562494159,-0.0065341969,0.555825174,0.559045,-0.00476290658,0.561347604,0.556196034,-0.0035660821,0.581600666,0.558111787,-0.00504996767,0.567337394,0.564865768,-0.00550071103,0.5646258,0.562675297,-0.00331529835,0.568062425,0.559934378,-0.00140969211
8883.333333333369,0.532529473,0.537414372,6.39301589e-008,0.549494863,0.534386575,-0.00205432577,0.564647198,0.535191953,-0.00304020895,0.57526207,0.537996709,-0.00386666926,0.582191825,0.541391969,-0.00449163187,0.561962962,0.540430605,-0.00158371625,0.572943926,0.544635773,-0.00480896933,0.580732524,0.547693312,-0.00745595153,0.586893201,0.550065756,-0.00912372489,0.557612836,0.545005918,-0.00216500461,0.568596303,0.549507499,-0.0044316561,0.577362835,0.552589715,-0.00639639888,0.584843874,0.555345297,-0.00780090829,0.552991688,0.549075782,-0.00309496745,0.563457787,0.553512,-0.0054958472,0.571190357,0.556309819,-0.00589441089,0.577757299,0.558392525,-0.00584399188,0.548314631,0.552541852,-0.00423461804,0.557372153,0.556756854,-0.00607811,0.56372714,0.559042394,-0.00564035308,0.569456458,0.560470462,-0.00496851467
8900.000000000035,0.592465222,0.535229087,-3.13850315e-008,0.573013902,0.532396793,-0.00396939041,0.556462646,0.535437405,-0.00657659722,0.546240151,0.542283,-0.00876766443,0.5413118,0.548535585,-0.00976129808,0.559555233,0.547402918,-0.00613196241,0.53967,0.554682791,-0.0111708697,0.540950298,0.550588,-0.0136157405,0.547491789,0.547305286,-0.0138735073,0.567836821,0.552709401,-0.00551055279,0.547869444,0.55919528,-0.00763449492,0.548080921,0.555153847,-0.00774093345,0.55449158,0.552531898,-0.00760771893,0.575096488,0.556144357,-0.00523067825,0.556575298,0.562508345,-0.00627541635,0.55552882,0.55903554,-0.00426005526,0.561174691,0.556296766,-0.00292007509,0.580632448,0.558365881,-0.0052726,0.566226542,0.565021932,-0.00541675743,0.564007282,0.56276983,-0.00292076892,0.567940354,0.560128033,-0.000835932617
8900.000000000035,0.533262908,0.537428498,7.54916485e-008,0.549300849,0.534628034,-0.00226846873,0.564238727,0.535456061,-0.00329013309,0.574734509,0.537964,-0.00406435877,0.581776738,0.541245639,-0.00464325491,0.562203348,0.540741503,-0.00209689816,0.572430313,0.54502213,-0.00527343946,0.579923272,0.548432767,-0.00782026816,0.585935473,0.551068842,-0.00945643336,0.557682097,0.545010746,-0.0025755777,0.56808126,0.549711,-0.00479584699,0.576457858,0.553054333,-0.00656001503,0.583553731,0.556095302,-0.00777377421,0.552753448,0.548804343,-0.00336801074,0.562658131,0.553271949,-0.00575614395,0.570002317,0.556365788,-0.00593683822,0.576380253,0.558775961,-0.005722492,0.547499716,0.552033,-0.00437386753,0.555889,0.556217492,-0.0062607876,0.561776519,0.558642149,-0.00567393797,0.567280173,0.560349941,-0.00487276632
8916.6666666667,0.591928303,0.53514421,-1.31666225e-008,0.572745502,0.532440662,-0.00402396685,0.556501329,0.535373628,-0.00677566743,0.546141684,0.542163312,-0.00900668092,0.540202379,0.548245907,-0.0101689454,0.559924245,0.547166944,-0.00660223514,0.540618539,0.554781497,-0.0112529919,0.539468765,0.551495492,-0.0133076804,0.544149756,0.548255086,-0.013381795,0.568196833,0.552407563,-0.00585038075,0.548339128,0.559258461,-0.00789109804,0.547111273,0.555576801,-0.00789953209,0.552746534,0.552883506,-0.00773776416,0.575388491,0.555777967,-0.00536842039,0.556792796,0.562477291,-0.00646968465,0.554642498,0.559302449,-0.00462688832,0.559552908,0.556600749,-0.00344340806,0.580760956,0.557871819,-0.00516684726,0.566617072,0.564816713,-0.0056268163,0.563405871,0.562882364,-0.00347691192,0.566357732,0.56036371,-0.00164127129
8916.6666666667,0.532487,0.537570775,6.28735819e-008,0.548391581,0.53438,-0.00253784447,0.563286543,0.535136819,-0.00367788388,0.573816299,0.537778258,-0.00444289064,0.580891728,0.540942848,-0.0049994546,0.560898721,0.540173411,-0.0030738723,0.571336091,0.54432708,-0.00631718244,0.57922852,0.547270596,-0.00879891869,0.585771,0.549366415,-0.0104458351,0.556353509,0.544590533,-0.00348429196,0.567036569,0.549143553,-0.00583370775,0.57556206,0.552035928,-0.00751489075,0.583057523,0.554580152,-0.00867425185,0.551478803,0.548513591,-0.00414206041,0.561746359,0.552786171,-0.00663395971,0.569389939,0.555493712,-0.00653335825,0.576263249,0.557616,-0.00614905218,0.546423078,0.551832497,-0.00502824364,0.554975927,0.55588007,-0.00702175358,0.561046362,0.558002055,-0.00624308921,0.566882849,0.559479952,-0.00529358676
8933.333333333367,0.592168152,0.535467744,-9.6083248e-009,0.57315,0.53236407,-0.00419594208,0.556989253,0.535199881,-0.00698071718,0.546402931,0.541743636,-0.00932280812,0.540264726,0.54775244,-0.0106351115,0.559412956,0.547533631,-0.00616837805,0.54040426,0.554790676,-0.0108307535,0.539321303,0.551496387,-0.0130583281,0.544014335,0.548304737,-0.0132953115,0.567692,0.552624106,-0.00544990273,0.548388779,0.559359193,-0.0074773794,0.546935,0.555873096,-0.00765883503,0.552332878,0.553261638,-0.00765066547,0.575145483,0.555748641,-0.00507181138,0.55720216,0.562462151,-0.00636371039,0.554935515,0.559542596,-0.00472878804,0.559562,0.556989968,-0.00367880403,0.58079493,0.557625294,-0.00497706607,0.566717923,0.56437856,-0.00558545906,0.563791275,0.562552094,-0.00344298431,0.56703496,0.560221672,-0.00160065701
8933.333333333367,0.532920837,0.537560761,6.58627499e-008,0.548699498,0.534439683,-0.00222630193,0.56333214,0.535500646,-0.00306261494,0.573475897,0.538528562,-0.00350882439,0.579824269,0.541875541,-0.00375870266,0.560394645,0.540593743,-0.00283874152,0.570409358,0.544864595,-0.0055967886,0.577967346,0.547970891,-0.00760311494,0.584165752,0.550117552,-0.00891019404,0.555655122,0.54489249,-0.00317037711,0.565793514,0.549451172,-0.00515088299,0.573983371,0.552360713,-0.00653344626,0.581204593,0.554869711,-0.00745123532,0.550709307,0.548687637,-0.00366821303,0.560505688,0.552950323,-0.00586725678,0.56781894,0.555788398,-0.00562927313,0.574378,0.558038056,-0.00512453215,0.545566916,0.551888883,-0.00434624963,0.553768635,0.555937827,-0.00609035743,0.559474468,0.558237433,-0.00519098,0.564839244,0.559961855,-0.00412524352
8950.000000000033,0.591844738,0.535553515,-1.16032839e-009,0.572823405,0.532527685,-0.00412432151,0.556947351,0.53521663,-0.00690134708,0.546738386,0.541720271,-0.00916826725,0.541084468,0.547653675,-0.0103746643,0.559696198,0.547321498,-0.00632297108,0.540525496,0.554669857,-0.0107677374,0.539102495,0.551487803,-0.0128030907,0.543572068,0.548383653,-0.0129521852,0.567858219,0.552580535,-0.00548250368,0.548506498,0.559339345,-0.00726624625,0.546745718,0.555952,-0.007300667,0.551854312,0.553442717,-0.00727019133,0.575131178,0.555823445,-0.00493417587,0.557305,0.562441289,-0.00589236291,0.554822326,0.559621871,-0.00423199218,0.559122145,0.557170331,-0.00328528672,0.5804317,0.557763755,-0.00466754,0.566566169,0.564145207,-0.00500969728,0.563502431,0.562429547,-0.00293743354,0.566428602,0.56024456,-0.0012367036
8950.000000000033,0.534093499,0.53781867,5.8767391e-008,0.549274623,0.534674823,-0.00264804484,0.563458443,0.535411,-0.0036450245,0.57305342,0.538265526,-0.00418931153,0.578968942,0.541542172,-0.00448873546,0.559973419,0.541218579,-0.00290627871,0.569677532,0.545262277,-0.00537808146,0.57729423,0.547961831,-0.00723566348,0.58360815,0.549745083,-0.00851248,0.555333138,0.54546535,-0.00302231335,0.56512773,0.549808323,-0.00479031913,0.573396862,0.552456677,-0.00610409072,0.580545723,0.554690361,-0.0070134392,0.550552547,0.549083889,-0.00333490525,0.559839189,0.55319339,-0.00535233971,0.567042291,0.555838883,-0.00506454613,0.573356628,0.557941198,-0.00455859816,0.545545042,0.55205828,-0.00387655338,0.553191841,0.556058168,-0.00557716703,0.558714,0.558234572,-0.00466321502,0.563745141,0.559848189,-0.00358186918
8966.666666666699,0.592011809,0.535602,-1.78049697e-009,0.572519422,0.53230238,-0.00400763378,0.556558192,0.535118759,-0.00661086943,0.546294749,0.541645288,-0.00873818155,0.540846765,0.547513664,-0.00979952514,0.559363663,0.547584534,-0.00588796753,0.539928317,0.554548323,-0.0102311717,0.538456321,0.551315248,-0.0122280326,0.543026924,0.548264,-0.0123700369,0.5675686,0.552833915,-0.00510741957,0.547817051,0.559104741,-0.00694208033,0.546136737,0.555521727,-0.00695571955,0.55140543,0.553029418,-0.0068362453,0.574837267,0.556016445,-0.00463430211,0.556436658,0.562304,-0.00561950309,0.553787172,0.559356391,-0.00385847711,0.55808574,0.55694,-0.00278137671,0.580133617,0.557934821,-0.00444532093,0.565648258,0.564150155,-0.00479379715,0.56225,0.562339187,-0.00260806247,0.565061808,0.560152531,-0.000772456
8966.666666666699,0.535318315,0.538590789,5.91254299e-008,0.550481796,0.535082877,-0.00261983089,0.564500928,0.536089897,-0.00351736392,0.573134542,0.539760768,-0.00393281924,0.57741,0.543693721,-0.00410978077,0.560954034,0.541068316,-0.00280869426,0.569860935,0.545570314,-0.00503614871,0.576917827,0.548454285,-0.00664813444,0.582668126,0.550454,-0.0077598542,0.556273,0.545272708,-0.0026931609,0.565651596,0.549770713,-0.00416851416,0.573369563,0.552453,-0.00521079218,0.579850256,0.554721236,-0.00594974356,0.551462471,0.548939645,-0.00275314739,0.560702682,0.553000808,-0.00446325541,0.567397356,0.55547595,-0.00401253812,0.572992742,0.557474196,-0.00342764705,0.546498239,0.55200994,-0.0030362804,0.554117501,0.555804789,-0.00446247915,0.559189379,0.557762623,-0.00346636749,0.56355983,0.559227347,-0.00233098352
8983.333333333365,0.591714203,0.535431325,-1.8473969e-008,0.571885,0.53223753,-0.00420178147,0.555548549,0.534993708,-0.00689742155,0.545609,0.541921437,-0.00900597,0.54061842,0.547946632,-0.00988983084,0.559749663,0.546983242,-0.00681061484,0.539705098,0.55419296,-0.0114745405,0.540178895,0.550281167,-0.0135113709,0.546137214,0.547160625,-0.0135852965,0.568129182,0.552366138,-0.00591738801,0.547880471,0.558883607,-0.00785089936,0.547303438,0.554923296,-0.0076906695,0.553379714,0.552409351,-0.00741645787,0.575193405,0.555722237,-0.0052725831,0.556267798,0.561931908,-0.00614846637,0.554620445,0.558529854,-0.00391001441,0.559981346,0.555982351,-0.00246814475,0.580342,0.557755888,-0.00495006563,0.56525147,0.563841403,-0.00503449095,0.562559307,0.561606526,-0.00245318376,0.566364348,0.559251666,-0.000328171795
8983.333333333365,0.536822915,0.538174748,3.889539e-008,0.551363051,0.534994185,-0.00220840401,0.564458668,0.535908,-0.00294271554,0.572814167,0.539611459,-0.00324899168,0.576911747,0.543342292,-0.00342957629,0.559641957,0.541752875,-0.00241998769,0.569425642,0.545326889,-0.00415206188,0.576065719,0.547217548,-0.00549158547,0.581266344,0.548602104,-0.00643264363,0.555800617,0.545525491,-0.00232963543,0.56531781,0.549242437,-0.00344651192,0.572893322,0.551025808,-0.00443472294,0.578769267,0.552532375,-0.00517202076,0.551687598,0.54868263,-0.00235652318,0.561135054,0.552133679,-0.00392617,0.567492127,0.553765416,-0.00366012449,0.572305739,0.555061638,-0.00319348695,0.547284245,0.551383436,-0.00252206135,0.555759609,0.554580033,-0.00400791364,0.560652673,0.555972874,-0.00308865542,0.564452052,0.556973517,-0.00200627628
9000.000000000031,0.592371583,0.535006583,-1.58138356e-008,0.573118806,0.531796038,-0.00369950919,0.556923926,0.534359694,-0.00624430226,0.546231806,0.540651,-0.00834997371,0.540419519,0.546450794,-0.00929525122,0.559587598,0.546580493,-0.00604965352,0.539561749,0.553748131,-0.0106750205,0.539311111,0.550186276,-0.0128060794,0.544741929,0.547136068,-0.0129364878,0.567765653,0.551923335,-0.00537859369,0.547842205,0.55829078,-0.00727675529,0.547154665,0.554441571,-0.00719755,0.553031206,0.551992893,-0.00698975613,0.574901342,0.555311441,-0.00495882891,0.556397438,0.561315536,-0.00575233111,0.554875314,0.558073521,-0.00357588939,0.560108364,0.555590928,-0.00217954861,0.580167174,0.557351828,-0.00483664544,0.565185547,0.563337505,-0.00473990338,0.562586665,0.56122911,-0.00211910089,0.5663445,0.558926046,8.90045794e-006
9000.000000000031,0.534123421,0.536863387,-1.46635031e-007,0.551683664,0.532850206,-0.00515697151,0.569159627,0.534827352,-0.00524997199,0.581972659,0.538830638,-0.00529996026,0.589075089,0.542875886,-0.00491614,0.563195467,0.546362519,0.003322131,0.579023659,0.549770951,0.00114933692,0.586449921,0.548867583,-0.00170231867,0.590253949,0.548067808,-0.00351931923,0.56030333,0.551193,0.00473030703,0.575300157,0.554514825,0.00254271133,0.582305968,0.552732885,-0.000618755526,0.584675074,0.550684273,-0.0023608834,0.556913614,0.554819584,0.00497241598,0.570160627,0.558070302,0.00201301114,0.577553153,0.556220651,-0.000944095838,0.580209196,0.553983867,-0.00225679157,0.552042305,0.557835579,0.00470275106,0.562181592,0.56114918,0.00264389254,0.569181561,0.560222208,0.00163460115,0.572382212,0.558112502,0.00150377618
9016.666666666697,0.591962934,0.534672499,-7.31449568e-009,0.573383152,0.531159401,-0.00355646852,0.557208836,0.533516,-0.00589532126,0.54699111,0.539614499,-0.00771221519,0.541368067,0.54525876,-0.00841509178,0.560014188,0.546368778,-0.00644853571,0.53990221,0.553228498,-0.0107982773,0.538824201,0.550162137,-0.0124628646,0.543739736,0.547319949,-0.0122655341,0.567847788,0.55179286,-0.00577488728,0.547798097,0.558037,-0.00779500743,0.546623707,0.554343402,-0.00731494511,0.552176,0.551983595,-0.00671218755,0.574602723,0.555178,-0.0052759191,0.555753,0.561045468,-0.00635219226,0.55395633,0.557761192,-0.00393813336,0.559007466,0.555446684,-0.00226193969,0.579606771,0.557197392,-0.00500231329,0.563855112,0.562928081,-0.0051100282,0.561400175,0.560573459,-0.00222296966,0.56553936,0.558309197,0.000193281361
9016.666666666697,0.529683,0.534761429,-1.1257265e-007,0.546666443,0.531475186,-0.00245782291,0.562712729,0.533567965,-0.00232899352,0.57509768,0.536669552,-0.00259341625,0.583659768,0.53973341,-0.00241048797,0.558299422,0.543272,0.00276645622,0.573583364,0.546102941,-0.000777796959,0.581877232,0.545299,-0.00397733366,0.585885465,0.544119596,-0.00571057526,0.556265593,0.547535956,0.00238522887,0.570945561,0.550518751,-0.00107784406,0.578871965,0.548932374,-0.00426865928,0.582101762,0.546983,-0.00581219932,0.55373174,0.550949633,0.00118032494,0.567667544,0.553791702,-0.00308864145,0.575488,0.551782548,-0.0053282259,0.579125464,0.549629867,-0.00568462117,0.550322354,0.553825855,-0.000241729867,0.562788725,0.556717873,-0.00360637368,0.570857584,0.555978119,-0.00448389584,0.575594604,0.55425179,-0.00416112877
9033.333333333363,0.591538966,0.534123123,-1.09586304e-008,0.57269913,0.530512512,-0.00468904665,0.556350887,0.53294313,-0.00770509522,0.545935452,0.53954035,-0.0100656329,0.539902627,0.545343399,-0.0112006227,0.559614599,0.545692205,-0.00729059,0.53924948,0.55269748,-0.0125862211,0.538660824,0.54892689,-0.0150300153,0.544130325,0.545804083,-0.0152154034,0.567607105,0.551233172,-0.00621690741,0.54744035,0.557391703,-0.00868601538,0.546599865,0.553208888,-0.00856707525,0.552479863,0.550698042,-0.00818383135,0.574448,0.554759204,-0.00546627957,0.55525589,0.560275137,-0.0070158625,0.554023743,0.556588948,-0.00462481659,0.559627235,0.55413276,-0.00288601336,0.579392672,0.556964874,-0.00505287293,0.563015461,0.562436044,-0.0057114535,0.56103456,0.559727907,-0.00291100144,0.565693498,0.557382762,-0.000449693471
9033.333333333363,0.529012799,0.533764064,-5.11400238e-008,0.547465,0.531714,-0.00110673904,0.564018667,0.53395021,-0.000927306828,0.575458944,0.536981523,-0.00136419758,0.582968414,0.540468812,-0.00150411972,0.561467528,0.540110171,0.00315770437,0.574437618,0.543694377,-0.000322703621,0.582359076,0.54434526,-0.00359630492,0.587646306,0.544320405,-0.00561034959,0.557434738,0.544799626,0.00178477133,0.570026,0.548627436,-0.00122585183,0.578155696,0.548821092,-0.00429586694,0.583482683,0.548170745,-0.00613434846,0.552669883,0.548917651,-0.000278300984,0.564728141,0.55270344,-0.0037352175,0.572920382,0.552333415,-0.00523163611,0.578584194,0.551199138,-0.00552963465,0.547269464,0.552644789,-0.00255790981,0.558644772,0.556065142,-0.00542340614,0.566413403,0.556241333,-0.00579136657,0.572155714,0.555060267,-0.00540129421
9050.00000000003,0.591375649,0.533721507,1.02774667e-009,0.57292068,0.5302127,-0.00478155725,0.557025075,0.532326639,-0.0078303162,0.546442151,0.538668215,-0.0101287719,0.540369,0.544557393,-0.0113177607,0.559656084,0.545120239,-0.0074066082,0.540176034,0.551921,-0.0122216661,0.538749099,0.549062967,-0.0143549051,0.5432778,0.546260715,-0.0144397495,0.567382634,0.550601542,-0.00620169705,0.548252,0.557159603,-0.00838257279,0.546352863,0.553650916,-0.00830326881,0.551217675,0.551098585,-0.00801710598,0.574141562,0.553958714,-0.00525246561,0.556162775,0.559967458,-0.00669286633,0.553844571,0.556733906,-0.00468601147,0.558394253,0.554219425,-0.00323565141,0.579124689,0.555918097,-0.00459398283,0.563643932,0.561699569,-0.00517331949,0.560954,0.559301317,-0.00256164372,0.564809322,0.556899488,-0.000264438277
9050.00000000003,0.528680384,0.533617437,-4.56325431e-008,0.546807051,0.531950414,-0.0011142334,0.562211394,0.533793926,-0.00117496133,0.573248267,0.536907375,-0.0016660291,0.580624044,0.539870322,-0.00186786673,0.556304455,0.541179359,0.0019441297,0.569811344,0.543854713,-0.000859415857,0.576856196,0.54408139,-0.00359318545,0.581275105,0.544119239,-0.00531582255,0.553351521,0.545194745,0.000956118631,0.56633538,0.547847152,-0.0014506419,0.57349509,0.547763765,-0.00412516203,0.57755065,0.547265708,-0.00584899168,0.550446212,0.548535526,-0.000514667307,0.56286478,0.551131845,-0.00336091197,0.569780946,0.550713956,-0.00460226135,0.574079514,0.549908757,-0.00493541406,0.547357559,0.551351368,-0.00214450411,0.558730781,0.554063141,-0.00451129116,0.564893901,0.554120481,-0.00460720528,0.569144607,0.553287208,-0.00413515698
9066.666666666695,0.590909958,0.53354305,-5.23665511e-009,0.572744,0.529813349,-0.0049967654,0.556548655,0.531944692,-0.00813616,0.545994878,0.538681388,-0.0103864139,0.539516091,0.544535518,-0.0114423512,0.559647679,0.544520617,-0.00819928944,0.539560378,0.551415741,-0.0131253377,0.538661361,0.548161328,-0.0151094329,0.543610215,0.545303404,-0.0150905866,0.567189813,0.550231576,-0.00684934249,0.547445416,0.556507647,-0.00898341648,0.546150327,0.552661,-0.00849596225,0.551318169,0.550257385,-0.00798634626,0.573605835,0.553802669,-0.00574903889,0.555004418,0.559532404,-0.00716279,0.553234518,0.555986047,-0.00467173243,0.558102,0.553530514,-0.00296299718,0.578237891,0.55597204,-0.00496970722,0.5623945,0.56147927,-0.00565414224,0.560130835,0.558842599,-0.00290897768,0.564308941,0.556536138,-0.000533422688
9066.666666666695,0.529257119,0.53254652,-1.06971241e-008,0.546420574,0.530514479,-0.00295116799,0.561984837,0.532027304,-0.00363799697,0.572941661,0.534780324,-0.00426751887,0.58027035,0.537812412,-0.00457779411,0.558277905,0.538364887,-0.000216775574,0.570043445,0.541612923,-0.00326017849,0.577260435,0.543207526,-0.00591736659,0.583004296,0.544348121,-0.00772805279,0.553607404,0.542817175,-0.000580809836,0.565027118,0.546196222,-0.00311231962,0.572920859,0.547518969,-0.00530088274,0.579151154,0.548481643,-0.00673902361,0.548596919,0.54656136,-0.00157973054,0.559248567,0.549979091,-0.00462083053,0.567010164,0.551208913,-0.0052440688,0.573414624,0.552086592,-0.00520330667,0.543300092,0.549694717,-0.00292713149,0.552848399,0.553080916,-0.00551275117,0.55945015,0.554348409,-0.00526334811,0.565202296,0.554858446,-0.00458489172
9083.333333333361,0.590729833,0.532830954,1.55874478e-008,0.572559893,0.529301584,-0.00460952288,0.55698514,0.531348,-0.00775743,0.546402156,0.537677705,-0.0100440253,0.539597631,0.543232799,-0.0112882396,0.559425652,0.543663621,-0.00836204458,0.539664567,0.55077976,-0.0129263652,0.53680563,0.548369527,-0.0145562822,0.540350318,0.545570314,-0.0143279368,0.566857696,0.549197257,-0.0070202006,0.547498584,0.555879712,-0.00887061749,0.544291556,0.552764595,-0.00842325296,0.54787004,0.55020684,-0.00803856459,0.573495448,0.552638471,-0.00581234088,0.555569649,0.558885098,-0.00686085597,0.551723659,0.556066573,-0.00486662285,0.554705322,0.55347383,-0.00363132171,0.5783391,0.55462271,-0.00487317191,0.563604891,0.560655177,-0.0053184703,0.55917412,0.55902046,-0.00304894638,0.560897887,0.556930184,-0.00111105212
9083.333333333361,0.531047463,0.533042431,2.37439171e-008,0.547393382,0.531296968,-0.00308385235,0.562104106,0.532371104,-0.00431455718,0.572419345,0.534740031,-0.00527907209,0.579079688,0.537873447,-0.00591838639,0.55753386,0.538789093,-0.00224813423,0.568528235,0.542259395,-0.00539110927,0.576179266,0.544371128,-0.00787733309,0.582670271,0.545921922,-0.00957035087,0.552563131,0.543112814,-0.00254794909,0.563490868,0.546900511,-0.0049977256,0.571701825,0.548906744,-0.0067161466,0.578685582,0.550534964,-0.00790720712,0.547558308,0.54673928,-0.00329733314,0.55734545,0.550654888,-0.00608567381,0.56450516,0.552699387,-0.00614993926,0.570861101,0.554169238,-0.00581230503,0.542460442,0.549626291,-0.00437331712,0.550974607,0.553608239,-0.00677359104,0.556865752,0.555686712,-0.00622747466,0.56246525,0.556887686,-0.00538131082
9100.000000000027,0.59072274,0.532277584,3.4430542e-008,0.572381854,0.528752208,-0.00437166076,0.556901157,0.530676782,-0.00768356444,0.545965314,0.53696,-0.0101692555,0.539134204,0.542484701,-0.0117706824,0.558913171,0.542804122,-0.00802526157,0.539384723,0.550040185,-0.0126689104,0.535425961,0.548461616,-0.0143916542,0.538188636,0.545813918,-0.0141557017,0.566708,0.548274457,-0.00668794615,0.547171533,0.555129349,-0.008857904,0.54329586,0.552494049,-0.00869761687,0.545706451,0.549828768,-0.00830403809,0.573510766,0.551594138,-0.00548076816,0.556157,0.558052182,-0.00638858555,0.55096519,0.555992424,-0.00485000899,0.55182147,0.553491712,-0.00393176405,0.578684,0.553412676,-0.00454565929,0.565635145,0.559583604,-0.00489985896,0.559047699,0.559385478,-0.00335481111,0.5571751,0.558257401,-0.00196917169
9100.000000000027,0.532728612,0.533921123,2.68065192e-009,0.547390282,0.531532168,-0.00295304693,0.561051607,0.532606423,-0.00413722219,0.57019335,0.535534918,-0.0050883973,0.575322449,0.538932502,-0.00571400672,0.554845214,0.538553596,-0.00274845771,0.566819906,0.542153716,-0.00597411953,0.575308919,0.544176519,-0.0082134828,0.581904233,0.545470297,-0.00970510859,0.551601708,0.543039441,-0.00300184847,0.563273966,0.546554923,-0.00590866711,0.572355211,0.548471868,-0.00785013568,0.5796206,0.549966097,-0.00913265813,0.548460186,0.546862245,-0.00365886348,0.559191525,0.550480902,-0.00696599204,0.56751281,0.552261829,-0.00788698,0.57417357,0.553406417,-0.00802634377,0.545317173,0.550051332,-0.00454755919,0.554454505,0.553830385,-0.00766849285,0.561576784,0.555540383,-0.00810141489,0.567773044,0.556272566,-0.00785849895
9116.666666666693,0.59091574,0.531969547,3.12556629e-008,0.572622895,0.528359413,-0.00432015909,0.557205,0.530324876,-0.00749669317,0.546250522,0.536233366,-0.00978836697,0.539556444,0.541648686,-0.0111647286,0.559527,0.542300284,-0.00843703747,0.539782,0.549536288,-0.0129957153,0.536108911,0.547866762,-0.0146374283,0.538772941,0.545255363,-0.0144197,0.566928506,0.548003078,-0.00707813818,0.547136545,0.554772675,-0.00926563609,0.543387175,0.552194417,-0.00905264262,0.545784891,0.54954,-0.00865818188,0.573406041,0.551482797,-0.00580169633,0.5558635,0.55787313,-0.00662898738,0.550698757,0.555876553,-0.0051019215,0.551320553,0.553438187,-0.00425915886,0.578224301,0.553350449,-0.00479117688,0.565107584,0.55940789,-0.00513496064,0.558548927,0.55928421,-0.00371084828,0.556426644,0.558268607,-0.00247001811
9116.666666666693,0.532283545,0.535465121,-2.6548161e-008,0.545155287,0.531878471,-0.00457918551,0.559186101,0.531663179,-0.0064710523,0.569764197,0.533821285,-0.00775068626,0.576351106,0.536488295,-0.00849767774,0.551495492,0.539671302,-0.00472036051,0.565639377,0.542097211,-0.00851133093,0.575490117,0.543025374,-0.0111160772,0.582810342,0.54349196,-0.0128086954,0.54986912,0.544036031,-0.00424357597,0.563063443,0.546140194,-0.00772391818,0.573330343,0.547059178,-0.00991931371,0.580856502,0.54784888,-0.0113839656,0.548676848,0.547591567,-0.00428907294,0.560828865,0.549818873,-0.00816442817,0.570167124,0.550520182,-0.00953829195,0.57702893,0.550858915,-0.00991270412,0.547652066,0.550571263,-0.00464726146,0.558049321,0.553072155,-0.00833228324,0.566002369,0.553662,-0.0091298,0.57235074,0.553581059,-0.00906439219
9133.33333333336,0.589942336,0.531909406,2.03997175e-008,0.571633577,0.528315961,-0.00431182794,0.556067228,0.530379951,-0.00742038572,0.545238256,0.536758125,-0.0095706787,0.538941681,0.542336285,-0.0107084168,0.559265494,0.541855,-0.00917375088,0.538660228,0.54924041,-0.0138151599,0.535623848,0.546922624,-0.0152298575,0.539313316,0.544143736,-0.01478313,0.566641569,0.547714233,-0.00780695397,0.546061635,0.554543,-0.0100465873,0.543394923,0.551160753,-0.0094450945,0.547380924,0.548448324,-0.00877491105,0.572993934,0.551423788,-0.00646987418,0.554401755,0.557742655,-0.00729522808,0.550593734,0.554861546,-0.00510408683,0.553287327,0.552241802,-0.00377598731,0.577663958,0.553615689,-0.00539278798,0.563402891,0.55936867,-0.00562632643,0.55821687,0.55822,-0.0036452366,0.55840081,0.556664407,-0.00199000561
9133.33333333336,0.532919586,0.535073638,-3.89630124e-008,0.546444654,0.531791687,-0.00284663565,0.560341477,0.531843245,-0.0038536347,0.570833266,0.534056127,-0.00461597973,0.577351,0.536795557,-0.00496685551,0.554214239,0.539289653,-0.00187064311,0.567342639,0.541779,-0.00464410288,0.575832844,0.542554498,-0.00674135797,0.581757426,0.543105543,-0.00815944839,0.552145123,0.543773592,-0.00190187327,0.564890742,0.545939267,-0.00419293763,0.573959112,0.546745121,-0.00606180215,0.580270469,0.547433794,-0.00743995374,0.550052524,0.547431052,-0.00237282179,0.561980247,0.549637,-0.00530618429,0.570321143,0.550178885,-0.00650416734,0.576280773,0.550440371,-0.00692743855,0.547676682,0.550576925,-0.00302001415,0.557921588,0.553126,-0.00605619466,0.565314889,0.553670585,-0.00664941035,0.57112,0.55349654,-0.00652166549
9150.000000000025,0.590187788,0.531519175,1.47172035e-008,0.572124,0.527870774,-0.00434122095,0.556412101,0.529656172,-0.00770446,0.545279384,0.535868943,-0.0102486387,0.538478196,0.541428924,-0.0117815109,0.558980823,0.541594684,-0.00883751,0.538313329,0.54901123,-0.0140249534,0.53531903,0.546697378,-0.0160757657,0.539318681,0.543779612,-0.0159968566,0.566205919,0.54739356,-0.00770503841,0.545774937,0.554002702,-0.0100256,0.543328762,0.550655425,-0.00959427468,0.547666848,0.547973335,-0.00914301351,0.572644949,0.551229417,-0.00670677098,0.553822756,0.557406723,-0.0076868115,0.550548196,0.554429948,-0.00543016195,0.554026127,0.551721394,-0.0040847552,0.577538669,0.553652048,-0.00600458,0.5627653,0.559372067,-0.00636858586,0.558421612,0.557737648,-0.00415613968,0.55998373,0.555743158,-0.00231303438
9150.000000000025,0.532719314,0.537560582,-5.04503213e-008,0.542094231,0.532858491,-0.00568613131,0.554372907,0.5311,-0.00837553199,0.564868808,0.531308353,-0.0101739056,0.572161615,0.532472849,-0.0114381239,0.548580289,0.540389478,-0.0068715862,0.563159645,0.541788101,-0.0104665374,0.572532237,0.541733265,-0.0128121981,0.578952551,0.541606605,-0.014474215,0.548888266,0.545110166,-0.00574192684,0.563028872,0.545961618,-0.00904964656,0.572445035,0.545776844,-0.01117869,0.579112828,0.545731187,-0.0128257601,0.549459934,0.54882282,-0.00506581133,0.562268436,0.549689472,-0.00857564,0.570749819,0.549285889,-0.0101952069,0.576951623,0.548837423,-0.0110796914,0.550115168,0.551720142,-0.00475617824,0.560769796,0.553131521,-0.00841932558,0.56806314,0.552793205,-0.00964200497,0.57365483,0.551956892,-0.010027335
9166.666666666692,0.590537488,0.531782746,1.10009681e-008,0.572286546,0.528034031,-0.00379057974,0.556480169,0.529693544,-0.00669213478,0.545745492,0.535627961,-0.00884657539,0.539809406,0.54117,-0.010029912,0.559309959,0.541487634,-0.00835917704,0.538609087,0.548665762,-0.0132397553,0.536313176,0.546408772,-0.0149909463,0.540244937,0.54372561,-0.0147729116,0.566433907,0.547308326,-0.00738665368,0.546053588,0.553988576,-0.00976586435,0.543709695,0.550776124,-0.00932212733,0.547581,0.548150957,-0.00875369087,0.5726735,0.551061094,-0.00648658304,0.554107487,0.557275534,-0.00746334903,0.550362587,0.554559171,-0.0053566522,0.552859366,0.552015722,-0.00402683718,0.577469885,0.553307652,-0.0058176103,0.563168764,0.559090555,-0.00594003499,0.558108628,0.557863295,-0.00382045796,0.558421433,0.556155682,-0.00207432872
9166.666666666692,0.534830213,0.538841248,-8.21955197e-008,0.545829535,0.533373535,-0.00337796914,0.558434784,0.531380892,-0.00478148414,0.569126368,0.53264308,-0.00586308027,0.57587558,0.534810305,-0.00667027477,0.553045,0.539859176,-0.00326149096,0.567837656,0.540877223,-0.00603026804,0.57599932,0.539808,-0.00792758446,0.580778182,0.538842678,-0.00915047061,0.553837776,0.544947505,-0.00260452135,0.567175627,0.54522562,-0.00474966271,0.574401736,0.543717086,-0.00665445346,0.578229725,0.542433739,-0.00822872482,0.554530859,0.549179733,-0.00227842154,0.566270232,0.549644053,-0.0052097626,0.572062612,0.547841251,-0.00721821189,0.575029731,0.546096563,-0.00840666052,0.554773,0.552972376,-0.00205421308,0.563964605,0.554500818,-0.00549127813,0.568511844,0.553226411,-0.00682433648,0.570971191,0.551401,-0.00723949587
