time,X_NOSE,Y_NOSE,Z_NOSE,visibility_NOSE,X_LEFT_EYE_INNER,Y_LEFT_EYE_INNER,Z_LEFT_EYE_INNER,visibility_LEFT_EYE_INNER,X_LEFT_EYE,Y_LEFT_EYE,Z_LEFT_EYE,visibility_LEFT_EYE,X_LEFT_EYE_OUTER,Y_LEFT_EYE_OUTER,Z_LEFT_EYE_OUTER,visibility_LEFT_EYE_OUTER,X_RIGHT_EYE_OUTER,Y_RIGHT_EYE_OUTER,Z_RIGHT_EYE_OUTER,visibility_RIGHT_EYE_OUTER,X_RIGHT_EYE,Y_RIGHT_EYE,Z_RIGHT_EYE,visibility_RIGHT_EYE,X_RIGHT_EYE_OUTER,Y_RIGHT_EYE_OUTER,Z_RIGHT_EYE_OUTER,visibility_RIGHT_EYE_OUTER,X_LEFT_EAR,Y_LEFT_EAR,Z_LEFT_EAR,visibility_LEFT_EAR,X_RIGHT_EAR,Y_RIGHT_EAR,Z_RIGHT_EAR,visibility_RIGHT_EAR,X_MOUTH_LEFT,Y_MOUTH_LEFT,Z_MOUTH_LEFT,visibility_MOUTH_LEFT,X_MOUTH_RIGHT,Y_MOUTH_RIGHT,Z_MOUTH_RIGHT,visibility_MOUTH_RIGHT,X_LEFT_SHOULDER,Y_LEFT_SHOULDER,Z_LEFT_SHOULDER,visibility_LEFT_SHOULDER,X_RIGHT_SHOULDER,Y_RIGHT_SHOULDER,Z_RIGHT_SHOULDER,visibility_RIGHT_SHOULDER,X_LEFT_ELBOW,Y_LEFT_ELBOW,Z_LEFT_ELBOW,visibility_LEFT_ELBOW,X_RIGHT_ELBOW,Y_RIGHT_ELBOW,Z_RIGHT_ELBOW,visibility_RIGHT_ELBOW,X_LEFT_WRIST,Y_LEFT_WRIST,Z_LEFT_WRIST,visibility_LEFT_WRIST,X_RIGHT_WRIST,Y_RIGHT_WRIST,Z_RIGHT_WRIST,visibility_RIGHT_WRIST,X_LEFT_PINKY,Y_LEFT_PINKY,Z_LEFT_PINKY,visibility_LEFT_PINKY,X_RIGHT_PINKY,Y_RIGHT_PINKY,Z_RIGHT_PINKY,visibility_RIGHT_PINKY,X_LEFT_INDEX,Y_LEFT_INDEX,Z_LEFT_INDEX,visibility_LEFT_INDEX,X_RIGHT_INDEX,Y_RIGHT_INDEX,Z_RIGHT_INDEX,visibility_RIGHT_INDEX,X_LEFT_THUMB,Y_LEFT_THUMB,Z_LEFT_THUMB,visibility_LEFT_THUMB,X_RIGHT_THUMB,Y_RIGHT_THUMB,Z_RIGHT_THUMB,visibility_RIGHT_THUMB,X_LEFT_HIP,Y_LEFT_HIP,Z_LEFT_HIP,visibility_LEFT_HIP,X_RIGHT_HIP,Y_RIGHT_HIP,Z_RIGHT_HIP,visibility_RIGHT_HIP,X_LEFT_KNEE,Y_LEFT_KNEE,Z_LEFT_KNEE,visibility_LEFT_KNEE,X_RIGHT_KNEE,Y_RIGHT_KNEE,Z_RIGHT_KNEE,visibility_RIGHT_KNEE,X_LEFT_ANKLE,Y_LEFT_ANKLE,Z_LEFT_ANKLE,visibility_LEFT_ANKLE,X_RIGHT_ANKLE,Y_RIGHT_ANKLE,Z_RIGHT_ANKLE,visibility_RIGHT_ANKLE,X_LEFT_HEEL,Y_LEFT_HEEL,Z_LEFT_HEEL,visibility_LEFT_HEEL,X_RIGHT_HEEL,Y_RIGHT_HEEL,Z_RIGHT_HEEL,visibility_RIGHT_HEEL,X_LEFT_FOOT_INDEX,Y_LEFT_FOOT_INDEX,Z_LEFT_FOOT_INDEX,visibility_LEFT_FOOT_INDEX,X_RIGHT_FOOT_INDEX,Y_RIGHT_FOOT_INDEX,Z_RIGHT_FOOT_INDEX,visibility_RIGHT_FOOT_INDEX
0,-0.0200062245,-0.561630726,-0.35167104,0.999978304,0.00314943306,-0.580999255,-0.350478858,0.999954939,0.00653307419,-0.580154181,-0.338066161,0.999944806,0.00478509627,-0.580723286,-0.342777461,0.999964118,-0.019557368,-0.593596458,-0.355617374,0.999961615,-0.0173237212,-0.591086,-0.368752,0.999964833,-0.0134003963,-0.580470204,-0.347673297,0.999971509,0.087267451,-0.576520205,-0.257103413,0.999952316,-0.0478883572,-0.547244608,-0.226342,0.999840498,0.0240659937,-0.556132257,-0.304123938,0.999962568,-0.0113068046,-0.525062084,-0.32438162,0.999949336,0.180442527,-0.434402078,-0.0971219838,0.999992371,-0.102485314,-0.512249768,-0.0469804928,0.999978781,0.210046306,-0.222440988,-0.0757068545,0.971812189,-0.150775924,-0.241205543,-0.0787690654,0.926846325,0.108691327,-0.0472282916,-0.0898954943,0.966180265,-0.0734428763,-0.0788377225,-0.180072635,0.891099811,0.0655965656,-0.00554751093,-0.103461049,0.95195657,-0.01753393,-0.0362911671,-0.241211772,0.85456723,0.0260020457,-0.0202444792,-0.119143538,0.955243349,0.0297976602,-0.0832269639,-0.253542751,0.860883296,0.0908072,-0.0267410129,-0.0947184116,0.923954427,-0.044616811,-0.0847245,-0.197318554,0.794054687,0.0866280645,0.00490394328,0.0310602784,0.999985933,-0.084565945,-0.00812079199,-0.0291832965,0.999983191,0.0685695,0.431199104,-0.00471428642,0.928504884,-0.076033771,0.32938233,-0.0407109857,0.92784,0.026306605,0.77307725,0.0853673592,0.970781803,-0.140094325,0.738286793,0.0720295236,0.97090584,0.00125701912,0.807236671,0.0959999263,0.833508193,-0.14624612,0.77317661,0.0420312509,0.78287226,0.0326949432,0.81972,0.0197096728,0.973052204,-0.17005901,0.774765551,-0.0551437661,0.966330886
16.666666666666668,-0.0224032886,-0.552284479,-0.335558057,0.999976277,0.00109310285,-0.572242677,-0.335386813,0.999950528,0.00460307579,-0.571431,-0.322990328,0.999938786,0.00306470925,-0.571914494,-0.328045517,0.999960542,-0.0210153051,-0.586401284,-0.339499265,0.999958277,-0.0188273042,-0.583474,-0.352211684,0.999961555,-0.0151291825,-0.572789252,-0.331705,0.999969125,0.0865449756,-0.569783032,-0.24428,0.999947309,-0.0485629216,-0.54545337,-0.210237294,0.999828696,0.0218968149,-0.548020542,-0.288167268,0.999956906,-0.013825262,-0.517831504,-0.307208598,0.999942541,0.177725062,-0.430258036,-0.0866182297,0.999991775,-0.101582475,-0.512065709,-0.0359786451,0.999978,0.20953159,-0.22015284,-0.067713052,0.970176935,-0.150891826,-0.241210788,-0.0688691065,0.927258968,0.102327719,-0.0390549786,-0.0724534914,0.96355,-0.0741340593,-0.0757513866,-0.163827956,0.892965257,0.0584420301,0.00412057107,-0.0830159336,0.948515594,-0.0183240045,-0.0330118276,-0.222833991,0.856769919,0.0182543471,-0.00761335576,-0.0964966491,0.951908052,0.0294399485,-0.0774021521,-0.233776361,0.862979233,0.0844559222,-0.0181248412,-0.0763466358,0.919460893,-0.0453796871,-0.0810573,-0.180255875,0.797041237,0.0854801,0.00537138293,0.0308787897,0.999983966,-0.0832414106,-0.00864919741,-0.029040955,0.999980927,0.0595346466,0.430594414,-0.0215288308,0.918678343,-0.0760491937,0.329301655,-0.0459272824,0.918091238,0.0176163185,0.775000155,0.0274415612,0.967651486,-0.136054963,0.73574388,0.0496803485,0.965515792,-0.00635662582,0.809515774,0.0335706435,0.824032247,-0.140355289,0.77048403,0.0166582409,0.763483226,0.0308751147,0.819740653,-0.0491477102,0.970296383,-0.149449363,0.772566855,-0.0824139193,0.960502446
33.333333333333336,-0.0227903798,-0.549936473,-0.336062372,0.999974966,0.0010283913,-0.569882,-0.335876703,0.999947727,0.00454275683,-0.569007695,-0.323475122,0.999934912,0.0030259944,-0.569527924,-0.328498363,0.999958038,-0.0210661832,-0.584687591,-0.339953631,0.999956071,-0.0188774206,-0.581661224,-0.352688938,0.999959469,-0.0152208619,-0.571002245,-0.332159072,0.999967575,0.0868869722,-0.567535818,-0.244242907,0.999943435,-0.0485132672,-0.545422912,-0.209908232,0.99982059,0.0215529781,-0.545773804,-0.28846097,0.999952137,-0.0144039718,-0.516224742,-0.30742228,0.999937057,0.177504063,-0.429575801,-0.085185051,0.999991179,-0.100204736,-0.512387872,-0.035878323,0.999977112,0.209948659,-0.219965607,-0.0655587241,0.969011962,-0.150953412,-0.242027074,-0.0691183358,0.926948726,0.101958714,-0.0366223902,-0.0695706084,0.961378217,-0.0740393326,-0.0755494907,-0.163641945,0.892243326,0.0579201281,0.0069428985,-0.080130361,0.945606589,-0.0180987865,-0.0328173302,-0.222735077,0.855484962,0.0175826643,-0.00419887668,-0.0936373621,0.949126363,0.0302059837,-0.076967977,-0.233089209,0.861730397,0.0839978382,-0.0153876981,-0.0733547434,0.915675044,-0.0451722704,-0.0807606429,-0.179793358,0.79562366,0.0850903541,0.00550388731,0.0308747981,0.999982476,-0.0828028172,-0.00879666209,-0.0290384833,0.999979198,0.0578722432,0.430165321,-0.0221923105,0.911908,-0.0760260299,0.329307973,-0.0478048,0.91188848,0.0178600103,0.774978936,0.0309088212,0.965453565,-0.133822307,0.735005,0.0466409251,0.96223712,-0.00611765357,0.809497118,0.0377250426,0.816775858,-0.137489945,0.769694746,0.0137853064,0.750296712,0.0303767566,0.819419622,-0.0457346179,0.968426049,-0.143180013,0.772428572,-0.0866882578,0.956973493
50.0,-0.0227805339,-0.547599196,-0.335690051,0.999974728,0.00108607893,-0.567602813,-0.335382432,0.99994725,0.00462638913,-0.566657424,-0.323001474,0.999934,0.0031338532,-0.567191839,-0.328004122,0.999957502,-0.0209854785,-0.582611442,-0.339448631,0.999955833,-0.0187940225,-0.579528272,-0.352182299,0.999959171,-0.0151652,-0.568962514,-0.331625938,0.999967456,0.0876425356,-0.565703392,-0.243070737,0.999942,-0.0482533574,-0.54506582,-0.208419859,0.999818802,0.0215634108,-0.543767035,-0.287784964,0.999949753,-0.0144223934,-0.514377594,-0.30671522,0.999934494,0.177458778,-0.428809643,-0.0824509487,0.999990821,-0.0977319255,-0.512462556,-0.0347986817,0.999977052,0.20998615,-0.219632491,-0.0611202531,0.967899263,-0.150253549,-0.241971195,-0.0681069717,0.927731752,0.10180895,-0.0346756689,-0.0635360554,0.959510505,-0.0736768693,-0.0743973926,-0.162554219,0.893909514,0.0577837154,0.00930219237,-0.0742421821,0.943007827,-0.0178505145,-0.0317736566,-0.221774206,0.857223868,0.0174343325,-0.00115451345,-0.0876426399,0.946631193,0.0307045728,-0.0754629821,-0.231944561,0.863401,0.0838197917,-0.0131427022,-0.0672523305,0.912209749,-0.0447958075,-0.0794040561,-0.178633735,0.797707319,0.0844950825,0.00572903967,0.0308893658,0.999981344,-0.0821450129,-0.00905726,-0.0290619191,0.999978,0.0563731119,0.4288553,-0.0237002894,0.904798925,-0.0756245777,0.32915,-0.0505399331,0.906927466,0.0167177618,0.774969399,0.0232238639,0.963148832,-0.131320819,0.732885778,0.0359983668,0.959164,-0.00692423433,0.809519112,0.0293142609,0.811026752,-0.134390146,0.767380595,0.00229053292,0.739392042,0.0304565467,0.8174752,-0.0541910082,0.966580153,-0.136992961,0.769119143,-0.0985173434,0.953761101
66.66666666666667,-0.0229916014,-0.545800507,-0.335274339,0.99997431,0.000986895058,-0.565865278,-0.335004956,0.999946535,0.0045430907,-0.564881206,-0.322633058,0.999932826,0.00307066902,-0.565433264,-0.327607721,0.999956787,-0.0210325737,-0.580870628,-0.339045286,0.999955297,-0.0188343208,-0.57777375,-0.351791471,0.999958634,-0.0152253043,-0.5672369,-0.331219643,0.999967098,0.0877135172,-0.563898802,-0.242770985,0.999940574,-0.0481830053,-0.544147193,-0.207933992,0.999816358,0.0213767793,-0.541916966,-0.287373751,0.999947608,-0.0146527831,-0.512571812,-0.306287706,0.999932051,0.177262008,-0.427255124,-0.0816090852,0.999990523,-0.0967447162,-0.51232475,-0.0343877487,0.999976814,0.209944665,-0.218717,-0.0599188507,0.967071116,-0.149893478,-0.241711468,-0.0678166151,0.927329898,0.101394929,-0.0330407917,-0.0630599484,0.958043933,-0.0735744536,-0.0729663894,-0.162147641,0.893002212,0.0574265569,0.0108684022,-0.0741404,0.940886617,-0.0177805983,-0.0303781386,-0.221304908,0.855739355,0.017021874,0.00033137307,-0.0876608267,0.944607794,0.0308238119,-0.0737057626,-0.231407315,0.861944914,0.0833582,-0.0114916889,-0.0668984,0.909397781,-0.0446835645,-0.0777867734,-0.178213432,0.795849144,0.0842410251,0.00588047,0.0309061538,0.999980271,-0.0818762,-0.00922932941,-0.0290844031,0.999976814,0.0553127453,0.428078353,-0.0242581181,0.89858681,-0.0752084181,0.329083711,-0.0513054207,0.901626408,0.016377084,0.774778962,0.024327945,0.960569561,-0.129877031,0.731867433,0.0344238393,0.955960929,-0.00715340441,0.809369624,0.0306652132,0.803617418,-0.13279292,0.766291559,0.000759600953,0.72737056,0.0300498083,0.81595993,-0.0532167293,0.96448493,-0.135024309,0.767039359,-0.100874841,0.950397849
83.33333333333334,-0.0231838673,-0.544244766,-0.335575104,0.999973953,0.000938483514,-0.564216912,-0.335278839,0.999946,0.00450575864,-0.563212872,-0.322902739,0.999931931,0.00303580146,-0.56376797,-0.327857077,0.999956131,-0.021072397,-0.579204857,-0.339291692,0.999955,-0.0188706052,-0.576130867,-0.352051705,0.999958336,-0.015272703,-0.565618455,-0.331458956,0.999966919,0.0879624784,-0.562418163,-0.242871299,0.999939322,-0.0480920598,-0.543291688,-0.207883015,0.999815166,0.0212637875,-0.540452778,-0.287640184,0.999946117,-0.014830783,-0.511162,-0.306544185,0.999930561,0.177262962,-0.426506072,-0.0810632557,0.999990284,-0.0961209685,-0.512202084,-0.0341929346,0.999976754,0.209851533,-0.217871726,-0.0590244159,0.966339409,-0.149377808,-0.241367534,-0.067858085,0.927807093,0.101056509,-0.0318594612,-0.063195914,0.95682472,-0.0734876,-0.0719819739,-0.162679732,0.894212902,0.0570990667,0.0119292894,-0.0745088682,0.939185321,-0.0177501,-0.0294549987,-0.221955538,0.856898725,0.0168153,0.00117904146,-0.0882833153,0.942983627,0.0308702495,-0.072639145,-0.232221574,0.86303097,0.0830149725,-0.0102704298,-0.0671626702,0.907129765,-0.0445958413,-0.0766769,-0.178818136,0.797291636,0.0841996148,0.00594660267,0.030922316,0.999979436,-0.0818317458,-0.00930408,-0.029097721,0.999976039,0.0549762733,0.427874327,-0.0241972171,0.895843148,-0.0752031952,0.329050928,-0.0516577847,0.899466217,0.0164849143,0.774484694,0.028289305,0.95916158,-0.129016489,0.731635511,0.035965953,0.954307497,-0.00706190523,0.809089243,0.0351347066,0.798586845,-0.131895557,0.766070485,0.00268581836,0.719862461,0.0295793358,0.815562963,-0.0479973145,0.963256657,-0.135447368,0.767001748,-0.0985391214,0.948506594
100.00000000000001,-0.0232555196,-0.5437482,-0.33443293,0.999974132,0.000907141773,-0.563668668,-0.333830088,0.999946475,0.00448486255,-0.562657058,-0.321491629,0.99993223,0.00302070868,-0.563209474,-0.326430708,0.99995631,-0.0211057905,-0.578555524,-0.337829381,0.999955654,-0.0188959315,-0.57549417,-0.350567669,0.999958873,-0.0153088598,-0.565005124,-0.329988629,0.999967456,0.0881181955,-0.561434925,-0.241132632,0.999939,-0.0480828,-0.542451859,-0.205878437,0.999817193,0.0212235916,-0.539803624,-0.28640449,0.999945581,-0.0149214035,-0.510408103,-0.305299431,0.999930263,0.177248329,-0.42488873,-0.0787702501,0.999990046,-0.0952702835,-0.511625111,-0.0331498459,0.999977052,0.209905475,-0.216042921,-0.0572696626,0.965005934,-0.14888376,-0.240490049,-0.0670149922,0.928318083,0.101048179,-0.0297951903,-0.0625285879,0.954628646,-0.0734366402,-0.07052885,-0.162317529,0.895636439,0.0571002476,0.0140262172,-0.0740122423,0.936318815,-0.0177415498,-0.0280866493,-0.221647546,0.85834527,0.0168481749,0.00322629325,-0.0878019482,0.9402529,0.0309076011,-0.0710667595,-0.231944337,0.864373505,0.0829907283,-0.00831029,-0.066563,0.903289,-0.0445531271,-0.0751178116,-0.178481579,0.79897,0.0840428,0.00610239524,0.0309402905,0.999978781,-0.0816658139,-0.00948149338,-0.0291166399,0.999975502,0.0543921851,0.42765829,-0.0253592636,0.891317368,-0.0751162767,0.329063267,-0.0524935,0.89601773,0.0159993023,0.774432182,0.0220777914,0.957424641,-0.129107252,0.731334269,0.0336584412,0.952121854,-0.00744479336,0.809062243,0.0282901432,0.793651223,-0.132083982,0.76574868,0.000195366272,0.711045563,0.0294364933,0.815054834,-0.0554564036,0.96191448,-0.136076078,0.766636908,-0.101558,0.946205497
116.66666666666669,-0.0234137755,-0.543813348,-0.333917528,0.999973714,0.000860420172,-0.563663661,-0.333066881,0.99994576,0.0044388962,-0.562660515,-0.320751816,0.999931037,0.00297625107,-0.563211501,-0.32563448,0.999955475,-0.0211964641,-0.578511238,-0.337007403,0.999955237,-0.0189866,-0.575474083,-0.349728733,0.999958456,-0.0154126147,-0.564971149,-0.329196632,0.999967217,0.0882783234,-0.561249197,-0.239569753,0.999937475,-0.0481504425,-0.542338789,-0.204397872,0.999815762,0.0211342946,-0.539743483,-0.285735667,0.99994421,-0.0151616717,-0.510367393,-0.304601103,0.999928951,0.177271813,-0.424595296,-0.0770778432,0.999989748,-0.0952627361,-0.511535645,-0.0319830365,0.999976873,0.21060504,-0.215309203,-0.0564759448,0.964268625,-0.148655891,-0.240271404,-0.0660716444,0.928012073,0.10105817,-0.0295993648,-0.063160859,0.953282118,-0.0733905137,-0.0701401904,-0.161708161,0.895572662,0.0570388585,0.0139852911,-0.0747843757,0.934592724,-0.0177188162,-0.0277713146,-0.221068501,0.858000159,0.0167094842,0.00280326,-0.0886530802,0.938606322,0.0309132133,-0.070819132,-0.231417626,0.863990247,0.0829347447,-0.00828306656,-0.0672247112,0.900988221,-0.0445170626,-0.0747224,-0.177855581,0.798666,0.084072195,0.00613430515,0.0310050212,0.999978065,-0.0816951245,-0.0095147,-0.0291681923,0.999974847,0.0544993207,0.427582622,-0.0250317585,0.88929,-0.075213328,0.329055041,-0.0525261611,0.894299269,0.0160837378,0.773771942,0.0237029232,0.956429422,-0.129569352,0.731303453,0.0339881405,0.950959265,-0.00738095492,0.808385432,0.0300402157,0.789316356,-0.132593989,0.765731692,0.000609066,0.704209626,0.0275493283,0.815037727,-0.0518296249,0.961043179,-0.137131438,0.767183721,-0.0999517068,0.944783211
133.33333333333334,-0.0234136842,-0.543737113,-0.334131837,0.999973,0.000949652225,-0.563532174,-0.333276957,0.999944389,0.00451861043,-0.562533379,-0.320958257,0.99992907,0.00306163053,-0.563088417,-0.325830787,0.999954045,-0.02117192,-0.578420401,-0.33724317,0.999954224,-0.0189661719,-0.575391293,-0.349974275,0.999957561,-0.0153994504,-0.564860523,-0.3294321,0.999966621,0.0887924582,-0.561086178,-0.239353821,0.999935269,-0.0481939688,-0.542331278,-0.204540506,0.999813199,0.0211388581,-0.539557636,-0.285933018,0.999942,-0.0152367493,-0.510308623,-0.304827362,0.999926865,0.177336454,-0.424498856,-0.0769410208,0.999989331,-0.0952800885,-0.51153028,-0.0316917077,0.999976337,0.210825056,-0.214828029,-0.0567363836,0.963686705,-0.148627326,-0.240262493,-0.0656234175,0.927238584,0.101074852,-0.0295585413,-0.0648633093,0.952281356,-0.0733536929,-0.0699360371,-0.161068216,0.895114362,0.0570545122,0.0137718283,-0.0767165348,0.933409035,-0.0176858455,-0.0276443139,-0.220427141,0.857268751,0.0167416986,0.00241669873,-0.0905929357,0.937502921,0.0309236012,-0.0707559884,-0.23074767,0.863278747,0.0829382688,-0.0083431229,-0.0689536259,0.89955461,-0.0444852337,-0.0745591819,-0.177142069,0.798117042,0.0841529,0.00614766357,0.030996915,0.999977112,-0.0817762837,-0.00952735,-0.0291516874,0.999973893,0.0546103828,0.427365154,-0.0247226469,0.888432801,-0.0754437745,0.328967899,-0.0524702,0.892463148,0.0165720452,0.772160351,0.0307220463,0.955551445,-0.130277827,0.731311679,0.0397099033,0.949911058,-0.00701257493,0.806593597,0.0383796915,0.784491122,-0.133527443,0.765749514,0.00747395,0.697621465,0.0243834015,0.815052867,-0.0450954549,0.960195363,-0.13803421,0.76804316,-0.0951020271,0.943470657
150.0,-0.023431113,-0.543831,-0.33225584,0.999973118,0.000954793708,-0.56359005,-0.331107378,0.999944568,0.00452435669,-0.562599421,-0.318844676,0.99992913,0.00307347323,-0.563155,-0.323662579,0.999954,-0.0211767126,-0.578471422,-0.335086882,0.999954581,-0.0189712122,-0.575447917,-0.347781092,0.99995786,-0.0154088438,-0.564906776,-0.327322692,0.999966919,0.0889701694,-0.561080813,-0.236332521,0.999934733,-0.0482359305,-0.542333782,-0.201827362,0.999815047,0.0211291146,-0.539598823,-0.28373313,0.999941647,-0.0153149907,-0.510359526,-0.302670449,0.999926925,0.177320719,-0.424330533,-0.0739668757,0.999989152,-0.0952708349,-0.511531353,-0.0294794627,0.999976456,0.210796967,-0.214582503,-0.0559530556,0.963048577,-0.148648232,-0.240181133,-0.0635836571,0.927702606,0.100847416,-0.0295337,-0.0651888177,0.951978326,-0.073368445,-0.0694746077,-0.159769252,0.897238493,0.0568586066,0.0136848139,-0.0774255544,0.933178067,-0.0177227594,-0.0272265077,-0.21920301,0.859870434,0.0164978784,0.00224044733,-0.0911748558,0.937310398,0.0309107546,-0.0702866763,-0.229624182,0.86581105,0.0826560482,-0.00837332662,-0.0692817345,0.899360836,-0.0444960147,-0.0740878507,-0.175816596,0.801501155,0.0841492563,0.00622311281,0.0310260598,0.999976158,-0.081771709,-0.00960948877,-0.0291748233,0.999973,0.0543725714,0.427351564,-0.024532875,0.884753048,-0.0754937828,0.328941047,-0.0524810478,0.889020324,0.0166038182,0.772146761,0.0321388878,0.953877091,-0.131260723,0.731236339,0.0400422402,0.947742343,-0.00699931942,0.806583762,0.0397961773,0.778316319,-0.134600729,0.765679419,0.00780266803,0.687740386,0.0231839456,0.815060854,-0.0438066386,0.959015608,-0.138696611,0.768081367,-0.0941691101,0.941315114
166.66666666666666,-0.0234262776,-0.543179512,-0.332411438,0.999973536,0.000975264702,-0.562958717,-0.331298977,0.999945402,0.00454791402,-0.56196183,-0.319030225,0.999929965,0.00311002741,-0.562519252,-0.323848516,0.999954462,-0.021180274,-0.577852786,-0.335283458,0.999955475,-0.0189738255,-0.574804306,-0.347988516,0.999958634,-0.0154167768,-0.564252555,-0.327513814,0.999967635,0.0891090259,-0.560594261,-0.236414149,0.999934912,-0.0485153235,-0.54197818,-0.202125877,0.999818742,0.0211327635,-0.538942099,-0.283934772,0.999941647,-0.0153758749,-0.509740651,-0.30289489,0.999927342,0.177315116,-0.423781484,-0.0739729255,0.999989033,-0.0952844247,-0.511239707,-0.0295679048,0.999976695,0.210778192,-0.213928148,-0.0560915619,0.962292314,-0.148491815,-0.239502877,-0.06349051,0.928499937,0.100500554,-0.0292019695,-0.0669540316,0.951198041,-0.0733346194,-0.0685113743,-0.15957804,0.899778426,0.0565266348,0.0138641456,-0.0793813616,0.932270825,-0.0177182928,-0.0264399014,-0.219054386,0.862984657,0.0161907729,0.00230050297,-0.0931059569,0.936500371,0.0309285838,-0.0694717243,-0.229527742,0.868867099,0.0822860152,-0.00815550331,-0.0711003244,0.898338377,-0.044467669,-0.0731839761,-0.175656438,0.805519879,0.0841171592,0.00628708676,0.0310254209,0.999975,-0.0817386508,-0.00968959648,-0.0291740354,0.999972,0.0536800809,0.427159935,-0.0245118532,0.878737688,-0.0754857883,0.328937203,-0.0525016,0.883653522,0.0165411364,0.77214247,0.0308821835,0.951128423,-0.131644338,0.731218,0.0399241,0.944501936,-0.00702229654,0.806586623,0.0381359421,0.770697594,-0.134994417,0.765659094,0.00752193248,0.675971389,0.0229489394,0.814950705,-0.0460527092,0.957129419,-0.139138132,0.768020093,-0.0953465775,0.938254118
183.33333333333331,-0.0229668971,-0.543152452,-0.332565933,0.999973714,0.00158875424,-0.562919915,-0.331411213,0.99994576,0.00516784377,-0.56192255,-0.319140553,0.999930263,0.00377626112,-0.562476575,-0.323958725,0.999954581,-0.0207318533,-0.57784605,-0.335444778,0.999955833,-0.0185258053,-0.574793339,-0.348155707,0.999959,-0.0150022889,-0.564233363,-0.327675134,0.999967873,0.0898981914,-0.560566068,-0.236126885,0.999934793,-0.0484719649,-0.542008817,-0.202231929,0.999820054,0.021521084,-0.53891325,-0.283989668,0.999941,-0.0152106779,-0.509746134,-0.303027898,0.999926865,0.177416936,-0.423763067,-0.0737068,0.999988854,-0.0951440409,-0.511318445,-0.0295798667,0.999976635,0.210879251,-0.213984385,-0.0562478304,0.962139249,-0.148374394,-0.239501014,-0.0635476038,0.929377377,0.100500703,-0.0292708203,-0.0677947551,0.951188564,-0.073011592,-0.0684265792,-0.159685045,0.901727855,0.0565259457,0.0137584945,-0.0803522468,0.932334363,-0.0173900966,-0.0262942519,-0.219169945,0.865469158,0.0161953811,0.00216374,-0.0940488651,0.936580777,0.0314512216,-0.0693121403,-0.229656592,0.87129432,0.0822835,-0.00823781919,-0.0719622597,0.898655,-0.0441035852,-0.0730932057,-0.175770581,0.808792233,0.0840371773,0.00637662597,0.0310286079,0.999973953,-0.0816500932,-0.00978480652,-0.0291774943,0.999970794,0.053515926,0.42695263,-0.0248628203,0.875142,-0.0754812509,0.328891098,-0.0523965806,0.879936278,0.0165786,0.772108555,0.0277382173,0.949662566,-0.131686404,0.730945885,0.0402852148,0.942226171,-0.00693190191,0.80657059,0.0345787778,0.767145157,-0.135086939,0.765372753,0.00782368,0.66786021,0.0236425772,0.814603329,-0.049466528,0.956108868,-0.139056861,0.767656207,-0.0949004889,0.935927153
199.99999999999997,-0.0227520987,-0.543709397,-0.331818193,0.999972939,0.00209549069,-0.563453138,-0.330878466,0.999944031,0.00563851092,-0.562489092,-0.318560839,0.999927938,0.00427285628,-0.563049376,-0.323404253,0.999953,-0.0202213395,-0.578740954,-0.334712684,0.999954462,-0.0180348568,-0.575636744,-0.347381026,0.999957681,-0.014566903,-0.564983249,-0.326965779,0.999966919,0.0908338055,-0.561009526,-0.235904,0.999932468,-0.0476859845,-0.543595254,-0.201577425,0.999816298,0.0217557028,-0.53938508,-0.283296466,0.99993813,-0.0150490198,-0.510519445,-0.302019209,0.999923825,0.177828893,-0.424375355,-0.0737868324,0.999988496,-0.0947223306,-0.512283623,-0.0287827086,0.99997592,0.212062359,-0.214489266,-0.0571028441,0.962139189,-0.148005292,-0.241445348,-0.063461408,0.928989768,0.100549862,-0.0293196253,-0.067963548,0.951027691,-0.0722468123,-0.0689362437,-0.158382788,0.902008057,0.0565490462,0.0136873443,-0.0805017,0.932179809,-0.0165250842,-0.0265335348,-0.21737887,0.865627706,0.0162047595,0.00204741838,-0.0942477882,0.93644774,0.0324959271,-0.0694181621,-0.22740449,0.871503174,0.0823331624,-0.00830093678,-0.0721614212,0.898723245,-0.0432869606,-0.0735439509,-0.174216613,0.809521496,0.0840279385,0.00638285931,0.0304525662,0.999972582,-0.0816388577,-0.00978883076,-0.0286088213,0.999969184,0.0535153933,0.426380813,-0.026423363,0.870376289,-0.0760790929,0.328801751,-0.0523477197,0.871689558,0.0172868147,0.771346807,0.0285368618,0.947015047,-0.131740555,0.731242716,0.0424055271,0.938278675,-0.00634623785,0.805633783,0.0355329104,0.757591546,-0.135173023,0.765795588,0.0100888377,0.655673146,0.0217420794,0.814695656,-0.0482886024,0.953771949,-0.140335247,0.768917143,-0.0920032561,0.931992948
216.66666666666663,-0.0224457942,-0.544115126,-0.329881161,0.999972761,0.00249073468,-0.56382966,-0.328787237,0.999943435,0.00602604868,-0.562881589,-0.316463441,0.999927,0.00468033599,-0.563439488,-0.321330756,0.999952316,-0.0198871605,-0.579244435,-0.332657,0.999954164,-0.0177143235,-0.576122701,-0.345277101,0.999957383,-0.0142728714,-0.565439284,-0.324936688,0.999966741,0.0912871,-0.561448932,-0.23329936,0.999931276,-0.0475801378,-0.544428527,-0.19929029,0.999815941,0.0220415425,-0.539809942,-0.281088531,0.9999367,-0.0148915611,-0.511039615,-0.299850464,0.999922514,0.177992642,-0.42485112,-0.0717993751,0.999988198,-0.0945857465,-0.513054073,-0.0271761809,0.999975622,0.213014662,-0.214897648,-0.0557004549,0.962031603,-0.147921324,-0.242063746,-0.0627745688,0.929671109,0.10089355,-0.0294110216,-0.0671694651,0.95093292,-0.0718864053,-0.0691603348,-0.157520488,0.903849721,0.056808874,0.0136250369,-0.0794238,0.932109237,-0.01611978,-0.026707489,-0.216564029,0.867774129,0.0163462553,0.00195623608,-0.0932196453,0.93639636,0.033071965,-0.06953118,-0.22642234,0.873574853,0.0826256275,-0.00837753806,-0.0713319406,0.898842573,-0.0428771712,-0.0737373903,-0.173233703,0.812410712,0.0839940682,0.00639868807,0.0304153357,0.999971449,-0.0816029236,-0.00980341714,-0.0285705067,0.999967933,0.053319741,0.426344424,-0.0263325181,0.867737055,-0.0760751292,0.328807145,-0.0519200303,0.867274046,0.0173330307,0.771297276,0.0287539922,0.945730507,-0.131750435,0.731329858,0.0434324667,0.936004043,-0.00629416574,0.805583239,0.035747,0.752910316,-0.13521187,0.765921175,0.0110570593,0.647792757,0.021394819,0.814667463,-0.0482665114,0.952690601,-0.140537709,0.768951893,-0.0913086757,0.929637849
233.3333333333333,-0.022380909,-0.545017,-0.327365279,0.999972641,0.00262505375,-0.564685643,-0.326177299,0.999942958,0.00615719706,-0.56375891,-0.313870549,0.999926209,0.00481651165,-0.564311206,-0.318765134,0.99995172,-0.0197466984,-0.580276191,-0.330030382,0.999954,-0.0175831392,-0.577152371,-0.342627198,0.999957204,-0.0141533092,-0.566420436,-0.322340637,0.999966621,0.0914423168,-0.562077165,-0.231109083,0.999930382,-0.0474436,-0.545556605,-0.197053313,0.999816298,0.0220885426,-0.540613651,-0.278681278,0.999935627,-0.0148650128,-0.511999,-0.297428817,0.999921739,0.178003252,-0.425263047,-0.0708367825,0.99998796,-0.0945600495,-0.513842821,-0.0259398557,0.999975502,0.213181302,-0.215191722,-0.0556814261,0.961853921,-0.148133889,-0.242969424,-0.0623673871,0.930661619,0.100901395,-0.029719973,-0.0673232079,0.950705469,-0.0718564764,-0.0695335642,-0.15710105,0.905988574,0.0568071455,0.0133923395,-0.0795519277,0.932010472,-0.0160187762,-0.0269025918,-0.216135919,0.870442867,0.0163075943,0.00181686762,-0.0933578834,0.936287761,0.0333254412,-0.0697009787,-0.225939825,0.876127124,0.0826287046,-0.00869285222,-0.071485959,0.898867249,-0.0428148322,-0.0740836,-0.172767565,0.815995693,0.0839643627,0.00641254056,0.030391477,0.999970615,-0.0815702155,-0.00981722772,-0.0285458472,0.999967098,0.0532008596,0.426192909,-0.0264378432,0.865901768,-0.0761849731,0.328747779,-0.0516661592,0.864161968,0.017109286,0.770922303,0.0287296455,0.944811404,-0.131822556,0.731135488,0.0440531,0.934259772,-0.0065641813,0.805174112,0.0357547142,0.749994636,-0.135269597,0.765718877,0.0116355531,0.641875446,0.0208901577,0.814367175,-0.0480008721,0.95184654,-0.14069581,0.768799782,-0.0903489739,0.927683234
249.99999999999994,-0.0223451313,-0.545238733,-0.326174706,0.999972522,0.00268132729,-0.564878404,-0.324859798,0.999942541,0.00621239701,-0.563962519,-0.312551677,0.999925494,0.00487619266,-0.564512,-0.317445248,0.999951184,-0.0197070558,-0.580527306,-0.328749627,0.999953806,-0.0175466873,-0.577399373,-0.341322958,0.999957,-0.014124644,-0.566655,-0.32106331,0.999966502,0.0915151462,-0.562275767,-0.229456559,0.999929428,-0.0474528,-0.545911252,-0.195543692,0.999816239,0.0221137851,-0.540840268,-0.277373284,0.999934375,-0.0148628177,-0.512265384,-0.296124607,0.999920666,0.177977026,-0.425536811,-0.0697234422,0.999987721,-0.0945536643,-0.514081299,-0.024849724,0.999975264,0.213193342,-0.215855181,-0.0549262464,0.961361289,-0.148141846,-0.243077114,-0.0615906902,0.930850923,0.100857712,-0.0299090277,-0.0666068569,0.949860394,-0.0717816576,-0.0695566833,-0.155835092,0.906724,0.0567699783,0.013298003,-0.0785551742,0.931002617,-0.0159131289,-0.0269178133,-0.214771807,0.871230304,0.0162507165,0.00173490052,-0.0923546627,0.935335219,0.0334973,-0.0697345138,-0.224430844,0.876865804,0.0825918242,-0.00882033259,-0.0707237571,0.89768362,-0.0427247845,-0.0741039366,-0.171397313,0.817089736,0.0839201212,0.00643291883,0.030363027,0.999969721,-0.0815216303,-0.00983656663,-0.0285164,0.999966145,0.0530697852,0.426091075,-0.026630722,0.86236912,-0.0762002841,0.328740835,-0.0514386371,0.85932219,0.0171177089,0.770705,0.0275453962,0.943198264,-0.131856844,0.731098413,0.0444568619,0.931682408,-0.00655732723,0.804950595,0.0344412848,0.744826853,-0.135320082,0.765688956,0.0120050227,0.633946478,0.0202930085,0.814170241,-0.0494241193,0.950489044,-0.140772477,0.768740654,-0.0898610875,0.924983919
266.66666666666663,-0.0223334078,-0.545445442,-0.32500723,0.999973059,0.00273664272,-0.565072238,-0.323604524,0.999943614,0.00627469225,-0.564167917,-0.311307549,0.999926746,0.0049444437,-0.564720035,-0.316189289,0.999951959,-0.019665,-0.580806077,-0.327500969,0.99995476,-0.0175076537,-0.57766664,-0.340049446,0.999957919,-0.0140943965,-0.566919208,-0.319809377,0.999967217,0.0917286724,-0.562383294,-0.227846399,0.999930322,-0.0474415794,-0.546311617,-0.193849012,0.999820292,0.0221256204,-0.54099673,-0.276049823,0.999934852,-0.0148743698,-0.512492061,-0.294783443,0.99992156,0.177972019,-0.425568342,-0.068370983,0.999987662,-0.0945295915,-0.514357805,-0.0228284039,0.999975443,0.213205397,-0.215869471,-0.0540386289,0.961328685,-0.14814128,-0.24326615,-0.0587567054,0.931524098,0.100871965,-0.0299672019,-0.066260308,0.949872553,-0.0717681721,-0.0695610717,-0.151841298,0.908250868,0.0568159893,0.0132425129,-0.078133285,0.931071877,-0.0159008969,-0.026875088,-0.2104159,0.873056,0.0163039491,0.00174504565,-0.091935724,0.935411274,0.0335063338,-0.0696568564,-0.220242664,0.878635228,0.0826175958,-0.00888051093,-0.0703686923,0.897991061,-0.0427103229,-0.0741064325,-0.167392626,0.81968224,0.0838999599,0.00646182941,0.0303092338,0.999969184,-0.0814980939,-0.00986451097,-0.0284640919,0.999965608,0.0528793409,0.425999552,-0.0269006547,0.860383,-0.0761152208,0.328767,-0.0514322259,0.856805325,0.0170908384,0.770653427,0.0267019793,0.942059696,-0.131861418,0.731109679,0.0443024524,0.930129528,-0.00659704907,0.804902375,0.0335171409,0.740692,-0.135343865,0.7657004,0.011786378,0.628217041,0.0193620399,0.81412524,-0.0505102649,0.949638,-0.140740916,0.768710732,-0.0902112871,0.923494041
283.3333333333333,-0.0222833753,-0.545486391,-0.324848711,0.999973297,0.00283030071,-0.565116704,-0.323429108,0.999944,0.00636685779,-0.564211547,-0.311132073,0.999927104,0.00504063629,-0.564764202,-0.316010058,0.999952137,-0.0195843708,-0.580842078,-0.327323496,0.999955177,-0.0174361207,-0.577698588,-0.339856833,0.999958336,-0.0140284766,-0.566947401,-0.319621265,0.999967575,0.0918955058,-0.562418342,-0.227523655,0.999930501,-0.0474303402,-0.546404183,-0.193589345,0.999822855,0.0221781973,-0.54103446,-0.275847703,0.999934912,-0.0148626901,-0.51253891,-0.294569105,0.999922037,0.178042918,-0.425665259,-0.0681136474,0.999987602,-0.0945318118,-0.514364302,-0.0225177556,0.999975562,0.213501886,-0.216105714,-0.0535291396,0.961791,-0.148021296,-0.24306491,-0.0582759269,0.93292141,0.10121154,-0.0300046783,-0.0658189,0.950695097,-0.0715156123,-0.0693216696,-0.150618076,0.911142111,0.0572436266,0.013183835,-0.0775044039,0.93210721,-0.0156534724,-0.0265412331,-0.209021032,0.876575649,0.0166090671,0.00172808697,-0.0913890749,0.936394036,0.0337837487,-0.0692985,-0.218905091,0.882031322,0.0829301849,-0.00893164705,-0.0699453577,0.899666905,-0.0424330384,-0.0738656372,-0.166100577,0.824497163,0.0838994682,0.00647574617,0.0302415229,0.999968469,-0.081495814,-0.00987826288,-0.0283980481,0.999964833,0.0528847873,0.425961256,-0.0272469558,0.859649658,-0.0759754479,0.329005212,-0.0513119735,0.854628444,0.0174717512,0.77057606,0.0268498156,0.941509962,-0.131883711,0.731459737,0.0446196757,0.929133654,-0.00624555675,0.804819942,0.0337040424,0.737832725,-0.135399923,0.766121864,0.0121160382,0.62399137,0.0189165846,0.814146578,-0.0503389463,0.94917959,-0.141139865,0.769139946,-0.0899872333,0.922561824
300.0,-0.0222761277,-0.54572171,-0.319836318,0.999973834,0.00284437742,-0.56537503,-0.318434864,0.999945,0.00638167653,-0.564493656,-0.306189835,0.999928355,0.00505541824,-0.565045834,-0.311049491,0.999952912,-0.0195663497,-0.581175089,-0.322162688,0.999956071,-0.0174225271,-0.578019917,-0.334590852,0.999959171,-0.014017649,-0.567250311,-0.314459831,0.999968231,0.0919534713,-0.562757671,-0.222920775,0.999931633,-0.0473945327,-0.546866238,-0.188474074,0.999827,0.0221881252,-0.541283607,-0.270946801,0.999935687,-0.0148662524,-0.512801349,-0.289460748,0.999923229,0.178046,-0.425806761,-0.0650298446,0.999987721,-0.0944911689,-0.514728367,-0.0176956356,0.99997586,0.213600621,-0.216252327,-0.0497967526,0.962427676,-0.147923902,-0.243092775,-0.0535050891,0.934100747,0.101243608,-0.0300574377,-0.0604546629,0.951818168,-0.0714265108,-0.0692271814,-0.14562282,0.913690388,0.0572930127,0.0131728994,-0.0715167448,0.933547258,-0.0155865094,-0.0263184309,-0.203570127,0.879877567,0.016622195,0.00182586524,-0.0851442516,0.937744141,0.0338201262,-0.0689689815,-0.213605717,0.88520962,0.0829644352,-0.00898196455,-0.0643615574,0.901881754,-0.0423541777,-0.0737557486,-0.161054358,0.829092681,0.0838890076,0.00652518682,0.0301780291,0.999968052,-0.0814810395,-0.00992526393,-0.0283396952,0.999964297,0.0529038832,0.425557405,-0.027856512,0.858750939,-0.0759299248,0.329003513,-0.0515334569,0.853625417,0.0175569411,0.770264208,0.0259817448,0.940890551,-0.13210617,0.731452644,0.043672625,0.928392589,-0.00618033111,0.804495573,0.032797087,0.735047042,-0.135671377,0.766121924,0.0110121025,0.620272636,0.018448703,0.81383419,-0.051195778,0.948768,-0.141209275,0.769140422,-0.0911591,0.921982825
316.6666666666667,-0.0222667698,-0.546244383,-0.318906307,0.999973893,0.00285756984,-0.565873623,-0.31743145,0.999944925,0.006396282,-0.565008223,-0.305186838,0.999928117,0.00507121719,-0.565546572,-0.310046256,0.999952674,-0.0195500888,-0.581669509,-0.321201265,0.99995625,-0.0174075309,-0.578517675,-0.333620787,0.999959409,-0.0140037565,-0.567743242,-0.313489079,0.999968469,0.0919735804,-0.563088298,-0.221984342,0.999931276,-0.0473862812,-0.547189,-0.187687263,0.999828696,0.0221972056,-0.541748345,-0.270026177,0.999935389,-0.0148666259,-0.513239801,-0.288638949,0.999923348,0.178055629,-0.425905049,-0.063920483,0.999987602,-0.0945005268,-0.514871597,-0.0173823535,0.999976039,0.213670149,-0.216454327,-0.0476287156,0.962412477,-0.147836566,-0.24310939,-0.0533283353,0.935483336,0.101529926,-0.0301023666,-0.0578254759,0.951739311,-0.0710262135,-0.0691262335,-0.145746022,0.916154206,0.0577121675,0.0131646423,-0.0687761754,0.933458567,-0.0151217394,-0.0260986127,-0.203814924,0.882928,0.017029075,0.00194170512,-0.0825648233,0.937656701,0.0343739316,-0.068647176,-0.213853881,0.888136268,0.0832734182,-0.00902326684,-0.0618121698,0.901987731,-0.0418803245,-0.0736114606,-0.161205605,0.833173513,0.0838946179,0.00655357866,0.0301800705,0.999967694,-0.0814856067,-0.00995365437,-0.0283414442,0.999964058,0.053077843,0.425302118,-0.0282590147,0.858761489,-0.0757757649,0.329004019,-0.0515312478,0.853275597,0.0175909083,0.770094872,0.0251220018,0.94070226,-0.13224718,0.731437266,0.043714229,0.928004324,-0.00615785411,0.804341733,0.0319087543,0.733742118,-0.135855198,0.766115427,0.0110526346,0.617373168,0.018459389,0.813600302,-0.0523662902,0.948617399,-0.141259328,0.769146,-0.0912694335,0.921535254
333.33333333333337,-0.0223082751,-0.546192765,-0.319047213,0.999973774,0.00283491355,-0.565823257,-0.317537546,0.999944508,0.00637805508,-0.564954519,-0.305292696,0.99992758,0.0050549875,-0.565494,-0.31015107,0.999952257,-0.0195668619,-0.581628263,-0.321311712,0.999956071,-0.0174261965,-0.578470051,-0.33375603,0.99995929,-0.014026979,-0.567702472,-0.313611358,0.99996841,0.0919561684,-0.563060522,-0.222135291,0.999930799,-0.0474557206,-0.547169566,-0.187838495,0.999829412,0.0221345294,-0.541719735,-0.27018708,0.999934793,-0.0149626331,-0.513214231,-0.288803846,0.999923,0.177981257,-0.42590946,-0.0640020147,0.999987543,-0.0945562,-0.514872611,-0.0175144263,0.999976099,0.213744983,-0.216448739,-0.0476569422,0.962689221,-0.147801042,-0.243015826,-0.0534751378,0.936476886,0.101653948,-0.0294982214,-0.0569524057,0.951976836,-0.071008943,-0.0686012954,-0.145979077,0.918256938,0.0578481182,0.0140334442,-0.0675659552,0.933679283,-0.0151106659,-0.0255243164,-0.204112753,0.88552469,0.017148234,0.00309856399,-0.0814492851,0.937863886,0.0343788713,-0.0678573698,-0.214147761,0.890636742,0.0834002644,-0.00828755088,-0.0609368831,0.902561963,-0.0418628529,-0.0730408281,-0.161453813,0.836753488,0.0838853121,0.00656814082,0.0301399492,0.999967158,-0.0814738646,-0.00996785332,-0.0283024088,0.999963582,0.0531111844,0.425238341,-0.0282876696,0.858520865,-0.0757792443,0.329225481,-0.0526902,0.85333395,0.0178181063,0.770077646,0.0253475122,0.940277874,-0.132461041,0.731846571,0.0407492556,0.927929103,-0.0059455377,0.804326236,0.0321773738,0.73154366,-0.136160791,0.766567,0.00788181834,0.615699112,0.0183933936,0.813629508,-0.0519068502,0.948201895,-0.142085612,0.769473076,-0.0949642956,0.921467364
350.00000000000006,-0.0225569643,-0.546507597,-0.318143398,0.999972939,0.0026713917,-0.566146195,-0.316915125,0.999942541,0.00621589599,-0.565286934,-0.304663658,0.999925077,0.00490862736,-0.565832555,-0.309509665,0.999950588,-0.0196607132,-0.582028329,-0.320550889,0.999954581,-0.017523611,-0.57885319,-0.332962066,0.999957919,-0.0141385933,-0.568066299,-0.3128407,0.999967456,0.0918971822,-0.563219488,-0.22210598,0.999928653,-0.0474463478,-0.547479808,-0.187369093,0.999825478,0.0218825843,-0.541946232,-0.269547224,0.999932289,-0.0151900193,-0.513495624,-0.287935734,0.999920309,0.177802324,-0.425933391,-0.0641783476,0.999987423,-0.0944974273,-0.51497376,-0.0162153672,0.999975741,0.213790521,-0.216463074,-0.0481734835,0.962563038,-0.147627875,-0.24327293,-0.0509703979,0.935346246,0.10156507,-0.0287663713,-0.0571403503,0.95141387,-0.0710208416,-0.0686087683,-0.141203135,0.917760909,0.0577961802,0.015044041,-0.067625612,0.932912469,-0.015201984,-0.025524145,-0.198611811,0.885040343,0.0170607,0.00454614498,-0.0814417675,0.937129259,0.0341843888,-0.0678150132,-0.208628133,0.890213966,0.0833258778,-0.0074353423,-0.0610917509,0.901773095,-0.0419158898,-0.0730463043,-0.156638235,0.836528242,0.0837995633,0.00658670347,0.0296618938,0.999966621,-0.0813754573,-0.00998715311,-0.0278438739,0.999962866,0.0531196408,0.425172865,-0.0292646419,0.854832,-0.0755945593,0.329270929,-0.0530473515,0.848726,0.0181213859,0.770312428,0.0251002163,0.938716888,-0.132483855,0.732187152,0.0394877791,0.926024258,-0.00565197133,0.804578304,0.0319632813,0.726085901,-0.136198789,0.766945183,0.0064837737,0.609167278,0.0179212876,0.814555883,-0.052108,0.946905732,-0.142144814,0.770144165,-0.0967280343,0.91982162
366.66666666666674,-0.0236629732,-0.547919571,-0.313716799,0.999972641,0.00178009935,-0.567461133,-0.312711746,0.999941766,0.0053408742,-0.566645,-0.300532788,0.999924,0.00404881081,-0.567187667,-0.305362195,0.999949932,-0.020322388,-0.583441675,-0.315981388,0.999954104,-0.0182000436,-0.580271184,-0.328296602,0.999957561,-0.0148284882,-0.569463432,-0.308274567,0.999967217,0.0914822,-0.56367439,-0.219636396,0.999927878,-0.0474653132,-0.548173666,-0.183321089,0.999825239,0.0209140033,-0.542953968,-0.265844107,0.999931872,-0.0160245355,-0.514586091,-0.283758134,0.99992007,0.177523628,-0.425972462,-0.0634396225,0.999987364,-0.0946047828,-0.51503104,-0.0126736984,0.999975741,0.213856757,-0.21651496,-0.0477990471,0.962736547,-0.147682428,-0.243513018,-0.0466331467,0.935271084,0.101484291,-0.0286020283,-0.0568355285,0.951466441,-0.0713082254,-0.0689174235,-0.136207849,0.918348193,0.057751596,0.0153639298,-0.0672997087,0.93298918,-0.0154962596,-0.0258059949,-0.193220258,0.885826051,0.0168947503,0.00504249893,-0.080999516,0.937166154,0.0336773805,-0.0680318773,-0.203438357,0.890966594,0.0832074955,-0.00723774638,-0.0607427545,0.902017236,-0.0422624,-0.0733727,-0.151627019,0.837838352,0.083798252,0.00660049124,0.0295236912,0.999966681,-0.0813714862,-0.0100007541,-0.0277037118,0.999963,0.053114742,0.42511192,-0.0299394615,0.854291797,-0.0754954219,0.329332739,-0.0536661558,0.848299682,0.0181417093,0.770299077,0.0254558437,0.938232064,-0.13327162,0.732377648,0.0388331823,0.925894797,-0.00563244754,0.804561734,0.0324784257,0.723247,-0.137281358,0.767155468,0.00585830025,0.606359482,0.0172055122,0.814608455,-0.0516796522,0.946452618,-0.142991364,0.770576954,-0.097830534,0.919751108
383.3333333333334,-0.0237422716,-0.549251,-0.311740607,0.999972224,0.00172370183,-0.568718553,-0.31083864,0.999940753,0.0052868966,-0.567920923,-0.298681319,0.999922752,0.00399902556,-0.568472683,-0.303522021,0.999949157,-0.0203338806,-0.584768057,-0.314082444,0.999953389,-0.0182126146,-0.581579208,-0.326363206,0.999956906,-0.0148456851,-0.570739567,-0.306368053,0.999966741,0.0914559737,-0.564205945,-0.21859,0.999927,-0.0473214239,-0.54875648,-0.18205291,0.999823689,0.0208394304,-0.544007957,-0.264146388,0.999931097,-0.0160668567,-0.515634418,-0.282010257,0.999919295,0.177464306,-0.426025331,-0.0632135943,0.999987364,-0.0944589227,-0.515080154,-0.0116056437,0.999975562,0.21401237,-0.216537595,-0.0477209203,0.962852418,-0.147368923,-0.243725732,-0.0456051677,0.934539497,0.101489626,-0.0284558795,-0.0566460863,0.951491416,-0.071293056,-0.0691166818,-0.134526834,0.917659581,0.0577577166,0.0156082949,-0.0669613481,0.933097601,-0.0154927298,-0.025972046,-0.191172913,0.885101795,0.016899148,0.00540517597,-0.0805920586,0.937235236,0.0335683115,-0.0681102127,-0.201435104,0.890235782,0.0832143,-0.00708238408,-0.060518831,0.902362347,-0.0422651842,-0.0735894218,-0.149918437,0.837317348,0.0837912485,0.006614496,0.0294499956,0.9999668,-0.0813597068,-0.0100142602,-0.0276319962,0.999963,0.053263966,0.425087899,-0.0302034095,0.854741812,-0.0754370913,0.329403192,-0.054494191,0.848643243,0.0183071718,0.770382941,0.0257896837,0.938237309,-0.133473083,0.732884884,0.0374464169,0.92631793,-0.00550863,0.804629385,0.0329147391,0.72126478,-0.137554035,0.767723,0.00436073,0.604900897,0.0170796048,0.814838231,-0.0509747863,0.946297109,-0.143406019,0.771080732,-0.0994278267,0.920096695
400.0000000000001,-0.0241278559,-0.551317692,-0.300088286,0.999971807,0.00121858949,-0.570797741,-0.298843294,0.999939501,0.00480304891,-0.57005918,-0.286802918,0.999920845,0.00356418663,-0.570599854,-0.291766226,0.999948204,-0.0206063688,-0.586948514,-0.302077949,0.999952614,-0.0184911508,-0.583729744,-0.314267367,0.999956071,-0.0151464669,-0.572822511,-0.294432104,0.999966204,0.0909301415,-0.565273821,-0.209354132,0.999925137,-0.0473179556,-0.549847126,-0.171892807,0.999819934,0.0204662625,-0.545762658,-0.253508061,0.999929667,-0.0163132325,-0.517253697,-0.271116704,0.999917686,0.176802531,-0.42596671,-0.0577169321,0.999987364,-0.0943779051,-0.515212178,-0.00571976881,0.999975502,0.214039341,-0.21624732,-0.0443721712,0.961180389,-0.147534207,-0.243942097,-0.0418154448,0.932348967,0.101406053,-0.0273776706,-0.0521248579,0.949262261,-0.0719429255,-0.06911017,-0.130041525,0.91479218,0.057709109,0.0171166286,-0.0621814765,0.930614948,-0.0163373444,-0.0259120353,-0.186030179,0.881761074,0.0166051481,0.00765574491,-0.0749671385,0.934812188,0.0324273296,-0.0678840056,-0.196100131,0.886938691,0.0831082687,-0.00601522718,-0.0557105765,0.899072766,-0.0431895629,-0.0735706389,-0.145369142,0.833161414,0.0835350603,0.0066972049,0.0294371527,0.999966741,-0.0810627,-0.0101042083,-0.0276202336,0.999962687,0.0532357432,0.425046295,-0.0322613865,0.844397485,-0.0754261687,0.329411,-0.0546461418,0.838091791,0.0169884879,0.772066355,0.0140721612,0.934104145,-0.133848965,0.732891619,0.0342845805,0.920905411,-0.00676601287,0.806511402,0.0199446771,0.711202443,-0.137792602,0.767728209,0.000414517388,0.591186523,0.0176523644,0.814874768,-0.0643635839,0.942990661,-0.142487198,0.770262182,-0.102931418,0.914709568
416.6666666666668,-0.0248796903,-0.552361548,-0.297223151,0.999971449,0.000536968582,-0.571835756,-0.296348304,0.999938607,0.0041403682,-0.571130157,-0.284304768,0.999919593,0.00294231507,-0.571669757,-0.289269716,0.999947608,-0.0210218914,-0.588011444,-0.29920733,0.999952078,-0.0189188682,-0.584795177,-0.31138441,0.999955475,-0.0155847548,-0.57383579,-0.291564226,0.999965847,0.0906857401,-0.565738261,-0.208027959,0.999924123,-0.047168158,-0.55028075,-0.1690844,0.999817967,0.0199220385,-0.546564221,-0.251091808,0.99992907,-0.0166661721,-0.51802659,-0.268266261,0.99991709,0.176670417,-0.425770909,-0.0572101027,0.999987423,-0.0941849947,-0.515225,-0.00235256902,0.999975562,0.213931739,-0.215464517,-0.0443931483,0.960425496,-0.147520036,-0.244039,-0.038135998,0.930924892,0.101030082,-0.025654396,-0.0522219874,0.948560357,-0.0729925931,-0.0691159591,-0.127425164,0.913997293,0.0574683435,0.0191524848,-0.0622994341,0.929938793,-0.0178963821,-0.0258972868,-0.183290184,0.881086051,0.0161905028,0.0101943491,-0.0750777572,0.934125543,0.0303749982,-0.0677311048,-0.193702623,0.886286378,0.0827333182,-0.00422592508,-0.0558033697,0.89817059,-0.0445494577,-0.073569186,-0.142972708,0.832502067,0.0834593847,0.00678739836,0.0292355791,0.999966919,-0.080973424,-0.010199029,-0.0274273045,0.999962807,0.0532403551,0.425056905,-0.0341550745,0.838571131,-0.07544294,0.329285979,-0.0546728931,0.831709623,0.0165764578,0.773138583,0.0132270716,0.931625605,-0.133909553,0.732883871,0.03395072,0.91778338,-0.00722869625,0.807585835,0.0192564894,0.703946948,-0.137821466,0.767721236,8.89401872e-006,0.581639588,0.0176706444,0.81525,-0.0649509355,0.941035807,-0.142265543,0.770000935,-0.103226334,0.911796749
433.3333333333335,-0.0260616299,-0.553859532,-0.294921875,0.999971092,-0.00057837693,-0.573314428,-0.294432908,0.999937654,0.00302231289,-0.572616,-0.28240177,0.999918282,0.00185879832,-0.573160946,-0.287356108,0.999946892,-0.0217503719,-0.589512289,-0.296925187,0.999951541,-0.0196602121,-0.586288512,-0.309055239,0.999955,-0.0163228679,-0.575257659,-0.28927362,0.999965608,0.0901222154,-0.566352606,-0.207619846,0.99992317,-0.0470307171,-0.550816536,-0.167406633,0.999817193,0.0190122966,-0.547682822,-0.249436647,0.999928951,-0.0172473863,-0.519117296,-0.266161531,0.999917209,0.176497504,-0.425675482,-0.0572848842,0.999987543,-0.0941153839,-0.51519537,-0.000909429393,0.99997586,0.214000925,-0.215400234,-0.0444656797,0.960126698,-0.147561327,-0.244017363,-0.0363234,0.93020761,0.101028383,-0.0247460548,-0.0521521457,0.94826442,-0.0731194168,-0.0682746097,-0.125330508,0.914244831,0.0574936,0.0204334017,-0.0621321276,0.929677904,-0.0179802366,-0.0245792978,-0.180938661,0.881502032,0.0161300506,0.0119608101,-0.0748528615,0.933817863,0.0302543361,-0.0659470931,-0.191415057,0.886661172,0.0827197656,-0.00317430869,-0.0557043143,0.897861898,-0.044676397,-0.0726101,-0.140875801,0.833241761,0.0834469944,0.00683059078,0.0290938523,0.999967098,-0.0809576288,-0.0102437846,-0.0272931121,0.999962926,0.0532736704,0.425222665,-0.0361337028,0.83391577,-0.0754577443,0.329320639,-0.0547189787,0.825475693,0.0164084136,0.773551345,0.0137234703,0.928682566,-0.134317294,0.733077645,0.0340861268,0.914369047,-0.00746039441,0.807904899,0.0199532863,0.694770515,-0.138210952,0.767937899,0.00019822616,0.570912898,0.0173392389,0.815730751,-0.0640935674,0.938604,-0.142320186,0.770024717,-0.103016898,0.90851146
450.00000000000017,-0.0267623439,-0.554606616,-0.289957017,0.999970853,-0.00126026338,-0.574014962,-0.289621562,0.999937236,0.00237354077,-0.573324561,-0.277644783,0.999917805,0.00122819352,-0.573873699,-0.282597125,0.999946713,-0.0221124794,-0.59015578,-0.291912615,0.999951363,-0.0200275257,-0.58694315,-0.304003745,0.999954879,-0.0166838579,-0.575908363,-0.284228414,0.999965608,0.0897401273,-0.566544235,-0.204530597,0.99992311,-0.0467050858,-0.550946176,-0.163056314,0.999817908,0.0184151307,-0.548218131,-0.245123684,0.999929726,-0.0175657868,-0.519607782,-0.261571825,0.999918222,0.176463768,-0.425202847,-0.0557150953,0.999987781,-0.0941025391,-0.514817178,0.00298878434,0.999976277,0.214215025,-0.214852214,-0.0438785329,0.960110903,-0.147523597,-0.242405027,-0.0310646854,0.929644,0.101958491,-0.0239493735,-0.0522896685,0.948711693,-0.0731802,-0.0663608611,-0.120702475,0.915128112,0.0591257587,0.0211743824,-0.0622905,0.930368841,-0.0180478636,-0.0226748977,-0.176239684,0.882846236,0.0173691493,0.0128491959,-0.0750584453,0.934421062,0.0300115403,-0.0640809089,-0.18721278,0.887926221,0.0836635679,-0.00239041378,-0.0558549426,0.898776,-0.0447833203,-0.0708216503,-0.136441126,0.835061431,0.0834452286,0.00689800642,0.0289017279,0.999967575,-0.080950886,-0.0103161782,-0.0271128248,0.999963343,0.0532819368,0.425303191,-0.037992876,0.83206439,-0.075428091,0.329338491,-0.0552050956,0.823021531,0.0161854587,0.773929596,0.0128095904,0.92711854,-0.133898064,0.733320832,0.0325255245,0.912627757,-0.007748276,0.80822885,0.0191313904,0.688466907,-0.137682706,0.76821667,-0.00152688345,0.564287126,0.017068373,0.81579715,-0.0647295266,0.937269866,-0.141841561,0.770016551,-0.104491428,0.906910241
466.66666666666686,-0.027427163,-0.556204081,-0.289689153,0.999970794,-0.00180780585,-0.575482488,-0.289159924,0.999937177,0.00183913903,-0.574803889,-0.277194232,0.999918,0.000668843801,-0.57535249,-0.282112151,0.999946833,-0.0225441419,-0.591588318,-0.291504771,0.999951243,-0.0204671714,-0.588420928,-0.30362615,0.999954879,-0.0171158016,-0.577441037,-0.283810109,0.999965549,0.0894578695,-0.567345321,-0.203597635,0.999923646,-0.046638824,-0.551842332,-0.16211319,0.999818385,0.0178536717,-0.549601793,-0.244748279,0.99993068,-0.0180067066,-0.521029294,-0.261255175,0.999919176,0.176433057,-0.425233066,-0.0542612672,0.9999879,-0.0941523,-0.514934897,0.00381830358,0.999976337,0.215266481,-0.214759126,-0.0418825038,0.960736096,-0.14803803,-0.242149591,-0.0308303405,0.929413497,0.104540184,-0.02406542,-0.0518560261,0.949756324,-0.0733720586,-0.0666289479,-0.121673547,0.915283203,0.0621272102,0.0208328348,-0.0621918626,0.931762,-0.0181132518,-0.023301268,-0.177356258,0.883236527,0.0202617235,0.0122011155,-0.0749660134,0.935691774,0.0298435707,-0.0654874071,-0.188245326,0.888208807,0.0862562731,-0.00260356464,-0.0555271655,0.900633097,-0.0449700169,-0.0713401213,-0.137392223,0.835626423,0.0834483132,0.00692420173,0.0288713872,0.999968112,-0.0809501931,-0.0103386566,-0.0270774662,0.99996376,0.0532581694,0.425286561,-0.0379118547,0.836149693,-0.0754482746,0.329358965,-0.0552377,0.827197492,0.01617001,0.773465037,0.0139685152,0.928536177,-0.133687556,0.733454287,0.0326219648,0.914672,-0.00777760474,0.807705641,0.0205870438,0.690585554,-0.137429759,0.768379331,-0.00140865659,0.569162,0.0168085638,0.815533578,-0.0628093854,0.938159943,-0.141856387,0.77002126,-0.104242712,0.908659577
483.33333333333354,-0.0276518799,-0.557998896,-0.284290016,0.999970615,-0.00206403062,-0.577243745,-0.283551872,0.999936879,0.0016089445,-0.576620638,-0.271661937,0.999917924,0.000433536625,-0.577153563,-0.276571214,0.999946833,-0.0226864032,-0.593187213,-0.286019474,0.999950945,-0.0206160937,-0.590073943,-0.298138887,0.9999547,-0.0172550734,-0.579126954,-0.278348655,0.99996537,0.0892117321,-0.568730652,-0.19825989,0.999924183,-0.0464817062,-0.552893281,-0.156959012,0.999818265,0.0176686887,-0.551271617,-0.239567101,0.999931812,-0.0181143582,-0.522595644,-0.256191075,0.999920249,0.176483706,-0.425318837,-0.049382098,0.999988139,-0.0943048298,-0.515175521,0.00797001645,0.999976456,0.216930106,-0.21464327,-0.0381982587,0.961643,-0.148270383,-0.241980731,-0.0274412129,0.929570556,0.108636402,-0.024824243,-0.0516615473,0.951663136,-0.0736619234,-0.0672134832,-0.121470451,0.916665077,0.0669983551,0.0194327738,-0.0622857846,0.934319437,-0.0183522515,-0.0242937747,-0.177693069,0.885326385,0.0246846229,0.0101076057,-0.0750718266,0.938092709,0.0293445662,-0.0671892539,-0.188663647,0.890185595,0.0902773142,-0.00369651918,-0.0554452091,0.904109836,-0.0453123674,-0.0722433,-0.13724117,0.838374734,0.0834996179,0.00696819182,0.02885231,0.999968588,-0.0809937492,-0.0103799161,-0.0270578936,0.999964118,0.0532448515,0.425280184,-0.0378857329,0.839391589,-0.0755009726,0.329229832,-0.0555663407,0.830704391,0.0161616355,0.773318529,0.0148804989,0.929334641,-0.133239895,0.733467758,0.032628905,0.916059613,-0.00779459113,0.807524621,0.0217381883,0.691188931,-0.136872336,0.768409252,-0.00134112046,0.571951687,0.0168770514,0.815308809,-0.0610576272,0.938627779,-0.141712472,0.769901335,-0.104083009,0.909830689
500.0000000000002,-0.0283382609,-0.56091696,-0.274093628,0.9999699,-0.00264476473,-0.580188453,-0.273520947,0.999935448,0.00104743801,-0.57966727,-0.261733741,0.999916375,-0.000120564473,-0.580190778,-0.266669929,0.999945939,-0.0230508428,-0.596141219,-0.27546078,0.999949634,-0.0209916402,-0.593067,-0.287473828,0.999953568,-0.0176252946,-0.582046688,-0.267860353,0.999964476,0.0890672579,-0.571225107,-0.19023326,0.999923468,-0.0460368879,-0.555163383,-0.146686211,0.99981463,0.0172784291,-0.554002881,-0.230201349,0.999931693,-0.0183816962,-0.525219858,-0.246045753,0.999919713,0.17675294,-0.425706953,-0.043453522,0.999988258,-0.0942119658,-0.515838504,0.015911445,0.999976218,0.218805581,-0.214548647,-0.0347885899,0.962198198,-0.14814499,-0.241997778,-0.0209719278,0.928082049,0.112754546,-0.0252448767,-0.0504720286,0.953183532,-0.0738002136,-0.0684395954,-0.116931386,0.915767789,0.0721498877,0.0186366253,-0.0614877753,0.93647027,-0.0185455456,-0.0258263424,-0.173016071,0.884834111,0.0301736798,0.00913860742,-0.0741802305,0.940106809,0.0286535192,-0.0691246167,-0.184351623,0.889659464,0.0947780237,-0.00431775488,-0.0544019565,0.907099605,-0.0455854312,-0.0737807378,-0.132733345,0.838103712,0.0835687667,0.00701640826,0.0287765767,0.999969,-0.0810447484,-0.0104205972,-0.0269846488,0.999964237,0.0533788837,0.425297886,-0.038222447,0.840166569,-0.0757495537,0.329223484,-0.0560211875,0.831810117,0.0164351333,0.773457706,0.0149838161,0.929033518,-0.132673606,0.734179437,0.0326166712,0.916090369,-0.00755757792,0.807636857,0.0219345894,0.68789351,-0.136085987,0.769306242,-0.00132721791,0.570087731,0.0171953365,0.81562984,-0.0601695403,0.938069046,-0.141016766,0.771208763,-0.103911161,0.909546912
516.6666666666669,-0.0296780542,-0.563319743,-0.269984394,0.999969065,-0.00396303693,-0.582602,-0.269827783,0.999933898,-0.000248661352,-0.582174659,-0.258063108,0.999914944,-0.00138647284,-0.582676053,-0.262991935,0.999945104,-0.0240291655,-0.598352373,-0.271489054,0.999948084,-0.0219888613,-0.595332146,-0.283501536,0.999952197,-0.0186046753,-0.584281,-0.263920963,0.999963343,0.0884280801,-0.573448,-0.18765454,0.99992305,-0.0458911,-0.556599677,-0.142693356,0.99981004,0.01637627,-0.556231737,-0.226546168,0.999932,-0.0190322138,-0.52725482,-0.242011502,0.999919355,0.176939502,-0.426289201,-0.0413087085,0.999988496,-0.0942483768,-0.516142607,0.0207694583,0.99997592,0.219705611,-0.214569986,-0.0338261127,0.963204801,-0.148473039,-0.241914436,-0.0153705506,0.926748395,0.114768915,-0.0275847372,-0.050896883,0.95544368,-0.0753889084,-0.0715480223,-0.114492953,0.915629447,0.0746173412,0.0153439762,-0.0627828,0.93953824,-0.0202578679,-0.0301159471,-0.170969158,0.885428846,0.0326152369,0.00525759766,-0.0753623396,0.943001211,0.0260972679,-0.0746093169,-0.182628721,0.890248,0.0968421325,-0.00710498309,-0.0549902357,0.911335349,-0.0474501364,-0.0776689,-0.130449161,0.839167297,0.0836661756,0.00705375196,0.0285102334,0.999969482,-0.081128493,-0.0104532633,-0.0267197266,0.999964416,0.05337492,0.425249457,-0.0386019684,0.842091918,-0.0762186423,0.329194695,-0.0559789762,0.833674729,0.0166878738,0.773438334,0.0159716085,0.929549634,-0.13244316,0.73446995,0.0332920589,0.916862,-0.00732251024,0.807601,0.0232007038,0.687183142,-0.135771692,0.769682169,-0.000570155389,0.570530593,0.0174328182,0.81571424,-0.0585850962,0.938349426,-0.140968561,0.771903932,-0.102257445,0.910258174
533.3333333333335,-0.0313702375,-0.565728426,-0.267440945,0.99996835,-0.00545325363,-0.585015714,-0.267703563,0.999932349,-0.00175395911,-0.584655344,-0.255942643,0.999913454,-0.00288104801,-0.585160255,-0.260857582,0.99994421,-0.0252008438,-0.600782156,-0.268978715,0.999946594,-0.0231906082,-0.597808719,-0.280965954,0.999950886,-0.019796377,-0.586666226,-0.261422455,0.99996227,0.0876321,-0.575496435,-0.186757624,0.999922633,-0.045778852,-0.558369875,-0.140464723,0.999805808,0.015090988,-0.558387637,-0.224553317,0.99993211,-0.0200279299,-0.529420674,-0.239499301,0.999919,0.176932201,-0.427120984,-0.0415689275,0.999988735,-0.0942774862,-0.516754568,0.0241216384,0.999975622,0.220307425,-0.214640081,-0.034011703,0.964014828,-0.149324238,-0.242360458,-0.0129079437,0.924429119,0.115607172,-0.0283378232,-0.0522508547,0.957297206,-0.0781708136,-0.075706996,-0.113474756,0.915083,0.0756017491,0.0143611711,-0.0645616204,0.942082345,-0.0234055463,-0.0349974222,-0.169998392,0.885582864,0.0334196314,0.00426886929,-0.077005595,0.945391059,0.0224173777,-0.079705365,-0.181697592,0.890423179,0.0976594239,-0.00791796669,-0.0564106591,0.914808095,-0.0505257957,-0.0821917132,-0.129443392,0.839744508,0.0837020651,0.00707216,0.0278331824,0.999969721,-0.0811553523,-0.0104692206,-0.0260368884,0.999964297,0.0533799753,0.425124139,-0.038876988,0.84206,-0.0766478628,0.329170644,-0.0557195768,0.832394481,0.0167349037,0.773423433,0.0198704898,0.929028511,-0.132557735,0.735441,0.0354596116,0.91646719,-0.00731434766,0.807562768,0.0277358964,0.683318496,-0.135934502,0.77081877,0.00185200281,0.568130255,0.0165327415,0.816028416,-0.052982986,0.937701821,-0.142404795,0.773463309,-0.0983405709,0.909937859
550.0000000000001,-0.0321507975,-0.56675303,-0.268701136,0.999968231,-0.00622924091,-0.586101472,-0.269042283,0.999932349,-0.00251047709,-0.585755825,-0.257255316,0.999913871,-0.00362955476,-0.586260319,-0.262167454,0.999944687,-0.0257856697,-0.60173744,-0.270407975,0.999946058,-0.0237872899,-0.598791778,-0.282429904,0.999950349,-0.0203735307,-0.587654889,-0.262835473,0.999961674,0.0871127471,-0.576755583,-0.187777698,0.999923766,-0.0455608,-0.559134126,-0.141814604,0.99980253,0.0144826099,-0.559458554,-0.22570847,0.999933124,-0.0204253606,-0.530384779,-0.24074325,0.999919295,0.176929832,-0.427999824,-0.041954048,0.999989092,-0.0942807943,-0.517246604,0.0239356272,0.999975324,0.220736325,-0.214798689,-0.0344844759,0.965059698,-0.149910331,-0.242722154,-0.0120302299,0.922041833,0.116796583,-0.0288236011,-0.0535082184,0.959261417,-0.0796319246,-0.0787726194,-0.112948634,0.913232744,0.0771239549,0.0139207598,-0.0664272606,0.94467181,-0.0248348303,-0.038443394,-0.169522583,0.884185255,0.0346699134,0.00396598876,-0.0787372589,0.947817385,0.0205242485,-0.0835611448,-0.181376338,0.88912946,0.098832123,-0.00832879078,-0.0577265918,0.918267906,-0.0521506891,-0.0855064541,-0.129034147,0.838294506,0.083709605,0.00708978064,0.0274845697,0.999970317,-0.0811572373,-0.0104860011,-0.0257047694,0.999964476,0.0534040555,0.425051063,-0.0395329855,0.843672097,-0.0768284053,0.328873754,-0.0556119867,0.833179235,0.0163336657,0.773416042,0.0196045283,0.929889441,-0.132500857,0.735313594,0.0362904854,0.916863918,-0.00783869,0.807552457,0.0274140481,0.685216188,-0.135867119,0.770670772,0.00278859492,0.569620192,0.0166096352,0.816029549,-0.0532691739,0.938319147,-0.142384693,0.773427367,-0.0960368589,0.910430253
566.6666666666667,-0.0336889587,-0.571149707,-0.239870608,0.999965549,-0.00776523957,-0.590585709,-0.239993662,0.999926,-0.00403127773,-0.590462267,-0.228445619,0.99990648,-0.00510784425,-0.590866268,-0.233568534,0.999940395,-0.0268737525,-0.60653758,-0.240779072,0.999940455,-0.0249391831,-0.603651702,-0.252560824,0.999945223,-0.0215058867,-0.59230727,-0.233428508,0.999957561,0.0858279839,-0.580688834,-0.163359374,0.999918938,-0.0455215648,-0.563402534,-0.114734925,0.999784172,0.0131933624,-0.563657761,-0.198706,0.999929,-0.0214966387,-0.53457588,-0.212698817,0.999913335,0.176454172,-0.429271221,-0.0261204112,0.999989092,-0.0943660587,-0.519055724,0.0431465693,0.999974132,0.220739216,-0.215345,-0.0257763863,0.964770198,-0.151520059,-0.243612215,0.00139332179,0.917756438,0.118153572,-0.0298509691,-0.0465875417,0.960430741,-0.081810832,-0.0814868808,-0.100310043,0.910526514,0.0795985237,0.0129626384,-0.0592735708,0.946502328,-0.0270260554,-0.0411878824,-0.155905932,0.88228029,0.0374402329,0.00366042391,-0.0710296258,0.949527442,0.0183507614,-0.0860838369,-0.167354688,0.887265146,0.100648724,-0.00923573319,-0.0507933199,0.920800924,-0.0545838401,-0.0883425474,-0.115950979,0.836318612,0.083698377,0.00715865754,0.0272808447,0.999970257,-0.0811263323,-0.0105296383,-0.0255009979,0.999963522,0.0528368801,0.425050527,-0.0441964269,0.838083863,-0.0770543218,0.328865021,-0.0555378757,0.824899316,0.0144015662,0.775198221,0.0155009218,0.926747143,-0.132805154,0.73537606,0.037874952,0.912127435,-0.0100944694,0.809320033,0.0232918803,0.675186157,-0.136195421,0.770773351,0.00433566561,0.557144046,0.0161982849,0.818505168,-0.0548554435,0.935159147,-0.142572299,0.774000347,-0.0900494084,0.905293226
583.3333333333334,-0.0336830355,-0.572922766,-0.245592833,0.999965,-0.00777801918,-0.5922966,-0.245665476,0.9999246,-0.00405007554,-0.59217,-0.23404108,0.999905109,-0.00512275612,-0.592596,-0.23909682,0.99993968,-0.0268859472,-0.608179808,-0.246807337,0.999939203,-0.0249508843,-0.605315864,-0.258684844,0.999944091,-0.0215194672,-0.593922675,-0.239381,0.999956548,0.0857225582,-0.582357645,-0.167333022,0.999918282,-0.0451653078,-0.564679146,-0.120062433,0.999779344,0.0131772319,-0.565396309,-0.203673333,0.999928653,-0.0215036161,-0.536217391,-0.218202159,0.999912381,0.176470011,-0.430037111,-0.0281602293,0.999989271,-0.0942577571,-0.520197928,0.0399625637,0.999973774,0.221806571,-0.215665847,-0.0265361462,0.964848518,-0.152028874,-0.245073065,-0.00112881686,0.915299833,0.12161769,-0.0301616602,-0.0473852269,0.961497545,-0.0831879154,-0.0844543874,-0.101908758,0.909643,0.0836094245,0.0127407173,-0.0602826774,0.948074043,-0.0288553219,-0.0441257767,-0.157725632,0.882133067,0.0414710641,0.00361491251,-0.0721398145,0.951006949,0.0167121291,-0.0887182131,-0.16907461,0.887142599,0.10427209,-0.00948259421,-0.0517009385,0.922939241,-0.0560608469,-0.091131255,-0.117563955,0.836271584,0.0836499408,0.00723200757,0.0270630885,0.999970317,-0.0810578391,-0.0105984285,-0.0252937917,0.999963045,0.0528531075,0.425089,-0.0448764563,0.834858716,-0.0770149082,0.328792125,-0.0539548844,0.819638491,0.0143002197,0.775862,0.0124040814,0.925797164,-0.132540673,0.735404193,0.0385808572,0.91003859,-0.0102258883,0.809942365,0.0197125264,0.671954751,-0.135884032,0.770807385,0.00487251487,0.551674724,0.0161823854,0.81866169,-0.0591569208,0.934353113,-0.141928896,0.774002671,-0.089436911,0.903386652
600.0,-0.0336486064,-0.572793,-0.237806767,0.999965131,-0.00780669786,-0.592120171,-0.236666277,0.999924541,-0.00407695118,-0.591991544,-0.225202948,0.99990505,-0.00514558051,-0.592419863,-0.230269939,0.999939799,-0.0269054435,-0.607926488,-0.238484502,0.999939203,-0.0249658879,-0.605069399,-0.250297755,0.999944,-0.0215344094,-0.593709707,-0.23101075,0.999956429,0.0852285922,-0.582338512,-0.157156035,0.999918401,-0.0451443195,-0.564541936,-0.112064645,0.999778092,0.0131796729,-0.565408945,-0.195726126,0.999929607,-0.0214936,-0.536091566,-0.210927084,0.999913216,0.176358446,-0.430020869,-0.0183243267,0.99998951,-0.09436398,-0.520156384,0.0435016304,0.999973953,0.222327173,-0.21577172,-0.0160719641,0.964361072,-0.154229939,-0.244950518,-0.00206601829,0.914152741,0.127617329,-0.0300209839,-0.0385317095,0.962267518,-0.0850973278,-0.0856804103,-0.10314545,0.910095811,0.0914287567,0.0131972292,-0.0516108945,0.949220538,-0.0310999826,-0.0459302962,-0.159554198,0.883160651,0.0491791554,0.00500799,-0.0639924631,0.952084124,0.0151130399,-0.0906576887,-0.170820862,0.888046861,0.110554293,-0.00913081132,-0.0432870314,0.92448014,-0.0579154789,-0.0923603177,-0.118665956,0.837276518,0.0836123899,0.00733015267,0.0271251015,0.999970317,-0.080999434,-0.0107007865,-0.0253418591,0.999962568,0.0527802743,0.424649447,-0.0480009317,0.828859031,-0.0764204338,0.328655779,-0.0547526777,0.813306928,0.013862052,0.775872827,-0.0032015976,0.923201561,-0.131846756,0.735126853,0.0339105092,0.906350911,-0.0106529659,0.80998826,0.0026750674,0.66497004,-0.135009274,0.770552158,-0.000488948834,0.543824553,0.0162308421,0.818129718,-0.0780939609,0.932138562,-0.139070928,0.773217261,-0.0939953327,0.89956826
616.6666666666666,-0.0335047431,-0.572632432,-0.239518628,0.999965072,-0.00777580962,-0.592010438,-0.238099009,0.999924183,-0.00404944783,-0.591833532,-0.226606,0.999904394,-0.00511219166,-0.592269242,-0.231664866,0.999939561,-0.0268976558,-0.607792675,-0.240155533,0.999938965,-0.0249539781,-0.604972482,-0.251987815,0.999943674,-0.0215251129,-0.593607545,-0.232658476,0.999956131,0.0850666612,-0.582210779,-0.1569096,0.999918103,-0.0451906137,-0.564073741,-0.11308948,0.999776,0.01323028,-0.565271735,-0.196916118,0.999930382,-0.0214642826,-0.535976946,-0.212488785,0.999914,0.176354632,-0.429306597,-0.0172231644,0.999989629,-0.0949764475,-0.519849718,0.0431676544,0.999974072,0.2233015,-0.21554108,-0.014072665,0.963924408,-0.157433733,-0.244963869,-0.00286268909,0.913397968,0.134538576,-0.0271870904,-0.0364177637,0.962907195,-0.0906384215,-0.088067852,-0.114740536,0.911375105,0.100010745,0.0170794372,-0.0492510535,0.950108409,-0.0378895029,-0.0492557585,-0.172787204,0.885111272,0.0580808744,0.0109762596,-0.0624484681,0.952936172,0.00912365783,-0.0935239866,-0.184276164,0.889879763,0.117839031,-0.00529370783,-0.0415151343,0.925732732,-0.0634706,-0.0945962891,-0.130542755,0.839500666,0.0836137086,0.00740390737,0.0271288157,0.999970198,-0.0809952691,-0.0107821291,-0.0253351834,0.999962151,0.0527297072,0.424611509,-0.0489756912,0.823617041,-0.0762123764,0.328794152,-0.0547439717,0.807428479,0.0137695726,0.776079118,-0.00630060444,0.920843482,-0.13179791,0.735321581,0.0328050405,0.903780162,-0.0107385712,0.81024766,-0.000575807935,0.657360137,-0.134954259,0.770766199,-0.00192605122,0.536659658,0.0164191537,0.818119407,-0.0825493932,0.930130482,-0.138662592,0.773210227,-0.0964219645,0.896729589
633.3333333333333,-0.033415895,-0.571712554,-0.241346598,0.999965847,-0.00772417709,-0.590832353,-0.239942834,0.999925852,-0.00399756897,-0.59075,-0.228429586,0.999906301,-0.00506023783,-0.591161311,-0.233447924,0.999940813,-0.0268726014,-0.60648042,-0.241937146,0.999940455,-0.0249268096,-0.603767335,-0.253752142,0.999945045,-0.0214842726,-0.592470765,-0.234376818,0.999957263,0.0850583613,-0.581089556,-0.158015251,0.999919593,-0.0451254621,-0.562681913,-0.114129908,0.999781,0.013295575,-0.564503193,-0.198558956,0.999932766,-0.0213919878,-0.534972787,-0.214137942,0.999916911,0.176719055,-0.427134514,-0.0162579976,0.999989808,-0.0954984874,-0.51947087,0.0432609171,0.999974787,0.224443778,-0.21263203,-0.00741554238,0.963409901,-0.159199774,-0.244640425,-0.0036767961,0.914592922,0.144519076,-0.0209699385,-0.025545612,0.963617265,-0.0966521502,-0.091578424,-0.127609268,0.915808856,0.11217887,0.0233835317,-0.0373267569,0.950960159,-0.0459387898,-0.0554401204,-0.188181758,0.890765369,0.0715530366,0.0185938608,-0.0521827526,0.953763127,0.00108623144,-0.100000724,-0.200385854,0.895304739,0.128564239,0.00172979012,-0.0312582403,0.926885843,-0.0698213205,-0.098349005,-0.144001767,0.846592903,0.0837008134,0.00753902737,0.0271264296,0.999970257,-0.0810666308,-0.0109362351,-0.0253252164,0.99996227,0.0522454903,0.424545109,-0.0491335876,0.822123349,-0.07628607,0.328911871,-0.0552229434,0.806339622,0.0134713892,0.776153803,-0.0102382516,0.920388162,-0.131128371,0.73554343,0.0317096822,0.902797818,-0.0110374633,0.810371518,-0.00503131608,0.654424131,-0.134208009,0.771031559,-0.00313885976,0.534346521,0.016789427,0.81779176,-0.0883229822,0.929855824,-0.138456389,0.773210824,-0.0979479104,0.895855963
649.9999999999999,-0.0333516337,-0.57032603,-0.240659595,0.999966145,-0.00770072406,-0.58926177,-0.239034265,0.999926269,-0.00397947291,-0.589265227,-0.22754474,0.999906659,-0.00503924303,-0.589653909,-0.232527658,0.999941051,-0.0268680546,-0.604773581,-0.241005957,0.999941111,-0.0249218065,-0.602172434,-0.252802074,0.9999457,-0.0214697123,-0.590913236,-0.233423367,0.9999578,0.0849661902,-0.579633653,-0.156664714,0.99992,-0.0451222733,-0.56096071,-0.113211066,0.999783695,0.0133256232,-0.563303,-0.197914854,0.999934494,-0.0213583689,-0.533583581,-0.213595465,0.999919,0.177177981,-0.423746258,-0.0150054898,0.999989927,-0.0968020558,-0.518963039,0.0439280197,0.999975383,0.225906983,-0.206484959,-0.00478136772,0.963032424,-0.161016211,-0.244224876,-0.00485004531,0.915776074,0.151487842,-0.0107565718,-0.0208067894,0.964318573,-0.104712054,-0.0948744193,-0.14092645,0.920471072,0.120383404,0.0341749117,-0.0319720395,0.951833963,-0.0569417775,-0.0605907589,-0.20284912,0.896809399,0.0796185359,0.0301997345,-0.0475906394,0.954620361,-0.0100839995,-0.104975395,-0.215521425,0.901109,0.135563537,0.0125358561,-0.0267756712,0.928129196,-0.078577809,-0.101691753,-0.157711878,0.854340792,0.0838101506,0.00772862416,0.0271160789,0.999970198,-0.0811587,-0.0111515131,-0.0253124237,0.999962211,0.0515269823,0.424425811,-0.0494912937,0.820789576,-0.0763107091,0.328974873,-0.0566102937,0.805755794,0.0127365133,0.776451766,-0.012597275,0.919963896,-0.130513445,0.735555053,0.0305079333,0.901620686,-0.0117483009,0.81083113,-0.00754550193,0.651930094,-0.133582518,0.771042466,-0.00438392581,0.532029808,0.0170659777,0.817577,-0.0913776681,0.929499269,-0.138341486,0.773032129,-0.0990479812,0.894708037
666.6666666666665,-0.033319734,-0.570595503,-0.231992856,0.999966323,-0.00768860383,-0.589473426,-0.229406297,0.999926209,-0.0039703981,-0.589523554,-0.21808295,0.999906301,-0.00502868462,-0.589896739,-0.222915977,0.999940753,-0.026915092,-0.604881167,-0.231291413,0.999941528,-0.0249717645,-0.60232991,-0.242987275,0.999946237,-0.0215005,-0.591085434,-0.223774612,0.999958277,0.0849184915,-0.579719365,-0.145543143,0.999919593,-0.0454116166,-0.560931802,-0.102325134,0.999786198,0.0133609,-0.563522875,-0.189227715,0.999935806,-0.0213616416,-0.533699155,-0.204863742,0.999920726,0.177937791,-0.423060268,-0.00565598207,0.999989867,-0.0987274125,-0.518929243,0.0516733229,0.999975801,0.228797212,-0.205638468,0.00364192924,0.96236372,-0.163093135,-0.244201884,-0.00549301738,0.916381717,0.160181448,-0.0091815358,-0.015396568,0.965052307,-0.113335617,-0.103426062,-0.151736066,0.925228059,0.130761012,0.0357417427,-0.0270266887,0.952858567,-0.0685199872,-0.0724350139,-0.215467334,0.903091,0.0894352421,0.0324064754,-0.0433491021,0.955644667,-0.0216322076,-0.116887473,-0.227984801,0.907162488,0.144090176,0.014432759,-0.0216827244,0.929640353,-0.0878433287,-0.110614389,-0.16854845,0.862508178,0.0841202438,0.00787507091,0.0271217618,0.999969959,-0.0814523548,-0.0113177188,-0.0253014378,0.999962,0.0504154861,0.424413562,-0.0496526062,0.818297505,-0.0765383914,0.329073697,-0.0580167361,0.804328084,0.0125936577,0.776789725,-0.0110224113,0.918527067,-0.130574539,0.735564649,0.0305700861,0.89984256,-0.0118712122,0.811306298,-0.00569884293,0.646419168,-0.13366282,0.77105,-0.00426645484,0.526885,0.0172410011,0.817484856,-0.0892813876,0.928460598,-0.138352856,0.773001194,-0.0990783647,0.893074691
683.3333333333331,-0.0329519138,-0.572044,-0.221937522,0.999966681,-0.00736604584,-0.590986133,-0.219052106,0.999926567,-0.00370951975,-0.591145456,-0.20781441,0.9999066,-0.00473691337,-0.591495,-0.212568939,0.999940813,-0.0268064458,-0.606234372,-0.220644847,0.999942124,-0.0248734392,-0.603841305,-0.232297853,0.999947,-0.0213661101,-0.592562497,-0.213219047,0.999958873,0.0851392597,-0.581026912,-0.135638013,0.999919713,-0.0453802124,-0.561722696,-0.0912976488,0.999788523,0.0138082318,-0.56483537,-0.17957443,0.99993664,-0.0211178064,-0.534799874,-0.194845527,0.99992162,0.17960307,-0.42302075,0.00160594599,0.999989688,-0.0992096961,-0.519713581,0.0603976585,0.99997592,0.232482508,-0.205762118,0.0111313844,0.961759686,-0.164282903,-0.246373087,-0.00598714454,0.91568,0.167087182,-0.00925512798,-0.00479119,0.965545893,-0.11760813,-0.120142199,-0.160598099,0.92905128,0.138476923,0.0358639136,-0.0161951892,0.953570962,-0.0738153532,-0.0921254,-0.225669473,0.908430874,0.0969145149,0.0328840688,-0.0327716284,0.956365347,-0.0264821649,-0.137544423,-0.237334713,0.912301183,0.150983781,0.0145007987,-0.010955533,0.930732727,-0.0922341868,-0.128055274,-0.177280813,0.869386673,0.0843033344,0.00806395337,0.0271156542,0.999969721,-0.0816383287,-0.0115158483,-0.0252813213,0.999961615,0.049516581,0.424016476,-0.0495907143,0.815167904,-0.076545544,0.328873247,-0.057993643,0.80142808,0.0123673277,0.776777089,-0.0100566242,0.917036414,-0.129951671,0.734549165,0.0321679898,0.897173822,-0.0120695168,0.811310172,-0.00454583438,0.643070519,-0.132920086,0.769946277,-0.00254320819,0.521862924,0.0177528877,0.816155195,-0.0879401,0.927442312,-0.136436969,0.771811545,-0.0962310508,0.890592933
699.9999999999998,-0.0328670479,-0.574325204,-0.215329736,0.999967039,-0.00722872373,-0.593190193,-0.21271202,0.999927,-0.0036029045,-0.593498,-0.201528788,0.999906957,-0.00461686589,-0.593799114,-0.206203341,0.999941,-0.0267315507,-0.608517587,-0.21406725,0.99994266,-0.0248180851,-0.60624826,-0.225599661,0.999947667,-0.0212773941,-0.594925523,-0.20662947,0.999959409,0.0852348208,-0.582845688,-0.130131498,0.99992007,-0.0452548452,-0.563722789,-0.0849366,0.999790967,0.0139122838,-0.566877842,-0.173441306,0.999937713,-0.0210523549,-0.536853254,-0.188279048,0.999922872,0.180360287,-0.423129022,0.00621236395,0.999989629,-0.099812381,-0.521259367,0.0672589391,0.999976099,0.235993743,-0.205878496,0.0187760312,0.961617947,-0.166661054,-0.249298751,-0.00504424237,0.915826678,0.174417987,-0.00984890573,0.00661775423,0.966791749,-0.124808043,-0.134083793,-0.161853179,0.933641076,0.146936774,0.0351516046,-0.00393770589,0.955188274,-0.0824886,-0.108991794,-0.227271885,0.914567113,0.105401635,0.0320364758,-0.0209770389,0.957934558,-0.0352400802,-0.155266911,-0.238703191,0.9182145,0.158508241,0.0138572,0.000378824509,0.933125675,-0.0998717621,-0.142934889,-0.178409263,0.877588272,0.0844754502,0.00817271601,0.0270444,0.999969,-0.0818060562,-0.0116311228,-0.025154341,0.999960482,0.0487472229,0.423603773,-0.0496877655,0.810597241,-0.076745376,0.328497112,-0.0580058917,0.796126664,0.0123689696,0.776545227,-0.00947444793,0.913573325,-0.129954442,0.734055758,0.0342031345,0.892840385,-0.0120735429,0.81109637,-0.00399183249,0.634402454,-0.132930592,0.769464791,-0.000217516892,0.514112175,0.0177390743,0.815518141,-0.0871439576,0.924821794,-0.136580497,0.771244109,-0.0916838124,0.886705518
716.6666666666664,-0.0323070586,-0.575145423,-0.215048879,0.999967873,-0.0065017892,-0.593989313,-0.21281448,0.999928713,-0.00298181339,-0.594332695,-0.201624185,0.999909,-0.00396569818,-0.594620109,-0.206206352,0.999942183,-0.0261986963,-0.609226644,-0.213788256,0.999944329,-0.0243256465,-0.607025146,-0.225228906,0.999949336,-0.0206834916,-0.595691264,-0.206279114,0.99996078,0.0862430707,-0.583204091,-0.131032065,0.999921799,-0.0443761833,-0.563865483,-0.0842741355,0.999797642,0.0146763958,-0.567443311,-0.173506364,0.99993974,-0.0203670301,-0.537297845,-0.187813193,0.999925435,0.18337588,-0.42294544,0.00505359564,0.999989688,-0.0998928249,-0.521115184,0.070756577,0.999976575,0.24151969,-0.206010059,0.0203092787,0.961476266,-0.167139992,-0.249074385,-0.00449868897,0.915576875,0.18540214,-0.00862362701,0.0135941058,0.967615843,-0.130088866,-0.14047,-0.169772014,0.938260496,0.15992254,0.0360818058,0.00504776975,0.956123352,-0.0891595557,-0.119470336,-0.237203598,0.920717597,0.120240897,0.0342423618,-0.0130652236,0.958863556,-0.0426231548,-0.167306334,-0.248557061,0.924129546,0.170420647,0.0157385133,0.0071920245,0.934591591,-0.105646707,-0.150669724,-0.186599419,0.885871649,0.0849339589,0.00827196892,0.0265196115,0.999968886,-0.0822749212,-0.0117418878,-0.0244860929,0.999960244,0.0486240052,0.423614591,-0.050872732,0.810199618,-0.0769783333,0.328382224,-0.0583027489,0.793261886,0.0130773671,0.777610898,-0.00886433758,0.911320686,-0.129269034,0.734053731,0.0358803608,0.88950479,-0.0114014437,0.812306643,-0.00329077384,0.626443207,-0.132190153,0.769469261,0.00165579875,0.507253468,0.0181175508,0.816941142,-0.0866826475,0.92304641,-0.136663422,0.771233857,-0.0888404325,0.883968294
733.333333333333,-0.0322671235,-0.575681,-0.215908408,0.99996841,-0.00636569178,-0.59451133,-0.213984162,0.999929607,-0.00289587746,-0.594885647,-0.202789769,0.999909937,-0.00387057103,-0.595146179,-0.207308486,0.999942601,-0.0261487067,-0.609693587,-0.214670941,0.999945462,-0.0242894124,-0.607545793,-0.226050764,0.999950588,-0.0206095204,-0.5962,-0.207122475,0.999961853,0.0867113546,-0.583442032,-0.132487521,0.999922574,-0.0440944321,-0.563941836,-0.0846791342,0.999803066,0.0148241594,-0.567805,-0.174500227,0.99994117,-0.0202571359,-0.537579656,-0.18845804,0.999927402,0.185491458,-0.422860712,0.00403266354,0.999989629,-0.100214072,-0.520891607,0.072015442,0.999977,0.24464564,-0.20608893,0.0226946436,0.961257339,-0.168263033,-0.248901203,-0.00457709422,0.916105092,0.190821618,-0.00816965662,0.0200418904,0.968447626,-0.133873031,-0.150175169,-0.178541079,0.942948699,0.165945336,0.0363310948,0.0127397319,0.957056403,-0.093379654,-0.133306816,-0.247794092,0.926881731,0.127390698,0.0352162197,-0.00617893366,0.959796786,-0.0466567837,-0.182798803,-0.258596897,0.930054843,0.176263914,0.0166275576,0.0135564292,0.936080217,-0.109451264,-0.161844596,-0.195294335,0.894286335,0.0854895338,0.00836960506,0.0260712039,0.999968469,-0.0828568861,-0.0118492134,-0.0239039604,0.999959767,0.0480276495,0.423635,-0.0518854372,0.810060084,-0.077554,0.328154504,-0.0585853532,0.791108966,0.0138688497,0.778748333,-0.00645152712,0.908955038,-0.129345626,0.733932197,0.0403308496,0.886557281,-0.0106410515,0.813580692,0.000126191342,0.617590427,-0.132317156,0.769375384,0.00684159808,0.50004077,0.0181339,0.819123268,-0.081366092,0.92126143,-0.138554916,0.771242499,-0.0826514661,0.881751478
749.9999999999997,-0.0314839222,-0.577167273,-0.206921384,0.999968469,-0.00553319883,-0.596100569,-0.205301031,0.999929309,-0.00222573127,-0.596548438,-0.194184124,0.99990952,-0.00314213615,-0.59678334,-0.198464096,0.999941945,-0.0255047251,-0.611094773,-0.205674037,0.999945819,-0.0236834828,-0.609081268,-0.216944784,0.999951303,-0.019867247,-0.597675383,-0.198161259,0.999962449,0.0872993469,-0.58535254,-0.124754682,0.999922097,-0.0433794893,-0.565044403,-0.0762959421,0.999807,0.0156157697,-0.569217563,-0.166046381,0.999941587,-0.0194671117,-0.538775265,-0.179614648,0.999928236,0.187970802,-0.423081458,0.00880086608,0.99998951,-0.100233205,-0.521280587,0.0789046288,0.99997735,0.247852892,-0.20665,0.029217802,0.960974813,-0.168072104,-0.248937398,-0.00453306967,0.915638268,0.197495595,-0.00800069608,0.0278244205,0.969368339,-0.133781612,-0.161028862,-0.187292174,0.947347462,0.174165383,0.0364948362,0.0206419751,0.95815891,-0.0945376381,-0.146781191,-0.258052349,0.93271637,0.135649472,0.0358942784,0.0012311734,0.960919201,-0.0474255085,-0.196709365,-0.268080056,0.935664952,0.18308872,0.017130224,0.0212301668,0.937872708,-0.109525762,-0.173219472,-0.203806698,0.902303934,0.0860798582,0.00848818943,0.0255064126,0.999967813,-0.0834960267,-0.0119875092,-0.0231575593,0.999959,0.0475787595,0.423652142,-0.052944608,0.806856453,-0.0776098073,0.328190148,-0.0586164817,0.785242558,0.0169222169,0.77912873,-0.00412528543,0.90359515,-0.129341558,0.733835399,0.0431450121,0.880803049,-0.00756071042,0.814034522,0.00329609565,0.603375375,-0.132323742,0.769285738,0.00995346811,0.489248872,0.0176968668,0.820853412,-0.0769197866,0.917634785,-0.139327943,0.771353245,-0.0788940862,0.877709508
766.6666666666663,-0.0305345226,-0.578245938,-0.2057008,0.999968052,-0.00448438153,-0.597315669,-0.204078883,0.999927938,-0.00134460733,-0.597816527,-0.192886248,0.999907434,-0.00220738049,-0.598008454,-0.197123826,0.999940276,-0.0248141065,-0.612228572,-0.204544947,0.999945402,-0.0230362881,-0.610289097,-0.215757817,0.999951303,-0.0191071499,-0.598854542,-0.197024569,0.999962628,0.0879359171,-0.587258,-0.12239895,0.999920189,-0.043191094,-0.566408098,-0.0747002065,0.999808133,0.0164257567,-0.57044059,-0.164445072,0.999940872,-0.0188143048,-0.5398224,-0.178129554,0.999927759,0.18962948,-0.423985898,0.0113096386,0.999989152,-0.100264072,-0.522403061,0.0812668353,0.99997741,0.250567883,-0.208353251,0.0378849208,0.960294306,-0.167986706,-0.251302034,-0.00486932183,0.915660381,0.202129528,-0.00698370067,0.0456333607,0.96984303,-0.136055008,-0.170999676,-0.197602585,0.95143038,0.179046944,0.0380064361,0.0403851,0.958583713,-0.0984941199,-0.158226252,-0.269841224,0.938107073,0.14129442,0.0389756821,0.0197683256,0.961422622,-0.0503724106,-0.206978157,-0.278863758,0.940845311,0.18802245,0.0190917198,0.0390052199,0.938798785,-0.111924425,-0.182903722,-0.213923216,0.909742653,0.086428389,0.00855982862,0.024984939,0.999966919,-0.0838837326,-0.0120755807,-0.0224559922,0.999958158,0.0472057313,0.423881263,-0.0534196943,0.804405093,-0.0783015713,0.328290045,-0.0585102886,0.779687464,0.0178465396,0.779861391,-0.00235753763,0.899413228,-0.129585698,0.733835399,0.0460213944,0.876518667,-0.0067620636,0.81486088,0.00557140494,0.591636777,-0.132617533,0.769288182,0.0129325297,0.480506688,0.0167498,0.823185,-0.0742737353,0.914872706,-0.140818477,0.771946847,-0.0762561113,0.874852479
783.3333333333329,-0.030713642,-0.578296602,-0.200715452,0.999968112,-0.0045396979,-0.597448468,-0.199774563,0.999928057,-0.00144092983,-0.597966433,-0.18856515,0.999907315,-0.00227824622,-0.59815371,-0.192729399,0.99994,-0.0249038264,-0.612354875,-0.199442118,0.999945819,-0.0231425781,-0.610439062,-0.210560158,0.999951959,-0.019170763,-0.599002123,-0.191923931,0.999963224,0.0880751312,-0.58776772,-0.119441122,0.999920189,-0.0429561511,-0.566797853,-0.0685545951,0.999811411,0.016363427,-0.570551574,-0.160012856,0.999941111,-0.0188636035,-0.539898872,-0.172663376,0.999928176,0.190703109,-0.424132586,0.01405745,0.999989,-0.100146502,-0.522800267,0.0881615877,0.999977589,0.251466185,-0.208405241,0.0435864329,0.960142136,-0.167278498,-0.252628237,-0.0036841468,0.915101111,0.203301981,-0.00118634326,0.0560738184,0.970696449,-0.140250772,-0.178201631,-0.198165223,0.955125511,0.180806935,0.0449965037,0.0514448322,0.959492743,-0.105584539,-0.167563424,-0.270428836,0.943000138,0.143162489,0.0487256534,0.0305955913,0.962348402,-0.0583206117,-0.215165734,-0.27954933,0.945548,0.189308465,0.0265930071,0.0495346859,0.940295398,-0.117013201,-0.189945251,-0.214636967,0.916538179,0.086829856,0.00866202358,0.0242800582,0.999966919,-0.0843140781,-0.0121979946,-0.0215537101,0.999958217,0.0466190949,0.424626946,-0.0543569252,0.804108441,-0.0796580836,0.328836322,-0.0587770455,0.77842921,0.0178145822,0.781767249,-0.000519378693,0.896234512,-0.129765972,0.734184206,0.0459840894,0.874491155,-0.00680994382,0.816979647,0.00789995119,0.580817401,-0.132794857,0.769675732,0.0128256287,0.475140899,0.0133907925,0.827970386,-0.0718458295,0.912929595,-0.14191021,0.773973167,-0.0766505,0.874233127
799.9999999999995,-0.0311434418,-0.578240335,-0.188465253,0.999964654,-0.00481190579,-0.597388387,-0.188518733,0.999920547,-0.00173072901,-0.59790647,-0.177310869,0.999897122,-0.00251477817,-0.598095298,-0.181715563,0.999934196,-0.0250450149,-0.612319112,-0.187712073,0.999940038,-0.0233061314,-0.610395074,-0.198655367,0.999946654,-0.0193223581,-0.598957419,-0.180252478,0.999959707,0.0880713537,-0.587882578,-0.111316264,0.999912202,-0.0426224396,-0.567044377,-0.0570986532,0.999791622,0.0160460435,-0.570504129,-0.148753554,0.999935031,-0.0190362912,-0.539863765,-0.160252735,0.999919891,0.190646261,-0.424250424,0.0188665166,0.999988496,-0.0997134745,-0.522640824,0.101045854,0.999976039,0.25128147,-0.208662972,0.0455204137,0.958777249,-0.167202502,-0.252544075,0.00881641917,0.908862174,0.203967854,0.00353237614,0.0570811927,0.970916867,-0.143635616,-0.184958354,-0.193583027,0.957326055,0.183380872,0.0501928888,0.0523498915,0.959461868,-0.108517267,-0.177955538,-0.269073844,0.946279228,0.14651002,0.0566542745,0.032235723,0.962386489,-0.0619460829,-0.227160305,-0.275469899,0.948718488,0.190785021,0.0326607339,0.0505707562,0.940489829,-0.120848343,-0.198399842,-0.209927037,0.920844674,0.0868631229,0.00872807,0.0230501834,0.999966,-0.0843387172,-0.0122777745,-0.0201739147,0.999956548,0.0462921336,0.425989658,-0.0577973574,0.78827554,-0.0809633359,0.329004228,-0.0594366901,0.759839714,0.017821189,0.789583266,-0.00308288657,0.8825261,-0.129715458,0.735319376,0.041893702,0.861700952,-0.00683839573,0.825203,0.00518243387,0.555226505,-0.13266252,0.771011472,0.00775381178,0.455882311,0.0132013876,0.837119699,-0.073255755,0.901893854,-0.142080456,0.775570512,-0.0797593221,0.86326921
816.6666666666662,-0.0312726833,-0.579068303,-0.184792981,0.999963105,-0.00481879245,-0.598475218,-0.184932813,0.999917626,-0.00175143918,-0.599097,-0.17364949,0.99989295,-0.00252259104,-0.599257588,-0.178200707,0.999932051,-0.0250447951,-0.613593936,-0.183801666,0.999937475,-0.0233116541,-0.611715913,-0.194726691,0.99994415,-0.0193239078,-0.600225508,-0.1763549,0.999958,0.0884042308,-0.589250803,-0.108780287,0.999909222,-0.0418023728,-0.568761766,-0.0526479781,0.999780834,0.0160069726,-0.571377814,-0.145584509,0.999931574,-0.01905117,-0.540717781,-0.156399593,0.999914229,0.191282406,-0.42530334,0.0200911462,0.999988079,-0.0987990052,-0.522786,0.104797,0.999974191,0.251942813,-0.20969668,0.0474008061,0.958300531,-0.167088151,-0.254920572,0.00996644236,0.904933572,0.2056216,0.00532391807,0.0635394678,0.971479177,-0.144136339,-0.203707159,-0.190274611,0.959429383,0.185610726,0.0527746491,0.0600525625,0.959889054,-0.108625986,-0.200203747,-0.263360679,0.94927448,0.149008602,0.0609651171,0.0398800634,0.962824,-0.0624198653,-0.24994646,-0.27150619,0.951596618,0.192751288,0.0352596454,0.0571034811,0.941220224,-0.121620923,-0.21808356,-0.206782743,0.92480576,0.0869077817,0.00876104552,0.0214622691,0.999965608,-0.0843775421,-0.0123106036,-0.0184464846,0.999955237,0.0455734134,0.426284283,-0.0606793277,0.779101551,-0.0836136192,0.328992724,-0.0595477447,0.744700134,0.0171747822,0.791688383,-0.00748638343,0.874997079,-0.129716173,0.735258102,0.04205966,0.851343155,-0.00773821771,0.827582061,0.000439371273,0.538846254,-0.132629573,0.770972133,0.00789579,0.442752182,0.0127147129,0.839416325,-0.0776198655,0.89547509,-0.144516155,0.775572717,-0.078204833,0.854733527
833.3333333333328,-0.0311824083,-0.579165459,-0.183599442,0.99996,-0.00457604881,-0.598689914,-0.184369385,0.999911845,-0.00156859332,-0.599347293,-0.173043355,0.999885619,-0.0022935553,-0.599502385,-0.177629143,0.999928117,-0.024572758,-0.61385566,-0.182983473,0.999932289,-0.0228965692,-0.611996233,-0.193910986,0.999939263,-0.0188693125,-0.600477755,-0.175524011,0.999954522,0.089239426,-0.58983624,-0.109692387,0.999904573,-0.0389795266,-0.569261551,-0.0525600389,0.999761641,0.0161952656,-0.571535468,-0.144996941,0.999926,-0.0186064895,-0.540840566,-0.15534085,0.999905,0.192715034,-0.426033765,0.0191942304,0.999987721,-0.0969636589,-0.522807062,0.106133409,0.999971628,0.253210694,-0.210329235,0.0484994836,0.958080769,-0.166040793,-0.255489737,0.0119969845,0.899737775,0.208842009,0.00741933286,0.0717241392,0.971996367,-0.143097445,-0.212399393,-0.188135877,0.960735321,0.189577773,0.055069454,0.0700211078,0.960170627,-0.10682293,-0.211478293,-0.261263639,0.951326311,0.153817385,0.0642607,0.0501817241,0.963102102,-0.0615078285,-0.26225242,-0.266752094,0.953558147,0.196560219,0.0379041,0.0656180531,0.941686511,-0.12070515,-0.227719322,-0.203843266,0.927388191,0.0869722813,0.00879342202,0.0198636744,0.999965668,-0.0844350755,-0.0123392986,-0.0168091711,0.999954402,0.04526,0.426778942,-0.061502751,0.775083125,-0.0842498764,0.329399407,-0.0595546,0.735996664,0.0170910973,0.794042885,-0.00813297,0.871759951,-0.128183663,0.7352525,0.0444905236,0.845142305,-0.00792736188,0.830206811,-0.000315480662,0.527708828,-0.13082619,0.770969272,0.0106293764,0.435048819,0.0122854728,0.842909873,-0.0785001516,0.892218649,-0.144862339,0.775858581,-0.0720271617,0.849973857
849.9999999999994,-0.0300119128,-0.57924372,-0.183223486,0.999957442,-0.00369685539,-0.598856866,-0.183823869,0.999906123,-0.000808065641,-0.599543393,-0.172597364,0.999878526,-0.00146456936,-0.599665165,-0.177032664,0.999924183,-0.0234650429,-0.613928735,-0.182694763,0.999927402,-0.0218892451,-0.612099946,-0.193631813,0.999935091,-0.0177674554,-0.600581586,-0.175243214,0.999951541,0.0897730589,-0.590537,-0.108811371,0.999900579,-0.037920218,-0.569320381,-0.0530269407,0.999742866,0.017388111,-0.571711481,-0.144693598,0.999921918,-0.0173025895,-0.5408957,-0.155396283,0.999897897,0.193898872,-0.427824438,0.0203307141,0.999987662,-0.0969719812,-0.522633851,0.105396241,0.99996978,0.255427182,-0.213595226,0.0599195138,0.958655238,-0.165748805,-0.254040599,0.0116519546,0.898111761,0.211470902,0.00680316426,0.0930426121,0.972964823,-0.142238155,-0.224115655,-0.190946415,0.962766886,0.191233069,0.0542219132,0.0931788832,0.960992515,-0.105372891,-0.229820549,-0.262212634,0.953980803,0.15453124,0.0626993701,0.073720552,0.963867307,-0.06123982,-0.283091962,-0.26726833,0.956072,0.198477656,0.0369058736,0.0873726904,0.942841411,-0.119862616,-0.241401643,-0.205817491,0.930802286,0.0872185901,0.00881708227,0.0198128242,0.99996531,-0.0847107247,-0.0123597421,-0.0167412106,0.999952853,0.0449441634,0.426436543,-0.0615772419,0.770610034,-0.0841700882,0.329357743,-0.059955705,0.727114856,0.0171134304,0.792292476,-0.00413959054,0.864704907,-0.127125025,0.732538819,0.0481067561,0.835518718,-0.00784900878,0.828543127,0.00452086749,0.516574562,-0.129599944,0.768227518,0.0149525199,0.424428195,0.0144153209,0.841032,-0.0730626285,0.88585335,-0.143960372,0.772908092,-0.0674084798,0.841430724
866.6666666666661,-0.0284129102,-0.579492271,-0.185200885,0.999955237,-0.00211758073,-0.599068701,-0.185546845,0.999901652,0.000600592582,-0.599796951,-0.174325705,0.999873,1.99158767e-005,-0.599866152,-0.178716213,0.999921203,-0.0219464134,-0.614083707,-0.184575289,0.999923587,-0.0205166917,-0.612307191,-0.195543572,0.999931753,-0.016295353,-0.600770235,-0.177115,0.999949217,0.0913101,-0.59087044,-0.109560162,0.999897182,-0.0372273177,-0.569408715,-0.0545656532,0.999726236,0.0190476086,-0.571914911,-0.146347731,0.999918163,-0.0159170814,-0.541059852,-0.15733622,0.9998914,0.195112705,-0.428983063,0.0198691245,0.999987543,-0.0970561877,-0.521244109,0.104140721,0.999967575,0.255558193,-0.215990886,0.0637513325,0.959202766,-0.161474049,-0.247460619,0.0108876331,0.897241235,0.211928874,0.00639782567,0.0994276628,0.974002779,-0.141251236,-0.237049177,-0.192638949,0.965024173,0.191820562,0.0536362156,0.100677341,0.961932719,-0.104888976,-0.25014025,-0.262583315,0.956826329,0.155201986,0.0617734827,0.0810297281,0.964745283,-0.0612953193,-0.306220591,-0.267491132,0.958779395,0.198787302,0.0361831598,0.0938133374,0.944214761,-0.119156055,-0.256916851,-0.207000136,0.934636474,0.0877393112,0.00883191917,0.0197183769,0.999964595,-0.0852640942,-0.012370971,-0.0166144501,0.999950767,0.0447406583,0.425686806,-0.0614792332,0.761048138,-0.0838110372,0.329317838,-0.0597119257,0.713403761,0.017326992,0.788834,0.00596652273,0.852671146,-0.126915857,0.728376687,0.0594318584,0.821271896,-0.00751996879,0.825228393,0.0160187967,0.499808103,-0.129398331,0.76390177,0.0278038513,0.409968913,0.014803621,0.839801,-0.0603380203,0.875730336,-0.143260077,0.770375311,-0.0530910566,0.829038262
883.3333333333327,-0.0282641686,-0.579553425,-0.186400488,0.999950767,-0.00205557095,-0.59912616,-0.186570585,0.999893069,0.000638527796,-0.59987849,-0.175317332,0.999862075,7.27919687e-005,-0.59991926,-0.179804832,0.999915421,-0.0218686871,-0.614083469,-0.185775578,0.999916077,-0.0204514731,-0.612319767,-0.196790144,0.999925,-0.0162173342,-0.60078,-0.17830959,0.999944508,0.0913565904,-0.591103852,-0.110282339,0.999890804,-0.0372297056,-0.569388211,-0.055836726,0.999695957,0.0192297082,-0.571983874,-0.147249207,0.99991256,-0.0157450065,-0.541077375,-0.158546984,0.999881506,0.195179805,-0.429936707,0.0195125844,0.999987483,-0.0976606384,-0.519624472,0.102711841,0.999964595,0.255338848,-0.217010885,0.0645683184,0.95937258,-0.157702073,-0.243801743,0.00637437264,0.895487845,0.210930869,0.00627107779,0.101165012,0.97482872,-0.140194297,-0.246229917,-0.196660548,0.966809094,0.19078441,0.0533710197,0.103198349,0.962548077,-0.104529165,-0.263108522,-0.265512854,0.959056556,0.153992951,0.0622507781,0.0833634064,0.965323925,-0.0624617152,-0.319779664,-0.27006653,0.960897803,0.197667822,0.0364279,0.0954838097,0.945102453,-0.118596405,-0.267208785,-0.210630149,0.937487185,0.0881335661,0.00882751122,0.0197222531,0.99996376,-0.0856811181,-0.0123721762,-0.0166173298,0.999948442,0.0438980684,0.425658,-0.0613955744,0.748758793,-0.0836102813,0.329398841,-0.0596967451,0.698437095,0.0173054505,0.788646221,0.0110053588,0.839315355,-0.127408743,0.727878511,0.0624015704,0.806443036,-0.00751822954,0.825141191,0.0215040036,0.481983155,-0.129943147,0.763440967,0.0310025178,0.393578172,0.0155458739,0.839223623,-0.0559163168,0.864893734,-0.142461717,0.770423114,-0.0522264242,0.816245139
899.9999999999993,-0.0270286836,-0.579533875,-0.187379614,0.999947,-0.000936303753,-0.599115491,-0.187463447,0.999885738,0.00164007756,-0.599872,-0.176222727,0.999852657,0.00113084365,-0.59990859,-0.180633858,0.999910355,-0.020867506,-0.614070356,-0.186737627,0.999909401,-0.0194840878,-0.612306416,-0.197761223,0.999918759,-0.0152337356,-0.600765824,-0.179273635,0.999939859,0.0919147134,-0.591500282,-0.110533364,0.999884963,-0.0371320359,-0.569513083,-0.0566963777,0.999668539,0.0202484839,-0.571985066,-0.148104459,0.999905825,-0.0148488218,-0.541072965,-0.159501567,0.99987,0.195327312,-0.430802256,0.0192164443,0.999987245,-0.0977080241,-0.519367,0.101724058,0.99996084,0.255181849,-0.217188582,0.0640153214,0.959705174,-0.154668599,-0.242865279,-0.00154353294,0.8934443,0.21137923,0.00674314704,0.0992353261,0.975870967,-0.139904618,-0.253717631,-0.203904435,0.96854496,0.19229354,0.053976845,0.101297319,0.963662267,-0.103780471,-0.271327555,-0.272138,0.961281598,0.155513242,0.063901253,0.0811166316,0.966383815,-0.0645149276,-0.328002751,-0.276009,0.963020265,0.198227212,0.0374782942,0.0934285223,0.946788847,-0.11844141,-0.274871558,-0.217521131,0.940471,0.0883550793,0.00881874841,0.0197342262,0.999961793,-0.0859012753,-0.0123672104,-0.0166243035,0.999943912,0.0438872837,0.424891055,-0.0613336451,0.733829618,-0.0831712857,0.329272479,-0.0598866865,0.679662526,0.0183835607,0.787578046,0.0108011067,0.825786233,-0.127656236,0.726858079,0.0632068068,0.78953892,-0.00627316209,0.824180365,0.0210643131,0.464205831,-0.130236402,0.762451351,0.0318456255,0.37684378,0.0159716085,0.838776,-0.0563894,0.854030609,-0.141798571,0.770459533,-0.0507833883,0.801680863
916.666666666666,-0.0268178936,-0.579442799,-0.186627224,0.999943256,-0.000730347238,-0.599068105,-0.186805725,0.999878585,0.00183086,-0.599843144,-0.175640479,0.999843061,0.00133744604,-0.599872231,-0.179907069,0.999905586,-0.0206294507,-0.614019334,-0.186015233,0.999902844,-0.0192661304,-0.612272,-0.196995214,0.999912202,-0.0150248148,-0.600714743,-0.178594366,0.999935389,0.0921956524,-0.591586351,-0.109649606,0.999878883,-0.0370149314,-0.569515646,-0.0556349233,0.999640524,0.0205018185,-0.571935892,-0.147481561,0.999899268,-0.0146194398,-0.541011214,-0.158643112,0.999858856,0.19529973,-0.431134939,0.0200461801,0.999987,-0.0976949558,-0.518553555,0.102167539,0.999957442,0.254872829,-0.217184633,0.0646882,0.959647954,-0.153776288,-0.241959766,-0.00229657791,0.89266777,0.211217821,0.0078320438,0.0985836,0.976686358,-0.139181927,-0.261817932,-0.202220142,0.970190525,0.192567468,0.0549896322,0.100809045,0.964449763,-0.103456832,-0.28181237,-0.270189315,0.963314533,0.155991,0.0659882203,0.0808455,0.967119455,-0.0644083619,-0.33942458,-0.274453491,0.964938641,0.198162124,0.0391131,0.0928770304,0.947976708,-0.11814218,-0.283960283,-0.215894282,0.94316566,0.0884152576,0.00881008711,0.0197567679,0.999960244,-0.0859635919,-0.0123603232,-0.0166383497,0.999940455,0.0437711775,0.424665511,-0.0612826683,0.716331482,-0.0831450075,0.328882575,-0.060448315,0.661644,0.0186662897,0.787112951,0.0135262059,0.809413433,-0.128072336,0.725446761,0.0629336685,0.772366703,-0.00587457744,0.823713183,0.024039112,0.445278287,-0.130645186,0.761004865,0.031512931,0.360093176,0.0168383308,0.838589,-0.0517257899,0.84044373,-0.141137123,0.769670427,-0.0508746766,0.786281288
933.3333333333326,-0.0267641023,-0.578835547,-0.184899494,0.999939322,-0.000675603864,-0.598591924,-0.185096353,0.999870777,0.00188181794,-0.599438906,-0.174020022,0.999832571,0.00139512285,-0.599436,-0.17817381,0.99990052,-0.0205684453,-0.613565,-0.184201404,0.999895334,-0.0192188639,-0.611867309,-0.195155501,0.999904573,-0.0149803245,-0.600264907,-0.176862478,0.999930143,0.0924249142,-0.591581166,-0.107335709,0.999872446,-0.037012402,-0.569489777,-0.0530966409,0.999606371,0.0206213072,-0.571548223,-0.145788208,0.999892056,-0.0145731065,-0.540640116,-0.15665774,0.999846,0.195273712,-0.43155542,0.0228531882,0.999986768,-0.0977222696,-0.518298149,0.10375,0.999953628,0.25439322,-0.217395231,0.0687363818,0.959709227,-0.153684735,-0.242042899,-0.00251307851,0.892284155,0.211276546,0.00842221174,0.103484496,0.977525115,-0.13894555,-0.272761941,-0.200964555,0.971632481,0.19305636,0.055696018,0.106142558,0.965278864,-0.10300114,-0.294648618,-0.268807203,0.965046465,0.156370625,0.0677689463,0.0864070132,0.96788913,-0.0651939288,-0.352329791,-0.273627222,0.966564178,0.198227629,0.0402177051,0.0979085565,0.94919312,-0.118126459,-0.295324475,-0.214695156,0.945419908,0.0884831399,0.00879706908,0.019925816,0.999958217,-0.0860338435,-0.0123461848,-0.0167814232,0.999936104,0.0430093035,0.424512267,-0.0611606278,0.696809351,-0.0831228048,0.328412384,-0.0611303784,0.642304361,0.0183753036,0.786440432,0.0178670473,0.789284647,-0.1288874,0.72379154,0.0641538128,0.751501501,-0.00607283367,0.823030233,0.0288955122,0.425337195,-0.131466314,0.759328067,0.0330043696,0.34209004,0.0173106082,0.838263333,-0.0450145043,0.822908342,-0.14046526,0.768560588,-0.0482477918,0.766484916
949.9999999999992,-0.0267441049,-0.578161061,-0.182965741,0.999935389,-0.000665356172,-0.598087,-0.183354259,0.999863744,0.00188964792,-0.598985255,-0.172353894,0.999823093,0.00140926696,-0.598963082,-0.176368624,0.999896,-0.0205454715,-0.612954855,-0.18223609,0.999888301,-0.0192020703,-0.611329317,-0.193177611,0.99989754,-0.0149635486,-0.599687159,-0.174947739,0.999925315,0.0925854817,-0.591557801,-0.105762631,0.999866903,-0.0369554237,-0.569256663,-0.0508289486,0.999573946,0.0206934046,-0.571049035,-0.144034863,0.999885738,-0.0145272026,-0.54006958,-0.154621139,0.999834,0.195221141,-0.431745112,0.0239697918,0.999986589,-0.0976627544,-0.517744839,0.106028676,0.999949396,0.25432089,-0.217535153,0.0698696151,0.960083902,-0.1494544,-0.24242945,-0.00270121754,0.890803158,0.211580411,0.010477528,0.104153261,0.978385448,-0.135451123,-0.283725441,-0.200698704,0.972816527,0.193856955,0.0580808856,0.106717035,0.966162562,-0.100118048,-0.308606923,-0.268166572,0.966478348,0.15664196,0.0718783811,0.0871996,0.968697309,-0.0648469403,-0.3660146,-0.272761792,0.967898428,0.198395804,0.0432190485,0.0987025574,0.950427532,-0.117044613,-0.306678891,-0.214228436,0.947207034,0.0886278898,0.00877449568,0.0199816674,0.999957,-0.086183764,-0.01232778,-0.0168159548,0.999933064,0.0425974578,0.424545079,-0.0612565055,0.683428586,-0.0838255137,0.328420967,-0.0616650619,0.629138291,0.0193415657,0.786261559,0.0221793149,0.772679031,-0.130001575,0.723664582,0.0644202605,0.735502303,-0.00476970663,0.822847,0.0338754319,0.407455653,-0.132439598,0.759198487,0.0333123654,0.326293439,0.0204087924,0.838133335,-0.0399760269,0.808518529,-0.139684454,0.7685467,-0.0483468398,0.751222491
966.6666666666658,-0.0267298222,-0.576945066,-0.180676386,0.999931753,-0.000688078173,-0.597194,-0.181237131,0.999857426,0.00185514789,-0.598157704,-0.170271754,0.999814391,0.00139034167,-0.598142803,-0.174167067,0.999892116,-0.0205653496,-0.611787796,-0.179970309,0.999881625,-0.0192258,-0.610255957,-0.190949574,0.999890447,-0.0149929225,-0.598552585,-0.172733292,0.999920368,0.0926083,-0.591537774,-0.103948794,0.999861598,-0.0369825028,-0.568559885,-0.0484380722,0.999536216,0.0207693763,-0.570189,-0.14193745,0.999878,-0.0144889969,-0.538911581,-0.152268797,0.999818206,0.195037797,-0.431931525,0.0252838861,0.99998641,-0.0972384885,-0.517222345,0.107832007,0.999943256,0.25422442,-0.21748139,0.0709396228,0.959477484,-0.143641919,-0.245073274,-0.00432511419,0.885652483,0.211848,0.0135839246,0.107287169,0.978623927,-0.132408828,-0.29875654,-0.201630369,0.972894311,0.194204882,0.0613056459,0.110352829,0.966000617,-0.0982877538,-0.326909095,-0.268442303,0.966539085,0.156438872,0.0762146339,0.0911637321,0.96852237,-0.0650141761,-0.383708,-0.272295773,0.967878282,0.198450461,0.0469334,0.102054954,0.950098217,-0.116325885,-0.321926326,-0.214745417,0.946793914,0.0886723548,0.00869185384,0.0199975148,0.999955595,-0.0862338394,-0.0122602992,-0.0168260708,0.999929488,0.0425445,0.4242661,-0.0612470098,0.664963543,-0.0846762061,0.328484535,-0.0616518669,0.60979408,0.0207101665,0.78572315,0.0217272043,0.752538562,-0.131027132,0.723729253,0.0643995404,0.714427352,-0.00321899308,0.822319329,0.0331264511,0.388073951,-0.133378863,0.759256,0.0331570357,0.30944702,0.0228151344,0.836962759,-0.0415432826,0.790702283,-0.139357463,0.768581033,-0.0487607121,0.731552958
983.3333333333325,-0.0265782345,-0.576662421,-0.178749904,0.999929249,-0.000639562553,-0.597050607,-0.179093942,0.999853551,0.00187787216,-0.598035634,-0.168153241,0.999808967,0.00143106014,-0.598026633,-0.171944469,0.999889672,-0.0205486864,-0.611479461,-0.177807793,0.999877214,-0.0192105137,-0.610007644,-0.188867554,0.999885678,-0.0149811851,-0.598274887,-0.170628026,0.999916911,0.092700839,-0.591599464,-0.101588525,0.999858439,-0.0370239839,-0.568156421,-0.0461612642,0.999510944,0.0210053101,-0.569959879,-0.140093118,0.999872446,-0.0143628959,-0.538519144,-0.150395989,0.999806345,0.194963634,-0.431976259,0.0264657065,0.999986172,-0.0969677791,-0.516573906,0.108370245,0.999937,0.254092276,-0.217451304,0.0708250925,0.959279418,-0.138942853,-0.248024285,-0.00992251281,0.881481051,0.212428838,0.01562359,0.106229581,0.97904563,-0.129665464,-0.307870358,-0.208839118,0.973012805,0.195410743,0.063716352,0.10902863,0.966249764,-0.0969970748,-0.336748958,-0.275216579,0.966639042,0.15689902,0.0796334743,0.089636378,0.968742967,-0.0650627464,-0.392813653,-0.277172863,0.967900038,0.198805168,0.0496044271,0.100906067,0.950390339,-0.115277819,-0.33067739,-0.221296713,0.946531713,0.0888479725,0.00858946051,0.0200479552,0.99995482,-0.0864235,-0.0121721961,-0.0168482065,0.999927104,0.0425538197,0.424091071,-0.0612305142,0.653182328,-0.0853551179,0.328912646,-0.0616751723,0.597471416,0.0249693356,0.784478247,0.0238901712,0.737890363,-0.132067099,0.724138916,0.0652042404,0.700066209,0.00144729787,0.821074426,0.0355662331,0.371789247,-0.134390756,0.759749353,0.0339982472,0.296019763,0.0264563765,0.835755467,-0.0402665362,0.777602851,-0.139307141,0.769708872,-0.048126027,0.717920661
999.9999999999991,-0.0261947531,-0.576653063,-0.175495982,0.999929547,-0.000419870135,-0.597059846,-0.175821289,0.999855876,0.00202489761,-0.598058164,-0.164925113,0.999811649,0.00162609236,-0.598057747,-0.168563426,0.999891818,-0.0203503594,-0.611445069,-0.174281701,0.999878287,-0.0190220047,-0.609994709,-0.185384423,0.999886,-0.014796502,-0.59824121,-0.167176485,0.99991715,0.0930228606,-0.592022836,-0.0991242528,0.999861062,-0.0367997177,-0.56777674,-0.0429438241,0.999508202,0.0215681586,-0.569943845,-0.137299806,0.999872804,-0.0138648478,-0.538396835,-0.147232607,0.99980408,0.194935694,-0.432004333,0.0267503466,0.999986291,-0.095685415,-0.515737295,0.110689819,0.999932647,0.253177851,-0.217200443,0.0703751,0.959189,-0.1334856,-0.251620919,-0.0107692741,0.877266347,0.212871373,0.018282719,0.105938859,0.979523182,-0.126964137,-0.318666607,-0.210012063,0.973120213,0.196824178,0.0665515438,0.108924463,0.966625929,-0.0956709906,-0.349378228,-0.275986224,0.966753125,0.15814878,0.0832798108,0.0895102918,0.969074726,-0.0651641488,-0.405129343,-0.277662396,0.967942417,0.199282393,0.0527488627,0.100677103,0.950863719,-0.114027768,-0.341705769,-0.222375363,0.946409822,0.0890240595,0.00853167195,0.0200241357,0.99995476,-0.0866085067,-0.0121286018,-0.0167845376,0.999926209,0.0426367,0.424446642,-0.0608986095,0.64152211,-0.0856002718,0.329065293,-0.0611833371,0.586379528,0.0256675836,0.7844401,0.0343918912,0.721811116,-0.134076163,0.724237859,0.0710453913,0.686647594,0.00196682615,0.821013212,0.0474571399,0.354649603,-0.136585176,0.759883463,0.0404899307,0.283448488,0.0257511921,0.836644411,-0.0273325481,0.763967097,-0.139398649,0.772437453,-0.0398598276,0.706259549
1016.6666666666657,-0.0251228586,-0.576717377,-0.16958952,0.999929786,0.00024412226,-0.597220838,-0.169159785,0.999857724,0.0026315276,-0.598250091,-0.158329055,0.999813616,0.00229487149,-0.598272204,-0.161935195,0.999893546,-0.0197520256,-0.611474514,-0.168221861,0.999879,-0.0184003897,-0.610047579,-0.179360375,0.999885798,-0.014229551,-0.598283112,-0.161145985,0.99991703,0.0931923389,-0.592683,-0.0917537287,0.999863088,-0.0367852,-0.567748249,-0.0376513526,0.999503314,0.0224148016,-0.570022523,-0.131260023,0.999872267,-0.0131679,-0.538393259,-0.141813949,0.999800444,0.194402888,-0.432117015,0.0308090746,0.999986291,-0.0952719674,-0.515516162,0.113783948,0.999927402,0.252611905,-0.217031926,0.0714266151,0.958794177,-0.132840946,-0.255337507,-0.0114963902,0.872707427,0.213452965,0.0194833372,0.105954245,0.979743659,-0.125533566,-0.324343026,-0.210032016,0.972713232,0.198112831,0.0675572902,0.108855091,0.966619432,-0.0946359187,-0.355573416,-0.275779516,0.966219425,0.159237638,0.0843159631,0.089416489,0.969051242,-0.0651636869,-0.411364794,-0.277302861,0.967325866,0.199877724,0.0539551824,0.100574486,0.950813055,-0.113317676,-0.347486824,-0.222316846,0.945216715,0.0890566856,0.00842099171,0.0200451743,0.999953866,-0.0866400898,-0.0120420204,-0.0167909879,0.999923706,0.042770002,0.42448777,-0.0612368919,0.629798651,-0.0855826363,0.329108059,-0.0618783757,0.573905349,0.0272359457,0.784412801,0.0339189209,0.705506623,-0.134124875,0.725078642,0.0669928938,0.671431,0.00358501822,0.820972,0.0469174199,0.339005947,-0.136625096,0.760901511,0.0357744619,0.270884842,0.0261054523,0.836488,-0.0282713901,0.749517322,-0.138669,0.774115443,-0.0442510918,0.692031741
1033.3333333333323,-0.0241014548,-0.576720536,-0.168678731,0.999930441,0.000899994047,-0.597247899,-0.168186888,0.999859869,0.00322667137,-0.598286033,-0.157405227,0.999816239,0.00295273471,-0.598317206,-0.160949886,0.999895394,-0.0191443395,-0.611454129,-0.16725485,0.999880254,-0.0178076755,-0.610038936,-0.178391829,0.999886513,-0.0136643201,-0.598266482,-0.16017358,0.999917686,0.0937318876,-0.592951715,-0.0906909332,0.999865294,-0.0366708525,-0.567509234,-0.036433097,0.999503553,0.0234600697,-0.570016623,-0.130336806,0.99987191,-0.0123036178,-0.538328588,-0.140862092,0.999797702,0.19437705,-0.432163179,0.0313102081,0.999986291,-0.0944836587,-0.515059471,0.115655065,0.999923468,0.252540529,-0.216964,0.0712336674,0.95863986,-0.132416055,-0.256743282,-0.0104543129,0.870700538,0.213733926,0.0197995491,0.105306275,0.979989767,-0.124032781,-0.334776253,-0.207267135,0.973248422,0.198430151,0.0676265731,0.108126201,0.966670215,-0.0928122103,-0.370051622,-0.27183336,0.966791511,0.159454927,0.0841507539,0.0889060423,0.969065547,-0.0650890842,-0.428013623,-0.272312194,0.967811763,0.200065568,0.0540749021,0.0999746248,0.950828254,-0.112436533,-0.35962078,-0.218940645,0.945829213,0.0890863,0.00839773752,0.019988291,0.999952614,-0.0866673216,-0.0120284809,-0.0167068914,0.999921143,0.0428190194,0.424391717,-0.0612394437,0.617445946,-0.0853905901,0.329081088,-0.0612623692,0.561721325,0.0277619064,0.7828511,0.0326791853,0.688904762,-0.134115413,0.725062847,0.0671698377,0.65607,0.00409540394,0.81930995,0.0453080758,0.325258285,-0.136617273,0.760902047,0.0359605365,0.259764582,0.0256115589,0.835241,-0.0299425833,0.735275805,-0.137654185,0.774153888,-0.0441832952,0.678139567
1049.999999999999,-0.0232822858,-0.576739073,-0.169416472,0.999930739,0.00151381991,-0.597286403,-0.168978602,0.999861479,0.00380279985,-0.59833324,-0.158173323,0.999818087,0.00357444701,-0.598371387,-0.161754385,0.999896944,-0.018614959,-0.611446738,-0.16803804,0.999881,-0.0173177049,-0.610038221,-0.179168582,0.999886632,-0.0132063515,-0.598258138,-0.160936758,0.999918,0.0946633071,-0.593147576,-0.0914288,0.999866903,-0.0365220495,-0.567382276,-0.0369921103,0.999501109,0.024466645,-0.570012391,-0.131004974,0.999870777,-0.0115442593,-0.538304508,-0.141545743,0.999793887,0.194358736,-0.432177544,0.0311466232,0.999986172,-0.0935702324,-0.514659345,0.116144367,0.999919355,0.252443284,-0.216731429,0.070624873,0.958655715,-0.132159278,-0.257686734,-0.00890685245,0.871199787,0.214051977,0.020095503,0.104839295,0.980307,-0.121516354,-0.34550032,-0.202259362,0.974255085,0.198850766,0.0676526278,0.107810646,0.966869295,-0.0890530571,-0.383959383,-0.265560031,0.967886329,0.159904525,0.0841900781,0.0883467644,0.969210327,-0.0644276515,-0.443539023,-0.265290588,0.968817413,0.200346962,0.0542541258,0.0997151136,0.9510625,-0.110562332,-0.371797323,-0.213430539,0.947320461,0.0890977457,0.00838079117,0.0197025575,0.999951422,-0.0866819695,-0.0120194023,-0.0163946915,0.999918818,0.0430023521,0.424096525,-0.0612816885,0.606403172,-0.0853016078,0.329092056,-0.0577405095,0.550390184,0.0287332777,0.780847192,0.0321167074,0.675425947,-0.134034872,0.724799693,0.0708640888,0.642861485,0.00519975927,0.817164719,0.0446434505,0.3143332,-0.136523113,0.760616958,0.0398447588,0.250361115,0.0259121973,0.833312929,-0.0302548632,0.723607957,-0.136523038,0.773947716,-0.039996624,0.665973544
1066.6666666666658,-0.0216481965,-0.576720119,-0.168547854,0.999931812,0.00274831848,-0.597282887,-0.167585537,0.99986434,0.00502100866,-0.598332942,-0.156802163,0.999821424,0.00485316757,-0.598372102,-0.160378,0.999899209,-0.0176577307,-0.611407042,-0.166930497,0.999883175,-0.0164158,-0.610010326,-0.178067476,0.999888122,-0.0123639666,-0.598219275,-0.159836814,0.999919295,0.0955965742,-0.593254685,-0.0878900439,0.999869227,-0.0366004817,-0.567311108,-0.0348452814,0.999504745,0.0259716138,-0.569982827,-0.129624665,0.99987,-0.0106369294,-0.53822875,-0.140396535,0.999791145,0.194335446,-0.432186365,0.0342404321,0.999986,-0.0934596583,-0.514305413,0.118322477,0.999915779,0.252383322,-0.21623522,0.0728746876,0.957861483,-0.132273704,-0.258149266,-0.0066287918,0.871430874,0.214554757,0.0209673792,0.106635921,0.980202556,-0.119536407,-0.34862271,-0.195283189,0.97508359,0.199425355,0.0682818517,0.110082969,0.966417849,-0.0862061,-0.38767,-0.257670671,0.968749046,0.160514534,0.0851179957,0.0912472308,0.968751192,-0.0635245517,-0.447517633,-0.256701887,0.969582796,0.200808227,0.0550302789,0.101622865,0.950423598,-0.108986579,-0.375240356,-0.205977499,0.948414922,0.0891178474,0.00835981313,0.0195916817,0.999950528,-0.0867025331,-0.0120038148,-0.0162649788,0.99991709,0.043016,0.423835486,-0.0615774244,0.597696781,-0.0852335915,0.329195261,-0.0570215955,0.539854228,0.0290398113,0.778657556,0.0283120424,0.665617168,-0.133895516,0.724423647,0.0706843734,0.630940735,0.00560743222,0.81491214,0.0404764935,0.306305498,-0.136366829,0.760216951,0.039584484,0.242172033,0.0265728869,0.83028841,-0.0345741659,0.714956105,-0.135991558,0.773229659,-0.0405322723,0.654687941
1083.3333333333326,-0.0210938156,-0.576582432,-0.164476588,0.999934,0.00302301464,-0.597216189,-0.162945062,0.999869406,0.00530276773,-0.598281682,-0.152238414,0.999827862,0.00517293252,-0.598326504,-0.155783907,0.999903142,-0.0174593031,-0.611229062,-0.162481487,0.999887168,-0.0162358712,-0.609855056,-0.173650339,0.99989152,-0.0122083761,-0.598050356,-0.155416086,0.999921799,0.0959136635,-0.593347073,-0.0820594728,0.999873817,-0.036924839,-0.567155063,-0.0294851698,0.999515951,0.026598705,-0.569869041,-0.125158161,0.999871612,-0.0103447046,-0.537999,-0.13605468,0.999791861,0.194067806,-0.432183951,0.0388754085,0.999986053,-0.0934245959,-0.513929188,0.122770719,0.999912858,0.251044452,-0.215202212,0.0755676106,0.957327604,-0.131367609,-0.258124173,-0.0024050232,0.870833874,0.214539081,0.0218521133,0.108334824,0.980265141,-0.117245331,-0.351517528,-0.18724528,0.975677073,0.199562922,0.0687682778,0.111897081,0.966290176,-0.0834623426,-0.392044216,-0.248883918,0.969328642,0.160713971,0.085939087,0.0937149823,0.968597829,-0.0628996342,-0.452454656,-0.247907028,0.970071375,0.200812235,0.0557713024,0.103406705,0.950192,-0.10732387,-0.378707081,-0.197821796,0.949074268,0.0891403332,0.00834643655,0.0195450801,0.999949694,-0.0867265463,-0.0119946133,-0.0162129179,0.999915063,0.0428171158,0.423759222,-0.0629696622,0.59081614,-0.0852183253,0.329277426,-0.0570628867,0.530545115,0.0285583,0.777872562,0.0175864361,0.656444848,-0.133905649,0.724201,0.0695014149,0.617539644,0.00519331312,0.814126849,0.0286806244,0.299574822,-0.136370808,0.759993136,0.0381360166,0.233841628,0.0265477821,0.82776022,-0.0475861877,0.706835,-0.135574311,0.772424579,-0.0419496074,0.642008841
1099.9999999999993,-0.0198954381,-0.576713,-0.164014697,0.999936938,0.0040666284,-0.597350299,-0.162228063,0.999875724,0.00633454788,-0.598432899,-0.151536047,0.999836,0.00624785852,-0.598481476,-0.155045897,0.999907911,-0.0165763386,-0.61129719,-0.161825269,0.999892354,-0.015405654,-0.60994184,-0.173010409,0.999896228,-0.0114174644,-0.59813422,-0.154755071,0.999925196,0.0969269,-0.593486845,-0.0804948583,0.999879658,-0.036919903,-0.567144632,-0.0283587221,0.999532163,0.027724145,-0.569922,-0.124513812,0.999875486,-0.00964670908,-0.538027704,-0.135505572,0.999796748,0.193901584,-0.432230979,0.0403651446,0.999986231,-0.0932928771,-0.513655,0.124396481,0.999911,0.250947088,-0.215164095,0.0777522102,0.957466,-0.129815832,-0.258356333,-0.00135200669,0.871333539,0.215102941,0.0217995439,0.110901639,0.980571032,-0.11397054,-0.355045,-0.186738536,0.976309478,0.200303093,0.0686614588,0.114671752,0.96653229,-0.0796235204,-0.396610886,-0.248637334,0.969941199,0.161459118,0.0858090445,0.0967222825,0.968790948,-0.0610231124,-0.456823975,-0.247759476,0.970596492,0.201349869,0.0556847379,0.106065147,0.950460374,-0.104442485,-0.382298142,-0.197364047,0.949801445,0.0891582221,0.00828732457,0.0194891933,0.999949813,-0.0867474154,-0.0119406329,-0.016134249,0.999914765,0.042585738,0.423747361,-0.0636843517,0.589560688,-0.0853972733,0.329421163,-0.0561097153,0.526537418,0.0285154749,0.776232243,0.0172645841,0.649849117,-0.133922979,0.723655224,0.0693907,0.609958649,0.00516676437,0.812381089,0.028458342,0.294536203,-0.136369333,0.759355545,0.0379712246,0.228306025,0.0272602197,0.824427664,-0.047808066,0.700949073,-0.135174721,0.770500243,-0.042273514,0.63452
1116.666666666666,-0.0187351741,-0.576816,-0.163960397,0.999939144,0.00498023489,-0.597497284,-0.16197449,0.999880672,0.00723266322,-0.598595738,-0.151279896,0.999842286,0.00717686536,-0.598647296,-0.154795215,0.999911726,-0.0158699621,-0.611348867,-0.161639169,0.999896348,-0.0147250379,-0.61000967,-0.17283529,0.999899626,-0.0107753081,-0.598193,-0.154567,0.9999277,0.0977422595,-0.593680382,-0.0797625482,0.999884188,-0.036958389,-0.5670982,-0.0278669465,0.999543,0.0289117806,-0.569970191,-0.124349982,0.999877691,-0.00887454581,-0.538029373,-0.135392115,0.999798656,0.193879217,-0.432237446,0.0408728868,0.999986291,-0.0931224599,-0.513088644,0.124858417,0.999908,0.250694096,-0.214862689,0.07824108,0.957207322,-0.129410714,-0.258645445,-0.00131887756,0.871565402,0.215321556,0.0223875139,0.111692943,0.980608761,-0.112050675,-0.359597713,-0.186764613,0.976798,0.200639516,0.0691765696,0.115715265,0.966358364,-0.0772049427,-0.402074903,-0.248750106,0.970358551,0.161837325,0.0868987888,0.0978615806,0.968588412,-0.0594747066,-0.462494284,-0.247822896,0.970924735,0.20156911,0.0563818328,0.106886141,0.950166345,-0.102639221,-0.387157112,-0.197410539,0.950230837,0.0891763419,0.00823815912,0.0194032323,0.999949694,-0.086766012,-0.0118960449,-0.0160296801,0.99991405,0.042482771,0.423670888,-0.0643705353,0.587442935,-0.0853413194,0.329520643,-0.0557898581,0.5208987,0.0284777954,0.775550902,0.0153476465,0.645276725,-0.133928701,0.723308742,0.0693258047,0.602166891,0.0051209,0.811728,0.0265553761,0.291043282,-0.136372373,0.758982837,0.0378636941,0.222986341,0.0284629129,0.823559284,-0.0496933274,0.696491063,-0.135061413,0.769890964,-0.0425249115,0.626715302
1133.3333333333328,-0.0174360406,-0.576860368,-0.164055884,0.999941409,0.00628713891,-0.597563863,-0.162132338,0.999885857,0.00858302414,-0.598668337,-0.151421681,0.999848783,0.00852234196,-0.598728895,-0.154954672,0.999915659,-0.0145561164,-0.611411572,-0.161860153,0.99990046,-0.0134035759,-0.610078692,-0.173055068,0.999903142,-0.00949767791,-0.598252,-0.154773787,0.999930263,0.0985624492,-0.593863547,-0.0801497549,0.999888897,-0.0366459936,-0.567202032,-0.0283178277,0.999555826,0.0299309902,-0.570014,-0.124442868,0.999880314,-0.00785687938,-0.538064957,-0.135549664,0.999801517,0.193649247,-0.432353765,0.0407630317,0.99998641,-0.0921149775,-0.51309979,0.124488898,0.999906063,0.25037533,-0.214570463,0.0779996887,0.956715,-0.127719074,-0.259931773,-0.00199000398,0.872209251,0.215439484,0.0229276214,0.111407727,0.980632067,-0.109638795,-0.362108737,-0.186864272,0.97737819,0.200859874,0.0695857406,0.115580931,0.96621865,-0.0746533498,-0.404389143,-0.248781756,0.97093755,0.162168235,0.0875170529,0.0976425931,0.968420327,-0.0576125793,-0.464465618,-0.247795984,0.971421301,0.201745242,0.0569393709,0.106574938,0.94993633,-0.100485191,-0.389631599,-0.19753623,0.950950205,0.0890206099,0.00819277763,0.0193644799,0.999949574,-0.0866063684,-0.0118623776,-0.0159917,0.999913454,0.0422701128,0.423576951,-0.0643615946,0.581099033,-0.0853813216,0.329461,-0.0557961687,0.513434529,0.0284476914,0.775500894,0.0135370037,0.638371,-0.133850276,0.723314404,0.0668654814,0.594056547,0.00508010946,0.811680198,0.0244601276,0.286323339,-0.136259511,0.758993447,0.0348397568,0.217895314,0.0292564202,0.823549211,-0.050508853,0.690970063,-0.134640232,0.769859314,-0.0445488058,0.619623423
1149.9999999999995,-0.0172816403,-0.576891899,-0.163718358,0.999943674,0.00645204447,-0.597630382,-0.161913007,0.999891,0.00876759645,-0.598735452,-0.151223749,0.99985534,0.00871280953,-0.59881103,-0.154748604,0.999919593,-0.0143772699,-0.611432731,-0.16151613,0.999904513,-0.0132200671,-0.610107601,-0.172716245,0.999906659,-0.00932309777,-0.598278224,-0.154425055,0.999932826,0.0991390049,-0.594036222,-0.0804402381,0.999893725,-0.0363313481,-0.56719023,-0.0278862901,0.999568164,0.0302419029,-0.570042372,-0.124244086,0.999883771,-0.00754229631,-0.538063705,-0.135182425,0.999805629,0.193568259,-0.432364076,0.0405918546,0.999986589,-0.0909471437,-0.51306814,0.125277713,0.999904573,0.250148058,-0.21361284,0.0778898895,0.95674479,-0.126549989,-0.260495037,-0.00167832733,0.87265563,0.215431631,0.0245190822,0.11125581,0.980757058,-0.107474357,-0.362947613,-0.186845,0.977851212,0.200834528,0.0709200427,0.115322083,0.966227531,-0.0719584,-0.405549854,-0.248834834,0.971392453,0.162138537,0.0891376,0.0972436219,0.968367875,-0.0557637475,-0.46579808,-0.247929811,0.971797884,0.201736346,0.0585390106,0.106344134,0.949786365,-0.0983984,-0.390538722,-0.197582945,0.951463938,0.0889601111,0.008162532,0.0193428453,0.999949634,-0.086544767,-0.0118438331,-0.0159722846,0.999913216,0.0419466794,0.423567384,-0.0643541366,0.579221,-0.0855159,0.329443902,-0.0558588542,0.511816502,0.027961364,0.775570154,0.0126644392,0.635239124,-0.133738,0.723371744,0.0650671795,0.589169919,0.0046855174,0.811747789,0.0235079564,0.284381866,-0.1360441,0.759058118,0.0327286907,0.214112595,0.0304062776,0.823426366,-0.0512962118,0.688296437,-0.132743746,0.769881,-0.0469890088,0.61489135
1166.6666666666663,-0.0170906931,-0.576924145,-0.163118362,0.999945879,0.00654094666,-0.597714901,-0.161109209,0.999895811,0.00885851122,-0.598825395,-0.150460154,0.999861538,0.00881457422,-0.598914504,-0.153958499,0.999923229,-0.0143461023,-0.611439705,-0.160705701,0.999908388,-0.0131867183,-0.610120773,-0.171939537,0.999910116,-0.00929339323,-0.598291695,-0.153641626,0.999935329,0.099489741,-0.594444036,-0.0791671127,0.999898195,-0.0364260562,-0.567129254,-0.0264698,0.999580681,0.0306347162,-0.570095658,-0.12346942,0.999887049,-0.0073549822,-0.538059056,-0.134420112,0.999809742,0.193498373,-0.432432681,0.0423311442,0.999986768,-0.090722464,-0.513038456,0.126195565,0.99990356,0.248494938,-0.213275447,0.0793180615,0.956778049,-0.126704738,-0.261146277,-0.00153669436,0.87425524,0.215294421,0.0251500811,0.112211563,0.980999827,-0.105887473,-0.36401549,-0.186978,0.978405654,0.200787932,0.0714086294,0.116237961,0.966486514,-0.0696641281,-0.406744301,-0.249071866,0.971929491,0.162112653,0.0898243636,0.0984444693,0.968582511,-0.0534276031,-0.467137784,-0.248256117,0.972264647,0.201624244,0.0592046939,0.107453197,0.950054526,-0.0965060368,-0.391624242,-0.197764397,0.952131331,0.0889775679,0.00815037731,0.0194535106,0.999949455,-0.086565733,-0.0118343672,-0.0160732884,0.999912858,0.0413678586,0.423875332,-0.0639718547,0.5797171,-0.085664928,0.329474092,-0.0562153719,0.514725089,0.0273851212,0.775691032,0.0130783524,0.634356558,-0.133946672,0.72338289,0.0649098381,0.587263227,0.00422265474,0.811889648,0.0240212828,0.283813059,-0.136180177,0.759073317,0.0326133929,0.211224049,0.0306800865,0.823459327,-0.05099966,0.687782228,-0.131441519,0.770341873,-0.0475315,0.612810254
1183.333333333333,-0.0162565224,-0.576911092,-0.161189333,0.999947309,0.00715718279,-0.597724915,-0.158605903,0.999899209,0.00947497413,-0.598837256,-0.147969395,0.99986583,0.00943888817,-0.598931909,-0.15151976,0.999925792,-0.0139023159,-0.61143595,-0.158653438,0.99991107,-0.0127373617,-0.610118389,-0.169930756,0.999912322,-0.00888902787,-0.598288774,-0.151628152,0.999936938,0.0997740477,-0.594573,-0.0752098486,0.999901414,-0.0366417244,-0.567104399,-0.0245109666,0.999589324,0.031298,-0.570091844,-0.121151201,0.999888301,-0.00698164338,-0.538021624,-0.13259466,0.999810576,0.19324623,-0.432434589,0.046233654,0.999986708,-0.0907521248,-0.512985289,0.126273617,0.999901,0.247900352,-0.213087037,0.0824862123,0.956746876,-0.126837149,-0.26202777,-0.00264463807,0.877209425,0.215430751,0.0261857416,0.115465745,0.981112719,-0.100182354,-0.367610604,-0.18654415,0.978950322,0.201109543,0.0726334453,0.120217435,0.96653527,-0.0617959388,-0.410818905,-0.248079419,0.972366631,0.162368611,0.0915875137,0.102490708,0.968592942,-0.0457971133,-0.471281052,-0.246389493,0.972603798,0.201754168,0.0604260564,0.110784762,0.950122893,-0.0904713,-0.395409107,-0.196921274,0.952679396,0.0889961421,0.00811795704,0.0197113343,0.999949098,-0.0865856558,-0.0118115647,-0.0163307227,0.999912,0.0415609591,0.423870146,-0.0635646656,0.579505622,-0.0856285766,0.329527587,-0.0583764948,0.517359197,0.027936196,0.775702238,0.0131138526,0.633624911,-0.133900359,0.723522186,0.0619478561,0.586185157,0.00485614128,0.811909,0.0240510646,0.283285946,-0.136116982,0.75926137,0.0296855848,0.209587812,0.0321343094,0.823589802,-0.0509755574,0.686939716,-0.130166382,0.77117914,-0.0508653633,0.611293
1199.9999999999998,-0.0162687842,-0.577053487,-0.161313,0.999948,0.00715837674,-0.59789151,-0.158824205,0.999901414,0.00947623234,-0.599020422,-0.148177654,0.999868512,0.00943885185,-0.599126399,-0.151729912,0.9999277,-0.0139070284,-0.611601532,-0.158840299,0.999912381,-0.0127430875,-0.61029166,-0.170109123,0.999913,-0.0089038033,-0.598448575,-0.151807234,0.999937475,0.099862121,-0.594623864,-0.0756614357,0.99990356,-0.036825154,-0.567117453,-0.0247556921,0.99958992,0.031294588,-0.57013756,-0.121297918,0.99988842,-0.00701927813,-0.538088739,-0.132743582,0.999809,0.192623049,-0.432426423,0.0460371077,0.999986649,-0.0908426419,-0.512911201,0.126141936,0.999896824,0.246968105,-0.213070676,0.081837818,0.956799388,-0.127191931,-0.266004741,-0.00285454444,0.88020283,0.215420514,0.0268182009,0.115256548,0.981229186,-0.0939853042,-0.377619356,-0.182759896,0.979362428,0.20116362,0.0733717307,0.119831704,0.966546357,-0.0523726791,-0.422211885,-0.242879316,0.972507477,0.162412405,0.0931128934,0.102047041,0.968554854,-0.0363592543,-0.48294571,-0.240023583,0.97264415,0.201748118,0.0613707714,0.110651441,0.950084805,-0.0836673751,-0.40587768,-0.19236137,0.952729225,0.0890013799,0.0080493968,0.0196914375,0.999948621,-0.0865916386,-0.0117522683,-0.0163096562,0.999910772,0.0416534618,0.423885226,-0.0635448843,0.574542701,-0.0861082599,0.329640627,-0.0583780408,0.513303041,0.0279073473,0.776200354,0.0138582764,0.629912,-0.134926841,0.723918,0.0634842664,0.580082715,0.00482389331,0.812543929,0.0250356197,0.280483156,-0.137194052,0.75970906,0.0316534638,0.205463305,0.0322768539,0.825393438,-0.049702283,0.683029532,-0.130685627,0.772753596,-0.0485932864,0.605076432
1216.6666666666665,-0.0159755852,-0.576232433,-0.16035898,0.999948263,0.00741394935,-0.597106755,-0.157287806,0.999902606,0.00973510649,-0.598272264,-0.146673426,0.999869823,0.0097023109,-0.598402321,-0.150253415,0.999928832,-0.013759871,-0.610817313,-0.157650352,0.999912858,-0.0125964032,-0.609499753,-0.168978855,0.999912798,-0.00879564323,-0.597684,-0.150662377,0.999937475,0.0999602079,-0.594030499,-0.0719211623,0.999904513,-0.0375959389,-0.566482246,-0.0229831077,0.999587357,0.0314237,-0.569296598,-0.119930111,0.999887,-0.00701414282,-0.537317038,-0.131710097,0.99980551,0.191433534,-0.431699634,0.0490532219,0.99998647,-0.0916382223,-0.512416184,0.126508296,0.999891877,0.244548991,-0.212503448,0.0838308856,0.956541598,-0.127394557,-0.267769605,-0.00292438315,0.882988095,0.215529889,0.0291708317,0.116807677,0.98133415,-0.0866102874,-0.380714655,-0.178905711,0.979619622,0.201914027,0.0756141692,0.121910118,0.966534197,-0.0427741744,-0.425729722,-0.238416374,0.972406089,0.163337469,0.096395731,0.104049407,0.968523264,-0.0263586435,-0.486350209,-0.2346562,0.972435713,0.201963276,0.0642363355,0.112151332,0.950107515,-0.0756367743,-0.408967972,-0.187829971,0.952361047,0.0890376791,0.00796934869,0.01981958,0.999947488,-0.0866289064,-0.0116859684,-0.016429415,0.999908447,0.0423229896,0.4240565,-0.0635331795,0.568481743,-0.0859970078,0.330193,-0.0593849495,0.509137154,0.0288067423,0.776753187,0.0138927829,0.623148263,-0.135200113,0.72485745,0.0623544045,0.573432446,0.00570962578,0.813235164,0.0250855759,0.275549918,-0.137544215,0.760754049,0.0305426363,0.200766936,0.032652203,0.826627374,-0.0496793538,0.676534951,-0.130699515,0.774023235,-0.0508783497,0.598217547
1233.3333333333333,-0.0144715877,-0.574154854,-0.160436168,0.999947608,0.00836880505,-0.595175862,-0.157364875,0.999901652,0.0106927212,-0.596375108,-0.146757811,0.999868274,0.0106446892,-0.596512139,-0.150334507,0.999928355,-0.013300526,-0.60874176,-0.157770127,0.999911487,-0.0121288411,-0.607409,-0.169075638,0.999910891,-0.00837769359,-0.595683098,-0.150768414,0.999936044,0.0999853387,-0.593386173,-0.0686751381,0.999903142,-0.0405124575,-0.565558553,-0.0231859162,0.999574661,0.0322843976,-0.567795694,-0.119927853,0.9998824,-0.00684169913,-0.535776556,-0.131787807,0.999796629,0.190372318,-0.431574494,0.0547550358,0.999986053,-0.0941166207,-0.512295544,0.124989517,0.999885678,0.243617907,-0.212190032,0.0910760313,0.956032693,-0.127466261,-0.268630236,-0.00893664081,0.886294901,0.216403946,0.0303914342,0.122822717,0.98128283,-0.0794167668,-0.381055832,-0.179254636,0.979849279,0.203404158,0.0769302398,0.128566667,0.96627152,-0.0346861631,-0.425762326,-0.238758802,0.972269356,0.164891019,0.0978233442,0.110413812,0.968289077,-0.0178313442,-0.486493677,-0.235607639,0.972188711,0.202894464,0.0656355619,0.118037812,0.949890554,-0.0681076,-0.409180433,-0.188236713,0.95188278,0.0891893208,0.00786606316,0.0213928334,0.99994576,-0.086785771,-0.011589013,-0.0179563966,0.999904931,0.0434299931,0.424201638,-0.0626878887,0.565126896,-0.0854066387,0.331065863,-0.062838167,0.509170532,0.0303557143,0.777707398,0.0139327124,0.620661557,-0.135479584,0.725480735,0.0590501763,0.570494652,0.00746509,0.814516425,0.0251309816,0.273839027,-0.137925953,0.76141715,0.0272877216,0.197018236,0.0362033695,0.827851713,-0.0499227308,0.673675,-0.129926324,0.775159478,-0.0565644726,0.593773603
1250.0,-0.014004699,-0.572984,-0.152896464,0.999948442,0.00852055755,-0.594201446,-0.148158267,0.999903619,0.0108568016,-0.595422804,-0.137665257,0.999870718,0.0108218277,-0.595598519,-0.141371757,0.999929965,-0.0132093448,-0.607604682,-0.149855435,0.999912798,-0.0120305773,-0.606226861,-0.161332384,0.999911726,-0.00830577873,-0.594548762,-0.142997622,0.9999367,0.0998458341,-0.592983186,-0.0572971255,0.999904871,-0.0420048051,-0.564376235,-0.0158178937,0.999577761,0.0324954,-0.566879451,-0.11129906,0.999882281,-0.00681740232,-0.534616709,-0.124752045,0.999795318,0.189077333,-0.430772513,0.0647223145,0.999986,-0.0953202248,-0.511971474,0.126798108,0.999882877,0.241361067,-0.211476073,0.0979446471,0.955981255,-0.12807034,-0.269888073,-0.00881043635,0.889872611,0.217162803,0.0313832238,0.127051294,0.981615841,-0.0735134259,-0.382158786,-0.174213201,0.98020494,0.205215812,0.0776513889,0.1327288,0.966770589,-0.0271168295,-0.426626593,-0.233180359,0.972363949,0.166860104,0.0986964628,0.114536971,0.968760967,-0.00980108324,-0.48747161,-0.228671864,0.972177327,0.20387429,0.0666031837,0.122105144,0.950674,-0.0616696738,-0.410336554,-0.182321578,0.951870143,0.0892391428,0.00780871278,0.0222182684,0.999944568,-0.0868358687,-0.0115459608,-0.0188076794,0.999902427,0.0438775383,0.424301237,-0.062237829,0.561991334,-0.0845363662,0.331415564,-0.067634806,0.510473907,0.031076001,0.778237164,0.0128658069,0.61682874,-0.135406405,0.725750864,0.0496198162,0.567076087,0.00824110396,0.815203607,0.0237317216,0.271911949,-0.137871057,0.761723161,0.0173290074,0.194346458,0.0370808132,0.828191578,-0.0517527051,0.67034024,-0.128727734,0.775181115,-0.0675474182,0.590191782
1266.6666666666667,-0.0136096468,-0.570582867,-0.14782013,0.999949336,0.00856962427,-0.5922122,-0.142202243,0.999905527,0.0109246308,-0.593452096,-0.131758,0.999873102,0.0108897025,-0.593669176,-0.135569438,0.999931514,-0.0131902844,-0.605391562,-0.145008549,0.999914169,-0.0120002674,-0.603947341,-0.1565727,0.999912739,-0.00828736927,-0.592361331,-0.138191342,0.999937415,0.0990312248,-0.592425466,-0.0497745387,0.999906361,-0.0442725606,-0.562890828,-0.0122157792,0.999581218,0.0325895324,-0.565266311,-0.105276376,0.999882,-0.00681134453,-0.53258568,-0.120223135,0.999793828,0.1873492,-0.430345416,0.0747911185,0.999985933,-0.0965785682,-0.511842787,0.126797736,0.999881387,0.239369094,-0.210181788,0.10749919,0.955373168,-0.128332138,-0.270381242,-0.0112171005,0.893506527,0.217940941,0.032991033,0.134374291,0.981831789,-0.0705928,-0.381156176,-0.174717084,0.980507314,0.206753701,0.0789595619,0.140281811,0.967104733,-0.0243317746,-0.425015,-0.233901188,0.972420931,0.168692887,0.0997915864,0.121582,0.969101548,-0.00644503301,-0.485683769,-0.229258835,0.972126722,0.204875484,0.0680514053,0.129073232,0.951270521,-0.0586543754,-0.409140259,-0.182852104,0.951740265,0.0892486349,0.00776292942,0.0243717022,0.999943495,-0.0868459567,-0.0115101496,-0.0209803898,0.999900281,0.0438965186,0.424488872,-0.0616129264,0.557997346,-0.0825885236,0.331519157,-0.0754116103,0.513151,0.03104873,0.779346585,0.00938350242,0.613171,-0.135195762,0.72622025,0.0333715566,0.565946043,0.00821256731,0.816526055,0.019430019,0.270837814,-0.137742728,0.762303054,8.72430464e-005,0.192395657,0.0378961079,0.828497,-0.056168694,0.66803664,-0.126724944,0.775211096,-0.0857150704,0.588990092
1283.3333333333335,-0.0127237262,-0.569116294,-0.144495577,0.999951,0.00887693837,-0.590935111,-0.137975559,0.999908864,0.0112550044,-0.592176855,-0.127534702,0.999877274,0.0112312753,-0.592429519,-0.131367028,0.999933958,-0.0130358879,-0.603964,-0.141494215,0.99991703,-0.0118257729,-0.602464616,-0.153104395,0.999915302,-0.00815000385,-0.590917,-0.134701684,0.999939263,0.0986446664,-0.591941059,-0.0432770327,0.999909103,-0.0465887561,-0.56166482,-0.00881413464,0.999592185,0.0329465643,-0.564127326,-0.101120241,0.999883652,-0.00675817812,-0.531196415,-0.117023878,0.999796212,0.186095268,-0.429812431,0.0810844302,0.999986,-0.0980063379,-0.511391819,0.127130657,0.999880731,0.23865667,-0.209695369,0.113123275,0.955200791,-0.128359869,-0.270696908,-0.0120496368,0.897187412,0.219034195,0.0341554806,0.138871431,0.982159555,-0.0651516467,-0.381258756,-0.173615813,0.98089695,0.208549187,0.0800237134,0.144996285,0.967616558,-0.0183686633,-0.42505157,-0.232438847,0.972608566,0.170396537,0.100936607,0.12598449,0.969611108,-0.000481291092,-0.485583156,-0.226988316,0.972215593,0.206044748,0.0691826046,0.133421287,0.952147901,-0.0531417765,-0.409181714,-0.181272417,0.951872408,0.0892910659,0.00769481435,0.0256113466,0.999942422,-0.0868913084,-0.0114573566,-0.0222103707,0.999898195,0.0448046625,0.424626827,-0.061306607,0.55338496,-0.0816994086,0.332039714,-0.0777081475,0.513596594,0.031271372,0.779363215,0.00733290054,0.606759787,-0.135372311,0.726630867,0.0273638926,0.563477695,0.00838716608,0.816552,0.0170276649,0.26769349,-0.138043776,0.762763917,-0.00630494114,0.189992011,0.0378443263,0.828423858,-0.0589948669,0.663694203,-0.126479194,0.775167406,-0.0934201404,0.586951256
1300.0000000000002,-0.0122683244,-0.567832,-0.135157019,0.999952912,0.00893852394,-0.589819789,-0.127584174,0.999912739,0.0113249598,-0.591075301,-0.117206901,0.999882281,0.0113152368,-0.591366351,-0.121047981,0.999936819,-0.0130216861,-0.602634311,-0.13151674,0.999920309,-0.01180634,-0.601083815,-0.14318043,0.999918282,-0.0081371367,-0.589562,-0.124818608,0.999941468,0.0980993137,-0.591435671,-0.0317673832,0.99991256,-0.0487004519,-0.560025632,0.00124612381,0.999605358,0.033114709,-0.563033462,-0.0914553776,0.999886334,-0.00675422465,-0.529754102,-0.107902862,0.999800086,0.184740871,-0.428740859,0.0892487392,0.999986172,-0.099377349,-0.510309577,0.131868422,0.99988,0.237226069,-0.209405422,0.118794292,0.955381095,-0.12815173,-0.270763248,-0.0102853822,0.900072515,0.219982639,0.0344980508,0.143594638,0.982512534,-0.0588586703,-0.382221192,-0.163811058,0.980949342,0.210603446,0.0801336,0.149602905,0.968138397,-0.0108270263,-0.426613271,-0.221362114,0.972258329,0.172283173,0.101147331,0.130691811,0.970113397,0.00594211742,-0.487286091,-0.21498093,0.971729815,0.207146153,0.0694750398,0.138097256,0.95300889,-0.0468865857,-0.410334647,-0.170711502,0.951191,0.0893748701,0.00764203677,0.0264835022,0.999941885,-0.0869762525,-0.0114244819,-0.0230952706,0.999896944,0.0450649522,0.424967378,-0.0607594736,0.549732327,-0.0810797513,0.332403451,-0.0797252655,0.515182912,0.0311529934,0.779359758,0.00612119585,0.598933935,-0.135757536,0.726766109,0.022161657,0.560248,0.00821788609,0.816550076,0.0156477541,0.26351285,-0.138521329,0.762932956,-0.0118305739,0.18742995,0.0361703075,0.828411937,-0.0605870336,0.657879472,-0.125896454,0.775093436,-0.100179978,0.584078252
1316.666666666667,-0.0114137307,-0.566190064,-0.119951762,0.999954402,0.00901366211,-0.588329136,-0.111023866,0.999915779,0.0114022018,-0.589621365,-0.100783437,0.999886274,0.0114104478,-0.589933395,-0.104719907,0.999939203,-0.0129821291,-0.600712895,-0.115596898,0.999922872,-0.0117603196,-0.599108636,-0.127302513,0.999920547,-0.00811282638,-0.587616,-0.109054409,0.999943137,0.0969762,-0.590229392,-0.01442747,0.999915421,-0.0511565171,-0.55632478,0.0158429146,0.999614656,0.0335097872,-0.561473608,-0.0762126595,0.999888539,-0.00669509498,-0.527508557,-0.0934966505,0.999802768,0.182839289,-0.425998807,0.102804124,0.999986351,-0.100395806,-0.50742805,0.140422225,0.999878466,0.236210987,-0.207538292,0.129720896,0.955162704,-0.127850085,-0.270763695,-0.00509004481,0.901810348,0.220784,0.0362553895,0.154476896,0.982669413,-0.054581292,-0.382587433,-0.151792482,0.980465055,0.212018058,0.0812747553,0.160660863,0.96833688,-0.00570740458,-0.427183867,-0.208231717,0.97107476,0.17358546,0.10233181,0.142166972,0.970303178,0.010101594,-0.487705886,-0.201254234,0.970328271,0.208013445,0.0709616765,0.149036363,0.953429222,-0.0428130962,-0.410712153,-0.158127546,0.949193537,0.089430131,0.00760397036,0.0275811758,0.999941647,-0.0870301,-0.0114004789,-0.0241848975,0.999896228,0.0456730276,0.425104618,-0.0607287884,0.549510896,-0.0809013397,0.33290869,-0.0826928541,0.519819319,0.0304758772,0.779341698,0.00411110139,0.593596578,-0.137338862,0.727371931,0.0152056711,0.56062758,0.0073746522,0.816545844,0.0135041801,0.260833621,-0.140250951,0.763698816,-0.0193237253,0.186499894,0.0345510058,0.82840836,-0.0630658492,0.652839482,-0.125915408,0.775083363,-0.110060528,0.583040833
1333.3333333333337,-0.00969647244,-0.565788329,-0.118568704,0.999956548,0.00967987441,-0.587959707,-0.11033795,0.999920189,0.0120668281,-0.589280903,-0.100041822,0.999892056,0.0121105332,-0.589611769,-0.103977703,0.999942482,-0.012215618,-0.60024,-0.115218781,0.999926686,-0.0109470505,-0.59861,-0.126938,0.999924123,-0.00736746844,-0.587067783,-0.108669057,0.99994576,0.0957709253,-0.590068161,-0.0154490545,0.999919713,-0.0515500046,-0.555168,0.0139606697,0.999631524,0.0342057608,-0.561134279,-0.0752349,0.999893129,-0.00604991801,-0.526931882,-0.0929905549,0.999809921,0.180902615,-0.4251495,0.101904675,0.999986768,-0.101024851,-0.506724715,0.139656752,0.999879718,0.233897045,-0.20682779,0.128371179,0.955275059,-0.126104042,-0.271670699,-0.00628569769,0.90522778,0.220980853,0.0367460847,0.152228296,0.983102262,-0.04836585,-0.385557324,-0.153100684,0.980694413,0.212704465,0.0816629604,0.158439472,0.969049931,0.00084957463,-0.430183232,-0.209622934,0.971083939,0.174404532,0.102600686,0.139678508,0.970986545,0.0162552241,-0.490717441,-0.202874646,0.970223784,0.208366066,0.071305722,0.146722,0.954568207,-0.036787387,-0.413843155,-0.159594819,0.949137926,0.0894313902,0.00754931662,0.0286996253,0.999941766,-0.0870288536,-0.0113719227,-0.0253681261,0.999896,0.0461361222,0.425259739,-0.058590129,0.54369241,-0.0803110898,0.333046705,-0.0829397067,0.519817114,0.0303691439,0.779662549,0.00409697928,0.585754395,-0.137623832,0.72760886,0.0148195848,0.558018863,0.00722641032,0.816922426,0.0134273805,0.256494671,-0.140585631,0.763987482,-0.0197402835,0.184379026,0.0338535495,0.828647673,-0.0628078133,0.64820236,-0.124875151,0.775035322,-0.10880366,0.581823
1350.0000000000005,-0.00739853969,-0.564437091,-0.114759021,0.999958873,0.0104617728,-0.586873472,-0.106138892,0.999924719,0.012862646,-0.588215,-0.0958861783,0.999898136,0.0129435603,-0.588582158,-0.0998905,0.999945879,-0.0114145232,-0.598715305,-0.112002946,0.99993068,-0.010092603,-0.597058654,-0.123799279,0.999927938,-0.00656582369,-0.585484385,-0.105500326,0.999948502,0.0940533355,-0.589789808,-0.0106628733,0.999924242,-0.0529280379,-0.5527035,0.0146921948,0.999649405,0.035348814,-0.560176313,-0.0711660609,0.999898136,-0.00510127796,-0.525325894,-0.0901338905,0.999817729,0.178922787,-0.424215525,0.105544686,0.999987245,-0.101932257,-0.505656362,0.139202327,0.999881387,0.232392818,-0.205482811,0.1295688,0.955631852,-0.125285983,-0.27242744,-0.00697120791,0.908286631,0.221136227,0.038306918,0.151042372,0.983507,-0.0419054031,-0.385912895,-0.151965901,0.980587125,0.21306479,0.0833266899,0.157057464,0.969719648,0.00862788595,-0.429974705,-0.208081245,0.970578253,0.174669892,0.103924282,0.138329908,0.971622884,0.0243923981,-0.490528047,-0.20111984,0.969543636,0.208555743,0.0726340488,0.145512909,0.955626,-0.03003015,-0.414132416,-0.158268288,0.948187411,0.0894210786,0.00750518637,0.0299239978,0.99994266,-0.0870133489,-0.0113451211,-0.0266415775,0.999897122,0.0466722436,0.425430506,-0.0568929575,0.544785798,-0.080033645,0.333330899,-0.0840581805,0.526353419,0.0300434735,0.779827297,0.00368339708,0.584715843,-0.138969079,0.727977037,0.0107111102,0.562237,0.00689533167,0.817145705,0.0128711015,0.256628245,-0.142057046,0.764441371,-0.0242710505,0.185740188,0.0338170566,0.828671396,-0.0627243891,0.648854733,-0.12489371,0.774897873,-0.113220714,0.585963786
1366.6666666666672,-0.00455356622,-0.56278646,-0.116375819,0.999960363,0.0119801164,-0.585373819,-0.107906088,0.999927878,0.0143750161,-0.586722791,-0.0975738093,0.999902368,0.0144865597,-0.587104797,-0.101590097,0.999948323,-0.0100013334,-0.596864164,-0.113883361,0.999933243,-0.00862511061,-0.595186412,-0.125689432,0.999930143,-0.00513987476,-0.583567083,-0.107360333,0.999950051,0.0933864266,-0.589442611,-0.0119927432,0.999927342,-0.0536572225,-0.550712228,0.0128315082,0.999658763,0.037158329,-0.559084952,-0.0725727528,0.99990052,-0.00350777782,-0.523722291,-0.0917041823,0.999820113,0.177983046,-0.423936337,0.104712158,0.999987602,-0.10198237,-0.504419386,0.137915298,0.999879658,0.231267408,-0.204498857,0.128906578,0.955364883,-0.11943116,-0.272115767,-0.00971193798,0.909087658,0.221348,0.0395175144,0.150032386,0.9836483,-0.0328720883,-0.385650188,-0.152077138,0.97965461,0.213476956,0.0846031681,0.156065881,0.969953418,0.0177923646,-0.429798126,-0.207949623,0.968933403,0.175389022,0.104964398,0.137286872,0.971861839,0.0329104811,-0.490171134,-0.200906739,0.967662215,0.208951876,0.073727183,0.144486457,0.95611918,-0.0213339403,-0.413755924,-0.158351973,0.945431173,0.0893681198,0.00743813347,0.0306361411,0.999943376,-0.0869472623,-0.0112903845,-0.0273942295,0.999897301,0.0468831658,0.425868571,-0.0546860695,0.544020116,-0.0797877684,0.333863109,-0.0837972537,0.528063953,0.0300225411,0.780431211,0.00352254114,0.584098697,-0.138950273,0.728268206,0.0125292875,0.563619673,0.0068745343,0.817844093,0.0126009062,0.256279945,-0.142040044,0.764780641,-0.0221962892,0.185619667,0.0338359438,0.829828441,-0.0625949726,0.649411082,-0.124580838,0.775023341,-0.109966688,0.587456405
1383.333333333334,-0.00351423118,-0.561823905,-0.117380373,0.999961555,0.0124785919,-0.584491491,-0.108959779,0.999930382,0.0148824425,-0.585827649,-0.0985926,0.999905825,0.0150001878,-0.586211801,-0.102612212,0.99995029,-0.00955274235,-0.595826924,-0.115047276,0.999935269,-0.00815059245,-0.594132125,-0.126870841,0.999931931,-0.00467743957,-0.582508504,-0.108507395,0.999951243,0.0924774632,-0.589307,-0.0128935669,0.99993,-0.0546177365,-0.54996568,0.0115853548,0.999667108,0.0377978645,-0.558499515,-0.0734467059,0.999902308,-0.00294951117,-0.522945404,-0.0927322,0.999821544,0.177139446,-0.423899025,0.104250573,0.999987841,-0.102189,-0.504129231,0.136289179,0.999878585,0.230299577,-0.203771442,0.128266871,0.955253124,-0.11634896,-0.271482,-0.0117972586,0.910957813,0.221337408,0.039893087,0.149239168,0.983741403,-0.0295191985,-0.385298312,-0.152500391,0.979387701,0.213440835,0.0849882737,0.155260593,0.970147073,0.0209210441,-0.429338306,-0.208345398,0.968355894,0.175423712,0.105081744,0.136506125,0.972054,0.035621766,-0.489905208,-0.201353237,0.966930449,0.208964437,0.073932074,0.14369835,0.956549823,-0.0183028392,-0.413597226,-0.158789873,0.944383621,0.0892858431,0.00741526531,0.0311307739,0.999943793,-0.0868530571,-0.0112724258,-0.0279294793,0.999897301,0.0470988788,0.426119566,-0.0535286367,0.547335625,-0.0793413818,0.334130853,-0.083772175,0.53493607,0.0297553856,0.780624032,0.00146261102,0.588192582,-0.138942674,0.728330791,0.0126451515,0.568791211,0.00664178,0.818110168,0.010086555,0.260537922,-0.142030522,0.764864683,-0.0220540985,0.188617691,0.0339016877,0.830165863,-0.0635185391,0.653712034,-0.124388643,0.775027692,-0.108680785,0.592108
1400.0000000000007,-0.000747863087,-0.561893761,-0.117742032,0.999962807,0.0142113408,-0.584531486,-0.108999655,0.999933064,0.0165712368,-0.585873425,-0.0986126438,0.999909461,0.0166728795,-0.586258471,-0.102670759,0.999952316,-0.00808866695,-0.595906556,-0.11572253,0.999937594,-0.00663518161,-0.594219446,-0.127585486,0.999934077,-0.00316485483,-0.582590222,-0.109189764,0.999952674,0.0916034579,-0.589791477,-0.0119575746,0.999932706,-0.0556806587,-0.549952865,0.010963941,0.999678195,0.0395277329,-0.55860734,-0.0734212548,0.999904037,-0.00135889673,-0.523011923,-0.0934437439,0.999823153,0.176004425,-0.424283,0.105913222,0.9999879,-0.102345683,-0.504110575,0.129392698,0.999877572,0.228424281,-0.203803688,0.127926737,0.953565717,-0.112963706,-0.271759659,-0.0239401087,0.913591683,0.221060604,0.038865108,0.148111328,0.983296692,-0.0236122385,-0.385624737,-0.156877592,0.979401171,0.213241652,0.0840829685,0.154397622,0.969642222,0.0267459899,-0.429201633,-0.21200043,0.968219876,0.175388262,0.103462085,0.135441497,0.971598804,0.0417430289,-0.490107805,-0.203825206,0.966663301,0.208853394,0.0724901482,0.142340034,0.956086218,-0.012650786,-0.414080083,-0.162354663,0.944040716,0.0891908407,0.00739318924,0.0325234048,0.999944091,-0.086747,-0.0112561276,-0.0293672588,0.99989742,0.047281798,0.426095366,-0.0510632433,0.550693333,-0.0789878666,0.334127188,-0.0854709446,0.542665362,0.0292650927,0.780635834,0.000199879563,0.595708847,-0.138954043,0.728257,0.0130244279,0.575425267,0.00615744153,0.818155348,0.00850409083,0.267688721,-0.14204593,0.764818788,-0.0214321613,0.193005621,0.0340658613,0.830593765,-0.0637367889,0.66119349,-0.123971909,0.775215924,-0.107272632,0.598273635
1416.6666666666674,0.000449008687,-0.561937332,-0.116767392,0.99996388,0.0150236636,-0.584596217,-0.107718892,0.999935448,0.0173559524,-0.585951746,-0.0972912684,0.999912679,0.0174479932,-0.586333334,-0.101430759,0.999954104,-0.00737644918,-0.595971525,-0.115069062,0.99993962,-0.00589916855,-0.594290376,-0.126978308,0.999935925,-0.00243471633,-0.582660198,-0.108565912,0.999953866,0.0906141326,-0.590107262,-0.0101413419,0.999935091,-0.0565645136,-0.549992,0.0102637922,0.999687433,0.0402317643,-0.558758438,-0.0721492916,0.999905586,-0.000671559945,-0.523060143,-0.093011111,0.999824584,0.174911156,-0.424638778,0.107098803,0.999988,-0.102626607,-0.504097342,0.127579883,0.999876082,0.227692962,-0.203853533,0.127746582,0.952544928,-0.110982247,-0.272634685,-0.0271929167,0.915762,0.220649526,0.0383068621,0.147676453,0.983068824,-0.0214466304,-0.386611104,-0.158046886,0.979341149,0.212762728,0.0837249681,0.154126421,0.969424963,0.0288914405,-0.429609388,-0.212868094,0.968000889,0.175158486,0.102780469,0.134997517,0.971412599,0.0443822667,-0.490673572,-0.2040613,0.966321945,0.208574116,0.0717418641,0.14174968,0.955982208,-0.0104166931,-0.415099353,-0.163194746,0.943592191,0.0891269296,0.00733083626,0.0329729058,0.999944389,-0.0866742507,-0.0112062227,-0.0298260208,0.999897242,0.0474096797,0.426122308,-0.050900165,0.554219306,-0.0790420324,0.334189147,-0.0856737569,0.546904206,0.028694259,0.78090328,-0.00361403939,0.602518499,-0.139102653,0.72828716,0.0133884735,0.579956472,0.00550826872,0.818537,0.00421183091,0.273488015,-0.14220193,0.764871955,-0.0210097618,0.195793092,0.0339762121,0.831283092,-0.0669195205,0.667718053,-0.124096289,0.775518358,-0.106304213,0.602590621
1433.3333333333342,0.00227193045,-0.562133431,-0.116709381,0.999964535,0.0166039169,-0.584802449,-0.107602187,0.999937,0.0188728701,-0.586177051,-0.097148329,0.999914706,0.0189406145,-0.586560547,-0.101323575,0.999955237,-0.00586668495,-0.59610641,-0.115162253,0.999941,-0.00434933463,-0.594427168,-0.127100915,0.999937117,-0.000900574378,-0.582776189,-0.108668223,0.999954641,0.0904349,-0.590478957,-0.0101258773,0.999936521,-0.0565396398,-0.550060213,0.00985563453,0.999694586,0.0414992981,-0.559057832,-0.072028935,0.999906123,0.000724967511,-0.523245692,-0.0931856707,0.999824882,0.174687564,-0.424938947,0.10690859,0.99998796,-0.10267254,-0.504113495,0.124477305,0.99987483,0.227333531,-0.203880355,0.127272174,0.951579,-0.110025533,-0.273607612,-0.0329213664,0.918676436,0.220692545,0.0376621671,0.144401759,0.982893,-0.0187304877,-0.387869418,-0.162805319,0.979676902,0.212827608,0.0832112283,0.151141912,0.969312489,0.0318644233,-0.430306673,-0.217762619,0.968310297,0.17540811,0.102074079,0.131569549,0.971332312,0.0483753085,-0.491539448,-0.208159164,0.966562092,0.208701208,0.0709873289,0.138229981,0.956021428,-0.00736496504,-0.416331261,-0.167572364,0.944002867,0.0890827626,0.00723192189,0.0332791358,0.99994415,-0.0866288617,-0.0111249434,-0.0301342811,0.999896467,0.0479508787,0.42591837,-0.0509133711,0.555888116,-0.0790350586,0.334224105,-0.0858311132,0.548677683,0.0291192662,0.781008959,-0.00629316363,0.607996941,-0.138944477,0.728349745,0.0139270471,0.582045496,0.00591546716,0.818723083,0.00136601366,0.277169913,-0.142041862,0.764962673,-0.0204060357,0.196971282,0.0342718214,0.831658,-0.0697614402,0.672673523,-0.124068491,0.775998294,-0.105955422,0.604594
1450.000000000001,0.00329643674,-0.562466204,-0.116186082,0.999965131,0.0175968017,-0.585084558,-0.106881201,0.999938428,0.0198320188,-0.586489439,-0.0963827223,0.999916732,0.0198833272,-0.5868572,-0.100599356,0.999956429,-0.00486082584,-0.596393049,-0.114784352,0.999942064,-0.00333131547,-0.594711304,-0.126744524,0.999937952,0.000102522645,-0.583049297,-0.108299769,0.999955058,0.0900887847,-0.59064889,-0.00915773585,0.99993813,-0.0566400886,-0.550159574,0.00942096,0.999698937,0.0420765392,-0.559401095,-0.0714043751,0.99990654,0.00136115088,-0.523564577,-0.0930072889,0.999824047,0.173914373,-0.425150245,0.106954806,0.999988,-0.103127629,-0.504130423,0.123553514,0.999870718,0.227311686,-0.203979403,0.127194837,0.951388061,-0.109562345,-0.274377435,-0.0337354057,0.919922,0.22069788,0.0368196443,0.144184574,0.982939422,-0.0189498495,-0.388903379,-0.16284582,0.979199529,0.212808266,0.0824712962,0.150943726,0.96947974,0.0315383822,-0.431133568,-0.217851,0.967398345,0.175401673,0.101130076,0.131393537,0.97150594,0.047491964,-0.492346942,-0.208455592,0.965491533,0.208724216,0.0700229704,0.138042569,0.956416845,-0.00778573705,-0.417362094,-0.167704642,0.942544103,0.0890537277,0.00707990024,0.0333767049,0.99994427,-0.0865935609,-0.0109796645,-0.0302339643,0.999895334,0.0481969081,0.425781339,-0.0511268601,0.561438859,-0.0793523341,0.334544122,-0.0860912353,0.551031649,0.0291505232,0.781024277,-0.0110286698,0.615803719,-0.138983011,0.72857374,0.014221319,0.585055232,0.00592350867,0.818760097,-0.00367455976,0.282692254,-0.142099187,0.765225649,-0.0200439524,0.198998466,0.0342049338,0.832207918,-0.0749205053,0.679174721,-0.124825954,0.777054548,-0.10557121,0.607317209
1466.6666666666677,0.0034445948,-0.563068032,-0.116479509,0.999964833,0.0178768616,-0.585615218,-0.107252173,0.999938369,0.0201075953,-0.587055,-0.0967672318,0.999916852,0.0201447513,-0.587405443,-0.100972481,0.999956667,-0.00451375404,-0.596931458,-0.114948288,0.999941468,-0.00298288581,-0.595265031,-0.126932472,0.999936879,0.000468343409,-0.583545268,-0.108486578,0.999954104,0.0897637457,-0.591219366,-0.00969430059,0.999938548,-0.0566057041,-0.55067718,0.00744687719,0.999693871,0.0422251187,-0.560034037,-0.0717743859,0.999905288,0.00163261453,-0.52425772,-0.0932490677,0.999819398,0.173620656,-0.426067889,0.10621959,0.999988079,-0.103503101,-0.504535079,0.121883571,0.999865115,0.227340505,-0.204282045,0.124847613,0.951414764,-0.108326457,-0.27587232,-0.0339137,0.919901609,0.220644087,0.0359879434,0.138772786,0.983056724,-0.0185418651,-0.391029239,-0.162865728,0.978326142,0.212746978,0.081697382,0.145410061,0.969718337,0.0319431685,-0.433242261,-0.217794016,0.965952158,0.175279871,0.100085214,0.125924066,0.971742451,0.0469823331,-0.494638622,-0.208635807,0.963889897,0.208677843,0.069131352,0.132589251,0.956842363,-0.00765826181,-0.419601083,-0.167800233,0.94023633,0.0890483707,0.00686201686,0.0334359892,0.999944031,-0.0865854546,-0.0107660573,-0.0302974563,0.999893308,0.0487605296,0.425339848,-0.0511164516,0.560640931,-0.0793131739,0.334563822,-0.0858044773,0.546779811,0.029621549,0.780847728,-0.0107443715,0.615932822,-0.138973713,0.728763282,0.0181508549,0.581120372,0.00639741356,0.818593442,-0.0033070324,0.281942964,-0.142097339,0.76545763,-0.0155141382,0.196416348,0.0344588161,0.832333565,-0.0735143423,0.679695845,-0.124854036,0.778134882,-0.0979415178,0.603806615
1483.3333333333344,0.00350166368,-0.563370883,-0.11649958,0.999964356,0.0180057585,-0.585884154,-0.107362494,0.999937952,0.0202250648,-0.587337554,-0.096864596,0.999916553,0.0202666391,-0.587680638,-0.101025254,0.999956727,-0.00437840354,-0.597138941,-0.114917651,0.999940634,-0.00285695819,-0.595477283,-0.126885056,0.999935627,0.000602895918,-0.583725333,-0.108460642,0.999953091,0.0897445232,-0.591461,-0.0101508098,0.999938607,-0.056576144,-0.550726473,0.00735157169,0.999686897,0.0424413159,-0.560310841,-0.0719023645,0.999903619,0.00185112515,-0.524470925,-0.0932292342,0.999813914,0.173641443,-0.426209241,0.105950072,0.999988139,-0.103551514,-0.504545808,0.122641824,0.999858797,0.227373973,-0.20431222,0.124752052,0.951527417,-0.106894054,-0.27662003,-0.0318492167,0.918074369,0.220502377,0.035965804,0.139537662,0.982959449,-0.0187611934,-0.391303211,-0.158315718,0.97653085,0.212546259,0.0816755667,0.146446824,0.969514966,0.0315361172,-0.433512658,-0.212418735,0.963163674,0.175030544,0.10007073,0.12717478,0.971554041,0.04591313,-0.49477613,-0.203958601,0.960852087,0.208548605,0.0691188,0.133513525,0.956663191,-0.00806866493,-0.419816583,-0.163565904,0.936011255,0.089080438,0.00674329326,0.033353705,0.999944091,-0.0866130143,-0.010651432,-0.0302205347,0.999892056,0.04913662,0.425287843,-0.0511811115,0.563194633,-0.0793245062,0.334582,-0.0844472721,0.544556737,0.0297272019,0.780604899,-0.0105243791,0.617442846,-0.139062479,0.72879833,0.0216310676,0.579026461,0.00648745429,0.818332911,-0.00307031139,0.281847924,-0.142214626,0.765510082,-0.0118690506,0.194740981,0.0342481211,0.832334936,-0.0732419416,0.680606127,-0.125058249,0.778378248,-0.0944994241,0.601610959
1500.0000000000011,0.00359483948,-0.563422382,-0.116591774,0.999964237,0.0181084741,-0.585928,-0.107501082,0.999938071,0.020321643,-0.587379813,-0.0970023423,0.999916852,0.0203661937,-0.587721586,-0.101141244,0.999957,-0.00427426258,-0.597190082,-0.115020238,0.999940395,-0.0027584394,-0.59553194,-0.126982257,0.999935091,0.000706982682,-0.583776057,-0.108565249,0.999952614,0.0896618962,-0.591517866,-0.0103814369,0.999938965,-0.0566145778,-0.550740898,0.00719267596,0.999683142,0.0426438972,-0.560336351,-0.0720199049,0.999902606,0.00204053777,-0.524517179,-0.0933032483,0.999810219,0.173642501,-0.42632553,0.105501033,0.999988198,-0.103630528,-0.504546702,0.122695357,0.999854267,0.227416337,-0.204361334,0.124748521,0.951369941,-0.106489629,-0.276800394,-0.0313984,0.916902423,0.220518529,0.0358679034,0.140270919,0.982889414,-0.0187713355,-0.39123407,-0.158208907,0.97514677,0.212526187,0.0815197825,0.147279963,0.969385326,0.0314884335,-0.433463931,-0.212410957,0.960966229,0.175010115,0.0998748839,0.128115043,0.971445382,0.0455800742,-0.494721264,-0.204053432,0.95843643,0.208573505,0.0689997077,0.134333193,0.956576705,-0.00814095791,-0.419732809,-0.163525015,0.93252027,0.0890847296,0.00664234255,0.033376012,0.999943852,-0.0866162553,-0.010551746,-0.0302417334,0.999890327,0.04944022,0.425216198,-0.0511448905,0.562769,-0.0792703182,0.3346,-0.0842459,0.540967405,0.0297771953,0.780584693,-0.0103289168,0.616557717,-0.138929591,0.728839278,0.0224244446,0.575137138,0.00653821882,0.818319,-0.00279516145,0.280814,-0.142069057,0.765564263,-0.0110706389,0.192568138,0.0342462771,0.832284808,-0.0729828,0.679599524,-0.124978833,0.778302908,-0.0937735736,0.597653508
1516.6666666666679,0.00354585191,-0.563413322,-0.11482203,0.999964118,0.0180018432,-0.585927,-0.105679318,0.99993819,0.0202219542,-0.587379754,-0.095230259,0.999917209,0.0202733055,-0.587716699,-0.0993462801,0.999957383,-0.00432807626,-0.59712708,-0.113345437,0.999940157,-0.0028147,-0.595472157,-0.125306621,0.999934554,0.000659671321,-0.583710551,-0.106912315,0.999952137,0.0888919085,-0.591527879,-0.00903005525,0.999939442,-0.0569513068,-0.550430477,0.00796558615,0.999678969,0.0426426232,-0.560339093,-0.0704179481,0.999902189,0.00204806076,-0.524456859,-0.091845043,0.999807298,0.173351914,-0.426344752,0.106359549,0.999988377,-0.103750013,-0.504425466,0.123381615,0.999851286,0.227445424,-0.204356894,0.126311779,0.950974464,-0.106050201,-0.276786774,-0.0298113916,0.915726602,0.2204604,0.0357882418,0.142626137,0.982800126,-0.0188711453,-0.391145319,-0.155686662,0.973855,0.21236895,0.0813255906,0.149613723,0.969231844,0.0313552283,-0.433468878,-0.209617019,0.958946347,0.174768925,0.0995266661,0.130919158,0.9713,0.0450365767,-0.494763047,-0.201512173,0.956190169,0.208499372,0.06883993,0.136851192,0.956398189,-0.00841859635,-0.419659287,-0.161070615,0.929246843,0.0890685,0.00661586132,0.0335336216,0.999944091,-0.086597234,-0.0105283037,-0.0304044969,0.999889731,0.0495968051,0.425247401,-0.051123485,0.561991036,-0.0792708844,0.33461681,-0.0842412338,0.540043354,0.0296217054,0.780568242,-0.00995493401,0.615128875,-0.138950646,0.728856385,0.0221440606,0.573000371,0.00641411589,0.818307579,-0.00231262296,0.280413359,-0.142073169,0.765585363,-0.0114353802,0.191566318,0.0345518701,0.8321926,-0.0727337524,0.678337634,-0.124826863,0.777910948,-0.0942106918,0.595055342
1533.3333333333346,0.0034432509,-0.563443363,-0.112205572,0.999964476,0.0177434385,-0.585955858,-0.103135198,0.999939144,0.019976154,-0.587408125,-0.0927287638,0.99991864,0.0200421438,-0.587743878,-0.0968669057,0.999958336,-0.00446274364,-0.59714067,-0.110846654,0.999940693,-0.00295343506,-0.595487714,-0.122808814,0.999934912,0.000531175232,-0.583722174,-0.104432702,0.999952316,0.0879787207,-0.591549933,-0.00746929692,0.999940693,-0.0571553037,-0.550210476,0.00939019863,0.99967891,0.0425642021,-0.560359299,-0.0681734,0.999903083,0.00202452228,-0.524451613,-0.0896205604,0.999807,0.172890097,-0.42636022,0.106971547,0.999988616,-0.103883833,-0.504212558,0.124539204,0.999849319,0.227448568,-0.204330325,0.126759157,0.950725436,-0.105791204,-0.276776016,-0.0276844073,0.914579332,0.220395431,0.0357652493,0.143139496,0.982822359,-0.0189713836,-0.391140431,-0.152292162,0.972654462,0.212283775,0.081297271,0.150053456,0.96928221,0.0312718153,-0.433561891,-0.205781385,0.95708704,0.174566105,0.0994847938,0.131574139,0.971337,0.0446226746,-0.494883,-0.197996169,0.954130054,0.208421931,0.0688081607,0.137420535,0.95645225,-0.00865863077,-0.419686675,-0.157787979,0.926280499,0.0890416354,0.00658023218,0.0335949436,0.999944746,-0.0865628421,-0.0104983654,-0.0304737054,0.999889851,0.0497035272,0.42524907,-0.0512368381,0.56164,-0.0792929083,0.334633291,-0.0843862891,0.539022923,0.0291333832,0.780598,-0.010538389,0.6150949,-0.139024988,0.728859425,0.0211841,0.571202815,0.0059276754,0.818354368,-0.00288219238,0.281123638,-0.142123699,0.765595555,-0.0125704268,0.19115445,0.0347352959,0.832189858,-0.0734399,0.678564727,-0.124818213,0.777674,-0.0950970724,0.593379438
1550.0000000000014,0.00300643547,-0.562378764,-0.112131715,0.999964535,0.0174249206,-0.584920228,-0.103188664,0.99993968,0.0196851417,-0.586384356,-0.0927572399,0.999919474,0.0197614245,-0.586702824,-0.0969057903,0.999959,-0.00470454153,-0.596203327,-0.110761359,0.999940693,-0.00320386,-0.594515085,-0.122713856,0.999934554,0.000282412861,-0.582749,-0.104345508,0.999951959,0.0877885818,-0.590842485,-0.00757492241,0.999941587,-0.0572940744,-0.54972,0.0097590154,0.999675691,0.0422828346,-0.559433222,-0.0681387931,0.999902725,0.00176169653,-0.52358222,-0.0893942341,0.99980396,0.172675088,-0.426069409,0.106783167,0.999988794,-0.104121886,-0.503944457,0.125943512,0.999845624,0.227348387,-0.204107374,0.126802176,0.950846732,-0.10520149,-0.276535541,-0.0232968107,0.912735,0.220264271,0.0360117331,0.144506559,0.982949138,-0.0186771452,-0.391083509,-0.14582552,0.971281409,0.212216899,0.081444189,0.151760682,0.969439149,0.0318046175,-0.433516383,-0.198710412,0.955050051,0.174521148,0.0997096,0.133312717,0.97148037,0.0445864648,-0.494874626,-0.191293508,0.951902568,0.208349764,0.06904836,0.138835713,0.956691504,-0.00850197,-0.41961959,-0.151536196,0.923149586,0.0890352726,0.00655539567,0.0335476063,0.999944806,-0.0865517631,-0.0104755396,-0.0304392409,0.999888659,0.0498063639,0.425386161,-0.0515925214,0.557667792,-0.0795084089,0.334608436,-0.0843616128,0.53377372,0.0293494314,0.780635476,-0.0117862038,0.610813081,-0.138400286,0.728854418,0.0210623778,0.564805508,0.00622004317,0.818389237,-0.0042584748,0.278794706,-0.141266584,0.765601516,-0.0127677992,0.188540131,0.035813123,0.832261682,-0.074567914,0.675173283,-0.123930067,0.777612925,-0.0951054916,0.587572515
1566.666666666668,0.00312866853,-0.562345,-0.112302683,0.999965,0.0175111871,-0.584902287,-0.103391565,0.999940634,0.0197670124,-0.586364567,-0.0929560959,0.999920785,0.0198449399,-0.586681902,-0.0971000046,0.999959767,-0.00465349341,-0.596138418,-0.110924304,0.999941528,-0.00315467129,-0.594456434,-0.122872844,0.999935269,0.00033877758,-0.58268404,-0.104503945,0.999952435,0.0877524614,-0.590849042,-0.00765617331,0.999942541,-0.0574744344,-0.549526036,0.00968689192,0.999678314,0.0424697362,-0.559415,-0.068309471,0.999903381,0.00190570846,-0.523509145,-0.0895177424,0.999804258,0.172681525,-0.426075429,0.106738567,0.999988914,-0.104136989,-0.503800213,0.125839695,0.99984467,0.227499917,-0.204032049,0.126954332,0.950755894,-0.104517907,-0.276525527,-0.024035871,0.913051128,0.220352262,0.0361698,0.145099401,0.982928038,-0.0178776085,-0.391032577,-0.147524863,0.971028864,0.212233946,0.0816769227,0.152488187,0.969400644,0.0324636288,-0.433481544,-0.200680599,0.954566777,0.174523652,0.099954538,0.133969501,0.971450269,0.0453354195,-0.494831473,-0.192970067,0.95132947,0.208421767,0.0692213,0.139469072,0.956694722,-0.00770832924,-0.419567287,-0.153125018,0.922301233,0.089031674,0.00652908906,0.0336001292,0.999945104,-0.0865472853,-0.0104524,-0.0304892268,0.999888718,0.050311476,0.425547808,-0.0515978113,0.558101475,-0.0796668902,0.334624201,-0.0843661875,0.533320189,0.0293864887,0.780693054,-0.0115714911,0.611874461,-0.138461322,0.72887224,0.0210398063,0.564612091,0.00625356287,0.818462193,-0.00398538075,0.279878318,-0.14131543,0.765629828,-0.0127983252,0.188533291,0.0361213274,0.832315564,-0.0743954,0.676326811,-0.123947494,0.777597129,-0.0951813608,0.587418795
1583.3333333333348,0.00293831411,-0.562347591,-0.112743996,0.999964952,0.0172900055,-0.584917665,-0.103737921,0.999940813,0.0195537247,-0.586378276,-0.0932853669,0.999921,0.0196299478,-0.586695135,-0.0974336565,0.99996,-0.00495679071,-0.596133411,-0.111278325,0.999941528,-0.0034575013,-0.594452083,-0.123233013,0.999935031,2.83042373e-005,-0.582676709,-0.10485483,0.999952257,0.0875589475,-0.590893865,-0.007742316,0.99994272,-0.0581339709,-0.5494771,0.0095703071,0.999676526,0.0423958749,-0.559423268,-0.0686274692,0.999902487,0.00177217089,-0.523492396,-0.0898295119,0.999801219,0.172609121,-0.426107973,0.106520452,0.999988854,-0.10420426,-0.503664672,0.125831261,0.99984169,0.227483839,-0.203939974,0.126316428,0.95031178,-0.104417801,-0.276459962,-0.0240093693,0.912927747,0.220154688,0.0363072678,0.144832268,0.982631683,-0.0177848786,-0.391009778,-0.148027286,0.970553577,0.21195966,0.0817725137,0.152320296,0.96890521,0.0326129496,-0.433537424,-0.201379985,0.953729212,0.174324766,0.100056596,0.133816451,0.970986247,0.0454089157,-0.494937837,-0.19370465,0.95037961,0.208259299,0.069339484,0.139220878,0.956087172,-0.00764141185,-0.419578016,-0.153664082,0.920902848,0.089004,0.00650369423,0.0335566923,0.999944568,-0.0865173116,-0.0104318671,-0.0304524079,0.999887288,0.0503365844,0.425645322,-0.0517911613,0.555652,-0.0797542706,0.334634572,-0.0841852725,0.529903352,0.0293406192,0.780812323,-0.0121817365,0.610203564,-0.138430595,0.728884,0.0208430979,0.561268449,0.00622703321,0.818592072,-0.00461057713,0.279393554,-0.141264111,0.765645,-0.0130915362,0.187196597,0.0362504199,0.832319438,-0.0752582401,0.674669743,-0.12389341,0.777464032,-0.0955478922,0.584028959
1600.0000000000016,0.00264286669,-0.561286569,-0.112489268,0.999964774,0.0170147326,-0.583762944,-0.103416942,0.999940693,0.0192836747,-0.585255563,-0.0929577351,0.999920726,0.01936532,-0.585542738,-0.0971084535,0.999960065,-0.00523843803,-0.59490943,-0.110934407,0.99994123,-0.0037521862,-0.593226194,-0.122881673,0.999934435,-0.000258485932,-0.581454,-0.104528569,0.999951839,0.0871447548,-0.589781523,-0.00690450054,0.999942482,-0.0587494671,-0.548067,0.0101522161,0.999673188,0.0421383679,-0.558400929,-0.0682892129,0.999901891,0.00146942178,-0.52238673,-0.0894908309,0.999799371,0.172307327,-0.425164342,0.106987633,0.999988914,-0.10480392,-0.502595782,0.127034187,0.999839723,0.227495909,-0.202835545,0.126695216,0.94964087,-0.104339167,-0.276089519,-0.0218958221,0.911731958,0.220144227,0.0373117141,0.144911319,0.982495,-0.0178422462,-0.390561819,-0.147197351,0.970095158,0.211930618,0.0825337842,0.152321443,0.968669713,0.0325404033,-0.433244795,-0.200908929,0.953003347,0.174275339,0.10074494,0.133793041,0.970773637,0.045311451,-0.494588375,-0.193398565,0.949587107,0.208243296,0.0702992603,0.139287204,0.955798447,-0.00770627894,-0.419146717,-0.152926043,0.91972208,0.0890039951,0.0064525255,0.0335196927,0.999944389,-0.0865142047,-0.010387145,-0.0304146018,0.999886453,0.0498821884,0.426184177,-0.0518394,0.55297029,-0.0797861,0.334948123,-0.0841901451,0.525210738,0.0292299129,0.781620145,-0.0113849221,0.60715735,-0.13844651,0.729042768,0.0218285043,0.556512713,0.00610552,0.819430172,-0.00365374167,0.276327699,-0.141307011,0.765793741,-0.0118786208,0.184367925,0.0356387086,0.833704174,-0.0742688179,0.671916783,-0.124348946,0.77765429,-0.0943572074,0.57962656
1616.6666666666683,0.00121564337,-0.561196,-0.117157146,0.999963701,0.0160492491,-0.583662629,-0.108800545,0.999939,0.0182917416,-0.585161805,-0.0982158333,0.999918401,0.018339444,-0.585443676,-0.102309294,0.999959052,-0.00630491227,-0.594841659,-0.115622036,0.999939442,-0.00482873619,-0.593169808,-0.12756528,0.999932289,-0.00131251523,-0.581373274,-0.109209873,0.999950349,0.0866893381,-0.589742303,-0.0126724225,0.999940872,-0.0591350719,-0.548078299,0.00639724405,0.999663234,0.0411402471,-0.558315516,-0.0729773864,0.99989897,0.000539624831,-0.522355,-0.0935322046,0.999793172,0.172260478,-0.425170541,0.100922376,0.999988735,-0.105232745,-0.502672136,0.125711456,0.999836206,0.227402374,-0.202429742,0.120224521,0.949559331,-0.104248948,-0.276644021,-0.0232102685,0.911545753,0.219605073,0.0378740393,0.138985381,0.982334912,-0.0179528669,-0.390717387,-0.151409596,0.969947815,0.21126093,0.0832468,0.146382421,0.968380392,0.0324020758,-0.433294803,-0.205937102,0.952715635,0.173673898,0.101428792,0.12748462,0.970515251,0.0452230647,-0.49458012,-0.198557898,0.949294329,0.207752347,0.0709416,0.133456722,0.955460668,-0.00779035268,-0.419230431,-0.157413319,0.919285774,0.0890137777,0.00640811585,0.0332036167,0.999944091,-0.0865234658,-0.0103446683,-0.0300874617,0.999885678,0.0491640158,0.426579058,-0.0518549047,0.550430954,-0.0805117115,0.335000277,-0.0819861516,0.519999385,0.0284164585,0.782678843,-0.00692777056,0.606432915,-0.138695031,0.72924161,0.02959699,0.553640544,0.005168173,0.820474863,0.0016026129,0.273485899,-0.141602084,0.765988231,-0.00342320488,0.181849733,0.0326412953,0.83551693,-0.0697353333,0.671122551,-0.125168666,0.77836287,-0.0858044848,0.577121615
1633.333333333335,0.00117283233,-0.560835779,-0.11839325,0.999963164,0.0159690063,-0.583381,-0.109964162,0.999938428,0.0182064865,-0.584876478,-0.0993818566,0.999917567,0.0182489436,-0.585162401,-0.103457421,0.999958694,-0.00641933363,-0.594478071,-0.117107973,0.999938667,-0.00493980618,-0.592821,-0.129070267,0.999931276,-0.00141566794,-0.581003487,-0.110699184,0.999949574,0.086169526,-0.589719474,-0.0132301562,0.999940336,-0.0597821698,-0.547816336,0.00451141596,0.999659359,0.0410696119,-0.558082461,-0.0739110932,0.99989754,0.000472833781,-0.522051275,-0.0948457345,0.999789596,0.17198278,-0.425190836,0.100907914,0.999988616,-0.105559953,-0.502633691,0.123649709,0.999833,0.22729598,-0.202358365,0.12020538,0.949073434,-0.10415455,-0.276657283,-0.0266736075,0.911530554,0.219529808,0.0378968753,0.137749106,0.982233703,-0.017967457,-0.39077577,-0.156082645,0.969737172,0.211163402,0.0832554549,0.144930899,0.968243,0.0323081054,-0.433405966,-0.211165234,0.952376723,0.173606724,0.10140717,0.125884712,0.970400095,0.0451762378,-0.494710386,-0.203487277,0.948905706,0.207692802,0.0709566101,0.132131159,0.955331802,-0.00780518213,-0.419300556,-0.161993787,0.918684363,0.0890157893,0.00638475036,0.033371184,0.999943614,-0.0865242109,-0.0103241308,-0.0302470196,0.999884486,0.0491641052,0.427027225,-0.051318448,0.550805867,-0.0808678493,0.335032701,-0.0822246373,0.520546913,0.0282323919,0.783098936,-0.00443333481,0.60836041,-0.139257148,0.729371,0.0293228608,0.555600703,0.00491423,0.820885658,0.00428790087,0.273334354,-0.142245471,0.766129434,-0.00376219349,0.181934759,0.0317427069,0.836271524,-0.0670886785,0.672931,-0.125581846,0.778513491,-0.0861728862,0.578854501
1650.0000000000018,0.00112746761,-0.560670853,-0.118110985,0.999963403,0.0158636738,-0.583251297,-0.109625734,0.999939084,0.0180975776,-0.584753633,-0.0990560204,0.999918401,0.0181451049,-0.585043192,-0.103124082,0.999959171,-0.00653498434,-0.59430635,-0.116884366,0.999939203,-0.00505224243,-0.592659354,-0.128855959,0.999931693,-0.00152685889,-0.580829322,-0.110487014,0.999949872,0.0856376439,-0.589726269,-0.0126545597,0.999940932,-0.0602706,-0.547733426,0.00458526658,0.999661803,0.0409822837,-0.55799365,-0.0735413283,0.999898195,0.000395790907,-0.521925211,-0.0946329534,0.99979043,0.171598613,-0.425245941,0.101310939,0.999988675,-0.106156014,-0.502654,0.12367513,0.99983269,0.226562753,-0.202349216,0.120271578,0.948904514,-0.104224123,-0.276861191,-0.0269884672,0.911759436,0.219006434,0.03785,0.136758327,0.98221916,-0.018032169,-0.391115576,-0.157177061,0.969615936,0.210721314,0.0832004547,0.143522575,0.968253851,0.0322408974,-0.433765262,-0.212426096,0.952188313,0.173168764,0.101306304,0.124536082,0.970418453,0.0451170132,-0.495084673,-0.204727516,0.948685169,0.207216352,0.0708934,0.131101951,0.955369115,-0.00786199234,-0.419654936,-0.163079053,0.918330193,0.0890302584,0.00636232086,0.033408422,0.999943733,-0.0865366384,-0.0103030987,-0.0302814618,0.999884546,0.0490933694,0.427267015,-0.0512870625,0.552301526,-0.0809950456,0.335043937,-0.082369931,0.521761,0.0277560093,0.783113301,-0.00433028303,0.610351,-0.140175521,0.729301393,0.0292002447,0.55730921,0.00438426435,0.820895731,0.00438562548,0.273894,-0.14325133,0.76605171,-0.00392942131,0.182266682,0.030829113,0.836279809,-0.0670529306,0.675183475,-0.1260048,0.778373957,-0.086444363,0.58071208
1666.6666666666686,0.000775772263,-0.560664415,-0.117991321,0.999963403,0.0156246843,-0.58324641,-0.109437205,0.999939144,0.0178606957,-0.584748626,-0.0988784432,0.999918461,0.0179053135,-0.585037529,-0.102933697,0.999959171,-0.00684277108,-0.59430474,-0.116659939,0.999939322,-0.00537337223,-0.592660844,-0.128634632,0.999931812,-0.00183519023,-0.580830514,-0.110264979,0.999949932,0.0855875835,-0.589739,-0.0121724065,0.999940813,-0.0605617501,-0.547822237,0.00519834831,0.999662817,0.040741235,-0.557989061,-0.0733678639,0.999897838,5.75963786e-005,-0.521932304,-0.0944244,0.99979,0.171597183,-0.425327063,0.101654492,0.999988616,-0.106837079,-0.502815783,0.124304235,0.999832392,0.226456687,-0.202447921,0.120314829,0.949080586,-0.104418874,-0.277013123,-0.0265527628,0.912435949,0.218980595,0.0374381393,0.136560231,0.982272923,-0.0183900893,-0.391261101,-0.157198459,0.969919264,0.2107,0.0827170387,0.143127263,0.968367755,0.0317078121,-0.433936328,-0.212513342,0.952588797,0.173148647,0.100847118,0.124167815,0.970533371,0.0447321422,-0.495263398,-0.204830691,0.949112535,0.207185984,0.0705045313,0.130895033,0.955552518,-0.00817494933,-0.419788152,-0.16310358,0.91892308,0.0891799,0.00633688038,0.0333945528,0.999943852,-0.0866919309,-0.0102787083,-0.0302612446,0.999884844,0.0490919314,0.427507848,-0.0514108092,0.55621,-0.0810610875,0.335125685,-0.0824409798,0.524909794,0.0278026629,0.783071399,-0.00335578807,0.612469375,-0.140174434,0.729206741,0.029001968,0.559361517,0.00443590293,0.820840478,0.00555145228,0.274684161,-0.143250182,0.765928388,-0.00416379562,0.182836533,0.0308324173,0.836113811,-0.0662375167,0.676723957,-0.126116455,0.777948,-0.0866413414,0.582255125
1683.3333333333353,0.000514536863,-0.560645163,-0.118005417,0.999963582,0.0153910248,-0.583232641,-0.109440073,0.99993962,0.0176317524,-0.584736228,-0.098881267,0.999919,0.0176741406,-0.585024834,-0.102937892,0.999959469,-0.00708908774,-0.594296753,-0.116700023,0.999939799,-0.00562433,-0.592654467,-0.128677234,0.99993223,-0.00207610149,-0.580821455,-0.110305592,0.99995023,0.0849868506,-0.589765847,-0.0121425018,0.99994117,-0.0611461,-0.547868609,0.00505257165,0.999666154,0.0403611511,-0.55798322,-0.0733646676,0.999898195,-0.000283017871,-0.521933496,-0.0944607258,0.999790728,0.171108484,-0.425368637,0.10174191,0.999988556,-0.107475609,-0.502960622,0.123926803,0.99983263,0.226092324,-0.202436641,0.120258562,0.948805213,-0.104315676,-0.277268887,-0.0270417146,0.913601339,0.218729779,0.0373747125,0.135115117,0.98227483,-0.0184402391,-0.391713589,-0.157998621,0.970576167,0.210501015,0.0826261267,0.141568139,0.968422532,0.0316448435,-0.434476316,-0.21349971,0.953594625,0.172996253,0.100642242,0.122397937,0.970595479,0.0446737967,-0.495863467,-0.205880806,0.950188875,0.206983507,0.0704012,0.129327744,0.955667913,-0.00822738465,-0.420288503,-0.163932458,0.920463622,0.0891803578,0.00631318195,0.0334161,0.999943554,-0.0866912156,-0.0102577368,-0.0302843321,0.999884427,0.0490047857,0.427565396,-0.050918445,0.555450559,-0.0812007487,0.335098445,-0.082448706,0.525038302,0.0278121103,0.783069551,-0.00286243507,0.613236,-0.140165433,0.729085088,0.0288520176,0.560281932,0.0044519091,0.820837855,0.00598559389,0.27475363,-0.143234968,0.765793264,-0.00433747889,0.183189392,0.030834822,0.836066842,-0.0656488314,0.678193629,-0.12608391,0.777647614,-0.0868529081,0.583626926
1700.000000000002,0.000492074061,-0.560833693,-0.117761366,0.999963582,0.0153746894,-0.583395243,-0.109090745,0.99993968,0.0176157989,-0.584903479,-0.0985481441,0.999919,0.0176586099,-0.585190952,-0.102596857,0.999959469,-0.00710327039,-0.594456673,-0.116425753,0.99994,-0.0056388313,-0.592832148,-0.128402829,0.999932468,-0.00209072325,-0.580995739,-0.110036843,0.999950469,0.0848832652,-0.589893341,-0.0115738912,0.999941111,-0.0612295903,-0.548000813,0.00520993723,0.999668539,0.0403403,-0.558143675,-0.073059313,0.999898374,-0.00030161973,-0.522112966,-0.0942654535,0.999791563,0.171096221,-0.42546311,0.102564462,0.999988496,-0.107687332,-0.503169596,0.123942539,0.999833345,0.226131499,-0.202441305,0.120814838,0.94860816,-0.104474783,-0.277952313,-0.0271171778,0.914706528,0.218725607,0.0370952152,0.135149568,0.98217833,-0.0184800494,-0.392162293,-0.158819795,0.970951498,0.210481033,0.0822574645,0.141558483,0.968329728,0.0315873809,-0.434882909,-0.214591816,0.954116523,0.172973096,0.100024767,0.122408189,0.970515788,0.0446297377,-0.496236354,-0.206864208,0.95072186,0.206975281,0.0700303689,0.129365459,0.955584824,-0.00827253424,-0.420682251,-0.16470331,0.921222329,0.0892373249,0.00629117666,0.0334779099,0.99994421,-0.0867542624,-0.0102392696,-0.0303295907,0.999886096,0.0490475744,0.428349614,-0.0509043,0.562343776,-0.0817639753,0.335418403,-0.0825544596,0.531970441,0.0278084595,0.783175409,-0.00094936142,0.619594216,-0.140148476,0.729149401,0.0287181139,0.567497849,0.00444156304,0.820934772,0.00821972359,0.278501153,-0.143192455,0.765849471,-0.00449046539,0.186300769,0.0305104144,0.83636111,-0.0638699383,0.683552563,-0.126066193,0.777742803,-0.0870559216,0.589941442
1716.6666666666688,0.000471514562,-0.561028242,-0.116842955,0.999963164,0.0153298071,-0.583551943,-0.108139448,0.999939203,0.017565405,-0.585073173,-0.0976063833,0.999918461,0.0176077895,-0.585361302,-0.101637416,0.99995929,-0.00713140797,-0.594569623,-0.11550308,0.999939501,-0.00566610834,-0.592956,-0.127478912,0.999931872,-0.00211727247,-0.581104815,-0.109133206,0.999950051,0.0846972242,-0.589998901,-0.0108642727,0.999940753,-0.0612465777,-0.548006833,0.00572382566,0.999666333,0.0403084904,-0.558294773,-0.0722226426,0.999898,-0.000313409226,-0.522221565,-0.0935009345,0.99979043,0.171098068,-0.425476491,0.102610521,0.999988496,-0.107788205,-0.503156185,0.124396913,0.999831736,0.226217061,-0.202319905,0.120679133,0.948527575,-0.104062594,-0.278061211,-0.0259792041,0.91342628,0.218695819,0.0369050317,0.134077579,0.982015908,-0.0184115618,-0.392198026,-0.156809285,0.970055401,0.210414767,0.081903,0.140184075,0.968106031,0.0315865427,-0.43488887,-0.212144554,0.952825725,0.172917917,0.0992351919,0.121155038,0.970311582,0.0445959531,-0.49624303,-0.204738095,0.949332297,0.206945345,0.0696652532,0.128297076,0.955325067,-0.00823026802,-0.420718491,-0.162766367,0.919314504,0.0893297866,0.00626808312,0.033422567,0.999945045,-0.0868446082,-0.0102198226,-0.0302683339,0.999887645,0.0490468591,0.429121763,-0.0509818159,0.566775441,-0.0818785653,0.335701287,-0.0825329572,0.53527081,0.0278807301,0.783409894,0.000687145803,0.622702539,-0.140103519,0.729274094,0.0287016314,0.571471095,0.00448795967,0.82113266,0.0101262834,0.278568327,-0.143149838,0.76596266,-0.00447783619,0.187350094,0.0290572587,0.837267399,-0.0621418245,0.68595624,-0.126094267,0.778394,-0.0872356445,0.593505681
1733.3333333333355,0.000369763526,-0.561491847,-0.116673082,0.999962926,0.0152768698,-0.583967566,-0.107994325,0.999939084,0.0175068378,-0.585504115,-0.0974576324,0.999918461,0.0175484139,-0.585795,-0.101484209,0.99995935,-0.00716521032,-0.594967186,-0.115314864,0.999939203,-0.00570212258,-0.593374074,-0.127294645,0.999931395,-0.00215149717,-0.581494272,-0.108948492,0.999949694,0.0846543312,-0.590191603,-0.0108533641,0.999940872,-0.0612015352,-0.548130751,0.00582180405,0.999664664,0.0402141139,-0.55862987,-0.0721331388,0.999897957,-0.00035930521,-0.522559941,-0.0933712721,0.999789596,0.171119615,-0.425489753,0.101858534,0.999988556,-0.107921124,-0.503171086,0.124723695,0.999829054,0.226199254,-0.202307835,0.118563078,0.948605657,-0.103768334,-0.278550804,-0.0247073211,0.911473811,0.218596116,0.0363012925,0.130773962,0.981886566,-0.0183909014,-0.392553687,-0.154882789,0.968734384,0.21033138,0.0810403824,0.136437595,0.967938542,0.0315662362,-0.435131282,-0.209959194,0.950996459,0.172870681,0.0980589911,0.117544085,0.970146418,0.0445628911,-0.496506065,-0.20290719,0.947386742,0.206881836,0.0688860267,0.124967821,0.955090523,-0.0082247043,-0.421093166,-0.161006346,0.91668,0.0894588754,0.00622580154,0.0331842043,0.999945939,-0.0869628191,-0.0101834657,-0.0300331265,0.999889135,0.0490755,0.429285288,-0.0511021912,0.572119474,-0.0822793245,0.335841864,-0.0823563114,0.538880944,0.0279436223,0.783506691,0.00166330615,0.62670815,-0.140048057,0.729407251,0.0291353222,0.575477242,0.00451756036,0.821211815,0.0112331025,0.27937144,-0.143089592,0.766083837,-0.00396396453,0.189143643,0.0283734892,0.837706208,-0.0608581454,0.688924611,-0.126408502,0.779027641,-0.0865411311,0.597210646
1750.0000000000023,0.000466773112,-0.561329484,-0.114287995,0.999963522,0.0153189385,-0.58381635,-0.105079934,0.999940217,0.0175500419,-0.585358858,-0.0945612118,0.99992,0.0175926052,-0.585646033,-0.0986433104,0.999960184,-0.00711654918,-0.594800532,-0.112876363,0.999940276,-0.00565612176,-0.593207896,-0.124872111,0.999932468,-0.00210487,-0.581338823,-0.106525235,0.999950409,0.0845192373,-0.590057313,-0.0069690817,0.999941945,-0.0614045,-0.547934115,0.007745401,0.999669433,0.0402219817,-0.558479607,-0.069481574,0.999899089,-0.000357842451,-0.522381604,-0.091240935,0.999791503,0.17081356,-0.425384283,0.10486529,0.999988616,-0.108099654,-0.503014147,0.125747114,0.999827921,0.226279184,-0.202159449,0.120659947,0.948390484,-0.103492923,-0.278561473,-0.023630701,0.910277069,0.21862255,0.0360845439,0.13205035,0.981854081,-0.0183103234,-0.3925246,-0.15170835,0.967923522,0.210327074,0.0806257799,0.137677759,0.967938125,0.0315855034,-0.435099155,-0.206382498,0.949830353,0.17286621,0.0974152535,0.118911237,0.970147192,0.0445448868,-0.496460706,-0.199235901,0.946104825,0.206906497,0.0685255602,0.126227155,0.955106199,-0.00819231663,-0.421063364,-0.157692522,0.91493696,0.0894731134,0.00618232833,0.0331883319,0.999946535,-0.0869733393,-0.0101405447,-0.0300360974,0.999889851,0.0491354838,0.429300696,-0.051494848,0.577395499,-0.0826395527,0.335975975,-0.0831355527,0.542421699,0.0279233977,0.783275962,-0.00031030245,0.630849659,-0.139922649,0.72941035,0.0270582866,0.579064906,0.00446476089,0.820973873,0.0089355614,0.281806648,-0.142930508,0.766084909,-0.00618962059,0.191456303,0.0281362403,0.837517858,-0.0629485399,0.692071855,-0.126508683,0.778960764,-0.0885623917,0.600242436
1766.666666666669,0.000724654295,-0.561301589,-0.114270531,0.999963343,0.0155009348,-0.583788514,-0.105060019,0.999940038,0.0177312158,-0.585332513,-0.0945391953,0.999919832,0.0177742224,-0.585619748,-0.0986216143,0.999960184,-0.00693198247,-0.594758868,-0.112873599,0.99994,-0.00548085338,-0.593167901,-0.124869294,0.999932,-0.00192748301,-0.581292748,-0.106522627,0.999950051,0.0845024288,-0.590065837,-0.00690617599,0.999941826,-0.0614140034,-0.547889233,0.00772997783,0.999666929,0.0403826833,-0.55846864,-0.069445245,0.999898136,-0.000198836322,-0.522357821,-0.091229558,0.99978894,0.17079258,-0.425394028,0.104846142,0.999988616,-0.108145282,-0.503006339,0.125848129,0.999824345,0.226289704,-0.202014565,0.120532908,0.948131,-0.103183724,-0.27869755,-0.0225856863,0.908543885,0.218612626,0.0360234082,0.131976619,0.981686831,-0.0182209481,-0.392766267,-0.148397446,0.966834426,0.210309729,0.080457449,0.137639299,0.967694759,0.0316540562,-0.435389936,-0.202588707,0.948283494,0.172849655,0.0971035659,0.118918009,0.969921708,0.0445239171,-0.49681741,-0.195540234,0.944435835,0.206899136,0.068396762,0.126175478,0.954804122,-0.00815548841,-0.421366662,-0.154381603,0.912666,0.0894900635,0.00613653334,0.0331194401,0.999946594,-0.0869859159,-0.0100944191,-0.0299758073,0.999889493,0.0491427667,0.429280549,-0.0515019856,0.579263031,-0.0827699229,0.335960656,-0.0830836743,0.542411745,0.0279194918,0.78289932,-0.00025806122,0.632136285,-0.139513582,0.729269207,0.0272851307,0.579154372,0.00444802083,0.820520937,0.00896847527,0.28197059,-0.14250344,0.765924335,-0.00590736512,0.191708595,0.0276953969,0.836838305,-0.0627535954,0.692669213,-0.126524702,0.778742433,-0.0878465921,0.600086808
1783.3333333333358,0.000685323321,-0.561206818,-0.115587637,0.999962866,0.0154801188,-0.583684266,-0.106453009,0.999939144,0.017709123,-0.585227072,-0.095927909,0.999918818,0.0177492555,-0.585510194,-0.0999638,0.999959707,-0.00696569029,-0.594668329,-0.114175223,0.999939,-0.00552182039,-0.593085945,-0.126169086,0.999930859,-0.00196477794,-0.581204891,-0.107823022,0.999949217,0.0844861269,-0.590032578,-0.0078457715,0.999941111,-0.0615016408,-0.547880292,0.00689992402,0.999661088,0.0403584503,-0.558384061,-0.0705940649,0.999896586,-0.000249456672,-0.522312522,-0.0922917798,0.999785662,0.170770302,-0.425417513,0.103811175,0.999988556,-0.108395293,-0.503042638,0.125901744,0.99982059,0.226253256,-0.201976523,0.120044455,0.94875735,-0.103367373,-0.278827846,-0.021829268,0.907364488,0.218501419,0.035972748,0.131830826,0.981851578,-0.0183134116,-0.392811567,-0.148027807,0.965818644,0.210100487,0.0803636685,0.137460604,0.967934072,0.031624563,-0.435421139,-0.202245444,0.946773648,0.172677711,0.0969688892,0.118829623,0.97015208,0.0444529243,-0.496845484,-0.195183665,0.94281,0.206782252,0.0683449879,0.126094192,0.955158,-0.00822440442,-0.421405047,-0.154008374,0.910421252,0.0895328745,0.00609352719,0.032974042,0.999946952,-0.0870298892,-0.010038442,-0.0298142023,0.99988991,0.0491000228,0.429312408,-0.051498048,0.584755,-0.0830970928,0.336089939,-0.0818017274,0.546196699,0.027913399,0.782646954,0.00608302141,0.635407,-0.139721721,0.729317963,0.03065327,0.583872139,0.00443631504,0.820209086,0.0162392706,0.283054441,-0.142774478,0.765962362,-0.0021722333,0.193369329,0.0269184429,0.836523235,-0.0552547462,0.694713652,-0.12781781,0.778712213,-0.0847242847,0.603701174
1800.0000000000025,0.000941525,-0.561121643,-0.115317523,0.999963641,0.0157415941,-0.583604455,-0.106249459,0.999940634,0.0180053245,-0.585146546,-0.0957162529,0.999920726,0.0180484056,-0.585435,-0.0997785702,0.99996078,-0.0066402629,-0.59461832,-0.114033714,0.999940336,-0.0051985113,-0.593022406,-0.126016542,0.999932051,-0.00164983619,-0.581141233,-0.107671611,0.999950111,0.0845312551,-0.590027213,-0.00776114874,0.999942422,-0.0613585524,-0.547879338,0.00694120582,0.999665678,0.0405003503,-0.558348179,-0.0703326091,0.999897957,-4.461555e-005,-0.522265315,-0.0920727924,0.999787629,0.170683965,-0.425486207,0.103870146,0.999988735,-0.108235016,-0.503058732,0.126145065,0.99982065,0.226296902,-0.202260807,0.120061651,0.94862771,-0.102848426,-0.278990269,-0.0204903483,0.906338155,0.218638599,0.0356673338,0.132220551,0.981832,-0.0183241293,-0.393115252,-0.144009084,0.965255678,0.210291132,0.0800196603,0.138093263,0.967882216,0.0316042118,-0.435820192,-0.197588637,0.946040571,0.172982126,0.0967908427,0.119369172,0.970094681,0.0442699715,-0.49720186,-0.190742955,0.942011893,0.207008317,0.0680541247,0.126468599,0.955095,-0.00826706085,-0.421782821,-0.150091454,0.909376,0.0894478783,0.00606859941,0.0329355858,0.999947429,-0.0869209319,-0.0100194849,-0.029792605,0.999890447,0.0493075661,0.429091573,-0.0515195951,0.583119512,-0.0833193809,0.335660845,-0.0819096,0.544600606,0.0279062,0.782277405,0.000452222885,0.634661734,-0.139663324,0.729094148,0.026098948,0.583728671,0.00441651419,0.819771707,0.00934912544,0.282571942,-0.142686039,0.765741646,-0.0076072244,0.193771258,0.0273332261,0.835447609,-0.06007329,0.694686472,-0.127786309,0.77781117,-0.0887237266,0.60415256
1816.6666666666692,0.00126152462,-0.560690343,-0.117183805,0.999963582,0.0163506437,-0.583159506,-0.108414941,0.999940693,0.0186364688,-0.58468616,-0.0978465,0.999920845,0.0186739266,-0.5849787,-0.101885296,0.999960899,-0.00607797969,-0.594316244,-0.11591018,0.999940157,-0.00466418033,-0.59270668,-0.127869919,0.999931753,-0.00110880123,-0.580811799,-0.109521404,0.999949872,0.0858207,-0.589802,-0.00984582491,0.999942422,-0.0605370551,-0.547878861,0.00592974946,0.999662697,0.0409364961,-0.557987392,-0.0721081793,0.999896824,0.000327759306,-0.52204442,-0.0934701785,0.999784827,0.171306744,-0.425484031,0.101705246,0.999988735,-0.107900947,-0.503195822,0.126306191,0.999818683,0.226724565,-0.202149838,0.118704334,0.948865235,-0.102547988,-0.279059738,-0.018498823,0.904706776,0.218673751,0.0357763134,0.132265717,0.981801391,-0.0182879772,-0.393135041,-0.142250195,0.964522779,0.210282281,0.0801236629,0.138133928,0.967779815,0.0316694602,-0.435851157,-0.195790559,0.945085704,0.172997177,0.0969237313,0.119450405,0.969991624,0.0442481488,-0.497268528,-0.189112648,0.941014528,0.207064137,0.0681625158,0.126514673,0.954964936,-0.00825596135,-0.42182678,-0.148436323,0.908012271,0.0894420817,0.00604633614,0.0325397849,0.999947608,-0.0869103745,-0.0100002186,-0.0294328723,0.999890327,0.0493557081,0.428972304,-0.0515283532,0.58273083,-0.0831667706,0.335552067,-0.0808168426,0.542614281,0.0280426666,0.78216511,0.000590970798,0.634490848,-0.139150783,0.728901267,0.0278709,0.582944751,0.00456020748,0.819641054,0.00949739665,0.282202631,-0.142193928,0.765514135,-0.0057095252,0.193646669,0.0275228545,0.835123479,-0.0598906875,0.694557965,-0.127724275,0.77726078,-0.0863327906,0.603781939
1833.333333333336,0.00124352297,-0.560791314,-0.12125425,0.999963462,0.0163991656,-0.583259404,-0.112405978,0.999940574,0.0186830405,-0.584779799,-0.101801395,0.999920666,0.0187137853,-0.58507061,-0.105771378,0.99996078,-0.00607338361,-0.594503939,-0.119699419,0.999939919,-0.00466098,-0.592898548,-0.13166,0.999931514,-0.00110544951,-0.581003368,-0.113268495,0.999949574,0.0861831,-0.589886308,-0.0129724173,0.999942303,-0.0605336092,-0.548593104,0.00349023426,0.999660194,0.0409385823,-0.558067799,-0.0758338124,0.999895573,0.000300297921,-0.522261918,-0.0969682634,0.999782443,0.171454877,-0.425780088,0.0995517895,0.999988616,-0.107963994,-0.503833711,0.125562727,0.999815822,0.22700949,-0.202186018,0.117459081,0.949281275,-0.102594838,-0.279885858,-0.0197593048,0.904580355,0.218690142,0.0356403627,0.132126555,0.981842101,-0.0184589215,-0.394023806,-0.145654187,0.964314818,0.210268989,0.0799854621,0.138120323,0.967805386,0.0314493,-0.436831534,-0.199842498,0.944718778,0.172987893,0.0968088284,0.119433053,0.970022321,0.0440609418,-0.498218238,-0.192849115,0.940642834,0.207077041,0.0680492744,0.126419768,0.955023766,-0.00841087755,-0.422687739,-0.151847079,0.90744549,0.0894586071,0.00598102715,0.0324361213,0.999947071,-0.0869272947,-0.00993046071,-0.0293254461,0.999888957,0.0495181717,0.428730518,-0.0515517592,0.5838117,-0.0830774531,0.335540235,-0.0801366046,0.541054785,0.0282031745,0.782017767,0.000680215599,0.635004401,-0.139147922,0.728911459,0.0296183489,0.582021952,0.00472504226,0.81950438,0.00961694401,0.282353103,-0.142203107,0.765523076,-0.00380159821,0.192996725,0.0279221758,0.834711,-0.0599293672,0.6947366,-0.127874196,0.777210653,-0.0848420933,0.60279429
1850.0000000000027,0.00127267442,-0.560830712,-0.125707537,0.999963522,0.0164792072,-0.583314538,-0.116796553,0.999940634,0.018754093,-0.584828377,-0.106205299,0.999920785,0.0187765379,-0.585115135,-0.11010918,0.999960721,-0.00604917295,-0.594575107,-0.124454193,0.999940038,-0.00463579455,-0.592982054,-0.136437818,0.999931812,-0.00106728834,-0.581091404,-0.117982261,0.999949694,0.0861808,-0.590096295,-0.0163947865,0.999942243,-0.060613174,-0.549045563,-0.00154106237,0.999661326,0.0409538746,-0.558147788,-0.0797786862,0.999895096,0.000302486791,-0.522399724,-0.101422317,0.999782145,0.17142947,-0.426826149,0.0991502404,0.999988496,-0.108098008,-0.504439712,0.12058641,0.999816179,0.226915061,-0.202752948,0.117804304,0.949243724,-0.102639131,-0.279999107,-0.0289438944,0.906226337,0.218676,0.0355394669,0.132451326,0.982003748,-0.0184656885,-0.394073069,-0.16095978,0.96515739,0.210197061,0.0799741521,0.1386033,0.968085408,0.0313968696,-0.436895847,-0.216919243,0.945905,0.172949448,0.0968606,0.119765744,0.97030592,0.0440761931,-0.498257101,-0.209018946,0.941925108,0.207057431,0.0680356547,0.126743183,0.955421448,-0.00840448588,-0.422709525,-0.166828677,0.909100175,0.0894761533,0.00592408469,0.0328665599,0.999946773,-0.0869498476,-0.00986474659,-0.0297100618,0.999888241,0.049953796,0.428752869,-0.0508644395,0.586791098,-0.0826255679,0.33560127,-0.0801731646,0.543322861,0.0287100747,0.782248735,0.00299108773,0.638813555,-0.139195189,0.729075372,0.0315224901,0.584947884,0.00524453493,0.819817245,0.0122132,0.285100281,-0.142306373,0.765706,-0.00148204167,0.193589538,0.0298058726,0.834987938,-0.0580677725,0.698526382,-0.127853274,0.777429879,-0.083025828,0.605736196
1866.6666666666695,0.00125797442,-0.560845435,-0.128916249,0.999963462,0.0164796226,-0.583339155,-0.119996555,0.999940455,0.018752804,-0.584849834,-0.109415852,0.999920547,0.0187705047,-0.585132241,-0.113321647,0.999960482,-0.00607625907,-0.594611943,-0.127919525,0.999940038,-0.00466074096,-0.593030572,-0.139940545,0.999932,-0.0010822597,-0.581144154,-0.121427171,0.999949694,0.0860666,-0.590197444,-0.0193284638,0.999941945,-0.0608541928,-0.549312174,-0.00565647241,0.999662459,0.040921744,-0.558187187,-0.0827948675,0.999894142,0.00025358345,-0.522487342,-0.104808591,0.999781191,0.171216711,-0.427537948,0.0985945165,0.999988317,-0.108344734,-0.504842401,0.115791313,0.999816716,0.226546675,-0.203100711,0.117824681,0.948754251,-0.102796033,-0.280013025,-0.0365073346,0.908473432,0.2183626,0.0351326093,0.132439271,0.981892109,-0.0184928235,-0.394077718,-0.170716852,0.966148496,0.209614888,0.0798048377,0.138636738,0.967967749,0.0313012674,-0.436895311,-0.227119163,0.947281718,0.172485933,0.0967484787,0.119791567,0.970210195,0.0440618098,-0.49824509,-0.218835905,0.943395495,0.206713662,0.0677613,0.126741782,0.955287039,-0.00842014,-0.422700852,-0.176375821,0.911044538,0.0894750804,0.0058849887,0.0333067365,0.999946713,-0.0869517,-0.00981511,-0.0301145986,0.999888361,0.050630454,0.428739458,-0.0495755449,0.589932561,-0.0823594853,0.335607648,-0.0802447051,0.547432363,0.0290481579,0.782516479,0.00686554378,0.643987894,-0.13920185,0.72912097,0.033943478,0.589217484,0.00560193043,0.820217133,0.0164966751,0.289892644,-0.142340586,0.765764058,0.00144525932,0.195337489,0.0328484662,0.835283935,-0.0536333285,0.703051746,-0.127815336,0.777671,-0.0798330754,0.609484196
1883.3333333333362,0.00116405555,-0.560596466,-0.128455192,0.999964297,0.0164128076,-0.583158255,-0.119277976,0.999941885,0.0186950155,-0.584658325,-0.10871806,0.999922395,0.018713329,-0.584933043,-0.112650946,0.999961376,-0.006203325,-0.594481409,-0.127347901,0.999941409,-0.00479237689,-0.592894375,-0.139386132,0.9999336,-0.00120449066,-0.581027508,-0.120864108,0.999950767,0.0860168561,-0.590095282,-0.0180720128,0.999943197,-0.0613553524,-0.549318075,-0.00478166807,0.999668956,0.0408308096,-0.557985902,-0.0821523443,0.999895215,3.81102691e-005,-0.522353709,-0.104292803,0.999783218,0.170838669,-0.427542031,0.100403674,0.999988317,-0.10868486,-0.504892647,0.115909249,0.999817491,0.226370499,-0.203209653,0.120015189,0.948615193,-0.102880038,-0.279965103,-0.0358919948,0.909400165,0.217723817,0.0349050276,0.135270432,0.981870472,-0.0185857546,-0.393863052,-0.169803053,0.966400683,0.208759755,0.0797001198,0.141671821,0.967964649,0.0311872,-0.436673701,-0.225711,0.947606146,0.171271876,0.0967090428,0.123206355,0.970201254,0.0438052565,-0.497997284,-0.217302784,0.943721235,0.205918804,0.0675498247,0.129753172,0.955272198,-0.00858209841,-0.422469288,-0.175294951,0.911453247,0.0894633532,0.00586385233,0.0335449427,0.999946833,-0.0869406313,-0.00979478657,-0.0303648505,0.99988842,0.0506572388,0.428641856,-0.0495520644,0.590312064,-0.0821437687,0.335454196,-0.0810268819,0.54949218,0.0286288243,0.78239429,0.00439842744,0.64529556,-0.139007628,0.728538394,0.0320758522,0.589747846,0.00523126917,0.820153475,0.0135126561,0.293483138,-0.142087504,0.765159,-0.000701048935,0.196616098,0.0339914821,0.834847629,-0.0566539243,0.704556465,-0.126088724,0.776448607,-0.08200863,0.60978514
1900.000000000003,0.00117531919,-0.56033963,-0.128131196,0.999965072,0.0164178479,-0.582982,-0.118987925,0.999943197,0.018702263,-0.584465325,-0.108426422,0.999924064,0.0187192447,-0.584742129,-0.112361975,0.999962151,-0.00620809477,-0.594320416,-0.127004564,0.99994272,-0.00479610218,-0.592725158,-0.139037445,0.99993515,-0.00120725378,-0.580881476,-0.120526522,0.999951839,0.0859423876,-0.590045631,-0.0179909095,0.99994427,-0.0615855157,-0.549287379,-0.00450376887,0.999676108,0.0408275649,-0.557816625,-0.0819275156,0.999896228,2.38862103e-005,-0.522183359,-0.10400492,0.999785542,0.170277953,-0.427587211,0.101516582,0.999988258,-0.108712763,-0.504905,0.115885556,0.999819338,0.226068839,-0.203372702,0.121815592,0.947740376,-0.103286609,-0.279754579,-0.0361457057,0.910962701,0.217301235,0.0348043777,0.137237713,0.981648207,-0.0186758097,-0.392964691,-0.168717936,0.966955364,0.208163872,0.07965561,0.143942311,0.967670262,0.031099787,-0.43572554,-0.224383816,0.948354661,0.170689732,0.096698314,0.12556684,0.969922602,0.0437721647,-0.496991873,-0.216062382,0.944487572,0.205488756,0.0674646869,0.131786585,0.95487088,-0.00867498945,-0.421509683,-0.174231321,0.912431896,0.0893796384,0.00584589364,0.034057077,0.999946535,-0.0868600085,-0.0097781,-0.0308816377,0.999888,0.0508210845,0.428538799,-0.0493892841,0.589875817,-0.0820677802,0.335321933,-0.0822025687,0.552274585,0.0284998231,0.782339096,0.00220128731,0.646831274,-0.138853952,0.728390276,0.028626,0.591672719,0.00511209294,0.820129514,0.0108727077,0.296815246,-0.141856804,0.765018642,-0.00456829742,0.198467,0.0347655825,0.834580481,-0.0592411347,0.706372321,-0.124420546,0.775967419,-0.0859790519,0.611418426
1916.6666666666697,0.00105504948,-0.559900641,-0.125819132,0.999966562,0.0162261892,-0.582708597,-0.116218731,0.9999457,0.018528726,-0.584171593,-0.105698451,0.999927342,0.0185547639,-0.584451616,-0.109735705,0.99996376,-0.00647886517,-0.594024479,-0.124600433,0.999945223,-0.0050590164,-0.592406511,-0.136658967,0.999938,-0.0014704864,-0.580598235,-0.118125774,0.999953866,0.0856281742,-0.589908302,-0.014826999,0.999946594,-0.0624582954,-0.549005091,-0.00203054468,0.9996894,0.0406869948,-0.557462931,-0.0794716328,0.999899089,-0.000227767203,-0.521725297,-0.101845339,0.999791265,0.1693988,-0.427516639,0.105729304,0.999988317,-0.108731762,-0.504757226,0.116277285,0.999822795,0.225327507,-0.20344384,0.125304848,0.946633875,-0.103495084,-0.279064238,-0.0356699228,0.91232276,0.216455311,0.034638647,0.141092628,0.981312215,-0.0191108286,-0.39199537,-0.168332785,0.967451096,0.207231,0.079559043,0.148056433,0.96722734,0.0305311438,-0.434799194,-0.224052563,0.94911921,0.169935524,0.0966536701,0.129794642,0.969493806,0.0432089195,-0.496101022,-0.215735763,0.945262253,0.204712942,0.0672600716,0.135638893,0.954279244,-0.00922784396,-0.420581549,-0.173967794,0.913528323,0.0891765,0.00585771631,0.0344709232,0.999946535,-0.086656943,-0.00979651324,-0.0313197486,0.999888301,0.0509151481,0.428282142,-0.0492429174,0.588879168,-0.0810863227,0.334938556,-0.0831781,0.555577338,0.0278152544,0.781627119,-0.00527432747,0.647832572,-0.138124466,0.727591455,0.0214204658,0.593706846,0.0044817403,0.819534421,0.00218889466,0.301750124,-0.140955552,0.764244199,-0.0128244879,0.201955318,0.0358260833,0.833152592,-0.0670200139,0.708200574,-0.121341519,0.774051547,-0.0938392282,0.613481343
1933.3333333333364,0.00101922289,-0.559579372,-0.125699818,0.999967396,0.0161414295,-0.582506359,-0.116144769,0.999947071,0.0184513479,-0.583949447,-0.105618268,0.99992913,0.0184763744,-0.584234,-0.109649889,0.999964595,-0.00660902308,-0.593780279,-0.124472409,0.999946713,-0.00518412655,-0.592154384,-0.136525735,0.999939799,-0.00159502041,-0.580360413,-0.118001878,0.999955118,0.0854360163,-0.589858,-0.0146944337,0.999947786,-0.0628892,-0.548769295,-0.00192745065,0.999698043,0.040649429,-0.557227552,-0.0794134587,0.999900341,-0.000299164472,-0.52140981,-0.101731315,0.999794245,0.169041663,-0.427517265,0.106252603,0.999988258,-0.108750597,-0.504654765,0.116371378,0.999825776,0.224970117,-0.203521788,0.125829086,0.945599,-0.104146704,-0.278496176,-0.0358519107,0.914432347,0.215940326,0.0345630124,0.141632602,0.981014788,-0.0193611048,-0.391348153,-0.167754903,0.968377829,0.206542179,0.0795234814,0.148719877,0.966845632,0.0302993953,-0.434169918,-0.223321229,0.950459242,0.169311628,0.0966264,0.130480617,0.969129741,0.0431141853,-0.495553464,-0.215003923,0.94666481,0.204186991,0.0671711788,0.1362129,0.953787088,-0.00945693254,-0.41996029,-0.173347205,0.915501833,0.08906506,0.00586278364,0.0347821638,0.999946,-0.0865534246,-0.00980533939,-0.0316368714,0.999887943,0.0510539487,0.428072929,-0.0491611101,0.587283313,-0.0804351792,0.334695,-0.083528921,0.558564365,0.0278208163,0.781265616,-0.00568724563,0.648019195,-0.137721613,0.727356315,0.0193199739,0.596215963,0.00449942145,0.819209278,0.00182392437,0.304733217,-0.140516415,0.764029741,-0.0150707262,0.204658255,0.0366345793,0.832403064,-0.0672767684,0.709074676,-0.120122872,0.773350358,-0.0961833894,0.615807831
1950.0000000000032,0.0011479297,-0.558426261,-0.124384671,0.999968469,0.0161810257,-0.581588805,-0.114815928,0.999948859,0.0185076836,-0.582993925,-0.104337208,0.999931455,0.0185356326,-0.583298206,-0.108428568,0.999965727,-0.00656733848,-0.592787325,-0.123466499,0.999948561,-0.00513869105,-0.5911268,-0.135519877,0.999941945,-0.00155166932,-0.579371512,-0.11698579,0.999956667,0.0853346735,-0.589530766,-0.0132674,0.999949396,-0.0629869178,-0.547975421,-0.00134088984,0.999708295,0.0406941101,-0.556377411,-0.0779667646,0.999902487,-0.000256539526,-0.520342886,-0.100635193,0.999798834,0.168619797,-0.427462578,0.108519465,0.999988377,-0.108708918,-0.504362106,0.116455577,0.999830425,0.224640653,-0.20365046,0.127389684,0.944353938,-0.104234219,-0.276943624,-0.0355458297,0.916427791,0.21566385,0.0344049558,0.142200321,0.980815411,-0.0193541758,-0.389778972,-0.167236477,0.969391763,0.206207186,0.0793852434,0.14927046,0.96661669,0.0303337313,-0.432737321,-0.222742781,0.952029645,0.169124499,0.0964716822,0.131071061,0.968903244,0.0431901,-0.494348139,-0.21449922,0.948317409,0.203968987,0.0669556633,0.136798888,0.953463852,-0.00945705827,-0.41856119,-0.172864333,0.917819738,0.0888532475,0.00590312062,0.0352128074,0.999945819,-0.086333923,-0.00985603593,-0.032098975,0.999888182,0.0513958558,0.428031,-0.0488883108,0.584116,-0.0796254799,0.334278107,-0.0850438252,0.562486887,0.0278459303,0.781075776,-0.0070665,0.648001075,-0.137106851,0.72701782,0.0128208846,0.600272775,0.00454968028,0.819010913,0.000182677322,0.307957,-0.139794037,0.763708711,-0.0221849512,0.208604768,0.0381236412,0.831026435,-0.0683035,0.710642636,-0.117984317,0.77170378,-0.103621349,0.62017113
1966.66666666667,0.00146365084,-0.557578266,-0.124024555,0.999969721,0.016288599,-0.581005156,-0.114319235,0.999950886,0.0186250806,-0.582384109,-0.103855953,0.999934077,0.0186616965,-0.582692742,-0.107975706,0.999967,-0.00651511643,-0.592029095,-0.123222552,0.999950767,-0.00508519728,-0.590356,-0.135276094,0.999944508,-0.00149948907,-0.578628182,-0.116734967,0.999958515,0.0852414072,-0.589418769,-0.0121331653,0.999951124,-0.0634489208,-0.547139645,-0.0011737051,0.999720573,0.040882457,-0.555763304,-0.0773246437,0.999904752,-0.000150054897,-0.519410133,-0.100301862,0.999804,0.168194339,-0.427475899,0.110889666,0.999988377,-0.108583599,-0.503902137,0.116605967,0.999834776,0.224440292,-0.203900933,0.13025856,0.942264,-0.104198366,-0.275994271,-0.0357030928,0.918635964,0.21538341,0.0342943482,0.145351291,0.980223358,-0.0194184966,-0.388854057,-0.167142585,0.970493,0.205791339,0.0793277398,0.152775824,0.965797067,0.030144209,-0.431935519,-0.222654343,0.953712046,0.168894112,0.0964281932,0.134587914,0.968126237,0.0430808552,-0.493469089,-0.214353204,0.950094044,0.203732893,0.0668281391,0.140025571,0.952387154,-0.00956998207,-0.417622954,-0.172718182,0.920345306,0.08867158,0.00593987154,0.0356662981,0.999945641,-0.0861547962,-0.00990255456,-0.0325625166,0.999888718,0.05147852,0.427970469,-0.0484957546,0.583512783,-0.0790430382,0.333934784,-0.0858669654,0.568246663,0.0277937781,0.780911267,-0.00833499152,0.651141226,-0.137064084,0.726652563,0.00987004489,0.606844604,0.00451314496,0.818873227,-0.00132211414,0.314040393,-0.139756888,0.763377607,-0.0253312699,0.214343801,0.039001666,0.830241919,-0.0699179,0.714569926,-0.117410824,0.770872235,-0.10750363,0.626746953
1983.3333333333367,0.00191464985,-0.557437181,-0.124556817,0.999970436,0.0165812634,-0.580913603,-0.114882402,0.999951959,0.0189164765,-0.58227855,-0.10442774,0.999935389,0.0189532544,-0.582592726,-0.108528733,0.999967515,-0.00630736491,-0.591867328,-0.123829305,0.999952137,-0.00487157609,-0.590200245,-0.135865152,0.999946117,-0.00128077599,-0.5784747,-0.117319629,0.999959767,0.0852716044,-0.589414716,-0.0125723314,0.99995172,-0.0634627342,-0.546868384,-0.00175305444,0.99972868,0.041281715,-0.555663466,-0.0777469128,0.999905765,0.000211236737,-0.519209325,-0.100779921,0.999807358,0.168253392,-0.427571982,0.110772163,0.999988317,-0.108315818,-0.503709614,0.116305247,0.999839067,0.224582076,-0.204068184,0.130309597,0.940599918,-0.104211047,-0.275295079,-0.0365131684,0.920575261,0.215423122,0.0343039185,0.145600811,0.979693472,-0.0194318891,-0.387868941,-0.16956082,0.971624613,0.205781892,0.0793912262,0.153130233,0.965007186,0.030120261,-0.431050301,-0.225682706,0.955405056,0.168917507,0.0965152085,0.134859622,0.967390835,0.0431521833,-0.492567897,-0.217207581,0.951900303,0.203774646,0.0668538585,0.140315756,0.951348782,-0.00957013108,-0.416587979,-0.175108209,0.9228791,0.0886436328,0.0059462497,0.0358491279,0.999945283,-0.0861330777,-0.00991369,-0.0327334851,0.999889255,0.0518602654,0.427970171,-0.0479712375,0.582017124,-0.0785969198,0.333843231,-0.0859468132,0.57103169,0.0279749073,0.780893445,-0.007849738,0.652518511,-0.137014836,0.726670921,0.0100934012,0.611677051,0.00468042307,0.81884861,-0.00084585906,0.316322625,-0.139721096,0.763410389,-0.0249696989,0.217323288,0.0389875583,0.830046535,-0.0698375,0.716892719,-0.117338069,0.770833492,-0.108215302,0.631859303
2000.0000000000034,0.00232025585,-0.557684,-0.124748424,0.999971032,0.0167966783,-0.581275344,-0.115040928,0.999952912,0.019119408,-0.582638919,-0.104576007,0.99993664,0.0191494655,-0.582939863,-0.108680442,0.999968052,-0.00617440231,-0.592084885,-0.124058127,0.99995321,-0.00473415107,-0.590446293,-0.136099786,0.999947429,-0.00112642476,-0.578710794,-0.117549539,0.999960661,0.0852488428,-0.5900895,-0.0127179213,0.999952495,-0.0635334104,-0.546922207,-0.00222983188,0.999734759,0.0416449942,-0.555967212,-0.0778850839,0.999906361,0.000517878216,-0.519378781,-0.101005018,0.999808788,0.168262303,-0.428455263,0.110665135,0.999988198,-0.108035967,-0.50373143,0.115794986,0.999840319,0.224436209,-0.204506636,0.130300909,0.940190434,-0.104094885,-0.275259256,-0.0380313694,0.921904087,0.215454355,0.0341865905,0.14583768,0.979440153,-0.0195162743,-0.387631297,-0.171180785,0.972110868,0.205835879,0.0793777183,0.153388366,0.964638889,0.0298569836,-0.430540115,-0.227110922,0.956124842,0.169076785,0.096540086,0.13510035,0.967050254,0.0429894179,-0.491908461,-0.218582496,0.952654779,0.203829423,0.0668064207,0.140552297,0.950933933,-0.00966470782,-0.416258216,-0.176676556,0.923960447,0.0885861516,0.00594831351,0.0359450094,0.999946177,-0.08608412,-0.00991372671,-0.0328148305,0.9998914,0.0516229793,0.428585202,-0.0476255417,0.590066135,-0.0784096196,0.333994091,-0.0859657377,0.579929352,0.0257817116,0.78122735,-0.00515131699,0.661113679,-0.138442174,0.726724923,0.011104363,0.621718705,0.00232876977,0.819251716,0.00255962019,0.32608366,-0.141699836,0.763487518,-0.0236174278,0.224643081,0.0382120498,0.83208251,-0.0658408925,0.724104047,-0.120654248,0.772171199,-0.106663346,0.640995085
2016.6666666666702,0.00246083457,-0.558282495,-0.12599881,0.99997139,0.0168572925,-0.581976354,-0.116254225,0.999953449,0.0191767644,-0.58333391,-0.105761364,0.999937296,0.0191987045,-0.58362782,-0.109864384,0.999968231,-0.00615357049,-0.592620611,-0.125335306,0.999953926,-0.00470800465,-0.59100908,-0.137385443,0.999948382,-0.00109645713,-0.579278171,-0.118800789,0.999961317,0.0851935819,-0.590858698,-0.0139200287,0.999952734,-0.0636275709,-0.54710871,-0.00370342657,0.999739349,0.0417865627,-0.556588352,-0.0790374875,0.999906421,0.000639769132,-0.519836128,-0.102280319,0.999809742,0.168276966,-0.429122925,0.109527692,0.999988,-0.107945144,-0.503801227,0.11445003,0.999841869,0.224300861,-0.204840198,0.130054176,0.939460754,-0.104184307,-0.275265366,-0.0408609398,0.923224628,0.215557605,0.0339332335,0.145777196,0.979038954,-0.0195713602,-0.387395442,-0.175457105,0.972634733,0.205976039,0.0792498291,0.153301403,0.964058459,0.0297480971,-0.430018812,-0.231640294,0.956868827,0.169355586,0.09647201,0.13501744,0.966523468,0.0429804698,-0.491295189,-0.222942442,0.953446805,0.203976616,0.0666312501,0.140493959,0.950232,-0.00968289655,-0.415935457,-0.180941448,0.925035596,0.0885584429,0.0059399,0.0360083,0.999946415,-0.0860628858,-0.0099048,-0.0328667648,0.999892473,0.0515209325,0.428614378,-0.0475381128,0.593738556,-0.0783582479,0.33411327,-0.0862270072,0.585016251,0.0249324776,0.781282187,-0.00424522581,0.664941192,-0.139531806,0.726971745,0.0115258945,0.627368569,0.00141568272,0.819324493,0.00371814147,0.330616623,-0.143111095,0.763763845,-0.0231050923,0.228417084,0.0377234519,0.832373738,-0.0646814182,0.727292418,-0.12323878,0.772950888,-0.106085084,0.64605993
2033.333333333337,0.00292824628,-0.558499813,-0.127382919,0.999972045,0.0171458684,-0.582294762,-0.11760468,0.999954522,0.0194740221,-0.583632052,-0.10709098,0.999938667,0.0194786135,-0.583933949,-0.111204721,0.999968827,-0.00591616,-0.592838109,-0.127028942,0.999955177,-0.00444691116,-0.591237068,-0.139100462,0.999949813,-0.000821008696,-0.579515576,-0.120444462,0.99996233,0.0851059258,-0.591395497,-0.0152590238,0.999953508,-0.0636618212,-0.547222912,-0.00627992908,0.999746501,0.0420574918,-0.556880414,-0.0802483261,0.999907196,0.000973809219,-0.520013213,-0.103908442,0.999811828,0.168089926,-0.429646671,0.10892906,0.999987841,-0.107372493,-0.503909647,0.111139648,0.999844193,0.223972917,-0.204896092,0.129804119,0.9379403,-0.103452027,-0.275271565,-0.0451212898,0.924845338,0.215672597,0.0339432843,0.145502165,0.978442192,-0.0194885656,-0.387284666,-0.178802818,0.973399758,0.206215918,0.0793363228,0.153150856,0.963219941,0.0297269318,-0.42984888,-0.23500818,0.958027244,0.169905037,0.0965922922,0.134781972,0.96574837,0.0430023894,-0.491096,-0.226265058,0.954679966,0.204198614,0.0666652843,0.140156746,0.949188054,-0.00961875,-0.415799797,-0.18430759,0.926780224,0.0883742124,0.00594583387,0.0363324173,0.999946475,-0.085885711,-0.00991489273,-0.0331864618,0.999893367,0.0515294932,0.428730696,-0.0470787808,0.595549881,-0.0783474296,0.334147185,-0.087037228,0.590880275,0.0245845895,0.781289876,-0.00448410679,0.668458045,-0.139688596,0.727050245,0.00799364131,0.634055495,0.00105246634,0.819335818,0.00341841928,0.335882515,-0.143282741,0.763851285,-0.0269199442,0.233969167,0.0377156883,0.832372904,-0.0647953302,0.730787039,-0.123310097,0.773087621,-0.109391347,0.652332604
2050.0000000000036,0.00349416723,-0.558573782,-0.125334367,0.999973118,0.0173806157,-0.58244288,-0.115299352,0.99995631,0.0197073966,-0.583779633,-0.104831755,0.999941,0.0197219793,-0.584086418,-0.10897167,0.999969959,-0.00568185,-0.592897892,-0.125220597,0.999957085,-0.00418773852,-0.591299176,-0.137297258,0.999951959,-0.000552233891,-0.579584897,-0.118637897,0.99996388,0.0847863108,-0.591700554,-0.0129643641,0.999955058,-0.0637769699,-0.547180474,-0.00548754493,0.999757051,0.0423596539,-0.556991696,-0.0781185627,0.999909699,0.00135173334,-0.520024836,-0.102329142,0.999817193,0.167842716,-0.429706693,0.111670017,0.999987841,-0.106944524,-0.503904462,0.111215755,0.999848306,0.223562568,-0.204899326,0.132841155,0.936254144,-0.102841467,-0.275244623,-0.0460390523,0.926387,0.215783551,0.0339448527,0.147938356,0.977997184,-0.0193769131,-0.387159318,-0.180142194,0.974054575,0.206450596,0.0793758109,0.155734077,0.962634325,0.0297066942,-0.429665416,-0.236436397,0.959056079,0.170481592,0.0966172,0.137104347,0.96521759,0.0430428907,-0.490845889,-0.227603123,0.95576185,0.204424128,0.0666570365,0.142438084,0.948473871,-0.00953461695,-0.41562748,-0.185553968,0.928299427,0.0881933346,0.00600386364,0.0369612388,0.999947,-0.0857121348,-0.00998343527,-0.0338032357,0.999895155,0.0515884496,0.42889744,-0.0469491892,0.597394884,-0.0780884847,0.334076822,-0.0894113407,0.597569823,0.0243722405,0.781301558,-0.00752745662,0.672613621,-0.139820442,0.726925075,0.00262478506,0.641172707,0.000862324436,0.819361448,-0.00012841975,0.342291325,-0.143390253,0.763749063,-0.032699246,0.240266472,0.0378592834,0.832211554,-0.0688448474,0.735497117,-0.123068288,0.772745609,-0.116095021,0.659569681
2066.66666666667,0.00379484496,-0.558603942,-0.124017,0.999974191,0.0174832474,-0.58251828,-0.113733083,0.999958098,0.019802656,-0.583854377,-0.103313424,0.999943316,0.0198286027,-0.584161043,-0.107446641,0.999971092,-0.00559620513,-0.592914581,-0.123840958,0.999958932,-0.00409317622,-0.591318786,-0.135925874,0.999954104,-0.000443718163,-0.579609,-0.117271423,0.999965429,0.0846411,-0.591850936,-0.0113514327,0.999956608,-0.0639058724,-0.547070265,-0.00449847849,0.999767125,0.0426083282,-0.557032347,-0.0767696202,0.999912202,0.00158563303,-0.520020962,-0.101172403,0.999822319,0.167810455,-0.4297162,0.113810033,0.9999879,-0.106671549,-0.50381434,0.111294828,0.999852121,0.22326611,-0.204907268,0.136053473,0.934786618,-0.102228642,-0.274957091,-0.0463687479,0.92765379,0.216080099,0.033918675,0.15163967,0.977642119,-0.0191142652,-0.386929363,-0.180621684,0.974508941,0.206981272,0.079368636,0.159566596,0.962179124,0.0297184195,-0.429433286,-0.236921102,0.959763408,0.171295345,0.0966202095,0.140913665,0.964811862,0.0431930721,-0.490614653,-0.228024781,0.956503093,0.204842091,0.0666231439,0.146107852,0.94792,-0.00929390173,-0.415364355,-0.185947195,0.929291844,0.0880988836,0.00606090482,0.0376419537,0.999947727,-0.0856268927,-0.0100427428,-0.0344654433,0.999897,0.0515990667,0.428958684,-0.0469347946,0.598613441,-0.0775687322,0.334143341,-0.0911487564,0.603218436,0.0238760319,0.781392217,-0.00969764497,0.676154315,-0.139831603,0.726433396,0.00192122906,0.645721674,0.000435655849,0.819534719,-0.00250431779,0.349032104,-0.143387496,0.763200462,-0.0332451575,0.244838789,0.0382717252,0.83208245,-0.0721017867,0.739655375,-0.122079939,0.771941602,-0.116661966,0.664485395
2083.3333333333367,0.00408057543,-0.558270514,-0.121836491,0.999975204,0.0176305249,-0.582287788,-0.111468114,0.999959826,0.0199564844,-0.583617628,-0.101086549,0.999945581,0.0199947767,-0.583928764,-0.10524369,0.999972165,-0.00544978306,-0.592598855,-0.121684298,0.999960721,-0.00393764256,-0.591000378,-0.133768588,0.999956131,-0.000274208898,-0.579301298,-0.11512129,0.999966919,0.0846127,-0.591797173,-0.00930436328,0.999958098,-0.0639249235,-0.546673477,-0.00264844694,0.9997769,0.0428471267,-0.556787372,-0.0746140182,0.999914467,0.00183374493,-0.5196172,-0.0991108939,0.999826968,0.167793661,-0.429600835,0.116131261,0.99998796,-0.105926901,-0.503710568,0.111446805,0.999856114,0.223130926,-0.204649046,0.137604237,0.933049381,-0.100199707,-0.274706364,-0.0461405702,0.929016054,0.216232747,0.0341118388,0.152992636,0.97720027,-0.0186217185,-0.3867836,-0.18036145,0.97521162,0.207299754,0.0796554461,0.160990715,0.961630821,0.0297919028,-0.429305673,-0.236639172,0.960897803,0.171826944,0.0969067,0.142337039,0.964305282,0.043322362,-0.490495533,-0.227753624,0.95770818,0.205085903,0.0667619109,0.14743118,0.947248101,-0.00895347539,-0.41521883,-0.185706809,0.931058407,0.0879571438,0.00617487449,0.0380529,0.999948204,-0.0854874775,-0.0101694111,-0.0348887108,0.999898493,0.0517685935,0.428925574,-0.0471299626,0.598236382,-0.0773257166,0.333996832,-0.0926398337,0.608214855,0.0237363726,0.78122586,-0.0154169453,0.678374946,-0.139623553,0.725665092,-0.00194753695,0.649882317,0.000316761114,0.819407523,-0.0088555878,0.354954898,-0.143076733,0.762422502,-0.0374614894,0.249857217,0.0389977,0.831364036,-0.078067,0.742835402,-0.120251298,0.770817041,-0.120314948,0.669016719
2100.000000000003,0.00450516073,-0.558275044,-0.122531511,0.999975801,0.0179191753,-0.582314253,-0.112121865,0.99996084,0.0202257466,-0.583642304,-0.101724908,0.999946952,0.0202686433,-0.583952904,-0.10584303,0.99997282,-0.00523681566,-0.592599332,-0.12233872,0.999961793,-0.00372441881,-0.591003,-0.134427875,0.999957383,-3.88181979e-005,-0.579302549,-0.115778044,0.999967813,0.0846112892,-0.591942489,-0.00974022597,0.999959,-0.0639554188,-0.546640337,-0.00316724274,0.999782205,0.0432859287,-0.556800246,-0.0752157569,0.999915481,0.00219138153,-0.519610167,-0.0997139588,0.999828756,0.167877927,-0.429673016,0.115496077,0.99998796,-0.105759144,-0.503710151,0.111257121,0.999856591,0.223235801,-0.204613209,0.137416497,0.932505369,-0.0996818244,-0.274791747,-0.0463483334,0.928931475,0.216857553,0.0342061892,0.153241232,0.976877928,-0.0185667723,-0.386813,-0.18024753,0.975041509,0.208022907,0.0797958,0.161325857,0.961106718,0.0297631826,-0.429334879,-0.236429557,0.960663438,0.172506064,0.0970443,0.142699838,0.963826,0.0432592854,-0.49050802,-0.22758992,0.957445741,0.205736294,0.0668634474,0.147714898,0.946610868,-0.0089341728,-0.41523093,-0.185608909,0.93062526,0.0879368335,0.00617880234,0.0381029211,0.999948561,-0.0854676142,-0.0101738945,-0.0349356867,0.999899209,0.051760681,0.42892319,-0.0471339785,0.601208329,-0.0773209,0.334329247,-0.0925627202,0.610968053,0.0231651515,0.781252325,-0.0150535656,0.68148315,-0.140217617,0.725670755,-0.00123322732,0.652694404,-0.000308259128,0.819457054,-0.00839839,0.359649599,-0.14378044,0.762423515,-0.0366187096,0.252664924,0.0386752747,0.831515491,-0.0776049569,0.745736539,-0.121061184,0.770899892,-0.119471088,0.671863139
2116.6666666666697,0.00477366243,-0.558275223,-0.126370475,0.999975562,0.0182064697,-0.58232528,-0.116105914,0.999960482,0.0204962,-0.583651483,-0.105596542,0.999946535,0.0205274,-0.583960772,-0.109689534,0.999972522,-0.00506726233,-0.592597842,-0.126099095,0.999961495,-0.00356121548,-0.591003895,-0.138181955,0.999957144,0.000138297386,-0.579300702,-0.119514421,0.999967575,0.0847258493,-0.592056394,-0.0130341835,0.999958575,-0.063974537,-0.54663074,-0.00598241482,0.999780655,0.0436155871,-0.556808949,-0.0787832066,0.999913573,0.00242579123,-0.519606888,-0.103071347,0.999824882,0.168095097,-0.429869771,0.111879744,0.999987662,-0.105662219,-0.503713489,0.110312425,0.999854445,0.223426685,-0.204677239,0.135684803,0.931436479,-0.0996874124,-0.275026,-0.0470073149,0.928588092,0.217682958,0.0343420021,0.153093,0.976181626,-0.018565,-0.38681069,-0.181332633,0.974913478,0.208962664,0.0800623596,0.161163375,0.959977508,0.0297474116,-0.429305732,-0.237723574,0.960526526,0.173628956,0.0974266827,0.142526448,0.96277386,0.0432991311,-0.490470052,-0.228901356,0.957302272,0.206700981,0.0671023428,0.147569492,0.945207357,-0.00891613122,-0.415221214,-0.186812505,0.930355787,0.0879178569,0.00617280835,0.0380975753,0.999948144,-0.0854498297,-0.0101677598,-0.0349281393,0.999898612,0.0516677797,0.428919524,-0.0471268557,0.603649497,-0.0772638619,0.334445149,-0.0912621468,0.61128211,0.0220893398,0.781245768,-0.0146977669,0.6847229,-0.14070636,0.725655437,0.00298500573,0.654855549,-0.0015540818,0.819448531,-0.00794042647,0.363382,-0.144472346,0.762400329,-0.0320265,0.254484296,0.0374649502,0.831801593,-0.0772440061,0.748127401,-0.122926325,0.771066129,-0.114374936,0.673677146
2133.333333333336,0.00518263,-0.558448792,-0.127148345,0.999976,0.018516615,-0.582573831,-0.116767138,0.999961138,0.020785138,-0.583891749,-0.106260695,0.999947369,0.0208150353,-0.584200799,-0.110349484,0.99997288,-0.0048483517,-0.592735767,-0.126849815,0.999962211,-0.00333808735,-0.591157496,-0.138945058,0.999958038,0.000381093181,-0.579446733,-0.120263115,0.999968171,0.0847248435,-0.59241,-0.0135366553,0.999959111,-0.0640145689,-0.546638548,-0.00681963051,0.999784827,0.0439832844,-0.556996346,-0.0794757,0.999914,0.00275345193,-0.519697666,-0.103884801,0.999825835,0.168169066,-0.430023938,0.111645766,0.999987483,-0.105498336,-0.503720045,0.108776398,0.999855161,0.223590836,-0.204681426,0.135548353,0.930144727,-0.0996826217,-0.275377929,-0.0497688465,0.929675,0.218349308,0.0343760699,0.152962953,0.975725174,-0.018463999,-0.387007684,-0.184686393,0.97536546,0.209660485,0.0801750645,0.161076248,0.959343433,0.0297504626,-0.42941469,-0.241449967,0.96119827,0.174356803,0.0975327,0.142400518,0.962196589,0.0435694754,-0.490562618,-0.232404053,0.958021104,0.207391247,0.0671455935,0.147413537,0.944417834,-0.00876006391,-0.41535157,-0.190098554,0.931349039,0.0878828764,0.00617602142,0.0382626429,0.999947846,-0.0854192302,-0.0101720775,-0.0350847617,0.999898374,0.0516318418,0.428605855,-0.0471566,0.605215669,-0.077153258,0.334497958,-0.0912368,0.613271534,0.0211444609,0.781235516,-0.0153882168,0.688913286,-0.140832826,0.725530803,0.00321037462,0.657917798,-0.00257443241,0.819451451,-0.00859212689,0.369216949,-0.144631073,0.762246132,-0.0317779519,0.257715195,0.0370995104,0.831782341,-0.0786629394,0.751961887,-0.123004593,0.771052361,-0.11416734,0.676814735
2150.0000000000027,0.00497726444,-0.558543682,-0.127741665,0.999976099,0.0182805937,-0.582704067,-0.117477566,0.999961436,0.0205629952,-0.584021091,-0.106969915,0.999947727,0.0205845498,-0.584332585,-0.111053787,0.999973,-0.00510891341,-0.592808247,-0.127449542,0.999962509,-0.00358770322,-0.591231108,-0.139535621,0.999958336,0.000133118883,-0.579513192,-0.120854653,0.99996841,0.0844358578,-0.592624128,-0.0145731922,0.99995923,-0.0643616617,-0.546633542,-0.00726395566,0.999786198,0.0438678861,-0.557120442,-0.080155991,0.999913812,0.00265003834,-0.519747,-0.104421094,0.999825418,0.168086305,-0.430066913,0.110401571,0.999987364,-0.105477862,-0.503717542,0.108601846,0.999855101,0.223377421,-0.204586148,0.133756861,0.929045796,-0.0999111608,-0.275437474,-0.0495914184,0.929993629,0.218368351,0.0345097892,0.151432306,0.97531569,-0.0186594687,-0.38699767,-0.184347019,0.975485682,0.209726855,0.0802728832,0.159630895,0.958757699,0.0294911154,-0.429386228,-0.240923271,0.961364686,0.17447494,0.0976237878,0.14086391,0.961658359,0.043306198,-0.490524828,-0.231978163,0.958200216,0.207441926,0.0672669634,0.145838663,0.94369179,-0.00896689761,-0.415339082,-0.189811558,0.931599259,0.08781562,0.00618278794,0.0382763483,0.999947488,-0.0853473544,-0.0101824375,-0.0350995027,0.999897957,0.0515803397,0.428486526,-0.0471691079,0.604224145,-0.0772520676,0.334496796,-0.091230683,0.614082158,0.0209087133,0.781638086,-0.0154284155,0.690501094,-0.141778484,0.725577891,0.0034175131,0.659623325,-0.00283442205,0.819920838,-0.00858582556,0.370951414,-0.145703867,0.762290716,-0.0315283,0.258981675,0.0367172174,0.832461119,-0.0785538778,0.753654599,-0.124083959,0.771363854,-0.11388883,0.678844273
2166.6666666666692,0.00454298081,-0.558227599,-0.127638832,0.999976218,0.0179729704,-0.58238405,-0.117406994,0.999961674,0.0202835444,-0.583706498,-0.106894806,0.999948084,0.0203076303,-0.584014058,-0.110979408,0.999973178,-0.00544315809,-0.592503607,-0.127262548,0.999962687,-0.00392914517,-0.590915918,-0.139338732,0.999958515,-0.000213408217,-0.57918638,-0.120674968,0.999968469,0.0844067782,-0.592399776,-0.0145313656,0.999959528,-0.0646391883,-0.546421885,-0.00649263244,0.999786615,0.0436360575,-0.556831598,-0.0800884664,0.999913752,0.00233119167,-0.519467294,-0.104191191,0.999824703,0.168045163,-0.429731727,0.110061362,0.999987364,-0.105579808,-0.503589332,0.110780209,0.99985379,0.223285809,-0.203899041,0.13243714,0.928921044,-0.100047983,-0.275372803,-0.0437690355,0.929111,0.218242496,0.0352804326,0.15048869,0.975263,-0.0190828498,-0.386929572,-0.174970672,0.975314736,0.209658027,0.0808599,0.158610702,0.958649576,0.029102223,-0.42936191,-0.230417609,0.961161315,0.17434141,0.0982515886,0.139920443,0.961551309,0.0424547121,-0.49050951,-0.222385317,0.9579916,0.207321227,0.067986168,0.144896135,0.943530381,-0.00951861311,-0.415302426,-0.180789858,0.931328356,0.0877966,0.00618624361,0.0380532891,0.999946713,-0.085329473,-0.0101875085,-0.0349110439,0.999896228,0.0514771678,0.428335756,-0.0477346182,0.602091312,-0.0772462785,0.334385067,-0.0910642296,0.610770643,0.0208701212,0.781658649,-0.0164443,0.688552141,-0.141822442,0.725508869,0.00446505565,0.655577242,-0.00286836363,0.819942057,-0.00963303447,0.369427383,-0.145752147,0.762217522,-0.0303724799,0.256569445,0.0365108475,0.832758486,-0.0791262314,0.752120614,-0.124320917,0.771397293,-0.111765601,0.675426245
2183.3333333333358,0.00400138972,-0.558285654,-0.128159046,0.999976337,0.0175865684,-0.582432449,-0.11797332,0.999961913,0.0198857542,-0.583756268,-0.107447706,0.999948323,0.01989864,-0.584062636,-0.111507878,0.999973238,-0.00598526886,-0.592536747,-0.127495036,0.999963,-0.00448123552,-0.590956151,-0.139563605,0.999958873,-0.000758914801,-0.579216838,-0.120908916,0.999968708,0.0844067633,-0.592421114,-0.0153175015,0.999959648,-0.0649063364,-0.546414077,-0.00645530503,0.999788284,0.0434581079,-0.556863666,-0.0807662085,0.999913931,0.00201840908,-0.519493937,-0.104450196,0.999825299,0.168334633,-0.429695845,0.10759946,0.999987304,-0.105693445,-0.50350076,0.111186661,0.999853909,0.223328352,-0.203720108,0.129174963,0.928695679,-0.100307241,-0.275503188,-0.0432935879,0.929094315,0.218180388,0.0353132598,0.148782462,0.974877954,-0.019267153,-0.387097836,-0.174993873,0.975503862,0.209537193,0.0808940604,0.157015666,0.958071291,0.0289161466,-0.429471165,-0.23046343,0.961432397,0.174140155,0.0982722417,0.138364106,0.961006045,0.0423750766,-0.490627021,-0.222417831,0.958295584,0.20723033,0.0680115893,0.143292382,0.942775786,-0.00963723939,-0.415456355,-0.180811808,0.931791961,0.0878687501,0.00616590679,0.0376798362,0.999946415,-0.0854052827,-0.0101689687,-0.0345419236,0.99989593,0.0514584966,0.428068668,-0.0483064,0.603216887,-0.077292785,0.334465921,-0.0898062289,0.609256864,0.0209149551,0.781694,-0.0163462348,0.690071285,-0.14188306,0.725596905,0.00957062468,0.654251039,-0.00283043692,0.819983065,-0.00955009088,0.370021164,-0.145825908,0.762295544,-0.0247607492,0.255148739,0.0361945517,0.832985699,-0.0789606646,0.752972782,-0.125109345,0.772055507,-0.106194839,0.67436415
2200.0000000000023,0.00343748741,-0.558285296,-0.128829211,0.999975204,0.0172586981,-0.582403362,-0.119175658,0.999960065,0.0195535496,-0.583733559,-0.108602494,0.9999457,0.01955612,-0.584038615,-0.112652555,0.999971867,-0.00628713518,-0.592522,-0.128093839,0.999961257,-0.00477722427,-0.590946198,-0.140140384,0.999956965,-0.00105369894,-0.579189897,-0.121513471,0.999967456,0.0844054446,-0.592428148,-0.0182054061,0.99995774,-0.06481646,-0.546444952,-0.00669454923,0.999780953,0.0431683,-0.556868374,-0.0818631575,0.999910772,0.00184540765,-0.519515097,-0.104915984,0.999819756,0.168842345,-0.429726183,0.10194286,0.999987066,-0.105694026,-0.503630459,0.111382306,0.99985379,0.223158255,-0.203626633,0.121424809,0.927946,-0.101029828,-0.276488304,-0.0420914814,0.92945683,0.217079148,0.035609372,0.141101182,0.974168718,-0.0201718789,-0.388417572,-0.174800113,0.976056695,0.208336174,0.0813364312,0.14927341,0.95700115,0.028051082,-0.430598,-0.230421349,0.962292731,0.173057452,0.0987390727,0.130451,0.95999378,0.0420077667,-0.491816521,-0.222422302,0.959257,0.2061937,0.0683504865,0.135654747,0.941398203,-0.0103319874,-0.416813463,-0.180710614,0.933220625,0.0878777727,0.00615699776,0.0367424749,0.99994576,-0.0854138806,-0.0101661086,-0.0336309262,0.999895453,0.0514448322,0.428035,-0.048489213,0.598554909,-0.0770862252,0.33439222,-0.0863103867,0.602399468,0.0213512257,0.781824946,-0.0150029184,0.687863588,-0.141828775,0.725421429,0.0172891952,0.649097443,-0.00237069745,0.820071816,-0.00782278366,0.366373211,-0.145795435,0.76208663,-0.016498575,0.2505624,0.0359910391,0.834008276,-0.0768616125,0.751135528,-0.125288978,0.772783,-0.0971802175,0.670355618
2216.666666666669,0.00332150399,-0.55843,-0.129300937,0.999973416,0.0172080416,-0.582485318,-0.119859584,0.999957,0.0194992181,-0.583824277,-0.109256305,0.999941587,0.01949705,-0.584119678,-0.11328195,0.999969721,-0.00634449488,-0.592596948,-0.128433704,0.999958396,-0.00483944779,-0.591034055,-0.140459448,0.999953926,-0.00110764895,-0.579254,-0.121855989,0.99996525,0.0845563337,-0.592594624,-0.0193727929,0.99995476,-0.064701058,-0.546581805,-0.00672151381,0.999766946,0.0431571454,-0.557036459,-0.0825032219,0.999905765,0.00184001308,-0.519702554,-0.105187766,0.999810219,0.169649035,-0.429932654,0.0995293,0.999986768,-0.10566242,-0.503793895,0.112285301,0.999850929,0.22321701,-0.203622505,0.119909078,0.92776233,-0.101216517,-0.276998937,-0.0398290604,0.928875506,0.216549098,0.0356372185,0.140628859,0.97375,-0.0211474858,-0.389030695,-0.174161658,0.976263821,0.207492188,0.0813709944,0.148766711,0.95627284,0.0269122981,-0.431277931,-0.230041817,0.962616265,0.17205359,0.0987634733,0.130014509,0.95930773,0.0409629941,-0.492465049,-0.222177044,0.95964545,0.205555975,0.0683881342,0.135228246,0.940425396,-0.0112763867,-0.417429149,-0.180222809,0.933782756,0.0879596397,0.00613497337,0.0360127613,0.999944568,-0.0854964405,-0.0101486193,-0.0329039842,0.999893606,0.0510038026,0.428039819,-0.048760768,0.596651196,-0.0771068707,0.334433049,-0.0837398842,0.59580487,0.0210452303,0.781859219,-0.0129474793,0.685423374,-0.142227516,0.725566626,0.0235607307,0.643528521,-0.00274451775,0.820081,-0.00526389712,0.362060457,-0.146329597,0.762247145,-0.00984443724,0.24560833,0.0339168869,0.834566534,-0.0745394453,0.748149,-0.127567142,0.774145544,-0.0909306556,0.664978385
2233.3333333333353,0.00297547923,-0.5588,-0.129277,0.999971688,0.0169344638,-0.582695842,-0.119856909,0.999954104,0.0192204062,-0.584064484,-0.109250747,0.999937654,0.0192100368,-0.584342837,-0.113277,0.999967813,-0.00655186223,-0.592790604,-0.128380671,0.999955595,-0.00505653908,-0.591249764,-0.140399665,0.999950767,-0.00130970497,-0.579428732,-0.121808328,0.999963045,0.084508568,-0.592736423,-0.0198344681,0.999952137,-0.0646245107,-0.546646297,-0.00665525626,0.9997527,0.0429816358,-0.557380617,-0.0825346336,0.999902368,0.0017573043,-0.520056903,-0.105159327,0.999803483,0.169898301,-0.429940581,0.0966741219,0.999986649,-0.105804726,-0.503838658,0.113689288,0.999849141,0.22302714,-0.203337476,0.116237015,0.928156,-0.102057584,-0.277881175,-0.0371329151,0.928425908,0.215558767,0.0357602946,0.136948138,0.973664284,-0.0222276375,-0.390031189,-0.173424035,0.976535,0.206337065,0.0815012157,0.144593433,0.956083655,0.0258955974,-0.432139724,-0.229610115,0.963054478,0.170663863,0.0988586918,0.125929147,0.959121823,0.0401559658,-0.493261874,-0.22198166,0.960164845,0.20447351,0.0685135573,0.131555229,0.940095186,-0.0122224633,-0.418417335,-0.179705083,0.934542835,0.0880196244,0.00608540606,0.0349938236,0.999943852,-0.0855512545,-0.0101080006,-0.0318994187,0.999892414,0.050366018,0.428047955,-0.0493652634,0.594113708,-0.0773876309,0.334471017,-0.0819257721,0.587756336,0.0204246435,0.782594621,-0.0109900776,0.682590425,-0.142815039,0.725724816,0.0289294,0.636577666,-0.00341543299,0.820758045,-0.00279143709,0.357242107,-0.14704591,0.762396693,-0.00410244195,0.240026951,0.0326373093,0.835996747,-0.0718422,0.744891584,-0.130393222,0.775292277,-0.0848973319,0.658610284
2250.000000000002,0.00198509381,-0.559553325,-0.12937437,0.999970615,0.0161719508,-0.583248377,-0.120118178,0.999952257,0.0184700731,-0.584640682,-0.109495044,0.999935269,0.0184597354,-0.584899724,-0.113511853,0.999966681,-0.00723159174,-0.593388855,-0.12843129,0.999953687,-0.00575097138,-0.591866732,-0.14044328,0.999948621,-0.0019834761,-0.579990447,-0.121860199,0.999961495,0.0843594372,-0.593122363,-0.0209294204,0.999950588,-0.0646397769,-0.547261596,-0.00663818652,0.99974227,0.0423000865,-0.558057785,-0.0828763619,0.999899864,0.00121180469,-0.520874619,-0.105227463,0.999797881,0.169933289,-0.430139095,0.0930730775,0.999986649,-0.106065445,-0.504170716,0.114855118,0.999846697,0.222806573,-0.203353703,0.111432411,0.929214776,-0.102192201,-0.278493762,-0.0328267552,0.927359462,0.214608938,0.0356808603,0.132343948,0.973787606,-0.0230253618,-0.391584665,-0.168198496,0.976608157,0.205456138,0.0814409778,0.139676824,0.956201434,0.0250516422,-0.433955163,-0.224196464,0.963263392,0.16953139,0.0988104865,0.121227205,0.959219873,0.038987074,-0.495384,-0.217416063,0.960448861,0.203466207,0.0684340894,0.126975387,0.940201461,-0.0131050013,-0.42023623,-0.174915612,0.934995592,0.0880331546,0.00604821183,0.0338593721,0.999942958,-0.0855609104,-0.0100799762,-0.0308212154,0.999890506,0.0499187745,0.42786932,-0.0497849658,0.58955,-0.0776793733,0.334423363,-0.0793785527,0.578105092,0.0202639122,0.782641709,-0.0109736519,0.678040922,-0.143021151,0.725693345,0.0308837444,0.627184,-0.0035434626,0.820792615,-0.00277594128,0.352835208,-0.147260889,0.762349486,-0.0022567932,0.234224498,0.0323371552,0.836034715,-0.0717753619,0.740729511,-0.13121298,0.775431931,-0.0824667811,0.650417209
2266.6666666666683,0.00148545799,-0.560048044,-0.131999865,0.999969125,0.0158594511,-0.583581626,-0.123413831,0.999949634,0.0181655828,-0.584979534,-0.112750299,0.999931753,0.0181424785,-0.585237265,-0.116718516,0.999964893,-0.00750542386,-0.593767107,-0.130973727,0.999951184,-0.00601280294,-0.592262447,-0.142954037,0.999945879,-0.00224246667,-0.580346763,-0.124376304,0.999959588,0.0843521804,-0.593396366,-0.0257356148,0.999948084,-0.0644849166,-0.547754288,-0.00855009351,0.999730408,0.0419922,-0.558525562,-0.0860847533,0.999896884,0.00104131654,-0.521487832,-0.107581295,0.999792695,0.170070782,-0.430396,0.0872715563,0.999986589,-0.106103867,-0.504564881,0.114799224,0.99984622,0.222589776,-0.203353018,0.1045518,0.929941,-0.103355087,-0.278979123,-0.0329626091,0.927497923,0.214038834,0.0358410217,0.12389683,0.973947346,-0.0234699231,-0.391913503,-0.168744653,0.977223,0.204911441,0.0816762075,0.13092415,0.956405282,0.0247940496,-0.434236199,-0.225065142,0.964197516,0.168849945,0.0991824046,0.112422884,0.959413886,0.0389440916,-0.495700032,-0.218508318,0.961503863,0.202865377,0.0686893165,0.118549541,0.940399,-0.0133681959,-0.42058143,-0.175620824,0.936519682,0.0880336,0.0060034385,0.0329256281,0.999941,-0.0855604634,-0.0100476546,-0.0299019255,0.999887228,0.0497719496,0.427757502,-0.0500807427,0.580248117,-0.0777448118,0.334275156,-0.077641733,0.564953625,0.020348724,0.782925427,-0.00984818302,0.669140577,-0.143412977,0.725781143,0.0335044153,0.614838302,-0.00344515685,0.821019173,-0.00142479362,0.344181716,-0.147702336,0.762427568,0.000496486435,0.226448193,0.031916596,0.836410761,-0.0700712055,0.733073354,-0.132324338,0.775833666,-0.0795642585,0.639726341
2283.333333333335,0.0013753738,-0.560031533,-0.132260397,0.999967694,0.0158285424,-0.583519399,-0.123696752,0.999946952,0.0181356221,-0.584920108,-0.113028698,0.999928176,0.0181118436,-0.585171878,-0.116992258,0.999963105,-0.00754854316,-0.59372437,-0.131094307,0.99994868,-0.00606568484,-0.592226267,-0.143063873,0.999943137,-0.00229406846,-0.580302954,-0.124501988,0.999957621,0.0846185759,-0.593296885,-0.0257975906,0.999945462,-0.0643925443,-0.547745705,-0.00848645438,0.999717116,0.0419680849,-0.558492362,-0.086399436,0.999893129,0.000988786458,-0.521483779,-0.107678391,0.999786,0.170464441,-0.430373281,0.0871053115,0.999986529,-0.106245749,-0.504557431,0.116974458,0.999844074,0.222679228,-0.203305557,0.105206519,0.930485785,-0.104136586,-0.279025644,-0.0287740156,0.926355064,0.214031503,0.0363485068,0.125007957,0.973819435,-0.0237351507,-0.39188078,-0.165913776,0.977232575,0.20488213,0.0822675601,0.132143781,0.956050932,0.0247324668,-0.4342089,-0.222439617,0.964186251,0.168748096,0.100077733,0.113632552,0.959062636,0.0389079079,-0.49565351,-0.216013312,0.961530149,0.202834785,0.0694004148,0.11965137,0.939841449,-0.0135283489,-0.420539588,-0.172845855,0.936511695,0.088131018,0.00595093239,0.0320066325,0.999940217,-0.0856556743,-0.00999397226,-0.028968215,0.999886,0.0497462191,0.427792311,-0.0500914268,0.577532172,-0.077774331,0.33429271,-0.0755834728,0.556699157,0.0205140598,0.782977164,-0.00532828458,0.664579749,-0.143647775,0.726050198,0.0382901877,0.607555687,-0.00327480887,0.821047425,0.00361401145,0.338244945,-0.147993252,0.762720287,0.00552413892,0.221260473,0.0317211524,0.836651623,-0.0653813779,0.727887571,-0.134462029,0.776124775,-0.075477466,0.632548511
2300.0000000000014,0.0013780141,-0.560023308,-0.134328827,0.999966145,0.0159096252,-0.583473742,-0.125852108,0.999944091,0.0182159208,-0.584874928,-0.115175888,0.999924481,0.0181838442,-0.585121214,-0.119109735,0.999961138,-0.00749584939,-0.593713,-0.133067116,0.999946,-0.00602356857,-0.592219174,-0.145022497,0.999940276,-0.00224542455,-0.58029,-0.126481518,0.999955595,0.0849982202,-0.59321,-0.0273673385,0.999942839,-0.0642252341,-0.547787666,-0.00970049948,0.999705255,0.041984465,-0.558463156,-0.0884466544,0.999889314,0.000990220811,-0.521492898,-0.109477162,0.999779582,0.170851499,-0.430362582,0.0859210491,0.999986351,-0.106634907,-0.504604816,0.116934106,0.999842465,0.22278221,-0.203247115,0.104490116,0.931121349,-0.10523323,-0.279031187,-0.0289221071,0.926479578,0.213978365,0.0364866294,0.124256648,0.973938882,-0.02388658,-0.391878396,-0.166115701,0.977760196,0.204745069,0.0824401528,0.131403357,0.956174433,0.0247219764,-0.434227258,-0.222634569,0.964977264,0.168477714,0.100240141,0.113016337,0.959165514,0.0389212817,-0.495736718,-0.216136247,0.962405682,0.202722237,0.0695845,0.119012058,0.939934313,-0.0135992235,-0.420551896,-0.173003703,0.937813938,0.0882678702,0.00591924926,0.0316886827,0.999939084,-0.0857905522,-0.00995986,-0.0286496989,0.999884129,0.0497357175,0.427769095,-0.0496687032,0.575386,-0.0778209567,0.334261477,-0.0750685,0.551071107,0.0206750017,0.78290242,0.00126523874,0.661938,-0.143775836,0.726125777,0.0428074896,0.602717221,-0.00313112512,0.820925176,0.0107502528,0.333869308,-0.148166,0.762803137,0.0105970539,0.217458382,0.0314229019,0.836864173,-0.0572781749,0.724757195,-0.135549352,0.776436925,-0.0698149502,0.627773345
2316.666666666668,0.00105682202,-0.560139418,-0.135940641,0.99996537,0.0157909561,-0.583526134,-0.127755523,0.99994272,0.0180966463,-0.584926307,-0.117068477,0.999922633,0.0180542544,-0.585172951,-0.120981097,0.999960124,-0.00762980618,-0.593816102,-0.134621203,0.999944806,-0.00615841849,-0.592329443,-0.146565855,0.999938965,-0.00237248116,-0.580380559,-0.12803328,0.99995476,0.0850819,-0.593218386,-0.0298128668,0.999941528,-0.0640668198,-0.547941327,-0.0108069228,0.999700844,0.0418138318,-0.558531284,-0.0903191492,0.999887943,0.000851552817,-0.521656394,-0.110939272,0.999778,0.171185717,-0.430373788,0.0838440731,0.999986291,-0.106668264,-0.504713833,0.116533525,0.999843657,0.222771838,-0.203283906,0.101999536,0.931642115,-0.105609901,-0.279061437,-0.0290667135,0.92700547,0.213771313,0.036449708,0.121403657,0.973994672,-0.0239513367,-0.391879082,-0.167345047,0.97840488,0.204479456,0.0824236795,0.128625333,0.956250727,0.0247144662,-0.434221119,-0.224292666,0.965982437,0.168245763,0.100208052,0.110061422,0.959231675,0.0390061587,-0.495756865,-0.217882797,0.963511467,0.202509522,0.0695562959,0.116193533,0.940003097,-0.0136076957,-0.420564502,-0.17431131,0.939489543,0.0882927701,0.00591111043,0.0314311,0.999938428,-0.0858171433,-0.00995354448,-0.0283932388,0.999883592,0.0496457517,0.427763581,-0.0490302444,0.569840968,-0.0779003948,0.333962381,-0.0743125379,0.544604838,0.0207890645,0.783018,0.00564797875,0.656770647,-0.143968746,0.726145148,0.043964196,0.597481,-0.00301454728,0.821013451,0.0153785897,0.328110665,-0.148370594,0.762828112,0.0117581906,0.213435873,0.0308571812,0.838018596,-0.0514467619,0.720566571,-0.135773078,0.776867747,-0.0682963431,0.623557389
2333.3333333333344,0.000735420035,-0.559996545,-0.137236118,0.999964297,0.0156850144,-0.583308935,-0.129113451,0.999940872,0.0179837514,-0.5847,-0.118419625,0.99992007,0.017935684,-0.584951401,-0.122318216,0.999958754,-0.00777248153,-0.593673825,-0.135759562,0.999943137,-0.00629932294,-0.592193484,-0.147702366,0.999937177,-0.00251170457,-0.580238223,-0.129170805,0.999953508,0.0851907432,-0.592884064,-0.031051755,0.99993974,-0.0639889538,-0.547895908,-0.0113821141,0.999694943,0.0416071378,-0.558328807,-0.0917003378,0.999886,0.000645404449,-0.521570861,-0.112055033,0.99977529,0.171420515,-0.430085689,0.0829141214,0.999986172,-0.106807508,-0.504661202,0.116323344,0.999844134,0.222768873,-0.203062177,0.100873686,0.93209511,-0.106442891,-0.278968036,-0.0296901092,0.927407801,0.213543907,0.0368951298,0.119913571,0.974072516,-0.0240019672,-0.391615659,-0.171331316,0.978986502,0.204152256,0.0829497054,0.12703371,0.956346393,0.0247102808,-0.433915675,-0.229350507,0.966880918,0.167895198,0.10070096,0.108340822,0.959318936,0.039341446,-0.495552927,-0.222708926,0.964498699,0.202243388,0.0700649172,0.114688292,0.940078735,-0.0135976309,-0.420308799,-0.178290382,0.940946758,0.088352032,0.00589102181,0.0311688948,0.999937057,-0.0858796239,-0.00993760675,-0.0281150118,0.999881804,0.0496112667,0.427606344,-0.0490346029,0.565663636,-0.0779085159,0.333895892,-0.0742327198,0.538796842,0.0220591463,0.782960534,0.00606474373,0.652842879,-0.144045457,0.726379216,0.0437880345,0.593094468,-0.00163518242,0.820932329,0.0157326255,0.322765172,-0.148464844,0.763090372,0.0115009472,0.209841058,0.0307840295,0.83809,-0.0516819023,0.717085,-0.136171058,0.77737391,-0.0689847544,0.619865954
2350.000000000001,0.00070238515,-0.559886038,-0.138219863,0.99996376,0.0156988017,-0.583124459,-0.130053669,0.999939799,0.017993629,-0.584506512,-0.119361691,0.99991858,0.0179426558,-0.584761322,-0.123242311,0.99995786,-0.00777396513,-0.593554914,-0.136650801,0.999942303,-0.00630158884,-0.592084,-0.1485966,0.999936402,-0.00251265964,-0.580125034,-0.130063578,0.999953,0.0854280367,-0.59251374,-0.0316602401,0.999938607,-0.0638388395,-0.547855318,-0.0119826384,0.999693036,0.0415836535,-0.558139741,-0.092640534,0.999885261,0.000615509285,-0.521501064,-0.112972394,0.999775231,0.171622723,-0.429756194,0.0824947134,0.999986112,-0.106964156,-0.504574776,0.116068117,0.999845326,0.222783536,-0.202689454,0.100332648,0.932808161,-0.106512532,-0.278670222,-0.0304747019,0.928118,0.213519603,0.0375909917,0.118760407,0.97426331,-0.023946505,-0.390951484,-0.174699396,0.979632437,0.204116762,0.0837645084,0.125834301,0.956608236,0.0248204768,-0.433156937,-0.233354,0.967869282,0.167861491,0.101461381,0.107009009,0.959566832,0.0398640521,-0.494880646,-0.226671249,0.965577126,0.202208072,0.0708374307,0.113517575,0.940402091,-0.0134008359,-0.419607341,-0.181663916,0.942561,0.0884537622,0.00586519204,0.0310267229,0.999936104,-0.0859887153,-0.00991391,-0.0279557388,0.999880731,0.0495565198,0.427538842,-0.0489713885,0.563975632,-0.0779705793,0.333870471,-0.0741207823,0.535571694,0.0229662359,0.782909095,0.00779152149,0.650293171,-0.144070372,0.726528168,0.0440853871,0.590613961,-0.000666766486,0.820859969,0.0175712854,0.318338,-0.148492053,0.763238966,0.0117927529,0.207073748,0.0306412764,0.838079274,-0.0505235568,0.714642406,-0.136317685,0.777479053,-0.0691854209,0.617602885
2366.6666666666674,0.000679876306,-0.559816957,-0.137864754,0.999963403,0.0157033131,-0.583010256,-0.129569292,0.999939084,0.0179964285,-0.584392428,-0.118890479,0.999917507,0.0179435238,-0.584645569,-0.122765347,0.999957263,-0.00777788879,-0.593479931,-0.136153445,0.999941885,-0.00630663196,-0.592013121,-0.148090035,0.999935925,-0.00251714769,-0.580054939,-0.12957184,0.999952793,0.0855349153,-0.592113733,-0.0309633482,0.999937713,-0.063803,-0.547755778,-0.0113227088,0.999691963,0.0415580422,-0.557979643,-0.0922963098,0.999884605,0.000571382057,-0.521419227,-0.112614036,0.999775112,0.171719804,-0.429116905,0.0827451,0.999986,-0.107165933,-0.504315436,0.116441838,0.999846041,0.222810909,-0.202083781,0.100590013,0.932799697,-0.106530286,-0.278480917,-0.030397566,0.928141832,0.213526577,0.0381690599,0.119159371,0.973975658,-0.0239447579,-0.390646756,-0.174401253,0.979883254,0.204133749,0.0842403322,0.126254737,0.956102192,0.0248330534,-0.43290475,-0.233086705,0.968224406,0.167892471,0.101922929,0.107479252,0.959082127,0.039957393,-0.494607717,-0.226374671,0.965968609,0.202214122,0.0714011788,0.113918841,0.93972218,-0.0133673828,-0.419278115,-0.181342363,0.94313395,0.0885541514,0.00584382797,0.0309754349,0.999935925,-0.0860939175,-0.00989360549,-0.0278954934,0.999881,0.0495340899,0.427479684,-0.0490254611,0.563080192,-0.0782497227,0.333848476,-0.0742432401,0.532947183,0.0229776967,0.782729387,0.0076576476,0.647739649,-0.144289494,0.726605296,0.0436555073,0.588384807,-0.000662416,0.82064265,0.0173794311,0.314479947,-0.148718461,0.763322711,0.0112909265,0.204666913,0.0301292688,0.837786853,-0.0509865247,0.711907923,-0.136728615,0.777483165,-0.0695433766,0.61522615
2383.333333333334,0.000636526791,-0.559530675,-0.131364495,0.999963522,0.015670944,-0.58267355,-0.122499801,0.999939263,0.0179659966,-0.584062397,-0.111895137,0.999917626,0.0179190096,-0.584323227,-0.115880229,0.999957323,-0.00780878868,-0.593157649,-0.129157409,0.999942124,-0.00634033652,-0.591683209,-0.141087949,0.999936104,-0.0025584437,-0.57973814,-0.122656912,0.999953032,0.0855614319,-0.591622,-0.0235344246,0.999937832,-0.0637989491,-0.54729116,-0.00399280945,0.999693632,0.0415142253,-0.557634056,-0.0859559104,0.999885321,0.000488368911,-0.521077812,-0.106287248,0.99977684,0.171737522,-0.428354532,0.0876355469,0.999986053,-0.107372209,-0.503769457,0.121907704,0.999846935,0.222816542,-0.201738328,0.103131071,0.933124602,-0.107205153,-0.278373182,-0.0259110723,0.928046882,0.213519037,0.0386086404,0.120938011,0.974001765,-0.0241429098,-0.390597105,-0.16821456,0.98006475,0.204134598,0.0846101,0.127666324,0.956111252,0.0247760657,-0.432876438,-0.226225495,0.968488574,0.167862669,0.102384321,0.10909947,0.959069669,0.0399365388,-0.49456957,-0.219480634,0.966251135,0.202189326,0.0718169212,0.115689769,0.939677179,-0.0135016767,-0.419228226,-0.174979717,0.943585038,0.088598974,0.00583167607,0.0307986755,0.999935627,-0.0861368254,-0.00988522265,-0.0277188681,0.999880791,0.0493149571,0.427379876,-0.0497411452,0.561772585,-0.0783725,0.333692282,-0.0747756734,0.530604064,0.0229323898,0.782114625,0.00529465359,0.644245,-0.14432843,0.726380408,0.0396949723,0.585316837,-0.000715344911,0.819951534,0.0146907186,0.311268866,-0.148746908,0.763081372,0.00677881297,0.20294477,0.0293621626,0.836847365,-0.0542567186,0.70840162,-0.136813521,0.776803076,-0.0754017234,0.612290859
2400.0000000000005,0.000794627238,-0.558989525,-0.131151587,0.999962449,0.0158373863,-0.58209604,-0.12225236,0.999937296,0.0181196518,-0.583481669,-0.111636914,0.999914765,0.0180753712,-0.58373487,-0.115629144,0.999955714,-0.00768675236,-0.59250772,-0.128909454,0.999940693,-0.00622498244,-0.591055751,-0.140835613,0.999934733,-0.00244351267,-0.579128206,-0.122401461,0.999952137,0.0859172344,-0.591152847,-0.0230173767,0.999935448,-0.0636170581,-0.546517313,-0.00355301215,0.999688685,0.0416969135,-0.557114,-0.0856473073,0.999882221,0.000618945807,-0.520458221,-0.105985336,0.999772906,0.172141865,-0.428003877,0.0887192488,0.999985754,-0.10723529,-0.503119,0.122601464,0.999847531,0.222877309,-0.201148495,0.105540209,0.93143934,-0.107192472,-0.277296573,-0.0256590322,0.927827239,0.213499799,0.0394424908,0.125116721,0.972957432,-0.02416257,-0.388520837,-0.168289348,0.980345428,0.204037338,0.0853381231,0.132032037,0.954511702,0.024740167,-0.43082571,-0.22644484,0.968911231,0.167832598,0.103111498,0.113653764,0.957544863,0.0399825051,-0.492274672,-0.219668835,0.96670109,0.202167049,0.0726639554,0.120046772,0.937498391,-0.0135001913,-0.416954398,-0.175040677,0.944220364,0.0887159556,0.0058260127,0.0306441467,0.999936223,-0.0862611532,-0.00988077745,-0.0275360812,0.999882877,0.049111221,0.427943289,-0.0498275124,0.566999495,-0.0788184628,0.333869368,-0.0748068,0.534808159,0.0229143221,0.782171488,0.00527045457,0.649557829,-0.144346803,0.726649165,0.0395176038,0.591957927,-0.000753441069,0.819991529,0.0146470927,0.312816232,-0.148762852,0.763406157,0.00659918832,0.205668196,0.0285035,0.837349296,-0.0544090234,0.711904347,-0.137452632,0.777434409,-0.0761048421,0.617931366
2416.666666666667,0.00137381779,-0.558689833,-0.131416708,0.999962449,0.0163259059,-0.581816733,-0.122456752,0.999937236,0.0185887553,-0.583196044,-0.111836694,0.999914467,0.0185331609,-0.583447754,-0.115833908,0.999955475,-0.00726917479,-0.592157722,-0.129197776,0.999941,-0.00582088,-0.590719,-0.141121611,0.99993515,-0.00203907257,-0.57879281,-0.122682236,0.999952555,0.0862065405,-0.590858638,-0.0230576266,0.999935,-0.0634770095,-0.545802176,-0.00390148046,0.999692082,0.0421998724,-0.556792736,-0.0858134702,0.999882162,0.00104993302,-0.520034432,-0.106251471,0.999774456,0.1723153,-0.427615553,0.0889834464,0.999985516,-0.107119828,-0.502331257,0.12234275,0.9998492,0.222882956,-0.200149894,0.10689126,0.930148184,-0.107218273,-0.276721209,-0.026491927,0.929001868,0.21350576,0.0405895263,0.127572864,0.972154677,-0.0241836589,-0.388162553,-0.169728801,0.980876505,0.204018027,0.0863456577,0.134983793,0.953284085,0.0247126799,-0.430561513,-0.228162438,0.969647706,0.16784817,0.104018643,0.116488881,0.956373394,0.0400169604,-0.491942406,-0.221068785,0.967475176,0.202173442,0.0737921894,0.122538336,0.935883582,-0.0135021601,-0.416558981,-0.176372528,0.94539851,0.0887590647,0.00581437536,0.0306287613,0.999936759,-0.0863107592,-0.00986870565,-0.0275127012,0.999884963,0.0490579717,0.427943647,-0.0497989021,0.572783,-0.0793754682,0.333956778,-0.0748528168,0.540657222,0.0229233298,0.782191634,0.00693795783,0.654730678,-0.144463122,0.727074683,0.0394430384,0.599596,-0.000754553301,0.82001096,0.0165226832,0.315106273,-0.148897395,0.763893783,0.00652024848,0.209377572,0.0283582974,0.837466,-0.0529178604,0.71532923,-0.138449162,0.777739704,-0.0765798688,0.624422848
2433.3333333333335,0.00168935279,-0.558014452,-0.130036965,0.999963105,0.0166337565,-0.581139266,-0.120657213,0.99993825,0.0188671257,-0.58250618,-0.110033691,0.999915719,0.0188262928,-0.582756042,-0.114045754,0.999955952,-0.0070500318,-0.591432869,-0.127542853,0.999942243,-0.00561726233,-0.590001,-0.139459267,0.9999367,-0.0018420117,-0.578112066,-0.121038929,0.999953687,0.0865897611,-0.589904606,-0.0198743939,0.999935746,-0.0634623244,-0.544685841,-0.00167249236,0.99969995,0.0424712561,-0.555960715,-0.0841365457,0.999883711,0.00117069541,-0.519142687,-0.104743533,0.999778748,0.172441617,-0.42670089,0.0928968191,0.999985397,-0.107089125,-0.500941217,0.124213,0.99985075,0.223207429,-0.199668393,0.113110244,0.930039942,-0.107224599,-0.275778383,-0.0254936181,0.929537952,0.213629261,0.0414729603,0.136132255,0.971854508,-0.0241917595,-0.387235373,-0.169021398,0.981158316,0.204048946,0.0872882828,0.143729329,0.952743888,0.0247076117,-0.42973876,-0.227494687,0.970019639,0.16788207,0.105078273,0.125356451,0.955847144,0.0400977917,-0.490922779,-0.220204949,0.967851102,0.202238709,0.0747400895,0.131191939,0.935186803,-0.0134862699,-0.415503114,-0.175535426,0.946023941,0.088853538,0.00579877105,0.0305546857,0.999937654,-0.0864199474,-0.00985132344,-0.0274106115,0.999887347,0.0488615148,0.428021282,-0.0498750582,0.582565486,-0.0793931633,0.33421433,-0.0748842135,0.548978865,0.0229400862,0.781737924,0.00711099384,0.661486626,-0.144482791,0.72727561,0.0389847383,0.608698964,-0.000751901,0.819553912,0.0167018902,0.319399625,-0.148919553,0.764136,0.00599319767,0.21488741,0.0270021595,0.837419629,-0.0530851185,0.719954848,-0.139067098,0.777879417,-0.0787228942,0.632202327
2450.0,0.00188823661,-0.557754755,-0.128444701,0.99996382,0.0168785136,-0.580856502,-0.118814081,0.999939442,0.0191017091,-0.582218468,-0.108177185,0.999917209,0.0190742891,-0.582470179,-0.112224959,0.999956608,-0.00686922064,-0.591148496,-0.12571542,0.999943674,-0.00544401,-0.589708745,-0.137609541,0.999938369,-0.00168256555,-0.577833772,-0.119215,0.999954939,0.0870546326,-0.589374125,-0.0174043681,0.99993664,-0.063392,-0.544124961,0.000739947,0.999708652,0.0426528379,-0.555599093,-0.0823840275,0.999885619,0.00125747488,-0.518744171,-0.103022382,0.999783695,0.172630385,-0.425873548,0.095076248,0.999985278,-0.106935009,-0.500276,0.126677841,0.999853194,0.223391429,-0.199280083,0.11508397,0.929829657,-0.107288562,-0.275698751,-0.0226488039,0.930501282,0.213650048,0.0419901907,0.138379022,0.971539915,-0.0242860205,-0.387062788,-0.166456297,0.981678784,0.204045296,0.087764807,0.1460163,0.952230275,0.0246515349,-0.429559588,-0.225001737,0.970796227,0.167908177,0.10556265,0.127550438,0.95534718,0.0401374437,-0.49064523,-0.217721015,0.968673408,0.202253714,0.0752124488,0.133399636,0.934539437,-0.0135065112,-0.415293634,-0.172961473,0.947351,0.0888895765,0.00580063,0.0302416,0.999938,-0.0864596,-0.0098580718,-0.0270791147,0.999889135,0.0483426824,0.428403884,-0.0502909608,0.589580655,-0.0795589834,0.334224224,-0.0749220401,0.55505091,0.0229352675,0.781740367,0.00614672294,0.66665262,-0.144468337,0.72738862,0.0371981338,0.615805924,-0.00076226471,0.819554329,0.0155630615,0.322688729,-0.148891598,0.764282346,0.00387155102,0.21939224,0.0256956071,0.837461233,-0.055355005,0.723810256,-0.139224932,0.77794683,-0.0824677348,0.638774097
2466.6666666666665,0.00190846273,-0.557452619,-0.128499925,0.999964058,0.0169796,-0.580536067,-0.118899271,0.999939859,0.0191905983,-0.581891596,-0.108262494,0.999917686,0.019169651,-0.582149,-0.112309657,0.999956727,-0.00683370652,-0.59085989,-0.125812501,0.999944329,-0.00541442772,-0.589423835,-0.137708351,0.999939144,-0.00165769458,-0.577547312,-0.119310446,0.999955535,0.0878356248,-0.589084506,-0.017471781,0.999936879,-0.0633016899,-0.543979943,0.000977401854,0.999713302,0.0427369624,-0.555238068,-0.0824510157,0.999886155,0.00126432383,-0.51846379,-0.103078663,0.9997859,0.173401132,-0.425612122,0.0951059759,0.999985158,-0.106866471,-0.500211179,0.127656817,0.999854267,0.223791867,-0.198975593,0.115020365,0.930099189,-0.107296266,-0.275710613,-0.0214432403,0.930950284,0.213589579,0.0422254689,0.13812919,0.971406877,-0.024154095,-0.386995465,-0.166209102,0.981972694,0.203818291,0.0879660547,0.145796314,0.951994896,0.0248841494,-0.429451168,-0.22486572,0.971227884,0.167735621,0.105672814,0.127289787,0.955122,0.0408386849,-0.490518361,-0.217585623,0.969138622,0.202163547,0.0753921345,0.133127913,0.934235334,-0.0131930877,-0.415196061,-0.172721,0.948082447,0.0890152603,0.00580328843,0.0298158433,0.999938071,-0.0865972713,-0.00986200571,-0.0266080759,0.999890149,0.0480010845,0.428450823,-0.050792437,0.595993578,-0.0795770362,0.334256887,-0.0743392706,0.5598737,0.0227986649,0.781703,0.00630119164,0.671421826,-0.144786686,0.72756654,0.0379405618,0.621921182,-0.000962441554,0.8195135,0.0157929845,0.324979722,-0.1492863,0.764487505,0.00471259514,0.222752661,0.0220181812,0.83752358,-0.0554028265,0.7274189,-0.140413955,0.778299451,-0.0822320804,0.644501448
2483.333333333333,0.00190420228,-0.557030141,-0.128557131,0.999964654,0.0169897676,-0.580111742,-0.118977137,0.999940813,0.0191984773,-0.581461549,-0.108339958,0.999918759,0.0191775989,-0.581723213,-0.112383753,0.999957204,-0.00683589745,-0.590451062,-0.125893697,0.999945462,-0.0054178359,-0.58901912,-0.137791052,0.999940455,-0.00166370196,-0.577157795,-0.119390182,0.999956548,0.0878737047,-0.588568509,-0.0175066534,0.999937534,-0.0633306429,-0.543589234,0.000876747,0.999719858,0.0427298471,-0.554742932,-0.0825065747,0.999887705,0.00121366931,-0.518012881,-0.103140771,0.999789953,0.17341277,-0.425135642,0.0951622,0.999985099,-0.106892362,-0.499913335,0.127631903,0.999856055,0.223814651,-0.198589325,0.114993922,0.930111825,-0.107365973,-0.275701612,-0.0216296576,0.931585312,0.213344902,0.0426403731,0.137929067,0.971142352,-0.0241225548,-0.386432976,-0.167572334,0.982290804,0.203325808,0.0883712173,0.145557508,0.951524556,0.0249452647,-0.428645819,-0.226843059,0.971698701,0.167344809,0.105966613,0.12705332,0.954674125,0.0413340926,-0.489527673,-0.219466716,0.969640136,0.201878637,0.0757709667,0.13292402,0.933612466,-0.0130366469,-0.414470017,-0.174108952,0.948848903,0.0890494213,0.00579114771,0.0296786409,0.99993819,-0.0866385102,-0.00985131599,-0.0264459606,0.999891281,0.0477132425,0.428502649,-0.0509523265,0.600779772,-0.0800285712,0.334283322,-0.0741661415,0.563349426,0.0225788318,0.781685054,0.00631060125,0.674777448,-0.144941613,0.727859259,0.0378689729,0.627224088,-0.00125591562,0.819486737,0.0158105306,0.326325357,-0.149433613,0.764804542,0.00458118832,0.2254062,0.020901449,0.837413788,-0.0555433296,0.729816556,-0.140776068,0.778392,-0.0830228552,0.649227858
2499.9999999999995,0.00188421737,-0.556355476,-0.128583103,0.999964952,0.0169871263,-0.579510093,-0.119001381,0.99994117,0.0191963799,-0.580856442,-0.108360171,0.999919116,0.01917574,-0.581114948,-0.112403944,0.999957263,-0.00686481781,-0.589847505,-0.125924811,0.999946058,-0.00545301847,-0.588409,-0.137823418,0.99994117,-0.00170055951,-0.576553166,-0.119421653,0.999957144,0.0878882259,-0.588155389,-0.0172488,0.999937594,-0.0634673089,-0.543137,0.000931371935,0.999723732,0.0427184403,-0.554120421,-0.0824571326,0.999888,0.00113904581,-0.517383873,-0.103115708,0.999791801,0.1734166,-0.424847573,0.0959638357,0.99998492,-0.106915481,-0.499762744,0.127833411,0.999857306,0.2237674,-0.198406085,0.11585696,0.929885447,-0.107504062,-0.275726229,-0.02164145,0.93227917,0.213238075,0.0428640954,0.13853319,0.971033812,-0.0241469946,-0.385711432,-0.167616948,0.982651711,0.203164712,0.0885798559,0.146016181,0.951331258,0.024935877,-0.427465737,-0.226876661,0.972243249,0.167228803,0.106139906,0.127472252,0.954499781,0.0414704196,-0.488038063,-0.219504014,0.970222652,0.201760128,0.0760003,0.133517355,0.933392882,-0.0130227497,-0.413539797,-0.174154088,0.949757695,0.0890788361,0.00579042686,0.029648589,0.99993813,-0.0866725892,-0.00985105615,-0.0264067147,0.999892116,0.0472964048,0.428622872,-0.0510224663,0.604594648,-0.0801556408,0.334207296,-0.0741279721,0.566543519,0.0218603965,0.78171134,0.00681258412,0.676848233,-0.145311341,0.727879643,0.0375033468,0.632274,-0.00210078084,0.819504321,0.0163850542,0.32704857,-0.149880737,0.764825046,0.00409800885,0.227920026,0.0200053975,0.837487161,-0.0552187972,0.731213272,-0.141559273,0.778288603,-0.0839514509,0.653636396
2516.666666666666,0.00143153721,-0.555446506,-0.127723992,0.99996525,0.0166145954,-0.578727,-0.118005514,0.999941647,0.0188442077,-0.580066383,-0.107352331,0.999919653,0.0188354906,-0.580308437,-0.111411832,0.999957502,-0.00734702451,-0.589092135,-0.124883264,0.999946654,-0.00597391231,-0.58763063,-0.136772707,0.999941885,-0.00221817242,-0.575805187,-0.118386574,0.999957681,0.0878598392,-0.587656736,-0.015285016,0.999937773,-0.0641507134,-0.542749941,0.00282856356,0.999726713,0.042398721,-0.553339899,-0.0813008323,0.999888,0.000525191193,-0.516598,-0.101935372,0.999792516,0.173321709,-0.424593836,0.0986827463,0.999984801,-0.107105702,-0.499622703,0.129946649,0.999858,0.223673105,-0.198373407,0.119876578,0.929599643,-0.107505783,-0.275524765,-0.0193563513,0.932190597,0.212974846,0.0430273414,0.144358203,0.970919549,-0.0242297892,-0.384523183,-0.165716976,0.982880294,0.202833325,0.0887286887,0.151883483,0.951084435,0.0248226244,-0.426260263,-0.225040868,0.972627342,0.166882962,0.106373198,0.133473814,0.954263806,0.041391708,-0.486669749,-0.217767969,0.97063607,0.20146662,0.0761830658,0.13943018,0.933062494,-0.0130852172,-0.412283957,-0.172326908,0.950396,0.089135766,0.00579697592,0.029632533,0.999937952,-0.0867313221,-0.00985768344,-0.0263890885,0.999892294,0.0467258878,0.428647727,-0.0513603128,0.608549118,-0.0803268701,0.33404994,-0.0743055269,0.569447696,0.0199022368,0.781693518,0.00581218163,0.679089844,-0.14567402,0.727747321,0.0359010287,0.636055827,-0.00423124759,0.819484353,0.0152010266,0.329265624,-0.150269791,0.764709115,0.00218495168,0.230171368,0.0194716956,0.837331474,-0.057103958,0.732786238,-0.141875848,0.777546465,-0.0867677629,0.656742692
2533.3333333333326,0.0014051958,-0.554493964,-0.127885357,0.999964416,0.0166160781,-0.577871084,-0.118108615,0.999940038,0.0188467316,-0.579195797,-0.107447073,0.999917328,0.0188375693,-0.579417348,-0.111503735,0.999956071,-0.00737194763,-0.588265657,-0.124977313,0.999945521,-0.00600611418,-0.58681,-0.136865541,0.999940932,-0.00225086231,-0.575026393,-0.118475765,0.999957,0.0880294293,-0.587085068,-0.0152424322,0.999935687,-0.0642769486,-0.542485833,0.00280494569,0.999722362,0.0423906744,-0.552481115,-0.0813327804,0.99988389,0.000428085157,-0.515842915,-0.101969987,0.999786794,0.173375562,-0.424376428,0.0990285352,0.999984264,-0.107162789,-0.499578685,0.130578399,0.999856353,0.223668,-0.197970286,0.120658681,0.928967237,-0.107452594,-0.275062978,-0.018390011,0.931613803,0.212703198,0.0433870032,0.145342425,0.970389903,-0.0243046414,-0.382670283,-0.16540724,0.982913554,0.202426091,0.0889753774,0.152709484,0.950184405,0.0247068778,-0.424358964,-0.224834323,0.972699881,0.166559041,0.106528923,0.13447471,0.953425288,0.0413572304,-0.484807432,-0.217598125,0.970721185,0.201177284,0.0765101537,0.140462384,0.931923389,-0.0131197507,-0.410371691,-0.172064781,0.950484335,0.0892674,0.00580798183,0.0295497123,0.999937296,-0.0868735313,-0.0098648835,-0.0262853149,0.999891937,0.0460819416,0.428747386,-0.0520037562,0.613639,-0.080382213,0.334083557,-0.0743943378,0.573245406,0.0187893696,0.781681,0.00578669878,0.681454837,-0.14602606,0.727788925,0.0348813832,0.640643954,-0.00546630891,0.819468796,0.0151771288,0.330506533,-0.150731578,0.764761925,0.00104608922,0.232727155,0.0179143157,0.837310553,-0.0574947558,0.733596265,-0.143410265,0.777415037,-0.0887805894,0.65984261
2549.999999999999,0.0013160021,-0.553294063,-0.127743185,0.999964,0.0166088436,-0.57661587,-0.117969535,0.999939144,0.0188427214,-0.577915,-0.10731405,0.999916077,0.018834034,-0.578151345,-0.111370735,0.999955297,-0.00739492942,-0.587139308,-0.124730468,0.999944746,-0.00602997141,-0.585677266,-0.136623845,0.999940276,-0.0022794879,-0.573957086,-0.118227847,0.999956489,0.0885167271,-0.586047,-0.0149338813,0.999934494,-0.0641552359,-0.542066,0.0038328527,0.999718249,0.042373158,-0.551389,-0.0811139643,0.999881327,0.000348275877,-0.514915287,-0.10159982,0.999783,0.173619941,-0.424067438,0.0995969921,0.999984086,-0.107007526,-0.499547929,0.132388234,0.999855459,0.223841339,-0.197851032,0.121048532,0.928999484,-0.107603766,-0.274823,-0.0165571719,0.930414915,0.212691516,0.0436607376,0.14561291,0.970199227,-0.0243403371,-0.380625516,-0.164804697,0.982567489,0.202364042,0.089224793,0.152745381,0.949802577,0.024708841,-0.421935022,-0.224325195,0.972193301,0.166516647,0.106825165,0.134650409,0.953061581,0.0414519645,-0.482299656,-0.217122868,0.970178843,0.201163247,0.0768178478,0.140789196,0.93137,-0.0131155634,-0.408140391,-0.171485201,0.94960022,0.0893226936,0.0058151111,0.0294377524,0.999937177,-0.0869313926,-0.00986846536,-0.0261530094,0.999891937,0.045858,0.428828388,-0.0526618361,0.618508935,-0.0804056898,0.334209561,-0.0746426061,0.577624917,0.0186526347,0.781656861,0.00467831641,0.684349179,-0.146165594,0.727835357,0.0331524126,0.644987524,-0.00561845861,0.819438398,0.013978608,0.332280546,-0.150892273,0.764802,-0.000849939417,0.235297069,0.0175666865,0.837212324,-0.0597301051,0.734898806,-0.14402172,0.777317822,-0.0910040289,0.662819266
2566.6666666666656,0.00132422126,-0.55257386,-0.127768129,0.999963343,0.0167042837,-0.575725496,-0.11801061,0.999937832,0.0189436208,-0.577016175,-0.107363395,0.999914289,0.0189331975,-0.577256382,-0.111409403,0.999954283,-0.00727220438,-0.586373,-0.124765791,0.999943733,-0.0059067267,-0.584920406,-0.136659786,0.999939382,-0.00216135127,-0.573227882,-0.11826244,0.999955893,0.0890350416,-0.585121691,-0.0149919782,0.999933124,-0.0634297729,-0.541771352,0.00381664513,0.999714375,0.0423943,-0.55064714,-0.0811357498,0.999879956,0.00037032782,-0.514372289,-0.101623073,0.999781787,0.174007848,-0.423732579,0.0995663479,0.999984086,-0.106951192,-0.499498904,0.13268967,0.99985671,0.22432524,-0.197752759,0.120963432,0.929660857,-0.107799433,-0.274327189,-0.0160616282,0.93045485,0.212682679,0.0438089222,0.145509839,0.970472,-0.0241645779,-0.379280329,-0.164838895,0.982677817,0.202283248,0.0893358,0.152394325,0.950129449,0.0251778178,-0.420564026,-0.224385098,0.972338438,0.166384429,0.106902212,0.134441495,0.953365803,0.0424372368,-0.480993301,-0.217193201,0.970338702,0.20113951,0.0769762173,0.140639842,0.931706727,-0.0126844682,-0.40674454,-0.171517655,0.94976,0.0894021317,0.00582151767,0.0293448474,0.999937415,-0.0870163217,-0.00987258181,-0.0260332543,0.999892771,0.0456411019,0.428977311,-0.0532840379,0.622800529,-0.0801521614,0.334384888,-0.0747153759,0.582263291,0.0187347569,0.78164649,0.00573501224,0.68597883,-0.146261066,0.727986515,0.0331434496,0.649850607,-0.00553198,0.819416702,0.0153932665,0.331492245,-0.151043296,0.764945924,-0.000840068446,0.237039313,0.0166417789,0.837241411,-0.058792416,0.735829,-0.144302785,0.777364135,-0.0909720212,0.666911542
2583.333333333332,0.000984843355,-0.552083,-0.124001689,0.999962687,0.0164695643,-0.57510668,-0.114033043,0.999936461,0.0187155548,-0.576404154,-0.10345383,0.999912441,0.0187161788,-0.576627553,-0.107522711,0.99995327,-0.0074580363,-0.585798204,-0.120483726,0.99994272,-0.00609563757,-0.584343135,-0.132360488,0.999938428,-0.00234845048,-0.572704554,-0.113997854,0.999955237,0.0890423656,-0.584134,-0.0113980016,0.999931753,-0.0634248257,-0.541235089,0.00850811694,0.999709904,0.0421334282,-0.550086081,-0.0776062235,0.999878287,7.38616582e-005,-0.513869166,-0.0977816358,0.999779522,0.174022287,-0.423079729,0.103064239,0.999984,-0.106991373,-0.498989969,0.135711685,0.999857545,0.224474519,-0.197661087,0.125010267,0.929370284,-0.107999742,-0.273120344,-0.0133504532,0.929739892,0.212662563,0.0439574271,0.149347231,0.97041738,-0.024314031,-0.377980947,-0.163591444,0.982733607,0.202198148,0.089484632,0.155999944,0.949992836,0.0250608139,-0.419554591,-0.223371476,0.972439229,0.166218072,0.107164979,0.138246983,0.953225076,0.042419102,-0.480024159,-0.216187194,0.970446646,0.201073349,0.0771577135,0.144527,0.931408167,-0.0127623081,-0.405484349,-0.170239255,0.949846268,0.0894825906,0.00582874287,0.0293276254,0.999937713,-0.0870984271,-0.00987823494,-0.0260119252,0.999893367,0.0453433581,0.429322958,-0.054009527,0.626802564,-0.0797036216,0.334562421,-0.0764411837,0.585587323,0.0184174608,0.781723261,0.00323898741,0.688782811,-0.14617689,0.727951825,0.0315895788,0.652230263,-0.00583618274,0.819514155,0.0126056261,0.333492,-0.150957942,0.764904,-0.00233256491,0.238058254,0.0166597348,0.837322652,-0.0628847,0.737345874,-0.144212142,0.777241528,-0.0930699483,0.668406725
2599.9999999999986,0.000954023504,-0.550275326,-0.123164609,0.99996376,0.0164381582,-0.573603868,-0.113038,0.999938369,0.0186997224,-0.574863076,-0.102473609,0.999915,0.0187057201,-0.575107396,-0.106612034,0.999954581,-0.00749782939,-0.584312797,-0.119729936,0.999944389,-0.00613443647,-0.582781851,-0.131637275,0.999940217,-0.00239482149,-0.571219444,-0.113259345,0.999956489,0.08906129,-0.583339691,-0.00970529206,0.99993366,-0.0635819286,-0.54038626,0.00941507611,0.99971807,0.0420960821,-0.54868418,-0.0764243081,0.999880612,-3.7732465e-005,-0.512340844,-0.0968728513,0.999783635,0.173377737,-0.422610521,0.106576338,0.999984,-0.106944866,-0.498746842,0.136103615,0.999859333,0.223159716,-0.197442904,0.127601936,0.929212332,-0.109967031,-0.272436231,-0.0130132977,0.931072056,0.211816475,0.0445033,0.150725558,0.970770299,-0.025155127,-0.376896769,-0.161675617,0.983230233,0.201436117,0.089922823,0.157361686,0.950568438,0.0246369932,-0.418670207,-0.2211463,0.973189,0.165485829,0.107922934,0.13969335,0.953745,0.0419912,-0.479309946,-0.213804334,0.971241117,0.200266302,0.0777366608,0.145861477,0.932080328,-0.0135623803,-0.404601425,-0.168202668,0.951070726,0.0893467739,0.0058680526,0.029534895,0.999936342,-0.0869457,-0.00992817804,-0.0262589585,0.999891222,0.0437771082,0.428973705,-0.0539628901,0.628911734,-0.0796951875,0.333843201,-0.0788957849,0.590878785,0.0166100916,0.781748533,-0.00390343159,0.69189924,-0.147092164,0.727010727,0.0252909828,0.654633701,-0.00749801798,0.819581628,0.00419783592,0.339463741,-0.152002558,0.763925672,-0.00905832648,0.240601987,0.017868666,0.837099612,-0.0692203492,0.739955842,-0.144211084,0.776027262,-0.0976813808,0.670311093
2616.666666666665,0.000966234307,-0.549354732,-0.115560614,0.999964654,0.0164391808,-0.572783232,-0.104822546,0.99994,0.0187066924,-0.574040532,-0.0943398252,0.999917209,0.0187181979,-0.574281394,-0.0986587182,0.999955714,-0.0074847606,-0.583540499,-0.112029836,0.999945819,-0.00612207595,-0.581974387,-0.123972766,0.999941826,-0.00238329172,-0.570466161,-0.105630651,0.999957561,0.0890612677,-0.582718074,-0.00111214211,0.999935329,-0.0636158213,-0.539888084,0.0162633639,0.999725282,0.0420913324,-0.547916591,-0.0686229318,0.999882698,-5.94351768e-005,-0.511529,-0.0896690041,0.999787211,0.17282711,-0.42217505,0.116140693,0.999984086,-0.106833361,-0.498693377,0.139479682,0.999862075,0.222772792,-0.197253495,0.136822417,0.928939044,-0.111212455,-0.272154391,-0.0103799887,0.932438135,0.211741924,0.044776693,0.159345195,0.971143663,-0.0258681383,-0.376098156,-0.157628357,0.983768702,0.201368257,0.0901521072,0.166170642,0.951200724,0.0241865236,-0.417902976,-0.216737688,0.974015355,0.165439665,0.108307861,0.148828,0.954320312,0.0416503735,-0.478579283,-0.209101632,0.972112834,0.200192124,0.077980563,0.154455796,0.932838857,-0.0142408591,-0.40386039,-0.163879141,0.952436864,0.0892128199,0.00595444301,0.0299204271,0.999935567,-0.0868049636,-0.0100200307,-0.0266692638,0.999890149,0.0426237956,0.428891808,-0.0539707355,0.632653594,-0.0796675235,0.333537787,-0.0817213282,0.597340405,0.012620558,0.781674087,-0.0103664743,0.695736051,-0.147413239,0.726173341,0.020233497,0.657601237,-0.0115800295,0.819548309,-0.00303209084,0.347435236,-0.152329907,0.763088,-0.0143629787,0.244718075,0.0178875085,0.836709142,-0.0753639638,0.742930293,-0.14414385,0.774870157,-0.101991795,0.672341168
2633.3333333333317,0.000962222635,-0.549114048,-0.114117324,0.99996531,0.0164023694,-0.57261163,-0.103249982,0.999941111,0.018680444,-0.573871434,-0.0928076953,0.999918759,0.018697761,-0.57410717,-0.0971228778,0.999956489,-0.00751378806,-0.583321333,-0.110585563,0.999946892,-0.00615050923,-0.581751168,-0.122534722,0.999943078,-0.00241166144,-0.57026,-0.104194291,0.999958456,0.0890235081,-0.582625866,0.000552641926,0.999936461,-0.0637425631,-0.539627254,0.0175229087,0.999730706,0.0420871973,-0.547720134,-0.0670549273,0.999884307,-8.44920723e-005,-0.511245728,-0.0882714689,0.999790072,0.172663853,-0.422045827,0.118886143,0.999984086,-0.106768817,-0.498631984,0.139938653,0.999864578,0.22274369,-0.197080567,0.139720425,0.928271353,-0.112157114,-0.27194488,-0.0102462601,0.933989108,0.211566672,0.0447964668,0.161313057,0.971272886,-0.0265781544,-0.375852406,-0.157553941,0.984293401,0.201063856,0.0901430473,0.168081105,0.951457143,0.0236271,-0.417729318,-0.21671249,0.974800944,0.165078938,0.108250044,0.150946975,0.954548,0.0412340164,-0.478463531,-0.20902209,0.9729442,0.199951679,0.07796783,0.15647909,0.933090031,-0.0149027286,-0.403654426,-0.163779289,0.953706324,0.0891446099,0.00603385363,0.0304242279,0.999934912,-0.0867383555,-0.0101061119,-0.0271767955,0.999889553,0.0419663414,0.428842962,-0.0539668351,0.634145916,-0.0797184184,0.333341271,-0.083259508,0.602758706,0.0100110751,0.781705081,-0.011446896,0.698491931,-0.148311704,0.725715697,0.018018255,0.660198689,-0.0141407466,0.819630742,-0.00404974259,0.35410884,-0.15320386,0.762642801,-0.0165849775,0.24744004,0.0181853902,0.836539,-0.0766675696,0.745365918,-0.143975243,0.774428,-0.10482461,0.674219072
2649.999999999998,0.00105085736,-0.548109174,-0.114550501,0.999965966,0.0164639167,-0.571775675,-0.103748441,0.999942362,0.0187611282,-0.573028147,-0.0932924673,0.999920309,0.0187858958,-0.573251963,-0.0975890383,0.999957204,-0.00747506181,-0.582502663,-0.111067414,0.999948084,-0.00611527171,-0.580902517,-0.123013444,0.999944448,-0.00237697968,-0.569456,-0.104666129,0.999959469,0.0891091451,-0.582254648,0.000498485926,0.999937356,-0.0639013723,-0.539266169,0.0171318781,0.999737144,0.0421557762,-0.546937883,-0.0673990101,0.999885,-9.01306703e-005,-0.510401487,-0.0886400118,0.999791861,0.172438473,-0.421956,0.121210158,0.999983788,-0.106647715,-0.498612761,0.139783233,0.999866486,0.222380698,-0.197054014,0.144532889,0.92613554,-0.112256102,-0.271686673,-0.0103468047,0.935527086,0.211450934,0.0448124669,0.167297795,0.971010625,-0.0268360768,-0.375358343,-0.157651052,0.984851718,0.200967774,0.0900982246,0.174741954,0.951103568,0.0233088713,-0.417461693,-0.216827855,0.975630403,0.165051922,0.108223602,0.157406986,0.954220772,0.0409591533,-0.478191,-0.20911856,0.973824084,0.199871,0.0779744387,0.162427649,0.932605743,-0.0151802311,-0.403185576,-0.163868099,0.955041349,0.0891035,0.00612457562,0.0312765576,0.999932945,-0.0866975263,-0.0102027906,-0.0280296151,0.999887168,0.0416414477,0.428845078,-0.053402409,0.630916595,-0.0797376335,0.333061635,-0.0852085,0.6050179,0.00977163762,0.781725228,-0.011766661,0.69668746,-0.14833492,0.725159,0.0156059917,0.65876925,-0.0143182669,0.819687843,-0.00445128791,0.356258363,-0.153213412,0.762117922,-0.0190489609,0.24746725,0.0194683839,0.836339772,-0.077038765,0.744191587,-0.142383844,0.773644269,-0.107113354,0.672450125
2666.6666666666647,0.00125697197,-0.547942638,-0.114801928,0.999966741,0.0165299885,-0.5716663,-0.104058988,0.999943733,0.0188460033,-0.572910428,-0.0935883448,0.999922097,0.0188757982,-0.573132277,-0.097862348,0.999958158,-0.00736662745,-0.58234489,-0.111199215,0.999949396,-0.00600339659,-0.580739796,-0.123146288,0.999945879,-0.00226290268,-0.569310546,-0.104781047,0.999960482,0.0889793113,-0.58224684,7.6921031e-005,0.999938607,-0.0639635324,-0.539144754,0.0163126867,0.9997437,0.0422169566,-0.54685235,-0.0677104145,0.999886811,-2.37027743e-005,-0.510236502,-0.0887626931,0.999795139,0.171898097,-0.422083557,0.120937496,0.999983788,-0.106523044,-0.498602,0.138450161,0.999869049,0.222354129,-0.197228551,0.145289987,0.924859822,-0.112542838,-0.271476507,-0.011998876,0.937030911,0.211364523,0.0447525308,0.16807431,0.971011758,-0.0270783063,-0.375211596,-0.158763453,0.985339344,0.200747147,0.0899750143,0.175628588,0.951131523,0.0230651982,-0.417445034,-0.218045309,0.97636807,0.164906919,0.108053535,0.158293501,0.954245567,0.0408165,-0.478196353,-0.210062519,0.974600375,0.199778512,0.0778768286,0.163216829,0.9325822,-0.0154280877,-0.403085023,-0.164863691,0.956188262,0.0889227539,0.00615937775,0.031875696,0.99993223,-0.0865185,-0.0102397865,-0.0286232922,0.999886513,0.0411136933,0.428785086,-0.0529636219,0.631300807,-0.0799922645,0.332924545,-0.0858295634,0.610015273,0.00890545361,0.781473339,-0.0120743606,0.698504329,-0.148382455,0.724793911,0.0120925494,0.662191272,-0.0150962351,0.819458365,-0.00480589736,0.361889511,-0.153223976,0.76174438,-0.0229094215,0.251087397,0.0198627058,0.834469259,-0.0772439241,0.746434093,-0.141695544,0.772273,-0.111117736,0.675532937
2683.333333333331,0.00159662683,-0.547853827,-0.117561154,0.999967,0.0167577788,-0.571611404,-0.107008949,0.99994421,0.0190954655,-0.572851837,-0.0965091735,0.999922752,0.0191181097,-0.573070586,-0.100766696,0.999958456,-0.00711230235,-0.582277894,-0.114670016,0.999949753,-0.00574715156,-0.580674291,-0.126616418,0.999946296,-0.00200076401,-0.569244087,-0.108188882,0.999960661,0.0889803842,-0.582284927,-0.00237758295,0.999939144,-0.0639646128,-0.539138,0.0120312199,0.999744833,0.0424211584,-0.546828628,-0.070044294,0.999886751,0.000172869186,-0.510198951,-0.0917063951,0.999794483,0.171771392,-0.422577888,0.120448068,0.999983728,-0.106390767,-0.49888137,0.13539511,0.99986887,0.222416312,-0.197592676,0.144368172,0.924603105,-0.112522267,-0.271492362,-0.015882533,0.937544525,0.211361989,0.0444435552,0.167302951,0.971172631,-0.0270962641,-0.37521261,-0.162022591,0.985449553,0.200726077,0.089594543,0.174904,0.951326847,0.0230276212,-0.417455971,-0.221209288,0.976519823,0.164887384,0.107544251,0.157509208,0.954435349,0.0407311618,-0.478210032,-0.213048503,0.974749386,0.199771911,0.0775341466,0.162446767,0.932822526,-0.0154682146,-0.403086364,-0.168090895,0.956322908,0.0888250098,0.00616898527,0.0321559757,0.999931395,-0.0864192769,-0.0102493232,-0.0288999081,0.999884844,0.0408145227,0.428709269,-0.0525898784,0.63285625,-0.080097951,0.332879871,-0.0857673734,0.612767041,0.00869056582,0.781404674,-0.011802882,0.700713813,-0.148401603,0.724775,0.0125843287,0.664159477,-0.0152538912,0.81940037,-0.00444644317,0.366626382,-0.153233439,0.761731565,-0.0223320872,0.253028333,0.0204479638,0.83402741,-0.0769214928,0.748456359,-0.141534105,0.772157,-0.110447317,0.676930845
2699.9999999999977,0.00198590057,-0.547747,-0.118381254,0.999967277,0.0170888603,-0.571539104,-0.10799022,0.999944866,0.0194508489,-0.572774529,-0.0974836126,0.999923587,0.0194737613,-0.572998941,-0.10174828,0.999958932,-0.00675149262,-0.582188547,-0.115749605,0.99995023,-0.0053732479,-0.580581725,-0.127695516,0.999946773,-0.00163439568,-0.569146276,-0.10925214,0.999961,0.0891475,-0.582289,-0.00359672983,0.99993974,-0.06370195,-0.539084435,0.0107315052,0.999746621,0.0427633524,-0.546780944,-0.0708246,0.999887049,0.00054126227,-0.510107398,-0.0925896391,0.999794602,0.171874732,-0.422642171,0.119971417,0.999983728,-0.105788626,-0.498884887,0.134295613,0.999869287,0.222718745,-0.197630242,0.144038051,0.924358547,-0.112439178,-0.271465212,-0.0171516035,0.937957406,0.211601228,0.0444160178,0.166710898,0.971303046,-0.027091885,-0.375204325,-0.162689716,0.985518694,0.20090799,0.0895366445,0.174219817,0.951507747,0.0230260137,-0.41745615,-0.221817687,0.976618946,0.165114716,0.107437402,0.156816766,0.954607487,0.0407240763,-0.478220344,-0.213623315,0.974846125,0.200022429,0.0774890929,0.161855757,0.933056653,-0.0154648051,-0.40308696,-0.168779135,0.956428885,0.0887477323,0.00617835764,0.0323021859,0.999931097,-0.0863371566,-0.0102591738,-0.0290554557,0.999884307,0.0407863557,0.428642094,-0.051838316,0.631796718,-0.080253914,0.332865685,-0.0857706368,0.615118861,0.00881264918,0.781403542,-0.011680251,0.701216,-0.148484021,0.724979162,0.0118937381,0.666120946,-0.0150888944,0.819400787,-0.00423243921,0.3687796,-0.153295279,0.761971,-0.0230805278,0.254529297,0.0214720983,0.833933413,-0.0765382126,0.749403417,-0.141450897,0.772512317,-0.11072588,0.678844392
2716.6666666666642,0.00231440226,-0.547745764,-0.120369621,0.999967635,0.0173432194,-0.5715487,-0.110138252,0.999945641,0.0197142959,-0.57278353,-0.0996052474,0.999924541,0.0197279435,-0.57300812,-0.103878669,0.999959469,-0.00649853703,-0.582192957,-0.118094474,0.999950826,-0.00511221169,-0.580586553,-0.130042478,0.999947369,-0.00137490616,-0.569145918,-0.111566648,0.999961376,0.0891813,-0.582425535,-0.00587249314,0.999940455,-0.0636370182,-0.539097607,0.00794534944,0.999748468,0.0430287234,-0.546799481,-0.0727074221,0.999887228,0.000813241175,-0.51010716,-0.0946854353,0.999794245,0.171866521,-0.422994584,0.118971638,0.999983668,-0.10535042,-0.4990668,0.131323874,0.999869227,0.222846508,-0.197886,0.143680036,0.923328459,-0.112424277,-0.27154845,-0.0216564909,0.938409,0.21161285,0.0438715816,0.166237354,0.971068323,-0.0270984862,-0.375313967,-0.166716,0.985536456,0.200886771,0.0888915583,0.173905686,0.951143682,0.023014294,-0.4175708,-0.225799769,0.976628304,0.165109113,0.106592782,0.156423554,0.954266,0.0407148935,-0.478342593,-0.217236251,0.974841833,0.200046167,0.0768304,0.161388531,0.932565868,-0.0154735,-0.403198779,-0.172702581,0.95635587,0.0885661,0.00618792,0.0325678028,0.999930263,-0.086152494,-0.0102682645,-0.0293323528,0.999882758,0.0406859145,0.428291738,-0.051535856,0.629166663,-0.0804890394,0.332786888,-0.0857256427,0.614397407,0.00820817146,0.781341195,-0.012133223,0.701612711,-0.148559362,0.724929631,0.0121698575,0.665846705,-0.0157353096,0.819345,-0.00481235841,0.371703625,-0.153345063,0.761922181,-0.0227602217,0.255288363,0.0215264,0.833470047,-0.0767232552,0.75026083,-0.141273201,0.772420049,-0.110457413,0.6787377
2733.3333333333308,0.00250832969,-0.547837675,-0.120199546,0.999967158,0.0175329614,-0.571636,-0.110021152,0.999944806,0.0199082829,-0.572871685,-0.0994934961,0.999923408,0.0199181959,-0.573094547,-0.103761956,0.999958932,-0.0062616393,-0.582265556,-0.117854252,0.99995,-0.004873286,-0.580664098,-0.129793718,0.999946475,-0.00112935412,-0.569205463,-0.111328691,0.999960721,0.089487575,-0.582541406,-0.00595129794,0.999939561,-0.0630084798,-0.539133847,0.00818544533,0.999743044,0.0433192104,-0.546904087,-0.072675176,0.999885261,0.00115483277,-0.510178924,-0.0945237353,0.999789894,0.17266573,-0.423086524,0.118805148,0.999983609,-0.104469985,-0.499184161,0.131398469,0.99986887,0.224652395,-0.197905362,0.143498957,0.923064053,-0.11221797,-0.271636218,-0.0215874314,0.93832463,0.212064773,0.043700885,0.165846974,0.971017063,-0.0271060783,-0.375426024,-0.166663,0.985523283,0.201033205,0.0886924267,0.173540309,0.951052487,0.0229861233,-0.417661786,-0.22570765,0.976597,0.16520907,0.106232092,0.156045347,0.954173088,0.0406851694,-0.478434414,-0.217141658,0.974802315,0.200393707,0.0765613616,0.161005899,0.932402253,-0.0154888183,-0.403301299,-0.172648013,0.956266165,0.0885110945,0.00620096596,0.0325739,0.999929965,-0.0860965922,-0.0102786617,-0.029340025,0.999881923,0.0405452549,0.42805627,-0.0516177975,0.628185034,-0.080512,0.332773268,-0.0854293928,0.613232,0.00811581314,0.781253278,-0.0127700036,0.702785075,-0.148562983,0.724899113,0.0126923984,0.665261567,-0.0158240944,0.81925118,-0.00548613397,0.374041319,-0.153337225,0.761893868,-0.0222069733,0.255195796,0.0215545427,0.833091199,-0.0773983225,0.751325428,-0.141255483,0.77241677,-0.109334201,0.678220809
2749.9999999999973,0.00250608,-0.547827661,-0.120196201,0.999966919,0.0175439846,-0.571621239,-0.110061869,0.999944389,0.0199209861,-0.572855473,-0.0995366946,0.999922872,0.0199311133,-0.57308048,-0.103800297,0.999958694,-0.00624339934,-0.582258,-0.117828235,0.999949455,-0.00485126954,-0.580657721,-0.129767835,0.999945879,-0.00110480655,-0.569194555,-0.111304119,0.999960244,0.0895989761,-0.582558,-0.00634275051,0.999939263,-0.0625396445,-0.539196908,0.00822711177,0.999739647,0.0433307178,-0.546904802,-0.0727321878,0.999884605,0.00119144458,-0.510184944,-0.0945183262,0.999788046,0.172960237,-0.423145592,0.11811541,0.999983668,-0.103927538,-0.499723464,0.131400675,0.999869823,0.225119621,-0.197907731,0.141584992,0.923296154,-0.112256393,-0.272153378,-0.0216459297,0.938573897,0.21208483,0.0433786139,0.163672924,0.971255898,-0.0271336064,-0.375487149,-0.168059558,0.985649884,0.200992927,0.0882933,0.17122145,0.951456368,0.0229514409,-0.417674899,-0.227504253,0.976808846,0.165148348,0.105568014,0.153825641,0.954548061,0.0407089144,-0.478450149,-0.219040737,0.975031912,0.200398281,0.0760969445,0.158925176,0.932825506,-0.0154976686,-0.403339148,-0.174128354,0.956576,0.0884231627,0.00622052141,0.0325961709,0.999928951,-0.0860047191,-0.01029767,-0.0293656029,0.999880075,0.0404686444,0.427794129,-0.0516108945,0.625444472,-0.0805196166,0.332478553,-0.0853885263,0.611595452,0.00806599576,0.781162858,-0.0129964827,0.70230037,-0.148455799,0.72471565,0.013051142,0.66277194,-0.0158549864,0.819148779,-0.00571877789,0.374956131,-0.153148845,0.761699319,-0.0218163151,0.253904849,0.021770522,0.832162797,-0.0775492787,0.751276195,-0.140571564,0.772023261,-0.108395733,0.676122
2766.666666666664,0.0023789783,-0.547719,-0.122515962,0.999967039,0.0174935143,-0.571514964,-0.112978928,0.999944568,0.0198831148,-0.572742462,-0.10242942,0.99992311,0.0198859069,-0.572970569,-0.106681816,0.999958873,-0.00627077883,-0.582198501,-0.120446526,0.999949396,-0.00487641338,-0.580598354,-0.132376239,0.99994576,-0.00112687505,-0.569122791,-0.11389187,0.999960065,0.0896072686,-0.582576752,-0.010598626,0.999939561,-0.0624392629,-0.539362967,0.00560822245,0.99973774,0.0432671197,-0.546876252,-0.0753867924,0.999884546,0.001157547,-0.510179698,-0.0967686698,0.999786913,0.173018053,-0.423770905,0.113997579,0.999983847,-0.103834637,-0.50058,0.129736543,0.999870062,0.225423709,-0.198680922,0.137456894,0.923993766,-0.112354331,-0.272905767,-0.0234613344,0.9386,0.212018952,0.0424112156,0.160441473,0.971577406,-0.0271876194,-0.375682473,-0.170497194,0.985595822,0.20068258,0.0874625817,0.16795215,0.951909781,0.0229176041,-0.417726845,-0.230054289,0.976728797,0.164672241,0.104668707,0.150516495,0.95497,0.0407024585,-0.478481144,-0.221686214,0.974944472,0.200276867,0.0751487464,0.155731976,0.933319926,-0.0155387903,-0.403481,-0.17667757,0.956355631,0.0883175656,0.00622690888,0.0326014571,0.999928415,-0.0858927593,-0.010301576,-0.0293714572,0.999878526,0.040263135,0.427702278,-0.0513580628,0.622400403,-0.0807234198,0.332170933,-0.0849205926,0.607682049,0.00711282296,0.781138361,-0.0129094431,0.701154888,-0.148521051,0.724554956,0.014475775,0.659052312,-0.0168227945,0.819110572,-0.00561251305,0.37574771,-0.153195217,0.761528,-0.0203267,0.252289265,0.021780001,0.831613421,-0.077410154,0.750802338,-0.140725613,0.771341383,-0.105381973,0.673103213
2783.3333333333303,0.00243533216,-0.547729135,-0.122472852,0.999966443,0.0175481327,-0.571522593,-0.112953037,0.999943435,0.0199441724,-0.572748,-0.102408536,0.999921679,0.0199413877,-0.572976351,-0.106659308,0.999958158,-0.00616632262,-0.582209766,-0.12039803,0.999948263,-0.004767098,-0.580613136,-0.13233006,0.999944627,-0.00101624231,-0.569133818,-0.113843627,0.999959111,0.089681223,-0.582632124,-0.010712469,0.999938607,-0.0620245412,-0.539503813,0.00562731596,0.999730945,0.0433484167,-0.546906829,-0.0753866,0.999882519,0.00128645042,-0.510230303,-0.0967467427,0.999782324,0.173149303,-0.42403248,0.113751054,0.999983847,-0.103296205,-0.50102061,0.129744887,0.999869466,0.225974843,-0.198752746,0.137040138,0.92417109,-0.112345241,-0.272961676,-0.0234316718,0.938345313,0.212102,0.0419701636,0.159985274,0.971576631,-0.0272203423,-0.375660509,-0.170724481,0.985425413,0.200671196,0.0868746638,0.167429283,0.951886773,0.0228846613,-0.417671293,-0.230270594,0.976452112,0.16465874,0.103901535,0.150175363,0.954934895,0.0406738669,-0.478420585,-0.221888632,0.974635601,0.200320721,0.0745954514,0.155334637,0.93317157,-0.0155803533,-0.403443247,-0.176898703,0.955770493,0.0881852657,0.00624065055,0.0326198675,0.999927938,-0.0857613087,-0.0103104673,-0.029389238,0.999877393,0.0402443483,0.427517861,-0.0512934104,0.622139752,-0.0808444917,0.331948161,-0.0847164169,0.607427716,0.00644332776,0.780997217,-0.0128546907,0.701812387,-0.148517594,0.724475563,0.0149619104,0.657952607,-0.0174745582,0.818966687,-0.00554950209,0.378483295,-0.153156385,0.761458457,-0.0198273938,0.252290547,0.0219134092,0.830284357,-0.0773545131,0.750922322,-0.140692577,0.770734668,-0.104852498,0.671402812
2799.999999999997,0.00248928438,-0.547687352,-0.125813589,0.999966502,0.0176186487,-0.571475267,-0.11656972,0.999943316,0.0200217608,-0.572696209,-0.106029399,0.999921501,0.0200076737,-0.572922468,-0.110214993,0.999958038,-0.00607642066,-0.58217448,-0.123952247,0.999948204,-0.00467769522,-0.580585122,-0.135860801,0.999944568,-0.000912949094,-0.569098771,-0.117351435,0.999959052,0.0897115245,-0.582637906,-0.0148110921,0.999938369,-0.0618978404,-0.539567947,0.00183039496,0.999729931,0.0434231,-0.546890259,-0.0788587,0.999882162,0.00139184203,-0.510229,-0.100086212,0.999781609,0.173227698,-0.424253553,0.109915227,0.999983847,-0.103228025,-0.50131762,0.12713857,0.999869943,0.226098984,-0.198756725,0.134287804,0.924233675,-0.112335443,-0.272981614,-0.0255733,0.938409388,0.211904928,0.0418726243,0.157929361,0.971575379,-0.0280108899,-0.375702411,-0.173736483,0.985526443,0.200132325,0.0867851153,0.165511966,0.951816916,0.0215430409,-0.417716742,-0.233543843,0.976590872,0.163905025,0.103702411,0.148262531,0.954871,0.0395202562,-0.478482306,-0.225311801,0.974789441,0.199999735,0.0744792074,0.153325677,0.93297106,-0.0164381471,-0.40347752,-0.180008784,0.955912828,0.088149026,0.00624859659,0.0326453745,0.999926865,-0.085725449,-0.0103159966,-0.0294151,0.999875426,0.0399273336,0.427313149,-0.0510100387,0.616716921,-0.0809688,0.33161056,-0.0846768,0.601611793,0.00608177669,0.780917168,-0.011745695,0.698002517,-0.148165777,0.724271178,0.0157311726,0.651800513,-0.0177885462,0.818879366,-0.00432579964,0.376922637,-0.152694732,0.761251569,-0.0189059488,0.249204338,0.0219779108,0.829553306,-0.0757596344,0.747713566,-0.140482724,0.769857645,-0.103460856,0.665690899
2816.6666666666633,0.00253113615,-0.546538949,-0.126922175,0.999967,0.0177069977,-0.570417821,-0.117883936,0.999944091,0.0201338325,-0.571601689,-0.107351921,0.999922574,0.0201185197,-0.571846783,-0.111520894,0.999958634,-0.00596420234,-0.581239462,-0.125252157,0.9999488,-0.00456705131,-0.579648733,-0.137150288,0.999945223,-0.000795806642,-0.568145156,-0.11863558,0.999959469,0.0898881555,-0.582336366,-0.0160048865,0.999939084,-0.0617482848,-0.539498687,0.000831407146,0.999731898,0.0434789732,-0.546054304,-0.0798772946,0.999883,0.00145252247,-0.509527206,-0.101055816,0.999782741,0.173245296,-0.424262732,0.109230392,0.999984,-0.103055067,-0.501572549,0.126982987,0.999871433,0.226131707,-0.198731527,0.133527085,0.924448729,-0.11230509,-0.272926122,-0.0254852455,0.938321531,0.21175009,0.0419334471,0.156938821,0.971910596,-0.0283117816,-0.375569075,-0.173711389,0.985696673,0.199830845,0.0868308321,0.1644281,0.952287793,0.0211532861,-0.41764459,-0.233547762,0.976908386,0.163549617,0.10371381,0.147249147,0.955313563,0.0391101465,-0.478461325,-0.225434944,0.975136399,0.199804455,0.0745220929,0.152371272,0.9334656,-0.0167780668,-0.403383255,-0.180039063,0.956374,0.0880684853,0.00628612423,0.03269412,0.999925375,-0.0856373161,-0.010349079,-0.0294742733,0.999872684,0.039909523,0.427221268,-0.0506273471,0.610294938,-0.0809792951,0.331089348,-0.0846452,0.596554756,0.00610173354,0.780796409,-0.0118289171,0.693475,-0.147907242,0.724184513,0.0158254299,0.646553755,-0.0177514218,0.818716049,-0.00451320456,0.375035048,-0.152326867,0.761176407,-0.0188257974,0.24677439,0.0226461515,0.828294277,-0.0757889524,0.745029509,-0.139587551,0.768686533,-0.103422008,0.66145879
2833.33333333333,0.00263948459,-0.546438277,-0.12778841,0.999966145,0.0178320631,-0.570294619,-0.119014874,0.999942482,0.0202672556,-0.571471453,-0.108495004,0.999920547,0.0202448666,-0.571716845,-0.112619929,0.999957561,-0.00574088376,-0.581119657,-0.126270458,0.99994725,-0.0043398831,-0.579540193,-0.138164625,0.999943733,-0.000548599055,-0.568025887,-0.119640335,0.999958336,0.0899842381,-0.582316339,-0.0180549137,0.999937594,-0.0610813648,-0.53951329,-0.000643856532,0.999724209,0.0436007529,-0.545989,-0.080957,0.999880791,0.00171518559,-0.509491205,-0.102036022,0.99977845,0.173623234,-0.424290746,0.106813632,0.999984086,-0.1028063,-0.501828671,0.126228169,0.999871612,0.22647,-0.198418692,0.131156474,0.925042093,-0.112160333,-0.272820652,-0.0256407987,0.938150823,0.211737409,0.0420367084,0.154129058,0.972261608,-0.028629,-0.37546134,-0.174692869,0.985820591,0.199738666,0.0868868902,0.161357254,0.952791095,0.0205732416,-0.417584211,-0.234807506,0.977132797,0.163382754,0.103707202,0.144227758,0.955795705,0.0386162736,-0.478447318,-0.226905718,0.975391626,0.199759349,0.0745791197,0.149559215,0.93403,-0.0171117429,-0.403294742,-0.181178391,0.956687093,0.0880524665,0.00629744167,0.0327023901,0.999924362,-0.0856212452,-0.0103574563,-0.0294826776,0.999870718,0.0399780348,0.426916897,-0.0506394356,0.607196391,-0.0812004581,0.33107,-0.0845524222,0.593011916,0.00613366114,0.780742466,-0.0117636891,0.691487,-0.147947803,0.724358082,0.0161780976,0.64313674,-0.0177186336,0.818641186,-0.00443428243,0.373900861,-0.152356461,0.761370897,-0.0184465703,0.244494259,0.0227856375,0.827615917,-0.0757478848,0.743659854,-0.139748618,0.768671393,-0.103210531,0.658430398
2849.9999999999964,0.00252346369,-0.546190798,-0.131983832,0.999965489,0.0178167019,-0.569996297,-0.123824716,0.999941349,0.0202623531,-0.571160078,-0.113280788,0.999919057,0.0202331431,-0.571401417,-0.117319107,0.999956846,-0.00573442224,-0.580899239,-0.130654842,0.999946117,-0.0043327352,-0.579331219,-0.14250657,0.999942541,-0.000537603162,-0.567795336,-0.12395943,0.999957502,0.0900823697,-0.582159877,-0.0239909571,0.999936461,-0.060732238,-0.539559186,-0.00466154935,0.999717414,0.0435671,-0.545774281,-0.0854353085,0.999878943,0.00171979296,-0.509396,-0.106004842,0.999774694,0.173994154,-0.424297482,0.100726888,0.999984145,-0.102689311,-0.502066374,0.124446854,0.999871731,0.226667032,-0.198204666,0.125284418,0.925664306,-0.111670658,-0.272645861,-0.0257383082,0.937623262,0.211357713,0.0421468094,0.148819074,0.972423494,-0.0291375797,-0.375334114,-0.174926221,0.985866606,0.199117631,0.0870094895,0.155960858,0.952944756,0.019699432,-0.417500347,-0.235056892,0.977255702,0.162606016,0.103744,0.138741866,0.95593679,0.0375919752,-0.478416234,-0.227410674,0.975545347,0.199274153,0.0746676177,0.144222751,0.934128582,-0.0177108124,-0.403201163,-0.181583464,0.956845284,0.0880437195,0.00631388603,0.0326719321,0.999923706,-0.0856107846,-0.0103697609,-0.0294573326,0.999869287,0.0405920707,0.426270396,-0.0510653853,0.602533102,-0.0816092938,0.330914795,-0.0841582417,0.587111712,0.00617563026,0.78057766,-0.0120236836,0.688389659,-0.148275927,0.724471,0.0170594566,0.638380587,-0.0176926646,0.818419874,-0.00467559602,0.371630251,-0.152688593,0.761505127,-0.0175324529,0.241040438,0.0230991151,0.827140689,-0.0759442449,0.741580844,-0.140274495,0.76870048,-0.102315903,0.654255033
2866.666666666663,0.00247718068,-0.546106458,-0.131925806,0.999965966,0.0177935138,-0.569885373,-0.123750851,0.999942124,0.020245716,-0.571048141,-0.113219708,0.999920189,0.0202163588,-0.571295202,-0.11725197,0.999957502,-0.00572686596,-0.580806851,-0.130581424,0.999946773,-0.00432260707,-0.579244435,-0.142440587,0.999943197,-0.000525705807,-0.567700267,-0.123899788,0.999958,0.0900943205,-0.582084775,-0.0241589416,0.999937475,-0.0604851842,-0.539564848,-0.0047360016,0.999720216,0.0435473397,-0.545679152,-0.0854546502,0.999881268,0.00172980328,-0.509348869,-0.106018364,0.999778628,0.174073413,-0.424227446,0.100190021,0.999984503,-0.102670193,-0.502242386,0.124126062,0.999874353,0.226628825,-0.198081568,0.124224715,0.926891267,-0.111858904,-0.272652626,-0.0258585177,0.937893152,0.210789099,0.0421413369,0.146243468,0.972976148,-0.0293769836,-0.375246316,-0.175682232,0.985971868,0.198405191,0.0870106891,0.152861938,0.95378989,0.0194995161,-0.417284638,-0.235917911,0.977452338,0.161657676,0.103697211,0.135643676,0.956733108,0.0375099443,-0.478265852,-0.228442669,0.975768089,0.198569417,0.0746452436,0.141603485,0.935156107,-0.0178665016,-0.403106362,-0.182431787,0.957143962,0.0880387127,0.00633285567,0.0327150412,0.999924,-0.0856059045,-0.0103876237,-0.0295018107,0.999869645,0.0411597304,0.425948828,-0.0510622337,0.599206686,-0.0816456676,0.330819786,-0.0841247067,0.584853947,0.00718088122,0.780387521,-0.0118605113,0.685512841,-0.148306295,0.724438071,0.0173998252,0.635245383,-0.0165589042,0.818206668,-0.00445619179,0.369804263,-0.152695253,0.761464,-0.017143013,0.238596827,0.0246181563,0.826955795,-0.0756926686,0.740322173,-0.139715359,0.768647969,-0.102100141,0.651988745
2883.3333333333294,0.00259212591,-0.546037555,-0.129209131,0.999966919,0.0178479794,-0.569802523,-0.121027552,0.999943793,0.0203005765,-0.57096684,-0.1105671,0.999922514,0.0202791151,-0.571217418,-0.114606321,0.999958754,-0.00556157,-0.580705523,-0.128023341,0.999948323,-0.00413981313,-0.579147398,-0.13989909,0.999944866,-0.000328232563,-0.567606,-0.121383704,0.99995923,0.0900779888,-0.582013667,-0.0224517751,0.999939382,-0.06004766,-0.539467931,-0.00342638837,0.999728262,0.0436185636,-0.545605302,-0.083138451,0.999885261,0.00195018598,-0.509257436,-0.103907779,0.999785721,0.174117818,-0.424074829,0.102426112,0.99998492,-0.102331355,-0.502256811,0.124161139,0.999878466,0.22653906,-0.197936043,0.126932859,0.927698076,-0.111844584,-0.272503346,-0.0260096211,0.938844502,0.210674718,0.0421688594,0.147815824,0.973556101,-0.0294613708,-0.374943316,-0.177448988,0.986255944,0.198279828,0.0870685875,0.154209763,0.954701,0.0193302557,-0.41687125,-0.238059446,0.977919638,0.161563873,0.10370671,0.136906207,0.957598686,0.0374912806,-0.477859855,-0.230540901,0.976269484,0.198442936,0.0746544376,0.143070951,0.936304033,-0.0179131255,-0.40275529,-0.184172481,0.957903326,0.0879930705,0.00640050368,0.0330547914,0.999924898,-0.0855649859,-0.0104585914,-0.0298223272,0.999871373,0.0413416028,0.425921381,-0.0508833453,0.596996903,-0.0816320181,0.330790848,-0.084577471,0.585956514,0.00722796237,0.780257761,-0.0118511179,0.68316251,-0.148323283,0.724377692,0.0165900085,0.634288907,-0.0164824557,0.818097115,-0.00444544107,0.369692892,-0.152689621,0.761409581,-0.0180442464,0.238382414,0.0252938811,0.8267048,-0.0756874755,0.739827,-0.138708889,0.76836431,-0.103620067,0.651883602
2899.999999999996,0.0027054844,-0.546040654,-0.127119362,0.999967456,0.0179020148,-0.569797218,-0.118725523,0.999944687,0.0203527305,-0.570961773,-0.108333021,0.999923825,0.0203381889,-0.571212947,-0.112362787,0.999959469,-0.00543876924,-0.580695212,-0.125883192,0.999949038,-0.00401020329,-0.579138517,-0.137771964,0.9999457,-0.000191793937,-0.567596912,-0.119287595,0.999959767,0.0900789946,-0.582003772,-0.0202734359,0.999940574,-0.0598665886,-0.539452553,-0.00180994102,0.9997316,0.0437051281,-0.545599282,-0.0811553,0.999887764,0.00209126156,-0.509251118,-0.102103911,0.999789774,0.174131185,-0.424046129,0.104587577,0.999985278,-0.102098256,-0.50238961,0.124840125,0.999880552,0.226666525,-0.197925791,0.129527569,0.928808391,-0.11211428,-0.272606403,-0.025514273,0.938787878,0.210692272,0.0421194509,0.150100335,0.974152625,-0.029706832,-0.37473461,-0.177383766,0.986169457,0.198265076,0.0870232061,0.156160519,0.955625236,0.019148929,-0.416478038,-0.237961113,0.977835476,0.161546558,0.103546187,0.139103711,0.958471417,0.0374330319,-0.477415532,-0.230435461,0.976173341,0.198437765,0.0745619759,0.145407349,0.937477589,-0.0180714466,-0.402466983,-0.18410717,0.957702279,0.0879459828,0.00645029685,0.0332763456,0.999925554,-0.0855207592,-0.010502086,-0.0300241821,0.999872327,0.0414196812,0.425901443,-0.0505361632,0.599111855,-0.0816323161,0.330772966,-0.0846967325,0.590163231,0.00717631634,0.779869437,-0.0111442814,0.684566617,-0.148613468,0.724377155,0.0166196581,0.636744797,-0.0165281035,0.817721605,-0.00363208563,0.372696757,-0.152914464,0.761413217,-0.0180038884,0.24026002,0.0252936371,0.826454878,-0.0750938356,0.741581142,-0.138637796,0.768361151,-0.103847146,0.654092908
2916.6666666666624,0.00276097213,-0.545887887,-0.12521486,0.999967635,0.0179314632,-0.569633484,-0.116587624,0.999944925,0.0203832891,-0.570803046,-0.106242344,0.999924242,0.0203737449,-0.571051717,-0.110267468,0.999959707,-0.00538008194,-0.580515325,-0.123800971,0.999949217,-0.00395048084,-0.578967929,-0.135708883,0.999946,-0.000131796507,-0.567433,-0.117251687,0.999959946,0.090088,-0.581896663,-0.0176846273,0.999941051,-0.0598230585,-0.539400756,0.000390164176,0.999732316,0.0437534302,-0.545440912,-0.079173319,0.999888897,0.00213603792,-0.509120703,-0.10019473,0.999791563,0.17414096,-0.424009979,0.106706165,0.999985516,-0.102076836,-0.502455533,0.126451954,0.999881864,0.226736426,-0.19786717,0.130926132,0.929454,-0.112317942,-0.272605032,-0.0242558829,0.938718081,0.210663885,0.0421204716,0.150652796,0.97454828,-0.0298200436,-0.374566257,-0.17689091,0.986146688,0.198198631,0.0870153382,0.156496421,0.956223607,0.0190907326,-0.41628474,-0.237537533,0.977820277,0.161386013,0.103493042,0.139628291,0.959037185,0.0374167636,-0.477231443,-0.229997322,0.976155937,0.198360816,0.0745525882,0.146006659,0.938192,-0.0181492846,-0.402263463,-0.183570862,0.957594395,0.0879278,0.00648412155,0.0333612897,0.999925613,-0.0855045095,-0.0105304895,-0.0300963614,0.999872327,0.0413670614,0.425894797,-0.0504691824,0.598447263,-0.0814643204,0.330751032,-0.0846883953,0.590779126,0.00694299629,0.779837251,-0.0104875593,0.683175564,-0.148629263,0.724343896,0.0168757662,0.635596693,-0.0167360324,0.81769681,-0.00285011833,0.372933596,-0.152919635,0.76138556,-0.0177064072,0.239557922,0.0252438989,0.826395631,-0.0746186152,0.740761936,-0.138340563,0.768256128,-0.10381487,0.652825236
2933.333333333329,0.00311315502,-0.544965744,-0.119365685,0.999968648,0.0181559846,-0.568762541,-0.110101081,0.999946475,0.0206044484,-0.569943905,-0.099861525,0.999926507,0.0206231084,-0.570186138,-0.103904732,0.99996084,-0.00509075634,-0.579637825,-0.117656894,0.999950707,-0.00367521984,-0.578094125,-0.129575089,0.999947727,0.00015504242,-0.566571176,-0.111212678,0.999961138,0.090141,-0.581257641,-0.00955499616,0.99994272,-0.0598042943,-0.538833,0.00666670036,0.999740243,0.0440357253,-0.544513,-0.0729702637,0.999891877,0.00234111701,-0.508226395,-0.0943697169,0.999797165,0.174114436,-0.423538059,0.115763299,0.999985814,-0.101961538,-0.502448499,0.130326062,0.999884963,0.226741657,-0.197444707,0.139844045,0.929664,-0.112342425,-0.272388458,-0.0206613839,0.939282238,0.210659578,0.0423716232,0.1582371,0.97503829,-0.0299297813,-0.373989046,-0.173943877,0.98641032,0.198182896,0.0872049332,0.163916245,0.957029641,0.0189845841,-0.415746,-0.234649763,0.978259146,0.161363229,0.103592657,0.147450149,0.959801376,0.037367411,-0.476734936,-0.22693871,0.976621926,0.198346585,0.0747218654,0.153714031,0.939228833,-0.0182483681,-0.401669234,-0.180358335,0.958320856,0.0878877491,0.00662585068,0.0337936804,0.999926,-0.0854702592,-0.010655921,-0.0305030923,0.999873042,0.0414185189,0.425938129,-0.0502245873,0.598957479,-0.0805729404,0.330678821,-0.0850058869,0.593678772,0.00677914033,0.779695094,-0.00961438473,0.682028592,-0.148642853,0.723902404,0.0172370579,0.635753155,-0.0169112198,0.817580044,-0.00190001889,0.374783337,-0.152930751,0.76096338,-0.0172418263,0.240633592,0.0252274591,0.82636416,-0.0735647,0.740561783,-0.137763411,0.76712954,-0.103664301,0.652978599
2949.9999999999955,0.00331224687,-0.544248521,-0.116143659,0.99997,0.0183020588,-0.568060219,-0.106698655,0.9999488,0.0207554158,-0.569238484,-0.0964934304,0.999929667,0.020788759,-0.569483817,-0.100606494,0.999962449,-0.00484771142,-0.579032242,-0.114559732,0.999952853,-0.00342528755,-0.577476799,-0.126491711,0.999950111,0.000408914872,-0.565985084,-0.108123526,0.999962866,0.0901249126,-0.580549181,-0.00609799614,0.999945104,-0.0597381145,-0.538478374,0.009088872,0.999751449,0.0440980457,-0.543800354,-0.0697547346,0.99989593,0.00243417965,-0.507578671,-0.091488488,0.999804854,0.173694864,-0.423176259,0.120433114,0.999986112,-0.101636752,-0.502451718,0.1307327,0.999889255,0.226451576,-0.197249308,0.144422174,0.928954065,-0.112357847,-0.272151589,-0.0206727237,0.940337658,0.2105674,0.0425261706,0.162648812,0.975184441,-0.0299678873,-0.373439193,-0.173937798,0.986729801,0.198067188,0.0874120593,0.168655083,0.957342803,0.0189312827,-0.415162235,-0.234637111,0.978785276,0.161342248,0.103785954,0.152093664,0.96009624,0.0373845585,-0.476100922,-0.226909965,0.977175772,0.198271468,0.0748385787,0.158086255,0.939594388,-0.0182761438,-0.401079744,-0.180335328,0.959192097,0.0876356363,0.00676547829,0.0344530456,0.999927,-0.0852249786,-0.0107899113,-0.0311437733,0.999875128,0.0414206944,0.425943792,-0.0498604849,0.597595394,-0.0800316483,0.330469489,-0.0863958895,0.597347915,0.00598241715,0.779275954,-0.0101731038,0.681077719,-0.148509294,0.723215401,0.0145780994,0.637357593,-0.0177186448,0.81719619,-0.00264510233,0.378064573,-0.152705297,0.760261238,-0.0201521274,0.243683442,0.025248779,0.825641572,-0.0738119,0.741173327,-0.135828689,0.765495479,-0.106486835,0.654977083
2966.666666666662,0.00321572158,-0.54392767,-0.112932682,0.999970615,0.0181732401,-0.567721367,-0.103555143,0.999949694,0.0206255615,-0.568906903,-0.0933746099,0.999931,0.0206734613,-0.569149673,-0.0974916,0.999963105,-0.0048900051,-0.578707218,-0.111051112,0.999953747,-0.00346822408,-0.577155411,-0.122983046,0.999951184,0.000372843351,-0.565668225,-0.104640372,0.999963641,0.0900407583,-0.580253661,-0.00376115227,0.999946117,-0.0597014874,-0.538292587,0.0126969544,0.999756336,0.0440348275,-0.543480396,-0.0668910444,0.999898076,0.00240463205,-0.507291675,-0.088237755,0.999808967,0.173658088,-0.422894508,0.122015484,0.99998641,-0.10154748,-0.502457619,0.132996947,0.999892473,0.226100028,-0.196836621,0.146065831,0.929250717,-0.112516627,-0.271743983,-0.018573042,0.941062391,0.210459054,0.042886205,0.164849341,0.975650787,-0.0302453544,-0.37268123,-0.172686443,0.987017214,0.198002696,0.0877477899,0.170920163,0.958110154,0.0186189506,-0.41440174,-0.233472332,0.979242265,0.161300719,0.104149029,0.154471382,0.960823715,0.0372842,-0.475353479,-0.225639328,0.977666438,0.198158935,0.0751686,0.160362646,0.940578818,-0.0184836667,-0.400285631,-0.178991422,0.959968567,0.0875810236,0.00685155718,0.0346507654,0.999927461,-0.0851768628,-0.0108707789,-0.0313236155,0.999876201,0.0414046682,0.425935388,-0.0497837029,0.594729483,-0.0799565166,0.33036837,-0.0865876526,0.598429203,0.00547887105,0.779174149,-0.00962828659,0.677595854,-0.148504406,0.722958148,0.0146651799,0.635602,-0.018216921,0.817117572,-0.0019927572,0.377472103,-0.15266259,0.760013103,-0.0200629029,0.243176535,0.0251309182,0.825437546,-0.0732109547,0.739074826,-0.13497524,0.765200615,-0.106418885,0.653522134
2983.3333333333285,0.00321862451,-0.543941438,-0.111469336,0.999971032,0.0181690603,-0.567725062,-0.101930112,0.99995023,0.0206178054,-0.568912506,-0.0917674825,0.999931812,0.0206673723,-0.569152772,-0.0958564505,0.999963403,-0.00487560825,-0.578708708,-0.109396502,0.999954283,-0.00345331384,-0.57716316,-0.121341452,0.999951959,0.000388746033,-0.565677643,-0.102991685,0.999964178,0.0899595916,-0.580230474,-0.00234863651,0.999946833,-0.0596455596,-0.538301289,0.0140809687,0.999760449,0.0440340526,-0.543475211,-0.0655218,0.999899924,0.0024168985,-0.507301509,-0.0868930072,0.999812663,0.173653334,-0.422796279,0.12309961,0.999986589,-0.101515159,-0.502598,0.133379862,0.999895394,0.225975886,-0.196584776,0.147399634,0.93005985,-0.112635449,-0.27172175,-0.0186205041,0.942257643,0.210447907,0.042893827,0.165742517,0.976233,-0.0303872544,-0.372131854,-0.173729703,0.987382174,0.197985768,0.0877582058,0.171700686,0.959089041,0.0183495432,-0.413502693,-0.234838635,0.979808688,0.161288515,0.104139619,0.155214816,0.961756229,0.0372752547,-0.474309653,-0.226850256,0.97827661,0.198141024,0.0751693174,0.1612124,0.941892564,-0.0185476393,-0.399548799,-0.179935157,0.960955083,0.0875640884,0.00694598816,0.0349606201,0.999928176,-0.0851605237,-0.0109551521,-0.0315877832,0.999877751,0.0414437875,0.425926149,-0.0497805439,0.597895801,-0.0797257,0.330334246,-0.0871772841,0.604158044,0.00524622621,0.779123545,-0.00809413195,0.678919315,-0.148604169,0.722738564,0.0148418602,0.638310909,-0.0184589606,0.817092478,-2.9999153e-006,0.380708128,-0.152754009,0.759799659,-0.0197405219,0.2453015,0.0251134764,0.825547099,-0.0713549852,0.740391791,-0.134934962,0.765194893,-0.106334016,0.655703425
2999.999999999995,0.00321128336,-0.544129,-0.111719504,0.9999699,0.0181914549,-0.567818105,-0.102132984,0.999948144,0.0206387267,-0.569019914,-0.0919775367,0.99992913,0.0206842721,-0.56925112,-0.0960571542,0.999962,-0.00483341562,-0.5788818,-0.109685443,0.999952257,-0.00341325719,-0.577347398,-0.121625006,0.999949932,0.000427639927,-0.565840065,-0.103270836,0.999962628,0.0901083499,-0.580247,-0.00276762247,0.999945,-0.0592114143,-0.538814187,0.0138643822,0.999751151,0.0440378599,-0.543624163,-0.0656702295,0.999896884,0.00242895447,-0.507622302,-0.087127313,0.999807,0.174152032,-0.422850817,0.120994687,0.999986529,-0.101567931,-0.502947807,0.133351132,0.999894321,0.226113334,-0.196516052,0.143576086,0.930465579,-0.112652011,-0.271780819,-0.0186351798,0.941880584,0.210460335,0.0428360142,0.161375493,0.97634542,-0.0300316419,-0.372241259,-0.172819301,0.987253368,0.198004872,0.0877127722,0.167140722,0.959300458,0.0190493632,-0.413531572,-0.233585894,0.979598463,0.161282673,0.104082093,0.150634483,0.961957097,0.0380944274,-0.474396855,-0.225575358,0.978056967,0.198138118,0.075106062,0.156785309,0.942149282,-0.018105749,-0.399679184,-0.17901884,0.960580528,0.0876462385,0.00694632111,0.0347945355,0.999928653,-0.0852429196,-0.0109458901,-0.0314237103,0.999878,0.0414244,0.425656736,-0.0506322496,0.598993897,-0.0799228176,0.330320507,-0.0864174366,0.601656,0.00502686715,0.778857887,-0.00826808158,0.679959178,-0.148688748,0.722726166,0.0194887388,0.636119664,-0.0187798236,0.816788852,-0.000142698453,0.380713,-0.152876228,0.759788096,-0.0145174051,0.243341088,0.0240497533,0.825565457,-0.0716142282,0.740485609,-0.136809826,0.765891552,-0.10032592,0.653224587
3016.6666666666615,0.00312739355,-0.54456234,-0.114215866,0.99996829,0.0181791149,-0.56814,-0.104971007,0.999945104,0.0206249151,-0.569353,-0.0947435945,0.999925137,0.0206627697,-0.569574714,-0.0987975523,0.999959826,-0.00484088762,-0.579244614,-0.111986168,0.999949515,-0.00341965328,-0.577729881,-0.12392997,0.99994719,0.000422925776,-0.566199362,-0.105550043,0.999960601,0.0902362242,-0.580371559,-0.00627037371,0.999942183,-0.0589865223,-0.539219618,0.0121829016,0.999739,0.0440304205,-0.54396081,-0.0684193373,0.999893069,0.00242938637,-0.508095503,-0.0893070698,0.999800265,0.174839407,-0.42287913,0.116375148,0.999986351,-0.101592675,-0.503282964,0.132723659,0.999893188,0.22636041,-0.196478367,0.138674453,0.931004584,-0.112951823,-0.272201777,-0.0190775841,0.941934,0.21050784,0.0426326357,0.156894058,0.97641319,-0.0299506988,-0.372466683,-0.173354432,0.987249434,0.198028579,0.0874703601,0.162576184,0.95940727,0.0193237457,-0.413608283,-0.234205127,0.979556441,0.161277279,0.103708878,0.14600046,0.962065935,0.0386853255,-0.474514753,-0.226207793,0.978020787,0.19815132,0.0748769417,0.152310476,0.942280948,-0.0178791359,-0.399881601,-0.179606169,0.960485399,0.0877282694,0.00695650326,0.0346939,0.999928236,-0.0853311867,-0.0109518114,-0.0313209407,0.999877274,0.0414207168,0.425526679,-0.0506609082,0.598107815,-0.0800218359,0.330294371,-0.0858676881,0.59926486,0.00500269,0.778838217,-0.00657085702,0.679114521,-0.148657799,0.722753823,0.0229674522,0.63289094,-0.0188122988,0.816770256,0.00189389533,0.378743768,-0.15283303,0.759821177,-0.0106173493,0.240161121,0.0238358043,0.825667322,-0.0700737089,0.738859296,-0.136940598,0.766510487,-0.0968065,0.6495049
3033.333333333328,0.00318973861,-0.544930398,-0.117758274,0.999967,0.0183050241,-0.568424225,-0.10886126,0.99994266,0.0207439773,-0.569631636,-0.0985947549,0.999921918,0.0207654182,-0.569854856,-0.102590822,0.999958038,-0.00470090797,-0.57951951,-0.115681559,0.999947429,-0.00326756435,-0.578021169,-0.127632514,0.999945223,0.000585806381,-0.566485941,-0.109194815,0.999959171,0.0904268399,-0.580476522,-0.0107997274,0.999939859,-0.0584024526,-0.539405644,0.0083248606,0.999731183,0.0441375673,-0.54425317,-0.0721108541,0.999890149,0.0026214791,-0.50844419,-0.0928280354,0.999795616,0.175469816,-0.422902644,0.112980932,0.999986112,-0.101361416,-0.503428042,0.129352272,0.99989295,0.226549864,-0.196363166,0.135633916,0.93111378,-0.112738185,-0.272194982,-0.0230711084,0.942445397,0.210603565,0.0425064191,0.15327239,0.976377845,-0.0297600329,-0.372457266,-0.178855285,0.987411439,0.198081896,0.0873029754,0.158993199,0.959405959,0.01942073,-0.413574696,-0.240303561,0.979792476,0.161342859,0.103342623,0.142095834,0.962077916,0.0389456898,-0.474503785,-0.232346877,0.978282213,0.198218495,0.0747101605,0.148580834,0.942278683,-0.0176217146,-0.399870723,-0.185200334,0.960882902,0.0877327323,0.00696990266,0.034724392,0.999928057,-0.0853389353,-0.0109635126,-0.0313488767,0.999877393,0.0415165685,0.425388068,-0.0502676852,0.598539,-0.0797967389,0.330263734,-0.0861153677,0.601113081,0.0053009023,0.77901721,-0.00377008971,0.6805529,-0.148607433,0.722821712,0.0231068954,0.633828342,-0.0185081158,0.81700629,0.00498580793,0.379041433,-0.152807698,0.759896219,-0.0104020601,0.239729494,0.0240157787,0.826204181,-0.0671372861,0.739580214,-0.136962682,0.767075777,-0.0966692269,0.650056243
3049.9999999999945,0.00324553694,-0.54495728,-0.118330568,0.999966681,0.0185066704,-0.568427205,-0.109384924,0.999941945,0.0209412221,-0.56963551,-0.0991027802,0.999920964,0.020949306,-0.569857359,-0.103097506,0.999957442,-0.00452071242,-0.579543889,-0.116134748,0.999946892,-0.00309075601,-0.578049064,-0.128087416,0.999944866,0.00076877675,-0.566516519,-0.109647729,0.999958873,0.0909099802,-0.580329299,-0.0110660894,0.999939084,-0.0580464117,-0.539480031,0.00814298075,0.999729693,0.0442249067,-0.544250965,-0.0726453438,0.999889433,0.00268427096,-0.508482456,-0.0932854712,0.999795139,0.175993502,-0.42269963,0.112654418,0.999986,-0.101361893,-0.503455341,0.129338041,0.999893486,0.226912796,-0.195923492,0.135423496,0.931710839,-0.112689123,-0.272161663,-0.023067968,0.942878723,0.210818112,0.0425144695,0.153134212,0.976558805,-0.0295735393,-0.372354418,-0.178866461,0.987587154,0.19825381,0.0873055458,0.158890426,0.959703863,0.0196460783,-0.413379282,-0.240315735,0.98004657,0.161487669,0.103318259,0.141944632,0.96236968,0.0393396504,-0.474357754,-0.232391477,0.978562772,0.198371515,0.0747094601,0.148437038,0.942688167,-0.0173420198,-0.399754345,-0.185217738,0.961334705,0.0878279582,0.00697835,0.0347020961,0.999928355,-0.0854445,-0.0109671475,-0.0313211903,0.999878049,0.0415570028,0.42531985,-0.0502676442,0.600515127,-0.0797409,0.330244839,-0.0861466303,0.602115452,0.00576526858,0.779001534,-0.00284416415,0.68168819,-0.148258403,0.722822428,0.0240120776,0.6337744,-0.0180247016,0.816991031,0.00600384269,0.379551172,-0.152475968,0.75989747,-0.00934614241,0.23915109,0.0243006684,0.826281965,-0.0664227605,0.739955127,-0.136985615,0.767201543,-0.095990628,0.649578
3066.666666666661,0.00327497022,-0.544900119,-0.117846802,0.9999668,0.0185635202,-0.568354249,-0.1089288,0.999942243,0.0210023858,-0.569565237,-0.0986320525,0.999921322,0.0210111625,-0.569788575,-0.102653466,0.999957621,-0.00444868859,-0.579480529,-0.115596935,0.99994725,-0.00301628117,-0.577979386,-0.127540886,0.999945223,0.000842202338,-0.566441238,-0.109117635,0.99995923,0.0911487266,-0.580179811,-0.010735143,0.999939322,-0.0577553585,-0.539373398,0.0088543985,0.999732196,0.0443040468,-0.544164181,-0.0722280666,0.999890149,0.00277282717,-0.508398294,-0.0927581564,0.999796689,0.176370084,-0.422169179,0.11284221,0.999986,-0.101104081,-0.503366053,0.129829407,0.999895096,0.226914421,-0.195281431,0.135462224,0.931337535,-0.112115443,-0.272034198,-0.0214502718,0.943422735,0.210808456,0.0426656455,0.153185382,0.976390719,-0.0290147457,-0.372309327,-0.175576493,0.987788498,0.198255971,0.0874075,0.158998042,0.95950371,0.0202648863,-0.413303,-0.23665148,0.980371237,0.161554426,0.103362508,0.142013595,0.96217829,0.0399862714,-0.474333256,-0.228993267,0.978911877,0.1983715,0.0747873783,0.148477659,0.942437112,-0.0167583916,-0.399734199,-0.182025969,0.961940646,0.0878500268,0.00702552032,0.0347009525,0.999928772,-0.0854668841,-0.0110188974,-0.031323418,0.999879301,0.0417641811,0.425192088,-0.0503431596,0.598304808,-0.0798009,0.330072254,-0.0862046108,0.602439165,0.00621880637,0.778904617,-0.00368123571,0.679775834,-0.147617355,0.722500741,0.0233129673,0.632417,-0.0175275058,0.816888213,0.00498492597,0.377822667,-0.151598677,0.759559512,-0.0102209421,0.238035768,0.0249347035,0.826276839,-0.0670636222,0.738500714,-0.135364324,0.767157435,-0.0966859609,0.648347616
3083.3333333333276,0.00340834772,-0.545274317,-0.116036341,0.999966204,0.0186872259,-0.568646133,-0.106974766,0.999941051,0.0211134106,-0.569866121,-0.0966977477,0.999919832,0.0211225115,-0.570083916,-0.100749969,0.999956727,-0.0042708586,-0.579762638,-0.11360278,0.999946296,-0.0028382896,-0.578265727,-0.125545278,0.999944448,0.00102719909,-0.56673038,-0.107150704,0.999958694,0.0912576318,-0.580235243,-0.0090438351,0.999938309,-0.0573389381,-0.539442122,0.0105463676,0.999729574,0.0444612727,-0.544430077,-0.0705641955,0.999889433,0.00297747389,-0.508666873,-0.0910983756,0.999795854,0.176685289,-0.422112316,0.114147097,0.999985933,-0.100877739,-0.503415108,0.130637094,0.999896049,0.227044612,-0.195051849,0.137230039,0.931782126,-0.112134524,-0.272036672,-0.0209182855,0.94423908,0.211094916,0.0426559411,0.155125812,0.976635,-0.0285346918,-0.372218311,-0.175392,0.988001704,0.198502749,0.0873762667,0.161010787,0.959955275,0.0209661666,-0.413076341,-0.236505195,0.980687201,0.161919191,0.103266306,0.144071236,0.962608933,0.0411071628,-0.474140823,-0.228788257,0.979248345,0.19865799,0.074745968,0.150447354,0.943068147,-0.0160899963,-0.399623811,-0.181782544,0.962509096,0.0878616571,0.00705026696,0.0347198322,0.999929368,-0.0854824856,-0.0110401157,-0.0313385837,0.999880552,0.0417813212,0.425107419,-0.0504323058,0.603496671,-0.0799383149,0.330111921,-0.0863265172,0.608329475,0.00626182323,0.778927,-0.00369604,0.684720039,-0.147781476,0.72249794,0.0233155061,0.636855245,-0.0174808372,0.816947401,0.0049649938,0.38210848,-0.151765719,0.75955677,-0.0102144163,0.240442395,0.0249706265,0.826379478,-0.0671504438,0.742025495,-0.135662824,0.767297,-0.0967413485,0.651932
3099.999999999994,0.00336145121,-0.545331776,-0.119743615,0.999965787,0.0186859854,-0.568671644,-0.111182578,0.999940336,0.0211137813,-0.569891751,-0.100857288,0.999918818,0.0211203,-0.570108652,-0.104836136,0.99995625,-0.00425786292,-0.579796135,-0.117547452,0.999945641,-0.00282362243,-0.578300893,-0.129462779,0.999943793,0.00104415033,-0.566761255,-0.111052029,0.999958336,0.0912959352,-0.580233693,-0.0137798209,0.999937594,-0.0571139641,-0.539484501,0.00679166615,0.99972707,0.0444569439,-0.544467926,-0.0743828341,0.999889374,0.00299394573,-0.508731306,-0.0946604386,0.999796033,0.17690286,-0.422085732,0.10955599,0.999986,-0.100866191,-0.503439665,0.12916252,0.999896944,0.227042213,-0.194851875,0.133819178,0.932553947,-0.112110369,-0.271965444,-0.021274345,0.944631517,0.210986435,0.0427016504,0.152289391,0.976930201,-0.0283778794,-0.372182488,-0.175987512,0.988160372,0.198377356,0.0874021202,0.158205494,0.960401893,0.0211831722,-0.413042486,-0.237192631,0.980929255,0.161792785,0.103262864,0.14105925,0.963039339,0.0413354263,-0.474135935,-0.229653195,0.979522824,0.198535085,0.074780032,0.147594064,0.943663955,-0.0158707332,-0.399608582,-0.182493672,0.96293503,0.0878986195,0.00706233457,0.0346700586,0.999929667,-0.0855211467,-0.0110509694,-0.0312929414,0.999881148,0.0417071208,0.425101936,-0.050393492,0.601651549,-0.0804349482,0.330105215,-0.0860964283,0.607027054,0.00672948966,0.779451,-0.00206823181,0.683051288,-0.148255453,0.722530782,0.0243508015,0.634804845,-0.0169127602,0.817488432,0.0068100947,0.379224688,-0.152263552,0.759576,-0.00903843623,0.237539575,0.0253027547,0.827186823,-0.0652331039,0.741012275,-0.136008024,0.76765883,-0.095693782,0.650499344
3116.6666666666606,0.00335627794,-0.54544,-0.120359607,0.99996537,0.0186892897,-0.568742096,-0.111756139,0.999939442,0.0211150404,-0.569963217,-0.101435281,0.999917686,0.0211214665,-0.570173502,-0.105392598,0.999955595,-0.00425024843,-0.57984966,-0.118110918,0.999945,-0.00281681935,-0.578359604,-0.130022302,0.999943256,0.00105561269,-0.566822171,-0.11161229,0.999958,0.091326192,-0.580244422,-0.0140573932,0.9999367,-0.0570870154,-0.539491236,0.00644801604,0.999724627,0.044468835,-0.544536054,-0.074936375,0.999888718,0.00300932187,-0.508803546,-0.0951950103,0.999795198,0.177113414,-0.422084212,0.109536752,0.999986,-0.100874409,-0.503449321,0.129032314,0.99989748,0.227030501,-0.194900841,0.134132341,0.932736099,-0.112064458,-0.271799773,-0.0213260092,0.944733441,0.210993439,0.0424211,0.152951181,0.977064669,-0.0279148836,-0.37215957,-0.176666215,0.988233566,0.198378,0.087064229,0.158838391,0.960612357,0.021721594,-0.413034141,-0.238086522,0.981037796,0.161804184,0.102927223,0.141658917,0.963254392,0.041943606,-0.474152714,-0.230513364,0.9796471,0.198537886,0.074519746,0.148251116,0.943939567,-0.0153165367,-0.399596065,-0.18314074,0.963083208,0.087981984,0.00707395282,0.0346777514,0.999929965,-0.0856158435,-0.0110610956,-0.0312971063,0.999881744,0.0417075343,0.42507422,-0.0503480546,0.602682054,-0.0804126635,0.330219477,-0.0860422328,0.607760191,0.00698383152,0.77944535,-0.000356709439,0.683262229,-0.14853932,0.722518086,0.0261924472,0.634249747,-0.0166064445,0.817490578,0.00872572232,0.379121959,-0.152632922,0.759555757,-0.00692489697,0.236348987,0.0255913157,0.827209294,-0.0638997182,0.741133,-0.136703238,0.76763624,-0.0942450315,0.64997673
3133.333333333327,0.00320225256,-0.545554221,-0.122018188,0.999965608,0.018620031,-0.568812907,-0.113312021,0.999939799,0.0210453719,-0.57003516,-0.102987982,0.999918163,0.0210466068,-0.570239127,-0.10692817,0.999955833,-0.00432898058,-0.579951465,-0.119756885,0.999945402,-0.00289996807,-0.578463674,-0.131666362,0.999943733,0.000980690354,-0.566931725,-0.113248482,0.999958336,0.0913149118,-0.580235481,-0.0148826046,0.999937057,-0.0571553707,-0.539597213,0.00520303706,0.999727249,0.044346083,-0.54458642,-0.0763604566,0.999889851,0.00285978522,-0.508920729,-0.0967408121,0.999797642,0.177074879,-0.422077328,0.109288767,0.999986053,-0.101300649,-0.503461123,0.12820898,0.999898374,0.226916581,-0.19494921,0.134145364,0.933487773,-0.112235263,-0.271564245,-0.0219220482,0.945546925,0.210868403,0.0419476964,0.152713239,0.977460146,-0.0279140081,-0.372139454,-0.177556619,0.988473475,0.198242068,0.0865542144,0.158512801,0.961250961,0.0217283312,-0.41302675,-0.239032,0.981396496,0.161633894,0.102350548,0.14129667,0.963864267,0.0419525057,-0.474176675,-0.231475532,0.98003912,0.198373735,0.074034147,0.147978976,0.944816113,-0.0153114228,-0.399588525,-0.184007496,0.96372,0.0880293399,0.00708375918,0.0347279422,0.999930084,-0.0856681764,-0.0110681783,-0.0313406661,0.999882102,0.0415583551,0.424891,-0.0502692275,0.604440868,-0.0804256573,0.330251783,-0.0860411599,0.610001743,0.00682783639,0.779345274,0.000853916572,0.684461415,-0.149404109,0.722438514,0.0267946608,0.635515332,-0.0167712756,0.817415,0.0100696934,0.380192399,-0.153699264,0.759443,-0.0062128366,0.236368701,0.0253850687,0.827210248,-0.0626894683,0.742363572,-0.137570232,0.767603934,-0.0937354043,0.651167214
3149.9999999999936,0.00284177437,-0.545601606,-0.126413852,0.99996537,0.0183879137,-0.56884706,-0.117794946,0.999939144,0.0208195783,-0.570068181,-0.107469656,0.999917388,0.0208133459,-0.570267081,-0.111306116,0.999955356,-0.00461371848,-0.579997361,-0.124114707,0.999944925,-0.00319621037,-0.578513741,-0.135993496,0.999943376,0.000705842685,-0.566983,-0.117558934,0.999958098,0.0913222879,-0.580260634,-0.0183141194,0.999936283,-0.0573047437,-0.539798498,0.00211702846,0.999725,0.0441686139,-0.544619441,-0.0803624615,0.999889135,0.002607645,-0.509001493,-0.100590713,0.999796867,0.177123591,-0.422190607,0.107309073,0.999986,-0.101731874,-0.503819585,0.127348915,0.999898732,0.226918101,-0.195160896,0.133827358,0.933997452,-0.112717971,-0.271551698,-0.0219528209,0.945662856,0.210636184,0.0415294506,0.152726531,0.977650523,-0.0284103341,-0.372100145,-0.17806825,0.988572419,0.197853208,0.0860578343,0.158529043,0.961485863,0.0212282836,-0.413020313,-0.239705235,0.981543899,0.16113615,0.101734228,0.141333371,0.964101851,0.041421,-0.474209547,-0.232253551,0.980214417,0.198063269,0.073602207,0.148005873,0.945111394,-0.015740376,-0.399568,-0.184583917,0.963945806,0.0881213099,0.00710883,0.0347379521,0.999929309,-0.0857701823,-0.0110876635,-0.0313481428,0.99988097,0.0414471067,0.424872935,-0.0500196218,0.601494133,-0.0804912299,0.33025232,-0.0856125057,0.607493699,0.0068043815,0.779337823,0.00242197444,0.681064904,-0.149964631,0.722391665,0.0284446105,0.631724119,-0.0167824719,0.81741,0.0117247934,0.377444357,-0.154298216,0.759379089,-0.0044288761,0.233357653,0.0253672674,0.827180862,-0.0615431592,0.739945412,-0.137828454,0.767407298,-0.09254767,0.647756398
3166.66666666666,0.00264282431,-0.545442164,-0.126271218,0.999966323,0.0182220191,-0.568709254,-0.11764428,0.999940872,0.0206829086,-0.569925368,-0.107328437,0.999919713,0.0206830576,-0.57012552,-0.111173034,0.999956608,-0.00476807868,-0.579875708,-0.123994887,0.999946415,-0.00334721245,-0.578379095,-0.135864049,0.999944925,0.000546535477,-0.566863298,-0.117434837,0.99995923,0.0913197547,-0.580175042,-0.0179149285,0.999937892,-0.0574312247,-0.53977412,0.00252383691,0.999731421,0.0440313183,-0.544488132,-0.080130212,0.999891639,0.00242956798,-0.508865714,-0.100375094,0.999801338,0.176931366,-0.422173798,0.108198889,0.999986172,-0.101720378,-0.503841519,0.128199548,0.999900162,0.226793632,-0.195198953,0.13463828,0.934447885,-0.112974912,-0.271462,-0.0196215846,0.945685565,0.21056889,0.0415060595,0.153386638,0.977999449,-0.0292575955,-0.371937543,-0.174734145,0.988626182,0.197819546,0.0859824494,0.159104496,0.962018728,0.020441521,-0.41295889,-0.235889524,0.981650531,0.161128253,0.101662688,0.141961798,0.964607477,0.0402824581,-0.474182039,-0.228770554,0.980333269,0.198017061,0.0735651851,0.148659542,0.945825696,-0.016671516,-0.399465919,-0.181368575,0.964129806,0.0880987197,0.00716633489,0.0347604416,0.99992913,-0.0857444257,-0.0111443866,-0.0313758068,0.999880731,0.0411907919,0.424886346,-0.0499821901,0.600129604,-0.0805947632,0.329982877,-0.085792169,0.608743,0.00677505508,0.779249251,0.000781421957,0.678912222,-0.150244817,0.722249925,0.0249848738,0.631483495,-0.0167909414,0.817304194,0.00962996297,0.376761407,-0.154517353,0.759240866,-0.0085115023,0.233242586,0.0254192259,0.826894283,-0.0630347,0.739151,-0.137814209,0.766875923,-0.0967917368,0.647904396
3183.3333333333267,0.00178219075,-0.545274436,-0.127103463,0.999967277,0.0174878165,-0.568569303,-0.118414618,0.999942482,0.0199863054,-0.569781065,-0.108116701,0.999921858,0.0199845508,-0.569982648,-0.11197295,0.99995774,-0.00558595359,-0.579765439,-0.124836899,0.999947906,-0.00415132614,-0.578261256,-0.136700332,0.999946475,-0.00027000712,-0.566763103,-0.118266903,0.999960363,0.0911330059,-0.580081582,-0.0181680266,0.999939322,-0.058125712,-0.539767563,0.0022137491,0.999738395,0.0434177294,-0.544332623,-0.080745846,0.999893904,0.00165795733,-0.508740187,-0.101013727,0.999805689,0.176564455,-0.422151625,0.108383745,0.999986231,-0.101843931,-0.503956556,0.128009573,0.999901652,0.226122245,-0.195202962,0.135227427,0.934507906,-0.114111692,-0.271364391,-0.0196889229,0.946060359,0.210302114,0.0414292403,0.153869703,0.978226185,-0.030806696,-0.371578574,-0.175022885,0.988727212,0.19762361,0.085810855,0.159570202,0.962376058,0.0188132152,-0.412667811,-0.23617892,0.98180145,0.161047876,0.101444639,0.142416909,0.964963615,0.0386581942,-0.473960459,-0.229075819,0.980499,0.19781284,0.0734605119,0.149136826,0.94632858,-0.0181706939,-0.399132311,-0.181649387,0.964373887,0.0880899951,0.00726095494,0.034965843,0.999928236,-0.0857372507,-0.0112328827,-0.0315777436,0.999879777,0.0410199426,0.424873471,-0.049413152,0.596054554,-0.0805997699,0.329460502,-0.0866587,0.609721363,0.00677240035,0.779144347,0.000752871158,0.675274611,-0.150388673,0.721977055,0.0232015457,0.630166173,-0.0167824067,0.817208171,0.00958459638,0.374946266,-0.154628,0.758978903,-0.0103668701,0.232500285,0.0254327171,0.826705039,-0.0630724,0.737091243,-0.137503982,0.766428411,-0.0987311676,0.646900237
3199.999999999993,0.00144671614,-0.545383751,-0.133018941,0.999965608,0.0172855277,-0.568692386,-0.124990866,0.999939442,0.0197845269,-0.569893658,-0.114611678,0.999917865,0.019756753,-0.570104718,-0.118423872,0.999955535,-0.00580715714,-0.579883695,-0.13089928,0.999944925,-0.00435349857,-0.578384459,-0.142813072,0.999943495,-0.000476433837,-0.566877544,-0.124281988,0.999958158,0.091187261,-0.580299139,-0.0261028521,0.999936461,-0.0580080263,-0.540051,-0.00342813367,0.999725103,0.0433189,-0.544462383,-0.0869594,0.999889791,0.00159384916,-0.508922935,-0.10662511,0.999798238,0.176995933,-0.422339976,0.100740269,0.999986,-0.101810478,-0.504575133,0.124676645,0.999899745,0.226074859,-0.195262507,0.127311021,0.935551822,-0.115170524,-0.271968603,-0.0229870472,0.946058512,0.210327625,0.0410098881,0.146711841,0.97848022,-0.0308550466,-0.3715536,-0.180218533,0.988623917,0.1976915,0.0852025598,0.152320564,0.962750435,0.018822277,-0.412444979,-0.241902009,0.981598675,0.161163539,0.100652516,0.135100067,0.965332925,0.0387969464,-0.473780572,-0.234636456,0.980299175,0.197861984,0.0730471835,0.142009214,0.946861327,-0.018160535,-0.399082839,-0.187011108,0.964018226,0.0881157443,0.00727394782,0.0349002294,0.999926507,-0.0857683346,-0.011243891,-0.0315092728,0.999877155,0.0411555432,0.424862951,-0.0492510237,0.593148649,-0.0806371197,0.329143047,-0.0862766057,0.607753694,0.00788842235,0.77934128,0.00410026,0.671655297,-0.150149792,0.722272813,0.0245855711,0.62688154,-0.0155503415,0.817369819,0.0134938257,0.370130807,-0.154328778,0.759322464,-0.00875187293,0.229259178,0.0257412288,0.827217,-0.0587718375,0.733331382,-0.13736932,0.767583549,-0.0964627638,0.643159449
3216.6666666666597,-7.28747909e-005,-0.545603633,-0.132699862,0.999964714,0.0160429534,-0.568878,-0.124554865,0.999937713,0.0185460132,-0.570081174,-0.114181556,0.9999156,0.018486049,-0.570304453,-0.118009783,0.999954343,-0.00679406896,-0.580101848,-0.130586654,0.999943376,-0.00531653222,-0.578609,-0.142503664,0.999941945,-0.00144302135,-0.567083061,-0.123975672,0.999957144,0.0909296572,-0.580352426,-0.0263748933,0.999935091,-0.0578611754,-0.540182889,-0.00318621472,0.999719381,0.0423248783,-0.544606388,-0.0866146684,0.999889314,0.000940230384,-0.509130359,-0.106350429,0.999797761,0.177101836,-0.422297031,0.0994339362,0.999986053,-0.101847723,-0.504891336,0.124807119,0.999900937,0.226080105,-0.195201725,0.12506102,0.936757684,-0.118611865,-0.272839,-0.022707941,0.946619451,0.210185319,0.0409494154,0.144083932,0.97882086,-0.0313479938,-0.371343911,-0.180366606,0.988715589,0.197463185,0.0850896239,0.149417266,0.963284,0.0187668297,-0.411636919,-0.242188677,0.981705666,0.160841927,0.100376666,0.132461369,0.965826213,0.0389624648,-0.472935855,-0.234912694,0.980421841,0.197685033,0.0729425848,0.139532059,0.947537243,-0.0182742737,-0.3987602,-0.187181547,0.964222252,0.0881267935,0.00728656305,0.034749493,0.999926329,-0.0857841522,-0.0112551069,-0.0313479528,0.999877512,0.0412157737,0.424856186,-0.0490954183,0.590109,-0.0809548497,0.32896173,-0.08588,0.606800914,0.00799820293,0.779325,0.00885033421,0.667534888,-0.150207594,0.722288251,0.0258006789,0.624625683,-0.0154519062,0.817318,0.0189200137,0.364983916,-0.154359147,0.759333789,-0.00735508278,0.226543456,0.0254358016,0.827237666,-0.0528484136,0.729741693,-0.137377277,0.767760098,-0.0951455683,0.641026914
3233.333333333326,-0.000285451271,-0.545586944,-0.132512093,0.999963462,0.015808031,-0.568853,-0.124553367,0.999935448,0.0183307249,-0.570050895,-0.11418581,0.999912739,0.018270161,-0.570278287,-0.118017226,0.999952912,-0.0069474061,-0.580075324,-0.130485475,0.999941,-0.00546830799,-0.578574955,-0.142380267,0.999939501,-0.00159561413,-0.567040622,-0.123880103,0.999955475,0.0908998773,-0.580357969,-0.0269111581,0.999933124,-0.0577545352,-0.540173113,-0.00328367716,0.999707639,0.0422206372,-0.544607103,-0.0866008848,0.999886811,0.000898374536,-0.509125531,-0.106231198,0.999792635,0.17725274,-0.422368675,0.0989665464,0.999986112,-0.101742178,-0.505022,0.124869995,0.99990046,0.226318583,-0.19547905,0.124877758,0.937180817,-0.118902959,-0.272769272,-0.0209510867,0.944993079,0.210137725,0.0408561043,0.144251,0.97889924,-0.0318073928,-0.370482862,-0.178052559,0.988286,0.197321102,0.0849002,0.149615049,0.963358462,0.0185639132,-0.410798162,-0.239548668,0.981124103,0.160687119,0.100079492,0.132679179,0.965894818,0.0385893695,-0.472308874,-0.232564703,0.979808629,0.197629839,0.0728156269,0.139714926,0.947604299,-0.0187036097,-0.398056328,-0.185035318,0.963197947,0.0881100073,0.00731776329,0.0347038694,0.99992609,-0.0857662931,-0.0112850843,-0.0313086808,0.999877036,0.0412158892,0.425040126,-0.0486916527,0.585389197,-0.0810428709,0.32882008,-0.0855133086,0.603237271,0.00808539521,0.77933073,0.00971163809,0.661396623,-0.150211811,0.722323358,0.0258244537,0.621260583,-0.0153360274,0.817306221,0.0196459461,0.359149873,-0.154344603,0.759370327,-0.00734739378,0.223814353,0.0252371654,0.827537954,-0.0512744747,0.725171,-0.137256175,0.76773715,-0.0951241329,0.638148189
3249.9999999999927,-0.000348401,-0.545536637,-0.132810637,0.999962926,0.0157857388,-0.568771243,-0.125274792,0.999934435,0.0183127262,-0.569961786,-0.114927828,0.999911368,0.0182491634,-0.570197821,-0.118741266,0.999952137,-0.00694616325,-0.580028951,-0.130975917,0.999940038,-0.00546569424,-0.578526437,-0.142844602,0.999938607,-0.00159224088,-0.566983044,-0.124369,0.999954939,0.0909649059,-0.580325,-0.028744759,0.99993223,-0.0569394417,-0.54019767,-0.00420928327,0.999705315,0.0421948954,-0.544570684,-0.0872268081,0.99988687,0.000914081815,-0.509120941,-0.106627651,0.99979347,0.177675843,-0.422412694,0.0975614265,0.999986291,-0.101722747,-0.505267382,0.12460871,0.999902427,0.226384401,-0.195696011,0.12339884,0.938245773,-0.119939759,-0.27257067,-0.020999087,0.945697665,0.209930763,0.040528208,0.141413018,0.979319274,-0.0318333,-0.369266361,-0.178923324,0.988524854,0.196935326,0.0845156088,0.146533936,0.964035273,0.0186668132,-0.409275085,-0.240650758,0.981493652,0.160257772,0.0995173603,0.129574105,0.96652782,0.0389647447,-0.471112937,-0.233702302,0.980211437,0.197382629,0.0724434853,0.136923596,0.948493,-0.0186768323,-0.396909595,-0.18593207,0.963846862,0.0881402716,0.0073333527,0.0346738361,0.999925852,-0.085802123,-0.0113000432,-0.0312784091,0.999877214,0.0416765772,0.424959302,-0.0485099368,0.582727253,-0.0811510086,0.32856068,-0.0852005556,0.60249716,0.0107511468,0.77919209,0.0122283502,0.657153785,-0.150183618,0.72230196,0.0267558414,0.61943686,-0.012462684,0.81706816,0.02237745,0.35403192,-0.154277816,0.759341955,-0.00630609179,0.221235231,0.0259811357,0.827523232,-0.0478530489,0.722362518,-0.136983156,0.767692864,-0.0939333215,0.636939526
3266.6666666666592,-0.000246570737,-0.544017136,-0.132619426,0.999962866,0.0158904865,-0.567278862,-0.125192508,0.999934316,0.0184324794,-0.568454504,-0.11484167,0.999911129,0.0183687918,-0.568699956,-0.118656069,0.999951899,-0.00680297846,-0.578666389,-0.130886093,0.99994,-0.00532722,-0.577118158,-0.142760307,0.999938667,-0.00145825685,-0.565573394,-0.124277703,0.999955058,0.0910938,-0.579512477,-0.0284461398,0.999932,-0.0567912422,-0.539601266,-0.00414159382,0.999707401,0.0422677435,-0.543322921,-0.0869464353,0.99988693,0.00100141112,-0.507935882,-0.106404737,0.999794722,0.177705541,-0.422299057,0.099491924,0.999986351,-0.101620056,-0.505281031,0.124846064,0.999904692,0.226347581,-0.195840031,0.126414865,0.937994182,-0.120510474,-0.272001415,-0.0200639553,0.946602166,0.209744185,0.0402512327,0.144196659,0.97945857,-0.0317730121,-0.365861773,-0.178187087,0.98884964,0.196583644,0.0841022,0.149505436,0.964293599,0.0191456582,-0.40517506,-0.240051299,0.982008219,0.160142273,0.0988707468,0.132518664,0.96677649,0.0400563665,-0.467231452,-0.233048066,0.980760574,0.197255775,0.0720668808,0.139744818,0.948866963,-0.018434152,-0.393512309,-0.185126707,0.964761376,0.0881366953,0.00740674371,0.0347077809,0.999924898,-0.0858018324,-0.0113696139,-0.0313149132,0.999876678,0.042024076,0.425012857,-0.0475826301,0.580023706,-0.0811653659,0.328311086,-0.0848311335,0.602691,0.0128422724,0.778830409,0.012819455,0.653408527,-0.149609476,0.722068,0.0272549409,0.618656039,-0.0102576287,0.816569626,0.0227759667,0.350344509,-0.153490096,0.75911659,-0.00582787162,0.220194504,0.0268840361,0.827475369,-0.0469404496,0.719866395,-0.135737628,0.767240763,-0.0932596251,0.63631922
3283.3333333333258,-0.00120700896,-0.544355273,-0.138602406,0.999960124,0.0153148575,-0.567508876,-0.132291257,0.99992913,0.0178743787,-0.568666816,-0.121899061,0.999904394,0.0177541,-0.568916738,-0.125658378,0.999948,-0.00726090651,-0.578949273,-0.137066618,0.999935389,-0.0057634674,-0.577407897,-0.148888275,0.999934435,-0.00187553302,-0.565859079,-0.130370408,0.999952137,0.0911193937,-0.579591513,-0.0378244258,0.999927163,-0.0561056733,-0.53996259,-0.0100724222,0.999691844,0.0417973585,-0.543591559,-0.0937225595,0.999882281,0.000764706114,-0.50834775,-0.112146176,0.999788284,0.178677186,-0.422529876,0.0921525657,0.999986172,-0.101438597,-0.505950391,0.121522583,0.999905646,0.226530969,-0.196284816,0.121402621,0.93840903,-0.121401578,-0.271989346,-0.0213566963,0.946933866,0.209709197,0.03788203,0.139936239,0.979501307,-0.0312446356,-0.361999571,-0.182974443,0.988951385,0.19633393,0.0811085403,0.145070121,0.964407623,0.0206484478,-0.399402738,-0.246085852,0.982161701,0.160073906,0.0947328433,0.128081039,0.966896415,0.0433492512,-0.461771458,-0.23918657,0.980939269,0.197238699,0.0693495572,0.135534897,0.949010789,-0.017045429,-0.389341831,-0.190115094,0.964992046,0.0881917104,0.00742513686,0.0345681645,0.999924362,-0.0858752728,-0.0113829672,-0.0311634392,0.999876857,0.0420733877,0.42503643,-0.0472368822,0.579098642,-0.0817275494,0.328305751,-0.0837582722,0.603132486,0.0146994283,0.778823674,0.0192888789,0.651535213,-0.149456412,0.72232914,0.0311729778,0.618555784,-0.0082633514,0.816541195,0.0300250407,0.346076041,-0.153269351,0.759352386,-0.00138185057,0.218204886,0.0272009261,0.827687502,-0.0398451425,0.717906892,-0.13587001,0.767696261,-0.0887128,0.635923386
3299.9999999999923,-0.00122802216,-0.544276416,-0.150961593,0.999959171,0.0153619582,-0.567363858,-0.145076305,0.999926805,0.017941,-0.568496227,-0.13462539,0.999901354,0.0177979227,-0.568732917,-0.138336822,0.999946,-0.00722541055,-0.578896403,-0.149964124,0.99993366,-0.00572047,-0.577347398,-0.161698312,0.999933124,-0.0018258096,-0.565804303,-0.143141404,0.999951243,0.0916528553,-0.579401135,-0.0483447835,0.999924302,-0.0555173829,-0.540058374,-0.0217293091,0.999688089,0.0417969786,-0.543528497,-0.105119914,0.999880314,0.000781214738,-0.508347631,-0.123756371,0.999787748,0.179438189,-0.422718138,0.0876722783,0.999986112,-0.101132646,-0.506284177,0.11410097,0.999908388,0.226894751,-0.196844414,0.120583326,0.937963307,-0.122521877,-0.269098431,-0.0237642899,0.947468877,0.209607899,0.0358094834,0.139220282,0.979565084,-0.0317485519,-0.34567979,-0.187319309,0.989230275,0.19575806,0.0786931068,0.144398898,0.964636326,0.0204033963,-0.379609436,-0.2512649,0.982656479,0.159882948,0.0909677893,0.127266079,0.967154324,0.043531321,-0.441843688,-0.244909197,0.981490314,0.197178915,0.0668648481,0.134814158,0.949414,-0.0170957241,-0.372251481,-0.194799125,0.965874434,0.0881949887,0.00754799414,0.0346873105,0.999923527,-0.0858802423,-0.0114932191,-0.0312824808,0.999876857,0.0420658365,0.425119072,-0.0463512875,0.573243856,-0.0823267251,0.328244865,-0.0832732841,0.602433145,0.0162061024,0.779114187,0.0239762552,0.647216856,-0.149487793,0.722390532,0.0314212404,0.6203354,-0.006568057,0.8167243,0.0348835811,0.340476543,-0.153273046,0.759394646,-0.00114373048,0.21684818,0.0276913457,0.828799903,-0.0339899585,0.715644836,-0.135810867,0.767705381,-0.0885504484,0.637970686
3316.666666666659,-0.00151660992,-0.544301212,-0.159894243,0.999958396,0.0153214494,-0.567369759,-0.154488415,0.999925256,0.0179258343,-0.568499565,-0.143948644,0.999899268,0.0177623201,-0.568734288,-0.14773035,0.999944806,-0.00724346749,-0.578966737,-0.159482375,0.999932408,-0.00572792441,-0.577400148,-0.171124309,0.999932,-0.0018335639,-0.565861285,-0.152547106,0.999950528,0.0917795673,-0.579313397,-0.0578505,0.999922276,-0.0549346283,-0.540443242,-0.0313022546,0.999684334,0.0415609069,-0.543544888,-0.113866314,0.999879241,0.000703301455,-0.508452773,-0.132620901,0.999788046,0.179713383,-0.422800332,0.0802784115,0.999986112,-0.101027831,-0.506548107,0.108003683,0.999910951,0.226873279,-0.197217643,0.115707636,0.93815881,-0.124474339,-0.265155673,-0.0245125443,0.947816,0.209050357,0.033286687,0.134363487,0.97967422,-0.0328408852,-0.331844032,-0.187443972,0.989261687,0.194871023,0.0757660791,0.139544144,0.964840531,0.0199902616,-0.362909704,-0.251216978,0.98279047,0.159773499,0.0868908539,0.121840172,0.967381895,0.0435828343,-0.425944895,-0.245192721,0.981669,0.196932718,0.0638597459,0.129719451,0.949830592,-0.0174038857,-0.358501166,-0.195111483,0.966114879,0.0881523415,0.00768618751,0.0346982554,0.999923825,-0.0858347863,-0.0116132321,-0.03130164,0.999878168,0.0420692787,0.425300032,-0.0462919362,0.566311,-0.0829738453,0.327956,-0.0830787197,0.60148406,0.01692136,0.780422211,0.0242291261,0.641247153,-0.149637863,0.722408,0.0305610877,0.622052252,-0.00574123953,0.817821264,0.0350622609,0.333482236,-0.15335688,0.759399474,-0.00215160963,0.215008736,0.0283239149,0.831900358,-0.0321355835,0.712174475,-0.13572605,0.767911315,-0.0889530703,0.640060723
3333.3333333333253,-0.00152265339,-0.544350445,-0.164002478,0.999956489,0.0153686879,-0.567375839,-0.158479646,0.999921203,0.0179883093,-0.568501115,-0.147936463,0.99989444,0.0178004578,-0.56873107,-0.151766628,0.999941885,-0.0071114786,-0.579011142,-0.163642019,0.999928892,-0.00556991901,-0.577438891,-0.175294459,0.999929,-0.00166969688,-0.565917373,-0.156663284,0.999948204,0.0918815285,-0.579118609,-0.061996717,0.999918818,-0.053853929,-0.540554,-0.0363169909,0.999672651,0.041535046,-0.543573678,-0.118069649,0.999876559,0.000739879091,-0.508557737,-0.137111872,0.999785483,0.180041552,-0.423113942,0.0765490085,0.999986231,-0.101021692,-0.506528616,0.103722893,0.99991256,0.22701,-0.199170411,0.115210995,0.93924129,-0.12705,-0.256546676,-0.0262297541,0.947742,0.209341064,0.0296006072,0.134643331,0.98008132,-0.0334534906,-0.313769221,-0.189880013,0.989011705,0.195099697,0.0719751194,0.139835715,0.965459585,0.0199223682,-0.342891246,-0.253714859,0.982482,0.16072455,0.0828843,0.122127824,0.96798414,0.04402804,-0.406137586,-0.248262152,0.981378794,0.197519675,0.0602344498,0.129962191,0.950767,-0.0174542014,-0.339987069,-0.197829291,0.965501964,0.088161692,0.00773476623,0.0347872041,0.999924958,-0.0858433247,-0.0116413562,-0.0313866287,0.999879897,0.0421893112,0.425897241,-0.0459387861,0.570221424,-0.0832649693,0.32864964,-0.0827465281,0.608488679,0.0180358887,0.78247565,0.0270842519,0.645115435,-0.14990595,0.723570645,0.030527547,0.630666256,-0.0044122492,0.819936454,0.0381658524,0.333939314,-0.153562218,0.760534108,-0.00219952967,0.217805386,0.030207241,0.835667074,-0.0291824434,0.715369523,-0.136040986,0.769924104,-0.0890018344,0.647446811
3349.999999999992,-0.00111601385,-0.547926486,-0.164446086,0.999957144,0.0161136258,-0.570508838,-0.158468604,0.999922037,0.0187510774,-0.571530402,-0.14794755,0.999895573,0.0184589475,-0.571667254,-0.151820987,0.999942243,-0.00623269612,-0.582534194,-0.16389522,0.99993,-0.00466077775,-0.580954731,-0.175528944,0.999930501,-0.000722687633,-0.569421649,-0.156914368,0.999949217,0.0922996178,-0.5801844,-0.0620724224,0.999919534,-0.052206628,-0.542931437,-0.0376917422,0.999681056,0.0417728648,-0.546433747,-0.118585937,0.999879777,0.00126383617,-0.511770606,-0.138014078,0.999793053,0.180926323,-0.424776554,0.076266773,0.99998641,-0.100755431,-0.506734669,0.0995298848,0.999916613,0.229556128,-0.204639912,0.114975668,0.940445721,-0.127986133,-0.251064509,-0.0309016649,0.949370801,0.210688367,0.0186266359,0.132949099,0.980535805,-0.0341153368,-0.298500925,-0.19787395,0.989374101,0.195869759,0.0612339899,0.137825012,0.966261566,0.0194957219,-0.323937029,-0.262313515,0.983089805,0.162020922,0.0707253516,0.119800873,0.968747437,0.0444902629,-0.386440217,-0.257493824,0.982048213,0.199039668,0.0486183837,0.128069416,0.951978505,-0.0175089054,-0.323664308,-0.206100181,0.966633737,0.0881528407,0.00780197233,0.0351728722,0.999926627,-0.0858359709,-0.011687899,-0.0317529701,0.999883175,0.042542845,0.426345736,-0.0448415726,0.576760232,-0.0832684338,0.32904914,-0.0811002925,0.617095947,0.018648481,0.782711,0.032092426,0.650881231,-0.149959132,0.724235475,0.0326867327,0.641608357,-0.00374245155,0.820133448,0.0437025875,0.337341428,-0.15358986,0.761213481,0.000145253362,0.223467767,0.0310971756,0.837222934,-0.0213989839,0.720971525,-0.136015058,0.772162676,-0.0859818533,0.657388747
3366.6666666666583,-0.000663949,-0.550788283,-0.166232705,0.999957204,0.0169051643,-0.572717786,-0.160230026,0.999921262,0.0195659325,-0.573639691,-0.149739787,0.999895096,0.0191849675,-0.573724568,-0.153646886,0.999941409,-0.00515542831,-0.58504653,-0.165641665,0.999929905,-0.00352934888,-0.583429277,-0.177276045,0.999931037,0.00044370626,-0.572022676,-0.158637688,0.999949455,0.0929616764,-0.580617607,-0.0646673441,0.999919295,-0.0492503792,-0.544646084,-0.0401998796,0.999686301,0.0420569256,-0.548711121,-0.120609611,0.999882817,0.00196332578,-0.514498174,-0.140160426,0.999800503,0.182295442,-0.426142544,0.0742181912,0.999986708,-0.100612387,-0.507495582,0.0973897353,0.999920845,0.232108146,-0.211419791,0.114258513,0.942758441,-0.132513255,-0.248026088,-0.0309663061,0.950950623,0.211813524,0.00715540536,0.129718289,0.981295824,-0.0344051868,-0.277017236,-0.200157329,0.98962754,0.19624725,0.0497309081,0.132890731,0.967552125,0.0196006466,-0.296499223,-0.265493721,0.983534873,0.162549108,0.0583858415,0.114918277,0.969960392,0.0476954803,-0.358043939,-0.261533499,0.982555687,0.20014137,0.0368494019,0.124678738,0.95380044,-0.0172075164,-0.300509363,-0.2086602,0.967457533,0.0881893188,0.00786527619,0.0353633314,0.999928534,-0.0858754814,-0.0117283687,-0.0319307223,0.999886751,0.0442195795,0.426957369,-0.0433379486,0.590988457,-0.0832774,0.33012867,-0.0800829902,0.632344425,0.0212777629,0.78301245,0.0385444611,0.661963344,-0.150018901,0.725583911,0.0353100337,0.656003058,-0.00095242908,0.820393443,0.0507572033,0.345769912,-0.153609201,0.762524903,0.00313204969,0.232453987,0.0341966338,0.838276,-0.0145675419,0.729740083,-0.136172146,0.77456975,-0.0837700441,0.669831097
3383.333333333325,-0.000690331159,-0.553385258,-0.169119164,0.999958694,0.0169240516,-0.574762344,-0.163541481,0.999923229,0.0195909645,-0.575592399,-0.15311268,0.999898076,0.0191970821,-0.575665772,-0.157063454,0.999942601,-0.00502085174,-0.587348819,-0.168519586,0.99993211,-0.00335751497,-0.58566314,-0.180153325,0.99993372,0.000629640359,-0.574374139,-0.161494792,0.999951303,0.0932049602,-0.580974638,-0.0703144073,0.99992156,-0.0465118811,-0.545840442,-0.0434784628,0.999699891,0.0420504399,-0.550796866,-0.124111377,0.999888897,0.00212924788,-0.516814232,-0.14323996,0.999812424,0.183383018,-0.426858187,0.0713225901,0.999987245,-0.0998132825,-0.509659052,0.0949987769,0.999926329,0.235053495,-0.216809973,0.113918513,0.945272326,-0.144333899,-0.248975381,-0.0309022535,0.953098416,0.213062629,-0.0013420023,0.129416198,0.982192,-0.0381571278,-0.260804683,-0.20353584,0.990010798,0.196432427,0.0414809957,0.131797954,0.969097137,0.018372247,-0.27320832,-0.270059615,0.984161675,0.162706658,0.0492466614,0.11403212,0.971413791,0.0489722602,-0.331990063,-0.267020702,0.983251929,0.201213136,0.0279201921,0.124453939,0.955956399,-0.0178532638,-0.281597644,-0.212390557,0.968635499,0.0881466642,0.00803154428,0.0356528535,0.99993062,-0.0858392343,-0.0118692983,-0.0322183222,0.999891,0.0454721,0.427597016,-0.0421615802,0.603521526,-0.083367683,0.332354277,-0.0785382092,0.647956789,0.0218202379,0.783553898,0.0395549163,0.672985,-0.150422484,0.726549149,0.0364001282,0.670358717,-0.000384729879,0.820866,0.0516509786,0.356104255,-0.153795362,0.763247669,0.00423169974,0.242578492,0.0355868377,0.838625908,-0.0145187955,0.739210784,-0.136121258,0.774965763,-0.0835385919,0.682857037
3399.9999999999914,-0.000154564332,-0.555358827,-0.192812458,0.999958813,0.0185710452,-0.576121509,-0.188184172,0.999922693,0.0213448126,-0.576828957,-0.177547142,0.999897361,0.0207747556,-0.576930285,-0.18158032,0.999941647,-0.00315745035,-0.589288533,-0.192720324,0.999932349,-0.00136229035,-0.587493718,-0.204366326,0.999934494,0.00259676087,-0.576269,-0.185456291,0.999951839,0.0966063,-0.58097887,-0.0955307558,0.99992007,-0.0408773869,-0.547546387,-0.0660776645,0.999705672,0.0426419042,-0.55223918,-0.147484675,0.99989152,0.00343325757,-0.518932879,-0.166099921,0.999820232,0.186608717,-0.426947266,0.0519515239,0.999987304,-0.0968839675,-0.511695743,0.0794597566,0.999930859,0.23881489,-0.217181817,0.0974850655,0.945924819,-0.147891462,-0.249168113,-0.0349667519,0.954395354,0.214992747,-0.0044100713,0.111743227,0.982202828,-0.0426106565,-0.241070688,-0.209306285,0.99018997,0.197226167,0.0371349417,0.112510338,0.969266653,0.015153802,-0.248725,-0.276836753,0.984481454,0.164263219,0.0432787947,0.0941151604,0.971605539,0.0489486121,-0.30714646,-0.275602341,0.9836514,0.203453243,0.0240917783,0.106593944,0.956254423,-0.0197127778,-0.260852069,-0.219179288,0.969231427,0.0880101621,0.00820161216,0.0356580019,0.999931931,-0.0856948197,-0.0120293628,-0.0322290175,0.999894559,0.0477505364,0.427820861,-0.0381622277,0.60994482,-0.0834460929,0.33265242,-0.0752657875,0.65851444,0.0231060944,0.78470242,0.0413646884,0.682965815,-0.150047168,0.728159368,0.0383164436,0.683314741,0.000695862575,0.821794093,0.0530864,0.363394141,-0.153211564,0.764658153,0.00617150031,0.251162112,0.0369965434,0.83986342,-0.0131676355,0.747519314,-0.136016607,0.777331,-0.0820956603,0.694617689
3416.666666666658,-0.000304404355,-0.555218875,-0.207317561,0.999959528,0.0186839439,-0.576036751,-0.202911213,0.999923468,0.0215094406,-0.576683223,-0.192202702,0.999898374,0.0208916,-0.576785326,-0.196228862,0.999941766,-0.002942255,-0.589167356,-0.20715709,0.99993372,-0.00110401877,-0.587374687,-0.218778595,0.999936223,0.00285122381,-0.576145828,-0.199758276,0.999953091,0.0978971794,-0.578849077,-0.109869666,0.99992013,-0.0387646183,-0.547545671,-0.0789099634,0.999715269,0.042549476,-0.552184463,-0.161679864,0.999896,0.003454922,-0.51886189,-0.180051178,0.999830246,0.187635899,-0.425703257,0.0414580852,0.999987543,-0.0960791185,-0.511981785,0.0710533857,0.999935627,0.240836531,-0.216583,0.0898120403,0.946853042,-0.152642012,-0.245840743,-0.0348190553,0.955540597,0.215648949,-0.00532906782,0.10262078,0.982456565,-0.0530342534,-0.215294063,-0.209102765,0.990447402,0.197362453,0.0350827239,0.10217952,0.969784558,0.00440902729,-0.218996704,-0.277069509,0.984934568,0.164605,0.0397176817,0.0835952312,0.972121954,0.0445987955,-0.276779026,-0.277221352,0.984195411,0.204187542,0.0224367734,0.0972966477,0.957002342,-0.0275572743,-0.234071732,-0.219526827,0.970090747,0.0878329054,0.0085002752,0.0356833972,0.999933064,-0.0854957178,-0.012330181,-0.0322841145,0.999897957,0.0483329855,0.428801954,-0.034159638,0.615748,-0.0835744217,0.33281517,-0.073519066,0.669900656,0.0237684529,0.788512528,0.0425293297,0.692456245,-0.148974,0.729919553,0.0389232673,0.695715725,0.00139231829,0.82559979,0.0538606048,0.369609505,-0.151585966,0.766277,0.00676373811,0.258796,0.0385924466,0.842625499,-0.0133611616,0.755713344,-0.133915305,0.779231,-0.082168065,0.705968857
3433.3333333333244,-0.000176197747,-0.555214942,-0.201211944,0.99996078,0.0192158502,-0.575976849,-0.196126387,0.999925196,0.0221541394,-0.576622188,-0.185495734,0.999900639,0.0214745533,-0.576725602,-0.189601362,0.99994266,-0.00228358316,-0.58924228,-0.200973779,0.999935746,-0.000404876075,-0.587417901,-0.212598369,0.999938428,0.00354556274,-0.576216519,-0.193677053,0.999954641,0.0985453,-0.578515708,-0.102222286,0.999920785,-0.0382106379,-0.548100531,-0.0734611079,0.999725759,0.0426196,-0.552144706,-0.155348122,0.999899745,0.00365482061,-0.518988371,-0.174212441,0.999838889,0.187600344,-0.425541103,0.0460793376,0.999987721,-0.0947260633,-0.513107777,0.0736369342,0.99994,0.240616143,-0.216405526,0.0896627828,0.945719063,-0.156495035,-0.244684651,-0.0306383744,0.955375731,0.215569571,-0.00994763151,0.0968814269,0.982141614,-0.0667570382,-0.2014101,-0.203757405,0.99045819,0.197145045,0.0299904179,0.0948052853,0.969623,-0.0118164094,-0.200979382,-0.272584081,0.985126615,0.16454196,0.0331118144,0.0772069395,0.972016394,0.033531487,-0.257563055,-0.276192844,0.98447603,0.204146534,0.016801931,0.0915330946,0.956826389,-0.0403575376,-0.21908167,-0.215711519,0.970499933,0.0873653814,0.00890360866,0.0359667651,0.999933481,-0.0849536881,-0.0126988953,-0.0326503627,0.999900222,0.0483833365,0.429867685,-0.0316599347,0.61098516,-0.0836301297,0.332728833,-0.0735615641,0.672661424,0.0232288465,0.790030539,0.0416801535,0.696077824,-0.147939533,0.730114877,0.037171796,0.701792419,0.000873876328,0.827075899,0.0521901287,0.373182118,-0.149985552,0.766466379,0.00468140142,0.262441933,0.0391154066,0.843691111,-0.0138520384,0.759677112,-0.13064602,0.77978915,-0.0840142816,0.711192727
3449.999999999991,-0.000165008416,-0.555219889,-0.1969212,0.999961495,0.0194329266,-0.575950623,-0.191624925,0.999925852,0.0224420168,-0.576591849,-0.181024045,0.999901652,0.0217305794,-0.576695144,-0.185136795,0.999942839,-0.00193845481,-0.589352787,-0.196629256,0.999936759,-3.57536155e-005,-0.587500274,-0.208252624,0.99993968,0.00391817931,-0.576317847,-0.189394906,0.999955416,0.0989499763,-0.578401148,-0.0976082385,0.999920487,-0.0376575589,-0.548817396,-0.0694693625,0.999732,0.0426242463,-0.552124739,-0.151081309,0.99990195,0.00373308151,-0.51910919,-0.170043394,0.999844968,0.187566429,-0.425514907,0.0489587709,0.999987841,-0.0934703052,-0.514449477,0.0760422647,0.999943614,0.240493491,-0.216455624,0.0895603672,0.944372892,-0.15835,-0.24420318,-0.0218253676,0.953381598,0.215016931,-0.0133991893,0.0942472592,0.981630623,-0.0769689605,-0.190943569,-0.191803128,0.989887536,0.196575657,0.0262732916,0.09133555,0.969182312,-0.0239555594,-0.187495872,-0.260348439,0.984625041,0.164309666,0.0285277,0.0742176101,0.971655726,0.0228356142,-0.243290246,-0.266288042,0.984077454,0.203846321,0.0127862589,0.088839151,0.956269443,-0.0505873114,-0.207842171,-0.204876944,0.969739079,0.0870932,0.00924456213,0.0361327194,0.99993366,-0.084618628,-0.0129961325,-0.0328798071,0.999901712,0.0484619737,0.430487901,-0.0303662065,0.60563916,-0.0834391266,0.332394242,-0.0736582205,0.673103213,0.0228442121,0.79120332,0.0402699523,0.697458,-0.147021025,0.730329692,0.0359921,0.704895079,0.000474343222,0.828221083,0.05004007,0.373785526,-0.148778453,0.766720235,0.00334070623,0.263541758,0.0392943025,0.845092,-0.0147690447,0.761374772,-0.128754348,0.780546606,-0.0847342312,0.713343143
3466.6666666666574,-0.000191555955,-0.555474,-0.196200609,0.999961615,0.0195287727,-0.576072216,-0.190744489,0.999925196,0.0225840025,-0.576698065,-0.180141062,0.999900877,0.0218465682,-0.576800168,-0.184347957,0.999941885,-0.00183015096,-0.589646161,-0.195832729,0.999936759,9.3600589e-005,-0.587765217,-0.207467422,0.99994,0.00403359113,-0.576612592,-0.188597426,0.999955475,0.0995550826,-0.578361332,-0.0967841446,0.999918342,-0.0371856466,-0.549568892,-0.0682841465,0.999734223,0.0426236913,-0.552267432,-0.150156021,0.999902725,0.00375889149,-0.519485414,-0.169109866,0.999849141,0.187856495,-0.425479889,0.0494912975,0.999987781,-0.0922732279,-0.515905917,0.0772201,0.999946713,0.240577534,-0.216312468,0.0837243944,0.942327738,-0.159250125,-0.244465247,-0.0172853116,0.95085907,0.214548692,-0.0187001787,0.0810268745,0.980536,-0.0820757076,-0.182257041,-0.186111942,0.988942802,0.195737973,0.019999234,0.0755099803,0.968053,-0.0298927072,-0.174802437,-0.254810393,0.983659267,0.163658142,0.0199995078,0.0589807928,0.970665455,0.0177382324,-0.229915887,-0.261973202,0.983232141,0.203473285,0.00630068127,0.0754091367,0.954770088,-0.0555378422,-0.198018104,-0.199810177,0.968186,0.0869213715,0.0095657343,0.0361467823,0.999934256,-0.0844029412,-0.0132858464,-0.0329086557,0.999903858,0.0487667285,0.430657357,-0.0297255572,0.60251081,-0.0834207088,0.332222462,-0.0731692687,0.675506294,0.0227968656,0.791575134,0.0379836187,0.702613056,-0.146495715,0.730787158,0.0355587378,0.710985422,0.000417309144,0.82853955,0.0470410772,0.378177911,-0.148116544,0.767218173,0.00277794385,0.267517507,0.0403133705,0.845175803,-0.0184853543,0.765544653,-0.12850143,0.782006919,-0.0854747146,0.71796155
3483.333333333324,-0.000116172057,-0.555736184,-0.195801869,0.999962032,0.0198725853,-0.576134264,-0.189971983,0.999925196,0.0230219,-0.576741755,-0.179412857,0.999900877,0.0222412236,-0.576842785,-0.183683202,0.999941349,-0.00142413739,-0.589831769,-0.195353091,0.999937356,0.000541849702,-0.587915301,-0.206977412,0.999940813,0.00446259975,-0.57681483,-0.188094482,0.999956,0.100278459,-0.578105271,-0.0957407206,0.999916732,-0.0366028026,-0.550017715,-0.0675724596,0.999739349,0.0426869467,-0.552398562,-0.149479,0.999904275,0.00390474801,-0.519823909,-0.168658391,0.999854386,0.18799822,-0.425424159,0.0507713668,0.999987662,-0.0908991322,-0.516927242,0.077466704,0.999949932,0.240879878,-0.21687232,0.0838744268,0.939512908,-0.161870927,-0.244713649,-0.00996650476,0.949692667,0.214244202,-0.0238035321,0.0774238482,0.979051828,-0.0886175856,-0.173270151,-0.172034815,0.988358498,0.195039526,0.014524458,0.0708444491,0.966457188,-0.0369579867,-0.163120419,-0.24008657,0.983071744,0.163157627,0.0136644375,0.0545451641,0.969231665,0.0118835447,-0.217568561,-0.247920275,0.982747614,0.203209862,0.000548319425,0.0716016144,0.952664077,-0.0616954565,-0.188247904,-0.185912505,0.967281938,0.0866445601,0.00995940063,0.0364395753,0.99993515,-0.084061,-0.0136631196,-0.0333070494,0.999906719,0.0492506064,0.430762529,-0.0282087438,0.603532255,-0.0829289258,0.332201838,-0.0732028633,0.683783531,0.0227524526,0.792235374,0.0328947343,0.712093115,-0.145801857,0.731226563,0.0316008739,0.721225202,0.000379535515,0.829306304,0.0408700891,0.388519496,-0.147271574,0.767683,-0.00157618138,0.276555747,0.0417250879,0.845427334,-0.0266126711,0.77293247,-0.127315849,0.783183515,-0.0913581103,0.72628206
3499.9999999999905,-0.000115748786,-0.557226658,-0.192641944,0.999963462,0.0199667327,-0.577340782,-0.185956329,0.999927342,0.023175953,-0.577949822,-0.175545722,0.999903798,0.0223735794,-0.578047037,-0.179964364,0.999942601,-0.00135475141,-0.591326475,-0.191900268,0.99993962,0.000622091175,-0.5893718,-0.203469753,0.999943197,0.00453502638,-0.578343868,-0.184630111,0.999957621,0.100601494,-0.578413248,-0.0905758888,0.999918,-0.0366853,-0.552168369,-0.0631226152,0.999750376,0.0426936895,-0.553563118,-0.145407051,0.999907851,0.00390816666,-0.521423638,-0.16516985,0.999861836,0.188067049,-0.425429702,0.0556234531,0.999987662,-0.0905389041,-0.520567,0.0822615921,0.999953151,0.240893945,-0.217335179,0.0834650248,0.938444853,-0.16454649,-0.247337967,0.00303847622,0.948271573,0.213594124,-0.0333485454,0.0640521348,0.978597283,-0.0989437774,-0.171829775,-0.163069278,0.988010049,0.19416903,0.00399898784,0.0535086654,0.96639967,-0.049549669,-0.158296615,-0.231774598,0.982957125,0.16230683,0.00051817752,0.0377787687,0.969235659,0.00142553227,-0.211788878,-0.240393147,0.982740819,0.202559769,-0.0106207868,0.0578428283,0.952636302,-0.0716389194,-0.185922772,-0.177432746,0.967271149,0.08659558,0.0104955761,0.036554791,0.999935567,-0.0839810073,-0.0141576426,-0.0334658511,0.999908924,0.0495625548,0.430836201,-0.0285310131,0.607936561,-0.0828959942,0.331405699,-0.0753270686,0.693312645,0.0221341457,0.792205036,0.0255108252,0.721145,-0.145819694,0.731158197,0.0249543115,0.730787635,-0.000300379063,0.829261065,0.0331537686,0.39933759,-0.147292644,0.767595172,-0.00860404689,0.284917027,0.041708231,0.844022334,-0.0350381397,0.780323327,-0.1273067,0.783029377,-0.0995535,0.734086931
3516.666666666657,-0.000118958655,-0.558219,-0.192010403,0.99996531,0.0200249515,-0.578045189,-0.185620651,0.999930501,0.0232791174,-0.578673,-0.175257623,0.99990809,0.0224593133,-0.578750253,-0.179767787,0.999944866,-0.00134266063,-0.592167914,-0.191439778,0.999942541,0.000642377592,-0.590181887,-0.203023672,0.999946058,0.004549623,-0.579225481,-0.184182033,0.999959588,0.100723751,-0.578434706,-0.0885243639,0.999920785,-0.0368358791,-0.553065121,-0.0623471625,0.999762416,0.0426947474,-0.554246664,-0.145056784,0.99991262,0.00387214893,-0.52236867,-0.164718822,0.999870062,0.188065022,-0.425180048,0.0577837415,0.999987841,-0.0905330405,-0.522126496,0.0839242563,0.999955952,0.241070524,-0.217238232,0.0819664672,0.938525915,-0.166932642,-0.24939616,0.00920558348,0.945996642,0.21223177,-0.0391727,0.0534399897,0.978567839,-0.107168049,-0.164647326,-0.157128617,0.986963391,0.192008436,-0.0024054863,0.0402220935,0.966834128,-0.0590637699,-0.146516934,-0.225850925,0.982055128,0.159818053,-0.0083157951,0.0246518441,0.969694734,-0.00711544184,-0.19903256,-0.235357821,0.981988072,0.200953856,-0.0177337378,0.0468568131,0.95326829,-0.0796235129,-0.177452654,-0.171900496,0.96602267,0.0865302756,0.0108616538,0.0366285,0.999936283,-0.0838744193,-0.0144796055,-0.0335803851,0.999910891,0.0494775474,0.430675179,-0.0296941828,0.614537656,-0.0829022,0.33051616,-0.0765514746,0.702794611,0.0205968451,0.792105317,0.0170174763,0.731796086,-0.145912513,0.730964541,0.0227395389,0.740367711,-0.00182955887,0.829132438,0.0243511386,0.412483871,-0.147364348,0.76734519,-0.0107717346,0.29364416,0.041657757,0.841268361,-0.0460489169,0.788823545,-0.1273458,0.782838762,-0.10223221,0.741935611
3533.3333333333235,1.78159444e-005,-0.558895111,-0.19141899,0.999965429,0.0203122925,-0.57854718,-0.185359523,0.999929905,0.0236275364,-0.579172313,-0.174959213,0.999907434,0.0227894541,-0.579246104,-0.179405183,0.999943912,-0.00117330824,-0.592716336,-0.190826312,0.99994266,0.000843335642,-0.590724,-0.202388957,0.999946356,0.00472946744,-0.579795,-0.183563977,0.999959528,0.100925915,-0.578637898,-0.0873528868,0.999918818,-0.0369239822,-0.554161966,-0.0619588085,0.999764085,0.0428018,-0.554871798,-0.144805059,0.999913633,0.00393748051,-0.523213506,-0.164175391,0.999873638,0.188267052,-0.425173253,0.0598950125,0.999987602,-0.0902916566,-0.524564445,0.0841321945,0.999958098,0.241087407,-0.2170223,0.0770667121,0.935532928,-0.167608544,-0.251310617,0.00743176509,0.942648292,0.207223207,-0.0468885265,0.0350144841,0.977387786,-0.112919778,-0.158018574,-0.159266427,0.985344,0.184738785,-0.0116660055,0.0184407923,0.966095507,-0.0669308379,-0.13686429,-0.227855116,0.980556667,0.151647866,-0.0212981049,0.00371991517,0.969105303,-0.0149426227,-0.188083008,-0.23654446,0.980671525,0.195182949,-0.0273969434,0.0282579903,0.952239215,-0.0860643759,-0.169546589,-0.173769295,0.963757038,0.0864495,0.0112188719,0.0369159877,0.999936581,-0.0837591588,-0.0148213431,-0.0339284204,0.99991262,0.0494660661,0.430182695,-0.0299505591,0.617344677,-0.0829068124,0.32951951,-0.0771571845,0.71040839,0.0190518405,0.791741371,0.012444159,0.742552876,-0.146056667,0.729793847,0.0213675331,0.749735296,-0.00340620987,0.828736246,0.0194929224,0.426729888,-0.147493437,0.765906453,-0.0121259568,0.302938282,0.0416240804,0.838296175,-0.0540412553,0.797637701,-0.127334341,0.781797767,-0.104998507,0.749924898
3549.99999999999,0.000462917669,-0.561062,-0.178979293,0.999964714,0.0207908917,-0.580705404,-0.171704099,0.999927282,0.0241817478,-0.58136338,-0.161388904,0.999904454,0.0233203378,-0.581456602,-0.165955439,0.999941409,-0.000686905289,-0.594840527,-0.178642735,0.999941289,0.00139457441,-0.592838943,-0.190359086,0.999945343,0.00521030743,-0.581916,-0.171610951,0.999958396,0.101026081,-0.580109596,-0.0750561431,0.999915063,-0.0368082933,-0.556546807,-0.0521915704,0.999761,0.0430895686,-0.556839943,-0.131484598,0.999912739,0.00425351877,-0.52535814,-0.152598813,0.999874532,0.188433051,-0.42548573,0.0674716681,0.999987304,-0.0898786634,-0.527238786,0.0885857344,0.999959648,0.241136342,-0.21735777,0.0738341,0.933383346,-0.166925445,-0.254199356,0.0099236127,0.93762356,0.203465432,-0.0569668747,0.0215695277,0.976100802,-0.113398746,-0.152012125,-0.153502181,0.982064366,0.180285841,-0.0224059857,0.00302236644,0.965301216,-0.0681097955,-0.126771018,-0.220794,0.977326,0.146232903,-0.0337915868,-0.0110737,0.968464613,-0.017073933,-0.175758153,-0.230555743,0.977693558,0.19096607,-0.0386802368,0.014663158,0.951193869,-0.0871228576,-0.162048221,-0.168386593,0.959049404,0.0864348337,0.0113899205,0.0371062234,0.999937236,-0.0837417319,-0.0149677312,-0.0341579802,0.999914408,0.0495013371,0.429595113,-0.0326357223,0.622584522,-0.0816945955,0.328846,-0.0812268257,0.718312383,0.0189327,0.791258276,0.00759054068,0.751524091,-0.145840049,0.729423702,0.0151526509,0.757413566,-0.00352029037,0.828134596,0.0146727283,0.436522037,-0.147332266,0.765428066,-0.0184817165,0.308606744,0.0415698141,0.835155308,-0.0598416105,0.804434478,-0.126832485,0.781305552,-0.112559326,0.755711198
3566.6666666666565,0.00368103012,-0.563059747,-0.176298186,0.999964058,0.0241448097,-0.582782507,-0.168357238,0.999924719,0.0276103206,-0.583420753,-0.158047646,0.999901533,0.026704628,-0.583546162,-0.162559941,0.999938905,0.00220414833,-0.596850276,-0.176135197,0.999940038,0.00438371,-0.594853759,-0.18795687,0.999944389,0.00806961581,-0.583854258,-0.16921778,0.999957383,0.102766477,-0.581783831,-0.0706954151,0.999911189,-0.0360724255,-0.558832943,-0.0503621809,0.999758244,0.0456700735,-0.55858475,-0.127976432,0.999911427,0.00652472768,-0.527316749,-0.150155693,0.999875,0.189764827,-0.425717503,0.070109129,0.999986827,-0.0890988335,-0.529629469,0.0889811888,0.999960899,0.241964608,-0.217300162,0.0653708875,0.930892944,-0.166337132,-0.257217169,0.00877806917,0.933451355,0.200376645,-0.0629582703,0.00155448192,0.974219859,-0.1125172,-0.147695184,-0.153038099,0.978579521,0.175943166,-0.0290241614,-0.0190253109,0.963942707,-0.0679201,-0.119591743,-0.21980314,0.97390604,0.141215265,-0.0428782,-0.0330631025,0.967318654,-0.0174339302,-0.167082518,-0.22972472,0.974534154,0.187317669,-0.0458743498,-0.00551341148,0.949453652,-0.0866431892,-0.156539127,-0.168000191,0.954238474,0.0864530951,0.01151965,0.0373895243,0.999937892,-0.0837463513,-0.0150803449,-0.0344838388,0.999916434,0.0501438938,0.428862125,-0.0336096287,0.629199207,-0.0803718567,0.328223199,-0.0817224532,0.726701736,0.0194327142,0.790708899,0.00801018719,0.76064837,-0.145255789,0.729374349,0.0146557288,0.766038656,-0.002966878,0.827442169,0.0153706791,0.446494043,-0.14678964,0.765336215,-0.0189801473,0.315230548,0.0416778438,0.832726836,-0.0590806305,0.811653316,-0.125031292,0.781108,-0.113877,0.762671649
3583.333333333323,0.00549656246,-0.565958619,-0.172250345,0.999965072,0.0261018593,-0.585820556,-0.163215891,0.999926269,0.0296511557,-0.586411715,-0.152965844,0.999903679,0.0287048444,-0.586554468,-0.157378018,0.999939799,0.00384597154,-0.599811912,-0.171848491,0.999941766,0.00603517,-0.597785294,-0.183666661,0.999946177,0.00966426358,-0.586784303,-0.164992481,0.999958515,0.103929088,-0.584319353,-0.0633172914,0.999912262,-0.0359928459,-0.561993,-0.0459576771,0.99976629,0.0471359789,-0.561242,-0.122895062,0.999913812,0.0075690411,-0.530099094,-0.146017164,0.999879837,0.190114662,-0.427268714,0.0769609511,0.999986649,-0.0886552,-0.531175,0.0907927379,0.999962568,0.24258855,-0.218560144,0.0664332584,0.930111408,-0.164260522,-0.257693172,0.0106826145,0.931652606,0.197835445,-0.0689481571,0.00327367825,0.973308384,-0.114775464,-0.138706177,-0.144626617,0.976317048,0.172653928,-0.0350073688,-0.0167641081,0.963536501,-0.0725685433,-0.108204238,-0.209381416,0.971588433,0.137284905,-0.0492060184,-0.03098673,0.967015386,-0.023727525,-0.153410599,-0.22045137,0.972415388,0.184266329,-0.0521507338,-0.00381509564,0.948995709,-0.0899153203,-0.146179482,-0.159761518,0.951214075,0.0864936039,0.0115535771,0.0381001644,0.999939263,-0.0837632567,-0.0151092447,-0.0352392457,0.999919295,0.0512695536,0.427934229,-0.0342304707,0.642401,-0.078312993,0.327766836,-0.0861904174,0.740572155,0.0200847164,0.789969742,0.00861367676,0.77190876,-0.145296216,0.729309142,0.0104148788,0.777791083,-0.00228985655,0.826710045,0.0160863362,0.460624456,-0.146948531,0.765223742,-0.0231190491,0.327546149,0.0419513732,0.830884457,-0.0575552434,0.820470273,-0.124808639,0.78106761,-0.119135633,0.773076415
3599.9999999999895,0.00633650552,-0.566716,-0.164613143,0.999966443,0.0270535555,-0.586749077,-0.154699802,0.999928415,0.0306110345,-0.587309778,-0.144547433,0.9999066,0.0296622906,-0.587479651,-0.148751691,0.999941051,0.00444281939,-0.600622594,-0.163376614,0.99994415,0.00661987113,-0.598649502,-0.175287321,0.999948561,0.0102344248,-0.587632895,-0.1566654,0.999960184,0.105031461,-0.585554659,-0.0534029976,0.999914,-0.0360244922,-0.563559949,-0.036070209,0.999777198,0.048069153,-0.561916769,-0.114651226,0.999916732,0.00801369455,-0.530932426,-0.13787356,0.99988544,0.190919444,-0.427640766,0.0820790529,0.99998647,-0.0886751,-0.532326519,0.0986294,0.999964356,0.243971288,-0.218657807,0.061739374,0.930890918,-0.162149385,-0.257653415,0.0152946347,0.930516541,0.196069539,-0.0743349865,-0.0128017236,0.972973049,-0.117734089,-0.130988434,-0.141624317,0.975434363,0.170587108,-0.041240342,-0.0358761214,0.963731229,-0.0778435394,-0.0989815295,-0.206568688,0.970769644,0.133107439,-0.0571483225,-0.0490836203,0.967253923,-0.0299122538,-0.143583879,-0.218326032,0.97173506,0.181500211,-0.0584586561,-0.0197041929,0.949279,-0.0935794637,-0.137509957,-0.157068446,0.95036155,0.0868512243,0.0115810111,0.0381447114,0.999940336,-0.0840923414,-0.0151380459,-0.0352885053,0.999922,0.0514300801,0.427022398,-0.0359219126,0.655780077,-0.0772054866,0.327577651,-0.0870613232,0.752908885,0.0204573814,0.788156,0.00915577449,0.78158325,-0.145174429,0.72861284,0.0109118437,0.786411643,-0.00188478723,0.82483,0.0166939311,0.472155243,-0.146908849,0.764269054,-0.022528179,0.335098982,0.0416159444,0.82730782,-0.0567561872,0.827949643,-0.124037,0.780536354,-0.118580379,0.780406713
3616.666666666656,0.00684374943,-0.56768918,-0.152131855,0.999968052,0.0276652295,-0.587910056,-0.141334161,0.999931,0.0312530249,-0.588421822,-0.131358862,0.999909937,0.0302878581,-0.588629842,-0.135468066,0.999942601,0.0048408173,-0.601706624,-0.149841845,0.999946833,0.00700143725,-0.599782526,-0.161800787,0.999951243,0.0106062535,-0.588743567,-0.143232107,0.999962151,0.106076017,-0.586760283,-0.0402852148,0.999916,-0.0360357575,-0.565251946,-0.0218529,0.999789476,0.0487278774,-0.562729359,-0.102199689,0.999919891,0.00828790292,-0.531939447,-0.125175163,0.99989146,0.191444337,-0.428049564,0.0901182145,0.999986291,-0.0886178613,-0.53302604,0.107429676,0.999966383,0.244124398,-0.219659522,0.0581612326,0.931730092,-0.158600211,-0.257529497,0.022148028,0.931614637,0.191925064,-0.0828627646,-0.0257160664,0.972644687,-0.118426085,-0.122599602,-0.129950017,0.975615084,0.166122019,-0.0500243679,-0.0504985414,0.96398139,-0.0797537938,-0.0874973089,-0.193856761,0.970989406,0.126253203,-0.0670085698,-0.0628297,0.967524,-0.0320533887,-0.130235523,-0.206734464,0.972028494,0.176123321,-0.06779515,-0.032394249,0.949631095,-0.0945894495,-0.127711818,-0.145636022,0.951102197,0.0871793628,0.0116109718,0.038380608,0.999941766,-0.0843915641,-0.0151674142,-0.0355422236,0.999925256,0.051848691,0.426290482,-0.0373106189,0.666724384,-0.0748772919,0.327530652,-0.0903869048,0.765306354,0.0207747836,0.787551582,0.00960348919,0.789476752,-0.145127803,0.728257179,0.0067644529,0.794523835,-0.00150691927,0.824285507,0.0174257345,0.481798708,-0.146917507,0.763751388,-0.0266363248,0.341948092,0.0416000858,0.824935913,-0.0561144389,0.834243238,-0.122585021,0.780266702,-0.124418221,0.787522197
3633.3333333333226,0.00718663959,-0.567717671,-0.139169857,0.999969602,0.028005816,-0.587964535,-0.128468,0.9999336,0.0316502,-0.588471234,-0.118573658,0.999913394,0.0306977462,-0.588697076,-0.122796781,0.999944448,0.00530176098,-0.601784706,-0.136667296,0.999949455,0.00747119682,-0.599858642,-0.148698285,0.999953747,0.0110203438,-0.588843763,-0.130116448,0.999964,0.106700137,-0.586759508,-0.0301838703,0.999918401,-0.0354196914,-0.565581143,-0.00979355257,0.999800682,0.0490917712,-0.562713563,-0.0900905952,0.99992317,0.00860924833,-0.531986952,-0.112706445,0.999897182,0.191602021,-0.427887917,0.096638158,0.99998641,-0.0881666094,-0.532937288,0.116839372,0.99996829,0.244197875,-0.219511017,0.0566846468,0.933593154,-0.156530634,-0.255413324,0.0330362432,0.932582438,0.186428666,-0.084061943,-0.0312786661,0.973089755,-0.11816828,-0.113754638,-0.112546101,0.975535274,0.15984422,-0.0515670329,-0.0573619641,0.964995444,-0.0791212246,-0.0773343518,-0.175160021,0.970866442,0.117811613,-0.0692045,-0.0684243217,0.96846658,-0.031620156,-0.120346077,-0.188374922,0.971991658,0.169546917,-0.0695966482,-0.0376514867,0.950960696,-0.0943577886,-0.118792,-0.128225774,0.951330483,0.0872134,0.0116547728,0.0384028591,0.999943435,-0.0844173804,-0.015205672,-0.035575714,0.999928415,0.0518424883,0.42586118,-0.0405751951,0.674082339,-0.072552748,0.327513039,-0.0936475918,0.775663674,0.0207823273,0.787072062,0.00785988104,0.794296,-0.144107372,0.728040457,-0.00391374482,0.800528765,-0.00149361952,0.823812127,0.0158910211,0.486823499,-0.146120802,0.763432443,-0.0378938355,0.346563786,0.0410599299,0.822930455,-0.0587394275,0.83805722,-0.120073043,0.779863358,-0.135970473,0.792554915
3649.999999999989,0.0091156587,-0.567645073,-0.128456682,0.999971092,0.029822031,-0.58790642,-0.117368288,0.999936223,0.0335599706,-0.588411331,-0.107513875,0.999916792,0.0326407664,-0.588643551,-0.1118313,0.999946177,0.00731631881,-0.601729929,-0.125781626,0.999952078,0.00948554836,-0.599802,-0.137854725,0.99995625,0.0129567729,-0.588797152,-0.119250305,0.999965906,0.108480163,-0.586729884,-0.0195154939,0.999920547,-0.0338163115,-0.565671623,0.000218180969,0.999812126,0.0508558303,-0.562663376,-0.0794352293,0.999926,0.0102553945,-0.531918824,-0.102286682,0.999902487,0.192237675,-0.427539408,0.106380351,0.999986351,-0.0864671171,-0.532846332,0.123192959,0.999970198,0.244298726,-0.219238877,0.057856258,0.934016526,-0.15267235,-0.253411829,0.038250342,0.934053957,0.181803107,-0.0855168626,-0.0297330115,0.973035,-0.117246725,-0.107548498,-0.103837088,0.975971222,0.154247284,-0.0534433201,-0.0558168292,0.965533555,-0.0781781,-0.0703484714,-0.165908962,0.971311867,0.111133724,-0.0718959346,-0.0664084479,0.96898073,-0.0307386797,-0.112803951,-0.178845972,0.972474396,0.164254144,-0.0716993883,-0.0359856747,0.951620579,-0.0935096592,-0.112187028,-0.119245932,0.952326834,0.0872389078,0.0117750457,0.038540002,0.999944627,-0.0844379887,-0.0153274098,-0.0357313417,0.999931157,0.0518375114,0.425395787,-0.0436751805,0.678540766,-0.0699322075,0.327371061,-0.0985569,0.784323037,0.0211115964,0.786560655,0.00132540334,0.796958625,-0.141677663,0.727262,-0.0157216061,0.804517269,-0.00115040794,0.82334429,0.00892669801,0.489156485,-0.143940419,0.762524307,-0.0502980426,0.350218564,0.0406014,0.82194531,-0.0666958541,0.840293288,-0.117189758,0.778734267,-0.14702782,0.795887589
3666.6666666666556,0.0100897262,-0.568019569,-0.126496747,0.999972284,0.0308527984,-0.588227093,-0.115488365,0.999937832,0.0346551612,-0.588701963,-0.105686873,0.999918878,0.0337271728,-0.588946879,-0.109936051,0.999946892,0.00850004423,-0.602066278,-0.12381392,0.999954104,0.0106465565,-0.600143194,-0.135854,0.999958336,0.0141116921,-0.589179337,-0.117225043,0.999967515,0.109717354,-0.586786747,-0.0180567633,0.999921083,-0.0325256512,-0.566275954,0.00215538754,0.999822,0.0517856516,-0.562843502,-0.0776489377,0.999928057,0.0111962883,-0.532261252,-0.100418873,0.999907136,0.192962036,-0.427459,0.108391456,0.999986112,-0.0854571089,-0.532929242,0.125318348,0.999972045,0.244923383,-0.219205588,0.0576386936,0.934508085,-0.150699541,-0.251514733,0.042916704,0.936535239,0.179266617,-0.0902428627,-0.0348981507,0.972992301,-0.117257945,-0.104672141,-0.0978502631,0.9771294,0.150764197,-0.0592742227,-0.0622338802,0.966044307,-0.0787215829,-0.067803815,-0.160068795,0.972594202,0.106859721,-0.0795037672,-0.0722706839,0.9694646,-0.0313721597,-0.110356487,-0.173454896,0.973745942,0.161069661,-0.0774578899,-0.0411172323,0.952240527,-0.0937062278,-0.109312333,-0.113359258,0.954538524,0.0873013213,0.0118871527,0.0385886282,0.999945521,-0.0844992325,-0.0154459886,-0.0357895717,0.999933839,0.0520109795,0.425116479,-0.046256911,0.684199333,-0.067826435,0.327292442,-0.100062326,0.792969882,0.0215618983,0.785487771,-0.000741561409,0.799791276,-0.140595,0.726608813,-0.0192659888,0.808726072,-0.000711377186,0.822212636,0.00690746773,0.492717773,-0.143115461,0.761761129,-0.0538677163,0.354379773,0.0402929038,0.820291579,-0.0689798445,0.842687786,-0.11650373,0.777611554,-0.151161745,0.799503624
3683.333333333322,0.0105391098,-0.568165064,-0.130551934,0.999973059,0.0313303471,-0.588335276,-0.120022006,0.999938548,0.0351570211,-0.588788509,-0.110135116,0.999919951,0.0342160203,-0.589032888,-0.114384562,0.999947,0.0090827886,-0.602164447,-0.128165692,0.999955356,0.0112203117,-0.60024029,-0.140167564,0.999959707,0.0146724926,-0.589294434,-0.121522076,0.999968529,0.110373095,-0.586888433,-0.0225092079,0.999921143,-0.0316343531,-0.566667318,-0.00194238639,0.999828756,0.0522685573,-0.562948465,-0.0817772895,0.999929488,0.0117763579,-0.532447219,-0.104342736,0.999910712,0.193520874,-0.42780304,0.106107838,0.999986,-0.0848059431,-0.532958031,0.123588711,0.999973536,0.245236263,-0.219292581,0.0530833192,0.936435759,-0.150461346,-0.2486123,0.042471841,0.938879728,0.173517779,-0.0932282,-0.0408125892,0.973638475,-0.117784284,-0.101739943,-0.0984998271,0.978050768,0.142661259,-0.0624479428,-0.0685871467,0.967133939,-0.0790745616,-0.0650169,-0.160833225,0.973597109,0.098350212,-0.0837314501,-0.0782833919,0.9704566,-0.0318695717,-0.108310662,-0.174235806,0.974752724,0.154629335,-0.0807958469,-0.0468962938,0.953639209,-0.0942624211,-0.106698699,-0.114092857,0.956321061,0.0873511508,0.0119144851,0.0385957621,0.999946058,-0.0845474675,-0.0154721299,-0.0358049385,0.999935746,0.0525071025,0.424598277,-0.0484600216,0.693679392,-0.0673849285,0.32716769,-0.099577114,0.801992714,0.0218997542,0.783628,-0.00172249705,0.805624187,-0.140568301,0.726165116,-0.0173269156,0.814900875,-0.000444096309,0.820139706,0.00605676509,0.500590265,-0.143133268,0.761275887,-0.0517788976,0.361642838,0.0395699069,0.819160402,-0.0700668767,0.847103953,-0.11656145,0.777475476,-0.148972154,0.80496949
3699.9999999999886,0.0105183618,-0.568383,-0.131075457,0.999973595,0.031331189,-0.588473856,-0.120563224,0.999938667,0.035172794,-0.588897049,-0.110733896,0.999920309,0.0342266746,-0.589130342,-0.114943184,0.999946654,0.00915380847,-0.602340162,-0.128567383,0.99995625,0.0112756044,-0.600378931,-0.140596256,0.99996078,0.0147193698,-0.589455724,-0.121885762,0.999969363,0.110768206,-0.586915612,-0.0235778131,0.999920368,-0.0311715938,-0.567112863,-0.00288432185,0.999834061,0.0522841029,-0.563090265,-0.0823036581,0.999930322,0.0118279979,-0.532699108,-0.104811914,0.999913633,0.193739325,-0.428295553,0.104967602,0.999985814,-0.0842241794,-0.532952368,0.122475408,0.999974906,0.245199695,-0.219628498,0.0503534712,0.937799156,-0.150431722,-0.246132106,0.0464360863,0.941435218,0.163382336,-0.0966068208,-0.0400169827,0.974064171,-0.118945315,-0.0971740708,-0.0864493921,0.978998363,0.129142851,-0.0666563287,-0.066842258,0.967971325,-0.0799188614,-0.0603544936,-0.14730911,0.974611521,0.0853331164,-0.0889034718,-0.076372087,0.971211672,-0.033339642,-0.103637144,-0.16141969,0.975765765,0.144072816,-0.0848189816,-0.045884423,0.954683,-0.0955893,-0.102365069,-0.102246381,0.95811373,0.0873570517,0.0119664799,0.0385849513,0.999946356,-0.0845521539,-0.0155216306,-0.0358120762,0.999937415,0.0527858734,0.424158424,-0.0513088517,0.702746034,-0.0671107247,0.326880485,-0.0992503315,0.810536861,0.0218585357,0.782434642,-0.00445004879,0.811018705,-0.140588135,0.725387037,-0.0173795577,0.821181774,-0.000534941151,0.818734288,0.00318105589,0.508296549,-0.143182307,0.760407507,-0.0520200208,0.369383156,0.0380541086,0.817586064,-0.0734114125,0.851142943,-0.116840251,0.775584817,-0.149923384,0.810554087
3716.666666666655,0.0105271097,-0.569407344,-0.132294297,0.999973714,0.0314212,-0.589326382,-0.121708646,0.999937713,0.0353072435,-0.589705288,-0.111885607,0.999919236,0.0343455374,-0.589915097,-0.116104469,0.999945402,0.0093792174,-0.603377,-0.129880741,0.999956548,0.0114678377,-0.601302743,-0.141949952,0.999961317,0.0148749361,-0.590411901,-0.123230994,0.99996984,0.111505434,-0.587341368,-0.0243507475,0.999917924,-0.0304528102,-0.568642855,-0.0045759324,0.999837637,0.0523367561,-0.563908041,-0.0837587714,0.999929905,0.0119161895,-0.533775866,-0.106315427,0.999915481,0.194016814,-0.4295623,0.104286417,0.999985456,-0.0836779699,-0.533134,0.121732704,0.999976099,0.245172441,-0.221522063,0.0492857546,0.938509047,-0.150371715,-0.245133936,0.053668566,0.943703234,0.157104641,-0.101662032,-0.0381623469,0.974055111,-0.119953379,-0.0937671959,-0.0712194592,0.979808569,0.121544123,-0.0728573427,-0.064094685,0.968340755,-0.0806152299,-0.0566258803,-0.130831808,0.975451052,0.0784683675,-0.0955058709,-0.0737160146,0.971542954,-0.0346658863,-0.0994319171,-0.145125672,0.976610363,0.137970433,-0.0903565,-0.0439396948,0.955125034,-0.096748136,-0.099035494,-0.0870986953,0.959652901,0.0873782933,0.0119974855,0.0383862779,0.999946594,-0.0845704377,-0.0155510437,-0.0356614105,0.999939084,0.0530442521,0.424056739,-0.0536969081,0.710783,-0.0669796318,0.326793611,-0.0987850204,0.817635477,0.0220899843,0.782110393,-0.0053355475,0.814592063,-0.140542522,0.725337207,-0.0181273129,0.826498151,-0.000401215599,0.818224669,0.00228563766,0.51091516,-0.143193,0.760344267,-0.0530345812,0.374424636,0.0358668528,0.817278326,-0.0741199329,0.853536427,-0.117617443,0.774580777,-0.151653856,0.815112591
3733.3333333333217,0.0107372394,-0.56960541,-0.133728951,0.999973714,0.0316956937,-0.58943,-0.123351842,0.999936461,0.0356317088,-0.589786708,-0.113480754,0.999917686,0.0346373469,-0.589986444,-0.117692649,0.999943733,0.00984679814,-0.603527367,-0.131482527,0.999956727,0.0119017484,-0.601418436,-0.14346689,0.999961793,0.0152719943,-0.590538561,-0.124736533,0.999970257,0.112044312,-0.587341428,-0.0264923275,0.999914706,-0.0297713839,-0.568920135,-0.00607797084,0.999840856,0.0525443628,-0.56404525,-0.0848086625,0.999928951,0.0122224409,-0.533967495,-0.107516177,0.999916852,0.194207579,-0.430325717,0.102506518,0.999985039,-0.0826884732,-0.533116162,0.121535376,0.999977231,0.245171726,-0.223164707,0.0486185923,0.93852663,-0.149123058,-0.244112372,0.054546006,0.945865,0.14925018,-0.103562877,-0.0356759,0.973422468,-0.119961813,-0.0894822851,-0.0653333,0.980581164,0.111212872,-0.0745361149,-0.0607062578,0.968007326,-0.0805351436,-0.0516017228,-0.124017246,0.976217568,0.0680822432,-0.0975395069,-0.0705039501,0.971231401,-0.0350098759,-0.0935212597,-0.138382643,0.977375507,0.129670992,-0.092394039,-0.0413491726,0.954608381,-0.0968918204,-0.0943336636,-0.0811131075,0.96104753,0.0873909742,0.0120255863,0.0383369178,0.999946594,-0.0845820382,-0.0155775836,-0.0356367305,0.999940515,0.053673733,0.423941642,-0.0544597469,0.717161298,-0.0668653101,0.326771587,-0.098336786,0.823402166,0.0229774117,0.781624734,-0.00691709574,0.81761384,-0.140460327,0.725335479,-0.0191143267,0.83079648,0.000303492212,0.817581534,0.000419564924,0.513202846,-0.143178895,0.76034683,-0.0542062707,0.378598154,0.0345695764,0.816941261,-0.0760575682,0.855431676,-0.118193515,0.774237335,-0.153201714,0.818610132
3749.999999999988,0.0107280081,-0.569597065,-0.139211148,0.999973774,0.0317132212,-0.589416,-0.129383147,0.999935508,0.035665445,-0.589770675,-0.119362816,0.999916434,0.0346604697,-0.589966953,-0.123614885,0.999942362,0.00992066879,-0.60351789,-0.137071505,0.999956846,0.0119613959,-0.601404727,-0.149021178,0.999962151,0.0153115885,-0.5905267,-0.130244315,0.999970615,0.112377785,-0.587250948,-0.0327215567,0.999912322,-0.029480217,-0.568960667,-0.0103184404,0.99984324,0.0525575429,-0.564034224,-0.0898576751,0.999928117,0.0122478567,-0.533958137,-0.112326227,0.999917924,0.194299191,-0.430912942,0.0965035632,0.999984682,-0.0822773054,-0.53307575,0.121331185,0.999978125,0.24516423,-0.224471942,0.0435684,0.939409673,-0.148873687,-0.243531063,0.0561534278,0.94737339,0.137628719,-0.105950229,-0.0378415175,0.973099589,-0.120866545,-0.085870184,-0.0598254316,0.980925739,0.0961086452,-0.0772085264,-0.0623271354,0.967895567,-0.0812169835,-0.0471792966,-0.117778227,0.976445913,0.0519684479,-0.101147428,-0.0713938102,0.971100807,-0.036402192,-0.0885685384,-0.132411867,0.977634192,0.117085561,-0.0951810479,-0.0429823436,0.954273403,-0.0980078131,-0.0903459191,-0.0757582635,0.961642802,0.0873955265,0.0120485947,0.0380823612,0.999946654,-0.0845856369,-0.0155965248,-0.0354365222,0.999941647,0.0538316928,0.423937857,-0.0548588559,0.723875821,-0.0668260232,0.326751441,-0.0965429097,0.828356,0.0235122684,0.781525552,-0.0075725317,0.821231246,-0.140413269,0.725336194,-0.0192387234,0.834863365,0.00074815983,0.817412376,-0.000404039776,0.517106712,-0.143188551,0.760348082,-0.0544718243,0.383183,0.0337815061,0.816952407,-0.0773841813,0.85771066,-0.119423196,0.773952782,-0.153903782,0.821978748
3766.6666666666547,0.0104985088,-0.569542646,-0.139870808,0.99997288,0.0315476246,-0.589323401,-0.130269423,0.999932,0.0355234,-0.589658618,-0.120141253,0.999911726,0.0345133841,-0.589841843,-0.124462888,0.999938667,0.00988121144,-0.603454947,-0.13774918,0.999955595,0.0119198011,-0.601313889,-0.149717852,0.999961376,0.0152443433,-0.590454698,-0.130906925,0.999970138,0.112321302,-0.586684108,-0.0351583771,0.999906421,-0.0293805506,-0.568866789,-0.011504502,0.99984169,0.0522704534,-0.563866079,-0.0907687,0.999924839,0.0121204546,-0.533835292,-0.113152638,0.999916732,0.194069073,-0.430906951,0.0921709,0.999984145,-0.0822457,-0.531866908,0.121010184,0.999978781,0.243974164,-0.224891245,0.0397618897,0.938260555,-0.148510009,-0.241619647,0.0557552166,0.947982669,0.123616114,-0.105453849,-0.0386803336,0.971363962,-0.121647179,-0.0817111,-0.0581550226,0.980892658,0.080036208,-0.0763104483,-0.0625153407,0.966390193,-0.0820719078,-0.0429736637,-0.11575228,0.97620976,0.0345442146,-0.0999911651,-0.0712083504,0.969688,-0.0378341042,-0.0838443935,-0.130188912,0.977455795,0.102244079,-0.0945728645,-0.0435307659,0.951965392,-0.0991055444,-0.0860433802,-0.0741286501,0.961511075,0.0873935148,0.0120533463,0.0377281792,0.999946654,-0.0845834762,-0.0156039279,-0.0351335332,0.99994266,0.0537750497,0.42392984,-0.0562923215,0.723701835,-0.0669379383,0.326937526,-0.0958967581,0.828166902,0.0235342924,0.781590044,-0.0136987921,0.82077688,-0.140468657,0.725509763,-0.0218526889,0.834574759,0.000754467736,0.817463517,-0.0073540369,0.514362693,-0.143317282,0.760497451,-0.0576085635,0.380801171,0.0324513838,0.817168,-0.0863716304,0.856736541,-0.120546989,0.773982763,-0.158381507,0.82106787
3783.333333333321,0.0091548115,-0.569104791,-0.161315411,0.999971747,0.0304181855,-0.588801086,-0.152592942,0.999928176,0.0344567373,-0.589054585,-0.142131895,0.999906778,0.0333971865,-0.589213,-0.146468684,0.999934852,0.00896914769,-0.60294348,-0.159812376,0.999953926,0.0109929806,-0.600724518,-0.171843126,0.999960124,0.014224818,-0.589901328,-0.152821258,0.999969304,0.11168962,-0.585685551,-0.0573227666,0.999900699,-0.0298934672,-0.568290591,-0.0324093625,0.999838233,0.0509563498,-0.563230693,-0.11197342,0.999921441,0.0110016475,-0.53328079,-0.134173483,0.999915063,0.193055257,-0.431085,0.0718612447,0.999983728,-0.0826950297,-0.530207217,0.109235108,0.999979079,0.242514223,-0.226489067,0.0237564724,0.937852,-0.148580939,-0.240482733,0.0545847453,0.948245883,0.112448558,-0.106580876,-0.0488027669,0.969670355,-0.123959802,-0.0761289597,-0.0531327948,0.980366111,0.0668151155,-0.0774218738,-0.0712562427,0.964760721,-0.0840596482,-0.0364832133,-0.109113559,0.975260437,0.0207695384,-0.101740099,-0.0793967173,0.968136489,-0.0412063897,-0.0767237097,-0.124512531,0.976621211,0.090545021,-0.0958242342,-0.0531824492,0.949396193,-0.101833932,-0.0801763,-0.0695051923,0.960435867,0.0873928145,0.0119902762,0.0372011401,0.999946415,-0.0845805854,-0.0155518427,-0.0347059853,0.999943256,0.0537479445,0.424115896,-0.0559558868,0.72439754,-0.0673625395,0.327183276,-0.0923270285,0.828512,0.0235905834,0.782178462,-0.0131349787,0.822216272,-0.142154917,0.726503432,-0.021299623,0.836207032,0.000776486,0.818046451,-0.00651651621,0.514152527,-0.145652339,0.761486948,-0.0569739752,0.38138783,0.0310662426,0.820269048,-0.0850338265,0.85725075,-0.125660419,0.775656581,-0.157932669,0.822266459
3799.9999999999877,0.0078608105,-0.566243827,-0.192262694,0.999971926,0.0289544407,-0.585849524,-0.184639186,0.999928415,0.0330545269,-0.585953176,-0.173763558,0.999906778,0.0319615491,-0.586073,-0.178106338,0.999935,0.00763680413,-0.599740803,-0.191961512,0.999954522,0.0096818665,-0.597319961,-0.204042852,0.999960601,0.0127937328,-0.586584032,-0.18479526,0.99996984,0.110082373,-0.58248806,-0.0878584906,0.999900401,-0.0314883851,-0.564186454,-0.0637797788,0.99984026,0.0496103652,-0.560180962,-0.142285213,0.999922097,0.00988832,-0.530010641,-0.164774865,0.999916852,0.191248432,-0.430849522,0.0446368195,0.999983847,-0.0836341158,-0.525461137,0.0890954062,0.999979615,0.238566339,-0.22735028,0.00477993209,0.938431323,-0.148567304,-0.238173977,0.0496562235,0.948728561,0.10156925,-0.106946982,-0.0595946535,0.968494296,-0.124899797,-0.0689829,-0.0562997498,0.979700148,0.0544569418,-0.077802144,-0.0804348141,0.963404596,-0.0847324133,-0.028215969,-0.112302467,0.974048495,0.00856833253,-0.102245733,-0.0891381204,0.966844738,-0.0426208489,-0.0673008561,-0.128077939,0.975556076,0.0796150789,-0.0961086527,-0.0638549253,0.947176337,-0.102873735,-0.0725735351,-0.0729584321,0.958975613,0.0872760862,0.0118982503,0.0361604206,0.999946654,-0.084461987,-0.0154863028,-0.0338100456,0.999944329,0.0533475764,0.424690515,-0.0557317175,0.721007228,-0.0686478838,0.327184886,-0.0888415202,0.82476455,0.0232033897,0.785108268,-0.0125924461,0.821352482,-0.143007651,0.727444589,-0.0208597574,0.835563719,0.000327992195,0.821079314,-0.00582094118,0.510813236,-0.146703377,0.762423754,-0.0564605407,0.379214138,0.0293267686,0.826068878,-0.0844797418,0.856694698,-0.128195465,0.776336551,-0.158117846,0.822129309
3816.6666666666542,0.00628598407,-0.562981665,-0.216800764,0.999972701,0.0273279436,-0.582422733,-0.209737465,0.999930441,0.0314315222,-0.582380176,-0.198634893,0.999909341,0.0303134527,-0.582477,-0.202928111,0.999936879,0.00614152942,-0.59609592,-0.217075914,0.999955952,0.00820269436,-0.593496382,-0.229277894,0.999961793,0.0112140449,-0.582825,-0.209848747,0.999970794,0.108437166,-0.578504264,-0.111793302,0.999903262,-0.0330503844,-0.559503615,-0.0880791321,0.999845,0.0479809344,-0.556509,-0.166473433,0.999924898,0.00852432,-0.52634728,-0.189108327,0.999920189,0.189777166,-0.430063903,0.02413835,0.999984264,-0.0847932398,-0.520254433,0.0709155053,0.999980152,0.234732211,-0.228393,-0.0117185749,0.940833867,-0.148445562,-0.235398024,0.0415097363,0.949679494,0.0946480408,-0.110176452,-0.0755196288,0.968994081,-0.12480662,-0.0632195324,-0.0589257218,0.978963256,0.0469087176,-0.0818196461,-0.0959450528,0.963768482,-0.0845442936,-0.0213558152,-0.114919074,0.972657323,0.00168754836,-0.106989823,-0.105405383,0.967139184,-0.0423514172,-0.0603506751,-0.130888402,0.974324644,0.0729044601,-0.099596329,-0.0799908638,0.947402358,-0.102721669,-0.0666238293,-0.075660415,0.957288086,0.0871263593,0.0117890276,0.0350892656,0.999947309,-0.0843153149,-0.0154024176,-0.0328798741,0.999945402,0.0520765372,0.425053865,-0.0553292334,0.723494649,-0.0691670626,0.327304184,-0.0820845813,0.823709846,0.022860162,0.786265254,-0.0118424632,0.824849546,-0.143362701,0.72825706,-0.0148348529,0.837724924,4.88228798e-005,0.822262049,-0.00534908799,0.513887346,-0.147198051,0.763199806,-0.0501996204,0.38167277,0.0275912415,0.828259528,-0.0840253457,0.85969907,-0.130086154,0.776536524,-0.155714,0.824985445
3833.3333333333208,0.00333436509,-0.560151637,-0.228404284,0.999973,0.024474455,-0.579461515,-0.222197458,0.999931455,0.028554406,-0.579317689,-0.210965931,0.999910593,0.0273764674,-0.579425871,-0.215280056,0.999938,0.00364334416,-0.593061924,-0.228949428,0.999956727,0.00573154446,-0.590346932,-0.24120675,0.99996227,0.00862938,-0.57969147,-0.221714348,0.999971271,0.105901644,-0.574667156,-0.126597881,0.999905169,-0.0343318321,-0.555216134,-0.100906372,0.999847412,0.0451019369,-0.553222895,-0.179010808,0.999927104,0.00624784827,-0.523103714,-0.201104984,0.999922872,0.188208655,-0.428316712,0.00776255457,0.999984741,-0.0862342641,-0.514927447,0.0605805963,0.999980628,0.230773956,-0.228327423,-0.0280067232,0.943183601,-0.148492396,-0.23283501,0.0336369723,0.950071692,0.0852440819,-0.110589892,-0.0882067904,0.96914196,-0.124723598,-0.0592803173,-0.0609369092,0.977608442,0.0361361466,-0.0829058811,-0.107520886,0.963625252,-0.0837655738,-0.0169059429,-0.117255896,0.970397711,-0.0081676431,-0.108376086,-0.116861321,0.966921687,-0.0419273376,-0.0561504252,-0.133014843,0.97225666,0.0637395382,-0.100126535,-0.0923403576,0.946786106,-0.102606513,-0.0627733842,-0.0775275454,0.954394,0.0870191,0.0115269143,0.0337028913,0.999948323,-0.0842150524,-0.0151787335,-0.0316102505,0.999946773,0.0509107,0.425154388,-0.0550830625,0.725362301,-0.0699053407,0.327473491,-0.0770500302,0.821508646,0.0222689975,0.786401272,-0.00732075423,0.827371418,-0.143874899,0.729938567,-0.00968210772,0.839863718,-0.000519391324,0.822336912,-0.000565560593,0.514744103,-0.147943825,0.764898598,-0.0448262952,0.383621097,0.0248411149,0.829475105,-0.0815718248,0.861675084,-0.133726209,0.778121352,-0.15258579,0.827615619
3849.9999999999873,0.00144517887,-0.557811,-0.239254355,0.999973,0.0223713517,-0.577070415,-0.233252734,0.999931931,0.0264173336,-0.576859593,-0.221902624,0.999911129,0.0251962915,-0.576949656,-0.226219699,0.999938607,0.00157594983,-0.590372384,-0.240030333,0.999957085,0.00368905743,-0.587582588,-0.252324313,0.999962389,0.00652159285,-0.576913536,-0.2327777,0.999971509,0.103694461,-0.572468162,-0.136900097,0.999906242,-0.0362845697,-0.551736176,-0.11165233,0.999848425,0.043294996,-0.550895929,-0.189580396,0.999928772,0.00466631632,-0.520542502,-0.211725116,0.999924898,0.186906651,-0.427882582,-0.000941462757,0.999985039,-0.0875510424,-0.510988653,0.0520435162,0.999980867,0.227332875,-0.228483,-0.0358104929,0.944815159,-0.148508906,-0.229995385,0.0274479017,0.950031161,0.080549106,-0.11150942,-0.0972882062,0.968657553,-0.12336421,-0.0559435375,-0.0622621812,0.975629508,0.0312238745,-0.0845565945,-0.116591983,0.962779164,-0.0802265406,-0.0135694295,-0.118795723,0.967290163,-0.0120712137,-0.110120475,-0.126060069,0.966058195,-0.0389511883,-0.0536022894,-0.134433821,0.969372094,0.059436731,-0.101074271,-0.101536937,0.94516784,-0.10088972,-0.0598060824,-0.0787276626,0.950244486,0.0869350657,0.0112593779,0.0325801149,0.999949396,-0.0841360539,-0.0149343396,-0.0305501297,0.999948204,0.0498500541,0.425554156,-0.0550132506,0.730555117,-0.070919469,0.327911705,-0.0702774301,0.820458472,0.021527037,0.786393046,-0.00474286499,0.831517339,-0.144189805,0.731633067,0.00164917158,0.843156695,-0.00120641279,0.822317779,0.0023824079,0.517995358,-0.14835763,0.766661,-0.0328789651,0.387259901,0.0225921739,0.830781519,-0.0799712911,0.86476326,-0.136182472,0.780369222,-0.141955227,0.831026
3866.666666666654,-0.000186552803,-0.556086123,-0.249719188,0.999972224,0.0207287185,-0.575136721,-0.243849397,0.999930859,0.0247266889,-0.574890733,-0.232393727,0.999909341,0.0234696511,-0.57493335,-0.236688197,0.999937773,-8.55816907e-005,-0.588309169,-0.250452071,0.999956608,0.00206712121,-0.585481,-0.262766868,0.999961734,0.00487491395,-0.574825287,-0.243155882,0.999971271,0.102043293,-0.56988132,-0.147769555,0.999904811,-0.0375235938,-0.548628569,-0.122081026,0.99984628,0.0417097583,-0.548987806,-0.200188428,0.99992919,0.00337727205,-0.518508613,-0.222268462,0.999925673,0.186054289,-0.426445365,-0.00962293,0.999985039,-0.0888847709,-0.506922245,0.0421651118,0.999981,0.225045368,-0.2283023,-0.0398661532,0.944433451,-0.148372158,-0.226180449,0.018078994,0.949543536,0.0753741786,-0.111137092,-0.0978779271,0.965747416,-0.121731348,-0.0538187325,-0.0675306842,0.973340571,0.0251107812,-0.0843668282,-0.116618618,0.959112346,-0.0771311596,-0.01257319,-0.123262942,0.963712752,-0.0177770928,-0.110003375,-0.126307636,0.962537,-0.03636273,-0.0533596799,-0.139436916,0.966048837,0.0542838499,-0.100674592,-0.102154732,0.939492881,-0.0990703255,-0.0581639782,-0.0848459378,0.945233643,0.0868662819,0.0110196602,0.032023,0.999950588,-0.0840783,-0.0147339348,-0.0300184861,0.999949872,0.0491999835,0.426077127,-0.0549223609,0.730880141,-0.0719849691,0.328759342,-0.0647522807,0.815506339,0.0206469204,0.786865115,-0.00390400295,0.833542049,-0.144741133,0.733804405,0.0102231679,0.844195902,-0.00197918783,0.822703898,0.00326488982,0.518464267,-0.148990259,0.768933,-0.0240213554,0.386621773,0.0225420594,0.832948804,-0.079803817,0.866449714,-0.137252,0.784015298,-0.134789735,0.832231581
3883.3333333333203,-0.00141492765,-0.552554488,-0.282632381,0.999971867,0.0196872856,-0.571350753,-0.277330309,0.999930859,0.0236358,-0.570927262,-0.265635878,0.999908745,0.022297956,-0.570926607,-0.269835502,0.999937654,-0.00140225177,-0.584370136,-0.283872902,0.999956787,0.000786180783,-0.581487298,-0.296330601,0.999961793,0.00362692447,-0.570884109,-0.276417583,0.999971569,0.101161949,-0.565710962,-0.178906456,0.999904215,-0.0388545,-0.543920279,-0.154106453,0.999846756,0.0405477844,-0.545474887,-0.232168376,0.999930263,0.00233652815,-0.514965773,-0.254588455,0.999927342,0.185373962,-0.424899369,-0.0326122642,0.999985,-0.0901771411,-0.502822101,0.0160178691,0.999981344,0.222267732,-0.228129476,-0.0512431934,0.943886,-0.148216739,-0.222247198,-0.00378051517,0.950244963,0.0701435357,-0.110698953,-0.10208457,0.962087631,-0.117403574,-0.0503887869,-0.0883649737,0.972215772,0.0183774959,-0.0840446651,-0.119727112,0.954386055,-0.070438832,-0.00986976083,-0.144660935,0.9615556,-0.0240779407,-0.109174646,-0.130063981,0.958010554,-0.0293555595,-0.0515070669,-0.160789013,0.964059353,0.0488275699,-0.100274064,-0.106241442,0.932435095,-0.0938846,-0.0551276952,-0.106289126,0.941970944,0.0868086815,0.0107376436,0.0319632925,0.999951661,-0.084040314,-0.0144928973,-0.0299610905,0.999951661,0.0487223901,0.427042365,-0.0512069464,0.733886361,-0.0728396773,0.329429388,-0.0598037131,0.814844251,0.0203200858,0.787150919,0.0139515577,0.836682439,-0.145675331,0.735537946,0.0232716016,0.847799122,-0.00220313342,0.82292217,0.0226783361,0.522095919,-0.150112212,0.77067548,-0.00968178082,0.389962673,0.0226456448,0.8353616,-0.0601403788,0.869117498,-0.138542026,0.788018048,-0.121160582,0.835834682
3899.999999999987,-0.00221995241,-0.548709273,-0.309522748,0.999971271,0.0192053132,-0.567428946,-0.305002,0.999930501,0.0230840743,-0.566818535,-0.293006599,0.999907792,0.0217070729,-0.566817403,-0.297283113,0.999937236,-0.00222084462,-0.580518305,-0.311456114,0.999956548,1.08571585e-005,-0.577587664,-0.32412678,0.999961436,0.00287353387,-0.567018807,-0.303916752,0.999971509,0.100749686,-0.56146431,-0.205665797,0.999903321,-0.0397775806,-0.539917469,-0.181215316,0.999845088,0.0397168174,-0.541709304,-0.258564115,0.999930084,0.00155575748,-0.511376381,-0.281128585,0.999927461,0.184732795,-0.423366964,-0.0563645475,0.999984741,-0.0909398273,-0.499662966,-0.00743527478,0.999981284,0.218808666,-0.22809881,-0.0682252273,0.942991853,-0.146337464,-0.220080793,-0.0280823819,0.949944913,0.0646521822,-0.104650572,-0.110200085,0.956610739,-0.108968027,-0.0488301,-0.113018498,0.969597816,0.0121569103,-0.0759306699,-0.126259476,0.94745487,-0.0600850545,-0.00843705,-0.169841841,0.957446575,-0.0300830361,-0.100981921,-0.137708455,0.951459169,-0.018299168,-0.0505533777,-0.185411632,0.960259855,0.0432681926,-0.0928915367,-0.114355862,0.922710836,-0.0845498741,-0.0537552275,-0.131146252,0.936045587,0.0867145732,0.0104510942,0.0317410715,0.999952793,-0.083976835,-0.0142272543,-0.0297425929,0.99995327,0.048263181,0.427252561,-0.0487182029,0.737228334,-0.0738635808,0.330176353,-0.0551914051,0.813383102,0.0203239806,0.78718859,0.0206128843,0.840659,-0.145880803,0.736914098,0.0321434699,0.851480544,-0.00214006496,0.822958767,0.0295958742,0.527632236,-0.150356591,0.77202493,-0.000353903248,0.394475698,0.0231034681,0.837065458,-0.0534384,0.872492,-0.139570236,0.790975153,-0.11151436,0.839666367
3916.6666666666533,-0.00277855108,-0.545830905,-0.331357658,0.999970078,0.018887775,-0.564586759,-0.327432245,0.99992919,0.0226883404,-0.563841164,-0.315156937,0.999905527,0.021289546,-0.563828886,-0.319452018,0.999936,-0.00292182481,-0.577633262,-0.334213525,0.999955595,-0.000657017925,-0.57468158,-0.34702456,0.999960363,0.00224556518,-0.564143777,-0.326613545,0.999971,0.100226119,-0.558553636,-0.226405546,0.999900937,-0.0412189886,-0.536796272,-0.203912348,0.9998402,0.0390325338,-0.53897059,-0.279667705,0.999928117,0.000838282402,-0.50865972,-0.302833676,0.999925554,0.183842048,-0.422167689,-0.0733297393,0.999984145,-0.0921530128,-0.497143894,-0.0262529161,0.999980628,0.211571157,-0.227975532,-0.0769414902,0.94099319,-0.143819734,-0.218710303,-0.0473460443,0.948460758,0.0582089797,-0.0967572778,-0.111858018,0.948072791,-0.101643205,-0.049157057,-0.133253008,0.964296877,0.00580153428,-0.0658786446,-0.126969293,0.936775744,-0.0518289544,-0.00920955557,-0.190803602,0.949790657,-0.034804076,-0.0898654312,-0.139319256,0.941400409,-0.0100003509,-0.0515355021,-0.205671117,0.953121722,0.037432123,-0.0833466202,-0.116197266,0.908504128,-0.0767968595,-0.0542407595,-0.151419148,0.925468206,0.0866984725,0.0101375962,0.0316142626,0.999954,-0.083967112,-0.0139191467,-0.0296079889,0.999954879,0.0477609299,0.427717179,-0.0450995602,0.742556095,-0.0749322101,0.331056505,-0.0514170863,0.812672853,0.0203000084,0.787488103,0.0278694853,0.845453858,-0.146116897,0.737562239,0.0402973332,0.855511129,-0.00212843576,0.823292792,0.037117403,0.534510732,-0.150657982,0.772588313,0.00815963931,0.399766952,0.0238942597,0.838965535,-0.0467653498,0.876346111,-0.14115496,0.791721761,-0.103143983,0.843756735
3933.33333333332,-0.00362970051,-0.543961942,-0.327382416,0.999969,0.0181255043,-0.562942088,-0.323475659,0.999927878,0.0218633637,-0.562165737,-0.311161965,0.999903321,0.0204805117,-0.562147498,-0.315565318,0.999934912,-0.00395708485,-0.576107264,-0.330514878,0.9999547,-0.00168027496,-0.573121488,-0.343309134,0.99995935,0.00124841626,-0.562582374,-0.322980702,0.999970376,0.0987160131,-0.557434142,-0.222538516,0.999898553,-0.0432858318,-0.53584516,-0.201538101,0.999835253,0.0378596894,-0.537456453,-0.275640488,0.999925554,-0.000331797492,-0.507169127,-0.299180061,0.999923,0.181151941,-0.421611816,-0.0714364499,0.999983668,-0.0936113074,-0.496315271,-0.026689237,0.999979913,0.201651961,-0.227667138,-0.074332945,0.93914634,-0.139493078,-0.217826664,-0.0509841181,0.946977317,0.0487181321,-0.0880977139,-0.107907012,0.940669179,-0.0930286273,-0.0479332022,-0.134206742,0.958591,-0.00321136066,-0.0544722602,-0.123450279,0.927516222,-0.0428835265,-0.00755981077,-0.191090375,0.941741765,-0.0436775573,-0.0764347464,-0.135442063,0.932673,-0.00121857831,-0.0494991429,-0.205522537,0.945590496,0.0282438882,-0.0732229128,-0.112207033,0.896341205,-0.06812758,-0.0528985932,-0.152110577,0.914603114,0.086649619,0.00986992568,0.0316084363,0.999955237,-0.0839377195,-0.0136567969,-0.0295999795,0.99995631,0.0470713526,0.42780003,-0.0426123403,0.743289,-0.075758718,0.331291199,-0.0515373051,0.809493542,0.0191782191,0.787541568,0.0297488086,0.847515106,-0.146569744,0.737520516,0.0384978615,0.857470393,-0.00304414099,0.823367894,0.0388494916,0.536905408,-0.151102155,0.772533953,0.00596689526,0.400910437,0.0239818413,0.839031696,-0.0450294539,0.878285766,-0.141156837,0.791459203,-0.104895741,0.845841467
3949.9999999999864,-0.00461697206,-0.543654799,-0.329379201,0.999968767,0.0171104409,-0.562710762,-0.325673908,0.999928117,0.0207973421,-0.561930597,-0.313364804,0.9999035,0.0194152016,-0.561885774,-0.317684442,0.999935091,-0.00512455078,-0.575876,-0.332770079,0.99995482,-0.00288522919,-0.572893,-0.345594913,0.999959469,0.000177309077,-0.562327087,-0.325247824,0.999970555,0.0968002602,-0.55771631,-0.224635616,0.999898791,-0.0452078655,-0.536093712,-0.204965025,0.999835551,0.0366509706,-0.537385941,-0.277595222,0.999925911,-0.0014144266,-0.507130921,-0.301582158,0.999923527,0.179554388,-0.421636552,-0.0717907473,0.999983609,-0.0957241505,-0.496880949,-0.0313472226,0.999979913,0.196990132,-0.227554709,-0.0720224231,0.940248251,-0.134430483,-0.216482431,-0.0544484891,0.94849503,0.0452123433,-0.0863396674,-0.106007807,0.940274954,-0.0808076486,-0.047229398,-0.137866944,0.958953798,-0.00678455969,-0.0523238666,-0.121581815,0.926541924,-0.029663397,-0.00685264356,-0.195311561,0.94192785,-0.0481885932,-0.074754931,-0.133548751,0.931777477,0.0121481325,-0.0494384058,-0.20986031,0.94581759,0.0242933966,-0.0715146884,-0.110240206,0.894819677,-0.0554784834,-0.0524561591,-0.155681208,0.914587259,0.086648196,0.0097338669,0.0318592042,0.999955952,-0.0839567408,-0.0135322679,-0.0298485551,0.999957323,0.0465407334,0.427718788,-0.0387018733,0.74782151,-0.0776828527,0.330856174,-0.0506947078,0.810724556,0.0177561399,0.786133826,0.0380356051,0.850791335,-0.14845188,0.73638922,0.045379281,0.860461116,-0.00436422741,0.821905375,0.0477423817,0.5431301,-0.152895585,0.771314323,0.013725305,0.405051112,0.0239705089,0.838296175,-0.0346170329,0.881578147,-0.141415983,0.790766537,-0.0962113962,0.849181712
3966.666666666653,-0.00702719204,-0.543862402,-0.317105234,0.999968231,0.0145205567,-0.562944293,-0.312883347,0.999927521,0.0182375852,-0.562208474,-0.300738931,0.999902427,0.0168814454,-0.562153757,-0.30509159,0.999934614,-0.00762272533,-0.576163113,-0.320054501,0.999954522,-0.00541375345,-0.573195636,-0.332787305,0.999959171,-0.00226455834,-0.562630594,-0.312587142,0.999970436,0.0931042209,-0.558083653,-0.212485611,0.99989748,-0.04806621,-0.536585033,-0.192772821,0.999833882,0.0338509716,-0.537669539,-0.265694052,0.999925077,-0.00396522041,-0.507421196,-0.289645016,0.999922931,0.175208211,-0.421604484,-0.0619140789,0.999983311,-0.0981476381,-0.497408628,-0.0236282367,0.999979794,0.188379705,-0.226848796,-0.0668716356,0.939681411,-0.132565439,-0.215981081,-0.0504243262,0.949356377,0.0392831489,-0.0843513,-0.101321645,0.93843,-0.0778534263,-0.0476978235,-0.135557756,0.958405852,-0.0119175045,-0.0498574227,-0.115828283,0.924180508,-0.0271527134,-0.00741708325,-0.192955881,0.940984607,-0.0533501357,-0.0720937103,-0.127998322,0.929577708,0.0144549469,-0.0500731841,-0.207429454,0.944966197,0.0186148845,-0.0695495754,-0.105301872,0.8915447,-0.0527984276,-0.0529982932,-0.153219298,0.9130193,0.0866073892,0.0096653942,0.0324530266,0.999956608,-0.0839319,-0.0134729724,-0.0304138809,0.999958217,0.0454624742,0.427425802,-0.0372881889,0.745677412,-0.0783498362,0.330137491,-0.0515452288,0.809227,0.0130997803,0.784842432,0.0366250053,0.850105584,-0.151157439,0.733276904,0.0419245921,0.860999167,-0.00917104632,0.820626199,0.0460298732,0.543280423,-0.155671686,0.767906368,0.0098141823,0.404907942,0.0229307953,0.835662782,-0.0358743519,0.881901383,-0.141455844,0.786612034,-0.0995529369,0.849847734
3983.3333333333194,-0.00857669,-0.544071496,-0.313437,0.999967635,0.0128511619,-0.56318593,-0.309280574,0.999926865,0.0165952872,-0.562480688,-0.297077477,0.999901474,0.0152594121,-0.562426686,-0.301502347,0.999934196,-0.00928092934,-0.576436639,-0.316802084,0.999953926,-0.00706902659,-0.573483169,-0.329535276,0.999958575,-0.00391191058,-0.562915623,-0.30933252,0.99997,0.0901438892,-0.558387637,-0.208713025,0.999896526,-0.0505595,-0.536941707,-0.1904089,0.999829829,0.0317842662,-0.537917197,-0.261970252,0.999923,-0.00591294514,-0.507669151,-0.286360979,0.999920487,0.171201706,-0.421643108,-0.0587938577,0.999983,-0.100207552,-0.497579664,-0.0213345718,0.999979079,0.183517531,-0.22642149,-0.0635448173,0.938883364,-0.132148162,-0.216215268,-0.0497769527,0.948315442,0.036823377,-0.0812198073,-0.0938757211,0.935148656,-0.0783272237,-0.0484621562,-0.134070322,0.953882635,-0.0138040232,-0.0456876159,-0.107271917,0.920041323,-0.0280078072,-0.00810596,-0.19100076,0.935171187,-0.0545452796,-0.0672614351,-0.119631313,0.92570281,0.0132189896,-0.0508919805,-0.205293328,0.939498425,0.0166723467,-0.0660826266,-0.0977275148,0.886153519,-0.0535503291,-0.0539641231,-0.151644737,0.905276358,0.0864806697,0.0095676966,0.0327312462,0.999957442,-0.0838267431,-0.0133688934,-0.0306774098,0.999959111,0.0447575413,0.426816314,-0.0354563147,0.745385528,-0.0789824352,0.329494268,-0.0521588027,0.808867395,0.00939997192,0.78317517,0.0350390933,0.851167202,-0.152975351,0.731641412,0.0409788787,0.863073885,-0.0130816093,0.818942726,0.0441835597,0.546649098,-0.15762,0.766131163,0.00858122,0.408571541,0.0214667358,0.832377851,-0.0375789553,0.883233905,-0.142198652,0.783554077,-0.100430995,0.851866722
3999.999999999986,-0.0113870557,-0.5445683,-0.311778218,0.999966323,0.0103343725,-0.56364882,-0.307453275,0.999924839,0.0139877675,-0.562961698,-0.295275569,0.99989897,0.0126792118,-0.562915266,-0.299605459,0.999932826,-0.0120969219,-0.576883495,-0.314536691,0.999952078,-0.00986367371,-0.573946655,-0.327264726,0.999956787,-0.0066611995,-0.563352525,-0.307134956,0.999968767,0.0887109637,-0.558529,-0.207098454,0.999894142,-0.0525574796,-0.537175059,-0.187113464,0.999821126,0.0294354707,-0.538313687,-0.260668159,0.999920905,-0.00845288951,-0.508087695,-0.284448028,0.999917626,0.170372948,-0.421633691,-0.0593621,0.999982953,-0.102292627,-0.497947901,-0.0180280656,0.999977887,0.18054001,-0.224896908,-0.0627005696,0.938916504,-0.132344693,-0.216473401,-0.0472200438,0.944435179,0.0366873741,-0.0729790181,-0.0938202664,0.932960272,-0.0802399591,-0.0497517176,-0.132371008,0.944556952,-0.0126579311,-0.0358864553,-0.107500084,0.917161584,-0.0304198619,-0.00939822663,-0.189061508,0.923555732,-0.053439185,-0.0555748865,-0.119986758,0.923032939,0.010818989,-0.0522587374,-0.203339934,0.928571641,0.0166576989,-0.0566013157,-0.0977386,0.882272184,-0.0555706918,-0.0553601049,-0.14989607,0.891040742,0.0866436213,0.00930135418,0.0327612385,0.999958396,-0.0840132087,-0.0130757224,-0.0306944661,0.999959946,0.0447757132,0.425636023,-0.0328069925,0.746841073,-0.0798426345,0.329357535,-0.0524915531,0.808434486,0.00962428562,0.780912578,0.0472794957,0.852569,-0.158709258,0.731580317,0.0433189757,0.865096509,-0.012852543,0.816661298,0.0577241145,0.546198249,-0.164286748,0.766061604,0.0118759265,0.408805609,0.0188184474,0.832112312,-0.0241802707,0.884543538,-0.148753881,0.783976316,-0.0972593948,0.853922665
4016.6666666666524,-0.0126963733,-0.544769168,-0.323028445,0.999965608,0.00928720739,-0.56385082,-0.318899393,0.999924064,0.0129030589,-0.5631212,-0.306644082,0.999898195,0.0115955332,-0.563085914,-0.310888976,0.999932349,-0.0133948363,-0.577065527,-0.325816631,0.999951124,-0.0111430679,-0.574133396,-0.3386437,0.999955893,-0.00789970718,-0.563550115,-0.318351656,0.999968112,0.0881893784,-0.558664918,-0.21781069,0.999893069,-0.0536194891,-0.537407577,-0.197361499,0.999815881,0.0282253884,-0.538529932,-0.271722615,0.999919534,-0.00977289304,-0.508326,-0.295407921,0.999915838,0.16965571,-0.421824336,-0.0687125176,0.999982953,-0.103373893,-0.498146534,-0.0252674688,0.999977112,0.179909319,-0.224548876,-0.0663379058,0.939193308,-0.132599577,-0.216635972,-0.0530627109,0.942563772,0.0385004,-0.0669459477,-0.0949287191,0.9311046,-0.0805748627,-0.0500450805,-0.13662833,0.939281285,-0.0103094168,-0.0284840111,-0.108592838,0.914523423,-0.0306208245,-0.00955196936,-0.193031207,0.916629732,-0.0511565767,-0.0464874767,-0.121330671,0.92055434,0.0104615623,-0.0526125655,-0.206899285,0.922112703,0.0184753034,-0.0493308268,-0.0988510698,0.878732204,-0.055767186,-0.0555235408,-0.154042989,0.882235348,0.0867337808,0.00897132605,0.0328860655,0.999959469,-0.0841187164,-0.0127310278,-0.0308011845,0.999960959,0.0448819,0.425133914,-0.0284211468,0.750865698,-0.081299372,0.329349041,-0.0526528321,0.812155306,0.010065834,0.779551446,0.0593451299,0.8559075,-0.16191183,0.731556416,0.0429467894,0.869527936,-0.0124378726,0.815315783,0.0705770627,0.55089438,-0.167729616,0.766013086,0.0117549505,0.41472581,0.018921392,0.831908107,-0.00969908,0.887386739,-0.151941016,0.784868658,-0.0971699,0.858517408
4033.333333333319,-0.0135343429,-0.54481262,-0.345320821,0.999964774,0.00869193673,-0.563951433,-0.34168756,0.999923408,0.0122690918,-0.563211,-0.329191208,0.999897361,0.0109663755,-0.563189,-0.333520323,0.999932051,-0.0143580548,-0.577157557,-0.348659545,0.999950171,-0.0120797055,-0.574237704,-0.361680955,0.99995482,-0.00883645751,-0.563667238,-0.341093,0.999967277,0.0879585668,-0.558790565,-0.238925651,0.999891877,-0.0547851063,-0.537272751,-0.218664348,0.999808609,0.0274434332,-0.538623571,-0.293307424,0.99991715,-0.010773411,-0.508397877,-0.317100078,0.999912679,0.168794274,-0.421839565,-0.0870014,0.999982774,-0.10409002,-0.497180969,-0.0407933183,0.99997586,0.178295836,-0.223964319,-0.0781355,0.938400686,-0.132794261,-0.21610041,-0.0667613298,0.939775527,0.0402004421,-0.0604273304,-0.0993764848,0.926443279,-0.0798715055,-0.0500568226,-0.1493036,0.930954814,-0.00826975051,-0.0207600892,-0.112378649,0.908346057,-0.0294784084,-0.00977475755,-0.205881193,0.905905128,-0.0492029041,-0.0367705859,-0.125660241,0.914707363,0.0118685532,-0.0527021512,-0.219222695,0.912063777,0.0203220751,-0.0413966514,-0.103265397,0.87064743,-0.0546768978,-0.0555438027,-0.166882336,0.868839383,0.0867512673,0.00859384704,0.03290461,0.999960661,-0.0841430798,-0.0123470016,-0.0308178458,0.999962091,0.0448944,0.42475751,-0.0240776353,0.753787041,-0.0847633928,0.329023212,-0.0531093,0.815342367,0.0101681501,0.779460132,0.0655312091,0.860278606,-0.163281977,0.731247604,0.0428012535,0.87434411,-0.0123556955,0.815271616,0.0767859519,0.558507562,-0.168881625,0.76559031,0.0116629973,0.422628105,0.0202782918,0.831947,-0.00373984687,0.890859365,-0.153230041,0.785340846,-0.0973239616,0.863503039
4049.9999999999854,-0.0157594346,-0.544902802,-0.336475879,0.99996388,0.00621148432,-0.564039528,-0.332427055,0.999922216,0.00982210319,-0.563295424,-0.320118964,0.999895751,0.00859624799,-0.563280821,-0.324414,0.999931216,-0.0168280769,-0.577234685,-0.339475691,0.999949098,-0.014548121,-0.574320495,-0.352386653,0.999953747,-0.0113283601,-0.563748181,-0.33195889,0.999966502,0.0860680789,-0.559052944,-0.230468765,0.999889851,-0.0567537546,-0.537439704,-0.210089192,0.999802649,0.0254604146,-0.538760543,-0.284752786,0.999914825,-0.0127905784,-0.508492768,-0.308495283,0.999909937,0.166781902,-0.42193836,-0.0799635276,0.999982774,-0.104910642,-0.497145593,-0.0351110175,0.999975204,0.173960775,-0.22293514,-0.0763963088,0.936443508,-0.133193612,-0.215528816,-0.0620704256,0.937142313,0.0390456244,-0.0541352741,-0.0939700529,0.921559334,-0.0804501623,-0.0485337377,-0.147059605,0.923913658,-0.00833740737,-0.0133398268,-0.106435336,0.902552545,-0.0301110987,-0.00802482199,-0.204443246,0.897118449,-0.0487212352,-0.0275603831,-0.119359516,0.90919441,0.0112019377,-0.0503029078,-0.218325257,0.903722107,0.0197193287,-0.0345610417,-0.0976084843,0.863146186,-0.0552915186,-0.0539142787,-0.164677098,0.857770085,0.0867574513,0.0084792329,0.0329462,0.999962091,-0.084149532,-0.0122217247,-0.0308563057,0.999963403,0.0449090712,0.42460224,-0.0242268257,0.756686091,-0.0865315199,0.329020083,-0.0538338162,0.818975687,0.00992676243,0.779610097,0.0612578169,0.864928663,-0.166386336,0.731205046,0.0424883254,0.879205287,-0.0126412511,0.815508187,0.0719915479,0.565995753,-0.17195867,0.765536308,0.0112435762,0.429784983,0.0203239936,0.832048953,-0.00867655,0.894556105,-0.154931784,0.785682917,-0.0984966159,0.868538499
4066.666666666652,-0.0161566753,-0.545008421,-0.334332407,0.999962509,0.00567747699,-0.564161837,-0.330679983,0.999919951,0.00927206129,-0.563429892,-0.318356723,0.999892831,0.00808013,-0.563416123,-0.322706252,0.999929547,-0.0172749422,-0.577366292,-0.337605804,0.99994719,-0.0149802212,-0.574457228,-0.350481451,0.999951959,-0.0117568579,-0.563884079,-0.330109924,0.999965191,0.0855503,-0.559144914,-0.230061635,0.999886632,-0.0568992458,-0.537509263,-0.20901303,0.99979347,0.0250893515,-0.538877964,-0.28290543,0.999911606,-0.0130286412,-0.508605599,-0.306482047,0.999906123,0.166494802,-0.421957493,-0.0792755,0.999982715,-0.104849078,-0.49713254,-0.034640111,0.999974549,0.173803419,-0.221858412,-0.0741305053,0.935212851,-0.133340925,-0.215387493,-0.0612355731,0.935178697,0.0398574211,-0.0503759086,-0.0923204944,0.91756171,-0.0807499141,-0.0475058816,-0.145045027,0.917829394,-0.00738237891,-0.00928309094,-0.104398765,0.897348225,-0.0304712374,-0.00675451336,-0.201882213,0.889185488,-0.0477934591,-0.0233984776,-0.117430739,0.904301047,0.0108672781,-0.0485672951,-0.215707555,0.896269,0.0205902923,-0.0307035763,-0.0959467143,0.856564224,-0.0555739813,-0.0527065843,-0.162594974,0.84782517,0.0867411122,0.00841865409,0.0329950973,0.999963045,-0.084137857,-0.0121616172,-0.0309093334,0.999964356,0.0452367961,0.424446076,-0.0241882969,0.756974518,-0.0868616253,0.329016805,-0.0540186316,0.819625378,0.0100383712,0.779598296,0.0586948469,0.867507577,-0.167911887,0.730957747,0.0418900661,0.882187426,-0.0125207612,0.815505385,0.0691239238,0.570027471,-0.173463583,0.76524049,0.01046775,0.433029,0.0208110549,0.832004726,-0.011808373,0.896776557,-0.155448154,0.785554707,-0.0993075371,0.871695042
4083.3333333333185,-0.016164951,-0.544939578,-0.334497392,0.999961138,0.00555534195,-0.564150929,-0.331144571,0.999917388,0.00912419893,-0.563417852,-0.318755448,0.999889374,0.00794778485,-0.563409448,-0.32318154,0.999927521,-0.0173375309,-0.577341676,-0.338100314,0.999945104,-0.015036854,-0.57442677,-0.350952,0.999950051,-0.0118053081,-0.56384176,-0.33060953,0.99996382,0.0852055252,-0.559286416,-0.231069803,0.999883056,-0.0569058284,-0.537409067,-0.210285887,0.999783814,0.0250666775,-0.538937509,-0.283118546,0.999908209,-0.0129764071,-0.508579314,-0.306779593,0.999902,0.166456893,-0.42196086,-0.0781427324,0.999982536,-0.10468068,-0.497209311,-0.0369360857,0.999973834,0.17504546,-0.220442951,-0.0732263,0.934783101,-0.133184254,-0.215456128,-0.0642417818,0.934604883,0.0405943319,-0.048019357,-0.0827856064,0.915252924,-0.0799030736,-0.0472454242,-0.146564782,0.914261,-0.00669673923,-0.00669950899,-0.0942048,0.893864453,-0.0294636115,-0.00631061057,-0.202894896,0.884000838,-0.0471365117,-0.0215619802,-0.10725794,0.901049793,0.0122478707,-0.0478423126,-0.216184705,0.891352654,0.021265801,-0.028655326,-0.0863575414,0.852253735,-0.0545339957,-0.0522667766,-0.16387707,0.841100216,0.0866367668,0.00839347579,0.0332122371,0.999963522,-0.0840536132,-0.0121368151,-0.0311331917,0.999964774,0.0454256833,0.424665809,-0.0240674168,0.758198,-0.0868357643,0.329018593,-0.0530787893,0.819214642,0.00991618168,0.779625118,0.0575828589,0.870734453,-0.168051109,0.730398,0.0433079191,0.884533107,-0.0126679717,0.815533519,0.0674395189,0.57605505,-0.173535809,0.764671683,0.0117472252,0.436176419,0.020864334,0.832,-0.0162893236,0.899375737,-0.155254945,0.784919083,-0.0988141447,0.874113917
4099.999999999985,-0.017185526,-0.544780672,-0.339189082,0.999958873,0.00434018113,-0.564037263,-0.336331576,0.999912918,0.00785097945,-0.56328094,-0.323862642,0.999883473,0.00668167276,-0.563280523,-0.328324407,0.999923944,-0.0183922052,-0.577201128,-0.343269438,0.999941647,-0.0160805322,-0.574285507,-0.356191665,0.999946952,-0.0127911288,-0.563696265,-0.335739702,0.999961555,0.0836050734,-0.559395194,-0.237268955,0.999877274,-0.0574846976,-0.53728354,-0.216667473,0.999769449,0.0239856187,-0.538953781,-0.288122803,0.999903738,-0.0136940507,-0.508534491,-0.311908245,0.999896765,0.16550684,-0.422008157,-0.0815230235,0.999982297,-0.104742445,-0.497276902,-0.0443777628,0.999973178,0.175349191,-0.220270067,-0.0718612745,0.93434006,-0.133261308,-0.215518802,-0.0737255439,0.934446394,0.0411012582,-0.0476092324,-0.0790973157,0.913302839,-0.0798635706,-0.0470848121,-0.15659222,0.91217804,-0.00630699797,-0.00620681141,-0.0903962925,0.890791655,-0.0295185316,-0.00615035,-0.213123947,0.880625844,-0.0466733351,-0.0211172942,-0.10354273,0.898159504,0.0124038225,-0.0475029312,-0.225716069,0.888149798,0.0217440054,-0.0281183384,-0.0827241614,0.848308563,-0.0544122607,-0.0519493073,-0.1737452,0.836374,0.0865414366,0.00834282301,0.0337403268,0.999963641,-0.0839809775,-0.0120919487,-0.0316580683,0.999964893,0.0454871133,0.424657404,-0.0217308234,0.757979214,-0.0875593051,0.328992516,-0.0520868972,0.818916559,0.00956079364,0.779486597,0.0563956127,0.872926831,-0.168885067,0.729898214,0.0443186201,0.886588693,-0.013045541,0.815411,0.0661049,0.580834806,-0.174240798,0.764151335,0.0126796365,0.439687818,0.0209077094,0.831748,-0.017547803,0.901145339,-0.155439869,0.784163892,-0.0981926546,0.876049399
4116.666666666652,-0.0176133942,-0.544881284,-0.340109,0.999957085,0.00393696968,-0.56415683,-0.337523311,0.999909401,0.00740948971,-0.563385129,-0.325069904,0.999879,0.00623468356,-0.563392103,-0.329516709,0.999921203,-0.0187303964,-0.577314913,-0.344141662,0.999938667,-0.0164205711,-0.57439822,-0.357040972,0.99994427,-0.013108708,-0.563794911,-0.336618394,0.999959588,0.083461754,-0.559631944,-0.239213929,0.999873161,-0.0574130863,-0.537332833,-0.21731548,0.999756932,0.0237385035,-0.539118111,-0.289346665,0.99990046,-0.0138281547,-0.508649528,-0.312708348,0.999892592,0.165607423,-0.422249287,-0.0825552121,0.999982119,-0.104555063,-0.497474253,-0.0449615568,0.999972403,0.175674617,-0.220266342,-0.0710618,0.93498534,-0.133339524,-0.216050774,-0.0747232065,0.933963478,0.0428132154,-0.0485584214,-0.0763488337,0.912995636,-0.0792570114,-0.0473793298,-0.15905869,0.908981144,-0.0045368392,-0.00756037422,-0.0875838101,0.889700413,-0.0285739731,-0.00635587098,-0.215734869,0.876002669,-0.0448491685,-0.0229431223,-0.100765444,0.897125,0.0136780404,-0.0477210917,-0.227996171,0.883732617,0.0235012285,-0.0292937141,-0.0799444467,0.846889853,-0.053545054,-0.0521875918,-0.176048189,0.830409229,0.0865088329,0.00830350816,0.0339832641,0.999964,-0.0839616507,-0.0120462421,-0.0318952836,0.999965131,0.0460380055,0.424693853,-0.0207100436,0.760788739,-0.0877300352,0.328987122,-0.05127009,0.82063067,0.0099138217,0.778724313,0.0589213595,0.875849843,-0.169083014,0.729863465,0.0480394363,0.889603376,-0.0127179446,0.81449157,0.0689355284,0.586219668,-0.17441082,0.764132679,0.016722979,0.445136428,0.0211682245,0.831200421,-0.0147033595,0.903298259,-0.155728072,0.784145474,-0.0943678766,0.878908157
4133.333333333319,-0.0175809879,-0.545169473,-0.338597208,0.99995625,0.00395831326,-0.56448108,-0.335864216,0.999907792,0.00742630614,-0.563705683,-0.32343021,0.999877036,0.0062460443,-0.563726604,-0.327875435,0.99992,-0.0187054146,-0.577624917,-0.342449844,0.999937117,-0.0164032448,-0.574711859,-0.355310321,0.99994278,-0.0130892461,-0.564080715,-0.334933579,0.999958456,0.083526209,-0.560425758,-0.23722592,0.999871373,-0.0573498271,-0.537580431,-0.215303898,0.999749541,0.0237963647,-0.539601,-0.287801653,0.999898732,-0.013779752,-0.509013057,-0.311062157,0.999890089,0.16569759,-0.42340973,-0.0813368335,0.999982119,-0.104293481,-0.497900188,-0.0430537835,0.999971688,0.176758513,-0.22071448,-0.0681863353,0.93587482,-0.133275136,-0.216477603,-0.0728684515,0.933011651,0.0459953845,-0.0493388362,-0.0706034228,0.913114429,-0.0777573958,-0.0478740707,-0.15720281,0.90529865,-0.00121382496,-0.00847660471,-0.0814573318,0.889207244,-0.0265987348,-0.00677909702,-0.213733822,0.870923698,-0.0415275693,-0.0239115022,-0.0946180522,0.896638453,0.0156547036,-0.0483125746,-0.22609514,0.878809035,0.0267533846,-0.0301315654,-0.0740983,0.846289694,-0.0518683679,-0.0527126901,-0.174163461,0.824052036,0.0865023136,0.00821826048,0.0340445302,0.999964416,-0.0839606225,-0.0119417356,-0.0319508202,0.99996537,0.0466518775,0.424695343,-0.0199925378,0.764445,-0.0883047432,0.328946382,-0.050888896,0.822311938,0.011022876,0.777105629,0.0617404804,0.878553629,-0.16894713,0.729768336,0.0508898161,0.892331064,-0.0117019424,0.812599182,0.0720566,0.590513527,-0.174246818,0.764070451,0.0198971033,0.45067957,0.0212032646,0.830417216,-0.0106257591,0.905085623,-0.156218499,0.784145713,-0.0898823068,0.881406188
4149.999999999986,-0.0174622331,-0.545179069,-0.338043898,0.99995631,0.00403268449,-0.5645262,-0.335164338,0.999908209,0.00749195227,-0.563754737,-0.322727263,0.999877751,0.00630700914,-0.563778758,-0.327168614,0.999920607,-0.0186659321,-0.577656567,-0.341806173,0.999937,-0.0163631812,-0.574748755,-0.354656816,0.999942541,-0.0130533371,-0.564109862,-0.334299237,0.999958158,0.0835781246,-0.56066066,-0.235950157,0.999872386,-0.0573185757,-0.537620127,-0.214329228,0.999747157,0.0239882115,-0.539657712,-0.287074476,0.999898672,-0.0136593468,-0.509049773,-0.310347825,0.999889255,0.165844619,-0.423843533,-0.0806005821,0.999982297,-0.104165807,-0.497977376,-0.0418715253,0.999971,0.177364886,-0.220724404,-0.0678095743,0.937058449,-0.1327153,-0.216749281,-0.0716914311,0.931951225,0.0480386727,-0.0496133342,-0.0705172196,0.914029241,-0.0766242296,-0.0481273644,-0.155829787,0.90142405,0.00115700485,-0.00875976682,-0.08159969,0.889798164,-0.0254831221,-0.00689963112,-0.212303907,0.865799904,-0.0391892716,-0.0242883358,-0.0947368667,0.897194564,0.016595576,-0.0484438,-0.224801719,0.873886168,0.0288392399,-0.0304074045,-0.074044995,0.847088873,-0.0507547669,-0.0529331416,-0.172818258,0.817898214,0.086516723,0.00813779794,0.0341001078,0.999964893,-0.0839837,-0.0118409386,-0.0320012234,0.999965608,0.047892008,0.424690783,-0.0199239887,0.768061399,-0.0887127742,0.328755021,-0.0509785376,0.824058473,0.0115511985,0.776064575,0.0630388185,0.881039083,-0.168858334,0.729663253,0.0518613048,0.894758463,-0.01132874,0.811411917,0.0735731125,0.594754755,-0.174160108,0.764001846,0.0210527796,0.455723375,0.021089837,0.830231547,-0.00818153,0.906816483,-0.156236455,0.784385681,-0.0875965357,0.883705199
4166.666666666653,-0.0173006207,-0.545193,-0.339537144,0.999955058,0.00429143384,-0.564550817,-0.336530089,0.999906063,0.00773651293,-0.563781142,-0.324036,0.999874949,0.00653097499,-0.563808203,-0.328511506,0.999919,-0.0185149349,-0.57768327,-0.343189865,0.999934852,-0.0162231401,-0.574780583,-0.356042713,0.999940395,-0.0129076233,-0.564137578,-0.335675389,0.999956489,0.0839138851,-0.56071347,-0.236286312,0.999870062,-0.0572820418,-0.537651777,-0.214931816,0.999736547,0.0241964273,-0.53970629,-0.288264453,0.999895751,-0.0135440221,-0.509089112,-0.311491638,0.999885,0.166095,-0.424417108,-0.0808773786,0.999982119,-0.104062185,-0.498091489,-0.0416766591,0.999969482,0.179415762,-0.221122414,-0.0672959313,0.937648356,-0.132200167,-0.217200428,-0.0717008486,0.930295587,0.0506274961,-0.0500324517,-0.0710896328,0.913518667,-0.0758804381,-0.048690781,-0.155474707,0.896491468,0.00383893726,-0.00922381,-0.0824101195,0.888587117,-0.0247443411,-0.00741868746,-0.211824507,0.859294891,-0.0366265252,-0.0247189198,-0.0955025628,0.896023571,0.0172236655,-0.048954621,-0.224306375,0.867625594,0.0313778855,-0.0307974722,-0.0746565461,0.845466375,-0.05005854,-0.0534244403,-0.172444612,0.810012817,0.0865188763,0.00803080853,0.0341118872,0.999965072,-0.0839902386,-0.0117121581,-0.0320087038,0.999965489,0.048407428,0.424737543,-0.0200342927,0.771573126,-0.0891224518,0.328699797,-0.050552737,0.824445903,0.0119178528,0.775948524,0.0625978857,0.883688688,-0.168474644,0.729637742,0.0540392473,0.896631539,-0.0110617829,0.811296761,0.0730744675,0.598996818,-0.173744768,0.763990343,0.023368001,0.460230201,0.0210578535,0.830417812,-0.0087259151,0.90839678,-0.156525016,0.784644842,-0.0840871334,0.885233104
4183.33333333332,-0.0171176102,-0.54497242,-0.339724481,0.999955177,0.00453228178,-0.564351,-0.336573809,0.999906719,0.00796827395,-0.563583672,-0.324068427,0.999875844,0.00674719131,-0.563616216,-0.32855612,0.999919713,-0.018369386,-0.577468812,-0.343240023,0.999934912,-0.0160814244,-0.574581861,-0.356089503,0.999940336,-0.0127613721,-0.563931167,-0.335722208,0.99995631,0.0842442214,-0.560737729,-0.235848337,0.999871433,-0.0572469272,-0.537528574,-0.214567319,0.999735057,0.0244429205,-0.539592683,-0.288287,0.99989593,-0.0133997435,-0.508948147,-0.311507583,0.999884546,0.166315764,-0.424443215,-0.0805115253,0.999982178,-0.103826545,-0.498073399,-0.0411517322,0.999968767,0.180385411,-0.221115664,-0.0671462715,0.938733,-0.131094173,-0.217174083,-0.0713415891,0.929733396,0.0515607372,-0.0500124767,-0.0713045597,0.914280713,-0.0749659911,-0.0487467572,-0.15517813,0.894047618,0.0047627124,-0.00902803056,-0.0827503949,0.888940275,-0.0239631347,-0.00746683,-0.21146661,0.855826616,-0.0357242227,-0.0244740434,-0.0958800241,0.896341503,0.0179648921,-0.0489895754,-0.223995075,0.86429143,0.0322671756,-0.0306840967,-0.0749293,0.845903337,-0.0491796918,-0.0534527414,-0.17215997,0.805735171,0.0865175128,0.00797953643,0.0341262631,0.99996531,-0.0839923471,-0.0116483597,-0.0320203081,0.999965489,0.0490730889,0.425042897,-0.0201135706,0.775321841,-0.0891104937,0.32876426,-0.0503750667,0.825406969,0.0121122049,0.776093364,0.0621764697,0.886405408,-0.168015584,0.729694843,0.0545313917,0.898463,-0.0109489392,0.81146419,0.0725990087,0.60369575,-0.173297614,0.764082491,0.0238379426,0.464394867,0.0209805202,0.831166208,-0.00923547242,0.910199523,-0.156503,0.785328865,-0.0832892358,0.886930108
4199.999999999987,-0.0171495266,-0.545011103,-0.339346319,0.999955595,0.00449238,-0.56445545,-0.336039215,0.999907792,0.00792750344,-0.563688219,-0.323517531,0.999877095,0.0067140786,-0.563724339,-0.32807067,0.999920666,-0.0184695609,-0.577569723,-0.342696041,0.999935448,-0.016188534,-0.574677646,-0.355551392,0.999940693,-0.0128771365,-0.564013779,-0.335204363,0.999956489,0.0842655748,-0.560929716,-0.23526369,0.999873042,-0.0575574115,-0.537584782,-0.213815182,0.99973613,0.0244622976,-0.539646268,-0.287898868,0.999896288,-0.0134484,-0.508982658,-0.311029196,0.999884367,0.166391328,-0.424450576,-0.0803817734,0.999982119,-0.103782155,-0.498106778,-0.0408228152,0.999968231,0.181216612,-0.220788509,-0.0669359043,0.939289033,-0.131074414,-0.217314646,-0.0710312724,0.929880738,0.0517237373,-0.0494770259,-0.07272394,0.914434493,-0.0749990642,-0.0487777255,-0.15483433,0.893579781,0.00490188552,-0.00818521716,-0.0841019,0.889027536,-0.0240690242,-0.00737932324,-0.211101055,0.855038643,-0.0357009135,-0.0234274101,-0.0971431136,0.896406293,0.0179691333,-0.0487768725,-0.223628655,0.863527894,0.032374505,-0.0301434342,-0.0763228387,0.846039593,-0.0492298789,-0.053444013,-0.171812028,0.804680526,0.0864140838,0.00795134809,0.0341155268,0.99996531,-0.0838911384,-0.0116191059,-0.032011047,0.99996537,0.0490249,0.42505154,-0.0212124307,0.775465488,-0.0892021805,0.328469932,-0.0504179113,0.823752105,0.0110580074,0.776424229,0.0556829832,0.887877285,-0.167800382,0.729411364,0.0541698039,0.898605704,-0.0120470496,0.811886728,0.0655017421,0.607282877,-0.172960117,0.763824224,0.0234234817,0.465341508,0.0209845509,0.831328452,-0.0163280293,0.91120708,-0.156181,0.785204351,-0.0838734806,0.886959374
4216.666666666654,-0.0172038823,-0.544847,-0.338828653,0.99995631,0.00435633399,-0.564389884,-0.335511833,0.999909461,0.00779829919,-0.563619733,-0.32300508,0.999879122,0.00659338292,-0.563650727,-0.327543885,0.999922037,-0.0186686683,-0.577461243,-0.34217152,0.999936581,-0.0163855813,-0.57456553,-0.355022103,0.999941647,-0.0130761135,-0.563907623,-0.334680766,0.999957144,0.0839671642,-0.560970306,-0.234915927,0.999875188,-0.0584308058,-0.537454247,-0.213338852,0.999739408,0.0243906,-0.539551377,-0.287412912,0.999897182,-0.0136006856,-0.508805573,-0.31054762,0.999884903,0.166212201,-0.42444852,-0.0794660673,0.999982,-0.103766657,-0.497924954,-0.040624138,0.999967933,0.18234612,-0.220779181,-0.0648296624,0.939486086,-0.131010264,-0.217167929,-0.0709456,0.930801213,0.0520664118,-0.0493061766,-0.0718461648,0.913760245,-0.0749958828,-0.0485019684,-0.154506281,0.893918931,0.00517403893,-0.00774415722,-0.0833955109,0.887800872,-0.0240826309,-0.00708657503,-0.210770011,0.854956627,-0.0355883092,-0.0229148064,-0.0963087082,0.895226479,0.0180092882,-0.048427444,-0.223328799,0.863413751,0.0326125845,-0.029956948,-0.0755067095,0.844594419,-0.0492485762,-0.0531245396,-0.17149362,0.804252386,0.0862730518,0.00793159753,0.0342409089,0.99996525,-0.0837595463,-0.0116005484,-0.0321402438,0.999965191,0.0487832241,0.425536692,-0.0213288497,0.775360048,-0.0888302624,0.328434527,-0.0503820144,0.823023379,0.00908852182,0.778148174,0.0503489599,0.888899744,-0.167542174,0.729185522,0.053573098,0.898776948,-0.0140079502,0.813993514,0.0595500357,0.610927939,-0.172621593,0.763624072,0.022601163,0.466456831,0.0209945142,0.832694352,-0.0228346977,0.911902726,-0.154694453,0.785076737,-0.0845195726,0.886849
4233.333333333321,-0.0171446037,-0.544266045,-0.338273495,0.999957442,0.00437992904,-0.563977182,-0.334762156,0.999911845,0.00782224443,-0.563196421,-0.322265148,0.999882102,0.00661520846,-0.563227177,-0.326886624,0.999924,-0.0186438449,-0.576969,-0.341689378,0.99993819,-0.0163615625,-0.574065328,-0.354533881,0.999943,-0.0130527653,-0.563427448,-0.334190279,0.999958038,0.083970204,-0.560932159,-0.233764887,0.999878168,-0.0585347712,-0.537163138,-0.212787062,0.999744236,0.0244264454,-0.539202392,-0.286592126,0.999898732,-0.0135796471,-0.508301079,-0.309966862,0.999886155,0.166165456,-0.42445451,-0.0769999549,0.999982059,-0.10356681,-0.497796357,-0.0404236019,0.999967933,0.183276609,-0.220815957,-0.0621375889,0.939578,-0.130992725,-0.216862932,-0.0707329,0.931861222,0.0530990586,-0.0489800274,-0.0708307847,0.913602471,-0.075021781,-0.0474844128,-0.153849572,0.894715071,0.00637479033,-0.00690161809,-0.0826792866,0.887262464,-0.0241257846,-0.0057434286,-0.209920406,0.855498612,-0.0347215049,-0.0215260573,-0.0954253301,0.894696593,0.0180636104,-0.0468152836,-0.222497731,0.863896608,0.0335550718,-0.0294654854,-0.0745480135,0.843890488,-0.0492812134,-0.0519000776,-0.170807958,0.804486036,0.0860179216,0.00792658608,0.0343533456,0.999965191,-0.0834992304,-0.0115989111,-0.0322674885,0.999964952,0.0485373624,0.425843477,-0.0220997501,0.774311543,-0.0876275599,0.328428358,-0.0503891632,0.821840703,0.00783053134,0.780468464,0.037543226,0.890203893,-0.166300163,0.729100168,0.0504780635,0.898597538,-0.0151616652,0.81677711,0.0453303643,0.61549753,-0.171148703,0.763556182,0.0187734216,0.46750921,0.0215336736,0.833505034,-0.0385248475,0.912942,-0.151479885,0.784914672,-0.0877776593,0.88659513
4249.999999999988,-0.0171264242,-0.54424423,-0.338133812,0.999958575,0.00438589463,-0.563988686,-0.334540188,0.999914289,0.00783273298,-0.563209,-0.322046489,0.999885201,0.00662938738,-0.56324023,-0.326690614,0.99992609,-0.0186830498,-0.576976299,-0.341571361,0.99993974,-0.0164018068,-0.574072838,-0.354411,0.999944329,-0.0130978934,-0.563432753,-0.334067732,0.999958932,0.0839877,-0.561040461,-0.232989743,0.999881387,-0.058928214,-0.537175536,-0.21225071,0.999749,0.0244536344,-0.539205432,-0.286317468,0.999900162,-0.013598362,-0.508281469,-0.309736252,0.999887228,0.166195095,-0.424528837,-0.0761643,0.999982119,-0.103528932,-0.497813463,-0.0400895514,0.999967575,0.183970645,-0.220836222,-0.0620777309,0.939763,-0.130977377,-0.217226133,-0.0703116432,0.931838453,0.0533718318,-0.0490045659,-0.0712372437,0.913169622,-0.075062342,-0.0476373881,-0.152035639,0.893003583,0.00665750261,-0.00686475588,-0.0831374899,0.886554062,-0.0241769,-0.00578759145,-0.207815468,0.8531847,-0.0344855227,-0.0214883443,-0.0958624333,0.894019425,0.0180096887,-0.0468815938,-0.220442876,0.861678421,0.0338171609,-0.0294953045,-0.074962087,0.843034446,-0.0493250191,-0.0520037785,-0.16897738,0.801626742,0.0859126598,0.0079146577,0.0343678929,0.99996531,-0.0833911598,-0.0115869446,-0.0322858468,0.999964893,0.0482886136,0.426056564,-0.0222023576,0.773377955,-0.0870345905,0.328266323,-0.0504112057,0.820622921,0.00746651134,0.781532168,0.0373632759,0.89128679,-0.165558621,0.728875458,0.050208427,0.898446441,-0.0154665615,0.81797725,0.0453449413,0.619044781,-0.170320481,0.763343096,0.0184453055,0.468044311,0.0217727888,0.834283829,-0.0382124446,0.913868546,-0.150126874,0.784784555,-0.0878809616,0.886517346
4266.666666666655,-0.0171057433,-0.54438448,-0.337912768,0.999959588,0.00440341234,-0.564166963,-0.334247082,0.999916613,0.0078517152,-0.56338191,-0.321759552,0.999888241,0.00664885622,-0.563412964,-0.326401234,0.999928176,-0.0186735336,-0.577151418,-0.341321826,0.999941111,-0.0163924042,-0.574256182,-0.354167491,0.999945462,-0.0130891176,-0.563615441,-0.333822429,0.999959648,0.0840022936,-0.561224639,-0.232691288,0.999884605,-0.0589983,-0.537328482,-0.212022111,0.999752283,0.0244767275,-0.53935647,-0.286079764,0.999901593,-0.0135944253,-0.508428,-0.309550405,0.999887943,0.166144133,-0.424675643,-0.0760355294,0.999982178,-0.103457518,-0.497900516,-0.0402576849,0.999967,0.184091121,-0.221119523,-0.0621016584,0.940279365,-0.130734593,-0.217533574,-0.0710380822,0.931675375,0.0536341779,-0.0490580723,-0.0715141296,0.913092136,-0.0750862211,-0.0477992259,-0.152222797,0.889929354,0.00701055164,-0.00698719546,-0.0834634155,0.886184514,-0.0242311656,-0.0058347662,-0.207920715,0.849144876,-0.0341643654,-0.0216146372,-0.0962492824,0.893647552,0.0179629233,-0.0469406843,-0.220556065,0.857775569,0.0340922,-0.0295918733,-0.0752790347,0.842575431,-0.0493670292,-0.0520771518,-0.169177011,0.796699524,0.0856979191,0.00790147576,0.0344539173,0.999965668,-0.0831738561,-0.0115732299,-0.0323786139,0.999964952,0.0479463041,0.426133543,-0.0222493876,0.774338067,-0.0860746279,0.328069061,-0.0500108413,0.820663095,0.00658632675,0.782131612,0.0365528874,0.89356631,-0.164063603,0.727971375,0.0501139164,0.899210334,-0.0162495356,0.818712413,0.0445358269,0.625909567,-0.168682963,0.762365699,0.0183516368,0.47181198,0.0220998954,0.834462047,-0.0387645662,0.915622413,-0.147930101,0.783817708,-0.087739341,0.887236714
4283.333333333322,-0.0170315802,-0.544517159,-0.337723285,0.999960124,0.0044614342,-0.564358175,-0.334079087,0.999917805,0.00790652819,-0.56357193,-0.321598977,0.999889791,0.0067069307,-0.563604891,-0.32623449,0.999929249,-0.0186426304,-0.577313781,-0.341135532,0.999941766,-0.016360743,-0.574424565,-0.353973478,0.999946,-0.0130578261,-0.563769877,-0.333631277,0.999959946,0.0840284824,-0.561527908,-0.232569098,0.999886394,-0.0590049513,-0.537470639,-0.211855039,0.999753892,0.0245566163,-0.539506137,-0.28590706,0.999902189,-0.0135470694,-0.50855577,-0.309370369,0.999888062,0.166201115,-0.42476958,-0.0759502426,0.999982178,-0.103381343,-0.498057067,-0.0401006937,0.999966502,0.184655726,-0.221139684,-0.0622592792,0.940713406,-0.130662322,-0.217951328,-0.0711596608,0.931587815,0.0541584827,-0.0491349,-0.0725993,0.913014174,-0.0751148313,-0.0478651263,-0.152455285,0.88830477,0.00758278,-0.00706599699,-0.0846547931,0.885944724,-0.0242722742,-0.00588238798,-0.208164304,0.846965432,-0.0336829498,-0.0217215642,-0.0975241065,0.893423259,0.0179225542,-0.0469712541,-0.220786408,0.855683684,0.0345935971,-0.0296759531,-0.0764255151,0.842294395,-0.049405057,-0.0521157347,-0.169416144,0.793978631,0.085602358,0.00788998,0.0344694369,0.999965727,-0.0830824152,-0.0115614245,-0.0323952,0.999964833,0.0479293689,0.42628634,-0.0224488936,0.77496177,-0.0854043,0.327966928,-0.0495930053,0.819511175,0.00662627025,0.782454491,0.0366342887,0.894796491,-0.162656069,0.727756202,0.050854,0.898946,-0.0162118096,0.81904918,0.0447675474,0.629573762,-0.167135552,0.762154341,0.0191376079,0.472492307,0.0226058401,0.834727287,-0.0384452343,0.916531324,-0.146482453,0.783583879,-0.0865612924,0.886876702
4299.999999999989,-0.01702361,-0.544546962,-0.337510854,0.999960899,0.00445759948,-0.564406037,-0.333860397,0.999919593,0.007902449,-0.563622355,-0.321387887,0.999892116,0.00670448551,-0.563651264,-0.326015949,0.999930799,-0.0186712816,-0.577356398,-0.340914577,0.999942839,-0.0163944252,-0.574468613,-0.353752524,0.999946892,-0.0130909616,-0.563809752,-0.3334122,0.999960542,0.0839768723,-0.561648071,-0.23244907,0.999889076,-0.059262611,-0.537541628,-0.211666629,0.999757,0.0245659314,-0.539554477,-0.285709679,0.999903619,-0.0135741439,-0.508597851,-0.309173465,0.999889076,0.166161403,-0.424978882,-0.0757547542,0.999982238,-0.103487872,-0.498086572,-0.0399742313,0.999965966,0.185016185,-0.221540689,-0.0618458912,0.941438198,-0.130683616,-0.218002453,-0.0711204186,0.93186307,0.0542470478,-0.0492800288,-0.072531417,0.913317919,-0.0752087,-0.0479021929,-0.152412072,0.88683641,0.00764454715,-0.00712901074,-0.0846163258,0.885974288,-0.0243647322,-0.00592317292,-0.208131388,0.844767094,-0.0336627029,-0.0218273662,-0.0974960551,0.893420339,0.0177842472,-0.0470096767,-0.220746249,0.853529811,0.0346620604,-0.0297609419,-0.0763824955,0.842309177,-0.0495376885,-0.0521563441,-0.16937162,0.791211665,0.0855586305,0.00787540525,0.0344985873,0.999965847,-0.0830402449,-0.011544453,-0.0324246101,0.999964714,0.0476727635,0.426642716,-0.0224886648,0.777498126,-0.0851217806,0.327981919,-0.04857352,0.819440484,0.00612079212,0.782842755,0.0367148854,0.896479189,-0.162246615,0.72758615,0.0536258072,0.898996592,-0.0167082828,0.819458246,0.044933226,0.633463681,-0.166717485,0.761981189,0.0221027788,0.473790109,0.0226142183,0.835115612,-0.0382323563,0.917622507,-0.14632386,0.783271313,-0.0825037733,0.886635303
4316.666666666656,-0.0170744602,-0.544389129,-0.335634738,0.999961853,0.00436835829,-0.564311087,-0.331731141,0.999921679,0.00781870261,-0.563532,-0.319238,0.999894738,0.00662486441,-0.5635553,-0.323928952,0.999932528,-0.018782543,-0.577252567,-0.338901103,0.99994427,-0.0165150054,-0.574365258,-0.351712,0.999948144,-0.013210509,-0.563705,-0.331413865,0.999961376,0.083854571,-0.561671436,-0.229983136,0.999891937,-0.0596040413,-0.537518501,-0.209570318,0.999762118,0.0245231669,-0.539464891,-0.283728,0.999905348,-0.013670655,-0.508477449,-0.307239354,0.999890625,0.16604124,-0.424999565,-0.0733370483,0.999982297,-0.103483774,-0.498037338,-0.0386466719,0.999965847,0.185429737,-0.2215482,-0.0591188036,0.941772878,-0.130680144,-0.217726156,-0.0700795725,0.932366729,0.0543338209,-0.0492571257,-0.0702251494,0.913293064,-0.075268738,-0.04752177,-0.151039332,0.886950493,0.00769523857,-0.00701348251,-0.082218729,0.885712683,-0.024431318,-0.00551230414,-0.206686229,0.844590545,-0.0336463936,-0.0216224212,-0.0949270502,0.893124044,0.0176827349,-0.0465979427,-0.219235241,0.853270471,0.0347265154,-0.0297247544,-0.0740602687,0.841940701,-0.0496463068,-0.0517737828,-0.167943165,0.790768445,0.0854857787,0.00786580518,0.0345114358,0.999966,-0.0829677731,-0.0115337353,-0.0324374624,0.999964714,0.0475367531,0.427098364,-0.0232552644,0.780273914,-0.0851115659,0.327972561,-0.048333656,0.819634199,0.00549433846,0.783399582,0.0340473056,0.89841038,-0.161490217,0.727423549,0.0539747514,0.899183154,-0.0173724,0.820067465,0.042088,0.638161361,-0.165838733,0.761839926,0.022439437,0.475806385,0.0226188693,0.835523307,-0.0413614027,0.91885227,-0.145955414,0.783034503,-0.081929557,0.886549592
4333.333333333323,-0.0170656387,-0.544354856,-0.332080603,0.999962449,0.00435871491,-0.564283907,-0.327977389,0.999923,0.00780906668,-0.563512266,-0.315498322,0.999896348,0.00661881,-0.563534558,-0.320211738,0.9999336,-0.0187878031,-0.577233315,-0.335201353,0.999945104,-0.0165214632,-0.574345052,-0.347962,0.999948859,-0.0132183498,-0.563679814,-0.327742338,0.999961853,0.0838088468,-0.561695,-0.226330414,0.999893725,-0.0596499331,-0.537524879,-0.206125736,0.999764919,0.0245318115,-0.539450884,-0.280222028,0.999906421,-0.0136706866,-0.508454084,-0.303725868,0.999891579,0.166010439,-0.425010175,-0.0699348599,0.999982357,-0.103464298,-0.49804464,-0.0364702456,0.999965727,0.185995609,-0.221512109,-0.0550465807,0.941773951,-0.13069135,-0.217695072,-0.0685790926,0.932164907,0.0546172746,-0.0489603058,-0.0667487,0.912937045,-0.0752858,-0.0474206246,-0.149218634,0.885591865,0.00794154406,-0.00657565845,-0.0786895603,0.885022283,-0.0244446862,-0.00538317673,-0.204720169,0.842487752,-0.0334862098,-0.0210802574,-0.0912762284,0.892451227,0.0176711343,-0.0464730412,-0.217078969,0.851170957,0.034985438,-0.0294259023,-0.0705956444,0.841065,-0.0496780425,-0.0516712815,-0.165973499,0.788009882,0.0854398,0.00785650313,0.0345251374,0.999965966,-0.0829229057,-0.0115234321,-0.032451041,0.999964476,0.0475236364,0.427627563,-0.0239570271,0.780413091,-0.0842581,0.328201592,-0.0479704328,0.816727757,0.00545014255,0.78388381,0.0315683372,0.898802042,-0.16114001,0.727498055,0.0546282157,0.897786,-0.0174348745,0.820543647,0.0394050181,0.63828826,-0.165539876,0.761955917,0.0230908971,0.473331153,0.0223410111,0.835962892,-0.0450058244,0.918969452,-0.145844415,0.783024669,-0.0815193951,0.884956717
4349.99999999999,-0.0170547329,-0.544302523,-0.33200714,0.999963164,0.0043613771,-0.564247787,-0.327870876,0.9999246,0.00781227881,-0.563476861,-0.315390468,0.999898374,0.00662379,-0.563499153,-0.320107967,0.999935,-0.0187877789,-0.57717669,-0.33511737,0.999946177,-0.0165206771,-0.574288487,-0.347881377,0.999949753,-0.0132177453,-0.563622355,-0.327655256,0.999962449,0.0838012397,-0.561715484,-0.226202413,0.999895811,-0.0596724302,-0.537473083,-0.206029758,0.999768078,0.0245432407,-0.539428,-0.280142277,0.999907672,-0.013663291,-0.508398592,-0.303658932,0.999892592,0.166021481,-0.425023496,-0.0695229471,0.999982476,-0.103351884,-0.498037368,-0.0364424177,0.999965727,0.186850592,-0.221586436,-0.0542864092,0.941447437,-0.130693287,-0.217719585,-0.0685497522,0.93213743,0.0555946417,-0.0489282571,-0.0664289072,0.912275195,-0.07527,-0.0474345759,-0.149205923,0.884696722,0.00890706,-0.00645939866,-0.0784486756,0.884001076,-0.0244383514,-0.00539202103,-0.204713464,0.840954244,-0.032630682,-0.0208490472,-0.0910740495,0.891477525,0.0177267436,-0.0464770533,-0.217071474,0.849641144,0.0359277651,-0.0293635149,-0.0703295097,0.839684963,-0.0496774875,-0.0516789518,-0.165962011,0.785786092,0.0853671804,0.00785171427,0.0345447063,0.999965847,-0.0828515142,-0.0115186702,-0.0324719772,0.999964178,0.0474267751,0.427889019,-0.0244074985,0.779658139,-0.0838272,0.328212351,-0.0474264584,0.813706756,0.00531084416,0.784037769,0.0279490817,0.899028778,-0.160500392,0.727463245,0.0546912812,0.896273553,-0.0175632648,0.820694089,0.0353870243,0.639057159,-0.164857179,0.761934042,0.0231138989,0.47173968,0.0223216712,0.836001396,-0.0493994914,0.919111729,-0.145523727,0.782827497,-0.0814606771,0.883398
4366.666666666657,-0.0172318,-0.543536603,-0.329932362,0.999963641,0.00410297,-0.563607037,-0.325639427,0.999925673,0.00755738746,-0.562851906,-0.313195676,0.999899566,0.0063898745,-0.562879384,-0.317933947,0.999935865,-0.0190653261,-0.576550424,-0.332861722,0.999946892,-0.0167977754,-0.573654473,-0.345611811,0.99995029,-0.0135035096,-0.562965214,-0.325420141,0.999962807,0.0836559907,-0.561555684,-0.223749697,0.999897063,-0.0600345805,-0.537216306,-0.203512758,0.999769926,0.0244191457,-0.538891673,-0.277959049,0.999908268,-0.0138582122,-0.507802367,-0.301431,0.999893,0.165838122,-0.424963474,-0.0670550913,0.999982536,-0.103342518,-0.498013169,-0.0350585356,0.999965668,0.186899155,-0.22148551,-0.0524475649,0.94063133,-0.130954832,-0.217767015,-0.0682508349,0.931764662,0.0556769222,-0.0481123701,-0.0651029572,0.911392212,-0.0755175352,-0.0473919585,-0.148911819,0.88342458,0.00904047862,-0.00537366606,-0.0771486908,0.882926762,-0.0247420948,-0.00531597622,-0.204315573,0.839096,-0.03259084,-0.019302927,-0.0895639,0.890435815,0.0174899027,-0.0462622605,-0.216595665,0.847784698,0.0360001475,-0.0284158215,-0.0689389184,0.838271797,-0.0499748737,-0.0515833348,-0.165622607,0.783252358,0.0853332654,0.0078510819,0.0346569829,0.999965489,-0.0828149617,-0.011517643,-0.0325802192,0.999963641,0.0474142246,0.427908421,-0.025712572,0.776615083,-0.0838482901,0.328192085,-0.0475249663,0.80987072,0.00476210658,0.784045935,0.0252754241,0.898212075,-0.160611495,0.727340102,0.0542036593,0.894149601,-0.0182006322,0.820698,0.0326402709,0.637462378,-0.164951906,0.76183188,0.0225281697,0.46737355,0.0219287258,0.835994542,-0.0525609143,0.918477,-0.145353019,0.78277415,-0.0821831897,0.881073773
4383.333333333324,-0.0174450409,-0.543224514,-0.326627374,0.999964356,0.00374848745,-0.563366413,-0.322159171,0.999927223,0.00721625611,-0.562621057,-0.30978331,0.999901533,0.00607061898,-0.562652707,-0.314529121,0.999937177,-0.0193787776,-0.576264739,-0.329370469,0.999947965,-0.0170951933,-0.573366463,-0.342102021,0.999951243,-0.0138104372,-0.562675536,-0.321931928,0.999963462,0.0834140778,-0.561474383,-0.220692948,0.999899209,-0.0602339804,-0.536894,-0.200096384,0.999773741,0.024266785,-0.538649261,-0.274784118,0.999909878,-0.0140193207,-0.507447302,-0.298237175,0.999894559,0.165816128,-0.424658835,-0.0643375367,0.999982774,-0.103290722,-0.497929811,-0.0328282341,0.999966,0.187209189,-0.221078649,-0.0502234064,0.9405,-0.131203964,-0.217767,-0.0669216,0.93180424,0.055921223,-0.0473869927,-0.0634424835,0.911320269,-0.0759097785,-0.0472731255,-0.148141623,0.882704616,0.0092721777,-0.00439223927,-0.0755995885,0.882788,-0.025215568,-0.00506703742,-0.203357011,0.838082969,-0.032427907,-0.0182901938,-0.0878762528,0.890285,0.0170793142,-0.0458860621,-0.215679228,0.846719801,0.0362238437,-0.0277429931,-0.0672905818,0.838108599,-0.0504200608,-0.0514062867,-0.164837718,0.781809211,0.085273169,0.00789398607,0.0347200967,0.999965549,-0.0827525556,-0.0115640974,-0.0326447,0.999963582,0.0472924672,0.427917808,-0.026951829,0.775606275,-0.0835949332,0.328211397,-0.0479496196,0.808988512,0.00405624649,0.784108341,0.0210605562,0.898484111,-0.161392435,0.727324128,0.0503030159,0.893832,-0.0189217497,0.820770264,0.0281046573,0.638425827,-0.165881202,0.761820674,0.0180912819,0.466667145,0.0215384401,0.835988343,-0.0576138124,0.918738186,-0.145678431,0.782695234,-0.0875934586,0.880718
4399.999999999991,-0.0176670179,-0.542558908,-0.327529043,0.999965608,0.0034675044,-0.562719762,-0.323087841,0.999929905,0.00697000232,-0.561959922,-0.310716391,0.999905,0.00582140312,-0.561990142,-0.315449059,0.999939382,-0.0196588971,-0.575544655,-0.330360651,0.999949932,-0.0173860174,-0.572629809,-0.343063772,0.999953091,-0.0140955262,-0.561978161,-0.322878152,0.999964893,0.0832057223,-0.560801089,-0.221217424,0.999902487,-0.0606857836,-0.535987437,-0.200799868,0.999781668,0.0240837876,-0.537962,-0.275537491,0.999912918,-0.0142486813,-0.506669581,-0.299088836,0.999898136,0.165749773,-0.424090415,-0.0643981397,0.999983072,-0.10350363,-0.496953517,-0.0328217037,0.9999668,0.1880375,-0.220361769,-0.0496100448,0.940649688,-0.131205425,-0.215964153,-0.0647802,0.932925045,0.0563749447,-0.0465833433,-0.0633505955,0.911433816,-0.0759675279,-0.0464570671,-0.145360112,0.885319948,0.00959900767,-0.00386328809,-0.0755724385,0.882586896,-0.0252404734,-0.0047607678,-0.200724348,0.84106946,-0.03211971,-0.0180099718,-0.087883532,0.890054882,0.0169327352,-0.0457563549,-0.213423952,0.849514425,0.0366045311,-0.0271025226,-0.0672288164,0.837791264,-0.0505076647,-0.0508239828,-0.162255168,0.785112262,0.0852645636,0.00789055321,0.0347611,0.999965787,-0.0827480853,-0.0115607874,-0.032684844,0.999964,0.0473118164,0.428097874,-0.0269278903,0.777741551,-0.0836743489,0.328521609,-0.0479673892,0.811017394,0.00410026917,0.784117,0.0214005318,0.899103,-0.161380768,0.728217423,0.0487791598,0.895004094,-0.0188689921,0.820770562,0.0283725709,0.639671206,-0.165871024,0.762851834,0.0163843967,0.468827426,0.021664571,0.835713863,-0.0572198294,0.919289827,-0.145836636,0.782722533,-0.0907538682,0.881844223
4416.666666666658,-0.0180051364,-0.542234957,-0.327564538,0.999966204,0.00307364482,-0.562426686,-0.323121518,0.999931216,0.00660173036,-0.56166786,-0.310747504,0.9999066,0.00545633445,-0.561690569,-0.31547758,0.999940455,-0.0200709086,-0.575219214,-0.33039397,0.999950945,-0.0178149194,-0.572297871,-0.343098402,0.999954,-0.0145210857,-0.561647475,-0.322909027,0.999965608,0.0828987807,-0.560581088,-0.221250817,0.999904037,-0.0613221042,-0.535659552,-0.200852767,0.999785602,0.0238055233,-0.537653863,-0.275569737,0.999914408,-0.0146079408,-0.506320596,-0.29912,0.999899864,0.165669113,-0.423932195,-0.0642274842,0.999983132,-0.103840575,-0.496507019,-0.0326744281,0.999967158,0.189170718,-0.219883829,-0.0494719744,0.940034389,-0.131253794,-0.215340048,-0.0635418892,0.93347,0.0566335917,-0.046111241,-0.0634510741,0.910415113,-0.0764461,-0.046189785,-0.143704042,0.88697803,0.00973011,-0.00358348386,-0.0756635517,0.881244659,-0.0257361643,-0.00471153622,-0.199068189,0.84292,-0.0320581235,-0.017898947,-0.0880071297,0.888740063,0.0160932597,-0.0457488373,-0.211941421,0.851229072,0.0367835239,-0.0267644543,-0.0673260465,0.835985661,-0.0511605553,-0.0506533831,-0.160675287,0.787025452,0.0852523521,0.00788816437,0.0347829349,0.999965727,-0.0827377439,-0.0115588177,-0.0327058807,0.999964058,0.047138948,0.428304076,-0.0270440876,0.777599275,-0.0839884952,0.328564078,-0.0479395911,0.810477495,0.00376038672,0.784190059,0.0219735242,0.898719966,-0.161422044,0.728387654,0.0487347804,0.894633591,-0.0192058627,0.820822358,0.0290652942,0.638864577,-0.165907815,0.763064921,0.0163424611,0.467725068,0.0216207188,0.835714,-0.0563697107,0.91895169,-0.146058708,0.782717288,-0.0908538476,0.881208956
4433.333333333325,-0.0182828,-0.541078925,-0.329157263,0.999967277,0.00278693042,-0.561279118,-0.324805081,0.9999336,0.00633166824,-0.560506761,-0.312430531,0.999909699,0.00518804,-0.560536265,-0.317145288,0.999942482,-0.0203863401,-0.574001551,-0.332023352,0.999952674,-0.018135285,-0.57107079,-0.344716787,0.999955595,-0.0148361828,-0.56044364,-0.324508429,0.9999668,0.0828210786,-0.559735775,-0.222387314,0.999907196,-0.061637558,-0.534569681,-0.201812759,0.999792695,0.0236307401,-0.536572456,-0.276929379,0.999917328,-0.0148453042,-0.505175591,-0.300471842,0.999903262,0.165661484,-0.423456937,-0.0643157959,0.99998343,-0.104018711,-0.495653093,-0.0326771326,0.999967873,0.189433828,-0.219357118,-0.0494188,0.940759718,-0.131534085,-0.213571265,-0.0626107752,0.934810221,0.0568556488,-0.0455689356,-0.0635730103,0.911865532,-0.0769320875,-0.0453311726,-0.143364355,0.890227556,0.00991547666,-0.00316248275,-0.075925231,0.882713199,-0.026102094,-0.00426712772,-0.198848128,0.846815944,-0.031866435,-0.0176162366,-0.0882755,0.890106499,0.0155957192,-0.0455302447,-0.211823523,0.854928255,0.0369752608,-0.0262783803,-0.067486912,0.837778151,-0.0516384058,-0.0499821827,-0.160399824,0.791596591,0.0852770284,0.00788877625,0.0348154232,0.999965668,-0.0827674046,-0.0115603963,-0.032738056,0.999964058,0.0471503027,0.428906322,-0.0269867945,0.780250549,-0.0839709118,0.329054445,-0.0478540026,0.812610745,0.00376365287,0.784560859,0.0221345611,0.899751842,-0.161452502,0.729153097,0.0487352274,0.895601451,-0.0192048568,0.821163416,0.0293007754,0.640324771,-0.165958434,0.763916552,0.0163517296,0.468938291,0.0215181056,0.835940659,-0.055689618,0.919759035,-0.146194339,0.783119678,-0.0910369158,0.882142961
4449.999999999992,-0.0184015874,-0.540426314,-0.335795581,0.999968469,0.00267756288,-0.560617626,-0.331529349,0.999936163,0.00621909648,-0.559812546,-0.319100618,0.999913096,0.00507029379,-0.55984658,-0.323765635,0.999944568,-0.0205327738,-0.573254764,-0.338954657,0.999954462,-0.0182739776,-0.570333242,-0.351760447,0.999957263,-0.0149617204,-0.559740365,-0.331387192,0.999968052,0.0827052817,-0.559113145,-0.228129134,0.999910593,-0.0618837811,-0.53375566,-0.208494768,0.999800324,0.0234990269,-0.53590709,-0.283226967,0.999920428,-0.0149904275,-0.504508555,-0.307160109,0.999906898,0.165593669,-0.423006326,-0.0669692457,0.999983668,-0.104218699,-0.495133936,-0.0370145589,0.999968588,0.189476267,-0.218941376,-0.0500354096,0.941898346,-0.13175641,-0.212946534,-0.0659723878,0.936565,0.0574986376,-0.0454225205,-0.0652835295,0.914151251,-0.0770754367,-0.0450276434,-0.148634583,0.893936932,0.0106486594,-0.0030762502,-0.078135334,0.885267556,-0.0262481477,-0.00409488939,-0.204863653,0.851233065,-0.0311539117,-0.0175968911,-0.0908405185,0.892541,0.0155102117,-0.0454323,-0.217986926,0.859153748,0.0375442654,-0.0261200257,-0.0694361851,0.841013849,-0.0517327674,-0.0496911071,-0.165774703,0.796854854,0.0852894932,0.00787324831,0.0349433497,0.999965549,-0.0827884674,-0.011546514,-0.0328600295,0.999964058,0.0472502373,0.429236531,-0.0264100637,0.784606099,-0.0839714631,0.329617769,-0.0477075391,0.816019297,0.00391927129,0.78454268,0.0258665569,0.901374876,-0.162031502,0.729993284,0.0496463627,0.897351682,-0.01907387,0.821127772,0.0334600694,0.643876493,-0.166743144,0.764815331,0.0174962096,0.472893327,0.0215188917,0.835942388,-0.0517286435,0.921063125,-0.148053691,0.783851385,-0.090215,0.883951306
4466.666666666659,-0.0184719674,-0.540227294,-0.33524394,0.999969065,0.0025401751,-0.560425401,-0.330991775,0.999937415,0.00608320488,-0.559632599,-0.318564236,0.999914706,0.00493927673,-0.559662342,-0.323248178,0.9999457,-0.0206462014,-0.573052287,-0.338448882,0.999955356,-0.0183866546,-0.570127606,-0.351242363,0.999958098,-0.0150765199,-0.559536159,-0.330891639,0.999968708,0.0823824,-0.558865368,-0.227761135,0.999912441,-0.0620874725,-0.533380628,-0.208274022,0.999803841,0.0234082695,-0.535685956,-0.282749981,0.999922216,-0.0150711881,-0.504251778,-0.306738406,0.999908805,0.165429473,-0.4224931,-0.0667886361,0.999983847,-0.10444285,-0.494829446,-0.0366263166,0.999968886,0.189724892,-0.218129367,-0.0497364812,0.942041755,-0.132249907,-0.212935224,-0.065750055,0.936969,0.0576151386,-0.0447000526,-0.0650173,0.914342463,-0.0775470287,-0.04500499,-0.148593441,0.894853234,0.0107091721,-0.00249629654,-0.0778450295,0.885284364,-0.026623318,-0.00409219321,-0.204834908,0.852219462,-0.031110445,-0.0171712786,-0.0905122235,0.892538488,0.0151585964,-0.0454320721,-0.217927307,0.860052645,0.0376445875,-0.0254983492,-0.0691715553,0.840945363,-0.0521967523,-0.0496739708,-0.165731102,0.797752261,0.0852745622,0.00786612928,0.0349626169,0.999965549,-0.0827762783,-0.0115395971,-0.0328792036,0.999964058,0.047235705,0.429285586,-0.0265581794,0.785571277,-0.0840391517,0.329817355,-0.047672119,0.815706134,0.00355532556,0.784563065,0.0261022896,0.901406348,-0.16224727,0.730459511,0.0496541,0.897239625,-0.0194736589,0.821137369,0.0337329619,0.643846333,-0.166986376,0.765336752,0.017504422,0.472037941,0.0214861128,0.835924745,-0.0514131486,0.92101419,-0.148556724,0.783955038,-0.0902754292,0.883603334
4483.333333333326,-0.0187002849,-0.539807558,-0.33522746,0.9999699,0.00231035147,-0.560019851,-0.330985516,0.999939144,0.00585920829,-0.559226453,-0.318564236,0.999917,0.00470993575,-0.559257925,-0.323240906,0.999947131,-0.0208724067,-0.572652638,-0.338413924,0.999956548,-0.0186136123,-0.569736183,-0.351210892,0.99995923,-0.015291485,-0.559147537,-0.330863416,0.999969542,0.0822359324,-0.558636785,-0.227795631,0.999914944,-0.0622478612,-0.533170104,-0.208252832,0.999808967,0.0232175235,-0.535331786,-0.282758981,0.999924541,-0.0152729033,-0.503935218,-0.306720525,0.999911427,0.165315703,-0.422348469,-0.0668183,0.999984086,-0.104595035,-0.494825751,-0.0365783237,0.999969423,0.189750642,-0.217806101,-0.0497646071,0.942985713,-0.132670194,-0.212955132,-0.065771915,0.938198328,0.0579038039,-0.0444887,-0.0651741773,0.916232586,-0.0780340657,-0.044958856,-0.149210542,0.897542477,0.0110990731,-0.00234989705,-0.0780851394,0.887464583,-0.027156746,-0.00404791,-0.205596149,0.855495036,-0.0307670124,-0.0170666929,-0.0907668546,0.894592762,0.0146871414,-0.0453895405,-0.218732566,0.86317426,0.0379275829,-0.0252796747,-0.0693496168,0.843669951,-0.0526549518,-0.0496100672,-0.166373327,0.801615775,0.0852659494,0.0078596333,0.0350605473,0.999965489,-0.0827691853,-0.0115335165,-0.0329736806,0.999964058,0.0472673737,0.429293454,-0.026268987,0.788339734,-0.083962366,0.329881847,-0.04762334,0.81817919,0.00348456576,0.784369946,0.0289289914,0.902295768,-0.162605315,0.730527818,0.0501782745,0.898344159,-0.0195594113,0.820917726,0.0369418524,0.646376789,-0.167444855,0.765409887,0.0181348603,0.474353671,0.0214797053,0.835763,-0.0476076342,0.921707869,-0.148956329,0.783982515,-0.0897360891,0.884625614
4499.999999999993,-0.018709844,-0.539802194,-0.335134029,0.999970734,0.00229589385,-0.560012341,-0.330901,0.999940872,0.00584476255,-0.55922,-0.318478763,0.999919295,0.00469565764,-0.559251308,-0.323155642,0.999948621,-0.0208877847,-0.572644174,-0.338316053,0.9999578,-0.0186290331,-0.569729388,-0.35111174,0.999960363,-0.0153071545,-0.559140384,-0.330768228,0.999970317,0.0821412802,-0.558612764,-0.22769919,0.999917388,-0.0623912774,-0.533122659,-0.20818612,0.999813795,0.0232025851,-0.535322309,-0.282681674,0.999926686,-0.0152969733,-0.503924847,-0.306634218,0.999913871,0.165174633,-0.422309875,-0.0667602792,0.999984324,-0.10476774,-0.494782388,-0.0365293808,0.99996978,0.189795643,-0.217782781,-0.0496793166,0.94346422,-0.132855698,-0.212993771,-0.065841116,0.938585579,0.0581778176,-0.0444703437,-0.0652391091,0.917176545,-0.0780558065,-0.0450231396,-0.149281979,0.898019433,0.0113790948,-0.00232254202,-0.0782081,0.888494968,-0.027164001,-0.00410239678,-0.205632612,0.855893791,-0.0305339694,-0.0170470066,-0.0908943787,0.895554125,0.0146877347,-0.0454554148,-0.218741983,0.863511562,0.0381749347,-0.0252505206,-0.0694286302,0.844914377,-0.052676443,-0.0496652387,-0.166419372,0.801882803,0.0852609649,0.00784114189,0.0351383165,0.999965727,-0.0827657208,-0.0115131391,-0.0330447629,0.999964297,0.0473213419,0.429357588,-0.0259913355,0.790827513,-0.0839210078,0.330180049,-0.0475958176,0.819963574,0.00346573978,0.784237087,0.0310475528,0.903234661,-0.163297072,0.730727196,0.0504611172,0.899550617,-0.0195944309,0.820749283,0.0393009223,0.648268163,-0.168333471,0.765608668,0.0184790641,0.476658165,0.0213962514,0.835700691,-0.0448323153,0.922418,-0.150246322,0.784121275,-0.0893603787,0.885798156
4516.66666666666,-0.0189074185,-0.539811552,-0.333871067,0.999971092,0.00207888917,-0.560013473,-0.329559356,0.999941707,0.00562703051,-0.559224784,-0.317171961,0.999920368,0.00448014168,-0.559254825,-0.32185328,0.999949336,-0.0210824031,-0.572653115,-0.336977273,0.999958396,-0.0188220255,-0.569738925,-0.349758774,0.999960899,-0.0154966991,-0.559148431,-0.329450458,0.999970675,0.0818875283,-0.558595061,-0.226530969,0.999918699,-0.062551342,-0.533116102,-0.207121983,0.999816418,0.0229966361,-0.535324395,-0.281528801,0.999928057,-0.0154947322,-0.503930509,-0.305487096,0.999915421,0.165024951,-0.422204047,-0.0658498108,0.999984503,-0.105007291,-0.494760334,-0.0361171551,0.99997,0.189450741,-0.217566833,-0.0488957316,0.943617523,-0.133378491,-0.213001132,-0.0657796115,0.939015865,0.0580811948,-0.0444274023,-0.0651118681,0.917948544,-0.0782281235,-0.0450268686,-0.149284989,0.898573756,0.0112954043,-0.00229734695,-0.0781089365,0.889484465,-0.0272797272,-0.004105445,-0.205620542,0.856497586,-0.0305550303,-0.0170322433,-0.0907954201,0.89648962,0.014606148,-0.0454650484,-0.218707666,0.864051282,0.038114097,-0.025215907,-0.0693159476,0.846182942,-0.0528271794,-0.0496700928,-0.166403741,0.802441895,0.0852611735,0.00783831067,0.0352600925,0.999965966,-0.0827678889,-0.0115094511,-0.0331560671,0.999964535,0.0473897569,0.429433018,-0.0260385759,0.793084323,-0.0839499235,0.330302179,-0.0478215292,0.82193,0.00342476973,0.784205258,0.0315404795,0.904207408,-0.164185837,0.730750322,0.0504726209,0.900726855,-0.0196527,0.820701897,0.0399035,0.650152564,-0.169334471,0.765630841,0.0185038261,0.478235811,0.0213740114,0.835679471,-0.0442821495,0.923164546,-0.151083365,0.784142375,-0.0893494114,0.886917
4533.333333333327,-0.0194032714,-0.539803684,-0.332184,0.999971569,0.00166971283,-0.560005665,-0.327674061,0.99994278,0.00521326,-0.55922097,-0.31530422,0.999921739,0.00406674109,-0.55925,-0.320007265,0.99995029,-0.0215495154,-0.572656631,-0.335006922,0.999959052,-0.0193001218,-0.569742918,-0.347776175,0.999961436,-0.0159758739,-0.55915004,-0.327517092,0.999971032,0.0816833302,-0.558577538,-0.224584907,0.999920309,-0.0629964918,-0.533139646,-0.204862371,0.999818742,0.022597624,-0.535313129,-0.279932946,0.999929249,-0.0160161145,-0.503928244,-0.303701282,0.999916553,0.164873555,-0.42215994,-0.0647367,0.999984622,-0.10538318,-0.494744807,-0.0350141749,0.9999699,0.189316317,-0.217360958,-0.0484953,0.943914473,-0.133749992,-0.21302703,-0.0656123,0.938862681,0.0579141527,-0.0443843864,-0.0649359599,0.918595135,-0.0785467178,-0.0452952124,-0.149145842,0.897467852,0.0111337546,-0.00223955978,-0.0779138878,0.890292466,-0.0275804345,-0.00436701253,-0.205443725,0.854969859,-0.0307102334,-0.0169703327,-0.0905795693,0.897231281,0.0142896865,-0.0458115414,-0.218451098,0.862536609,0.0379657708,-0.0251753069,-0.0691355243,0.847184539,-0.0531806424,-0.0499704182,-0.166212723,0.80057776,0.0852622762,0.00782727543,0.0352984965,0.999966145,-0.0827690661,-0.0114940098,-0.0331927836,0.999964535,0.0473912843,0.429443955,-0.0261352696,0.794605255,-0.0839927197,0.330286086,-0.0478926525,0.82240957,0.00316487835,0.784076214,0.0315590426,0.905111313,-0.164614677,0.730589032,0.0511691347,0.901047111,-0.0199661944,0.820563138,0.0399171859,0.652074516,-0.169826388,0.76546663,0.019332448,0.478792638,0.0213440619,0.835515,-0.0442843027,0.923695207,-0.151712537,0.784077227,-0.0879901797,0.887041569
4549.999999999994,-0.0195888057,-0.539801,-0.330606282,0.999971569,0.00153465592,-0.560002565,-0.326038897,0.99994278,0.00507671805,-0.559220731,-0.313700259,0.999921739,0.00393186929,-0.559249699,-0.318422616,0.999950409,-0.0216954779,-0.572676,-0.333287746,0.999959,-0.0194518361,-0.569762409,-0.34603551,0.999961257,-0.0161313582,-0.559164584,-0.325831056,0.999970913,0.0816421881,-0.558572,-0.223086163,0.999920607,-0.0630760565,-0.533211529,-0.203113124,0.999817908,0.0224538203,-0.535309553,-0.278455228,0.999929488,-0.0162046161,-0.503938735,-0.302062333,0.999916613,0.164855123,-0.42214787,-0.0640196353,0.999984682,-0.105525851,-0.494808406,-0.0337499864,0.999969721,0.189380169,-0.217271164,-0.0483345613,0.944311082,-0.134934977,-0.213546306,-0.0652738512,0.93847841,0.0578298233,-0.0441550165,-0.0648444667,0.91928184,-0.0791394264,-0.0455625504,-0.148874581,0.895797729,0.0109331738,-0.00189387379,-0.0778026506,0.891164243,-0.0279944539,-0.004511551,-0.205071941,0.852818847,-0.0309955347,-0.0166120678,-0.0904078484,0.898020387,0.0140026733,-0.0459328406,-0.217949554,0.86041075,0.0378506333,-0.0249275025,-0.0690011084,0.848244846,-0.0537062623,-0.0502060615,-0.165856272,0.798009694,0.0852669626,0.00781771727,0.0353303663,0.999966443,-0.0827734396,-0.0114785424,-0.0332202464,0.999964714,0.0476100706,0.429436177,-0.0262826812,0.796662331,-0.0841849819,0.330284029,-0.0483391,0.824007928,0.00317652873,0.783612311,0.0324041918,0.906364739,-0.165779665,0.730544627,0.0511953495,0.902486145,-0.0199669655,0.820017755,0.0409514531,0.654444396,-0.171156302,0.765422583,0.0193847567,0.481292635,0.021337783,0.83535862,-0.0431649685,0.92452389,-0.153314009,0.784109712,-0.0879580826,0.888351738
4566.666666666661,-0.0196074843,-0.539802432,-0.329772413,0.999971092,0.00150631659,-0.560009778,-0.325210899,0.999941766,0.00504549872,-0.559232056,-0.312868685,0.999920368,0.00390154636,-0.559259951,-0.317608446,0.999949574,-0.0217291377,-0.572694898,-0.332503915,0.999958217,-0.0194868259,-0.569782257,-0.345257312,0.999960482,-0.0161664393,-0.559179187,-0.325068027,0.999970317,0.0815573558,-0.558618546,-0.222373933,0.999919593,-0.0631573,-0.533260524,-0.202586189,0.99981457,0.0224314462,-0.535319626,-0.277663678,0.999928415,-0.0162343383,-0.503952861,-0.301294476,0.999915063,0.164838418,-0.422172934,-0.063651979,0.999984562,-0.105594583,-0.494884729,-0.0335817188,0.999969244,0.189393133,-0.217191085,-0.0482949056,0.943854451,-0.135056615,-0.213823274,-0.0653268397,0.937725365,0.0577786714,-0.0440979302,-0.0647815913,0.918415785,-0.0791764185,-0.0457482524,-0.148891211,0.893413,0.0108472044,-0.00182349235,-0.0777037069,0.89020586,-0.0280175917,-0.00462179957,-0.205057308,0.849862933,-0.0310669933,-0.0165695306,-0.0902678743,0.897095144,0.0139789581,-0.0460496508,-0.217909828,0.857508123,0.0378063321,-0.024876602,-0.0689177439,0.847009301,-0.0537475199,-0.0503767394,-0.165848836,0.794378877,0.085261032,0.00781013491,0.0353768393,0.999966562,-0.0827681795,-0.0114676515,-0.0332633629,0.999964774,0.0476129316,0.429436147,-0.0262824465,0.797121346,-0.0842756182,0.330263972,-0.0483515151,0.824189663,0.00300612627,0.783174515,0.0328522734,0.906899691,-0.166032717,0.7304492,0.0513603427,0.903016686,-0.0201578271,0.819520593,0.0414483771,0.655928493,-0.171412885,0.765328646,0.0195677,0.48238641,0.0213316809,0.835114539,-0.0425585806,0.924750507,-0.153621867,0.784111917,-0.0877161548,0.888587952
4583.333333333328,-0.0196484383,-0.539799631,-0.326847762,0.999969482,0.00147713942,-0.560008943,-0.322265655,0.999938369,0.00500666862,-0.559235215,-0.309929371,0.999915659,0.00386521895,-0.559262455,-0.31471324,0.999946773,-0.0217608102,-0.572725236,-0.329441458,0.999955654,-0.0195229,-0.569812238,-0.342178434,0.999957919,-0.0162065141,-0.55919534,-0.322069615,0.99996835,0.0815323144,-0.558661282,-0.220013902,0.999915719,-0.0631797537,-0.533446908,-0.2000646,0.999803722,0.0223984122,-0.535326242,-0.274983793,0.99992466,-0.0162857976,-0.503983,-0.298390806,0.999910355,0.16482237,-0.422293663,-0.0630340576,0.999984264,-0.105617225,-0.494992822,-0.0327056646,0.999968,0.189542651,-0.217210829,-0.0483132489,0.94334054,-0.135100618,-0.214610428,-0.065553464,0.936287045,0.0575048663,-0.044078365,-0.0643314421,0.917132735,-0.0792461112,-0.0460750125,-0.148869932,0.889310896,0.0103725754,-0.00172402454,-0.0768954456,0.888810575,-0.0281254277,-0.0047459905,-0.204937354,0.844758689,-0.0318602063,-0.0163993798,-0.0892547593,0.895711482,0.0138901863,-0.046077963,-0.21761097,0.852513433,0.0374511853,-0.0248362273,-0.0683264509,0.845273316,-0.053855665,-0.0506022684,-0.165786907,0.788552403,0.085259,0.00777955167,0.0353989899,0.999966562,-0.0827657,-0.0114277378,-0.0332851857,0.999964476,0.0478325859,0.429375887,-0.0270010103,0.796601772,-0.0848825201,0.330242157,-0.0486323461,0.822496176,0.00300931139,0.782732308,0.0329275914,0.907256424,-0.167316943,0.730132937,0.0517380796,0.902942419,-0.0201658104,0.818998694,0.0415788405,0.656211138,-0.172819659,0.764993429,0.0200298894,0.481307089,0.0213230215,0.835102916,-0.0423958935,0.924570799,-0.155191109,0.784212887,-0.0870019346,0.887996256
4599.9999999999945,-0.0196352731,-0.539950609,-0.326852828,0.999968886,0.00150874839,-0.560120642,-0.32228443,0.999937177,0.00502970442,-0.559358239,-0.309946239,0.999913871,0.00389047619,-0.559383571,-0.314727724,0.99994576,-0.0217152927,-0.572911263,-0.329460263,0.99995476,-0.0194729529,-0.569999456,-0.342199475,0.999957,-0.0161527563,-0.559370637,-0.322086632,0.999967694,0.0815574676,-0.558734536,-0.220117941,0.999914229,-0.0629047304,-0.533687651,-0.200087115,0.999799669,0.0223989543,-0.535467744,-0.274995297,0.999923348,-0.0162515733,-0.504175901,-0.298406,0.999908805,0.164870664,-0.422250271,-0.0630484447,0.999984086,-0.105347931,-0.495772749,-0.0328463614,0.999967933,0.1895964,-0.217044741,-0.0480691604,0.942470551,-0.135329843,-0.217241511,-0.0664505586,0.936199486,0.0575296506,-0.044039838,-0.0620605163,0.915842652,-0.0792753696,-0.0472407676,-0.150885254,0.888937116,0.0103689013,-0.00164797541,-0.074293144,0.887260854,-0.0281653,-0.00542394212,-0.207180992,0.844215453,-0.0318564437,-0.0163549259,-0.0867258534,0.894256055,0.0139472485,-0.046488665,-0.219556406,0.851999342,0.0374801792,-0.0248090383,-0.0659614131,0.843245804,-0.0538817979,-0.0514681749,-0.167692631,0.787721276,0.0851633921,0.00779904751,0.0354385749,0.999966502,-0.0826760158,-0.0114498269,-0.0333281308,0.999964416,0.0477245823,0.429436028,-0.0271314532,0.794760466,-0.0846113563,0.330167919,-0.0484321304,0.820024073,0.00227077981,0.782725394,0.0298296642,0.907617271,-0.167324886,0.729053319,0.0523865558,0.90220505,-0.0209834427,0.818989456,0.0379753113,0.657510877,-0.172822982,0.763765514,0.0206909832,0.480076283,0.0209920388,0.83509177,-0.0471452661,0.924935,-0.154973328,0.783465803,-0.0863293633,0.887378037
4616.6666666666615,-0.0194109213,-0.539958596,-0.327049136,0.99996841,0.00167812791,-0.56013757,-0.322546214,0.999936223,0.005182466,-0.559376955,-0.310193568,0.99991256,0.00405467488,-0.559401,-0.314969093,0.999944925,-0.0215304811,-0.572943151,-0.329815328,0.999954104,-0.0192757323,-0.570029676,-0.342570305,0.999956369,-0.0159575697,-0.559394896,-0.322440177,0.999967217,0.081543006,-0.558772564,-0.220500723,0.999913275,-0.0628577694,-0.533730865,-0.200973615,0.999797463,0.0224832799,-0.535479903,-0.275172025,0.999922,-0.0161241349,-0.504190385,-0.298710823,0.999907255,0.164836,-0.422240704,-0.0635257959,0.999983966,-0.105246082,-0.495920509,-0.0336863436,0.999967754,0.189559713,-0.217041552,-0.0482502,0.941931,-0.135265425,-0.217878,-0.0680813,0.936085045,0.0573698319,-0.0440256,-0.0617103055,0.914677501,-0.079241246,-0.0474474728,-0.151904792,0.888388515,0.0101313442,-0.00157216087,-0.073663637,0.8858459,-0.0281734038,-0.00551106734,-0.207979366,0.843637526,-0.0319969617,-0.0162624978,-0.0861221403,0.892936707,0.0140390042,-0.0464975,-0.220215604,0.851456463,0.037355531,-0.0247881897,-0.0655770451,0.841661751,-0.0538437329,-0.0516032614,-0.168619499,0.786996663,0.0850796327,0.00781317428,0.0354590937,0.999966502,-0.0825962797,-0.0114650633,-0.0333505385,0.999964356,0.0476271175,0.429559141,-0.0274373516,0.794228077,-0.084496446,0.330200881,-0.0484338813,0.818986833,0.00205069594,0.782813966,0.0290172473,0.908037603,-0.167555913,0.728881598,0.0521426238,0.902291596,-0.0212115794,0.81906718,0.0371102765,0.659092069,-0.173081204,0.763558149,0.020373974,0.479739338,0.0208666939,0.835292,-0.0478933416,0.925346315,-0.154964715,0.783437908,-0.0868067816,0.887594402
4633.3333333333285,-0.0190448891,-0.539988577,-0.326963693,0.999968469,0.00198769895,-0.560169101,-0.322469622,0.999936402,0.00547773065,-0.559411347,-0.310118258,0.999912739,0.00436415523,-0.559436738,-0.314880431,0.999945104,-0.021199856,-0.572988212,-0.329757035,0.999954224,-0.0189395249,-0.570073366,-0.34251377,0.999956429,-0.0156237474,-0.559431553,-0.322380871,0.999967277,0.0817338228,-0.558800101,-0.220430762,0.999913514,-0.0625574,-0.533749044,-0.200955033,0.999797702,0.0227911677,-0.535504818,-0.275070459,0.999922156,-0.0157826766,-0.504210889,-0.298646361,0.999907434,0.164921179,-0.422142088,-0.0633618,0.999984,-0.104865685,-0.495998383,-0.0336601287,0.999967873,0.189620554,-0.216916293,-0.0476209857,0.941682518,-0.135132447,-0.218057916,-0.0680907741,0.935841858,0.0573925115,-0.0439117029,-0.0602222607,0.914445102,-0.0789319426,-0.0474311635,-0.15194425,0.887328744,0.0101302695,-0.00142244762,-0.0720637515,0.885538638,-0.0278667156,-0.00540722534,-0.207974359,0.842323482,-0.0319842584,-0.0161553882,-0.0844669864,0.892659724,0.0144926291,-0.0462939627,-0.220197931,0.85016793,0.0373860635,-0.024701504,-0.0640012547,0.841335595,-0.0534987152,-0.0515564457,-0.16863957,0.785315752,0.085055396,0.00783437118,0.0355418772,0.999966681,-0.082573846,-0.0114846481,-0.0334358476,0.999964535,0.0476531833,0.429613858,-0.0278425049,0.79481411,-0.0841196403,0.330308884,-0.0484098792,0.819120407,0.0022058608,0.78277421,0.0283594783,0.908773661,-0.16748184,0.72887373,0.0521505214,0.902980626,-0.0210326593,0.819004297,0.036414247,0.660480917,-0.172979534,0.763547719,0.0203787759,0.480328709,0.0208766926,0.835142255,-0.0490236618,0.926071584,-0.154044151,0.783399343,-0.0869846418,0.888426185
4649.999999999995,-0.0189210568,-0.539675534,-0.329859585,0.999968886,0.00217663706,-0.559859097,-0.325505316,0.999937236,0.005665679,-0.559079766,-0.31314373,0.999913871,0.00455597555,-0.559113503,-0.317891598,0.999945879,-0.0210281648,-0.572741508,-0.332895786,0.99995476,-0.0187634099,-0.569821477,-0.345695883,0.999956906,-0.0154407555,-0.559178293,-0.325474948,0.999967575,0.0819812343,-0.558556378,-0.223228768,0.999914646,-0.062361598,-0.53365773,-0.203841418,0.999799311,0.0228971187,-0.535225451,-0.277760059,0.999922872,-0.0156739522,-0.503991,-0.301462859,0.999908149,0.164968789,-0.422079653,-0.0647488311,0.999984145,-0.104617536,-0.495986253,-0.035693638,0.999968052,0.189684689,-0.217002198,-0.04869432,0.942156,-0.135093212,-0.218006,-0.0699341595,0.93637991,0.0574689358,-0.0439098403,-0.0613146462,0.915496707,-0.0788821876,-0.0471826755,-0.153694823,0.888080239,0.0101868222,-0.0013863541,-0.0732921213,0.886680484,-0.0278203487,-0.00505699869,-0.209691808,0.843133926,-0.0319262072,-0.0160757247,-0.0857461318,0.893748,0.0146502834,-0.0458351932,-0.221957937,0.850969,0.037456397,-0.024688853,-0.065131858,0.842802167,-0.0534165129,-0.0512389392,-0.170392603,0.786181271,0.0850179419,0.00784252863,0.0356410071,0.999966443,-0.0825370699,-0.0114929779,-0.0335414372,0.999964237,0.0477400348,0.429622829,-0.0278993845,0.793972373,-0.0838918835,0.330310673,-0.0484034,0.818443239,0.00221144641,0.78275156,0.0277902167,0.908598065,-0.167313099,0.728800356,0.0517263636,0.902678311,-0.0210250467,0.81898129,0.0357486345,0.661089242,-0.172763765,0.763462961,0.0198521446,0.480039716,0.021081889,0.834957,-0.0495251268,0.926094532,-0.153465763,0.783129454,-0.0873776302,0.888207
4666.666666666662,-0.0187166259,-0.539577305,-0.331624418,0.999968886,0.00238151918,-0.559772968,-0.327299207,0.999937296,0.00586265,-0.558985472,-0.314919531,0.999914,0.00476097642,-0.559020638,-0.319662929,0.999946,-0.0208278857,-0.572659552,-0.334842891,0.99995476,-0.018554857,-0.569734633,-0.347681344,0.999956846,-0.0152328191,-0.559093356,-0.327409863,0.999967515,0.0821015835,-0.5584566,-0.225015432,0.999914765,-0.0622113049,-0.533542097,-0.205996275,0.999798596,0.0230471734,-0.535121441,-0.279450953,0.999922574,-0.0155016743,-0.503880739,-0.303332329,0.999907613,0.165011525,-0.421946108,-0.0657191798,0.999984086,-0.104319565,-0.495877475,-0.0376061276,0.999967873,0.18974252,-0.216963023,-0.0492038354,0.941983044,-0.134887651,-0.217879713,-0.0714390278,0.936485767,0.0574840754,-0.0439001471,-0.0614762604,0.915139,-0.078816168,-0.0468187854,-0.154638827,0.887194037,0.0101849623,-0.0013695329,-0.0734392926,0.886108816,-0.0277823191,-0.00462011108,-0.210590288,0.841812611,-0.0319102667,-0.0160617437,-0.0859037936,0.893215656,0.0147219375,-0.0453455187,-0.222839639,0.849701,0.0374766067,-0.0246771276,-0.0653026178,0.842120469,-0.0533506,-0.050837364,-0.171332657,0.784480751,0.0849547535,0.00785683841,0.0357179493,0.999966443,-0.0824759081,-0.0115086539,-0.0336277597,0.999964178,0.0477069691,0.429750174,-0.0278921723,0.793932557,-0.0838060081,0.33034423,-0.0483105257,0.818552136,0.00217448431,0.783025,0.0272856504,0.909238875,-0.167239815,0.7287817,0.0515192449,0.903141141,-0.0210436601,0.819290757,0.0351245515,0.66330868,-0.172658637,0.763439596,0.0195614696,0.48146677,0.0215025246,0.834995925,-0.050346978,0.926617563,-0.153169692,0.78299129,-0.087822184,0.88867
4683.333333333329,-0.0181992035,-0.539489567,-0.33205846,0.999968529,0.00289154402,-0.559683502,-0.327681631,0.9999367,0.0063522975,-0.558891594,-0.315290064,0.999913156,0.00525266118,-0.558925748,-0.320033818,0.999945521,-0.0203348305,-0.572563231,-0.335288,0.999954224,-0.0180520937,-0.569641829,-0.348150074,0.99995631,-0.0147203105,-0.558997154,-0.327861488,0.999967039,0.0823886842,-0.558371842,-0.225409508,0.999914,-0.061858207,-0.533433616,-0.206604823,0.999795675,0.0234658979,-0.53503269,-0.279881895,0.999921501,-0.0150477951,-0.503791,-0.303844869,0.999906123,0.165182069,-0.421835333,-0.0660192072,0.999983966,-0.103999577,-0.495808065,-0.0385357626,0.999967515,0.189936742,-0.216909468,-0.049533397,0.941398203,-0.134285673,-0.217824236,-0.0725031,0.936122119,0.0576792173,-0.0438678041,-0.0616872199,0.914061904,-0.0783925131,-0.046376422,-0.155159757,0.88556,0.0103687514,-0.00130495406,-0.0736502632,0.884747565,-0.027450433,-0.00398301939,-0.211045027,0.839557111,-0.0317108594,-0.0160043165,-0.0861287415,0.891927063,0.0151040358,-0.0446122885,-0.22330007,0.84752804,0.0376754627,-0.0246353988,-0.065531224,0.840368629,-0.0529519171,-0.0502874404,-0.171858117,0.781647146,0.0849295557,0.00785954949,0.0358027779,0.999966443,-0.0824520439,-0.0115114031,-0.0337185301,0.999964058,0.0478082187,0.42980659,-0.0279003121,0.793481588,-0.0836408362,0.330390722,-0.0479718372,0.817243695,0.00218692096,0.783188403,0.0263971,0.909727871,-0.166681021,0.728732407,0.0522481538,0.902680457,-0.021025816,0.819494128,0.0341016278,0.665168226,-0.171997,0.763382792,0.0203253068,0.481173962,0.0220709126,0.835233212,-0.0514885671,0.926927388,-0.152337626,0.783007801,-0.0867437,0.888049304
4699.999999999996,-0.0179419909,-0.539459586,-0.332003087,0.999967098,0.00317107048,-0.55964762,-0.327607602,0.999933898,0.00661124475,-0.558860242,-0.315211177,0.999909103,0.00551402103,-0.55889076,-0.319966614,0.999943137,-0.0200590752,-0.572548807,-0.335226625,0.999952137,-0.0177811906,-0.569626331,-0.348088026,0.999954224,-0.0144438026,-0.558974624,-0.327807933,0.999965489,0.0825514868,-0.558328927,-0.22536312,0.999910235,-0.0616674274,-0.533426404,-0.206576958,0.999786556,0.0236860458,-0.535002947,-0.279831797,0.999917924,-0.0148268901,-0.503772736,-0.303801209,0.999901831,0.165229067,-0.421786189,-0.0659432,0.999983549,-0.10377872,-0.495811254,-0.038790416,0.9999668,0.189980403,-0.216825157,-0.0493835881,0.939463,-0.134294838,-0.21826002,-0.0730610862,0.93548876,0.0576633289,-0.0437519439,-0.0607948676,0.911148846,-0.0783878341,-0.0463834628,-0.155169383,0.883699775,0.0103023332,-0.00114451896,-0.0723388791,0.881468177,-0.0274460856,-0.00396479061,-0.211014152,0.837009668,-0.0317347348,-0.0158152692,-0.0847706199,0.888798118,0.0151635325,-0.0445253775,-0.223266348,0.845058143,0.0376707278,-0.0245122295,-0.0645838,0.836254835,-0.0529471934,-0.0502836071,-0.171841457,0.778558314,0.0848968,0.00786482543,0.0359240361,0.999966145,-0.0824190155,-0.0115148071,-0.0338433683,0.999963641,0.0478131436,0.42996335,-0.028353015,0.791024745,-0.0836455226,0.330355614,-0.0481973849,0.813706696,0.00182952813,0.783622682,0.0256055798,0.909714282,-0.166555166,0.728310585,0.053542342,0.901263356,-0.021447476,0.819977343,0.0333168358,0.665528595,-0.171852,0.762938499,0.0219326448,0.478352189,0.022069918,0.836814106,-0.0522712134,0.926736414,-0.152083427,0.783073962,-0.0845539421,0.88632822
4716.666666666663,-0.0178537443,-0.53953141,-0.331004471,0.999966145,0.0033410571,-0.559703767,-0.326453596,0.99993217,0.00677658524,-0.558926702,-0.314034134,0.999906719,0.00567525532,-0.558951199,-0.318834603,0.999941766,-0.0199066661,-0.572676599,-0.334014118,0.999950647,-0.0176352635,-0.569752097,-0.34685725,0.999952674,-0.0142990565,-0.559093237,-0.326616615,0.999964237,0.0828046128,-0.558351,-0.224174932,0.999908268,-0.0614872836,-0.533678174,-0.205207929,0.999779105,0.0237820577,-0.535069883,-0.278895169,0.999915481,-0.0147591364,-0.503896952,-0.302738875,0.999898493,0.165274665,-0.421782196,-0.0653874353,0.999983251,-0.103659086,-0.495996803,-0.0379277244,0.999965787,0.190099284,-0.216816038,-0.048521474,0.939099848,-0.134395689,-0.218789,-0.0726628825,0.934562504,0.0577236041,-0.0437804572,-0.0584390126,0.91051656,-0.078226313,-0.0465649106,-0.154444933,0.880619466,0.0103334785,-0.00114325469,-0.0697357208,0.880709469,-0.0270902328,-0.00402222108,-0.210135058,0.833084345,-0.0316858105,-0.0158062298,-0.0820280835,0.888044178,0.0157048758,-0.044587139,-0.222198144,0.841220737,0.0377524979,-0.024532143,-0.0621654764,0.835289836,-0.0527317896,-0.0504460521,-0.171009466,0.773996294,0.0848654732,0.00786465779,0.0359445699,0.999965906,-0.0823841617,-0.0115114525,-0.0338652283,0.999963105,0.0477541238,0.429979235,-0.0290238243,0.790683508,-0.0837804601,0.330226839,-0.0481914,0.811164618,0.00134818128,0.783650696,0.0236198455,0.910314143,-0.166287348,0.728028357,0.0544667356,0.900318444,-0.0219967477,0.820010781,0.0312337428,0.667140365,-0.17152001,0.762670279,0.0229456648,0.477222055,0.0219764076,0.837028205,-0.0542149469,0.926853657,-0.152047515,0.783112466,-0.0826372877,0.884951353
4733.33333333333,-0.0178838409,-0.539452,-0.333644,0.999965549,0.00334706018,-0.559622645,-0.329069048,0.999931157,0.00678188913,-0.558841288,-0.316599488,0.999905407,0.00567946,-0.558862746,-0.321383595,0.999941,-0.0199159477,-0.572625041,-0.336534739,0.999949694,-0.0176451318,-0.569698095,-0.349404126,0.999951661,-0.014308772,-0.559040248,-0.329129875,0.999963462,0.0829391181,-0.558232725,-0.226241812,0.999907136,-0.0614839308,-0.533663929,-0.206942469,0.99977386,0.0237782151,-0.534972787,-0.281362146,0.999913752,-0.0147917159,-0.503841,-0.305089474,0.999896,0.165337443,-0.421716839,-0.0664970279,0.999982953,-0.10361968,-0.495986491,-0.0389336087,0.999964893,0.190241113,-0.216763765,-0.0488703772,0.938800633,-0.134317085,-0.218792707,-0.0729946867,0.933468,0.0577405728,-0.0437984392,-0.0584865399,0.909620762,-0.0781044811,-0.0465441123,-0.154483601,0.87687248,0.0103291031,-0.00118853024,-0.0698128194,0.879431069,-0.0269103386,-0.00399338687,-0.210153714,0.828207791,-0.0316743292,-0.0159274209,-0.0821081772,0.88683033,0.0158569943,-0.0445795134,-0.222206742,0.836515665,0.0377753228,-0.0245623682,-0.062217962,0.833659172,-0.0526034981,-0.0504293181,-0.171046734,0.768296421,0.0848514661,0.00786570273,0.0359679163,0.999965727,-0.0823712572,-0.0115103237,-0.0338918678,0.999962747,0.0475256629,0.430147558,-0.0289157499,0.791427433,-0.0837726295,0.330187619,-0.0477542244,0.810498834,0.00116399094,0.783665359,0.023810178,0.911283791,-0.166130632,0.727820516,0.056411624,0.900353312,-0.0221532974,0.820024252,0.0314296409,0.669614851,-0.171351537,0.762451589,0.0250511207,0.477626562,0.0219596755,0.837067068,-0.0541685149,0.927445173,-0.151979432,0.78308326,-0.0807474926,0.884764671
