time,X_LEFT_WRIST,Y_LEFT_WRIST,Z_LEFT_WRIST,X_LEFT_THUMB_CMC,Y_LEFT_THUMB_CMC,Z_LEFT_THUMB_CMC,X_LEFT_THUMB_MCP,Y_LEFT_THUMB_MCP,Z_LEFT_THUMB_MCP,X_LEFT_THUMB_IP,Y_LEFT_THUMB_IP,Z_LEFT_THUMB_IP,X_LEFT_THUMB_TIP,Y_LEFT_THUMB_TIP,Z_LEFT_THUMB_TIP,X_LEFT_INDEX_FINGER_MCP,Y_LEFT_INDEX_FINGER_MCP,Z_LEFT_INDEX_FINGER_MCP,X_LEFT_INDEX_FINGER_PIP,Y_LEFT_INDEX_FINGER_PIP,Z_LEFT_INDEX_FINGER_PIP,X_LEFT_INDEX_FINGER_DIP,Y_LEFT_INDEX_FINGER_DIP,Z_LEFT_INDEX_FINGER_DIP,X_LEFT_INDEX_FINGER_TIP,Y_LEFT_INDEX_FINGER_TIP,Z_LEFT_INDEX_FINGER_TIP,X_LEFT_MIDDLE_FINGER_MCP,Y_LEFT_MIDDLE_FINGER_MCP,Z_LEFT_MIDDLE_FINGER_MCP,X_LEFT_MIDDLE_FINGER_PIP,Y_LEFT_MIDDLE_FINGER_PIP,Z_LEFT_MIDDLE_FINGER_PIP,X_LEFT_MIDDLE_FINGER_DIP,Y_LEFT_MIDDLE_FINGER_DIP,Z_LEFT_MIDDLE_FINGER_DIP,X_LEFT_MIDDLE_FINGER_TIP,Y_LEFT_MIDDLE_FINGER_TIP,Z_LEFT_MIDDLE_FINGER_TIP,X_LEFT_RING_FINGER_MCP,Y_LEFT_RING_FINGER_MCP,Z_LEFT_RING_FINGER_MCP,X_LEFT_RING_FINGER_PIP,Y_LEFT_RING_FINGER_PIP,Z_LEFT_RING_FINGER_PIP,X_LEFT_RING_FINGER_DIP,Y_LEFT_RING_FINGER_DIP,Z_LEFT_RING_FINGER_DIP,X_LEFT_RING_FINGER_TIP,Y_LEFT_RING_FINGER_TIP,Z_LEFT_RING_FINGER_TIP,X_LEFT_PINKY_FINGER_MCP,Y_LEFT_PINKY_FINGER_MCP,Z_LEFT_PINKY_FINGER_MCP,X_LEFT_PINKY_FINGER_PIP,Y_LEFT_PINKY_FINGER_PIP,Z_LEFT_PINKY_FINGER_PIP,X_LEFT_PINKY_FINGER_DIP,Y_LEFT_PINKY_FINGER_DIP,Z_LEFT_PINKY_FINGER_DIP,X_LEFT_PINKY_FINGER_TIP,Y_LEFT_PINKY_FINGER_TIP,Z_LEFT_PINKY_FINGER_TIP,X_RIGHT_WRIST,Y_RIGHT_WRIST,Z_RIGHT_WRIST,X_RIGHT_THUMB_CMC,Y_RIGHT_THUMB_CMC,Z_RIGHT_THUMB_CMC,X_RIGHT_THUMB_MCP,Y_RIGHT_THUMB_MCP,Z_RIGHT_THUMB_MCP,X_RIGHT_THUMB_IP,Y_RIGHT_THUMB_IP,Z_RIGHT_THUMB_IP,X_RIGHT_THUMB_TIP,Y_RIGHT_THUMB_TIP,Z_RIGHT_THUMB_TIP,X_RIGHT_INDEX_FINGER_MCP,Y_RIGHT_INDEX_FINGER_MCP,Z_RIGHT_INDEX_FINGER_MCP,X_RIGHT_INDEX_FINGER_PIP,Y_RIGHT_INDEX_FINGER_PIP,Z_RIGHT_INDEX_FINGER_PIP,X_RIGHT_INDEX_FINGER_DIP,Y_RIGHT_INDEX_FINGER_DIP,Z_RIGHT_INDEX_FINGER_DIP,X_RIGHT_INDEX_FINGER_TIP,Y_RIGHT_INDEX_FINGER_TIP,Z_RIGHT_INDEX_FINGER_TIP,X_RIGHT_MIDDLE_FINGER_MCP,Y_RIGHT_MIDDLE_FINGER_MCP,Z_RIGHT_MIDDLE_FINGER_MCP,X_RIGHT_MIDDLE_FINGER_PIP,Y_RIGHT_MIDDLE_FINGER_PIP,Z_RIGHT_MIDDLE_FINGER_PIP,X_RIGHT_MIDDLE_FINGER_DIP,Y_RIGHT_MIDDLE_FINGER_DIP,Z_RIGHT_MIDDLE_FINGER_DIP,X_RIGHT_MIDDLE_FINGER_TIP,Y_RIGHT_MIDDLE_FINGER_TIP,Z_RIGHT_MIDDLE_FINGER_TIP,X_RIGHT_RING_FINGER_MCP,Y_RIGHT_RING_FINGER_MCP,Z_RIGHT_RING_FINGER_MCP,X_RIGHT_RING_FINGER_PIP,Y_RIGHT_RING_FINGER_PIP,Z_RIGHT_RING_FINGER_PIP,X_RIGHT_RING_FINGER_DIP,Y_RIGHT_RING_FINGER_DIP,Z_RIGHT_RING_FINGER_DIP,X_RIGHT_RING_FINGER_TIP,Y_RIGHT_RING_FINGER_TIP,Z_RIGHT_RING_FINGER_TIP,X_RIGHT_PINKY_FINGER_MCP,Y_RIGHT_PINKY_FINGER_MCP,Z_RIGHT_PINKY_FINGER_MCP,X_RIGHT_PINKY_FINGER_PIP,Y_RIGHT_PINKY_FINGER_PIP,Z_RIGHT_PINKY_FINGER_PIP,X_RIGHT_PINKY_FINGER_DIP,Y_RIGHT_PINKY_FINGER_DIP,Z_RIGHT_PINKY_FINGER_DIP,X_RIGHT_PINKY_FINGER_TIP,Y_RIGHT_PINKY_FINGER_TIP,Z_RIGHT_PINKY_FINGER_TIP
0,0.576627612,0.607220531,1.16038649e-007,0.561264813,0.612727463,-0.00820466504,0.555992782,0.621503711,-0.01105526,0.554578245,0.629898548,-0.0122554405,0.554150939,0.636929572,-0.0122405207,0.577673078,0.627855539,-0.00785674527,0.572239757,0.641287088,-0.010852199,0.562852681,0.644710243,-0.0115647679,0.555713296,0.644856095,-0.0109031433,0.585266173,0.627922952,-0.00371959084,0.578073561,0.641527951,-0.00630506407,0.567709386,0.644259214,-0.00686578313,0.559863091,0.644219756,-0.00647088746,0.58799094,0.627516091,-8.00971538e-005,0.580644667,0.639473379,-0.00194948248,0.570735574,0.642209888,-0.00232338766,0.563105047,0.642285585,-0.00203735614,0.587667704,0.626961946,0.00294201472,0.582092524,0.636537433,0.00170716597,0.574103951,0.639926255,0.00166676077,0.56751883,0.640805781,0.00225971313
0,0.342019558,0.609886587,-2.97006295e-008,0.36327976,0.612486184,-0.00882713,0.373979241,0.620517194,-0.0135178445,0.378806353,0.630366564,-0.0157927,0.385005087,0.637921572,-0.0167947467,0.353377104,0.628716528,-0.0168984309,0.362741977,0.642956436,-0.019688582,0.370354265,0.647531748,-0.0183468368,0.375282824,0.648528278,-0.0161624923,0.340334147,0.630599141,-0.0127126295,0.351831406,0.644629,-0.0150435278,0.361548,0.648048699,-0.0123541038,0.368061662,0.648332477,-0.00970142,0.332846642,0.631073773,-0.00839546,0.344234914,0.643347502,-0.0101451557,0.353918135,0.646637,-0.00690142065,0.36061272,0.6469841,-0.00396284647,0.329850137,0.63104856,-0.00453766948,0.338817686,0.64056462,-0.00580523303,0.347590059,0.643963754,-0.00393071491,0.354576796,0.644824207,-0.0017190465
16.666666666666668,0.577852368,0.607435226,1.14772455e-007,0.561620057,0.612427,-0.00761272293,0.556369,0.620700538,-0.0104285432,0.555886209,0.628957093,-0.0119141676,0.55539465,0.636257946,-0.012395394,0.579038501,0.627877,-0.00671602553,0.573302746,0.640972853,-0.0100194905,0.563935578,0.64459306,-0.0116070053,0.55707258,0.645405948,-0.0118421409,0.58628732,0.628265,-0.00335607515,0.578964651,0.641750216,-0.00661274558,0.567843795,0.644163787,-0.00782375317,0.56041795,0.643560112,-0.0079006236,0.588549316,0.62815845,-0.000496699824,0.581491,0.640258312,-0.00325084571,0.571152627,0.642854095,-0.00381280389,0.564095795,0.642662346,-0.00356299197,0.587775,0.628091335,0.00179952721,0.582356036,0.637828767,-0.000346200861,0.574154317,0.640869677,-0.00046066806,0.567867875,0.641230881,0.000163523495
16.666666666666668,0.340107441,0.608984888,-4.60436631e-008,0.361824125,0.611875057,-0.00746017555,0.37382111,0.620010674,-0.0116727334,0.3791309,0.629854321,-0.0142162545,0.386136442,0.6375615,-0.0157648828,0.354215264,0.629505277,-0.0116418498,0.363408685,0.643027127,-0.0149702141,0.371087909,0.647365451,-0.0153558655,0.375851542,0.648258626,-0.014528567,0.341351926,0.630759895,-0.00862467289,0.352778167,0.644720435,-0.0115969796,0.362546146,0.647892475,-0.0105290506,0.368795574,0.647903264,-0.00894660316,0.33405593,0.630631447,-0.00585153187,0.34519273,0.643173039,-0.00847835746,0.354859412,0.646714449,-0.00688215718,0.361739874,0.647250116,-0.00497580925,0.330818117,0.630117953,-0.00344737968,0.340791702,0.640111089,-0.00514097558,0.349208653,0.644204497,-0.00417869,0.355961978,0.645814359,-0.00278735906
33.333333333333336,0.57641685,0.607641,1.06450592e-007,0.561103463,0.612350583,-0.00798712112,0.555586517,0.620924771,-0.0107065598,0.555508852,0.629332125,-0.0116924969,0.554900229,0.636425,-0.0116261439,0.578153193,0.628054,-0.00813188124,0.572595894,0.640691936,-0.0106089022,0.564110875,0.644247651,-0.0113721583,0.557691813,0.645057857,-0.011170608,0.585517645,0.628517151,-0.00417789677,0.578393102,0.64145714,-0.00662396569,0.568062842,0.643849492,-0.00714109372,0.560946107,0.643404901,-0.00691011781,0.587883592,0.628278136,-0.000569709809,0.581130683,0.639746428,-0.00239596283,0.571584463,0.642046452,-0.00243008579,0.564947724,0.6419276,-0.00207814598,0.587325,0.627827287,0.00247111148,0.582083344,0.637188375,0.00121653196,0.57457304,0.640154302,0.00145515893,0.568850338,0.640642583,0.00216424721
33.333333333333336,0.341544032,0.609083176,-2.60166875e-008,0.36328876,0.612565756,-0.00718330406,0.37414,0.620730758,-0.0107836332,0.378790706,0.630555093,-0.0126997912,0.384956062,0.63802731,-0.0135839684,0.354223371,0.629257083,-0.0108374851,0.362687707,0.642797291,-0.0137532493,0.369912177,0.647364676,-0.0139668938,0.374801785,0.648814559,-0.0129937986,0.34173,0.630647361,-0.00774033042,0.351657361,0.644838929,-0.0104430374,0.361525476,0.648343563,-0.0094626192,0.368412971,0.648584366,-0.00781432819,0.335053533,0.630790532,-0.00482394313,0.344546676,0.643214941,-0.00710706925,0.354038417,0.646974742,-0.00569878053,0.361132771,0.647753835,-0.00379100721,0.332994044,0.630644262,-0.00225500856,0.341086,0.64062506,-0.00362012326,0.349201083,0.644865334,-0.00254876097,0.356171131,0.646598518,-0.000960906968
50.0,0.578199267,0.607336819,1.1582042e-007,0.561901808,0.611660838,-0.00977413729,0.555293262,0.620309532,-0.0136561757,0.554808199,0.629024208,-0.0155833429,0.555330098,0.636629,-0.016534647,0.578328073,0.62623173,-0.0121269552,0.573237598,0.639938533,-0.0161818322,0.564094543,0.644189894,-0.0175869465,0.557138264,0.645671725,-0.0176761243,0.58607012,0.627167344,-0.00785441,0.578948736,0.64127636,-0.0115789343,0.56756866,0.643437266,-0.0124008311,0.560294628,0.642312288,-0.012210004,0.588592768,0.627557039,-0.00393770635,0.581299126,0.639984369,-0.00714447442,0.570937812,0.641794205,-0.00728056487,0.564439178,0.640842557,-0.00675494503,0.588089764,0.627741754,-0.000690749555,0.582062304,0.63768667,-0.00365409907,0.573509634,0.640233636,-0.00397432,0.567715168,0.639942348,-0.00340424688
50.0,0.340529889,0.608443916,-3.53836036e-008,0.362763911,0.611791849,-0.00766928913,0.374095857,0.619878113,-0.0120226834,0.379039854,0.629977942,-0.0146402167,0.385233819,0.637910664,-0.0162423328,0.353595346,0.62885648,-0.01223318,0.362174928,0.642633677,-0.0154149653,0.369156539,0.647485673,-0.0157417208,0.373935044,0.649207294,-0.014980508,0.340360016,0.630597174,-0.00912022404,0.351369,0.644509494,-0.0114489542,0.361362606,0.648156047,-0.0103615643,0.368567556,0.648604631,-0.00902518909,0.33287257,0.630954683,-0.00617267564,0.343701392,0.643037319,-0.00806968752,0.353220433,0.646764696,-0.00640331069,0.360534817,0.647559345,-0.00472189859,0.329861373,0.630902767,-0.00364554464,0.339396507,0.640273333,-0.00500210701,0.347799808,0.644310653,-0.00397928338,0.355070174,0.645971179,-0.00259617134
66.66666666666667,0.576779604,0.607810915,1.11858284e-007,0.561636508,0.612457216,-0.00857511442,0.55614686,0.620879054,-0.011782974,0.555885375,0.629073203,-0.013345575,0.555032432,0.636224151,-0.0139807137,0.577793419,0.6276142,-0.00904794,0.5721578,0.640103,-0.0125121456,0.563465953,0.644317746,-0.0139235165,0.556794226,0.645766914,-0.0140897604,0.585325778,0.628402412,-0.00526003214,0.578291476,0.641381919,-0.00845326111,0.567667067,0.643797159,-0.009259318,0.560545743,0.64318496,-0.00910171866,0.588053048,0.628503263,-0.00191147951,0.581387341,0.639977813,-0.0046584392,0.571576118,0.641985,-0.00484314142,0.565004408,0.64145714,-0.00436684722,0.587891698,0.628367722,0.00081867777,0.582845509,0.63783133,-0.00152140239,0.574902058,0.640531719,-0.00157352421,0.56915009,0.640597105,-0.000864938367
66.66666666666667,0.340652794,0.608475447,-5.49504193e-008,0.362268537,0.611658633,-0.00681745494,0.373523682,0.620221257,-0.0103309564,0.37880522,0.630278349,-0.0122168567,0.385784477,0.637757838,-0.0130372569,0.353870898,0.630296767,-0.0108819585,0.3631832,0.643884301,-0.0131739061,0.371006727,0.647761822,-0.0125472816,0.375937343,0.64818716,-0.0110812113,0.341156125,0.631929874,-0.00776588405,0.353460282,0.645492077,-0.00988693535,0.363686651,0.648131251,-0.00833943393,0.370461,0.64774406,-0.00649749208,0.333778054,0.632045329,-0.00474554067,0.345423788,0.644328,-0.00667651882,0.355347604,0.647134185,-0.00478608208,0.362763643,0.647016823,-0.00276136934,0.330661714,0.631521761,-0.00204867218,0.34035787,0.641189516,-0.00333275436,0.349035054,0.644552171,-0.00223180582,0.356363028,0.645464182,-0.000700852077
83.33333333333334,0.578023851,0.608050048,1.16807044e-007,0.56240195,0.61228019,-0.00885059219,0.555597723,0.620307267,-0.0128112938,0.555173695,0.628679633,-0.0152154826,0.554707587,0.636188745,-0.0166698955,0.578069091,0.627319157,-0.00985105336,0.573522091,0.640415072,-0.0141678639,0.565024376,0.644524515,-0.0162071139,0.558399916,0.645555317,-0.0166954417,0.585495055,0.628170609,-0.00637545204,0.579004705,0.641716778,-0.0102519337,0.568338335,0.644558072,-0.0116449436,0.560926616,0.643988848,-0.0118933031,0.588020623,0.628414154,-0.00337816472,0.581595659,0.640649796,-0.00663636625,0.571584165,0.643339038,-0.00726247206,0.564587414,0.643124282,-0.0071311947,0.587748051,0.628493547,-0.00101019512,0.582163513,0.638334692,-0.00380687043,0.573991656,0.641479075,-0.00421854574,0.567895889,0.641821146,-0.00378185348
83.33333333333334,0.340248346,0.607991278,-4.71438213e-008,0.362616569,0.611757755,-0.0060717836,0.374246299,0.620146215,-0.00926238857,0.37912482,0.630194604,-0.0109369447,0.384996653,0.63786906,-0.0115339467,0.35395956,0.629443288,-0.00992659107,0.362946421,0.6437428,-0.0116963824,0.370615482,0.647768736,-0.010828,0.375312418,0.648328125,-0.00921129528,0.341215968,0.630627811,-0.00699657109,0.352460861,0.644832313,-0.0083855642,0.362420857,0.647739053,-0.00662368024,0.368485302,0.647357643,-0.00477614207,0.334068328,0.630474448,-0.00410682568,0.344507843,0.643152,-0.00524984,0.354175389,0.646418869,-0.00308577437,0.360865504,0.646606684,-0.00104721671,0.331154197,0.629947662,-0.00149296969,0.339344233,0.640077949,-0.00200760528,0.347566277,0.644067645,-0.000470310129,0.354303241,0.645378172,0.00121317152
100.00000000000001,0.57842046,0.607839704,1.04036303e-007,0.562455893,0.612163246,-0.00901289098,0.556402385,0.620787561,-0.0121603776,0.555729151,0.629199147,-0.0134050166,0.554798067,0.636467755,-0.0135527896,0.578437388,0.627513885,-0.010301223,0.572574139,0.640817881,-0.0137945823,0.563196421,0.644234061,-0.0148141617,0.556392729,0.644595683,-0.0145506924,0.585602403,0.628351152,-0.00600523176,0.577941835,0.641835451,-0.00951983873,0.566690207,0.644038,-0.0103857946,0.559251308,0.643054,-0.0101550398,0.587681174,0.628636301,-0.00209317962,0.580013871,0.640706956,-0.00504741073,0.569525063,0.642867684,-0.00569561543,0.562498033,0.642395139,-0.00551888673,0.586889446,0.628743589,0.00122685288,0.580557704,0.638341606,-0.00140982494,0.572113216,0.641113043,-0.00206108764,0.565899909,0.641322,-0.0017703257
100.00000000000001,0.340649158,0.608106613,-2.68068892e-008,0.363405913,0.611965716,-0.00681942143,0.374517,0.619953811,-0.0104732597,0.379137218,0.630049765,-0.0127145173,0.385279596,0.637876749,-0.013998013,0.354297698,0.629559755,-0.00841379259,0.362298369,0.642811775,-0.0109477127,0.369069695,0.64735055,-0.0117219212,0.373976737,0.64888972,-0.0113757309,0.341120601,0.631041706,-0.00566380844,0.351142436,0.64467746,-0.00733865658,0.360300511,0.648374677,-0.00691295508,0.367049038,0.648937225,-0.00613109441,0.333486617,0.630966663,-0.0032095327,0.342965722,0.642848969,-0.0045406688,0.351890445,0.646787167,-0.00328406668,0.358899981,0.647786081,-0.00194747024,0.330157042,0.630413771,-0.0011907086,0.338113368,0.63983053,-0.00194741308,0.346112132,0.643869162,-0.000812279,0.353209138,0.645530641,0.000562210218
116.66666666666669,0.577113509,0.607664585,1.09818977e-007,0.561918139,0.612018406,-0.0090972716,0.556407332,0.620453954,-0.0123605877,0.555738,0.628900588,-0.0138017945,0.555107355,0.63624233,-0.0141374143,0.578658402,0.627380908,-0.0095522413,0.573497951,0.640483201,-0.0130322725,0.564543962,0.644156098,-0.0143627562,0.557637513,0.644819617,-0.0144102173,0.585800469,0.62804395,-0.00534860045,0.578871846,0.641045392,-0.00847829226,0.5682832,0.643671036,-0.00941702351,0.56088084,0.643383503,-0.00949914102,0.58813,0.62822026,-0.00163582875,0.581114531,0.639888465,-0.00424022926,0.571288943,0.64242959,-0.00472859526,0.564311743,0.642499328,-0.00463462668,0.587626755,0.628347218,0.00141746784,0.582021892,0.637919366,-0.000782264688,0.574134409,0.640961885,-0.00107345777,0.568091393,0.641422,-0.00065708207
116.66666666666669,0.340360671,0.608423889,-4.72857842e-008,0.362855762,0.611634076,-0.00740094204,0.374271929,0.61997205,-0.0112003786,0.378724068,0.630262613,-0.0133175934,0.385172486,0.637848198,-0.014451216,0.353657186,0.629889369,-0.0111159896,0.362390727,0.643374,-0.0135013126,0.370055109,0.647549748,-0.0134814717,0.375189334,0.648661196,-0.0126023768,0.340860367,0.631266356,-0.00790671259,0.352039129,0.64481163,-0.00933012739,0.362658173,0.647658765,-0.00773756066,0.369775832,0.647648692,-0.00625126529,0.333700538,0.631175876,-0.00489520468,0.343892,0.643524349,-0.00635381741,0.35389483,0.646421134,-0.00434641028,0.361112773,0.646490097,-0.00255961367,0.330882609,0.630572736,-0.00232368126,0.339501411,0.640218675,-0.00347260083,0.348138958,0.643661857,-0.00230048923,0.355187505,0.644618154,-0.000915760174
133.33333333333334,0.578635931,0.607951522,1.10128241e-007,0.562338412,0.612148225,-0.00869649649,0.555694818,0.620716,-0.0116590662,0.555217087,0.629130781,-0.0126665188,0.554675817,0.636251152,-0.0127209984,0.57847017,0.627973378,-0.00961233582,0.57240653,0.640629768,-0.0121686896,0.563482821,0.64454,-0.0129553657,0.5567047,0.645989299,-0.0128787663,0.586262286,0.628561795,-0.00527321221,0.578537047,0.641639709,-0.00779456599,0.567787111,0.643247306,-0.00822817814,0.560791671,0.642139375,-0.00790873,0.588819,0.628399372,-0.00120670896,0.581824303,0.639984965,-0.00322812935,0.572202086,0.641673565,-0.00307616126,0.565995336,0.640992343,-0.00255356962,0.588421285,0.627958179,0.00226052315,0.58285594,0.637392461,0.000652523187,0.575155139,0.639870644,0.000854878745,0.569712818,0.639905214,0.00158755772
133.33333333333334,0.340120196,0.608148515,-3.54491405e-008,0.362452924,0.611349225,-0.00791309401,0.374107808,0.619595706,-0.0119257541,0.378823787,0.629969299,-0.014034247,0.385006785,0.638044536,-0.0150654214,0.353480935,0.629431,-0.0116637722,0.362264812,0.643215656,-0.0140265897,0.369908035,0.647693574,-0.0138968965,0.375040561,0.649147868,-0.0128927706,0.340712428,0.630843341,-0.00796497,0.352499127,0.644750118,-0.0096474085,0.362845629,0.648084521,-0.00818804931,0.369799852,0.648302138,-0.00663989224,0.333842725,0.630794525,-0.00444134325,0.345917195,0.642790258,-0.00587534951,0.355828702,0.646180511,-0.00403637299,0.362935394,0.646821678,-0.00228685723,0.331336051,0.630381,-0.00135980232,0.34184429,0.639745116,-0.00232307357,0.350762367,0.643463552,-0.00117769011,0.357865274,0.644955695,0.000212505576
150.0,0.577711403,0.607726276,1.16127865e-007,0.562131882,0.612292945,-0.00777558377,0.556022048,0.620345354,-0.0108039947,0.555939078,0.628615677,-0.0124395061,0.555112,0.635858297,-0.0131177204,0.57788533,0.628040612,-0.0070039276,0.572526276,0.640397489,-0.0101659261,0.564117432,0.644022226,-0.0118285464,0.557446,0.645023882,-0.0123465629,0.585453629,0.628680289,-0.00372375338,0.578579605,0.640987396,-0.00665178942,0.568391681,0.643808544,-0.00793186855,0.56080389,0.643776655,-0.00837710872,0.588401437,0.628581107,-0.0009427318,0.581660032,0.639676809,-0.00326681696,0.572172701,0.642539144,-0.00384722231,0.564924955,0.642968655,-0.0039496175,0.588448226,0.628366649,0.00122173654,0.582947314,0.637405515,-0.000664395164,0.575458169,0.640745401,-0.000859089254,0.569170952,0.641693,-0.00047195988
150.0,0.340203941,0.607986867,-3.1890508e-008,0.362759,0.611579955,-0.00687746098,0.374415785,0.620062947,-0.0103567047,0.379538268,0.63025105,-0.0121745095,0.385673076,0.638213813,-0.0130027607,0.354126424,0.629951775,-0.00968277268,0.363022327,0.643489301,-0.0115530659,0.370388865,0.647804558,-0.0113928504,0.375179082,0.649136424,-0.0104009323,0.340942442,0.631204,-0.00628674403,0.352401227,0.645013809,-0.00783839915,0.362605393,0.648465514,-0.00665017776,0.369458288,0.64878124,-0.00521550328,0.333662629,0.630934179,-0.00301491306,0.344795525,0.643109143,-0.00424295943,0.354500502,0.646752596,-0.00262822141,0.361675084,0.64751935,-0.000955801748,0.330709875,0.630262733,-7.88074758e-005,0.340330064,0.63965714,-0.000619597849,0.348929822,0.643682,0.000636208453,0.35603255,0.645453811,0.00210485747
166.66666666666666,0.578850269,0.608315349,1.11800652e-007,0.562848628,0.612479508,-0.00855270773,0.556022346,0.620546401,-0.0120876078,0.555437624,0.628696084,-0.0140770152,0.555115283,0.636095047,-0.0151939988,0.577676058,0.627736926,-0.00988028105,0.572323,0.640850365,-0.0138800051,0.563145936,0.644565642,-0.0155485738,0.556194663,0.645411074,-0.0157693699,0.58562243,0.628359616,-0.00631872611,0.578557849,0.64158535,-0.00979358424,0.567701042,0.643596828,-0.0107309185,0.560672522,0.64252758,-0.0106778601,0.588647306,0.62818712,-0.00315544871,0.581852078,0.639887094,-0.00594720617,0.572062433,0.641916156,-0.00590433553,0.565561235,0.641299,-0.00534239877,0.588736534,0.62784344,-0.000615090306,0.583442748,0.637524664,-0.0029142038,0.575377,0.640399218,-0.00270246668,0.569645226,0.640471756,-0.00184840197
166.66666666666666,0.342216671,0.608748496,-4.65014196e-008,0.364047974,0.612316,-0.00673930068,0.374890566,0.620482922,-0.0105989184,0.379563481,0.630276382,-0.0127604175,0.385645092,0.637932777,-0.0138476212,0.354412913,0.630037129,-0.0126392422,0.362761885,0.643999457,-0.0154021792,0.37099272,0.647956133,-0.01487925,0.376184374,0.648933291,-0.0134739075,0.34114641,0.631477237,-0.00964392442,0.352780432,0.645699799,-0.0124390926,0.363591045,0.648612618,-0.0107352138,0.370504916,0.648550212,-0.0087105874,0.333693802,0.631540954,-0.0065792813,0.345270365,0.64384222,-0.00863582,0.355496973,0.646726489,-0.00610561669,0.362510413,0.64693296,-0.00362314028,0.330653131,0.631073296,-0.00382682262,0.340693802,0.640620291,-0.00476536,0.349582821,0.643926501,-0.00294149527,0.356398076,0.644949377,-0.000920602644
183.33333333333331,0.577797532,0.607386231,1.19908918e-007,0.562308371,0.611520231,-0.00923291221,0.555913389,0.620346248,-0.0121274367,0.555705667,0.629119039,-0.0132958479,0.555519044,0.636665404,-0.0134802274,0.579008281,0.627275527,-0.00793988,0.573223114,0.639856279,-0.0111397821,0.564153,0.643615425,-0.0127654206,0.557155609,0.644797921,-0.0131449876,0.586297154,0.627927482,-0.00367660564,0.579344153,0.640564203,-0.0065657855,0.56886822,0.643338,-0.00785805285,0.56136167,0.643321931,-0.00815186463,0.588672101,0.627905965,4.2907314e-007,0.582001507,0.639065683,-0.00243457523,0.57237184,0.641618788,-0.00297542592,0.565430462,0.641849756,-0.00282955659,0.588021278,0.627754748,0.00295938528,0.582671642,0.637092769,0.000841889763,0.574859381,0.640217602,0.000663271,0.568793476,0.640891254,0.00123569067
183.33333333333331,0.340435803,0.607932389,-4.70083528e-008,0.362766087,0.611234784,-0.00697774813,0.374091476,0.619667649,-0.0104033463,0.37954548,0.629750609,-0.0123729128,0.385759652,0.637799323,-0.0133568132,0.354404658,0.629967391,-0.00842156075,0.362542212,0.643396735,-0.0108026937,0.370013118,0.647530317,-0.0114018787,0.375203878,0.648860157,-0.0109488154,0.341692895,0.631376624,-0.00533331791,0.352126241,0.645128906,-0.00731434347,0.362474442,0.648313284,-0.0068763704,0.369493932,0.648287594,-0.00591029553,0.334612936,0.631169558,-0.00256524072,0.344569206,0.643662453,-0.00432246225,0.354470432,0.647110283,-0.00338514242,0.361922681,0.64755255,-0.00205643079,0.331842035,0.630602837,-0.000198530339,0.339950353,0.640608847,-0.00100584549,0.348161548,0.644623339,-0.000245283387,0.355243742,0.646073341,0.000846246316
199.99999999999997,0.578862429,0.608340502,1.2445922e-007,0.56305927,0.612195611,-0.00895144138,0.556480885,0.620234549,-0.012607377,0.555710495,0.628595114,-0.0146159371,0.555337369,0.635865092,-0.0157029014,0.57923305,0.62725246,-0.0103121316,0.57289505,0.640062928,-0.0143117607,0.564033151,0.644261479,-0.0159472227,0.557323396,0.645852208,-0.0162886325,0.586472809,0.628268301,-0.00667378865,0.578552485,0.641776681,-0.0106042186,0.567718148,0.64430505,-0.011622834,0.560441136,0.64381969,-0.0115186395,0.588634074,0.628618836,-0.00345703564,0.580985904,0.640658081,-0.00699354755,0.570940912,0.64294976,-0.00722697703,0.564092934,0.642659187,-0.00666798232,0.588019073,0.628771365,-0.00086723658,0.581681311,0.638511717,-0.00393156614,0.573461115,0.641304851,-0.00413838448,0.56750077,0.641589403,-0.0034341889
199.99999999999997,0.341978878,0.608441412,-2.90633455e-008,0.363763332,0.61190033,-0.00660437904,0.374414414,0.619937479,-0.0106666759,0.379204094,0.62999779,-0.0130546726,0.385414749,0.637850881,-0.0143301431,0.355111033,0.630089045,-0.0114345476,0.363322496,0.643775,-0.0136089372,0.370352864,0.648024082,-0.0127060637,0.375190943,0.648961306,-0.0109502571,0.341795594,0.631380141,-0.00836316869,0.352257431,0.645506382,-0.0101139639,0.361712366,0.648538947,-0.00798046216,0.368022859,0.648496151,-0.00569715537,0.333937645,0.631161809,-0.0052626119,0.343836039,0.643709779,-0.00654354,0.352858543,0.646951079,-0.00368174398,0.359386951,0.647143602,-0.00102045632,0.330395222,0.630406141,-0.00247719162,0.33902967,0.640022278,-0.00275057345,0.346970499,0.643492818,-0.000497245288,0.353335828,0.644426227,0.00181351358
216.66666666666663,0.578702688,0.607969,1.13657393e-007,0.562911093,0.612644792,-0.00778413517,0.556165,0.620999813,-0.010604986,0.555592895,0.629247844,-0.0120391259,0.555514276,0.636519,-0.0125377793,0.57900846,0.627563953,-0.00751807,0.57301724,0.640479267,-0.010916857,0.563999712,0.644519448,-0.012551723,0.556970596,0.645777285,-0.0128678111,0.58619982,0.628100872,-0.00418059714,0.578793108,0.641142249,-0.00728373649,0.568237901,0.643771589,-0.00846658275,0.560865819,0.643431604,-0.00865226518,0.588491917,0.628170133,-0.0013055742,0.581318,0.639859259,-0.00383685739,0.571586251,0.642412484,-0.00427833106,0.564738154,0.642438531,-0.0040840134,0.587942481,0.628198087,0.000961375714,0.582158208,0.637771785,-0.00113184541,0.574207544,0.640905738,-0.00127984479,0.568149149,0.641489446,-0.000723904173
216.66666666666663,0.340461493,0.608503103,-5.93316258e-008,0.362839937,0.611759543,-0.00692991866,0.374534726,0.620166421,-0.0107448567,0.379301727,0.630383372,-0.0129813105,0.385514796,0.637971818,-0.0140991174,0.354004174,0.630254,-0.0113861896,0.362629682,0.644636273,-0.0142960586,0.371136874,0.648142695,-0.0142979585,0.376565427,0.648027837,-0.0131557975,0.341444,0.631549597,-0.00826559681,0.353399307,0.645557821,-0.0103917802,0.364209533,0.648136735,-0.00919384789,0.371005237,0.647604048,-0.00784245692,0.334478229,0.631417215,-0.00523680076,0.345887244,0.64396,-0.00725484407,0.35645,0.646805286,-0.00563780265,0.363893658,0.646606624,-0.00397285167,0.331742227,0.630950332,-0.00251138653,0.341266811,0.641112089,-0.0038608734,0.350316197,0.644699216,-0.00279508415,0.357494056,0.645609319,-0.00141238992
233.3333333333333,0.578867137,0.608129859,1.21590858e-007,0.563055456,0.612307191,-0.00859502237,0.556632757,0.620567381,-0.0118472995,0.556439698,0.628959894,-0.0134816132,0.5557881,0.636222184,-0.0141526116,0.578422725,0.627669632,-0.00849142484,0.57352823,0.640071154,-0.0119846715,0.565298498,0.6443398,-0.0136610987,0.558592379,0.645874143,-0.0140873874,0.585864186,0.6283831,-0.00483229,0.579007208,0.640962899,-0.00812327117,0.568893433,0.644111633,-0.0093163,0.561260879,0.64427036,-0.00951192062,0.588586926,0.628481507,-0.00168713683,0.581751704,0.639877558,-0.00443391595,0.572270513,0.642808914,-0.00495811,0.565081775,0.643223405,-0.00480931252,0.588498235,0.628444493,0.000793848652,0.582847297,0.637721419,-0.00147741463,0.57528311,0.641045809,-0.00176332227,0.569145918,0.641959,-0.0013102442
233.3333333333333,0.340527564,0.608529449,-3.9590077e-008,0.363185763,0.611544549,-0.00657069404,0.374524176,0.619752109,-0.0099594295,0.379342496,0.629870117,-0.0118384929,0.385375291,0.637769759,-0.0126540307,0.355609417,0.630309165,-0.0097648045,0.363133073,0.644364655,-0.0121925427,0.370622277,0.648347616,-0.0122008426,0.375556946,0.648958564,-0.0111333532,0.342553407,0.631561279,-0.00689114723,0.352972239,0.64561373,-0.00854239333,0.363115788,0.648686469,-0.00720681,0.369702488,0.648556411,-0.00568012241,0.334941715,0.631189644,-0.0042131329,0.344451338,0.643745184,-0.00564728444,0.354118586,0.647125363,-0.00373270642,0.361130118,0.647551596,-0.00183575565,0.33153066,0.630360186,-0.00190126116,0.339243561,0.640338242,-0.00268626865,0.347521544,0.644253373,-0.00126696506,0.354561627,0.645600259,0.000374514057
249.99999999999994,0.578736186,0.608776331,1.26669192e-007,0.562297046,0.61277467,-0.00881732628,0.556157053,0.621138752,-0.012111879,0.55559,0.629653037,-0.0136948274,0.556159794,0.636698842,-0.0141860796,0.578496695,0.62787956,-0.00970782153,0.573320925,0.640834451,-0.0137492465,0.563650131,0.64435,-0.0153523786,0.556254685,0.644859791,-0.0153768342,0.586132169,0.628466606,-0.0057309866,0.578666627,0.641750634,-0.00910404,0.567533731,0.644533694,-0.00985764898,0.559818387,0.644589782,-0.00966102723,0.588722229,0.628374159,-0.00225678831,0.581160843,0.640039623,-0.00502574584,0.570885718,0.642665,-0.00520321168,0.563702643,0.642891347,-0.00479052635,0.588225,0.628165424,0.000559364853,0.582218885,0.637686491,-0.00162682286,0.57396096,0.640654445,-0.0015710023,0.567705631,0.641141593,-0.00083934766
249.99999999999994,0.34041819,0.608368158,-3.38566579e-008,0.363142043,0.612294912,-0.00653927261,0.374417752,0.620526493,-0.0103928065,0.379391938,0.630527139,-0.0127362292,0.385647297,0.638099432,-0.0140905129,0.354806811,0.630074501,-0.0108167278,0.363323629,0.643545389,-0.0136560928,0.370543718,0.647730231,-0.0138562247,0.375310421,0.649044454,-0.0130703049,0.341345191,0.631375134,-0.00816087238,0.352436095,0.645075321,-0.0107631423,0.362475604,0.648433149,-0.00972093455,0.36931923,0.648734212,-0.00830381457,0.333516568,0.63109982,-0.00556951528,0.344446838,0.643025279,-0.00750778802,0.354102433,0.646639585,-0.00543170888,0.361017644,0.647426665,-0.00339789083,0.329949707,0.630300879,-0.00331391697,0.339435041,0.639352,-0.00427670311,0.347968489,0.643090546,-0.00258431653,0.354873776,0.644691885,-0.000724992715
266.66666666666663,0.577214837,0.608645678,1.11463834e-007,0.562037945,0.612888038,-0.00913236663,0.556047738,0.621143579,-0.0128729483,0.5556674,0.629451156,-0.0150263375,0.555365682,0.636896,-0.0162606295,0.577399075,0.627720475,-0.00987282768,0.573366582,0.640597701,-0.0145891877,0.563766599,0.644727111,-0.016947329,0.55643332,0.645822346,-0.0175564792,0.584793925,0.628418744,-0.00616186764,0.578686476,0.641562164,-0.0102067,0.568011582,0.643809855,-0.0116221942,0.561303437,0.642905891,-0.0118393581,0.587610781,0.628464103,-0.00301340036,0.581447661,0.64008671,-0.00657512201,0.571666777,0.642116129,-0.00703546,0.565344691,0.641453147,-0.0066189263,0.58776325,0.628376603,-0.000523869356,0.582729042,0.637986302,-0.0036523228,0.574520648,0.640731275,-0.00397107704,0.568807781,0.640691817,-0.00333565101
266.66666666666663,0.34193787,0.609074831,-3.82972196e-008,0.363247424,0.612373948,-0.00781349372,0.37428987,0.620137751,-0.0123258475,0.379028648,0.629969,-0.015056584,0.385349303,0.637644827,-0.0166494176,0.354394376,0.630300939,-0.0126968613,0.363235205,0.643780589,-0.0155970529,0.370655209,0.647745669,-0.0152750527,0.375420183,0.648625255,-0.0139886364,0.341656268,0.631696939,-0.00938236248,0.353091687,0.645397484,-0.0121115465,0.363335371,0.648358285,-0.0106220627,0.370129585,0.648336,-0.00880940631,0.334295392,0.631625652,-0.006194463,0.345111907,0.643918157,-0.00850941334,0.354909,0.647008836,-0.00647427328,0.362010121,0.647264421,-0.00434221374,0.331037104,0.631009579,-0.00342180696,0.340021849,0.64059341,-0.00481204549,0.348428905,0.644098103,-0.00351569219,0.35531503,0.645300865,-0.0018770725
283.3333333333333,0.577888,0.608177662,1.18803868e-007,0.562395394,0.61249572,-0.00899838749,0.556356,0.620817721,-0.0122508937,0.555989325,0.62899065,-0.0135771884,0.555762112,0.636143148,-0.0139322523,0.579331577,0.627844453,-0.0103301611,0.572684884,0.640800357,-0.013305326,0.563349485,0.644633889,-0.0141418092,0.556364834,0.645968795,-0.0139399348,0.586675942,0.628372788,-0.00599350361,0.578365147,0.641707182,-0.00910449494,0.567173362,0.643658936,-0.00964882132,0.559926331,0.642778456,-0.00923685264,0.588923156,0.628266692,-0.00194771658,0.581200659,0.64020884,-0.0045449161,0.570904315,0.642055333,-0.00448976457,0.564247847,0.64140892,-0.00384315616,0.588340402,0.627947509,0.00150161528,0.582302034,0.637550771,-0.000647783687,0.573942,0.640185773,-0.000576726859,0.568034112,0.640324831,0.000204823984
283.3333333333333,0.342181802,0.608863354,-4.82161617e-008,0.363640845,0.612606227,-0.00711539667,0.374884635,0.620751262,-0.0112786386,0.379674911,0.630524933,-0.0139658879,0.385885864,0.638192952,-0.0157029927,0.35422796,0.629897654,-0.0109834168,0.362793028,0.643407822,-0.0143519202,0.370050609,0.647872448,-0.0149406344,0.375083447,0.648862064,-0.0142154805,0.341352344,0.631514251,-0.00819272641,0.352646261,0.644961953,-0.0104604401,0.362524688,0.648192465,-0.00950641651,0.369285733,0.648195326,-0.00823061,0.333945543,0.631802619,-0.00566341123,0.345008254,0.643761635,-0.00756807812,0.354469061,0.647137403,-0.00605228124,0.361539215,0.647512853,-0.00447164197,0.330996305,0.631664276,-0.00356431562,0.340167314,0.640935838,-0.0049643931,0.348375678,0.644598603,-0.00407958403,0.355331272,0.645923853,-0.00279483176
300.0,0.577932775,0.608131,1.12105909e-007,0.562199593,0.612908721,-0.00787170231,0.55643028,0.621064901,-0.0111875888,0.556213617,0.629436195,-0.0131381722,0.555754125,0.636700869,-0.0141485371,0.578189075,0.627956152,-0.00785697438,0.572767258,0.641039312,-0.0111291055,0.564403713,0.644522905,-0.012498593,0.558413088,0.645064354,-0.0125595331,0.586034238,0.628319561,-0.00447225,0.579191744,0.641751885,-0.00729239779,0.569019675,0.644092441,-0.0081331851,0.562433124,0.64334625,-0.00808152929,0.589017808,0.628073275,-0.0015224223,0.582527757,0.639925957,-0.0037500693,0.573098779,0.64229548,-0.00384771265,0.566836357,0.641874373,-0.00347400084,0.589060307,0.627871454,0.00084085,0.583965957,0.637620926,-0.000970681198,0.576377928,0.640673041,-0.000765200588,0.570945442,0.640949547,7.86261353e-006
300.0,0.342251897,0.608943,-4.58518521e-008,0.363496244,0.612559676,-0.00674621761,0.374621689,0.620583117,-0.0111373039,0.379488707,0.630333483,-0.014028145,0.385632724,0.638049,-0.0159258321,0.355147362,0.630378604,-0.0116468556,0.363104701,0.643817,-0.0152281066,0.370681167,0.647916615,-0.0158330426,0.375880629,0.648671806,-0.0150782121,0.342058063,0.631482422,-0.00898535457,0.353067279,0.64504993,-0.0116379363,0.362900287,0.647900164,-0.0102782734,0.369109541,0.647717416,-0.0085994117,0.334434032,0.631146729,-0.00645822799,0.344816357,0.643334627,-0.00856810529,0.354208589,0.646431804,-0.00609405804,0.360687643,0.646563768,-0.00368258264,0.331000745,0.63039434,-0.00429148087,0.340214252,0.640016735,-0.00536001427,0.348436177,0.643676221,-0.00350898714,0.354785264,0.64483422,-0.00144470634
316.6666666666667,0.579009831,0.607613921,9.74409886e-008,0.562771797,0.612592518,-0.00698943576,0.556443453,0.621336222,-0.00935127307,0.556024551,0.629777193,-0.0105229504,0.555402815,0.637084842,-0.010828644,0.577641606,0.628160655,-0.00521684345,0.573008478,0.640360236,-0.00766428094,0.564766288,0.644233227,-0.00886489917,0.558417141,0.645120084,-0.0090141613,0.585419357,0.628438354,-0.0020923058,0.579800487,0.640951514,-0.0042395927,0.570343,0.643106401,-0.00519466121,0.564018846,0.642394245,-0.00529862521,0.588548124,0.62807852,0.000569771684,0.583092153,0.639253,-0.00108680327,0.574402332,0.641567767,-0.00114439486,0.568485498,0.641425729,-0.000785778277,0.58865577,0.627583861,0.00268099713,0.584351182,0.637051582,0.00150190922,0.577261746,0.640297472,0.00188980473,0.571997344,0.640857,0.00272142771
316.6666666666667,0.340362251,0.60873723,-4.68949928e-008,0.362634659,0.611741424,-0.00715966057,0.374293834,0.62004751,-0.0109424675,0.379434735,0.630295575,-0.0128325811,0.386085451,0.638152122,-0.0135690868,0.354208499,0.630352259,-0.0123190898,0.36356312,0.644233882,-0.014111462,0.371508926,0.648063183,-0.0126795759,0.376275331,0.648545504,-0.0106521109,0.341214567,0.63178283,-0.00871690642,0.353239894,0.645949066,-0.010547841,0.363777876,0.648371,-0.00800589845,0.370104462,0.647645295,-0.00536228,0.333775431,0.631642938,-0.00508457422,0.344762146,0.644277096,-0.00649495376,0.354803532,0.646863759,-0.00360308867,0.361717433,0.646471798,-0.000885673682,0.330406815,0.630812526,-0.001797062,0.339360178,0.640521288,-0.00234566187,0.347788513,0.643696845,-0.000471366337,0.354378462,0.644305289,0.00156418374
333.33333333333337,0.577420771,0.608433902,1.22358301e-007,0.561339498,0.613260806,-0.00757343555,0.555920064,0.621862829,-0.0099423416,0.555524111,0.630414963,-0.010759661,0.555804,0.637211323,-0.0105897887,0.578430116,0.62878,-0.00678643212,0.572576046,0.641535819,-0.00906803645,0.563511908,0.644694567,-0.00996316504,0.556924343,0.644988835,-0.00976942573,0.586362481,0.628720164,-0.00290933554,0.579241514,0.641837478,-0.00482749054,0.568851888,0.644097507,-0.00542857591,0.561791,0.643531442,-0.00530033512,0.589325547,0.627957,0.000593777164,0.582537174,0.639590681,-0.000743167475,0.572847962,0.642250061,-0.000882850611,0.566069722,0.642301798,-0.000665610947,0.589138925,0.627228498,0.00355283264,0.584005058,0.636857927,0.00264794426,0.576426506,0.640176356,0.00300506875,0.570479214,0.640925348,0.00374739245
333.33333333333337,0.342208505,0.608533323,-4.22373958e-008,0.363746345,0.612539232,-0.0062254006,0.374527723,0.620638847,-0.0101874024,0.379400522,0.630437195,-0.0128387157,0.385480195,0.638226807,-0.0145928506,0.354511917,0.629828,-0.0104111433,0.36297527,0.643076599,-0.0140830884,0.370241404,0.647717714,-0.01495938,0.375309765,0.649209082,-0.0144239683,0.341710299,0.63116467,-0.00817356352,0.352793306,0.644722462,-0.0113812694,0.362812132,0.648391426,-0.0108169746,0.369610667,0.648980379,-0.00961021613,0.33428219,0.631174505,-0.00609941222,0.345054716,0.643378139,-0.00870889425,0.354622304,0.647419035,-0.00729292724,0.361784875,0.648506463,-0.00551887834,0.331280202,0.630769908,-0.00434198556,0.340070188,0.640491307,-0.00571693387,0.348061234,0.644709408,-0.00452475669,0.354897738,0.646573484,-0.0029469335
350.00000000000006,0.578961849,0.608095467,9.50941583e-008,0.562746763,0.61288327,-0.00705536595,0.556300342,0.62136209,-0.00958137121,0.556247294,0.629710138,-0.0108396653,0.555655181,0.636709452,-0.0111432467,0.57937336,0.627965748,-0.00654896721,0.573719323,0.640588462,-0.00917610526,0.565266609,0.644081295,-0.0101954797,0.559143305,0.644663692,-0.0101949396,0.586654663,0.628395259,-0.00346537377,0.579998732,0.641427696,-0.00603941968,0.569894195,0.643612683,-0.00678090658,0.563377798,0.642754555,-0.00666492246,0.589176416,0.62829113,-0.000742979173,0.582783282,0.64016521,-0.00291796983,0.573327065,0.642420888,-0.00287792366,0.567281961,0.641973615,-0.00235416344,0.58894074,0.628004134,0.00147290505,0.583761811,0.637915671,-0.000250294222,0.576004624,0.640924633,9.01604435e-005,0.570542932,0.641122937,0.00097897
350.00000000000006,0.340350598,0.608659804,-4.64255407e-008,0.363105744,0.611743569,-0.00756675238,0.374723017,0.620024502,-0.0117368931,0.379696727,0.630177557,-0.0142467273,0.385878623,0.638080657,-0.0157308467,0.353880316,0.629765034,-0.0115856761,0.362308025,0.643634439,-0.0148567436,0.370497614,0.647713959,-0.0154413814,0.375877559,0.648421,-0.014820151,0.340751827,0.631107628,-0.00844212528,0.352321118,0.644908965,-0.0109358709,0.362980247,0.648298919,-0.010089688,0.370273739,0.64846915,-0.0089737447,0.333643347,0.631055236,-0.00552176172,0.345512599,0.643164217,-0.00769586209,0.355701715,0.646761894,-0.00626524305,0.363289446,0.64745307,-0.00474543963,0.331083298,0.630653203,-0.0030010175,0.341544956,0.640284717,-0.00448726397,0.35043788,0.644297838,-0.00359556917,0.357774794,0.645936847,-0.00236400217
366.66666666666674,0.579289436,0.608245432,1.20939916e-007,0.563284934,0.612794936,-0.0081486823,0.556519747,0.620848238,-0.0113035049,0.556230068,0.629186034,-0.0131094977,0.556099057,0.636457682,-0.0140648056,0.578657,0.627899468,-0.00713617215,0.573530138,0.640256703,-0.0106073329,0.564790368,0.644164085,-0.0125944316,0.557847917,0.645460844,-0.0132875293,0.586081922,0.628576636,-0.00383458519,0.579633415,0.641295493,-0.0069304565,0.569283187,0.644241273,-0.00847657397,0.561754107,0.644175053,-0.00901436619,0.588829875,0.628531218,-0.00107915653,0.582809865,0.639894664,-0.00360447308,0.573329926,0.642850757,-0.00425678771,0.566305935,0.643097579,-0.00426662201,0.588757634,0.628327727,0.00101433357,0.583728254,0.637650132,-0.00115985353,0.576182485,0.641103,-0.0014091644,0.570118606,0.641900957,-0.000960158184
366.66666666666674,0.341157585,0.608664811,-3.67095083e-008,0.363328606,0.611907601,-0.00703455741,0.374338478,0.620140433,-0.0107508916,0.379389971,0.630042374,-0.0129239801,0.386040628,0.637729645,-0.0141090369,0.354625523,0.630342841,-0.00967826508,0.363221377,0.643439233,-0.0118608614,0.370572478,0.647707,-0.0118587036,0.375616491,0.64900434,-0.0109356409,0.342086583,0.631912529,-0.00651887804,0.352663517,0.645202458,-0.00800230261,0.362883776,0.648050308,-0.00661777053,0.369800895,0.647809148,-0.0050197714,0.335046232,0.631838918,-0.00359471538,0.344802529,0.643843353,-0.00480309734,0.354339749,0.646892965,-0.00301495683,0.361507207,0.647007287,-0.00121151854,0.332445174,0.631190836,-0.00110461959,0.340285718,0.640620828,-0.00160636567,0.348119497,0.644263625,-0.000379902223,0.354895771,0.645307064,0.00107175461
383.3333333333334,0.578896105,0.60843873,1.17037573e-007,0.562776387,0.613372624,-0.00739411125,0.556773782,0.621661,-0.00991965923,0.555956125,0.62982583,-0.0110052209,0.555780292,0.636720121,-0.0111810379,0.579138458,0.628645778,-0.00678640697,0.572736442,0.641081,-0.0094078891,0.56388551,0.644530237,-0.0106351748,0.55718106,0.645262897,-0.0107284626,0.586752,0.628779888,-0.00327979145,0.580019295,0.641679168,-0.00582281267,0.569651425,0.644101322,-0.0067474097,0.562310636,0.643507659,-0.00673410343,0.58961767,0.628203094,-0.000159074189,0.5836851,0.639711857,-0.00214766175,0.574230611,0.64244324,-0.00258967653,0.567318678,0.642505765,-0.00242878939,0.589452147,0.627702951,0.00242742477,0.585144,0.637140274,0.000879855419,0.577903926,0.640472233,0.000877815473,0.571924925,0.641261339,0.00146566087
383.3333333333334,0.341903269,0.608625293,-3.42236817e-008,0.364110291,0.61214453,-0.0075866445,0.375176,0.620348155,-0.0117006907,0.379889935,0.630196095,-0.0140708582,0.386069685,0.638073802,-0.0153771024,0.354258627,0.629850447,-0.0117313555,0.363306493,0.643564701,-0.0147978663,0.37083146,0.647977471,-0.0151186567,0.375897288,0.649252,-0.0142574301,0.341355473,0.631222546,-0.00860590581,0.352376133,0.645203114,-0.0112301353,0.362740576,0.648702502,-0.0103194173,0.370232433,0.648904383,-0.00891626906,0.334401727,0.631205201,-0.00567222526,0.345147192,0.643525124,-0.00794107188,0.354982167,0.647346616,-0.00661632046,0.362571627,0.648156404,-0.0049676327,0.332136363,0.630862474,-0.00311522023,0.341290981,0.640692949,-0.00467941305,0.349686563,0.644844,-0.00376230758,0.356944799,0.646534681,-0.00235706451
400.0000000000001,0.579036355,0.608132,1.27763954e-007,0.562717557,0.61273855,-0.00911779,0.55648905,0.621260822,-0.0125261378,0.55621624,0.629804969,-0.0143152317,0.556554258,0.637183249,-0.0151924845,0.579611361,0.627814829,-0.00897086319,0.574312747,0.640879869,-0.0129615795,0.565052032,0.64495188,-0.0150106633,0.557713211,0.64621073,-0.0155454287,0.586922228,0.628139496,-0.00503931474,0.580164731,0.641347349,-0.00863543246,0.569508612,0.644466579,-0.0101408968,0.561741829,0.644599,-0.010526537,0.589390934,0.628012,-0.00165121,0.583125,0.639687181,-0.00437689293,0.573440611,0.643019557,-0.00495899888,0.566072464,0.643748224,-0.00483531458,0.588984966,0.627842665,0.00101135683,0.584406078,0.637568593,-0.00112667924,0.57673955,0.641398132,-0.00130311574,0.570372,0.642586827,-0.000784003176
400.0000000000001,0.342054576,0.608710051,-4.75733e-008,0.363821715,0.612198055,-0.00767444121,0.374954194,0.620310485,-0.0121450014,0.379859,0.63015151,-0.014846609,0.386078298,0.637824118,-0.0164142661,0.354536206,0.63020575,-0.0125706065,0.362791508,0.643907845,-0.0156223346,0.37104705,0.648038924,-0.0154996738,0.376981556,0.648728967,-0.0143087506,0.341794223,0.631295741,-0.00932796393,0.353195578,0.644984782,-0.0117988018,0.364084363,0.64816469,-0.0103685409,0.371595025,0.648379862,-0.00875803828,0.334591478,0.631134272,-0.00622325949,0.345854551,0.643203735,-0.0082894,0.356158614,0.646507,-0.00623510638,0.363850296,0.646955073,-0.00425479421,0.331602246,0.630662441,-0.00353658362,0.341384202,0.640273,-0.00496525876,0.350238413,0.643979549,-0.00370293576,0.357499927,0.645323336,-0.00212532724
416.6666666666668,0.578214884,0.608303368,1.14057649e-007,0.562752366,0.613052368,-0.00807641633,0.55680567,0.621289611,-0.0113932043,0.556257427,0.629505277,-0.0132163977,0.555927217,0.63667,-0.0141497515,0.579091132,0.628038943,-0.00840879884,0.573067307,0.640752733,-0.0116830869,0.564103723,0.644577801,-0.0131004807,0.557257354,0.645597041,-0.0132899322,0.58667171,0.628438532,-0.00489074038,0.579842627,0.6415205,-0.00796586,0.569121063,0.643577337,-0.00885312818,0.561893106,0.642632902,-0.00875297561,0.58941859,0.628233552,-0.00175052846,0.583398879,0.639852703,-0.00426277,0.573675513,0.64195168,-0.00433196,0.56714344,0.641395211,-0.00384817482,0.589101195,0.627947807,0.00080556,0.584519386,0.637482882,-0.00129414303,0.576770306,0.640265763,-0.00112938788,0.571027815,0.640374899,-0.000317896076
416.6666666666668,0.34037298,0.608277738,-2.68200111e-008,0.363041967,0.611080706,-0.00725520914,0.374754757,0.619625151,-0.0102685858,0.380164623,0.629944205,-0.0116625978,0.38650617,0.637930334,-0.0120090097,0.355985731,0.630013287,-0.00718764449,0.363455594,0.643515527,-0.00885234307,0.370725244,0.64767617,-0.00911438558,0.375896573,0.648575068,-0.00836707838,0.343607575,0.631150782,-0.00362369744,0.352971107,0.644879758,-0.00505124591,0.36298129,0.648478746,-0.00470236503,0.370233744,0.648523748,-0.00371999666,0.336856753,0.630915403,-0.000467430567,0.346083194,0.643214703,-0.00181451312,0.355508775,0.647146583,-0.00138366281,0.363195837,0.648011148,-0.000339745398,0.334174633,0.63047576,0.00231769984,0.342164367,0.640554547,0.00181495654,0.350018144,0.644910097,0.00243157521,0.357157141,0.646791399,0.00344719831
433.3333333333335,0.578621745,0.607832432,1.22422861e-007,0.563370764,0.612567663,-0.00869020168,0.557000637,0.620598853,-0.012288345,0.556272209,0.628775299,-0.0144230071,0.555562377,0.636181056,-0.015739711,0.57892561,0.627716303,-0.00821494311,0.574164748,0.639641047,-0.0120477807,0.56572175,0.644101202,-0.014260049,0.558600366,0.646152258,-0.0151601098,0.586385965,0.628338,-0.00477152504,0.580522895,0.640739202,-0.00837577,0.570396066,0.643527508,-0.00997300074,0.562616587,0.643437386,-0.010467832,0.589221776,0.628265262,-0.00186779629,0.583657086,0.63942492,-0.00477809319,0.574504793,0.642113566,-0.00520164473,0.567517757,0.642283857,-0.00495550223,0.589213252,0.627988398,0.000321020343,0.584786952,0.637315512,-0.00200125505,0.577329814,0.64067173,-0.00208304659,0.571204,0.641399741,-0.00146275014
433.3333333333335,0.340822339,0.608522475,-2.12051106e-008,0.363455862,0.612304628,-0.00694910716,0.375095367,0.621084094,-0.0101895658,0.38073656,0.630831838,-0.0116621945,0.386770517,0.638165832,-0.0121213123,0.355142057,0.629517317,-0.0106285578,0.364039332,0.642612278,-0.0130033605,0.37101987,0.647259712,-0.0129792979,0.375820458,0.649301469,-0.0120943217,0.342061192,0.630938292,-0.00767246727,0.352743596,0.64464432,-0.0101285633,0.362612,0.648358166,-0.00925205,0.369797051,0.649078667,-0.00786455814,0.334783822,0.63105,-0.00484740548,0.34505859,0.643153667,-0.00698396284,0.354505,0.647182822,-0.00586312776,0.361707717,0.648322582,-0.00430417107,0.33223033,0.630818427,-0.00234357733,0.341084123,0.64034611,-0.00363733526,0.349308491,0.644512415,-0.00274207606,0.356307715,0.646362126,-0.001389476
450.00000000000017,0.58046174,0.60881871,1.20046039e-007,0.56440872,0.613050222,-0.00835584104,0.557424784,0.621013463,-0.0117334211,0.556660295,0.62931335,-0.0135837561,0.556201041,0.636619508,-0.0145099349,0.579377949,0.628597677,-0.00850534067,0.572863877,0.640863776,-0.0117910579,0.563938081,0.644584835,-0.0130831348,0.557065785,0.645686,-0.0131639969,0.587198079,0.629187047,-0.00486209476,0.579399109,0.641908705,-0.00785696,0.569159806,0.643956959,-0.00848596916,0.562100172,0.643229604,-0.00819818489,0.590011418,0.629056,-0.00167030969,0.582865,0.640511274,-0.00430437038,0.5734182,0.642582893,-0.00436269166,0.566745937,0.642079175,-0.00376477046,0.589738309,0.628798962,0.000911608513,0.5842731,0.638290703,-0.00131067703,0.576555669,0.641201198,-0.00130012236,0.570573092,0.641516,-0.000510285492
450.00000000000017,0.342031,0.608383298,-2.54020538e-008,0.363712221,0.61177516,-0.00760402577,0.374770522,0.620052099,-0.0114188259,0.379798651,0.62988174,-0.0135220075,0.386205196,0.63767755,-0.0144812018,0.35589996,0.62979275,-0.00986488815,0.363556117,0.643348575,-0.0128304586,0.371010065,0.647703528,-0.0136332633,0.376292109,0.648913443,-0.0131464526,0.343644649,0.630961597,-0.00659580249,0.353777528,0.644561648,-0.00883117411,0.363658816,0.648201644,-0.00847297721,0.370962948,0.648376286,-0.00753644342,0.33682093,0.63075316,-0.00363830244,0.347228646,0.642692804,-0.00560680311,0.356809199,0.646336079,-0.0045513222,0.364190698,0.647034228,-0.00310283829,0.334041595,0.630328178,-0.00108113966,0.343325853,0.639918625,-0.00245639356,0.351899892,0.64386332,-0.00149362173,0.359172791,0.645384371,-2.77322179e-005
466.66666666666686,0.578944147,0.608641148,1.129957e-007,0.563606322,0.613233209,-0.00780861638,0.557208478,0.621306181,-0.0107948743,0.556678295,0.629492879,-0.012454533,0.556191504,0.636758089,-0.0132137919,0.579149306,0.628857553,-0.00615711976,0.57316643,0.64073354,-0.00909318216,0.564767301,0.644291162,-0.0108334208,0.558370948,0.644870758,-0.0112897381,0.586820364,0.629036367,-0.00277717016,0.580774546,0.641241848,-0.00517959194,0.5714553,0.643470705,-0.00642558,0.564904332,0.642724752,-0.00673767179,0.589887798,0.628443599,9.58109e-005,0.584007561,0.639247417,-0.00169759989,0.575474,0.641576588,-0.00178014347,0.569509387,0.641340375,-0.00143706531,0.589799166,0.6277408,0.00234245602,0.58499366,0.63692,0.00104433764,0.57805413,0.640021205,0.0015284596,0.572829485,0.640470207,0.00246840576
466.66666666666686,0.342012614,0.60970372,-3.46071829e-008,0.364046037,0.612523496,-0.00772256544,0.375427842,0.620935,-0.0114477929,0.380624413,0.630838633,-0.0132376105,0.386926442,0.63816011,-0.0139092086,0.354910105,0.630180955,-0.0123324217,0.36432609,0.643655241,-0.0146560017,0.372068942,0.647885323,-0.0139908232,0.376833409,0.648994,-0.0125181116,0.342333108,0.631745696,-0.00883954391,0.353472918,0.645711124,-0.0112298466,0.364036828,0.648798108,-0.00971553195,0.371112525,0.648614049,-0.00782614481,0.335558206,0.631929517,-0.00544554042,0.346136272,0.644363403,-0.00758621516,0.356265843,0.647752166,-0.0060970895,0.363643974,0.64811188,-0.00429032603,0.333489746,0.631727278,-0.00240307138,0.342296928,0.641576231,-0.00378199527,0.350935519,0.645393908,-0.00291737239,0.358154327,0.646694422,-0.00159781403
483.33333333333354,0.579972804,0.609075367,1.26549196e-007,0.563797951,0.612957478,-0.00917020347,0.557490826,0.621014297,-0.0131448964,0.556607,0.629256666,-0.0153493024,0.556160569,0.636633575,-0.0166254528,0.579661846,0.627893269,-0.0111014163,0.57384187,0.641168118,-0.0153655093,0.564869165,0.645237088,-0.0171179529,0.558242083,0.646024346,-0.0173129458,0.587494075,0.628590047,-0.00716578029,0.579927385,0.642224848,-0.0108711058,0.568992794,0.644962311,-0.0118830884,0.561855376,0.644312322,-0.0118962219,0.590272069,0.628604829,-0.00363136269,0.583160102,0.640770316,-0.00673261331,0.572919607,0.643428147,-0.00713255163,0.566010058,0.643223226,-0.00690434501,0.590051591,0.628455818,-0.000687970547,0.584237218,0.638379514,-0.00342256809,0.57588625,0.641436338,-0.00366463512,0.569747269,0.6417256,-0.00313257985
483.33333333333354,0.340983242,0.608589113,-3.84415522e-008,0.363294929,0.611786842,-0.00765917124,0.375063688,0.620114565,-0.0116186123,0.380368501,0.629993737,-0.013856994,0.38620019,0.637964,-0.0150425136,0.355029434,0.629180431,-0.0113772582,0.363769352,0.642873704,-0.0146052809,0.371233076,0.647767,-0.0150883,0.376201868,0.649372637,-0.0144319618,0.342208803,0.630854368,-0.00843756273,0.353232652,0.645132363,-0.0114210956,0.363760352,0.648953497,-0.0109502822,0.371100724,0.64909476,-0.00981142838,0.334953606,0.631026208,-0.00573831284,0.345756918,0.643743217,-0.00844768342,0.356035024,0.64778161,-0.00748850405,0.363704443,0.648612559,-0.00600321265,0.332103968,0.630766213,-0.00339741562,0.341267467,0.641148508,-0.00541489245,0.350061089,0.645579517,-0.00478828233,0.357759,0.64740628,-0.00354989292
500.0000000000002,0.579284489,0.608529747,1.11984214e-007,0.562825441,0.613186419,-0.00764387893,0.556848228,0.62156713,-0.0107337907,0.557171047,0.629855454,-0.012407098,0.556506217,0.637032688,-0.0130697507,0.579459369,0.627536237,-0.00877050404,0.574869454,0.640908718,-0.01252703,0.566040099,0.644691288,-0.0139571475,0.559344888,0.645333707,-0.0140197994,0.587228477,0.628090739,-0.00559436809,0.580734193,0.641910255,-0.00914867409,0.570029795,0.644779086,-0.0101205027,0.562784135,0.644433916,-0.0100581711,0.590028107,0.628227055,-0.002790489,0.583238661,0.640747547,-0.00571415201,0.573018491,0.643637419,-0.00609310716,0.566001177,0.643790066,-0.00582363037,0.589897811,0.62834549,-0.000506235403,0.583962142,0.638323605,-0.00297522265,0.575618505,0.641554654,-0.00315188221,0.569489896,0.642137468,-0.00258425926
500.0000000000002,0.341305614,0.608788908,-3.68764219e-008,0.363524497,0.612415373,-0.00626166677,0.375201732,0.620428205,-0.00986127276,0.380125821,0.630423665,-0.0121242916,0.386265039,0.638007164,-0.0134332394,0.356341302,0.629771829,-0.00890908297,0.364187211,0.643055677,-0.0122712804,0.37099424,0.647721946,-0.0132600926,0.375761271,0.649248,-0.0128509859,0.343388498,0.631317675,-0.00659974804,0.353851169,0.645040274,-0.00903591,0.363368809,0.648349524,-0.00846605562,0.369639695,0.648473799,-0.00731640635,0.33532548,0.631473958,-0.00457478454,0.344852477,0.643756747,-0.00675397785,0.354213655,0.647279,-0.00526489271,0.360895634,0.647836745,-0.00344141736,0.331070602,0.631165206,-0.00289864419,0.339682966,0.640746713,-0.00401992537,0.347701371,0.644569635,-0.00265233847,0.354197323,0.64608413,-0.000933767
516.6666666666669,0.579373956,0.608120739,1.24706389e-007,0.563713253,0.613018572,-0.00850239303,0.557140708,0.621510744,-0.011506645,0.556594253,0.629805207,-0.012897131,0.556334853,0.637020648,-0.0133707412,0.580181956,0.628250599,-0.00745796645,0.574718297,0.640755594,-0.0101731019,0.566005468,0.64457947,-0.0115497662,0.559187353,0.645678878,-0.0118291918,0.587397695,0.628562212,-0.00349704828,0.580729425,0.641384602,-0.00610791054,0.570270419,0.644314766,-0.00738082128,0.562567413,0.644202471,-0.00773049286,0.58981961,0.62825489,-6.87629836e-006,0.583711565,0.63957119,-0.0018910931,0.574173391,0.642582536,-0.00253839698,0.567036,0.643072844,-0.00266262447,0.589331388,0.627824426,0.00282626599,0.584440112,0.637101591,0.00137840561,0.576951861,0.640615523,0.00122884882,0.57078886,0.641640604,0.00162155321
516.6666666666669,0.343559891,0.609098673,-3.88123418e-008,0.364346117,0.612616897,-0.00727789896,0.375317872,0.620655894,-0.0112635233,0.380148351,0.630464792,-0.0136801517,0.386299044,0.637951732,-0.015059771,0.355678529,0.630516946,-0.01047148,0.363500804,0.64370805,-0.0137907593,0.371333,0.647880256,-0.0146570867,0.377273,0.649175286,-0.0142525323,0.3428891,0.631766737,-0.00743088778,0.354418874,0.644789934,-0.0101736896,0.364850044,0.647893608,-0.0095524434,0.372144401,0.648191571,-0.00845156517,0.335557461,0.631699681,-0.00461601699,0.347045809,0.64325583,-0.0070017851,0.357076079,0.646395206,-0.00522334222,0.364363462,0.64686656,-0.00323901675,0.332343459,0.63129437,-0.00222201925,0.342169136,0.640668,-0.00376884639,0.351010382,0.644074261,-0.00234200968,0.357935727,0.645240545,-0.000482776231
533.3333333333335,0.579522133,0.608612299,1.31668386e-007,0.56386888,0.612829387,-0.00965215731,0.557224631,0.620848,-0.0134761808,0.556518674,0.629242957,-0.0152218509,0.555789173,0.636882305,-0.0159455743,0.580486,0.627933085,-0.0108520724,0.573895156,0.641189039,-0.0138357328,0.564641953,0.644793093,-0.0145661449,0.558180869,0.645255208,-0.0141433841,0.58804816,0.628369093,-0.00611466309,0.580094516,0.64198041,-0.00874464307,0.569171667,0.644364297,-0.00921446551,0.562207818,0.643444538,-0.00893056,0.590533793,0.628119111,-0.00174226298,0.583060622,0.640092432,-0.00383374584,0.573048234,0.642387629,-0.00401996402,0.566536784,0.641946,-0.00374854705,0.590123117,0.627720892,0.00202153297,0.584157586,0.637386858,0.000204509808,0.576046586,0.640397131,0.000104948544,0.570178,0.640717566,0.000649567228
533.3333333333335,0.342780948,0.609250188,-4.29366e-008,0.36437279,0.612368584,-0.00718243467,0.37581864,0.620328546,-0.0112145422,0.380570412,0.630152106,-0.0136397658,0.386659741,0.637942255,-0.0149705084,0.355269104,0.629850924,-0.0112579642,0.364630669,0.643788159,-0.0145818926,0.372279227,0.648026824,-0.0149112353,0.376910329,0.648388326,-0.0138620008,0.342582852,0.631346464,-0.00823765,0.353519976,0.645603716,-0.0111566549,0.363644212,0.648619533,-0.0100393808,0.370292634,0.648033261,-0.00828164443,0.33552745,0.631404221,-0.00544317672,0.345727414,0.644097447,-0.00785939489,0.355589747,0.647529185,-0.00625803787,0.362805694,0.647708595,-0.00427091,0.33279863,0.631087363,-0.00300796283,0.341419369,0.641217232,-0.00431673555,0.349823028,0.645267,-0.00323565793,0.356834203,0.646685779,-0.0017258036
550.0000000000001,0.578807712,0.608371794,1.17885541e-007,0.563281476,0.612332,-0.0101526286,0.557224035,0.62052989,-0.0142437564,0.55653584,0.62910378,-0.0162012689,0.556328356,0.636720657,-0.0170662962,0.580458403,0.627610385,-0.0113936961,0.574766,0.6407305,-0.0147166699,0.565189898,0.644510448,-0.0155896209,0.558190703,0.644975305,-0.0152215865,0.587957442,0.628183424,-0.0064165704,0.580639124,0.641492724,-0.00911662355,0.569739044,0.643446088,-0.00936725177,0.562921941,0.642519,-0.00889183115,0.59023416,0.628293276,-0.00185444253,0.583039522,0.639832497,-0.00398533,0.573112071,0.641677678,-0.0037441249,0.566843927,0.640998185,-0.00318959402,0.589602113,0.628214121,0.00200090185,0.583574,0.637491584,6.26302863e-005,0.575360954,0.640088677,0.000128334301,0.56964463,0.639992118,0.000844689377
550.0000000000001,0.343408912,0.609007299,-4.62950247e-008,0.365507185,0.612334,-0.00707104197,0.37637642,0.620331526,-0.0111809568,0.380936533,0.630120516,-0.0135962218,0.387116313,0.637810707,-0.0149266077,0.356690884,0.630282521,-0.0127142482,0.364911109,0.644299269,-0.0157860126,0.372598588,0.64821583,-0.0154441772,0.377769023,0.648530066,-0.0140214255,0.34382242,0.631508768,-0.0097789932,0.354689121,0.645434737,-0.0123319123,0.364881217,0.648358464,-0.0106820222,0.371557325,0.648014724,-0.0088050887,0.336147815,0.631253242,-0.0069128722,0.346630275,0.643600106,-0.00887957402,0.356603473,0.646604538,-0.00660012569,0.363635927,0.646700859,-0.0044470937,0.332305253,0.63049978,-0.00441701477,0.340936244,0.640077,-0.00547611574,0.349269748,0.643426299,-0.00391783193,0.355900854,0.64439553,-0.00217329012
566.6666666666667,0.58022964,0.608176589,1.16250391e-007,0.563991904,0.612729967,-0.00879171584,0.557358623,0.62120831,-0.0121685471,0.556670129,0.629598498,-0.013959988,0.556280851,0.637084663,-0.0147493295,0.580367386,0.627802789,-0.00811561383,0.575284064,0.640785217,-0.0116207302,0.566131413,0.644703627,-0.0132847801,0.559335589,0.645087063,-0.0134982755,0.587963164,0.628353536,-0.0041612885,0.581546605,0.641392231,-0.00689346716,0.571450949,0.643817902,-0.00801860541,0.564866364,0.642924905,-0.00824920554,0.590616643,0.62836206,-0.000754207198,0.584299862,0.639726639,-0.00305634947,0.575040102,0.642117918,-0.00355096976,0.568868876,0.641725123,-0.00349589228,0.59026587,0.628341,0.00200194074,0.584819436,0.637652099,-0.000195313332,0.577088594,0.640499651,-0.00045630298,0.571463704,0.640624166,1.46373486e-005
566.6666666666667,0.341312945,0.608809412,-4.18417159e-008,0.363772124,0.611763358,-0.0080152005,0.375918835,0.619931936,-0.0120810578,0.380931765,0.630232632,-0.0142573761,0.386879116,0.638343334,-0.015354896,0.3553693,0.629340291,-0.0120612159,0.364314318,0.642980278,-0.0149741052,0.37174359,0.647646785,-0.0151416864,0.376703024,0.649035454,-0.0142792342,0.342575341,0.631076097,-0.00862273667,0.354294538,0.645135164,-0.010896516,0.364756852,0.648547947,-0.0097146323,0.371764511,0.648498416,-0.00821986888,0.335513681,0.631310046,-0.0054179132,0.347212404,0.64358741,-0.00748165837,0.357530475,0.646968186,-0.00595026836,0.364947975,0.64745158,-0.00426045898,0.332896233,0.631081,-0.00264119357,0.343041301,0.640742779,-0.00411853613,0.352000117,0.644576192,-0.00327136903,0.359269232,0.646085322,-0.00201848103
583.3333333333334,0.579792798,0.608571649,1.15614526e-007,0.564121783,0.612350941,-0.0104531404,0.557367086,0.620308816,-0.0150596052,0.556823969,0.62889874,-0.0175636616,0.556632519,0.636644542,-0.0189320911,0.58000052,0.62753129,-0.0122788548,0.574681222,0.640705943,-0.0162648577,0.565414,0.644028485,-0.0174702834,0.5590837,0.644005418,-0.0172789656,0.58790046,0.628594041,-0.0076363394,0.580425382,0.641903579,-0.0108681303,0.56951052,0.643744588,-0.0114947762,0.563046,0.642255485,-0.0113071296,0.590711594,0.628854096,-0.00342812925,0.583853483,0.640636683,-0.00593998889,0.573567271,0.642457843,-0.00594720291,0.567284763,0.641357,-0.00559301907,0.590536952,0.628751159,5.43164315e-005,0.58473444,0.638276279,-0.00243270141,0.57644546,0.640781939,-0.00262306933,0.570874453,0.64043,-0.00206410536
583.3333333333334,0.341464549,0.60838,-2.56620716e-008,0.364147812,0.611631274,-0.00773674855,0.375803381,0.619711816,-0.0115738446,0.380802125,0.629998267,-0.0137889488,0.386917442,0.638110578,-0.0149552086,0.35594213,0.629309177,-0.00908847,0.364355981,0.642702818,-0.011753655,0.371373504,0.647347152,-0.0124775898,0.376464546,0.648919225,-0.0120501108,0.343191594,0.630935729,-0.00579430349,0.353793025,0.644581139,-0.00783939473,0.363473624,0.648306966,-0.00756556168,0.370552391,0.648676097,-0.00674721086,0.336233526,0.631171405,-0.0028804841,0.346616209,0.643107355,-0.00452758372,0.35592103,0.647036254,-0.00366998627,0.363317817,0.647964597,-0.0024794708,0.333796352,0.631041527,-0.000445946702,0.342625231,0.640620708,-0.00150183565,0.350611806,0.644857347,-0.000835238374,0.357655734,0.64668417,0.000262763759
600.0,0.579278409,0.608491898,1.2039105e-007,0.563637733,0.612999141,-0.00900128949,0.557908356,0.621477783,-0.0123373903,0.557578683,0.630112231,-0.0137784351,0.556911886,0.637408316,-0.0142209781,0.580805361,0.628396749,-0.00950566214,0.574257493,0.641252458,-0.0124344341,0.565298915,0.644548833,-0.0134148402,0.55905813,0.644907653,-0.0131973736,0.588656664,0.628477275,-0.00512354495,0.581175447,0.641783714,-0.0079905754,0.570438921,0.644101262,-0.00859405287,0.563361049,0.643296063,-0.00827301666,0.591618061,0.62792027,-0.001134536,0.584545732,0.639767885,-0.00349543057,0.574650764,0.642214715,-0.00365587231,0.568023562,0.6419608,-0.00320911361,0.591710031,0.627304196,0.00225588889,0.58603996,0.636963665,0.00027833425,0.578149676,0.640033662,0.000285186368,0.57233578,0.64053154,0.000979156117
600.0,0.341974854,0.607997835,-2.31895303e-008,0.364430845,0.611541569,-0.00785396341,0.376025945,0.619767308,-0.0120711876,0.381114513,0.629708111,-0.0144715728,0.387173086,0.637799442,-0.0157587398,0.355699062,0.629222691,-0.0116620352,0.365257561,0.642850935,-0.0143829649,0.372376949,0.647420645,-0.0143985534,0.376974821,0.649120748,-0.0134787392,0.342354149,0.630639,-0.00845972728,0.353487164,0.644711196,-0.0112501411,0.363792419,0.6481511,-0.010321687,0.371104836,0.648307264,-0.008844289,0.334883034,0.630593538,-0.00545155257,0.345375091,0.643200755,-0.00772310467,0.355262339,0.646886051,-0.00622360408,0.362630188,0.647530258,-0.00439745886,0.331869125,0.630207479,-0.00286815735,0.340606809,0.640134394,-0.00437079556,0.349235088,0.644225895,-0.00342299975,0.356406718,0.64582783,-0.00198314665
616.6666666666666,0.579065382,0.608682036,1.23554145e-007,0.563898563,0.613117516,-0.00976657402,0.55800724,0.621271253,-0.0138425119,0.557239234,0.629573464,-0.0160060991,0.556473434,0.63705945,-0.0172280297,0.579988301,0.628659785,-0.0104144895,0.574953437,0.641221881,-0.0140605923,0.565768123,0.644974053,-0.0157170445,0.558654964,0.646049261,-0.0161293559,0.587590396,0.628955543,-0.00611694297,0.581023932,0.641927421,-0.00959168,0.570145547,0.644505143,-0.0106962146,0.562431872,0.644114435,-0.0108477781,0.590232968,0.628581166,-0.00231290795,0.583997607,0.64008528,-0.00514588738,0.574041963,0.642788112,-0.00556941889,0.56668216,0.642955661,-0.00543293962,0.589850485,0.628128409,0.000780235277,0.584801912,0.637518108,-0.00163386611,0.576926112,0.640657306,-0.00188241608,0.57062465,0.641250074,-0.00143358496
616.6666666666666,0.340990752,0.60907948,-5.0876519e-008,0.363407701,0.611880362,-0.0076308148,0.375681847,0.619866967,-0.0116268927,0.380937278,0.629936337,-0.0139790783,0.387049258,0.638001919,-0.0152768875,0.354624033,0.628908277,-0.011648179,0.364435703,0.642814934,-0.0153003689,0.372299761,0.647679269,-0.0160259865,0.37731567,0.649138391,-0.0154891275,0.342176914,0.63115263,-0.00884668157,0.354507804,0.645354688,-0.0121981381,0.36564678,0.648393691,-0.0116490973,0.373150498,0.648021877,-0.0104538808,0.335440159,0.631880462,-0.00633159559,0.347715974,0.644595742,-0.00935069,0.358606339,0.647523105,-0.00822066329,0.366116017,0.647453,-0.006643184,0.333476245,0.632004261,-0.0042415224,0.344170064,0.642120183,-0.00652964739,0.35373044,0.645574868,-0.00610115565,0.361049175,0.646355689,-0.00504707312
633.3333333333333,0.580272734,0.607724786,1.19037509e-007,0.564977407,0.612620234,-0.00844362192,0.558223307,0.620955348,-0.0116593605,0.557630599,0.629306495,-0.0133251585,0.556840301,0.636692107,-0.0140766893,0.580850542,0.627904236,-0.00697665196,0.575624943,0.639965177,-0.00993416086,0.567166,0.643983901,-0.0116529074,0.560089,0.645456493,-0.0122248987,0.588020146,0.628411591,-0.00325141149,0.581393838,0.640934646,-0.00612904225,0.571142793,0.643565655,-0.00767101767,0.563329,0.64315778,-0.0081534246,0.590483248,0.628349066,-6.24282038e-005,0.584210873,0.639692307,-0.0024067841,0.57472384,0.642322421,-0.00316303759,0.567572117,0.642327726,-0.00320083485,0.590112388,0.628158629,0.00246329932,0.585200369,0.637504041,0.000512348,0.577604353,0.64066416,0.000167837687,0.571320474,0.641262174,0.000545530755
633.3333333333333,0.34245038,0.608409703,-3.21281561e-008,0.364421904,0.611785829,-0.00756043429,0.376093745,0.619838834,-0.0118103065,0.38120693,0.629906714,-0.0144193498,0.386856616,0.63805294,-0.0159624685,0.356215805,0.628457904,-0.0112992814,0.364434153,0.642437756,-0.0153296469,0.371799499,0.647462,-0.0165703297,0.377152264,0.649295807,-0.016335655,0.343050659,0.630165696,-0.00858333241,0.353461146,0.644612491,-0.011969395,0.363720268,0.648602545,-0.0118913101,0.371267319,0.649077415,-0.01101638,0.335500509,0.630416512,-0.00613270747,0.346072018,0.64303118,-0.00893140584,0.356095284,0.647026122,-0.0078039323,0.363759,0.647964299,-0.00621451205,0.332436979,0.630257607,-0.00408344483,0.341964394,0.640221655,-0.00606833166,0.350625813,0.644434571,-0.00519530429,0.358098418,0.64628607,-0.0037527082
649.9999999999999,0.58102411,0.608923614,1.14532071e-007,0.564806342,0.613177896,-0.0082312664,0.55764091,0.620856762,-0.0116147585,0.55705148,0.629237473,-0.013594145,0.557408869,0.636695862,-0.0146333901,0.580277503,0.628476799,-0.00746409595,0.574392855,0.640933,-0.010480091,0.565747857,0.644395769,-0.0117293159,0.559259117,0.644991755,-0.0118454639,0.587947845,0.62926656,-0.00393570401,0.580872297,0.642110467,-0.00650767889,0.570899904,0.643932104,-0.00729626231,0.564440548,0.642911,-0.00722277816,0.5908283,0.62923187,-0.000885575486,0.584246635,0.640557587,-0.00304992334,0.575053,0.642586052,-0.00306869159,0.568904877,0.641988933,-0.00260946504,0.590833783,0.628979802,0.00153992558,0.585617602,0.638414443,-0.000348267378,0.578106165,0.641207695,-0.000153735324,0.572606802,0.641317368,0.00066690956
649.9999999999999,0.343082756,0.609368443,-4.23032205e-008,0.364718556,0.612209916,-0.00715923682,0.376114577,0.620080948,-0.0112929689,0.380798578,0.6299389,-0.0138631891,0.38691774,0.637732685,-0.0153746083,0.3565301,0.629480124,-0.0120371077,0.364934474,0.643511,-0.0158766173,0.373192191,0.64788723,-0.0165002029,0.378372908,0.648429394,-0.0156762823,0.343906909,0.631144285,-0.00932188146,0.354812175,0.645416439,-0.0123651316,0.365610242,0.648192942,-0.0112273516,0.372529209,0.647520483,-0.0096613653,0.33674264,0.631294549,-0.00680924859,0.346919298,0.643995166,-0.00930613931,0.357126,0.646853209,-0.00741875544,0.364147425,0.646618187,-0.00542272395,0.33397904,0.630937219,-0.00469073281,0.342798024,0.640927672,-0.00631749723,0.351479769,0.644458652,-0.00515351538,0.358372062,0.645315349,-0.00361847738
666.6666666666665,0.579815686,0.608892441,1.39364474e-007,0.564455271,0.612868786,-0.00976366829,0.558394253,0.621318161,-0.0132671064,0.557090104,0.629968882,-0.0146289365,0.557522714,0.637031794,-0.0149123296,0.582174182,0.628335118,-0.0111252638,0.576323211,0.641412735,-0.0144728301,0.566907883,0.645427048,-0.015592319,0.559274435,0.646453142,-0.0154670179,0.589397371,0.62883234,-0.00634915289,0.581935227,0.642440856,-0.00965017546,0.57094264,0.645302773,-0.01042026,0.562866271,0.645062864,-0.0101339342,0.59162432,0.628757536,-0.00193178945,0.584105,0.640707672,-0.00443502143,0.574110746,0.643367648,-0.00477557303,0.566917658,0.643514454,-0.0043946756,0.5908795,0.62857908,0.00181280414,0.584813893,0.638210297,-9.21608298e-005,0.576896548,0.641373515,-0.000235099069,0.570612371,0.642118216,0.000389174704
666.6666666666665,0.343877912,0.60905683,-3.4522678e-008,0.365520328,0.612155199,-0.00750310952,0.376642019,0.620008349,-0.0117021585,0.381277889,0.629848838,-0.014185572,0.387179613,0.637797773,-0.0155460732,0.35681,0.629388332,-0.0123580396,0.365400016,0.643635452,-0.0158806369,0.373165607,0.648028612,-0.0161927752,0.377848446,0.648678,-0.0151754785,0.344000876,0.630869448,-0.00937637221,0.354914337,0.645234168,-0.0122420816,0.364967883,0.648694217,-0.0111806868,0.371616,0.6484887,-0.00964331347,0.3366763,0.630947053,-0.00660052383,0.347983301,0.643455625,-0.00901413523,0.358105,0.646949351,-0.00735206623,0.365224749,0.647260129,-0.00545988884,0.33368516,0.630647182,-0.00420901319,0.343349129,0.640577376,-0.00601808447,0.352133244,0.644354284,-0.00501858536,0.35925597,0.645570159,-0.00350887352
683.3333333333331,0.580802679,0.608041048,9.99203067e-008,0.564480603,0.612623096,-0.00786749832,0.558353901,0.621248662,-0.0105066951,0.55745995,0.629673183,-0.0114913695,0.557107687,0.636769056,-0.0115176421,0.580812,0.628704,-0.00835144147,0.574887753,0.64175719,-0.0107856914,0.565592647,0.645061791,-0.0114851864,0.55914706,0.645345747,-0.0111846942,0.588693738,0.628697515,-0.00447995728,0.581707418,0.641887546,-0.00645320909,0.571232796,0.643870831,-0.00667130202,0.5647071,0.642784834,-0.00631634798,0.59160012,0.628038704,-0.000929483445,0.584603846,0.639568031,-0.00241762213,0.575220942,0.641648948,-0.0021611047,0.569410205,0.641124785,-0.00171618292,0.591498554,0.627374113,0.00206906348,0.586045861,0.636902332,0.000931905815,0.578544736,0.639643729,0.00144215301,0.57334429,0.639667809,0.00228280085
683.3333333333331,0.341880143,0.608470142,-4.26502744e-008,0.364315957,0.61169672,-0.00755625637,0.376155287,0.619757235,-0.0117892725,0.381053925,0.62959969,-0.0142705897,0.386860639,0.637501717,-0.0156652518,0.355517387,0.628644347,-0.0129115367,0.364852697,0.64283365,-0.0164174326,0.372681707,0.647683322,-0.0164772794,0.377922982,0.648834765,-0.0152708013,0.342786103,0.630560219,-0.00983090792,0.354389787,0.645024121,-0.0128622018,0.365436286,0.648554385,-0.0116051249,0.37308684,0.648552954,-0.00980344508,0.335908741,0.631064653,-0.00688176183,0.348015338,0.643656194,-0.00928029791,0.358670354,0.647224903,-0.00757024391,0.366421133,0.647718489,-0.00562194549,0.33372727,0.631008863,-0.0043214825,0.34398219,0.640998542,-0.0058542164,0.353064388,0.644944549,-0.00478587812,0.360544592,0.646372676,-0.00326275267
699.9999999999998,0.580921,0.608067036,1.22533308e-007,0.564492106,0.613225639,-0.00770270685,0.558016419,0.621577322,-0.0102585778,0.557525337,0.629833698,-0.0111721894,0.557186544,0.636557877,-0.0111072529,0.581844747,0.628410161,-0.00769345416,0.57593596,0.641124487,-0.0102613857,0.566993,0.644819319,-0.0113396794,0.560063839,0.645949841,-0.0113804592,0.589561939,0.62858814,-0.00392171461,0.581970811,0.641664088,-0.00628249254,0.571341217,0.644337058,-0.00697842,0.563651264,0.644108355,-0.00693626422,0.59215343,0.628126,-0.000495091,0.584918797,0.639496803,-0.00222121854,0.575268209,0.642295957,-0.00257431,0.56818676,0.642517328,-0.00248863897,0.591683865,0.627621591,0.00235691271,0.586011767,0.636757135,0.00112080644,0.578484952,0.640077174,0.00114979,0.57234776,0.640922546,0.00167600426
699.9999999999998,0.34392935,0.608346343,-4.64988048e-008,0.365587115,0.612241089,-0.00559926406,0.376818806,0.620500088,-0.00909700897,0.381598711,0.630142331,-0.0113992738,0.386897713,0.637738407,-0.0127814645,0.357406348,0.629770577,-0.00945025217,0.365811855,0.643364549,-0.012609018,0.373256326,0.647794545,-0.0132990489,0.378286779,0.648880541,-0.0126862722,0.344339609,0.631050766,-0.00745648,0.355231,0.644623637,-0.00962522626,0.365379065,0.647840381,-0.00874197,0.372370064,0.647886515,-0.00751232496,0.336496025,0.630974054,-0.00560572185,0.346858025,0.643202484,-0.00739280088,0.356623143,0.64655447,-0.00558431,0.363767266,0.646892071,-0.00374839222,0.333012968,0.630511284,-0.00405831076,0.341647923,0.640228748,-0.00522157177,0.350077242,0.644029,-0.00383155956,0.357048512,0.645313084,-0.00212409347
716.6666666666664,0.581088781,0.608728349,9.13032494e-008,0.564801872,0.612949,-0.00814839453,0.558621109,0.621055543,-0.0114054093,0.558674216,0.62950182,-0.013305705,0.558454931,0.637058735,-0.0140737072,0.580870271,0.62893647,-0.0072021028,0.575936258,0.641698241,-0.0107773487,0.56759584,0.644606769,-0.0123408586,0.562263429,0.644004762,-0.0124109434,0.588399172,0.629606724,-0.00378748425,0.581732154,0.642560542,-0.00670088641,0.571649253,0.644491136,-0.00771988509,0.56584543,0.643134356,-0.00776853785,0.591144145,0.629601181,-0.000962594524,0.584608197,0.641362548,-0.00349910976,0.575141132,0.643507,-0.00376585359,0.569452703,0.642752469,-0.00343359099,0.590997577,0.629375696,0.00126123708,0.585295677,0.639154553,-0.000964857405,0.577652335,0.64204216,-0.00101143843,0.572584391,0.642043591,-0.000348775182
716.6666666666664,0.343271703,0.608803928,-4.95011676e-008,0.36541152,0.611785114,-0.00691867713,0.376761049,0.6195786,-0.0109121585,0.38160181,0.629541278,-0.0133781061,0.387531936,0.637521267,-0.0147935171,0.356473267,0.629196823,-0.0116048688,0.365551859,0.643387616,-0.0148850204,0.373605669,0.647645652,-0.0151289934,0.378600538,0.648185909,-0.0141428113,0.343463331,0.631036878,-0.00886981655,0.355410635,0.645158887,-0.011285766,0.365913242,0.647997379,-0.00994987,0.372601539,0.647483051,-0.00842263084,0.335810065,0.631323099,-0.00629966,0.347323388,0.643991411,-0.00826820079,0.357500821,0.646728337,-0.00609736098,0.364485949,0.646321893,-0.00404930441,0.332496762,0.63100332,-0.00413861,0.341929108,0.641086042,-0.00551727088,0.350687981,0.644296706,-0.00418829964,0.357542187,0.644763649,-0.00257328898
733.333333333333,0.58044982,0.607976437,1.26715079e-007,0.565279126,0.612529695,-0.00831261,0.558667839,0.620465696,-0.0120518953,0.557661057,0.629006505,-0.0143044842,0.557156861,0.636559,-0.0156194279,0.58054626,0.628439903,-0.00731645804,0.574830055,0.641238928,-0.0100588873,0.566903532,0.645040035,-0.0112651205,0.56098485,0.645753503,-0.0113423746,0.588265121,0.628556073,-0.00368247414,0.581449866,0.641549528,-0.00593264401,0.571967423,0.644104362,-0.00666386401,0.565633953,0.64382422,-0.00668310188,0.591541648,0.62799722,-0.00053181767,0.584985793,0.639558196,-0.00205131387,0.576112807,0.64200294,-0.00158904318,0.570172966,0.641877353,-0.000997674884,0.592023611,0.627336085,0.00195995858,0.586972833,0.636934638,0.0010047562,0.579820812,0.640072525,0.00186094595,0.574560225,0.640416384,0.00298268883
733.333333333333,0.343667328,0.607790112,-4.18387422e-008,0.36560145,0.611457527,-0.00709961215,0.376925856,0.619538426,-0.0112124244,0.381823808,0.629524112,-0.0136977425,0.387611538,0.637726426,-0.0151443342,0.356593668,0.62866807,-0.0117799407,0.366063923,0.642597079,-0.0148472292,0.373563915,0.647088826,-0.0148053057,0.378316671,0.648241401,-0.0136509268,0.343536347,0.630338669,-0.00882698689,0.355049223,0.644586265,-0.0116785048,0.365320563,0.647883415,-0.0103936344,0.372185767,0.647894502,-0.00859038066,0.336150914,0.630492747,-0.00599659095,0.347391129,0.643130422,-0.00823766,0.357315868,0.64674753,-0.00638834,0.364507139,0.647206724,-0.00430607656,0.333272785,0.630076647,-0.00353681459,0.342551768,0.640050948,-0.00470896158,0.351008415,0.644039571,-0.00344705069,0.357979864,0.645397067,-0.00182449888
749.9999999999997,0.581628799,0.607970417,9.71309788e-008,0.565591812,0.612552643,-0.00816936884,0.558690846,0.620727599,-0.0113442177,0.558168173,0.62921524,-0.0130128358,0.557479,0.636918187,-0.0135588329,0.581007898,0.62834549,-0.00685944455,0.575263917,0.64101851,-0.009315826,0.566700041,0.643557191,-0.0101080909,0.561297357,0.643173,-0.00984205,0.588633,0.62883383,-0.00307911262,0.581872582,0.641548693,-0.00492699025,0.572208822,0.643209577,-0.00538230315,0.566556454,0.642025888,-0.00522100413,0.591571093,0.628612936,0.000206414217,0.58501631,0.639764667,-0.00126393198,0.576025546,0.64171052,-0.00109142717,0.570514739,0.641160131,-0.000655973912,0.591499388,0.62830627,0.00289448188,0.586183488,0.637783945,0.00176480785,0.578775406,0.640687048,0.00230387971,0.573750913,0.640873134,0.00324079534
749.9999999999997,0.344146341,0.607679367,-4.11314325e-008,0.36578694,0.611579,-0.00670036115,0.37708506,0.619834721,-0.0107845934,0.381916255,0.629763663,-0.013416809,0.38792178,0.637570798,-0.01496612,0.35737434,0.628814101,-0.0109852497,0.365282357,0.642924666,-0.0144757535,0.373064756,0.647196,-0.0148782162,0.378338784,0.647847354,-0.0139127104,0.34434551,0.630094588,-0.00834836531,0.354360133,0.644446909,-0.0113230292,0.365105689,0.647753119,-0.0102326274,0.372500271,0.647737,-0.00852943677,0.336770624,0.630031884,-0.00588504598,0.346410334,0.642718732,-0.00808854215,0.356494069,0.646346509,-0.00604510074,0.364058018,0.646788478,-0.00381187093,0.333527207,0.62953347,-0.00379410223,0.341456234,0.639597833,-0.00489144074,0.349830896,0.643668473,-0.00335138594,0.356966853,0.645127773,-0.00147057394
766.6666666666663,0.580987036,0.608276665,1.15920407e-007,0.56560576,0.612835348,-0.00805028528,0.559120536,0.620971203,-0.0112183159,0.558537304,0.629312575,-0.0130520388,0.557877481,0.636698127,-0.013947743,0.580971837,0.62873441,-0.00647360273,0.57615,0.641033649,-0.00985767413,0.567537,0.64471209,-0.0117660994,0.560861647,0.645466506,-0.0123099983,0.588237882,0.62920773,-0.00309251109,0.582217395,0.641735733,-0.00615845202,0.572336614,0.644479871,-0.00768661452,0.565222263,0.644340575,-0.00814790279,0.591066062,0.629074752,-0.000288895128,0.58540082,0.640355289,-0.00287402864,0.576168358,0.643273056,-0.00356702926,0.56915462,0.64363873,-0.00352607598,0.591040194,0.628899515,0.00188715418,0.586374223,0.638336837,-0.000165420221,0.579033136,0.641725063,-0.000310879259,0.573004246,0.642578244,0.000245423813
766.6666666666663,0.343241423,0.608035862,-3.66104054e-008,0.365597963,0.611365914,-0.0071442062,0.377568811,0.619634509,-0.0107951732,0.382436,0.62963295,-0.0127917677,0.38770777,0.637624741,-0.0137247983,0.356992245,0.628628075,-0.0109812822,0.365386665,0.642686129,-0.0139134182,0.37324661,0.647286475,-0.0142281493,0.3786273,0.648583829,-0.013363352,0.344458193,0.630219638,-0.00788330846,0.355321258,0.644594,-0.0103100808,0.366018087,0.648072898,-0.00924693141,0.373468429,0.647924662,-0.00772764208,0.337773263,0.630436897,-0.00498140138,0.349054307,0.643068314,-0.00689965673,0.359193206,0.64656049,-0.00544819376,0.366728336,0.646846533,-0.00375908962,0.335680276,0.630293965,-0.002471491,0.345250964,0.640187204,-0.00367633649,0.353990376,0.644204,-0.00277715689,0.361203283,0.645579457,-0.00146252802
783.3333333333329,0.582001567,0.608417332,1.17226477e-007,0.565679252,0.612559557,-0.00806307048,0.558796704,0.620685041,-0.0113238432,0.558303952,0.629109859,-0.0130302534,0.557460129,0.636376143,-0.0138645163,0.579932272,0.628219962,-0.00871774741,0.575208783,0.640779912,-0.0118919201,0.566955805,0.645001173,-0.0132023683,0.560391605,0.646560907,-0.0133707142,0.588298559,0.628937721,-0.00512785604,0.581526041,0.641837776,-0.00789010618,0.571282923,0.64389205,-0.00857213419,0.564259946,0.643046141,-0.00839247275,0.591755509,0.628762305,-0.00188100082,0.585310519,0.640141368,-0.00391542539,0.575994313,0.641987383,-0.00363383326,0.569767475,0.641314268,-0.00300257327,0.592227817,0.628322959,0.000758199545,0.587039,0.637582541,-0.000743456942,0.579415321,0.640149772,-0.000259876833,0.573973656,0.640032828,0.00071014592
783.3333333333329,0.344023794,0.608284056,-4.42020642e-008,0.366291493,0.61185813,-0.00674643554,0.377635211,0.619969964,-0.0107398275,0.382263273,0.630018651,-0.0131083289,0.387716413,0.637697697,-0.0144358613,0.3569929,0.628741503,-0.0126295378,0.366314024,0.642792702,-0.0155933425,0.373859,0.647242785,-0.0154086445,0.37872985,0.648403406,-0.0142894173,0.343702555,0.630710185,-0.00988705736,0.355933189,0.644701123,-0.0120316036,0.366269737,0.647808433,-0.0102755409,0.373234808,0.64773649,-0.00856835302,0.336006403,0.631183445,-0.00714910962,0.347786069,0.643629789,-0.0086313393,0.357415229,0.646433294,-0.00596413063,0.364104062,0.646231174,-0.0037592696,0.332888,0.630944192,-0.00482918741,0.342259794,0.640286922,-0.00588544412,0.350723863,0.64340508,-0.00428800285,0.357448637,0.643965781,-0.00255768
799.9999999999995,0.581546,0.608627915,1.2026851e-007,0.566036522,0.613029,-0.00818180107,0.559377432,0.620840251,-0.0116386721,0.55818218,0.629119337,-0.0136362612,0.558112144,0.636594594,-0.0145891542,0.580780745,0.627913415,-0.00811208691,0.576316833,0.64065212,-0.011743539,0.567619,0.644651294,-0.01336818,0.560762107,0.645676613,-0.0135465274,0.588354647,0.628516674,-0.00459914096,0.581957757,0.641485333,-0.00772867724,0.571810246,0.643921077,-0.00863839872,0.564757705,0.643408239,-0.00858152285,0.591289282,0.628454387,-0.00161054975,0.584527135,0.639985144,-0.00414755102,0.575040638,0.642129183,-0.00421605026,0.568420351,0.641696095,-0.00371822924,0.591215611,0.628381789,0.000743669341,0.585542917,0.637657702,-0.00126561336,0.577610612,0.640501618,-0.00118812849,0.571686566,0.640657067,-0.000419264485
799.9999999999995,0.343190908,0.607640803,-3.99366336e-008,0.365335435,0.61144644,-0.00691631529,0.377328873,0.619825661,-0.0107866945,0.382352084,0.629753649,-0.0131085888,0.387648344,0.637731314,-0.014365565,0.357051373,0.628212571,-0.0111876484,0.365732074,0.642152905,-0.0143656982,0.373566628,0.646868467,-0.0145199271,0.378831983,0.64806211,-0.0134340497,0.344105065,0.629642725,-0.00849094521,0.354262233,0.644094,-0.0110809589,0.365110517,0.647665799,-0.00976675842,0.372517228,0.647797883,-0.00795529876,0.336919725,0.62973839,-0.00599251082,0.346780896,0.64261806,-0.00819948502,0.357067376,0.646302223,-0.0064430912,0.364506751,0.646739364,-0.0043848129,0.334305376,0.629420698,-0.00384664885,0.342275083,0.639905334,-0.00513302349,0.350765049,0.64410758,-0.00385098648,0.357906312,0.645448327,-0.00216211053
816.6666666666662,0.581475556,0.609025657,9.62278506e-008,0.565446317,0.613239408,-0.00772815663,0.559855938,0.621066,-0.0106025506,0.558783889,0.629234135,-0.0121525694,0.557440162,0.636212349,-0.0126955975,0.581268668,0.629601121,-0.00576072372,0.575814545,0.641598046,-0.00800449494,0.567231953,0.643871903,-0.00908898283,0.561886609,0.643365622,-0.00921959,0.588886738,0.629903674,-0.00226318394,0.582383692,0.642015457,-0.00386077422,0.572748,0.643481076,-0.0045740339,0.567047954,0.642248154,-0.00476132287,0.592056572,0.629361093,0.000701618148,0.585681915,0.640199,-0.000724280835,0.576747894,0.642040431,-0.000837345491,0.57118994,0.641317785,-0.000725338352,0.592260182,0.628764391,0.00307908794,0.586904526,0.637892544,0.00170213403,0.579779506,0.640556395,0.00193519355,0.574897,0.640575647,0.00257708202
816.6666666666662,0.343960673,0.607425869,-2.73778102e-008,0.366074473,0.611263454,-0.00683873612,0.377616704,0.619702876,-0.0108080413,0.382274836,0.629964054,-0.0131942201,0.388000131,0.637865484,-0.0145244859,0.357751638,0.628040969,-0.0110068433,0.3651748,0.642092645,-0.0143521,0.372788578,0.646888,-0.0147868013,0.378113687,0.648431957,-0.0139631731,0.344694763,0.6295259,-0.00830181129,0.354212016,0.644157,-0.011043434,0.365341574,0.647617579,-0.00975604821,0.373215586,0.647712886,-0.00792937633,0.337584734,0.629693091,-0.00577339763,0.347512811,0.642532408,-0.0077759,0.357599646,0.646052241,-0.00568687171,0.364975214,0.646469355,-0.00346840476,0.334991187,0.629398465,-0.00363307702,0.343952805,0.639221847,-0.00461358344,0.352374524,0.643190205,-0.00305271265,0.359191328,0.644703448,-0.00120361394
833.3333333333328,0.581587493,0.609229,1.12373691e-007,0.565752327,0.613305,-0.00868359301,0.558927417,0.621109366,-0.0123679051,0.557812214,0.629475057,-0.0145781077,0.558123052,0.636986256,-0.0157923605,0.580491066,0.629163265,-0.0083486205,0.576064527,0.641837418,-0.0122660417,0.567656159,0.645150304,-0.014208978,0.561551929,0.645428181,-0.0146295503,0.58819133,0.629793406,-0.00478559267,0.581743181,0.642456472,-0.00786652137,0.571863949,0.644663513,-0.00902661,0.565461099,0.6439,-0.00926642586,0.591371298,0.629560649,-0.00181018142,0.584705174,0.640692234,-0.00435226,0.575477183,0.643044,-0.00464719,0.569212317,0.642812431,-0.00442663161,0.591621816,0.629184783,0.00049478549,0.58603847,0.638315916,-0.00165745674,0.578519046,0.641272247,-0.00167693396,0.573027432,0.641607165,-0.00104962103
833.3333333333328,0.34342131,0.607460916,-3.44336613e-008,0.365766346,0.611427486,-0.00612301333,0.37766,0.620028257,-0.00985077769,0.382602125,0.630135655,-0.0121987555,0.388197392,0.63784045,-0.0135509679,0.357625872,0.628339767,-0.0107186409,0.365265369,0.642414153,-0.0139621925,0.372915924,0.647099555,-0.0141275553,0.378202736,0.648472071,-0.0130603779,0.344326586,0.629616559,-0.00845983531,0.354269654,0.644180954,-0.011364351,0.365523219,0.64771378,-0.0100093558,0.373421401,0.647947252,-0.00805411395,0.337017208,0.629715919,-0.00631345,0.347441494,0.642603099,-0.00848320778,0.35763216,0.646255434,-0.00642441073,0.365089357,0.646783412,-0.00413225079,0.334569246,0.629452407,-0.0044681048,0.343889385,0.639490426,-0.00545411,0.35234797,0.643606782,-0.00381659623,0.359198064,0.645189643,-0.00188215775
849.9999999999994,0.580971658,0.60871321,1.33554934e-007,0.565185308,0.6132586,-0.00920544285,0.55875349,0.621500671,-0.0128226476,0.558087349,0.629922569,-0.0147354733,0.558026075,0.637391865,-0.0156441741,0.581207693,0.628557324,-0.00881401,0.576868117,0.641126871,-0.0129607031,0.567942917,0.645228565,-0.0151699819,0.560514927,0.646326423,-0.0157000385,0.588771522,0.629024744,-0.00473008957,0.58231169,0.641839623,-0.0084558418,0.571826875,0.64476639,-0.010012825,0.563918114,0.644553065,-0.0103072673,0.591699064,0.628841043,-0.00123164419,0.584919751,0.63999486,-0.00416459655,0.575286031,0.642679036,-0.00481422246,0.568043,0.642775774,-0.00460385624,0.591697574,0.628530264,0.00156110129,0.585843503,0.637487173,-0.000695323164,0.577948272,0.640726149,-0.000955482654,0.571613729,0.64146632,-0.000361122919
849.9999999999994,0.344025046,0.607539177,-1.75358768e-008,0.365729243,0.611462355,-0.0067068995,0.377564281,0.619726896,-0.0107930442,0.382376224,0.629816592,-0.0133424671,0.388062149,0.637712479,-0.0148528926,0.358816624,0.627772212,-0.0111613544,0.366152346,0.642179728,-0.0149755031,0.373380542,0.647131801,-0.0158750564,0.378436267,0.648361921,-0.0151333334,0.345922679,0.629059494,-0.00860561244,0.354708672,0.643847227,-0.0114645725,0.364626557,0.647575,-0.0107217506,0.371681958,0.647464156,-0.00931781251,0.338667333,0.629136384,-0.00623780908,0.346849442,0.642388463,-0.00823420752,0.355885148,0.646212518,-0.00664154533,0.362698585,0.646410644,-0.00475375447,0.335892707,0.628986835,-0.00422731787,0.342382044,0.639479,-0.00527860457,0.349550158,0.643883228,-0.00399032189,0.355816454,0.645350695,-0.00229968131
866.6666666666661,0.581060886,0.608963311,1.15789796e-007,0.56512028,0.613112211,-0.00972999074,0.559032798,0.621189117,-0.0134707708,0.558179915,0.629727185,-0.0150448633,0.557749927,0.63697958,-0.0154928491,0.581616938,0.62856859,-0.0113010136,0.575149417,0.641899,-0.0139085781,0.565961,0.645177484,-0.0140513368,0.560009181,0.645270705,-0.0131977303,0.589567423,0.629056215,-0.00633130362,0.581322074,0.642599285,-0.0086679291,0.5704934,0.643945336,-0.00850020722,0.564579904,0.642240107,-0.00766460737,0.5924173,0.62880075,-0.00167246303,0.584597826,0.640684485,-0.00356643763,0.574610829,0.641979635,-0.00322239287,0.569099724,0.640579,-0.00251228805,0.592296958,0.628415346,0.00238163956,0.5862239,0.63800472,0.000734575849,0.578290701,0.640201628,0.00095489918,0.573291779,0.639634967,0.00176687993
866.6666666666661,0.345035911,0.60811156,-2.11049063e-008,0.367054909,0.612043619,-0.00679060444,0.378203571,0.620345175,-0.0105394907,0.382559508,0.63032496,-0.0125251627,0.388272464,0.637811124,-0.0133901564,0.358411521,0.628509402,-0.0121072223,0.366436034,0.642558932,-0.0147171039,0.373799682,0.646984935,-0.0143584749,0.378940225,0.648552775,-0.0131500158,0.344950944,0.630063236,-0.00925875083,0.354486287,0.644462705,-0.011590533,0.36462453,0.647542238,-0.00982798822,0.371586889,0.64756155,-0.00784584507,0.337305278,0.630101323,-0.00639110152,0.346243441,0.642725885,-0.00791466702,0.355549634,0.645882547,-0.00526115578,0.36199832,0.645985603,-0.00286040059,0.334038764,0.629591167,-0.00392122101,0.341014504,0.639089584,-0.00464298576,0.348738909,0.642430067,-0.00263390015,0.354797304,0.643143773,-0.000532874314
883.3333333333327,0.581572,0.608293,1.20951725e-007,0.565491676,0.613208055,-0.00804960448,0.558499634,0.621715605,-0.0112176724,0.55723,0.630406857,-0.012853438,0.55742079,0.637559891,-0.0136107337,0.581285954,0.628278196,-0.00791703,0.575371683,0.640582204,-0.0105480589,0.567139387,0.64506942,-0.0114921937,0.560557246,0.646808445,-0.0115168877,0.589290202,0.628830552,-0.0043024444,0.581969202,0.641787,-0.00656849146,0.571808338,0.643872201,-0.00693403929,0.564709604,0.64312762,-0.00661428645,0.592235327,0.628643751,-0.00107826723,0.584881961,0.640242636,-0.00301847653,0.575511515,0.642065167,-0.0026586093,0.569249034,0.641375661,-0.00200527697,0.591981113,0.628274143,0.00153740309,0.586085916,0.637605369,-0.000101182908,0.57829994,0.640201509,0.000264769682,0.572639465,0.640127063,0.00114622922
883.3333333333327,0.344193608,0.608806729,-4.8190568e-008,0.366544068,0.612041712,-0.00743153598,0.378526896,0.619852722,-0.0118865194,0.383129,0.629559577,-0.0145918047,0.388405561,0.637533426,-0.0162265,0.357163101,0.628719211,-0.0137750786,0.365766525,0.642827749,-0.0174546633,0.373494,0.64733696,-0.0174755901,0.378479779,0.648483872,-0.0163048618,0.343699574,0.630753,-0.0109179718,0.354971617,0.645179451,-0.0140301343,0.365874767,0.647568822,-0.0121834837,0.372495115,0.646695852,-0.00996420626,0.33606568,0.631268322,-0.00815613195,0.347613454,0.643956304,-0.0105020395,0.357692808,0.646049,-0.00772728724,0.3639552,0.645239055,-0.00507862121,0.333028406,0.6311,-0.00585675379,0.343047738,0.640359521,-0.00736930501,0.35173282,0.642826736,-0.00577757694,0.357916176,0.642901,-0.00386818452
899.9999999999993,0.580212831,0.608574271,1.17981919e-007,0.564106464,0.613680363,-0.00747283828,0.558850288,0.622160554,-0.00993956719,0.558560252,0.630536556,-0.0108665824,0.557916462,0.637217045,-0.0109040858,0.58115232,0.628852546,-0.00727773,0.575674057,0.641430438,-0.00933723059,0.567142546,0.645272374,-0.0100087617,0.560754359,0.646602273,-0.00986249372,0.589262187,0.628821909,-0.00354439486,0.582500339,0.641711593,-0.00563283917,0.572295547,0.643823206,-0.00603300845,0.565376401,0.64309144,-0.00570266321,0.592430711,0.628196359,-0.000108806926,0.585967839,0.639578462,-0.00169402151,0.576678813,0.641686916,-0.00164495164,0.570394695,0.641179919,-0.00118036673,0.592354655,0.627673209,0.00279429113,0.587635219,0.636986136,0.00163828838,0.58029151,0.639786303,0.00199539913,0.574709713,0.639936388,0.00282719871
899.9999999999993,0.343458444,0.607146502,-4.28047855e-008,0.365512937,0.611122727,-0.00680532027,0.377262175,0.61977762,-0.0104768863,0.382400095,0.629788,-0.0125108445,0.387702376,0.637816429,-0.0134265032,0.357158601,0.628273845,-0.0115170991,0.365554839,0.642671645,-0.0146746952,0.373322129,0.64716363,-0.0148642762,0.378250867,0.648001373,-0.0138456132,0.344009221,0.629554927,-0.00872037746,0.35419783,0.64433682,-0.0114758061,0.364316136,0.647823811,-0.0103483349,0.37131539,0.647439718,-0.00868830737,0.336498052,0.62938565,-0.00602445332,0.346787065,0.64246136,-0.00816500746,0.356613,0.64607805,-0.00640258286,0.363794595,0.646171808,-0.00439532753,0.333263367,0.628762305,-0.00365047879,0.341896474,0.63921231,-0.00507873297,0.350281358,0.643224359,-0.00384576712,0.357275039,0.644253,-0.00215887395
916.666666666666,0.581919789,0.608513892,1.27007084e-007,0.565667093,0.612801552,-0.00889386795,0.559409738,0.620960772,-0.0126045626,0.558760762,0.629426658,-0.0146354632,0.558437943,0.636973083,-0.0157434717,0.581557095,0.62918973,-0.00865858607,0.575355113,0.641904771,-0.0117421197,0.566261351,0.645385802,-0.0130668068,0.559509099,0.645942032,-0.0131917726,0.589548171,0.629479468,-0.00457205065,0.581926823,0.642401,-0.00724593038,0.571412444,0.644693732,-0.00803135615,0.564267576,0.644113719,-0.00802638,0.592517257,0.62901777,-0.000972794252,0.585412085,0.640585423,-0.00314378296,0.575657308,0.643103778,-0.00339569105,0.568825185,0.642986894,-0.00321700214,0.592399836,0.628481925,0.00198863586,0.586910427,0.638065398,0.000271092489,0.579043806,0.641167,0.000337981124,0.572927892,0.64157939,0.000932869851
916.666666666666,0.343050689,0.607895076,-4.16669934e-008,0.365597248,0.611593843,-0.00701072859,0.377610296,0.619804621,-0.0110094929,0.382465363,0.629798412,-0.0133771207,0.388083398,0.637638271,-0.0146866329,0.35626784,0.628065944,-0.0120631075,0.365418226,0.642517269,-0.0154545186,0.373565555,0.646906674,-0.0158483516,0.378733546,0.648290753,-0.0150346756,0.34336,0.629723668,-0.00928307697,0.354622126,0.644626379,-0.0122758085,0.365887016,0.647928774,-0.0112145068,0.373560131,0.647818625,-0.00962954108,0.336567044,0.630014241,-0.00662468048,0.348453552,0.642900527,-0.0088742543,0.359106451,0.646255672,-0.0071977349,0.366612732,0.646594465,-0.00536137167,0.334449381,0.629882753,-0.00433115289,0.344719291,0.639807522,-0.00572144659,0.353876382,0.643589437,-0.00462022098,0.361163408,0.644945085,-0.00318234111
933.3333333333326,0.58300215,0.608668089,1.0929196e-007,0.566259384,0.612830818,-0.00855630264,0.559368372,0.620949745,-0.0118273655,0.558352709,0.629500091,-0.0135008637,0.558551788,0.637045324,-0.0141643286,0.580887496,0.629375219,-0.00826613791,0.575125515,0.642084599,-0.0114508159,0.566566646,0.64552778,-0.0127549293,0.560374379,0.645657361,-0.0127269449,0.588856578,0.629739583,-0.00432941,0.581391513,0.642486751,-0.00704536447,0.571205497,0.644378245,-0.00776560232,0.564824402,0.643264413,-0.00765883178,0.592008173,0.62917906,-0.000885386,0.584246516,0.640570164,-0.00319338776,0.574706256,0.642467856,-0.00314498926,0.568686306,0.64175725,-0.00264811795,0.59225595,0.628388047,0.00195738347,0.58609122,0.637852311,0.000228424236,0.578234851,0.640634,0.000555361155,0.572814643,0.64057821,0.00141211832
933.3333333333326,0.342424721,0.607442617,-4.10262828e-008,0.365062684,0.610888183,-0.00668091653,0.377103776,0.619126737,-0.0103603164,0.382316709,0.629284322,-0.0126353865,0.387816161,0.637315691,-0.0138627626,0.357134521,0.62813437,-0.00995904766,0.365394622,0.642183065,-0.0133556118,0.373026907,0.646744192,-0.0142375287,0.378227234,0.648349941,-0.0138491616,0.344253451,0.629757702,-0.00750976056,0.354716569,0.644262373,-0.0105470102,0.365427971,0.647911608,-0.0101771336,0.373067468,0.648147,-0.00909727439,0.337106794,0.629992783,-0.00529238582,0.347952783,0.64266938,-0.00762333209,0.358208567,0.646389425,-0.00637035957,0.365851,0.647063434,-0.00476961583,0.33444038,0.629799187,-0.00345735578,0.343790293,0.639944315,-0.00491967611,0.35237968,0.643980384,-0.0039726356,0.359674424,0.645552218,-0.00259233313
949.9999999999992,0.580434918,0.60884887,1.13318031e-007,0.564901829,0.613489807,-0.00832452159,0.559322119,0.621712089,-0.0116425306,0.558593273,0.629927456,-0.0133757889,0.558561206,0.637046158,-0.0141455224,0.580807388,0.629189491,-0.00856850669,0.575427294,0.641672134,-0.0119703989,0.566212118,0.645233631,-0.0134311756,0.559528589,0.645853281,-0.0135451918,0.588880777,0.629403591,-0.00478470698,0.582018614,0.642133355,-0.00743651809,0.57163161,0.643809676,-0.00799404085,0.565161645,0.642752588,-0.00777200656,0.592388868,0.628812134,-0.00146362616,0.58551,0.639932036,-0.00352701126,0.57611,0.641542375,-0.00320865866,0.57016021,0.640762091,-0.00253529311,0.592810512,0.62815994,0.00124689098,0.587653756,0.637390494,-0.000264822302,0.579950809,0.639894187,0.000294471625,0.574688256,0.639697254,0.0013223961
949.9999999999992,0.343031436,0.608021,-3.12838715e-008,0.365376949,0.611507297,-0.00740270084,0.37732473,0.619376719,-0.0120659545,0.382011116,0.629682064,-0.0151195172,0.387965769,0.637686551,-0.0171495676,0.3571769,0.62783426,-0.0129467556,0.365387887,0.642097056,-0.0169098936,0.373163491,0.646902442,-0.0174920615,0.378645837,0.64860934,-0.0167810414,0.343597502,0.629894555,-0.0102414852,0.354568869,0.644265652,-0.0132414754,0.365843117,0.647585571,-0.0118237501,0.373683453,0.647881925,-0.010126384,0.335918546,0.630666,-0.00771281356,0.347347289,0.643213809,-0.00971194543,0.357448906,0.646420062,-0.00721631106,0.364685595,0.646725059,-0.00497885235,0.332865566,0.630850613,-0.00569319353,0.342481494,0.640237749,-0.00681409286,0.350908935,0.643728614,-0.00523002539,0.357668757,0.64491564,-0.00347097102
966.6666666666658,0.581524491,0.608486474,1.14724543e-007,0.565311,0.613320827,-0.00803554803,0.559059858,0.621957,-0.0108600175,0.558332324,0.630365193,-0.01216661,0.558740079,0.637531877,-0.0124557819,0.582019746,0.628786504,-0.00736810081,0.577037632,0.641610503,-0.0104039721,0.567578852,0.64542681,-0.0117599005,0.560665607,0.646140814,-0.0118307304,0.589619339,0.628928244,-0.00366473268,0.582547426,0.642242491,-0.00664162822,0.571608245,0.644426942,-0.00766004063,0.564752,0.643370271,-0.00760144508,0.592322409,0.628493607,-0.000443698,0.585414648,0.64032,-0.00294217607,0.575393498,0.642534554,-0.0033716897,0.569017649,0.641910672,-0.00306552928,0.592010796,0.628055096,0.00220352574,0.586274862,0.637640417,0.000182002492,0.578309417,0.640518427,5.7519017e-005,0.572650909,0.640619814,0.00066354213
966.6666666666658,0.343554646,0.607752,-3.08856549e-008,0.365175784,0.611247122,-0.00666637486,0.376965642,0.619449437,-0.0105576031,0.382451475,0.629437387,-0.0129584018,0.387883425,0.637436032,-0.0142758517,0.357617497,0.628015399,-0.0111008855,0.365709335,0.64197576,-0.0148264719,0.373136401,0.646834671,-0.015262695,0.378245831,0.64787066,-0.0142051904,0.344643921,0.629634261,-0.00855282228,0.35485211,0.644101381,-0.0119287064,0.365252197,0.647763968,-0.0109551335,0.372535944,0.647810817,-0.00918794423,0.33724156,0.629946709,-0.00618180679,0.34716624,0.642904699,-0.00888006296,0.357131541,0.646733403,-0.00714643905,0.364613593,0.647124708,-0.00489341887,0.33458218,0.629774213,-0.00413087197,0.342698306,0.640242517,-0.00543754501,0.3508991,0.644468725,-0.00404374953,0.357930362,0.645814121,-0.00216709892
983.3333333333325,0.58220315,0.608502328,9.6397109e-008,0.566300094,0.613143444,-0.00772940833,0.559679091,0.621112,-0.0111386152,0.558864295,0.629256606,-0.0133088641,0.558307827,0.636791527,-0.0144516947,0.581330538,0.62859565,-0.00735777197,0.575996339,0.641657412,-0.011398307,0.56735611,0.644866049,-0.0133137461,0.561338425,0.64460355,-0.0135175986,0.588822603,0.629025161,-0.00427499088,0.58236587,0.642203331,-0.00769524463,0.572289586,0.644395173,-0.00885883067,0.565911949,0.6432814,-0.00892462,0.591797292,0.628905892,-0.00174898573,0.58531177,0.640799224,-0.0046260152,0.57590574,0.643080592,-0.00482674222,0.569762588,0.642549276,-0.0043480224,0.591974616,0.628789961,0.000199119095,0.586675286,0.638590813,-0.00207885145,0.578836739,0.641610622,-0.00196989533,0.573333,0.641783,-0.00115489541
983.3333333333325,0.344412029,0.608122706,-3.94755411e-008,0.366174847,0.611975908,-0.00690480694,0.377709091,0.620020866,-0.011152057,0.382393777,0.629974961,-0.0138065238,0.387765586,0.637625754,-0.0153832482,0.35659945,0.628277302,-0.0129060932,0.365572065,0.642424464,-0.0165959727,0.373313,0.646906316,-0.0168334953,0.378630549,0.647909582,-0.0157866124,0.343512803,0.629874468,-0.0102505814,0.354526132,0.644396186,-0.0134943342,0.365246236,0.647645056,-0.0120344777,0.372694343,0.647650242,-0.0101236701,0.33588466,0.630193591,-0.00763650332,0.346363246,0.642955542,-0.00999237876,0.3566055,0.646242082,-0.0074174488,0.363924384,0.646425724,-0.00487604178,0.332543254,0.629940629,-0.00541781,0.340954304,0.639855325,-0.00675882073,0.349628568,0.643298209,-0.00491935574,0.356666327,0.644144297,-0.00281646661
999.9999999999991,0.579924285,0.608341694,1.22831764e-007,0.56417048,0.613628328,-0.0083285151,0.558621049,0.621826053,-0.0114279231,0.557777226,0.630236506,-0.0128454799,0.557532966,0.637352705,-0.0132589005,0.581671476,0.628673077,-0.0079545211,0.575739086,0.641646147,-0.0104504479,0.566365182,0.644922733,-0.0112872757,0.55982852,0.645258963,-0.0110184038,0.589496613,0.628546059,-0.00383321266,0.582558215,0.641849756,-0.00571138831,0.571910143,0.643866122,-0.00605162187,0.565180063,0.643045843,-0.00578977494,0.592502415,0.627669036,-0.000124218117,0.5857265,0.639182,-0.00147998263,0.576000333,0.641459346,-0.00130743044,0.569663703,0.641122162,-0.000892807439,0.592419147,0.626825809,0.00299168285,0.587418199,0.63633287,0.00198682747,0.57975024,0.639342725,0.00253588893,0.574240446,0.63957721,0.00344336941
999.9999999999991,0.344515413,0.608045101,-4.29519886e-008,0.365789026,0.611943185,-0.00699808868,0.37772271,0.620140374,-0.0112627968,0.382889539,0.629726529,-0.014123858,0.38797769,0.637653291,-0.0159828886,0.357340842,0.627884388,-0.0119093377,0.365918219,0.642032683,-0.01669023,0.373578,0.646794,-0.0180544052,0.378662974,0.648030043,-0.0176249705,0.344128042,0.629509151,-0.00969117414,0.354538947,0.644240201,-0.0140876137,0.365279198,0.647744179,-0.0138942469,0.372581035,0.64766705,-0.0125821102,0.336792201,0.629855335,-0.00772570027,0.347299129,0.64305079,-0.0112473816,0.357796818,0.6466344,-0.0100166025,0.365246415,0.646928072,-0.00804921,0.334367335,0.62980485,-0.00611833669,0.342975467,0.640415311,-0.00830086414,0.351736575,0.644580841,-0.0074056033,0.358955055,0.645982683,-0.00582776591
1016.6666666666657,0.583194375,0.608294904,1.09437458e-007,0.566928685,0.612944424,-0.00844219,0.559597611,0.621355593,-0.0115117282,0.558602929,0.629839718,-0.0129212942,0.55832082,0.637219667,-0.013390488,0.582297802,0.629141927,-0.00772500737,0.576262534,0.641254067,-0.0102554215,0.56780982,0.644930363,-0.0113999564,0.561014,0.646178722,-0.011633818,0.58989805,0.629655182,-0.00382655859,0.582029462,0.641764283,-0.00582631817,0.572019875,0.643727422,-0.0064595486,0.564848423,0.643250644,-0.0065494217,0.592507422,0.62938571,-0.000406578591,0.584513783,0.640146554,-0.00222900161,0.575306177,0.642031372,-0.00237182737,0.568620086,0.641742945,-0.00222349074,0.592097938,0.628937125,0.0023610706,0.585624,0.6376127,0.000770844053,0.578080833,0.640197515,0.00078777544,0.572266281,0.640417218,0.00131911854
1016.6666666666657,0.344202429,0.607947826,-4.63639758e-008,0.365574926,0.611894548,-0.00700945454,0.377322,0.620083809,-0.0110879308,0.382342041,0.629940569,-0.0134620685,0.387643933,0.637627125,-0.0147936428,0.355999738,0.627446,-0.0133948317,0.366036,0.642166436,-0.016975211,0.373751938,0.646866679,-0.0170748271,0.378382593,0.647927046,-0.0159292072,0.343026131,0.62906611,-0.010566745,0.354574829,0.644106,-0.0136204008,0.365055263,0.647498369,-0.0122644966,0.372106165,0.647293925,-0.0104686134,0.335826308,0.629482508,-0.00775449816,0.347546667,0.642547071,-0.00999771617,0.357893497,0.645881712,-0.0079817269,0.365109354,0.645906687,-0.00588217517,0.333122164,0.629477084,-0.00528073,0.343090683,0.639567375,-0.0069408291,0.352147728,0.643352807,-0.00582287507,0.359301686,0.644423,-0.00425272295
1033.3333333333323,0.581509054,0.608822405,1.10651328e-007,0.565183222,0.613847613,-0.00678435806,0.559235036,0.622435212,-0.00890993234,0.558400691,0.63075161,-0.00974938367,0.558618307,0.637513,-0.0096041644,0.581036866,0.629555881,-0.00534245605,0.575347424,0.642009497,-0.00754473498,0.566697419,0.645209253,-0.00850129873,0.560289,0.645391643,-0.00836213492,0.588968396,0.629573345,-0.00197393401,0.581658781,0.642404437,-0.00389722269,0.571509778,0.644337475,-0.00445354544,0.564914048,0.643421054,-0.00421561766,0.592197657,0.628881395,0.000964258215,0.585429251,0.640475512,-0.000584165799,0.575936139,0.642581582,-0.000673093,0.569663346,0.642035425,-0.000294119935,0.592339873,0.628224432,0.00340434327,0.586908042,0.637721479,0.0021641627,0.579329729,0.640630901,0.00241891923,0.573760629,0.640928149,0.00319643016
1033.3333333333323,0.344608366,0.607599616,-4.76601478e-008,0.366121888,0.611213923,-0.00659203436,0.377768695,0.61967361,-0.0105535872,0.382491082,0.629501343,-0.0129583906,0.387846857,0.637330592,-0.0142815243,0.357352376,0.628278077,-0.0125731705,0.364850134,0.642570376,-0.0164546054,0.373091906,0.64701283,-0.0166781154,0.378454983,0.647528648,-0.0154210217,0.344036669,0.629636288,-0.00991180819,0.354088724,0.644525468,-0.0134197148,0.365156054,0.647655845,-0.0118782856,0.372096807,0.647045255,-0.00966627896,0.336572498,0.629683793,-0.00730455061,0.346845657,0.642854333,-0.00993493199,0.357316256,0.646107614,-0.0075656129,0.364445686,0.645862877,-0.00491180085,0.333722413,0.629247367,-0.00500019919,0.342360049,0.639826834,-0.00634777546,0.350973606,0.643856,-0.0046751867,0.357795388,0.644935608,-0.0025694021
1049.999999999999,0.582015157,0.60822916,1.22756603e-007,0.565998852,0.612844408,-0.00899754744,0.559517741,0.621394515,-0.0119592343,0.558584273,0.629799545,-0.0130492859,0.558180869,0.637044132,-0.013135721,0.582113445,0.629063725,-0.00803028233,0.575600624,0.641571,-0.0105078118,0.566219687,0.64498359,-0.0116006844,0.559244156,0.645766139,-0.0116419243,0.589820921,0.629339933,-0.00349027663,0.581865,0.641850293,-0.00543293031,0.571193516,0.644198239,-0.00608062185,0.563769817,0.643871665,-0.00612136256,0.592674494,0.628854454,0.000534399936,0.585500121,0.63996321,-0.00103914144,0.575748,0.642396688,-0.00142993114,0.568725646,0.642398894,-0.0014421005,0.592586815,0.628341198,0.00388365542,0.587290108,0.637529194,0.00251169852,0.57958585,0.640618801,0.00242462358,0.573420405,0.641207337,0.00284940214
1049.999999999999,0.344573468,0.607028127,-5.6551265e-008,0.366251022,0.611222446,-0.00604552636,0.377540231,0.619810462,-0.0101747792,0.382001281,0.629725814,-0.0128716333,0.387171,0.637376368,-0.0145781199,0.355824292,0.627605081,-0.0132365664,0.365351051,0.642393649,-0.0172177907,0.372803509,0.647153,-0.0174758788,0.377473086,0.648092,-0.0163464285,0.342295408,0.629205048,-0.0109887244,0.354244977,0.644065201,-0.0144609492,0.365005642,0.647345126,-0.012977344,0.372109413,0.647019386,-0.0109948562,0.334406644,0.629485071,-0.00864778459,0.346782207,0.642480969,-0.0108941505,0.357179761,0.645810902,-0.00816716813,0.364320368,0.645844162,-0.00557643687,0.331167817,0.629180431,-0.00662519457,0.341220945,0.639089406,-0.00785947498,0.350367,0.642971098,-0.00608212687,0.35744226,0.644279897,-0.00404524943
1066.6666666666658,0.582029879,0.608447909,1.27014076e-007,0.566075861,0.613190651,-0.00805071,0.559231043,0.621306598,-0.0111268936,0.558904469,0.629774511,-0.0126698455,0.558948517,0.637186646,-0.013330318,0.581202507,0.62843591,-0.00739576528,0.57574,0.641163468,-0.0104045682,0.567096829,0.645109832,-0.0118579911,0.560399,0.646167397,-0.0120624332,0.589242518,0.628839612,-0.00367957307,0.581877768,0.641826332,-0.00622104201,0.57173,0.644304335,-0.00723584,0.56467706,0.643783569,-0.00737148616,0.592418075,0.628481507,-0.000409733097,0.585579574,0.639880061,-0.00211588223,0.576334417,0.642346919,-0.00223270617,0.569801807,0.642209232,-0.00196890859,0.592674,0.62788856,0.00223324983,0.587427437,0.637255,0.00105184747,0.579977632,0.640466928,0.00132351206,0.574191034,0.641019046,0.00205747806
1066.6666666666658,0.344096243,0.607457161,-4.75980642e-008,0.365507245,0.611040354,-0.00808694866,0.377490908,0.619133234,-0.0128273647,0.382560074,0.628993094,-0.0158026312,0.388198704,0.63705045,-0.01763588,0.356428713,0.627652764,-0.0138864825,0.365290195,0.642598689,-0.0182406362,0.373386592,0.647060215,-0.0189312454,0.378364086,0.647527397,-0.0180181898,0.343335658,0.62916863,-0.0106282393,0.353979349,0.644368172,-0.0144771775,0.364569873,0.647510409,-0.0134836817,0.37137571,0.646925628,-0.0117861154,0.336113691,0.629342854,-0.00755092641,0.34699437,0.642580748,-0.010403988,0.357393116,0.645943046,-0.00864741951,0.36467272,0.6458022,-0.00659301924,0.333408445,0.629091144,-0.00492250035,0.342495054,0.639513731,-0.00681576459,0.351448566,0.643523097,-0.00589930266,0.358682156,0.644616604,-0.00444889581
1083.3333333333326,0.582036912,0.60919,1.1856384e-007,0.566005051,0.613595665,-0.00921304151,0.559681177,0.621269584,-0.0132078473,0.5584656,0.629716754,-0.0156611335,0.558815956,0.637316,-0.0171169546,0.581452906,0.629210949,-0.00866512768,0.575360239,0.641707,-0.0124360388,0.565699816,0.644686043,-0.0141706802,0.559329152,0.644930661,-0.0144605851,0.589182258,0.629499733,-0.00480787829,0.582261145,0.642317533,-0.00775003899,0.571738899,0.644282758,-0.00855191424,0.565408647,0.64363873,-0.00857445784,0.592355609,0.628975332,-0.00156998076,0.585755706,0.64014852,-0.00415266957,0.575990677,0.642410755,-0.00401572231,0.569690466,0.642081797,-0.00347297452,0.592613399,0.628451169,0.000960201665,0.58751142,0.637998283,-0.0012538489,0.57950449,0.640831769,-0.000812413462,0.573877335,0.640838,0.000184004792
1083.3333333333326,0.344751656,0.607332647,-4.41587531e-008,0.366716892,0.611323953,-0.00613351678,0.377913326,0.619878829,-0.0101285484,0.3823,0.629809678,-0.0126323113,0.387951195,0.637391508,-0.0141281951,0.356430918,0.627785,-0.0129589299,0.365259677,0.642543375,-0.016442772,0.372587323,0.647322178,-0.0160810966,0.37727493,0.647969246,-0.0143900784,0.34287554,0.629026771,-0.0105157346,0.353459388,0.644390881,-0.0139548723,0.364355683,0.647769392,-0.0121479379,0.371418178,0.647268772,-0.00965913758,0.33516857,0.629105508,-0.00797312241,0.345701516,0.642732263,-0.0104243644,0.356112629,0.646256745,-0.00770506915,0.363190025,0.646239936,-0.00478994707,0.332217097,0.628800273,-0.00567693403,0.340802729,0.639739871,-0.00672106165,0.349421412,0.643809319,-0.00463934848,0.356156409,0.645035267,-0.00228340155
1099.9999999999993,0.58319056,0.609378278,1.04129434e-007,0.566491425,0.613215923,-0.00844351575,0.559345484,0.621308446,-0.011662567,0.558740139,0.629676521,-0.0132222064,0.558904827,0.637082279,-0.0137194796,0.581371129,0.628905475,-0.00882755127,0.576352239,0.641768,-0.0120589677,0.567315578,0.645253539,-0.0131091978,0.560914397,0.645451665,-0.012885944,0.589534581,0.629615545,-0.00495877024,0.582178891,0.642407298,-0.00760438107,0.571681857,0.644172,-0.00811808184,0.56553787,0.6429649,-0.00786989741,0.592745602,0.629545093,-0.00152484945,0.585566461,0.640770614,-0.00379060069,0.575679839,0.64246738,-0.00376828271,0.569788516,0.64153558,-0.00331767299,0.592960358,0.629248559,0.00132819661,0.587156355,0.63857311,-0.000646543,0.579096556,0.640920877,-0.000492031279,0.573782384,0.640499949,0.000283592759
1099.9999999999993,0.343583167,0.606972814,-5.01452462e-008,0.365537494,0.610867381,-0.00671381969,0.37721616,0.619227886,-0.0107380869,0.38208282,0.629376,-0.0133013139,0.387806088,0.637017071,-0.014897408,0.35638994,0.627586484,-0.0121191991,0.364850223,0.642258108,-0.0156557579,0.372270018,0.64678812,-0.015863901,0.377110511,0.647397399,-0.0147340866,0.343196481,0.628997445,-0.00945531577,0.354054362,0.643852293,-0.0124293827,0.364344,0.647453,-0.0113093313,0.371208459,0.647531271,-0.00972749293,0.335654944,0.629219592,-0.00687945262,0.346087396,0.642448545,-0.00924650766,0.356021732,0.64620316,-0.00751292938,0.36329332,0.646533072,-0.00557078607,0.332681417,0.629040778,-0.00462906,0.340994179,0.639495373,-0.00598862255,0.349361479,0.6436975,-0.00485143531,0.356467813,0.645174682,-0.00334144477
1116.666666666666,0.581938565,0.609240532,9.73455556e-008,0.566437364,0.613401175,-0.00723115122,0.559930742,0.62133038,-0.0102812769,0.559111,0.629509568,-0.012199048,0.558782101,0.636652708,-0.0131709725,0.580571413,0.628956914,-0.00665813638,0.576520383,0.641283393,-0.010269383,0.56820035,0.644674957,-0.0120607149,0.562477112,0.644734085,-0.0123363985,0.588383615,0.62944591,-0.00381198106,0.582924426,0.641983509,-0.00666180067,0.573236227,0.644065678,-0.00782005582,0.567451179,0.642917454,-0.00800485536,0.591951489,0.62916851,-0.00146921992,0.586226344,0.64035064,-0.00374975894,0.57717669,0.642429,-0.00390506443,0.571764827,0.641770363,-0.00352950534,0.592665732,0.628744662,0.000335063261,0.587714911,0.638075948,-0.00143610372,0.580290914,0.641019225,-0.00118075171,0.575406313,0.641114831,-0.000358401332
1116.666666666666,0.343628,0.607527,-4.39831531e-008,0.365920693,0.611182034,-0.00741173886,0.377867788,0.619402945,-0.011719483,0.382343382,0.629515946,-0.014230486,0.387924016,0.637203217,-0.0156816654,0.35578081,0.627185643,-0.013839623,0.364712447,0.641695559,-0.0177877191,0.372079194,0.64659667,-0.01812841,0.376964539,0.647588968,-0.0170246046,0.342538267,0.629013538,-0.0107844155,0.353335708,0.643797755,-0.0140084922,0.363925248,0.647230566,-0.0125136925,0.371239901,0.646909297,-0.0105243437,0.33522737,0.629615068,-0.0077968156,0.346660316,0.642208517,-0.0100597572,0.356778771,0.645534694,-0.00784603,0.364011526,0.6455127,-0.00558119686,0.332607269,0.629603,-0.00521724205,0.342451185,0.639175713,-0.00652850932,0.35110116,0.642840743,-0.00512830168,0.35809195,0.643925548,-0.00338865118
1133.3333333333328,0.582452893,0.609505534,1.18234695e-007,0.566788375,0.613776743,-0.00832978822,0.559688032,0.621305287,-0.0120075233,0.558549166,0.629235804,-0.0142507059,0.558324814,0.636433423,-0.0155004067,0.581948698,0.628948629,-0.00816983264,0.577015221,0.641242,-0.012183073,0.568101466,0.644853115,-0.0142783867,0.561319,0.645412445,-0.0147878174,0.589747846,0.629605532,-0.00479923608,0.582517743,0.642158031,-0.00818946771,0.57217294,0.644282758,-0.00953359809,0.565333545,0.643387496,-0.00980550237,0.592819393,0.629502296,-0.00197540573,0.585608184,0.640687823,-0.00463782204,0.576062679,0.642822862,-0.00495864,0.569566,0.642262697,-0.00467514386,0.592931032,0.629243433,0.000202932555,0.587153912,0.638324678,-0.00192877802,0.579331875,0.641151,-0.00196961896,0.573526502,0.64127,-0.00131064293
1133.3333333333328,0.343337893,0.607339,-4.2464432e-008,0.365658849,0.610789537,-0.00797642767,0.377769351,0.619060516,-0.0123000285,0.38209042,0.629260302,-0.0148774022,0.3875072,0.637177587,-0.0164223239,0.355999202,0.627125561,-0.0125193438,0.363719523,0.641100168,-0.0167361069,0.371344298,0.6460886,-0.0178823862,0.376938164,0.647515,-0.0174644087,0.342885345,0.628868818,-0.00939053949,0.352932274,0.643408418,-0.0128681744,0.363986343,0.64716053,-0.0121905068,0.371811241,0.647287607,-0.0107657,0.33569631,0.629268,-0.00653949473,0.34641251,0.641941309,-0.00933483,0.356847465,0.645595,-0.00788416434,0.364470452,0.646036088,-0.00597723806,0.333093584,0.62929368,-0.00413653767,0.342195272,0.639421642,-0.00595006812,0.351079047,0.643481731,-0.00499682361,0.358444363,0.645043,-0.00348416972
1149.9999999999995,0.58203131,0.608936,1.26086e-007,0.566213191,0.613423288,-0.00860016234,0.55959928,0.621333838,-0.012025007,0.558599234,0.629719198,-0.0139588099,0.558245301,0.637047112,-0.015054713,0.581237137,0.629152715,-0.00733194035,0.57670331,0.641209483,-0.0105748251,0.567499161,0.644869328,-0.012455415,0.560177267,0.646032631,-0.013095811,0.589154363,0.629362345,-0.00355522754,0.582857192,0.6415115,-0.00623089168,0.572595835,0.643756568,-0.00748901442,0.565209687,0.643398046,-0.00788610335,0.592518508,0.628777921,-0.000349258509,0.586560845,0.639364958,-0.00232189451,0.577409863,0.641827166,-0.00261139404,0.570597172,0.641909659,-0.00248806854,0.593045413,0.628050506,0.0021402745,0.588439107,0.636862695,0.000570090604,0.581172168,0.640000224,0.000659812067,0.575263143,0.640590608,0.00126724783
1149.9999999999995,0.344311744,0.60805428,-4.00921749e-008,0.366437614,0.611068308,-0.00789550226,0.377755195,0.619199872,-0.0120734824,0.381844729,0.62927866,-0.0143959,0.387383282,0.637074292,-0.0157545712,0.355372816,0.627512157,-0.013789556,0.364835858,0.641869724,-0.0170542412,0.372451723,0.646692276,-0.0171694364,0.377155304,0.64799577,-0.0161368027,0.342613459,0.629261,-0.0104604689,0.353960127,0.643879175,-0.0130606499,0.364642,0.647432089,-0.0114909476,0.37184158,0.647321,-0.00966938,0.335907519,0.629782438,-0.00726310583,0.347376168,0.642691076,-0.00929816253,0.357553691,0.646141052,-0.00746942,0.36482057,0.646392584,-0.00558188511,0.334056944,0.629930317,-0.00450720266,0.343478054,0.640129864,-0.00602063257,0.352284,0.6440714,-0.00519775692,0.359457135,0.645407677,-0.00395132368
1166.6666666666663,0.582454085,0.609126568,1.21857866e-007,0.566791594,0.613469839,-0.00806187559,0.559905827,0.621620059,-0.0110127842,0.558951259,0.629888356,-0.0124614034,0.558956921,0.63703537,-0.0130345635,0.581830621,0.629056752,-0.00729906373,0.575633,0.641139805,-0.0101674115,0.566939712,0.644836545,-0.0115294335,0.560383201,0.64570117,-0.0117255514,0.589566112,0.629446208,-0.00358627597,0.582274377,0.641667724,-0.00565256132,0.572735667,0.644129276,-0.00633069081,0.566251814,0.643865585,-0.00639287895,0.592782915,0.629063249,-0.000349551497,0.585810065,0.639783859,-0.00179634499,0.577242613,0.642222047,-0.00168650108,0.571229041,0.642374098,-0.001385535,0.592965424,0.628565907,0.00225279084,0.587288916,0.637587547,0.00120770326,0.580298722,0.640777171,0.00170444709,0.575080633,0.641526461,0.00254660449
1166.6666666666663,0.34371534,0.607083,-3.93643447e-008,0.365718,0.610536635,-0.00804991275,0.377541035,0.618860245,-0.0122506283,0.382209122,0.629046738,-0.0146551924,0.387975127,0.63699472,-0.0159611553,0.356976,0.626998603,-0.0126165077,0.365240514,0.641102493,-0.0162112694,0.372704923,0.646117449,-0.0164644215,0.377775699,0.647323608,-0.0154245766,0.344216287,0.628681839,-0.00939833652,0.354109257,0.643279,-0.0123612629,0.364376962,0.647035658,-0.0111773526,0.371534377,0.647311807,-0.00944101624,0.337241888,0.629113257,-0.00644117128,0.347259849,0.64196974,-0.00899540912,0.357197016,0.645678937,-0.00742584,0.364363551,0.646198928,-0.00549446419,0.334946662,0.629104435,-0.00393017568,0.343622684,0.639460683,-0.00577040296,0.352067709,0.643611252,-0.00490676379,0.359026372,0.645070493,-0.0034648513
1183.333333333333,0.583671212,0.609525561,1.35092947e-007,0.567436635,0.613188863,-0.00902933162,0.560089409,0.620673895,-0.0132630933,0.559642673,0.628744423,-0.0159389023,0.559716761,0.636273921,-0.0176679548,0.581753194,0.62882328,-0.00956528075,0.576244771,0.641369224,-0.0137765398,0.567979157,0.645286143,-0.015739711,0.56119591,0.646150291,-0.0161757693,0.58970958,0.629561305,-0.00607601693,0.582487,0.642576098,-0.00971474871,0.572394,0.645691276,-0.0109259784,0.564695895,0.645754218,-0.0111009628,0.592882454,0.629666686,-0.00313029881,0.5857023,0.641604483,-0.00598120876,0.575991333,0.644658208,-0.00630285,0.568570495,0.645072281,-0.00607274,0.593133926,0.62961489,-0.000892172102,0.587216198,0.639188409,-0.00315763452,0.57939595,0.642532647,-0.00319704413,0.573106,0.64330405,-0.00256219506
1183.333333333333,0.344376177,0.607884109,-3.02426812e-008,0.366353363,0.611531,-0.00738853402,0.377797097,0.619545519,-0.0117858937,0.382216156,0.629646361,-0.0144575601,0.387616783,0.637325406,-0.0160688609,0.356150061,0.627300441,-0.0137467841,0.365592122,0.641664863,-0.0171185285,0.372682035,0.646539,-0.0167093966,0.377152771,0.647687793,-0.0151718417,0.343166202,0.629155695,-0.0108340625,0.354192704,0.643944919,-0.0138673969,0.364800841,0.647498,-0.0120317386,0.372049332,0.647440553,-0.00982269458,0.335934937,0.629772365,-0.0079848757,0.346879542,0.642881811,-0.0103061153,0.357113093,0.646337,-0.0080622118,0.364369392,0.646438539,-0.00576776778,0.333442718,0.629801154,-0.00553522259,0.342339665,0.63978672,-0.00707150251,0.350946248,0.64358151,-0.00582709,0.357933402,0.644716859,-0.00418807939
1199.9999999999998,0.580738783,0.608864844,1.31152035e-007,0.565547347,0.613761127,-0.00851007,0.559765756,0.621815,-0.0118440799,0.55890578,0.630148292,-0.0136318728,0.559484363,0.637415826,-0.014483666,0.582287192,0.629122913,-0.00735038193,0.576494813,0.64163512,-0.0103550218,0.567478657,0.64514029,-0.0118543115,0.560580432,0.645778656,-0.0120422151,0.590003312,0.629247308,-0.00336597813,0.582756639,0.64177084,-0.00573806278,0.572640359,0.644020796,-0.00666018,0.565565765,0.643636942,-0.0067787841,0.593057752,0.628712893,8.51997465e-005,0.585984409,0.639696896,-0.00161423185,0.576744199,0.642136335,-0.00170226314,0.569992363,0.642163396,-0.00141860254,0.593051374,0.628143847,0.00286421948,0.587555,0.637321353,0.00158289389,0.579932868,0.640514731,0.00189858652,0.573962331,0.641136348,0.00270206039
1199.9999999999998,0.344192117,0.607583225,-4.82555578e-008,0.365872711,0.611062467,-0.0074735079,0.377845228,0.619444907,-0.0115538063,0.382531375,0.6293782,-0.0141005469,0.387689143,0.637131453,-0.0157066211,0.356097668,0.627118289,-0.0123417908,0.364556223,0.641112149,-0.0164835621,0.372333169,0.646138251,-0.0172367971,0.377368659,0.647368073,-0.0165046137,0.343612611,0.628867269,-0.00973878428,0.353851169,0.643551767,-0.0133501412,0.364778608,0.647234499,-0.012455157,0.372016281,0.647172332,-0.0108141256,0.33674,0.629587233,-0.00743981,0.347264856,0.642975509,-0.0104650874,0.357926965,0.646618962,-0.00907044113,0.365528107,0.646769,-0.00717320247,0.334489107,0.629849494,-0.00558827352,0.343232691,0.640571535,-0.0077555296,0.352038145,0.644645035,-0.00715295551,0.359319478,0.645905077,-0.00588557962
1216.6666666666665,0.582484543,0.608750522,1.2662818e-007,0.566725671,0.612876534,-0.00985679869,0.559857666,0.62090075,-0.0141852302,0.558953,0.629346609,-0.0167519934,0.559148312,0.637145936,-0.0183387101,0.582447588,0.628592432,-0.0101630259,0.576752603,0.641429782,-0.0141716953,0.567322493,0.645046532,-0.0159445312,0.560549855,0.645908773,-0.0163010489,0.590115666,0.629062116,-0.0060744416,0.582610428,0.642166674,-0.00975152,0.571587,0.644267321,-0.0109048784,0.564554334,0.643450856,-0.0109899445,0.592942417,0.628885567,-0.00256011542,0.585664868,0.640438855,-0.00565153314,0.575589895,0.642605245,-0.00584225915,0.56890732,0.642165542,-0.00539558195,0.592879713,0.628621757,0.000215510372,0.587115,0.638179064,-0.00235649478,0.578921914,0.640911222,-0.00235708128,0.573000968,0.640908301,-0.00162381039
1216.6666666666665,0.344539165,0.607574046,-3.59403174e-008,0.365870416,0.611062407,-0.00807214,0.37775293,0.618996859,-0.0126907798,0.382677048,0.629042745,-0.0154794632,0.387566209,0.637192607,-0.0171648767,0.356240273,0.626719117,-0.0135937752,0.364971101,0.640850782,-0.0175497346,0.372298539,0.64598608,-0.0179881658,0.377078176,0.647510886,-0.017027799,0.3435615,0.628513932,-0.0103510963,0.35409078,0.64335,-0.0137755014,0.364665419,0.646984637,-0.012520845,0.371858,0.646780372,-0.010564154,0.336767405,0.629141033,-0.00729003269,0.347867131,0.641980767,-0.0099427,0.358010322,0.645492077,-0.0081345709,0.365187079,0.645612359,-0.00593636651,0.334594965,0.629358768,-0.00465662219,0.34432748,0.639393568,-0.00642616861,0.353042781,0.643438458,-0.00536734657,0.36011216,0.644803047,-0.00370809902
1233.3333333333333,0.582368,0.608640075,1.13394265e-007,0.566255927,0.613588095,-0.00746131176,0.559804082,0.622309923,-0.00954795256,0.559072,0.630576909,-0.0100186663,0.559299231,0.63691026,-0.00962209515,0.581997812,0.629264474,-0.00665938808,0.576766551,0.641411662,-0.00877485704,0.567907393,0.645217776,-0.0097913444,0.561064184,0.6464715,-0.00986618455,0.589854717,0.62928623,-0.00279378961,0.583160222,0.641761422,-0.00462228293,0.573072255,0.644067645,-0.0053099338,0.566025,0.643640757,-0.00529947039,0.592956603,0.628605187,0.000712458801,0.586405158,0.639392257,-0.000706541061,0.577325344,0.641721308,-0.00108522049,0.570866823,0.641721606,-0.00101328315,0.593099535,0.627877593,0.00367423473,0.58778137,0.636776805,0.00260256068,0.58049655,0.639742374,0.00265743467,0.574799597,0.640331328,0.00319272559
1233.3333333333333,0.344602227,0.607568622,-4.04660163e-008,0.366306186,0.611008584,-0.00749616139,0.37797609,0.619190931,-0.0115817469,0.382531434,0.629207,-0.0140457246,0.387287825,0.637147,-0.015494178,0.357318103,0.627741218,-0.0116060767,0.365561366,0.641312361,-0.0147961238,0.372438,0.646107912,-0.0149962613,0.377137423,0.647315562,-0.0140081933,0.344135404,0.629393101,-0.00858787447,0.354621232,0.643299,-0.0110775363,0.364657909,0.646844268,-0.0098431129,0.37151,0.646905303,-0.00818268489,0.336566985,0.629840791,-0.00580818579,0.347316712,0.642230928,-0.00797631405,0.356949657,0.645561039,-0.00620482536,0.363703221,0.645785809,-0.00421665283,0.33348155,0.629943,-0.00345293921,0.342562169,0.639940143,-0.00486157648,0.350951195,0.643564761,-0.00368210766,0.357566178,0.644673407,-0.0020940348
1250.0,0.583797872,0.608752251,1.15176121e-007,0.56737709,0.612975657,-0.00872657541,0.560325801,0.62134558,-0.012098914,0.559538364,0.629713833,-0.01392058,0.559303701,0.637159467,-0.014810713,0.581847608,0.628177047,-0.00834394712,0.577379107,0.640580118,-0.0118630044,0.568740726,0.644777477,-0.0134554822,0.562145531,0.646113455,-0.0137425316,0.589643836,0.628874719,-0.00463174609,0.583147168,0.641666651,-0.00780475792,0.572916389,0.644189119,-0.00888587534,0.56608814,0.643625855,-0.00896651112,0.592845082,0.628902853,-0.00146608974,0.586731195,0.640441716,-0.00438626483,0.577156544,0.642615557,-0.00480182236,0.570676625,0.642112315,-0.00443010684,0.593176,0.628833354,0.00107885117,0.588218689,0.638480544,-0.00140767754,0.580334961,0.641406596,-0.00158940186,0.574585378,0.641507804,-0.000959639961
1250.0,0.344119847,0.607960582,-3.61233639e-008,0.365822047,0.611280143,-0.00727640837,0.377571046,0.619287848,-0.0118002733,0.382246971,0.629269779,-0.0148045942,0.387659401,0.637081265,-0.0168900173,0.356820703,0.62760222,-0.0130076651,0.36515522,0.641536415,-0.0171605144,0.372626185,0.646574557,-0.0178827737,0.377290487,0.647665262,-0.0170888137,0.343649685,0.629328668,-0.0104284724,0.353636295,0.64377594,-0.0136484932,0.364227653,0.646976948,-0.0120773353,0.370759487,0.64649421,-0.0100544076,0.335832119,0.629691541,-0.00805826765,0.345293343,0.642786264,-0.0103941876,0.355334401,0.645823956,-0.00791749544,0.362077326,0.645446956,-0.00544124423,0.332361132,0.629421651,-0.00617117248,0.340150267,0.639392912,-0.00759633118,0.348535359,0.643006742,-0.0062096091,0.355197459,0.64394933,-0.00446129683
1266.6666666666667,0.583018243,0.609142721,1.27515762e-007,0.56717366,0.613395,-0.00829021353,0.560132444,0.621283412,-0.0116041591,0.559648156,0.629573822,-0.0133422976,0.559901893,0.636879086,-0.0140971662,0.581568062,0.628995717,-0.00785899069,0.57699728,0.64127475,-0.0111727482,0.568390787,0.644898832,-0.0128761148,0.561576605,0.646088,-0.0133027649,0.589675784,0.629514396,-0.00427021738,0.582833052,0.642115,-0.00722295651,0.572640836,0.644396901,-0.00838786643,0.56538558,0.643852353,-0.00856456254,0.592971444,0.629131,-0.00116982474,0.586404324,0.640251637,-0.00349011598,0.576977253,0.642522871,-0.00378621393,0.570132196,0.642255247,-0.0034976704,0.593189359,0.628602564,0.00128186855,0.587681293,0.6376912,-0.00056432368,0.580179751,0.640579581,-0.000511500635,0.574301302,0.640988886,0.000187957485
1266.6666666666667,0.343594581,0.607487142,-3.63252681e-008,0.36524424,0.610696,-0.00781466812,0.377534419,0.618751287,-0.0120204082,0.382615685,0.62884289,-0.0144490777,0.387945324,0.636964202,-0.0158212688,0.357024431,0.626617253,-0.0128053501,0.36522302,0.640845954,-0.0167062972,0.37283206,0.646102488,-0.0171385314,0.377926677,0.64757067,-0.0161342118,0.344173282,0.628498554,-0.00973689,0.354050815,0.643385053,-0.0131670227,0.364465266,0.647098303,-0.0120104318,0.371526,0.646917582,-0.0101076607,0.337195456,0.629131138,-0.00690752175,0.347404331,0.642387807,-0.00962036,0.357362,0.646087527,-0.00801003631,0.364649743,0.646250129,-0.00591581035,0.334830463,0.629329562,-0.00451118825,0.343650579,0.639723361,-0.00626182556,0.352066934,0.643946409,-0.0054035983,0.359181404,0.645411432,-0.00393657805
1283.3333333333335,0.582306623,0.608993053,1.12374423e-007,0.566404939,0.613630235,-0.0075418083,0.560476363,0.621389091,-0.0107473079,0.559628189,0.629627883,-0.0126452027,0.559383333,0.636701524,-0.0136424266,0.582152,0.629192591,-0.00674570957,0.57632786,0.641616583,-0.00942054205,0.567491949,0.644949734,-0.0104439743,0.561453,0.645124555,-0.0102485884,0.590157092,0.629285514,-0.00332871894,0.582961082,0.642311871,-0.00565744331,0.572874784,0.643545568,-0.00611557392,0.567219794,0.641906142,-0.00566430576,0.593550265,0.62858665,-0.000339019927,0.586776197,0.640150726,-0.00222689076,0.577348173,0.641665697,-0.00183515309,0.571964622,0.640433073,-0.000996549265,0.5940395,0.62776041,0.00212416099,0.588703036,0.637316585,0.00070319057,0.580937743,0.639733,0.00140505633,0.575967729,0.639237463,0.00261412933
1283.3333333333335,0.345088392,0.608452201,-2.36952484e-008,0.366220415,0.611869514,-0.00768484315,0.378173769,0.61956203,-0.0124623738,0.382932663,0.629485369,-0.0153997028,0.387811929,0.637123823,-0.0172597915,0.3569673,0.626995683,-0.0148702525,0.365294963,0.64130789,-0.0189269818,0.372278571,0.646458209,-0.0189000852,0.376860291,0.647552848,-0.0174633972,0.34405753,0.629152656,-0.0118853794,0.353903323,0.643997908,-0.0151818693,0.36393702,0.647560239,-0.0133806374,0.370757967,0.647084653,-0.0110983429,0.336802244,0.630023599,-0.00896308105,0.347030967,0.643023312,-0.0112365065,0.356779486,0.646542907,-0.0089575015,0.363802612,0.646378219,-0.00660388777,0.334221125,0.630268,-0.00646420382,0.342797786,0.640056133,-0.007971365,0.351233721,0.64403367,-0.00679461937,0.358326912,0.645273268,-0.00512878131
1300.0000000000002,0.581768453,0.608977497,1.07836492e-007,0.566357911,0.613483071,-0.0077745528,0.560337305,0.621401668,-0.0110600032,0.55982393,0.629634202,-0.0129451239,0.559529841,0.637023866,-0.0139993625,0.581380427,0.629494309,-0.0072917114,0.576437712,0.641472816,-0.0101018352,0.567976415,0.644762039,-0.0114938822,0.56186533,0.645257115,-0.011722547,0.589391649,0.629658401,-0.00387048256,0.583333373,0.642170846,-0.0062142564,0.573524714,0.644070208,-0.00700693252,0.5673967,0.643019378,-0.00702295825,0.592953563,0.628931284,-0.000862086832,0.587579608,0.640122,-0.00248493184,0.57854706,0.642145753,-0.0022155738,0.572823405,0.641492546,-0.00173999195,0.59371376,0.627943158,0.00154809,0.5893659,0.637190104,0.00041844658,0.582179785,0.639914572,0.00110960193,0.577182233,0.639790177,0.00211397116
1300.0000000000002,0.344107658,0.607890368,-5.37103091e-008,0.366088659,0.610840201,-0.00791719,0.378124595,0.619059563,-0.0120050665,0.382756144,0.629347384,-0.0140330214,0.388383359,0.63713187,-0.0150731886,0.355762303,0.626705587,-0.0154172108,0.365233123,0.641441166,-0.0183953587,0.373141319,0.646216214,-0.0176370498,0.378078043,0.647051215,-0.0160490479,0.342807472,0.628988147,-0.0119024962,0.355231285,0.643835187,-0.0146733439,0.366132528,0.647222757,-0.0127521586,0.373252839,0.646731675,-0.0107329423,0.335855752,0.630005836,-0.00831852388,0.348993272,0.642849207,-0.0102767749,0.359310955,0.645821095,-0.00800055359,0.366294324,0.645420253,-0.00593358558,0.333644956,0.630427122,-0.00515898177,0.344279706,0.640307605,-0.00661900686,0.353208542,0.643670321,-0.00563076604,0.35999614,0.644325674,-0.00434497651
1316.666666666667,0.583502769,0.608317077,1.21738069e-007,0.567279518,0.613029599,-0.00793190487,0.560891271,0.621462643,-0.0107750595,0.560108662,0.629742742,-0.0120677222,0.559303343,0.636954665,-0.0124177299,0.58192122,0.628811777,-0.00716267666,0.57746464,0.641299784,-0.00977239572,0.56866008,0.64548105,-0.0108958706,0.561948717,0.646756887,-0.0109408926,0.589695454,0.628976583,-0.00342940772,0.583494723,0.641799927,-0.00586741976,0.573140323,0.644542158,-0.0066322526,0.566094458,0.644248664,-0.00657101441,0.592802227,0.628474057,-0.000146260019,0.586869478,0.639698148,-0.00207784842,0.577230155,0.642451704,-0.00238709897,0.570614338,0.6426422,-0.00219568564,0.59294337,0.627878249,0.00255376706,0.587945879,0.637146652,0.00115656608,0.580256462,0.640386105,0.00132358633,0.574382,0.640957,0.00198695413
1316.666666666667,0.343921036,0.607511699,-3.77694356e-008,0.365982264,0.610780895,-0.00822490361,0.37817958,0.618729949,-0.0128037082,0.382976025,0.628738761,-0.0155202886,0.388055205,0.636801422,-0.0170864612,0.356772155,0.626995265,-0.0140917534,0.365834236,0.641712546,-0.0177143645,0.373811364,0.646378815,-0.017579589,0.378452152,0.646752715,-0.0161614083,0.343870491,0.628748357,-0.0107043171,0.354655862,0.643849671,-0.0138398875,0.365138203,0.647272348,-0.0122170011,0.371771067,0.646694303,-0.0101198032,0.336929977,0.629235148,-0.00750180427,0.347950131,0.642491162,-0.00988352392,0.358123511,0.646056533,-0.00793290325,0.365125984,0.646032155,-0.00580980908,0.33467117,0.629254401,-0.00475839851,0.343727708,0.639635801,-0.00647692103,0.352461606,0.643931448,-0.00563321542,0.359474361,0.645332158,-0.00425888505
1333.3333333333337,0.581159174,0.608948708,1.11983233e-007,0.565597773,0.613962,-0.00673537748,0.559827447,0.622228146,-0.00907392,0.559585929,0.630265296,-0.0101870112,0.559637845,0.636735559,-0.010505721,0.58164227,0.629786551,-0.00582228741,0.575664639,0.641691267,-0.00837357622,0.567226052,0.64511174,-0.00974640343,0.560899198,0.646033,-0.0100673279,0.589585781,0.629697561,-0.00284378021,0.582614839,0.641957283,-0.00514116278,0.572617829,0.644160092,-0.00600486202,0.565685749,0.643661,-0.00609423,0.59307605,0.628834069,-0.000282634748,0.587070286,0.63988626,-0.00211507431,0.577957571,0.642384171,-0.00233127549,0.57128489,0.642395616,-0.00209971471,0.593693256,0.627964139,0.00175274862,0.589414895,0.637152374,0.000364611187,0.58249259,0.640380263,0.000577809929,0.576879,0.641153,0.00125392689
1333.3333333333337,0.345005,0.60710758,-3.34910482e-008,0.366731584,0.611009717,-0.00667065335,0.378393,0.61916548,-0.0105272364,0.383053333,0.629249752,-0.0128280902,0.38818714,0.637028396,-0.0141173881,0.357256,0.627254188,-0.0117056454,0.366130263,0.641663134,-0.0148529895,0.373139769,0.646361768,-0.0147865154,0.377477139,0.647228241,-0.0134665482,0.344614893,0.628802836,-0.00885020569,0.355284512,0.643644214,-0.0116051128,0.365396231,0.647155225,-0.0101329107,0.372176051,0.646866381,-0.00814469252,0.33763051,0.629080594,-0.00608051149,0.348187059,0.64214,-0.00802295655,0.35787496,0.645704269,-0.00592027232,0.364789069,0.645762682,-0.00365026132,0.335233659,0.628864884,-0.00367265381,0.343813777,0.639054656,-0.00461284863,0.35202235,0.643126786,-0.00321028498,0.35877,0.644430399,-0.00148409861
1350.0000000000005,0.583440721,0.608818352,1.10906548e-007,0.567411065,0.61300844,-0.00819637347,0.560884655,0.620802641,-0.0117622344,0.560046077,0.628820658,-0.0139589924,0.559233487,0.636042118,-0.0153220408,0.58240062,0.628760815,-0.00795056578,0.57715261,0.641015053,-0.0117433295,0.568181813,0.644624,-0.0139014274,0.561888397,0.64544,-0.014648038,0.58980459,0.629239321,-0.00474843103,0.583065093,0.641926229,-0.00806715526,0.572582662,0.644404173,-0.00956076849,0.565892458,0.643812954,-0.0100864451,0.592728674,0.628974319,-0.00206895592,0.586299419,0.640404522,-0.00489213783,0.576539099,0.643002212,-0.00540417759,0.57003957,0.642896354,-0.00534221204,0.592906237,0.628557265,8.05493801e-006,0.587567091,0.638062775,-0.00228314172,0.579815865,0.641192079,-0.00231447932,0.574168801,0.641578436,-0.00175169157
1350.0000000000005,0.344267339,0.607089281,-3.04943519e-008,0.366488,0.610850692,-0.00701501593,0.378438801,0.618998,-0.011035854,0.38346678,0.62918824,-0.0135087008,0.38871783,0.637138665,-0.0150853358,0.357067347,0.627421379,-0.0112407729,0.365965247,0.641176,-0.0140426671,0.373122513,0.645969272,-0.0141374525,0.377775431,0.647610247,-0.0131868264,0.344236493,0.629053593,-0.00819556136,0.354678869,0.643542,-0.0106540415,0.364985824,0.647105694,-0.00951992162,0.37188682,0.647218585,-0.00793265831,0.337445974,0.629377782,-0.00525044138,0.347789,0.642390907,-0.0071338,0.357486159,0.646150768,-0.00559419533,0.364704698,0.646541357,-0.00381681463,0.335380405,0.629283667,-0.00266369968,0.344037056,0.639362931,-0.00359597523,0.352052391,0.643615127,-0.00258225552,0.358938634,0.645307422,-0.00124620181
1366.6666666666672,0.582721591,0.608654916,1.07461432e-007,0.566270351,0.613476157,-0.00767883845,0.560472965,0.621866286,-0.0105148181,0.55992,0.630086,-0.0119238421,0.560216844,0.637074709,-0.0124381082,0.58195132,0.628704309,-0.00765435025,0.576918602,0.641336858,-0.0108331,0.567706287,0.644875348,-0.012208608,0.561171,0.645283818,-0.0122272186,0.590065,0.628885865,-0.00410224311,0.583194852,0.641853213,-0.00670604035,0.572803617,0.643545449,-0.00737739028,0.566814482,0.642207623,-0.00719920918,0.593602955,0.62835145,-0.000975463772,0.587213278,0.639846,-0.0031615193,0.577643812,0.64155674,-0.00313781621,0.571899593,0.640542865,-0.00260797911,0.594153225,0.627765536,0.00162569014,0.589337468,0.637353957,-0.000209460035,0.581516266,0.639917254,7.95309679e-005,0.576238751,0.639626682,0.000960014237
1366.6666666666672,0.345634311,0.607403517,-3.350981e-008,0.366756201,0.611273289,-0.00672175549,0.378071606,0.619439721,-0.010661439,0.382975549,0.629454076,-0.0131358737,0.388800293,0.637062252,-0.0147098536,0.357469469,0.627550542,-0.0112140849,0.36599192,0.64111948,-0.0140709542,0.372685403,0.646062315,-0.0140276253,0.377128452,0.647755623,-0.0129742753,0.344914824,0.629349589,-0.00848383177,0.355448037,0.643593907,-0.0108266,0.365522921,0.646922171,-0.00931201689,0.372228354,0.646841884,-0.00746344123,0.337942302,0.629823327,-0.00586713245,0.348306447,0.642715871,-0.00756688835,0.357999444,0.646073222,-0.00544825383,0.364970803,0.64609766,-0.00332579552,0.335689455,0.629739642,-0.00366769964,0.343782067,0.639652133,-0.00461620791,0.351854503,0.643609703,-0.00340525317,0.358600616,0.644895,-0.00189442583
1383.333333333334,0.582909286,0.608547926,1.03580533e-007,0.566838682,0.613530934,-0.00655421335,0.560261905,0.621702492,-0.00901652873,0.559905291,0.629790366,-0.0105375797,0.55972904,0.636903584,-0.0112499511,0.581675172,0.629131556,-0.00444972189,0.577398598,0.640961826,-0.00738554588,0.569308698,0.644641,-0.0092475,0.562973619,0.6455037,-0.00986910891,0.58953321,0.629371881,-0.00186736672,0.583587468,0.641447246,-0.0042216978,0.573952496,0.643730462,-0.00552419899,0.567310214,0.643166363,-0.00599135412,0.593008518,0.628820062,0.000171881897,0.587198436,0.639744461,-0.00180632388,0.578331292,0.642078519,-0.00198777323,0.572045743,0.641886234,-0.00175124069,0.593591571,0.628168821,0.00165202608,0.588872731,0.637378812,6.3893167e-005,0.581644893,0.640523791,0.000395927171,0.576169,0.641002357,0.00120252487
1383.333333333334,0.345464677,0.607254863,-4.63453098e-008,0.367141277,0.611039877,-0.00665231701,0.37845695,0.619362891,-0.0104128327,0.382953495,0.629338682,-0.0127888191,0.388387412,0.636933923,-0.0143125597,0.357248724,0.627554059,-0.011020829,0.365990579,0.641093791,-0.0141220307,0.372963071,0.646011412,-0.0144991232,0.377698123,0.647299886,-0.013709655,0.344446331,0.629446447,-0.00851798,0.355454475,0.643191338,-0.0104216272,0.365468889,0.646826804,-0.00916211586,0.372260839,0.646993816,-0.00778197777,0.337081879,0.630059123,-0.00619754428,0.347866565,0.642450213,-0.00760446675,0.357379943,0.64586,-0.00570752658,0.364206344,0.646005452,-0.00398794096,0.334428072,0.630063474,-0.00433732383,0.342772126,0.639793694,-0.00530604273,0.35079211,0.643526733,-0.00416060397,0.357500255,0.644616306,-0.00279200403
1400.0000000000007,0.582949698,0.608557343,9.69532437e-008,0.566766143,0.613637388,-0.00632024184,0.560518682,0.621986568,-0.00834580697,0.560122192,0.629847646,-0.00941596,0.560192049,0.636366606,-0.00967546,0.581586182,0.629419625,-0.00391457509,0.577146709,0.640650392,-0.00639704382,0.568752825,0.644135654,-0.00803707633,0.56248337,0.645169139,-0.0086515611,0.589580595,0.629606366,-0.0013433781,0.583667874,0.641228855,-0.00351526798,0.574112654,0.643066227,-0.00478639081,0.567893326,0.642192781,-0.00521045178,0.593231916,0.629006207,0.000708468,0.587432265,0.639425516,-0.00127406977,0.578757465,0.641294301,-0.00164094567,0.572910249,0.640630543,-0.00145555555,0.593800247,0.628372848,0.0022437505,0.588978,0.637289464,0.000557035382,0.581999242,0.640034914,0.000702004472,0.576941907,0.640128493,0.00141307455
1400.0000000000007,0.344840407,0.607588768,-4.02449878e-008,0.366584718,0.611131608,-0.00784508232,0.378320605,0.619016826,-0.0123849232,0.383215845,0.628809869,-0.0151731893,0.388476223,0.636587262,-0.0169166531,0.357026815,0.627643645,-0.0132061075,0.365798801,0.641605437,-0.0168680977,0.373451442,0.64620465,-0.0172756389,0.378367275,0.647048116,-0.0163988192,0.344030559,0.629436553,-0.00996880792,0.354771614,0.643610895,-0.0130500793,0.365277767,0.646980941,-0.0118394224,0.372544438,0.646662831,-0.0101907356,0.336939424,0.629811227,-0.00689940481,0.348165959,0.642335117,-0.00912635773,0.358161092,0.645728409,-0.00732010836,0.365496963,0.645744324,-0.00544169825,0.334463954,0.629542351,-0.0042880117,0.343956202,0.638979852,-0.00574020576,0.352520287,0.642654538,-0.00480273878,0.35970065,0.643761754,-0.00347153284
1416.6666666666674,0.582902372,0.609030962,1.13140324e-007,0.567153096,0.613390446,-0.00709549244,0.560733736,0.621254623,-0.00977731869,0.559953928,0.629443288,-0.0112531446,0.560336292,0.636553347,-0.0118448529,0.581968606,0.628841102,-0.00620745448,0.57632494,0.641104519,-0.00923167821,0.567848623,0.644691169,-0.0107817529,0.561409116,0.64544183,-0.0110794008,0.589848697,0.629253209,-0.0031582762,0.583144784,0.64160794,-0.0055772732,0.573429644,0.644007564,-0.00646722643,0.566754103,0.643588662,-0.0066045369,0.593268931,0.628873825,-0.000576413935,0.587028503,0.640095413,-0.00261214073,0.577938557,0.642607272,-0.00276675564,0.571521878,0.642618775,-0.00250455574,0.59366107,0.628489,0.00145782332,0.588561714,0.637837887,-0.000286261318,0.581247866,0.640981078,-8.34988241e-005,0.575607121,0.641621828,0.000656618446
1416.6666666666674,0.344712794,0.607346654,-3.93436679e-008,0.366910458,0.610674918,-0.00712396717,0.378511786,0.619079769,-0.0112795737,0.382893801,0.629335821,-0.0137960371,0.38860774,0.6371153,-0.0154192159,0.357223302,0.627428055,-0.0124048134,0.365560353,0.641563475,-0.0158899166,0.373105,0.646396816,-0.0163574722,0.378067046,0.647305846,-0.0154198464,0.344186723,0.628837526,-0.00940186717,0.354340732,0.643505037,-0.0119599551,0.365045786,0.647008359,-0.0105931442,0.371968687,0.646603882,-0.00882506557,0.337020606,0.629000485,-0.00651211431,0.347286701,0.642183483,-0.00838671345,0.357350856,0.645786405,-0.00646336284,0.364553303,0.645719826,-0.0044210325,0.334483117,0.628827572,-0.00400535669,0.342935592,0.639341474,-0.00506822485,0.351199061,0.643579066,-0.00387442205,0.358113229,0.644982636,-0.00234635198
1433.3333333333342,0.583439469,0.609652936,9.76956329e-008,0.567073345,0.613547444,-0.00781614613,0.561234891,0.62139076,-0.0107879154,0.560619593,0.629645646,-0.0123412702,0.559932053,0.636908293,-0.0129767135,0.582002699,0.629238963,-0.00768464291,0.576573312,0.641861498,-0.0108949682,0.567422509,0.644798815,-0.0122924009,0.561424315,0.645030797,-0.0124502219,0.590170205,0.629847407,-0.00420909235,0.582916796,0.642537,-0.00678827474,0.572642744,0.643730283,-0.00743394531,0.567152083,0.642204285,-0.00731661078,0.593727291,0.629457414,-0.00117697881,0.586769402,0.640748143,-0.00352801662,0.577316523,0.642033696,-0.00333324843,0.57209605,0.640824139,-0.00271412125,0.594363153,0.628911614,0.00131824147,0.58880645,0.638411,-0.000778940623,0.581089735,0.640478849,-0.00038521603,0.576353,0.639835417,0.000579366926
1433.3333333333342,0.345016807,0.607732773,-5.16421679e-008,0.366822958,0.61107409,-0.00722937,0.378720671,0.619091928,-0.0115977637,0.383108735,0.629225731,-0.0143125895,0.3882,0.637027621,-0.0161347035,0.356567383,0.627347887,-0.0137266144,0.365471572,0.641346,-0.0171482041,0.373167753,0.646194816,-0.0171688404,0.378504157,0.647734523,-0.0161170568,0.343368411,0.629581809,-0.0107733989,0.35536623,0.643773913,-0.0134200854,0.366600215,0.646805286,-0.0115582794,0.373969793,0.646700501,-0.00955981202,0.335897088,0.630411267,-0.00782119483,0.348117083,0.642978489,-0.00967117213,0.358228207,0.645278573,-0.00698063476,0.364984453,0.644673645,-0.0045732283,0.332998335,0.630509913,-0.00533679267,0.34307164,0.63955754,-0.00657746382,0.351721138,0.642325938,-0.00522554526,0.358139813,0.642817378,-0.00360229146
1450.000000000001,0.582381427,0.608680308,1.1987288e-007,0.566789567,0.613557041,-0.00789067522,0.560749054,0.621556222,-0.0112496782,0.560696781,0.629867435,-0.0134407636,0.56034565,0.637238443,-0.0148359416,0.581280351,0.628545761,-0.00639044493,0.577281654,0.640823722,-0.0100661414,0.568840086,0.644664884,-0.0122779431,0.562284052,0.645889759,-0.0131098218,0.589142561,0.628818,-0.00347053702,0.583284497,0.641504884,-0.00655874191,0.573147535,0.644568,-0.00826012529,0.565921247,0.644693792,-0.00901631918,0.59285444,0.628391266,-0.00118963025,0.587149203,0.63988179,-0.00379644,0.577585161,0.643120229,-0.00458794506,0.570416212,0.643583775,-0.00477631204,0.593968451,0.627883911,0.000450447464,0.589357734,0.637410939,-0.00183165632,0.581604183,0.640988052,-0.00205801916,0.575456083,0.641764104,-0.00165865151
1450.000000000001,0.345682204,0.607387424,-5.29964694e-008,0.367565662,0.611118793,-0.00616890891,0.379087925,0.619466543,-0.00973220263,0.383343458,0.629406869,-0.0118156699,0.388856739,0.636947393,-0.0129526863,0.358029246,0.627069294,-0.0117320055,0.365312696,0.641342819,-0.0154132061,0.373021513,0.646125555,-0.0157806277,0.378548026,0.647265613,-0.0147625981,0.345003873,0.628790379,-0.00928048324,0.354970932,0.643556833,-0.0125366803,0.365896463,0.647038698,-0.0111609567,0.373190194,0.64689523,-0.00917920098,0.33766526,0.629244,-0.0068945745,0.348282605,0.6423316,-0.00927323941,0.358473659,0.645581961,-0.00709578,0.365591973,0.645506799,-0.00469937827,0.334797293,0.629114628,-0.00483679865,0.34383896,0.639248,-0.00594305806,0.352394819,0.64301908,-0.00445480039,0.359178901,0.644134283,-0.00264080777
1466.6666666666677,0.583647549,0.609397,9.8533441e-008,0.567144811,0.613462925,-0.00685833,0.560540915,0.621539593,-0.00938959606,0.560031593,0.62962532,-0.0108759562,0.560476542,0.636317194,-0.0114086187,0.582216859,0.629337,-0.00550447498,0.577297926,0.641681969,-0.00922318362,0.568819642,0.64482075,-0.0114299348,0.562552929,0.644574165,-0.0119739501,0.589947045,0.629885614,-0.00276098214,0.583189845,0.642414629,-0.00593920797,0.572922885,0.644623637,-0.00772186881,0.566082895,0.64355135,-0.00828413665,0.59310472,0.629707932,-0.000553532096,0.586202681,0.641054928,-0.00317411311,0.576558232,0.643585265,-0.00415480975,0.569931507,0.643197596,-0.00430385768,0.593446434,0.629477859,0.00113418896,0.587663472,0.638850212,-0.00108128227,0.579934418,0.641889036,-0.00148485287,0.574017584,0.642169237,-0.00110525661
1466.6666666666677,0.345978945,0.607172549,-4.19959498e-008,0.367665,0.610957,-0.00695927115,0.379154533,0.619181395,-0.0110716904,0.383669466,0.629237115,-0.0134902773,0.388919681,0.637110233,-0.014926062,0.356978476,0.627188325,-0.0129026221,0.365786374,0.641231716,-0.0160699282,0.373614728,0.645953238,-0.015969282,0.378979445,0.64735657,-0.0147735765,0.344227612,0.628924072,-0.00993747,0.355409324,0.643641949,-0.0126712425,0.366396129,0.647325277,-0.0110677844,0.373970807,0.647599161,-0.00909233466,0.337535471,0.629418254,-0.00696734618,0.349093378,0.642322481,-0.00881107338,0.359233558,0.645981848,-0.00663445378,0.366621971,0.646468043,-0.00446422538,0.335693777,0.629345894,-0.00436422555,0.345197976,0.639205039,-0.00524657406,0.35369581,0.643187165,-0.00381645071,0.360636264,0.644656956,-0.00214983313
1483.3333333333344,0.58285445,0.608853459,1.15861049e-007,0.566662252,0.613432825,-0.0082448395,0.56038487,0.622199833,-0.0107612042,0.560206294,0.630616248,-0.011467793,0.560176373,0.637362897,-0.0112409415,0.582565725,0.629117668,-0.00763116032,0.576997399,0.641534567,-0.00959533174,0.568209708,0.644825935,-0.0102147143,0.561718643,0.645461619,-0.00993617438,0.590766311,0.629253805,-0.00325156446,0.583358347,0.641996741,-0.00500016659,0.572870314,0.644007683,-0.00559773203,0.565847635,0.643246472,-0.00550113805,0.594033062,0.628704,0.000778304879,0.587304235,0.639952838,-0.000552013691,0.577485323,0.642125607,-0.00101759715,0.57072717,0.64176482,-0.00101212016,0.594316721,0.628069103,0.00426102569,0.589168489,0.637411058,0.00317972666,0.581395149,0.640443146,0.00310114818,0.57543987,0.640896201,0.00353361527
1483.3333333333344,0.345352858,0.606583059,-3.98385325e-008,0.367791593,0.610325694,-0.00630047778,0.378985584,0.61893779,-0.00939910673,0.383322448,0.629298687,-0.0111315632,0.389191449,0.63712126,-0.0120138107,0.358304739,0.627247691,-0.00896483846,0.366476744,0.641266644,-0.0112286899,0.373795778,0.646023631,-0.0113248164,0.378753752,0.647443235,-0.0104236361,0.345388055,0.628650427,-0.0061492594,0.355322897,0.643127263,-0.0081500113,0.365520954,0.647128046,-0.00734731,0.372416675,0.647660911,-0.00607368909,0.338357776,0.62881881,-0.00349732395,0.347837895,0.64196986,-0.00502445083,0.357480764,0.646067679,-0.00381578575,0.364700943,0.646819234,-0.00231909705,0.335885793,0.628739357,-0.00117739139,0.343380034,0.639141,-0.00184747262,0.351333559,0.64371109,-0.000931021117,0.358152211,0.645659089,0.000285054091
1500.0000000000011,0.583809376,0.608813822,1.1448995e-007,0.567672074,0.613194287,-0.00683606789,0.561111927,0.621575356,-0.00911138486,0.560682297,0.629555345,-0.0101019675,0.560202897,0.636254549,-0.0102294134,0.582918167,0.628886461,-0.00614145724,0.578271747,0.640966415,-0.00904164,0.569972575,0.644924819,-0.0105789937,0.563312948,0.646075428,-0.0109850932,0.590409935,0.62939173,-0.00319334748,0.583807826,0.642244875,-0.00607215054,0.573456109,0.645389,-0.00740951,0.565773606,0.645414889,-0.00775307044,0.593266666,0.629175663,-0.000676256546,0.586944,0.640712619,-0.00316201383,0.577082753,0.64395833,-0.00416421611,0.569755852,0.644530356,-0.00441805925,0.593406916,0.62880826,0.00135909859,0.588032067,0.63816613,-0.000615145778,0.580415428,0.641600788,-0.00103214686,0.574199319,0.642543,-0.000796513399
1500.0000000000011,0.346311957,0.607957602,-4.03405416e-008,0.367717206,0.611535251,-0.0071493187,0.378982276,0.619680941,-0.0110993581,0.383717746,0.629590094,-0.0135450102,0.38926366,0.637232423,-0.0150300134,0.358162254,0.627801478,-0.0116166743,0.366593212,0.641579151,-0.015049384,0.374028921,0.646396101,-0.0154052209,0.378945023,0.647799551,-0.0145136621,0.345246255,0.629568577,-0.00891684275,0.355849206,0.643817842,-0.0117841084,0.36628148,0.647165537,-0.0105363131,0.373243928,0.647147298,-0.00881326478,0.33796376,0.630196452,-0.00644297479,0.34867388,0.642903626,-0.00861415919,0.358487666,0.646007657,-0.00674526254,0.365377694,0.646101475,-0.00473529426,0.335383713,0.630377769,-0.0044300328,0.344273269,0.640179,-0.00579642318,0.352604151,0.643797636,-0.00474692602,0.359253436,0.644929051,-0.00330679934
1516.6666666666679,0.583796561,0.608795583,1.13283093e-007,0.567727447,0.613429546,-0.00780562032,0.561287701,0.621666133,-0.0107318936,0.560511172,0.630056381,-0.0121128662,0.560041904,0.637199581,-0.0125629175,0.582975149,0.62899065,-0.00775319431,0.577324629,0.641624033,-0.0105131511,0.568697035,0.645029724,-0.0115371812,0.562276542,0.645525217,-0.0114529524,0.59077692,0.629290223,-0.00408045668,0.583491325,0.642240405,-0.00654909899,0.573193848,0.644357145,-0.00723057659,0.56632328,0.643517613,-0.00714617549,0.593906283,0.628823698,-0.000784398173,0.587132215,0.640363455,-0.0027722714,0.577458739,0.642644286,-0.00291392673,0.570851743,0.642261207,-0.00263193343,0.594131351,0.628208518,0.00196543732,0.58862263,0.637587726,0.00030794504,0.580812335,0.640543699,0.000398859906,0.57498914,0.640891969,0.00104085449
1516.6666666666679,0.345477462,0.607764363,-5.2108458e-008,0.36762175,0.611105859,-0.00754694222,0.379208326,0.619334102,-0.0119928308,0.383620799,0.629485846,-0.0146694416,0.38944751,0.637298524,-0.0163933598,0.357804567,0.626775622,-0.0147582311,0.366087019,0.641017795,-0.0189970732,0.373830378,0.645930588,-0.0193671621,0.378953964,0.64706552,-0.0184059665,0.344620854,0.628929555,-0.011953447,0.356279194,0.643751681,-0.0152625339,0.366923124,0.647096038,-0.0136848064,0.3735542,0.646725714,-0.0118033327,0.336827129,0.629690647,-0.00922180712,0.349220902,0.64276582,-0.0115484074,0.359463811,0.645602643,-0.00900384597,0.366022468,0.645184398,-0.00664369902,0.333439827,0.629736304,-0.00696875714,0.343739212,0.639488,-0.00852982141,0.352729291,0.642751455,-0.00722699,0.359440029,0.64345181,-0.00561369
1533.3333333333346,0.583131969,0.608026683,1.15384253e-007,0.567683578,0.613111317,-0.00776300253,0.561482489,0.6211465,-0.0108035551,0.560674429,0.629371464,-0.0125054084,0.559963,0.636747539,-0.0133769643,0.582343042,0.629109323,-0.0055703097,0.576468349,0.641264737,-0.007884074,0.567842,0.644599915,-0.00921209808,0.561611235,0.645178735,-0.00948137697,0.590324,0.629232764,-0.00201124977,0.583383381,0.64153111,-0.00384007092,0.573557079,0.64334476,-0.00486824941,0.567244172,0.642287374,-0.00515359966,0.594000697,0.62847656,0.00102620805,0.588262,0.639405131,-0.000242708382,0.579235733,0.641456306,-0.000387460721,0.57313621,0.640900135,-0.000262885937,0.594836533,0.627526283,0.0034475103,0.5905509,0.636799097,0.0024211884,0.583432853,0.63985163,0.0027823823,0.57808423,0.640184939,0.00351335295
1533.3333333333346,0.345721394,0.607253373,-4.77134243e-008,0.367554754,0.611073852,-0.00645821495,0.37920031,0.619481087,-0.0102562625,0.384056836,0.629271865,-0.0126560833,0.3895697,0.636977911,-0.0140943127,0.358199328,0.627349734,-0.0111614652,0.366161078,0.640995681,-0.0153049557,0.373760372,0.645853937,-0.0162400529,0.378874511,0.647188783,-0.0156587288,0.344914019,0.629123,-0.0089572249,0.354934901,0.643483043,-0.0126064317,0.365257829,0.647313118,-0.0118544362,0.372194439,0.647537947,-0.0102966465,0.33729282,0.629537046,-0.00696766,0.347948074,0.642259359,-0.00966764241,0.357837111,0.646184146,-0.00808731467,0.36490351,0.646862924,-0.00613820786,0.334257245,0.629314244,-0.00535011571,0.343594521,0.638908803,-0.00693769893,0.352096677,0.64311868,-0.00596711738,0.35912168,0.644971788,-0.00450386899
1550.0000000000014,0.584033191,0.607897878,1.2191947e-007,0.568443418,0.612682462,-0.00811364502,0.561508954,0.620851636,-0.0109465476,0.560819745,0.629247367,-0.0123191681,0.560507774,0.636401296,-0.012818329,0.582513869,0.628894,-0.00537505,0.577159464,0.640622795,-0.0078114029,0.568820834,0.644099534,-0.00939355884,0.56207794,0.645053744,-0.00987663865,0.590291,0.629163802,-0.00162780646,0.583202541,0.641243875,-0.00369596248,0.573162913,0.643848658,-0.00502923457,0.565718174,0.643777907,-0.00554361148,0.593746364,0.628563285,0.00150802347,0.587868869,0.639519811,-4.24254249e-005,0.578728676,0.642324567,-0.000662477338,0.571717381,0.642664135,-0.000794272812,0.59473896,0.627764881,0.00397460302,0.590757608,0.637030184,0.0028675748,0.583772242,0.640521884,0.00290747359,0.577765405,0.641513765,0.00339702587
1550.0000000000014,0.345199198,0.607430637,-4.82368456e-008,0.367007226,0.611109436,-0.00645654043,0.378871202,0.619366825,-0.0103928335,0.38389647,0.629397631,-0.0128487078,0.389396042,0.637143254,-0.0144435083,0.357732207,0.627037227,-0.0125869196,0.366017222,0.640961349,-0.0161271915,0.373463303,0.645922959,-0.0161456708,0.378410101,0.647232354,-0.0149660492,0.344549567,0.628980279,-0.010124132,0.355945587,0.64382273,-0.0134335523,0.36655286,0.647294402,-0.0119353253,0.373318672,0.647170365,-0.00988269132,0.336990446,0.629708,-0.00767941633,0.348421544,0.643102229,-0.0101215374,0.358331174,0.646478117,-0.00790388137,0.36518988,0.64653188,-0.0054953522,0.334167331,0.629813433,-0.00555692613,0.343666732,0.640114725,-0.00671931403,0.352151841,0.643979073,-0.00529376697,0.358912528,0.645207405,-0.00355367595
1566.666666666668,0.583544135,0.608333945,1.0998172e-007,0.567320764,0.612930357,-0.00702935318,0.56118536,0.62108314,-0.00942432601,0.560979486,0.629246414,-0.0105437925,0.560370862,0.636170864,-0.0107983518,0.582465768,0.62882638,-0.00566373253,0.577446222,0.641062856,-0.00815063808,0.568731368,0.644328475,-0.00951727945,0.562325,0.645000935,-0.00983189512,0.590655625,0.629088759,-0.0024079422,0.5840047,0.641479969,-0.00458911899,0.573924482,0.643505812,-0.00562414108,0.567251146,0.642743051,-0.00588999363,0.59417367,0.6284495,0.000413111848,0.588130713,0.639564574,-0.00129576132,0.578867257,0.641870558,-0.00163968338,0.572400093,0.641654432,-0.00156830985,0.594640434,0.62767458,0.00270886114,0.589758694,0.636971354,0.00131925219,0.582308054,0.639967561,0.0014900316,0.576576352,0.640374184,0.00212862808
1566.666666666668,0.345343649,0.606963634,-4.80691114e-008,0.367546171,0.610712767,-0.00573114259,0.379065692,0.619346917,-0.00880918466,0.383490086,0.629439235,-0.0106990542,0.38938871,0.636734545,-0.0117938248,0.358204,0.627211332,-0.0092734,0.366275638,0.640874386,-0.0122449547,0.373467892,0.645873487,-0.0126968687,0.378061682,0.647464037,-0.0120107876,0.345352799,0.628994823,-0.00726464251,0.355524093,0.643392563,-0.0095869489,0.365649074,0.647063613,-0.00861548539,0.372163713,0.647147775,-0.00717473216,0.33805269,0.629506886,-0.00546325324,0.347886771,0.642711699,-0.00736298785,0.357622832,0.646452308,-0.00594921503,0.364551425,0.646774232,-0.00426894054,0.335462451,0.629520357,-0.00401084591,0.343358397,0.639820039,-0.00520576071,0.351504236,0.644093812,-0.00443436345,0.358433843,0.645643175,-0.00324671529
1583.3333333333348,0.58459717,0.608732939,1.02718808e-007,0.567839682,0.613217652,-0.00682199746,0.561100721,0.621419251,-0.00918416586,0.560619056,0.629697621,-0.010468415,0.560512304,0.636768579,-0.0108715892,0.582473397,0.629419446,-0.00440484053,0.577073276,0.641497612,-0.00712990714,0.568125,0.644548059,-0.0088342065,0.561827958,0.644595563,-0.00925840344,0.590255499,0.629676461,-0.00142838201,0.583370686,0.641866803,-0.00348877558,0.57326144,0.643983424,-0.00479109678,0.566738784,0.643157244,-0.00530614611,0.593601584,0.629115403,0.000969524845,0.587297857,0.640039563,-0.000849562522,0.577824652,0.642554283,-0.00160397554,0.571337163,0.642340243,-0.00184281077,0.594096422,0.628523827,0.00283966796,0.58910048,0.637817323,0.00120819185,0.581528783,0.640860915,0.00107814022,0.575709164,0.641178548,0.00148986734
1583.3333333333348,0.345897824,0.607592046,-4.24791331e-008,0.36784935,0.61129421,-0.00699536642,0.379422367,0.619775653,-0.0108045852,0.383939981,0.629919589,-0.0130155534,0.389904767,0.637393296,-0.0142513802,0.357998729,0.627350807,-0.0124103567,0.366937727,0.641552269,-0.0161004476,0.374335706,0.646153867,-0.0166363511,0.378982425,0.647257328,-0.0158508476,0.34487766,0.629209399,-0.00961917,0.355841517,0.64398396,-0.0130645148,0.366235733,0.647330105,-0.0121377697,0.373158872,0.646927893,-0.0105307912,0.337476641,0.629800856,-0.00691414,0.348792315,0.642637432,-0.00936306361,0.35896641,0.64580822,-0.00760121457,0.366021931,0.645745099,-0.00559709221,0.334671944,0.629834116,-0.0045889616,0.343895972,0.63958025,-0.00598767493,0.352782309,0.643156171,-0.00483837212,0.359859884,0.644277155,-0.00330288731
1600.0000000000016,0.58551538,0.608620822,1.025738e-007,0.568630815,0.612884581,-0.00857018307,0.562027156,0.621314,-0.0112447906,0.561225176,0.629693687,-0.0120596234,0.561315417,0.636519194,-0.0118531752,0.583890736,0.628817916,-0.00850391481,0.57711488,0.641423106,-0.0106475223,0.567398369,0.644409895,-0.0111331632,0.560668766,0.644905686,-0.0107035013,0.591837883,0.629325628,-0.00395969814,0.582990944,0.642067432,-0.00572988531,0.57228905,0.642813206,-0.00581420818,0.566340685,0.641145229,-0.00522785541,0.594764769,0.629036546,0.000241409944,0.586762846,0.64011085,-0.00117542886,0.577242553,0.640923738,-0.000891881704,0.571878433,0.639417589,-0.000216785556,0.594704926,0.628628314,0.00384255382,0.588997304,0.637878358,0.00268693594,0.581307411,0.639656,0.00307357591,0.576289356,0.638839126,0.00395862758
1600.0000000000016,0.345200419,0.607275307,-4.62139234e-008,0.367017955,0.610676944,-0.00712165842,0.379055679,0.619113207,-0.011202828,0.384095192,0.629227698,-0.0137022547,0.390371472,0.636949837,-0.0151619269,0.358770937,0.627297282,-0.0124151474,0.366835833,0.641563237,-0.0163651556,0.37450853,0.646336854,-0.0167801678,0.379493177,0.64708662,-0.0157502573,0.345464647,0.62919569,-0.00968208257,0.355833143,0.643968,-0.0131299244,0.366149127,0.647497714,-0.0120296702,0.372950703,0.647120893,-0.0102046765,0.337849975,0.629769,-0.00710477168,0.34932369,0.642525554,-0.0095635308,0.359400809,0.646066964,-0.0077506979,0.366408497,0.646181047,-0.00566693954,0.334930956,0.629757106,-0.00492195506,0.344865352,0.639560282,-0.0064098537,0.353702962,0.643413901,-0.00530478405,0.360771537,0.644646108,-0.00372247817
1616.6666666666683,0.582011,0.608684242,8.58942641e-008,0.565956116,0.613660455,-0.00719677191,0.561026216,0.622253776,-0.00938750431,0.560788,0.630415,-0.0101156961,0.560692966,0.637222111,-0.00974148139,0.583250165,0.629278898,-0.00655102078,0.577125311,0.641662538,-0.00894834474,0.567553222,0.643737137,-0.00951731764,0.561800539,0.642503083,-0.00890225731,0.59106642,0.629472196,-0.00285866926,0.583896339,0.642055273,-0.00462712394,0.573283851,0.643056333,-0.00495357392,0.567656,0.641118,-0.00463407394,0.594299138,0.628787041,0.000444653735,0.587725341,0.639759719,-0.000902864966,0.577829242,0.641117215,-0.000862696674,0.57226491,0.639841259,-0.000531840953,0.594592929,0.627934337,0.00326514081,0.589503,0.636984944,0.00201991969,0.581600428,0.639231384,0.00234484393,0.576582789,0.638782382,0.00312185613
1616.6666666666683,0.345708281,0.606704,-3.90576e-008,0.367308,0.610734046,-0.00622661039,0.378759623,0.619298935,-0.00998677,0.383856893,0.629318118,-0.012381346,0.389552981,0.636965871,-0.0138690583,0.358773172,0.627335668,-0.0108011104,0.366648793,0.641299605,-0.0143469935,0.373732418,0.646007955,-0.0149620371,0.378366381,0.647545,-0.0142708439,0.345473707,0.628970385,-0.0084020067,0.355821073,0.64363569,-0.0117000565,0.36628741,0.647269726,-0.0109743346,0.373375803,0.647373378,-0.00943615,0.33803159,0.629240453,-0.00606819661,0.349024892,0.642133176,-0.00838660263,0.359074175,0.645944059,-0.00666643,0.366261512,0.646618187,-0.00460935291,0.335443288,0.628974259,-0.0040364149,0.345155597,0.638821661,-0.00508071063,0.353712112,0.642974555,-0.00368574797,0.360670626,0.644800127,-0.0019448587
1633.333333333335,0.584340572,0.608528793,1.24823288e-007,0.568654239,0.612756371,-0.00893598888,0.561523914,0.620727897,-0.0128311822,0.560838938,0.629175186,-0.015149191,0.560787141,0.636799514,-0.0165414084,0.583739221,0.627995729,-0.00923346449,0.579789937,0.640998721,-0.0134257013,0.57095623,0.64510566,-0.0155579522,0.563976,0.646304131,-0.0161701459,0.591151834,0.628605485,-0.00567105971,0.58476752,0.641933203,-0.00937860645,0.574180603,0.64496994,-0.0108663188,0.566662908,0.644898474,-0.0113300597,0.593855798,0.628616512,-0.00267504295,0.587576032,0.640515625,-0.00581967738,0.577646911,0.643522,-0.00656209746,0.570411563,0.643852,-0.00661666831,0.593911111,0.628513277,-0.000351729628,0.588513136,0.638137162,-0.00302072894,0.580422938,0.64148891,-0.00345392199,0.574077427,0.642200649,-0.00312103354
1633.333333333335,0.34683916,0.607407033,-4.53493954e-008,0.367863804,0.611352444,-0.00681777764,0.379256278,0.619471729,-0.0113314372,0.384199351,0.62939018,-0.0142910769,0.390089035,0.636948168,-0.0162561703,0.358423054,0.627451479,-0.0140662249,0.367240459,0.641683,-0.0182314161,0.374632478,0.646429062,-0.0183877107,0.379069239,0.647239804,-0.017159503,0.345116228,0.629440904,-0.0114595303,0.35693863,0.644109964,-0.0151139218,0.367359042,0.647229254,-0.0133849978,0.373946369,0.646633327,-0.0111618517,0.337105393,0.6300596,-0.0088465428,0.349144965,0.643198073,-0.0113974521,0.35939157,0.646184,-0.00861119386,0.366353273,0.645712316,-0.00586215546,0.333629549,0.629812956,-0.00662134402,0.343455911,0.639530599,-0.00817682315,0.352385163,0.642863,-0.00662631216,0.359467745,0.643586576,-0.00466765184
1650.0000000000018,0.585008204,0.608571649,1.13781127e-007,0.568795919,0.612852931,-0.00801683683,0.561219,0.62102747,-0.0110652028,0.560559,0.629404247,-0.0125275915,0.560832262,0.636621475,-0.0130321933,0.583366513,0.628169656,-0.00846278388,0.578910112,0.640954316,-0.011881032,0.570165098,0.64461571,-0.0133499708,0.563211441,0.645498633,-0.0135011515,0.591236293,0.628751218,-0.00485585304,0.584528387,0.641913414,-0.00806466397,0.574047685,0.644319952,-0.00909890607,0.566825032,0.643692136,-0.00911986548,0.594450891,0.628613234,-0.00164045952,0.588266611,0.64018476,-0.00406034803,0.57861048,0.64273566,-0.00430707214,0.571830928,0.642646849,-0.00395739637,0.59498316,0.628294528,0.000991261099,0.590196311,0.637765527,-0.000720549957,0.582573473,0.640925765,-0.000589700125,0.576745868,0.641433537,0.000120424578
1650.0000000000018,0.345593154,0.607284188,-5.25329753e-008,0.367247641,0.610820711,-0.00698630791,0.379406571,0.619276345,-0.0106756045,0.384489685,0.629370511,-0.0127149196,0.390593827,0.637017906,-0.0138586033,0.358941466,0.627044559,-0.012447672,0.367147267,0.641459465,-0.0158848334,0.374825239,0.646088898,-0.0162263978,0.379888713,0.647370934,-0.0153157096,0.346063882,0.628832459,-0.00946847536,0.356600672,0.643788636,-0.0126687605,0.367173761,0.647022963,-0.0115000587,0.373922706,0.646686852,-0.00971822,0.338986635,0.629358292,-0.00656374777,0.350053966,0.642563,-0.00895682257,0.360279679,0.64575994,-0.00720034679,0.367193,0.645632,-0.00512418384,0.336407185,0.629449427,-0.00401115604,0.345578,0.639793634,-0.00530784624,0.354505599,0.643532932,-0.00421842234,0.361409158,0.64455837,-0.00272109266
1666.6666666666686,0.584702909,0.608683228,1.09807935e-007,0.568846047,0.612650454,-0.00907670148,0.562231719,0.620543659,-0.01265465,0.561384439,0.628950179,-0.0144728944,0.561239958,0.636368036,-0.015242178,0.584017158,0.628195226,-0.00972958282,0.577426255,0.64118582,-0.01321554,0.567999423,0.644509435,-0.0143898744,0.561587691,0.64487052,-0.0142349321,0.591461897,0.628813684,-0.00560022192,0.583519,0.6420964,-0.00864305533,0.572870672,0.643830538,-0.00924309157,0.566595137,0.64270395,-0.00896900799,0.594084918,0.628733516,-0.0019347358,0.586638629,0.640531242,-0.00450652093,0.576802373,0.642346203,-0.00447754748,0.570760429,0.641597927,-0.00391877862,0.593839765,0.628550887,0.00110308605,0.588036,0.638398588,-0.0010429112,0.579929173,0.641077042,-0.000923153071,0.574434221,0.641055584,-0.00014630935
1666.6666666666686,0.34536922,0.607323885,-3.613102e-008,0.36769864,0.610658526,-0.00684806611,0.379827887,0.619013667,-0.0105766747,0.384625465,0.629429162,-0.012629631,0.39002645,0.637256205,-0.0136221405,0.35912782,0.627439082,-0.0118004251,0.367863,0.641905725,-0.0143370265,0.375166118,0.646270454,-0.0138129052,0.379594564,0.64711678,-0.0123197595,0.346139103,0.62911427,-0.0087191537,0.357015848,0.644093633,-0.0111085661,0.367590576,0.647417903,-0.00956488866,0.374659061,0.647005856,-0.0075509185,0.339131,0.629575849,-0.00566905085,0.350160629,0.642852724,-0.00753423106,0.360258222,0.646250248,-0.00567750027,0.367376328,0.64624,-0.00356648723,0.336842597,0.629655719,-0.00291584409,0.346090585,0.640193105,-0.00386673585,0.354778647,0.644091189,-0.00257472647,0.36166513,0.645217299,-0.000922265404
1683.3333333333353,0.584287524,0.608313322,1.09539165e-007,0.568384,0.612945557,-0.00715113245,0.561763287,0.621224225,-0.00987524539,0.561532319,0.629682,-0.0114647979,0.561322272,0.637029529,-0.0122221094,0.581996918,0.628423214,-0.00530494656,0.577981114,0.640417755,-0.00819956511,0.570109248,0.644527256,-0.00983224,0.563994765,0.645976424,-0.0102910921,0.589940429,0.628764033,-0.0023929,0.584682822,0.640970051,-0.00483887596,0.575361073,0.64367193,-0.00601100456,0.568778872,0.643498182,-0.00631980225,0.593752503,0.628341615,-3.25757173e-005,0.588715672,0.639270186,-0.00207207818,0.580021858,0.641788363,-0.00224556751,0.573867857,0.641705,-0.00195593829,0.59476012,0.627883136,0.00173623662,0.590609848,0.637022436,0.000133672016,0.583615065,0.640190423,0.000416480732,0.578311801,0.64061445,0.00120331638
1683.3333333333353,0.346532017,0.607195854,-3.39595658e-008,0.36855635,0.611297846,-0.00667947531,0.380054742,0.619432926,-0.0108297635,0.384667754,0.629532039,-0.013396943,0.390281409,0.637237787,-0.0150053352,0.359565258,0.627648473,-0.0123226624,0.367645591,0.641569853,-0.0157777146,0.374567091,0.646052897,-0.0161754955,0.379243642,0.647180736,-0.0153164845,0.346177906,0.629291713,-0.00964873,0.35669294,0.643702,-0.0123123564,0.366904467,0.647010505,-0.0109416358,0.373828471,0.646821439,-0.00922871,0.338315368,0.62946564,-0.00699321926,0.349005848,0.642084301,-0.00870053936,0.358733475,0.645239115,-0.00617680419,0.365428507,0.645244956,-0.0038627421,0.334724069,0.628914237,-0.00473083556,0.343371332,0.6383394,-0.0055014519,0.351499587,0.64146,-0.00357903773,0.357838273,0.642221153,-0.0015473417
1700.000000000002,0.585318923,0.608730555,9.95401663e-008,0.569240332,0.612980545,-0.00662723603,0.562761426,0.621020496,-0.00860612281,0.56249541,0.629198313,-0.0094370516,0.562016726,0.636175692,-0.00939973816,0.583126962,0.628804564,-0.00474486,0.577279091,0.640799105,-0.00688934932,0.568907201,0.644064248,-0.00789506733,0.562698781,0.644694507,-0.007972138,0.590734363,0.629281342,-0.00158096338,0.584064364,0.641100168,-0.00320330099,0.574693441,0.643100142,-0.00388363795,0.568472445,0.642567337,-0.00398166431,0.594030559,0.628931463,0.00112680823,0.587881267,0.639479518,-0.000263006979,0.579345882,0.641573906,-0.000363735162,0.573476911,0.641344368,-0.000150714593,0.594501793,0.628502429,0.00331920153,0.589615345,0.637488365,0.00210942025,0.582680702,0.640473902,0.0023792421,0.57746923,0.640977263,0.00309221144
1700.000000000002,0.347037345,0.607496679,-5.03228286e-008,0.369090199,0.611334205,-0.0062637818,0.380360514,0.619633675,-0.00991409272,0.384627461,0.629715681,-0.0120681142,0.390903682,0.636980891,-0.0133012794,0.358675838,0.627760291,-0.011665415,0.367431641,0.641711,-0.0146552073,0.37509644,0.646178484,-0.0146181947,0.379823983,0.647256494,-0.0135587817,0.345548272,0.629447281,-0.00908281,0.357203364,0.643630803,-0.011548901,0.367263913,0.646832287,-0.0100196395,0.373432815,0.646679938,-0.00826169644,0.338112295,0.62990427,-0.00654069,0.350294292,0.642285,-0.00811588857,0.359906703,0.645604134,-0.00584321516,0.366303176,0.645773888,-0.0037558761,0.335176259,0.629759729,-0.00439451961,0.344778359,0.639073968,-0.00523064565,0.353223532,0.642752826,-0.00398329739,0.359859675,0.643948436,-0.00254094
1716.6666666666688,0.584717572,0.609082639,1.15440471e-007,0.569167614,0.613076568,-0.00746154971,0.562039077,0.620987594,-0.0100963153,0.560949802,0.629221082,-0.011407706,0.561131239,0.636299,-0.0118096005,0.58288765,0.628921092,-0.00591211161,0.578025579,0.641157448,-0.00855063,0.569648206,0.644478679,-0.00993433129,0.563424051,0.645024836,-0.010126913,0.590570688,0.629093826,-0.00254147779,0.584477723,0.64129132,-0.00464443862,0.574791253,0.643899918,-0.00559968455,0.568157077,0.643708229,-0.00580993248,0.594045281,0.628482461,0.000319766667,0.588539183,0.639322221,-0.00118207303,0.579594135,0.642146885,-0.00138392474,0.573206425,0.642586589,-0.00125013816,0.594677866,0.627888322,0.00258221943,0.59042269,0.637108803,0.00158237445,0.583584785,0.640590489,0.0019941607,0.578166246,0.641622365,0.00274197129
1716.6666666666688,0.346722633,0.607802808,-5.2060102e-008,0.368105918,0.611174822,-0.00669204,0.37996164,0.619598806,-0.0104826763,0.384816885,0.629808068,-0.0127468277,0.391388923,0.637225807,-0.014117864,0.359166026,0.627432048,-0.0118949544,0.367913425,0.641645789,-0.0153951421,0.375474572,0.646129668,-0.0157933235,0.380183131,0.646992803,-0.0149163082,0.346207529,0.629112124,-0.0092125563,0.357546031,0.64372468,-0.0122152204,0.367555857,0.647083461,-0.0111206155,0.373888552,0.647053838,-0.00956520159,0.338812768,0.629668355,-0.00665704859,0.35017544,0.642698646,-0.00899406616,0.360007107,0.646178186,-0.00721979188,0.366832137,0.646335959,-0.00526369875,0.335903972,0.629843116,-0.00446594786,0.345149755,0.640105486,-0.00586978113,0.353637546,0.644072354,-0.00490568392,0.360319585,0.645340919,-0.00356114469
1733.3333333333355,0.583903849,0.608497739,1.21639815e-007,0.568449,0.612791538,-0.00857857522,0.562127,0.621030033,-0.011335,0.561410606,0.629302859,-0.0124944905,0.560849726,0.636444509,-0.0128292227,0.582994163,0.628758252,-0.00671572,0.577579737,0.640727043,-0.0094479071,0.568957448,0.644243181,-0.0110550644,0.56238097,0.645204544,-0.0115065416,0.590441465,0.62873435,-0.00271581905,0.584175289,0.640893936,-0.00511453161,0.574244559,0.643639743,-0.00642023236,0.567005813,0.643563688,-0.00687710335,0.593609035,0.627960742,0.000670701149,0.587992609,0.638787687,-0.00148096972,0.578849792,0.641680121,-0.00237822905,0.571859896,0.642122626,-0.00259759859,0.594165564,0.627166569,0.00341457617,0.58987546,0.636288345,0.00150428282,0.582774043,0.639831245,0.00107395626,0.576773167,0.6409536,0.00130672904
1733.3333333333355,0.346901029,0.606759548,-4.83050115e-008,0.368555486,0.610663652,-0.00659455732,0.380087674,0.619225502,-0.0105266077,0.384590864,0.629458129,-0.0129101453,0.390390038,0.637070358,-0.0143544646,0.358499378,0.627188563,-0.0124303931,0.367645293,0.641351521,-0.0160464533,0.375097364,0.646171629,-0.0162996538,0.379820317,0.647257209,-0.0152671849,0.345215708,0.628909826,-0.00979571417,0.35678,0.643484,-0.0128698172,0.366985172,0.647034466,-0.0115370778,0.373615801,0.647133589,-0.0097583225,0.337598473,0.629359424,-0.00720118079,0.349208623,0.642402232,-0.00945220888,0.359261125,0.645932794,-0.0072840252,0.366259634,0.646124244,-0.00505614094,0.334564179,0.629143596,-0.00497466605,0.344066,0.639087737,-0.00638864469,0.352718949,0.643027544,-0.00515505392,0.359590203,0.644392133,-0.00352496
1750.0000000000023,0.583791375,0.608758688,1.08453918e-007,0.56813854,0.61329329,-0.00665648747,0.562614441,0.621454358,-0.00880496111,0.561743855,0.629505157,-0.00978720188,0.561959505,0.636108,-0.00999560673,0.583521426,0.628758669,-0.00546533614,0.577307642,0.640551567,-0.00781471934,0.568787336,0.64430356,-0.00894415937,0.562505364,0.645302415,-0.00903978385,0.590984,0.628976882,-0.00235236506,0.584368944,0.641141593,-0.00411737245,0.574804068,0.643249333,-0.00466021849,0.568565369,0.642695129,-0.00458189705,0.594216406,0.628455758,0.000347480032,0.588303328,0.63930285,-0.00118321914,0.579534173,0.641475499,-0.00119660515,0.573732316,0.641221046,-0.000859856082,0.594640374,0.627930164,0.0025477095,0.590036333,0.63713491,0.00120288157,0.582810402,0.640115619,0.00151339197,0.577485144,0.640551209,0.00229247916
1750.0000000000023,0.345344603,0.607340336,-5.26066408e-008,0.367882133,0.61101371,-0.00657061767,0.380471,0.619444609,-0.0103410138,0.385411769,0.629454255,-0.0126422727,0.39138487,0.637007356,-0.0140001252,0.358955562,0.627607822,-0.0115858903,0.367804617,0.641780674,-0.0152227571,0.375722408,0.646129251,-0.0157783125,0.380711079,0.646777093,-0.0149660762,0.345655829,0.629237115,-0.00900569465,0.356469065,0.643993616,-0.0123784244,0.367136031,0.647228718,-0.0113969659,0.374031812,0.646977842,-0.00975401886,0.338192105,0.629581809,-0.00654237857,0.349019229,0.642816126,-0.00916408841,0.359153122,0.645962775,-0.00739105092,0.366108388,0.645772278,-0.00529162912,0.335307539,0.629362583,-0.00440764334,0.34482497,0.639515758,-0.00582597731,0.353574395,0.643266797,-0.00464211032,0.360367805,0.6443488,-0.00307477592
1766.666666666669,0.585753441,0.608721,9.27630524e-008,0.569517851,0.612698078,-0.00685234508,0.562603593,0.620517671,-0.00942464918,0.562057614,0.628725469,-0.0109398849,0.561519384,0.635897338,-0.0115477145,0.583182812,0.628445804,-0.00462994073,0.577946246,0.640338302,-0.00692268973,0.570444822,0.643175662,-0.00816037599,0.56537056,0.643579364,-0.00850099605,0.590860724,0.629083455,-0.00180720841,0.584245503,0.64101845,-0.00362898922,0.575074613,0.64317894,-0.00454719923,0.569277525,0.642712891,-0.00490729045,0.594193757,0.628951788,0.000483110489,0.588253915,0.639982402,-0.00126096897,0.579566777,0.642313182,-0.00143238681,0.573897779,0.642190456,-0.00131534424,0.594719231,0.62877053,0.0022267371,0.589542329,0.638075054,0.000691262772,0.582561851,0.64109993,0.000934915,0.577667475,0.641560495,0.00156560191
1766.666666666669,0.346245021,0.606609464,-3.58697783e-008,0.368231744,0.610838354,-0.00652056094,0.3801682,0.619323671,-0.0104489587,0.385454208,0.629323304,-0.0127357934,0.391286492,0.636912346,-0.0139635354,0.359796435,0.627568066,-0.0124169774,0.368296772,0.641753316,-0.0159571692,0.375382423,0.646270752,-0.0160057507,0.379787952,0.646957934,-0.0147001045,0.346371382,0.629065335,-0.00957839657,0.356211722,0.643648565,-0.012816323,0.366550684,0.647107661,-0.0112414593,0.373607308,0.64686048,-0.00903729256,0.338727325,0.629136324,-0.00674515218,0.348962277,0.641802728,-0.00903655402,0.358862042,0.645418882,-0.00674310094,0.365867883,0.645648301,-0.00424421299,0.335659653,0.6284917,-0.00419804314,0.344672382,0.637858331,-0.00512390351,0.353065819,0.64163661,-0.00336002954,0.35979861,0.642963469,-0.00130296929
1783.3333333333358,0.584456742,0.608407915,1.23691635e-007,0.568666935,0.61272037,-0.00768439146,0.561969459,0.621161938,-0.0103294179,0.561855376,0.629327238,-0.0115181347,0.561828732,0.636342883,-0.011891786,0.582990468,0.628019333,-0.00743583869,0.57882607,0.639594555,-0.0110129761,0.57084924,0.643928409,-0.0129239867,0.564090073,0.645742893,-0.0134804109,0.590995,0.628530145,-0.00415802095,0.585377395,0.640474081,-0.00734242098,0.575781,0.643847704,-0.00853898842,0.568064749,0.644408,-0.00876773056,0.594605,0.628246546,-0.00136529352,0.589196265,0.639212847,-0.00389652629,0.580188334,0.642283738,-0.00421114638,0.572865903,0.643007517,-0.00391660351,0.595326483,0.627815962,0.000808532815,0.590836227,0.636901617,-0.00117108284,0.58362627,0.640449226,-0.00119196647,0.5773592,0.641671598,-0.000569861906
1783.3333333333358,0.345335543,0.607531309,-4.55516407e-008,0.368069708,0.610895574,-0.00726198498,0.380705327,0.618917942,-0.011682095,0.385295868,0.629308641,-0.0143048568,0.391008765,0.637269914,-0.015845919,0.358706325,0.626434505,-0.0153588429,0.368054,0.641571343,-0.0192961767,0.375825405,0.646351,-0.0188936349,0.380479425,0.646857738,-0.0172141138,0.345215142,0.628659666,-0.0124723855,0.35714981,0.644097209,-0.0159329511,0.367893696,0.647370636,-0.0137471016,0.374777436,0.64675653,-0.0112660043,0.337582946,0.629658937,-0.00954445824,0.349843591,0.642936885,-0.0118342582,0.359920144,0.645951033,-0.00888664834,0.366631806,0.645489454,-0.00616660295,0.334677309,0.62992692,-0.00702885352,0.344874233,0.63979578,-0.00837884657,0.353562862,0.643232822,-0.00675061392,0.360159457,0.643867791,-0.00487391464
1800.0000000000025,0.585271657,0.609548032,1.21926178e-007,0.569312572,0.613103509,-0.00833506789,0.56276232,0.620800555,-0.0118171619,0.561473668,0.629153132,-0.0137721915,0.561194241,0.63641876,-0.0148638552,0.583982,0.628386676,-0.00949119683,0.578177214,0.640910387,-0.0134301567,0.569311857,0.644596636,-0.0150882816,0.562655509,0.645296633,-0.0153069897,0.591688752,0.629164457,-0.006021237,0.584359288,0.642111182,-0.00923861936,0.574001253,0.644572139,-0.00992700737,0.567081213,0.644138694,-0.00978594925,0.594643176,0.629059911,-0.00299099693,0.58754468,0.640645385,-0.00579063315,0.577879131,0.643100262,-0.0058523505,0.57117635,0.643033,-0.00541490363,0.594678402,0.628809094,-0.000544798444,0.588896632,0.638332963,-0.00302508287,0.581012905,0.641376913,-0.00298663671,0.575150371,0.641918361,-0.00225657923
1800.0000000000025,0.346190751,0.606797397,-4.61692089e-008,0.368231207,0.610450089,-0.00694301771,0.380199879,0.618817806,-0.0108492738,0.384969205,0.629038692,-0.0130907735,0.391016,0.63685447,-0.0143489493,0.359069049,0.626706839,-0.0129774064,0.367989212,0.640998244,-0.0162657,0.375806928,0.645784497,-0.0160577986,0.380758911,0.647163391,-0.0147598414,0.34578824,0.628756,-0.0101589244,0.357095569,0.643696487,-0.0133898081,0.368103743,0.647075534,-0.0117576402,0.375329256,0.646893859,-0.00961058,0.338523149,0.629430532,-0.00736065675,0.349803865,0.642688513,-0.00975985266,0.360178411,0.646031857,-0.00749156065,0.367299974,0.646100819,-0.00504522864,0.336159557,0.629436493,-0.00491818879,0.34543398,0.63977766,-0.00605876232,0.354073822,0.64360261,-0.00457657315,0.360798717,0.644741178,-0.00279355887
1816.6666666666692,0.584998,0.608424127,1.130337e-007,0.569293618,0.612373114,-0.00808358379,0.562409341,0.620299459,-0.0110288169,0.562344313,0.628444254,-0.012576241,0.561826825,0.635712385,-0.0133085717,0.583451807,0.628554165,-0.00639309641,0.578210711,0.640243173,-0.00931430701,0.569896221,0.644020617,-0.0110169044,0.563439846,0.645388424,-0.011647488,0.591160059,0.629102647,-0.00301682856,0.584618449,0.641048372,-0.00561440783,0.57490629,0.643681824,-0.00694317138,0.567886889,0.643593371,-0.0074275122,0.594370425,0.628825486,-0.000206592362,0.588232756,0.639611363,-0.00244148937,0.579082906,0.642322421,-0.00294189481,0.572395504,0.642591715,-0.00291678775,0.594845712,0.628295958,0.00196528598,0.589790046,0.637471378,6.73308823e-005,0.582487464,0.640785158,3.45293447e-005,0.576787651,0.64157182,0.000575158221
1816.6666666666692,0.346811235,0.607380688,-4.88966023e-008,0.368693352,0.610883117,-0.00654359162,0.380523,0.619050622,-0.010404408,0.38516891,0.629158378,-0.0128613915,0.3911663,0.636730969,-0.0143469051,0.360045612,0.627530217,-0.0112564955,0.368006378,0.641538322,-0.0147453323,0.375306398,0.646040261,-0.0151307033,0.380142242,0.646878541,-0.0142163187,0.346923709,0.629368067,-0.00873577595,0.357186824,0.643679202,-0.0115465559,0.367676079,0.646769285,-0.0102440026,0.37468642,0.646350324,-0.00846484862,0.33900103,0.629794121,-0.00636271434,0.349397123,0.642428041,-0.00838217,0.359349877,0.645221,-0.00611201441,0.366245806,0.644877493,-0.00383289531,0.335211754,0.629551411,-0.00439813314,0.343580425,0.639162302,-0.00548415165,0.351992041,0.642351091,-0.00395394675,0.358682066,0.643031716,-0.00215361943
1833.333333333336,0.584990442,0.608811438,1.13360919e-007,0.568680048,0.612969697,-0.00752421422,0.562113404,0.621204257,-0.0101735899,0.562003911,0.62928462,-0.0115299029,0.562128425,0.636315882,-0.0120788906,0.583152413,0.628614485,-0.00722798612,0.57802844,0.64087671,-0.0107266195,0.568826258,0.644523144,-0.0125507899,0.561974347,0.645591497,-0.0131035596,0.591095686,0.629283965,-0.00415729778,0.584007621,0.641767442,-0.00713384757,0.57343,0.6442644,-0.00829718169,0.566472709,0.643922806,-0.00862433203,0.59447211,0.629020154,-0.00157613901,0.588225603,0.640216589,-0.00415206,0.578622282,0.642816901,-0.00459148362,0.571969151,0.642853498,-0.00448283413,0.595042825,0.628590107,0.000439405354,0.59003222,0.638048053,-0.00177007832,0.582290173,0.641206503,-0.00180875382,0.576469123,0.641713,-0.00125238707
1833.333333333336,0.345499635,0.607259095,-4.5429573e-008,0.367863715,0.610673308,-0.00679722195,0.380165368,0.618995488,-0.0108741578,0.384845763,0.629308105,-0.0134080527,0.391040713,0.63699162,-0.0150008546,0.358852237,0.62670064,-0.0128594823,0.367822677,0.640805185,-0.0163548645,0.375462145,0.6457932,-0.016246574,0.38012287,0.647280633,-0.0150359655,0.34539631,0.628817201,-0.0103661837,0.356629,0.643749952,-0.0137309991,0.367926121,0.64731741,-0.0120773576,0.375292361,0.647392333,-0.00989183,0.337849826,0.629719,-0.00793227367,0.349290103,0.64309895,-0.0104743019,0.359838396,0.646447361,-0.008144903,0.367050797,0.646514535,-0.00565884076,0.335125804,0.62990433,-0.00587254763,0.344708502,0.640113711,-0.00731963,0.353638023,0.643925726,-0.00595653895,0.360639274,0.645102382,-0.00421322836
1850.0000000000027,0.583990455,0.608690798,1.14178569e-007,0.568061233,0.612935424,-0.00824061,0.56176275,0.620952427,-0.0116892392,0.561166227,0.629272,-0.0136306258,0.560576141,0.636552,-0.0146524785,0.583339155,0.627749264,-0.00902810413,0.578635931,0.640572548,-0.0127928918,0.569723964,0.644439,-0.0143449642,0.563435197,0.645307,-0.0145661049,0.591052532,0.628514826,-0.00562629523,0.584270656,0.641794384,-0.00888064504,0.573677063,0.644039452,-0.00978875719,0.567386329,0.643247843,-0.00983406883,0.594253778,0.628442347,-0.00267285714,0.587872863,0.640279353,-0.00555208512,0.577881694,0.642450273,-0.00572492881,0.571655273,0.641891718,-0.00535785127,0.5946998,0.628188372,-0.000275284488,0.589183688,0.637868285,-0.00286325766,0.581028044,0.640720129,-0.00293480139,0.575558662,0.640822351,-0.00229340116
1850.0000000000027,0.34637323,0.608105659,-3.60935601e-008,0.368106544,0.611498356,-0.00648821378,0.380553067,0.619315326,-0.0106150685,0.385499656,0.629312694,-0.0131720742,0.3915025,0.636934757,-0.0147479456,0.360395908,0.626811445,-0.0131177204,0.368588865,0.641271889,-0.0170230381,0.375866175,0.646096,-0.0172012132,0.380320042,0.646990955,-0.0159570538,0.347183794,0.628908515,-0.0105218766,0.357475877,0.643887,-0.0141023016,0.367543161,0.647324383,-0.0126427887,0.374025822,0.647017598,-0.0105701154,0.339609832,0.629704475,-0.0079257777,0.350208759,0.642840862,-0.0103874309,0.359946609,0.646320164,-0.00822173804,0.36674282,0.646280587,-0.00586234732,0.336625129,0.629847407,-0.00563392602,0.345431209,0.63979584,-0.00677314634,0.353746414,0.643743157,-0.00539513724,0.360441864,0.644972265,-0.00368391396
1866.6666666666695,0.585362136,0.608458936,1.12919686e-007,0.568943918,0.612761736,-0.00784840528,0.562524319,0.621145189,-0.0104247574,0.561709702,0.629728556,-0.0114503819,0.561530709,0.636778772,-0.0115074972,0.58445549,0.628932536,-0.00671536941,0.578561604,0.641611218,-0.00882385857,0.569303334,0.644578,-0.00956386607,0.562871337,0.644924045,-0.00938229542,0.592091322,0.629128575,-0.0028291957,0.584731936,0.641878664,-0.0045672874,0.574072182,0.64402163,-0.00514267525,0.567172825,0.643493772,-0.00512836268,0.595049918,0.628595173,0.000618995109,0.588223636,0.639859676,-0.000935356133,0.578278601,0.642295241,-0.00132662046,0.571616,0.642242312,-0.0013165077,0.5951491,0.628060818,0.00350658363,0.589794874,0.637396157,0.00206334423,0.58196491,0.640396178,0.00204816856,0.576106846,0.640849769,0.00254287361
1866.6666666666695,0.346455,0.606525242,-2.83297084e-008,0.368162066,0.610371292,-0.00813542493,0.380389273,0.618765116,-0.0127529465,0.385446906,0.629134238,-0.0152844898,0.390949935,0.63724339,-0.0167631749,0.358978212,0.626066625,-0.0151701942,0.367774844,0.640422761,-0.0186829511,0.374859184,0.645631969,-0.0185064506,0.379807651,0.647629559,-0.0172799714,0.345425338,0.627950311,-0.0117161246,0.356312424,0.64301908,-0.014815052,0.366740793,0.64693737,-0.013085912,0.374066621,0.647390485,-0.0109623438,0.337792516,0.62854594,-0.00824163575,0.348974854,0.641437173,-0.0103315283,0.358898193,0.645326078,-0.00799771678,0.366042852,0.646017075,-0.00567866,0.334658265,0.628601,-0.00520442892,0.343847275,0.638269782,-0.00648943754,0.352418572,0.642198682,-0.00509928633,0.359464616,0.643753469,-0.00335754268
1883.3333333333362,0.584985,0.607960939,1.14349099e-007,0.56919241,0.612258375,-0.00843678787,0.562119,0.619940758,-0.012214385,0.561223447,0.628477156,-0.0145796938,0.561077952,0.636253238,-0.0160197951,0.583024085,0.627788723,-0.00781266484,0.578288198,0.64068836,-0.0113886027,0.56968087,0.644036591,-0.0130763929,0.563498616,0.644275,-0.0132950954,0.590891302,0.628303289,-0.00428116648,0.584594905,0.641401291,-0.00713234348,0.574630141,0.64357394,-0.00824468303,0.568260431,0.642707288,-0.00844088662,0.5942927,0.628056347,-0.00130552705,0.588418,0.639562845,-0.00346521707,0.579087734,0.64183414,-0.00365098845,0.572957218,0.641360223,-0.00339489174,0.594873667,0.627668083,0.00101968867,0.59009,0.637295246,-0.000723617326,0.582489729,0.640333414,-0.000552686921,0.577009797,0.640522,0.000165572143
1883.3333333333362,0.347102016,0.607124686,-5.27058326e-008,0.368460685,0.610675693,-0.00664361892,0.380353153,0.618913114,-0.0105095673,0.384715676,0.629057586,-0.012858198,0.39076075,0.636685967,-0.0142275086,0.358943075,0.627044082,-0.0119526768,0.367482752,0.64102757,-0.0155981844,0.37561208,0.645718873,-0.01601208,0.381012768,0.646992266,-0.0151255326,0.345736593,0.6288082,-0.00932269357,0.356987804,0.643411398,-0.0124773458,0.367695123,0.646872222,-0.0111523932,0.374783158,0.647071242,-0.009301777,0.338437349,0.62943697,-0.00680950284,0.350339472,0.642330825,-0.00921853352,0.360670328,0.645810425,-0.00719835656,0.367922425,0.646127582,-0.0049838759,0.33586207,0.629575193,-0.00465793209,0.34613362,0.639539,-0.00615388341,0.355272353,0.643519759,-0.00501877349,0.362332374,0.644909859,-0.00342471688
1900.000000000003,0.584722459,0.608553708,1.15297055e-007,0.568716168,0.612811148,-0.0074883271,0.562608063,0.620974779,-0.0101283574,0.562001646,0.629292786,-0.0113531984,0.561936736,0.636263251,-0.0116555151,0.583909214,0.628428817,-0.00719691813,0.578001797,0.64117074,-0.0102344379,0.569507599,0.644855142,-0.0115867509,0.563386798,0.645824671,-0.0117490478,0.591417909,0.629018426,-0.00384434755,0.584138513,0.641924202,-0.00641050795,0.574035764,0.644749105,-0.00725868298,0.567177474,0.644812822,-0.00738159427,0.594428837,0.628897727,-0.000937024131,0.587500274,0.640551031,-0.00327668875,0.577795744,0.643342376,-0.00374686741,0.570935607,0.643643498,-0.00368994707,0.594572246,0.628762901,0.00143881759,0.588831186,0.638277709,-0.000650069152,0.581055522,0.641420364,-0.000795610482,0.575082719,0.642156,-0.000314904551
1900.000000000003,0.345762491,0.606774569,-4.73417785e-008,0.368221223,0.610317469,-0.00690299738,0.380534977,0.618697107,-0.0111725749,0.385470718,0.628912807,-0.0137068229,0.391608357,0.63681,-0.0152591337,0.359164417,0.626315713,-0.0144552933,0.367924482,0.640984118,-0.0182807446,0.376298487,0.645806074,-0.0181153268,0.381518126,0.64709121,-0.0167655554,0.345810235,0.62819159,-0.0117541021,0.356579393,0.643617153,-0.0154462149,0.368219048,0.647201,-0.0135248573,0.37572825,0.647210896,-0.0111300685,0.338412911,0.628678739,-0.00902083516,0.349485308,0.642421961,-0.0117986649,0.360461384,0.645894229,-0.00935518835,0.367977828,0.646010339,-0.00675996533,0.335671574,0.628490925,-0.00659745419,0.344861925,0.639099479,-0.00803326,0.354089767,0.643053591,-0.00655702455,0.361299306,0.644194663,-0.00475983461
1916.6666666666697,0.584276259,0.608067751,1.03213111e-007,0.568435133,0.612670839,-0.0078320438,0.561762393,0.620846868,-0.0107126199,0.561438382,0.629297793,-0.0121433139,0.561662912,0.636617,-0.0125819342,0.58341074,0.628325462,-0.00701077515,0.57828182,0.641345,-0.00992204901,0.569710135,0.644310236,-0.0111550726,0.563860774,0.644313872,-0.0111208931,0.591400862,0.62858361,-0.0034327053,0.584946036,0.641720235,-0.0058492166,0.574902296,0.643703,-0.00680101058,0.568779588,0.642694,-0.0068824389,0.594867826,0.628115892,-0.000316471676,0.588974655,0.639751792,-0.00219126488,0.579602182,0.642068446,-0.00248912023,0.573604584,0.641723514,-0.00229148287,0.59549737,0.627592087,0.00223407848,0.590867,0.637366414,0.000738806091,0.58334434,0.640411794,0.000923610525,0.577943921,0.640740812,0.00162311946
1916.6666666666697,0.34650439,0.60646075,-3.48629214e-008,0.368527979,0.610098839,-0.00747210719,0.380499184,0.6183213,-0.0118419798,0.385014355,0.628798068,-0.0145543935,0.390868187,0.636914134,-0.0162461568,0.359446347,0.626443,-0.0131270569,0.36782828,0.640701,-0.0167920403,0.375180304,0.645821154,-0.0169912577,0.380026877,0.647231698,-0.0159374978,0.345874518,0.628419399,-0.0103462972,0.356202632,0.643442869,-0.0135913268,0.367104262,0.647070289,-0.0121998889,0.374415606,0.646780372,-0.0102561181,0.338227928,0.62911731,-0.00768542243,0.348702,0.642511249,-0.00991471764,0.359025717,0.645888,-0.00768858893,0.366179317,0.645739198,-0.00536256563,0.335343927,0.629298389,-0.00547921704,0.344084501,0.639590085,-0.00674380409,0.352878332,0.643476844,-0.0053887777,0.359809816,0.644623518,-0.00365762739
1933.3333333333364,0.584649444,0.608155847,7.30647898e-008,0.568805277,0.612694263,-0.0072480333,0.562379777,0.620292962,-0.0101208417,0.561711073,0.628992438,-0.0120501108,0.561865687,0.636747181,-0.0128686,0.583244383,0.628801346,-0.00299663958,0.579678178,0.640565872,-0.0053633512,0.5728001,0.642276406,-0.00692925462,0.568809628,0.641498268,-0.00745972805,0.590913296,0.62921226,-0.000131016917,0.586214483,0.640955925,-0.00172932656,0.578375638,0.642046154,-0.00295687187,0.574255347,0.640727878,-0.00356686767,0.594609141,0.628698766,0.00199011574,0.589890659,0.639308155,0.000498441746,0.582598209,0.640838861,0.000549842254,0.57865721,0.64002341,0.000847865944,0.595520079,0.628088057,0.00346892886,0.591214895,0.637402534,0.0022795226,0.585148335,0.640031099,0.0028682847,0.581558108,0.63992995,0.00376221258
1933.3333333333364,0.34585911,0.607536137,-4.63364564e-008,0.367880225,0.610862792,-0.0070937844,0.380465925,0.618719697,-0.0112322969,0.385331154,0.629017532,-0.0137643022,0.391328871,0.636925638,-0.0153267989,0.359471738,0.626749396,-0.0126631968,0.368359357,0.640892386,-0.016309455,0.375803143,0.645762265,-0.0165101737,0.380377,0.647270262,-0.0155275008,0.346296251,0.628960073,-0.00998329092,0.357655942,0.643739343,-0.0132161463,0.368056148,0.647071958,-0.0117330337,0.374665082,0.647075891,-0.00978630129,0.338770032,0.62990582,-0.00743418047,0.350227594,0.642872572,-0.00977370609,0.360061109,0.645989478,-0.00738836359,0.366570413,0.64606005,-0.00500548631,0.335728317,0.63011682,-0.00532140397,0.34556666,0.640019119,-0.00655302219,0.354124665,0.643479228,-0.00503420969,0.36057961,0.644483,-0.00326687866
1950.0000000000032,0.585484803,0.6087749,1.07961682e-007,0.569771588,0.612738788,-0.0073843142,0.562559545,0.62051,-0.0104268026,0.561762333,0.628700316,-0.0122697493,0.561258197,0.636072099,-0.0133096483,0.582067788,0.628520191,-0.00707705645,0.577744186,0.640549362,-0.0107084047,0.569810569,0.6444543,-0.0125930179,0.563393116,0.645699322,-0.0131349117,0.589988768,0.62927407,-0.00427215733,0.584369,0.641473889,-0.00746963592,0.574874878,0.644346893,-0.00868287776,0.56788063,0.64428407,-0.00895394757,0.593744814,0.629124,-0.0019655053,0.588506341,0.640310764,-0.00449744193,0.579605043,0.643235743,-0.00480006216,0.572767258,0.643650651,-0.00455965288,0.594828,0.628791153,-0.000257308158,0.590465784,0.638108611,-0.00219707913,0.583327,0.641619742,-0.00209549745,0.577502489,0.642551541,-0.0014253665
1950.0000000000032,0.346654236,0.606672525,-4.03485885e-008,0.368548453,0.610507846,-0.00723320199,0.380570024,0.618795753,-0.0116032492,0.385551721,0.62888,-0.0141944466,0.39135927,0.636734962,-0.0157111771,0.358603269,0.6264956,-0.014431159,0.368641198,0.641209304,-0.0177370347,0.376139015,0.64593786,-0.017148396,0.380346894,0.64688468,-0.0155537939,0.345219314,0.628371894,-0.0114800995,0.356838912,0.643511117,-0.0147746671,0.367944807,0.646907806,-0.0127825271,0.375325799,0.646621168,-0.0104169575,0.337747037,0.628889263,-0.00848037098,0.349167377,0.642393,-0.010887214,0.359809875,0.645691037,-0.00827416498,0.367170751,0.645501077,-0.00568051031,0.334971845,0.628683269,-0.00583553594,0.344206482,0.638850093,-0.00744054513,0.353420466,0.642691731,-0.00605385751,0.360708356,0.643772304,-0.0042678793
1966.66666666667,0.584963,0.608648896,1.0401542e-007,0.568566918,0.612693548,-0.0069921338,0.562514782,0.620909512,-0.00960715953,0.562310576,0.628927827,-0.0110065751,0.562103868,0.635801,-0.0114921704,0.582829356,0.628195882,-0.00713258237,0.577938855,0.640654325,-0.0110603627,0.569167137,0.644147515,-0.0130100716,0.562445104,0.644653141,-0.0134176668,0.590667486,0.628785253,-0.00424751965,0.58428359,0.641388535,-0.00763568422,0.574352562,0.643889785,-0.00878373161,0.567496419,0.643592656,-0.00896013249,0.594155729,0.628730953,-0.00181725272,0.5879426,0.640188456,-0.0045502563,0.578604221,0.642855346,-0.00480366964,0.571820736,0.643080294,-0.00446222117,0.59472537,0.628589034,8.61431326e-005,0.589567542,0.63807559,-0.00198596483,0.581889868,0.641278,-0.00183615799,0.57597506,0.641981363,-0.00109032029
1966.66666666667,0.346215159,0.606036484,-4.70027288e-008,0.368368,0.609752536,-0.00768278074,0.38051194,0.618052483,-0.012068972,0.385357201,0.628284752,-0.0147314556,0.391085654,0.636297643,-0.0163520463,0.359773666,0.626161516,-0.0126869595,0.367445558,0.640490592,-0.0168772843,0.375355601,0.645351,-0.0179312304,0.380917937,0.646723092,-0.0174992364,0.346119881,0.627860129,-0.00969626,0.356897324,0.642652869,-0.0130154993,0.367472529,0.646739,-0.0123340683,0.374689877,0.647176564,-0.0110634733,0.338412851,0.628147721,-0.00689142384,0.350474566,0.640739679,-0.00929579232,0.360647738,0.644795537,-0.00765938777,0.367802113,0.645790279,-0.00587246427,0.335125208,0.627955317,-0.00451590912,0.345541835,0.637703478,-0.00617512316,0.354532689,0.641896665,-0.00510974228,0.361721128,0.643827617,-0.00361284497
1983.3333333333367,0.584358335,0.607450426,1.0396645e-007,0.569215477,0.612043083,-0.00745683862,0.562797,0.619905949,-0.00995829049,0.562495112,0.627991199,-0.0113300234,0.561884403,0.635188162,-0.0118871434,0.582704067,0.628186285,-0.00356129557,0.578565121,0.639184177,-0.00587107567,0.571542,0.64267683,-0.00763660483,0.566062212,0.64394635,-0.00845233444,0.59010148,0.628506303,-0.000422762445,0.585196853,0.639302254,-0.00207973015,0.577418864,0.642104566,-0.00352608622,0.571678519,0.642702401,-0.00439424533,0.593881845,0.627967954,0.00198947382,0.589328,0.637892187,0.000637023419,0.582113087,0.640700102,0.000310411793,0.576508701,0.641565382,0.000215387568,0.595199108,0.627186537,0.00371318241,0.591408968,0.635824621,0.0027377177,0.585707724,0.639411926,0.00307242037,0.581083655,0.640778959,0.00367486919
1983.3333333333367,0.34629494,0.607099235,-3.87514518e-008,0.368595898,0.610476911,-0.00664523058,0.380820185,0.618739903,-0.010395186,0.385137349,0.629153967,-0.0124546038,0.391548425,0.636748433,-0.013479651,0.360056311,0.627072453,-0.0125335157,0.368712962,0.641465187,-0.0153585142,0.37597096,0.646034896,-0.014710607,0.380479276,0.646823525,-0.0130386949,0.346551985,0.628770411,-0.00967645086,0.357125133,0.643731773,-0.0121391267,0.3671875,0.646988094,-0.00995782763,0.373717815,0.646739721,-0.0075226929,0.338814914,0.629220963,-0.00684682233,0.349137813,0.642457783,-0.00854087248,0.358655572,0.64570272,-0.00594490813,0.365233123,0.645626426,-0.00343990466,0.335630625,0.629060686,-0.00436914247,0.344614178,0.638939917,-0.00515054446,0.352927357,0.642701209,-0.00356833125,0.359436244,0.643825233,-0.00177020265
2000.0000000000034,0.583886087,0.608862281,1.29946585e-007,0.568283737,0.613183498,-0.00723732,0.562387466,0.621561,-0.00989424065,0.5621382,0.62981993,-0.0111943074,0.562417328,0.636693954,-0.0116822487,0.583852172,0.628050864,-0.00749678677,0.578546047,0.640109658,-0.0108574191,0.569798648,0.644147873,-0.0124221332,0.5629493,0.645403147,-0.0127070071,0.591730177,0.628623784,-0.00447229296,0.585044,0.641481161,-0.00748299,0.574412227,0.644223809,-0.00837533083,0.566763043,0.643930733,-0.00825347,0.594866,0.628396511,-0.00183063664,0.588221192,0.639842153,-0.00433463184,0.578276277,0.642459691,-0.00456329109,0.571131,0.642588437,-0.00415355898,0.594930172,0.628029644,0.000280941254,0.589712203,0.637383819,-0.00196603849,0.581863225,0.64050585,-0.00198928243,0.575793564,0.641237378,-0.00125835836
2000.0000000000034,0.346400172,0.607036352,-4.08174e-008,0.368591785,0.610703111,-0.00655177189,0.380511701,0.619121432,-0.0103357797,0.385198414,0.629367709,-0.0125850504,0.391335756,0.636864424,-0.0138835898,0.359713107,0.62669313,-0.0120455557,0.368134379,0.640995,-0.0154335545,0.375477254,0.645788074,-0.0154710468,0.380166233,0.646939933,-0.0142836571,0.346411407,0.628626168,-0.00941785704,0.357005239,0.643538833,-0.0122560207,0.367599219,0.64699316,-0.0107086562,0.374481,0.646823645,-0.00869899243,0.338773787,0.629187107,-0.00685424963,0.349565446,0.642479599,-0.00883097574,0.359622806,0.645882249,-0.00654591713,0.366482556,0.645892859,-0.00421735272,0.335749596,0.629083514,-0.00466243224,0.344504803,0.639222801,-0.00566807529,0.352938801,0.643091559,-0.00421080552,0.359565109,0.644302,-0.00247606775
2016.6666666666702,0.585676849,0.608108819,1.01894926e-007,0.569046319,0.612249613,-0.00679444242,0.562294543,0.620728135,-0.00916240364,0.561905861,0.628802419,-0.0104092574,0.561735868,0.635746837,-0.0109122563,0.582836449,0.628193915,-0.00613880157,0.577843785,0.640486956,-0.00925335567,0.569420636,0.644347787,-0.0108517213,0.563095331,0.645277202,-0.0112012168,0.590912282,0.628511,-0.00330210361,0.584456742,0.641080618,-0.0062059327,0.574325085,0.643618941,-0.00739280134,0.567625046,0.642984211,-0.00761926733,0.594539702,0.628082156,-0.000898297643,0.589013398,0.639417052,-0.00317385676,0.579704523,0.642080963,-0.00346441101,0.573365748,0.642000735,-0.0032168054,0.595477581,0.627443969,0.000987513,0.591362596,0.636997819,-0.000636382087,0.584090412,0.640443861,-0.000435246679,0.578624,0.641059339,0.000240874084
2016.6666666666702,0.347503155,0.606712222,-4.49779165e-008,0.369216263,0.610827267,-0.00663993089,0.380402476,0.61905849,-0.010840619,0.384981543,0.628941238,-0.0135732256,0.390507728,0.636756599,-0.0153980022,0.358789951,0.627212584,-0.0124525754,0.367974669,0.641217887,-0.0163435284,0.375855029,0.645716488,-0.0169974808,0.380870938,0.64684242,-0.0162563,0.34548673,0.628908157,-0.0100185573,0.356351972,0.643505633,-0.0132474089,0.367369264,0.646766901,-0.0119721638,0.374687731,0.646645,-0.0102125322,0.337966651,0.629178703,-0.00768233743,0.34846437,0.642469525,-0.0100051388,0.358800977,0.645729303,-0.00781019591,0.366045445,0.645682395,-0.00556430174,0.335195869,0.628785312,-0.00573184108,0.343660474,0.638832629,-0.00701342663,0.352162331,0.642555833,-0.00560890557,0.359024107,0.643675804,-0.00389744644
2033.333333333337,0.583517909,0.609053195,1.0025299e-007,0.567918539,0.613274693,-0.00729168,0.562118948,0.621082127,-0.0105101252,0.561874926,0.629478514,-0.0124642346,0.561107635,0.636709034,-0.0135082975,0.582793534,0.628524661,-0.00751540577,0.576961458,0.641195238,-0.0108578755,0.568566084,0.644162655,-0.0121458126,0.56297,0.644156456,-0.0121461209,0.591224074,0.62911433,-0.0044683693,0.58387506,0.641965806,-0.00715681817,0.574143171,0.643176317,-0.00766639551,0.568851,0.64167887,-0.00740856025,0.594950378,0.628736556,-0.00182880543,0.58845067,0.640228212,-0.00409468682,0.579232037,0.641698539,-0.00373877399,0.573826075,0.6405828,-0.00304603251,0.595576882,0.628247,0.000306028611,0.590490818,0.637840927,-0.00166147295,0.583025217,0.640172899,-0.0011727094,0.578314483,0.639794707,-0.000157344446
2033.333333333337,0.346530259,0.606510818,-6.25869419e-008,0.36885491,0.610413671,-0.00640621549,0.380780101,0.61906147,-0.0100808721,0.385456383,0.62909162,-0.0121998126,0.391360581,0.63667506,-0.0134159774,0.358872026,0.62702626,-0.0126101114,0.368050069,0.641345739,-0.0157067403,0.375768244,0.645858526,-0.0155625781,0.380655438,0.646823406,-0.0144170476,0.345388263,0.629010677,-0.0100587644,0.357015461,0.643704593,-0.012719091,0.368001133,0.647148073,-0.0113149555,0.375357419,0.646973372,-0.00967084058,0.337682366,0.629521787,-0.00746527174,0.349628866,0.642668903,-0.00944801793,0.360163152,0.645724058,-0.00751751754,0.367453784,0.645585895,-0.00568415364,0.334643662,0.629263699,-0.00519409217,0.344514906,0.639037669,-0.00648293272,0.353540957,0.642375648,-0.00541397,0.360652745,0.643273532,-0.0040980326
2050.0000000000036,0.584359884,0.607668042,1.15624928e-007,0.568263471,0.612162769,-0.00741371745,0.561947167,0.620723784,-0.0101355035,0.561862588,0.629211366,-0.0115374299,0.561070383,0.636305511,-0.0121870376,0.583049655,0.627766,-0.0070963474,0.578092337,0.639948606,-0.0104317321,0.569997609,0.644357085,-0.0122069763,0.563542485,0.64600724,-0.0127426786,0.591078043,0.628083169,-0.00397720374,0.585102439,0.640628934,-0.00690825889,0.575063586,0.644009,-0.00805571396,0.567491949,0.644482553,-0.00835882593,0.594546318,0.627713799,-0.00129586144,0.588781,0.639140308,-0.00371191464,0.579541802,0.642430842,-0.00404664082,0.572533667,0.643172085,-0.00388938212,0.59520489,0.627199411,0.000825001625,0.590579748,0.636717737,-0.00106558239,0.583185613,0.640464604,-0.000975468603,0.577116668,0.641593158,-0.000351804658
2050.0000000000036,0.346318305,0.606600881,-5.29157553e-008,0.368310362,0.610348642,-0.00656565,0.380547762,0.61866188,-0.010060898,0.385539114,0.628858149,-0.0120871365,0.391136259,0.636811674,-0.0131864352,0.359561801,0.62626338,-0.0112154027,0.368274808,0.640601,-0.0144954175,0.375940174,0.645219684,-0.0148659507,0.380827785,0.646524191,-0.0140768867,0.346650928,0.628393,-0.00865201093,0.357599348,0.643501341,-0.0117501589,0.368105412,0.647207141,-0.0110211214,0.375308454,0.647237241,-0.00965885911,0.33960861,0.629114866,-0.00619776314,0.350885302,0.642446339,-0.00860737823,0.361065239,0.646174908,-0.00736550568,0.368405193,0.646625221,-0.00576792797,0.337360829,0.629242122,-0.00407205895,0.346665263,0.639564753,-0.00558432657,0.355415791,0.643642902,-0.00490284665,0.362632,0.645106614,-0.00377186039
2066.66666666667,0.584944844,0.608827651,1.19760813e-007,0.569052,0.612603784,-0.00858083833,0.562474251,0.620527744,-0.012092609,0.561819077,0.628847361,-0.0139939534,0.561777711,0.636157691,-0.0149931135,0.58359772,0.628284395,-0.00924379844,0.578442276,0.640840113,-0.0130297933,0.569595,0.644565761,-0.0147751328,0.562855721,0.645614,-0.0151226586,0.591690719,0.628920853,-0.00554197794,0.584865093,0.641778052,-0.0086246822,0.574581,0.643995106,-0.00944532733,0.567813694,0.643423736,-0.00943069439,0.595055282,0.628730893,-0.00229664962,0.588463068,0.640212893,-0.00483219698,0.578998327,0.642260611,-0.00477520423,0.572701633,0.641839385,-0.00426297,0.595374584,0.628415704,0.000310021744,0.590327382,0.637910783,-0.00175439159,0.582616746,0.64063412,-0.00151040684,0.577046275,0.640778363,-0.000685286184
2066.66666666667,0.345343441,0.606254399,-3.20664206e-008,0.367983222,0.60983628,-0.00717591774,0.380647123,0.618107259,-0.0112146856,0.385574162,0.628642738,-0.0134403212,0.390866518,0.636869,-0.0146361673,0.359118581,0.625771523,-0.0132244593,0.36865589,0.640411139,-0.0159970727,0.375750601,0.645783067,-0.0152069349,0.380205482,0.647408,-0.0134746823,0.345947087,0.627856553,-0.0101409033,0.356767833,0.643570423,-0.0127546256,0.367784977,0.647140265,-0.01069408,0.375216156,0.646659076,-0.00817156,0.339045852,0.628649831,-0.0070502162,0.350028813,0.642460108,-0.00899604615,0.360292554,0.645985365,-0.00671238685,0.367467731,0.645882964,-0.00425015856,0.33703652,0.628905237,-0.00428186404,0.34626168,0.639696062,-0.00530212419,0.354933083,0.643904686,-0.00383749511,0.362002015,0.645196259,-0.00201712293
2083.3333333333367,0.585811317,0.607787311,1.082986e-007,0.569285572,0.61232096,-0.00674101897,0.562248945,0.620679319,-0.00879588071,0.561931431,0.628728449,-0.0097682653,0.56181705,0.635617673,-0.00991050899,0.583306491,0.628451228,-0.0043385718,0.578482,0.640285134,-0.00697108917,0.570219,0.644277751,-0.00864939764,0.563631296,0.645643353,-0.00922487676,0.591008186,0.628923833,-0.0014845602,0.58435297,0.640861213,-0.00387314986,0.574514568,0.64379859,-0.00531117851,0.567190707,0.64400816,-0.00588741433,0.594244421,0.628705263,0.000825401512,0.588012278,0.639663756,-0.0011368061,0.578785,0.642724395,-0.00183953636,0.571764052,0.643294692,-0.00198148261,0.594750166,0.628391266,0.00256590452,0.589912295,0.637706161,0.00110521703,0.582560778,0.64122951,0.00107968296,0.576405346,0.642152607,0.00154729479
2083.3333333333367,0.346940249,0.606047392,-3.84428276e-008,0.369334221,0.610547543,-0.00619374169,0.380920768,0.619011879,-0.0101765078,0.385473251,0.62926352,-0.0125678079,0.391141832,0.637033343,-0.0139221484,0.359056979,0.626744449,-0.012830195,0.368469387,0.64134258,-0.0160471126,0.375763983,0.645902932,-0.0157881,0.380348474,0.647040904,-0.0144485384,0.345464706,0.628281593,-0.0102453567,0.356693089,0.643649101,-0.0133788111,0.367533535,0.647064328,-0.0116268853,0.374866158,0.646856606,-0.00939636491,0.337914616,0.628494084,-0.0075464421,0.349362195,0.642068923,-0.00964098,0.359672546,0.645483434,-0.00687694,0.366755068,0.645483732,-0.00414792541,0.335051298,0.628055036,-0.00512379548,0.344797164,0.637968838,-0.00603903551,0.353867531,0.64176923,-0.00411728071,0.360865623,0.643051147,-0.00198618416
2100.000000000003,0.585528,0.608221054,1.1255689e-007,0.569043875,0.612339735,-0.00760591123,0.562164307,0.620382309,-0.0104319742,0.56188339,0.628692865,-0.01178673,0.562082708,0.63592732,-0.0122069828,0.58309418,0.627835095,-0.00751649,0.577911496,0.640393674,-0.0105077233,0.569637239,0.644109249,-0.0117005398,0.563348651,0.645206451,-0.0117203575,0.59116441,0.628487587,-0.00409248704,0.584065795,0.641446173,-0.00691305287,0.574056923,0.643513799,-0.00768583268,0.567511141,0.642725468,-0.0075127543,0.594672561,0.628368,-0.0010628798,0.588215,0.640058041,-0.00340875215,0.578796923,0.642113805,-0.00352371694,0.57247889,0.641563773,-0.00300773326,0.595293641,0.628178239,0.00142730435,0.590252817,0.637846172,-0.000471223786,0.582627237,0.640705764,-0.000352375413,0.576973081,0.640972197,0.000427558698
2100.000000000003,0.346190393,0.605341375,-4.63305376e-008,0.368698865,0.609606147,-0.00699229864,0.380445123,0.61828649,-0.0110525843,0.385009766,0.628635645,-0.0134120006,0.390934646,0.636591375,-0.0146911321,0.359360099,0.626492083,-0.0130369151,0.367974281,0.640917,-0.01649989,0.375693738,0.645732224,-0.0164156165,0.380782515,0.646746695,-0.0151126981,0.345855176,0.628201,-0.010128269,0.356986284,0.64327234,-0.0131571861,0.367785126,0.647007942,-0.0115251625,0.374909073,0.647008657,-0.00945018604,0.338336378,0.628478646,-0.00722928066,0.350222,0.641526341,-0.00936658215,0.360541165,0.645102918,-0.00691625709,0.367608368,0.645347357,-0.00445421925,0.335555613,0.628023,-0.00469874544,0.345363408,0.638037801,-0.00587395392,0.354303777,0.642014325,-0.00425403146,0.361388683,0.643311918,-0.00231671147
2116.6666666666697,0.583696604,0.607812226,1.13974473e-007,0.567914248,0.612627149,-0.00700389687,0.562217832,0.620892942,-0.00956916623,0.562497377,0.629143178,-0.0110436985,0.562019169,0.636154354,-0.0117402077,0.582554102,0.627856851,-0.00593611319,0.578118503,0.639962912,-0.00952289533,0.569603801,0.644038796,-0.0116565144,0.562777877,0.645572126,-0.0123930592,0.590772092,0.628223777,-0.00314615713,0.585345626,0.640308261,-0.00628674,0.57542,0.643201709,-0.00774064846,0.568145573,0.64336139,-0.00821025856,0.594764709,0.627843678,-0.000875295838,0.589953661,0.638808131,-0.00341596641,0.580949426,0.641737521,-0.00382607942,0.574114561,0.642225623,-0.00364059047,0.595878899,0.62742722,0.000817773107,0.592049897,0.636768,-0.00109853037,0.584844649,0.640279233,-0.000923047832,0.578962505,0.641263962,-0.000197710193
2116.6666666666697,0.346471608,0.60623157,-4.66393431e-008,0.368951619,0.61006844,-0.00623853225,0.380788505,0.618428111,-0.0101540191,0.385198772,0.628871739,-0.0125065241,0.391340852,0.636672258,-0.0138181075,0.359928817,0.626981199,-0.0131366551,0.369272739,0.641630471,-0.0160217546,0.376851,0.645932615,-0.0151353814,0.381186634,0.646743774,-0.013376792,0.346436411,0.628699124,-0.0105334558,0.358135223,0.644050896,-0.0136616565,0.369069606,0.647041798,-0.0115231844,0.375732154,0.646635771,-0.00903114304,0.33870694,0.629115641,-0.00780456234,0.349814773,0.642916799,-0.00995706,0.360163808,0.645903707,-0.00706322677,0.367022604,0.645550132,-0.00424819812,0.335628539,0.628796756,-0.00535659818,0.344588578,0.639303803,-0.00612550089,0.353438735,0.643014371,-0.00419409759,0.360221595,0.643965,-0.0021292842
2133.333333333336,0.583685338,0.60887897,1.05234939e-007,0.568108141,0.61308974,-0.0073620528,0.561729193,0.621221304,-0.00990459789,0.561116,0.629402041,-0.0112746367,0.561198771,0.636398077,-0.0118399523,0.582395,0.629031837,-0.00535313599,0.577511907,0.640706539,-0.00833776314,0.569176137,0.643680453,-0.010153628,0.563037574,0.644098461,-0.0107558249,0.590265155,0.629330814,-0.00232168194,0.58382535,0.641211808,-0.00487749744,0.573824167,0.64346087,-0.00633664429,0.567025125,0.642919958,-0.00695027271,0.593825519,0.628695548,0.000109848879,0.588014722,0.639419854,-0.00224679476,0.578579366,0.64199549,-0.00311163161,0.57181859,0.642045856,-0.00335677085,0.594644964,0.628016055,0.00198785868,0.590052903,0.637153745,-8.89041912e-005,0.582580507,0.640216589,-0.000333258737,0.576652586,0.64075917,1.96661513e-005
2133.333333333336,0.346986383,0.605592787,-4.97001054e-008,0.369048923,0.60994029,-0.00641159806,0.380452454,0.618487298,-0.0102257291,0.38486886,0.628786325,-0.012580974,0.390577137,0.636563718,-0.0140124671,0.359012693,0.626568496,-0.0119315144,0.368345916,0.640623927,-0.0152672464,0.375636548,0.645502687,-0.0153935775,0.380227655,0.647066593,-0.014413272,0.345828831,0.628581345,-0.00950180832,0.357589692,0.643111289,-0.0123295551,0.367875099,0.646789,-0.0111001888,0.374726325,0.647019327,-0.00949508417,0.33831507,0.629190445,-0.0071069994,0.350708097,0.641947508,-0.00910617318,0.360745698,0.645511746,-0.00716988184,0.367781937,0.645891488,-0.00529270945,0.33559826,0.628997684,-0.00509577431,0.345576376,0.638428688,-0.00630236976,0.354163915,0.642060757,-0.00517095625,0.361070603,0.64331311,-0.00375937507
2150.0000000000027,0.585023403,0.60874331,1.14385216e-007,0.568867,0.613028,-0.00769972708,0.562026,0.621167243,-0.0104463873,0.56122148,0.629516304,-0.0118452637,0.561324418,0.636624336,-0.012458167,0.583306372,0.628125668,-0.00731656188,0.577426374,0.640251637,-0.0104586724,0.568663478,0.644031286,-0.0119476886,0.561976373,0.645383835,-0.0122885127,0.591075063,0.628798902,-0.00400984334,0.58395052,0.641312599,-0.00658572884,0.573689342,0.6436584,-0.00737772556,0.566699505,0.643359423,-0.00744104525,0.594340563,0.628630161,-0.00117074582,0.58783567,0.639772892,-0.00330677163,0.578528464,0.642063498,-0.00334597821,0.572018743,0.641991198,-0.00298792939,0.594871223,0.628260314,0.00105983869,0.589947224,0.637596369,-0.000770756393,0.582310379,0.640736878,-0.000593918376,0.57659328,0.641327262,0.000113706876
2150.0000000000027,0.345285028,0.606019616,-5.73531e-008,0.368117452,0.609734058,-0.00643039634,0.380453736,0.618310452,-0.00996633619,0.385177702,0.628731906,-0.0121107828,0.390811026,0.636589646,-0.0132874306,0.359128028,0.62673825,-0.0108690616,0.367943645,0.640715718,-0.014347095,0.375848889,0.645377517,-0.0147998165,0.38076663,0.646728516,-0.0140465228,0.346230865,0.628676355,-0.00852241274,0.357354045,0.643408835,-0.0118369125,0.368411362,0.646865308,-0.0108279129,0.375644445,0.646905243,-0.00916523952,0.339036912,0.629318893,-0.00635288469,0.350494683,0.642452955,-0.00887588225,0.361069918,0.645854235,-0.00717179244,0.368466288,0.646092653,-0.00518468348,0.336465895,0.629207671,-0.00457385927,0.346187502,0.639308,-0.0060304068,0.355132341,0.643190145,-0.00507467287,0.362353,0.644493043,-0.00369348959
2166.6666666666692,0.585111439,0.608599067,1.04384902e-007,0.569377601,0.61254406,-0.00718401512,0.562373,0.620586812,-0.00976112485,0.561537623,0.628721297,-0.0110469768,0.562026799,0.635666907,-0.0114889471,0.582987428,0.628610849,-0.00673755584,0.576951087,0.640801251,-0.00976017676,0.568402886,0.644070268,-0.0111619458,0.562199116,0.644765794,-0.0113487616,0.590759754,0.629129112,-0.00362021499,0.583145857,0.641576469,-0.0063552428,0.572934747,0.643639207,-0.00730326632,0.566245139,0.642952263,-0.00736711733,0.594133914,0.628778696,-0.000950974529,0.587522626,0.64009887,-0.00329449377,0.578009963,0.64232862,-0.003601206,0.571537077,0.642040849,-0.00334221148,0.594815791,0.628274143,0.00119319838,0.589696765,0.6377033,-0.000683769817,0.582184196,0.640552044,-0.000588875,0.576623559,0.640854,6.80679077e-005
2166.6666666666692,0.347797483,0.606585741,-3.753307e-008,0.369918257,0.610540092,-0.0066642235,0.381083,0.618811548,-0.0104776509,0.385057241,0.629151821,-0.0125962142,0.390922517,0.636934042,-0.0137270605,0.359282404,0.626760125,-0.0127816312,0.368827969,0.640804052,-0.0152079174,0.375969589,0.645473421,-0.0142862406,0.380516052,0.646878064,-0.0126123158,0.346265376,0.628589,-0.00991900079,0.357635319,0.643230259,-0.0123165296,0.367973566,0.64667958,-0.0103235254,0.374999881,0.646697819,-0.00811100192,0.339173704,0.629150748,-0.00699274894,0.350569129,0.642065465,-0.00857539196,0.360290408,0.645422041,-0.00615784246,0.367077947,0.64563936,-0.00390162435,0.336890519,0.629073799,-0.00442825817,0.346089721,0.638737321,-0.00515847886,0.354296118,0.642276049,-0.00366556598,0.360701859,0.643353045,-0.00201884494
2183.3333333333358,0.58406,0.608326614,1.2378635e-007,0.568464637,0.612619698,-0.00857317,0.561612546,0.6204862,-0.0118011357,0.561430871,0.628580749,-0.0131920259,0.561638534,0.635789514,-0.0136434864,0.583373666,0.627559602,-0.00982097536,0.577087402,0.640770137,-0.0129214153,0.56846559,0.644576,-0.0138535257,0.562210739,0.645835102,-0.0136472881,0.591385245,0.62808615,-0.00571647,0.58391273,0.641468346,-0.00856155157,0.573510349,0.64376533,-0.00906403735,0.566705644,0.643149078,-0.00873738155,0.59457165,0.627824903,-0.00193599483,0.587986767,0.639629602,-0.00425712718,0.57829541,0.642006099,-0.00435699,0.571690261,0.641853631,-0.003915234,0.594826102,0.627497077,0.00128470699,0.589710414,0.637183607,-0.000710585562,0.581887543,0.640238881,-0.00068292761,0.576006651,0.640798748,1.21308876e-005
2183.3333333333358,0.346384466,0.606164098,-5.41466214e-008,0.368799895,0.610162914,-0.00627573114,0.380414963,0.618840754,-0.00974373426,0.385015398,0.629137,-0.0118578188,0.390945375,0.636930883,-0.0130676795,0.35889405,0.62660265,-0.0109396735,0.36783576,0.640704751,-0.0140954284,0.375406593,0.645602643,-0.0143606132,0.380239427,0.646972835,-0.0135290781,0.34557122,0.628403544,-0.00860633794,0.356689215,0.643077731,-0.0114591923,0.367612779,0.646795,-0.0104444213,0.375027895,0.646959662,-0.00896203332,0.337965339,0.628944099,-0.00636592088,0.34864372,0.642222524,-0.00863937568,0.359153271,0.645783842,-0.00692376541,0.366667241,0.645956695,-0.00501992786,0.334981591,0.628978908,-0.00446163584,0.343479782,0.639318645,-0.00585449161,0.35234189,0.643367112,-0.00482114917,0.359539539,0.644662142,-0.00340780546
2200.0000000000023,0.583676279,0.608076036,8.52700595e-008,0.567792237,0.612876415,-0.00662104785,0.561808407,0.621094882,-0.00869246386,0.561268389,0.629236042,-0.00959947,0.561489,0.636231244,-0.00954258721,0.582764149,0.628574073,-0.00471643591,0.57842046,0.640618086,-0.00695208041,0.570308208,0.643470466,-0.00803678855,0.564925909,0.643714905,-0.00812822394,0.590903521,0.628849,-0.00166222989,0.585291684,0.640992105,-0.00323802652,0.576195061,0.642685056,-0.0038293351,0.571021616,0.641832,-0.00388242444,0.594584823,0.62828058,0.000903236622,0.589438915,0.639158726,-0.000442173157,0.581110835,0.641089857,-0.000358964287,0.576114178,0.640679061,-4.12541158e-005,0.595301509,0.627692938,0.00294953166,0.591182947,0.636996329,0.00180309499,0.584463954,0.639856398,0.00226058532,0.57989192,0.640123069,0.00306430319
2200.0000000000023,0.34784168,0.606903791,-4.29479776e-008,0.369020522,0.610582232,-0.00731143309,0.380644649,0.618580043,-0.0115001546,0.385065168,0.62859267,-0.0141343856,0.390577108,0.636528552,-0.0157700088,0.359820187,0.626475,-0.012427235,0.36818096,0.640643537,-0.0165286884,0.375676125,0.645296395,-0.0172121581,0.380345374,0.646525681,-0.0164599083,0.346532196,0.628223896,-0.00981856,0.356930792,0.643390119,-0.0136321718,0.367373765,0.646776378,-0.0126683787,0.374133408,0.646692932,-0.0109211681,0.338956892,0.628632903,-0.00742281973,0.349041611,0.641957223,-0.0104108937,0.359281152,0.645334423,-0.00856137648,0.366271585,0.645545125,-0.00632565236,0.336109906,0.628494799,-0.00545042707,0.344583482,0.638748527,-0.00731847063,0.353397608,0.642666161,-0.00626826379,0.360251933,0.643994272,-0.00468863035
2216.666666666669,0.583814383,0.608390868,1.05503005e-007,0.568273187,0.612799287,-0.00710669253,0.561733,0.620975494,-0.0093502868,0.561369121,0.629185796,-0.0103005422,0.561536252,0.636129856,-0.010441483,0.583469808,0.629137576,-0.00472890632,0.577362239,0.640668035,-0.00668369373,0.569250584,0.644029677,-0.00789326057,0.562820554,0.644806445,-0.00819978584,0.591163754,0.629449308,-0.00130391831,0.584483206,0.640960693,-0.00276284735,0.575434446,0.642959237,-0.00373684848,0.56887424,0.642321587,-0.00408226671,0.594365895,0.628893316,0.001663898,0.588619649,0.639102042,0.000573783,0.580423772,0.641316533,0.000296084734,0.574343324,0.641202927,0.000293603807,0.594671786,0.628193736,0.00404595351,0.590282142,0.636875808,0.00313159078,0.583783627,0.639933109,0.00333516579,0.578440547,0.640624762,0.00392870745
2216.666666666669,0.346472919,0.606618881,-5.21881702e-008,0.369014829,0.610084832,-0.0064947186,0.380953968,0.618376374,-0.0101385461,0.385228187,0.628555894,-0.0123099042,0.390203893,0.636618257,-0.0134889064,0.359785765,0.62632817,-0.0114969248,0.36852327,0.640574098,-0.0147461314,0.376177967,0.645429611,-0.0147370743,0.38089,0.646704,-0.0136055648,0.34632659,0.628229856,-0.00910236,0.356811047,0.64313972,-0.0121245943,0.367375731,0.64679879,-0.0108479289,0.374347955,0.646857738,-0.00894389,0.338717699,0.62888068,-0.00682579726,0.349797547,0.64196986,-0.00909447949,0.359938353,0.645664275,-0.00727071613,0.366984367,0.646084368,-0.0051968107,0.335798323,0.628971279,-0.00489640376,0.345353156,0.638981462,-0.00628565112,0.354107767,0.643094301,-0.00519096665,0.361063689,0.644628,-0.00364786806
2233.3333333333353,0.584271669,0.608331203,1.1218286e-007,0.568262637,0.613034666,-0.00695934938,0.561263502,0.62130636,-0.00933238398,0.56096077,0.629582167,-0.0106201088,0.561441898,0.636579692,-0.0112435371,0.582058,0.628664076,-0.00464713294,0.577285647,0.64016515,-0.00712586148,0.569467962,0.644140959,-0.00874557626,0.563004494,0.645702541,-0.00935698673,0.590229511,0.628976524,-0.00170036464,0.584270835,0.640705705,-0.00384801836,0.574753046,0.643158495,-0.00521582691,0.567624569,0.642856061,-0.00573967351,0.594067931,0.628439426,0.000744763878,0.589258969,0.639131,-0.000804252923,0.580573618,0.641770959,-0.00121228513,0.573867738,0.641940176,-0.00121019641,0.595145166,0.627696514,0.00257549598,0.591742,0.636705101,0.00136182946,0.585029304,0.640137076,0.00146721536,0.579261899,0.641023457,0.00199785666
2233.3333333333353,0.346289396,0.606371045,-4.63748826e-008,0.36820212,0.610389531,-0.00578800123,0.380092978,0.618712902,-0.00956110656,0.384847313,0.628745556,-0.0120991189,0.389826238,0.63667345,-0.0137559827,0.360042214,0.626280069,-0.0110820103,0.368277907,0.640042603,-0.0151994862,0.375262737,0.64529407,-0.0159061216,0.379982799,0.646795809,-0.0150521575,0.346435189,0.628146708,-0.00924979709,0.357142121,0.642832279,-0.012755964,0.367403954,0.646613955,-0.0116929347,0.374318212,0.646782,-0.00981333945,0.338196337,0.628810287,-0.0075234347,0.348892301,0.642113864,-0.0100977011,0.3586272,0.645790458,-0.00792968646,0.365622818,0.6461218,-0.00544287544,0.334665567,0.628762245,-0.00611092895,0.343563646,0.639059603,-0.0074180006,0.35181725,0.642967761,-0.00573204039,0.358622074,0.644282,-0.00362240779
2250.000000000002,0.584193408,0.608883,1.15536579e-007,0.568301499,0.612443745,-0.00862760749,0.561680198,0.620593548,-0.0118480297,0.561309636,0.629055142,-0.0134234065,0.561592042,0.636252,-0.0140620833,0.584198654,0.627802134,-0.00935090613,0.577844858,0.640502691,-0.0130390581,0.568540275,0.643775344,-0.014495668,0.561814129,0.644302487,-0.0146007994,0.591883838,0.62869215,-0.00551719731,0.583545744,0.641325414,-0.00830508862,0.572856963,0.643534303,-0.0089258654,0.565820456,0.643280208,-0.00887949113,0.59466064,0.628798723,-0.00215267,0.586772084,0.639974713,-0.00454020454,0.576828301,0.642272174,-0.00462628249,0.569932222,0.642305195,-0.00433572102,0.594620943,0.628727436,0.000569867,0.588675439,0.638019681,-0.00161324861,0.580432296,0.64079392,-0.00157164771,0.574315548,0.641101241,-0.000924736436
2250.000000000002,0.345621824,0.60624516,-3.92894428e-008,0.368055016,0.610139668,-0.00610295031,0.380037338,0.61853832,-0.00953053217,0.384823591,0.628666461,-0.0114779053,0.389635086,0.636573374,-0.012437962,0.359597981,0.626140416,-0.0110857682,0.368504316,0.640409827,-0.0142832119,0.376088053,0.645205617,-0.0143008009,0.380521029,0.646458626,-0.0131233735,0.346095592,0.627853751,-0.00863752887,0.356794357,0.64291364,-0.0118892193,0.367081553,0.646615207,-0.0105816284,0.373642981,0.646725357,-0.00852147676,0.338396668,0.628302097,-0.00625753962,0.349036604,0.641648054,-0.00865712296,0.358976126,0.645495653,-0.00666220905,0.365828454,0.646011,-0.0042552636,0.335412413,0.628173351,-0.00415237946,0.344111294,0.638471544,-0.00529090455,0.35268265,0.642807484,-0.00393060455,0.359519184,0.644512475,-0.00212783669
2266.6666666666683,0.585376263,0.608590066,1.1999839e-007,0.568924606,0.612422585,-0.00833370909,0.562340498,0.620541811,-0.0113820843,0.56167537,0.628794372,-0.0127939973,0.561863065,0.636034846,-0.0133315921,0.583143353,0.627904,-0.00889252778,0.578221083,0.64093852,-0.0122136641,0.569262743,0.644677758,-0.0136263566,0.562309325,0.645649672,-0.013754854,0.591197133,0.628583372,-0.00497112097,0.584075451,0.641634,-0.00774049,0.573455751,0.64441663,-0.00867198501,0.565962076,0.644175947,-0.00881446805,0.594431877,0.628507,-0.00144888368,0.587870479,0.6402722,-0.00370474299,0.577977955,0.643106461,-0.00432253769,0.570811212,0.643237412,-0.0044006696,0.594838142,0.62831533,0.00149765238,0.589514613,0.637951434,-0.000515122782,0.581495821,0.641285,-0.0008471295,0.575115502,0.641905725,-0.000528128643
2266.6666666666683,0.346971899,0.606278956,-4.00002982e-008,0.368830144,0.610289395,-0.00661284383,0.380386144,0.618605196,-0.0103699602,0.384618312,0.628918648,-0.0124507165,0.38957563,0.636784732,-0.0134464847,0.359376669,0.625789762,-0.0127834082,0.368393749,0.640179694,-0.0159593578,0.375966936,0.645301,-0.0153862946,0.380767494,0.64681524,-0.0137624638,0.34602806,0.627937198,-0.0100496095,0.35740307,0.64291954,-0.0130178072,0.367769301,0.646520317,-0.0109202256,0.374435127,0.646644235,-0.00841307081,0.338224888,0.628899574,-0.00733364187,0.349759459,0.64200151,-0.00933266,0.359579355,0.64526993,-0.00647312636,0.366112679,0.645316899,-0.00363857369,0.335046858,0.629151344,-0.00501494575,0.344350904,0.639033616,-0.00592768891,0.353074878,0.64257741,-0.00416891184,0.359709084,0.643533528,-0.00213095755
2283.333333333335,0.584067106,0.608484209,1.06776788e-007,0.568021834,0.613063812,-0.00678841257,0.561663389,0.621058106,-0.00914758909,0.561532199,0.629426599,-0.0104381731,0.561492622,0.636536,-0.0108837271,0.582328856,0.628639698,-0.00458722282,0.576990426,0.640558898,-0.00726675056,0.569153309,0.64414078,-0.0087362,0.563236713,0.645089746,-0.00909337122,0.590502,0.629105568,-0.0016999509,0.583797,0.641341746,-0.00396600598,0.574608207,0.643473327,-0.00499228109,0.568430305,0.642997146,-0.00520269573,0.594126761,0.628678262,0.000627985573,0.58812362,0.639765739,-0.00143022544,0.579406917,0.642006755,-0.00174573029,0.573327243,0.641739786,-0.00152634515,0.59485805,0.628159463,0.00241381209,0.589853,0.637439847,0.000620673294,0.582781076,0.640420735,0.000657063501,0.577457,0.640880406,0.00128654321
2283.333333333335,0.345865548,0.60702461,-5.41477405e-008,0.368431956,0.610456467,-0.00613165693,0.380583137,0.618538082,-0.00947789103,0.385045946,0.628715634,-0.0113340141,0.389769822,0.6366027,-0.0122771729,0.359057367,0.626719117,-0.0115077607,0.368597329,0.640804172,-0.0142204491,0.376282245,0.645385146,-0.0139888506,0.381055057,0.646933138,-0.0128812846,0.345926106,0.628805578,-0.00895579159,0.357918829,0.643273711,-0.0115594855,0.368383169,0.646648228,-0.0101220803,0.375130981,0.646850228,-0.0084104361,0.338461369,0.629431,-0.00641737413,0.350077808,0.642294943,-0.00843941141,0.360206544,0.645575225,-0.00650455151,0.367143363,0.645819604,-0.00452712318,0.335490406,0.629388809,-0.00419082167,0.344857842,0.639247119,-0.00523837935,0.35359019,0.642906129,-0.00413209945,0.360429972,0.64406991,-0.00277979323
2300.0000000000014,0.58396858,0.608263433,1.19911988e-007,0.567640662,0.612629116,-0.00732720364,0.561469734,0.62057358,-0.0100309169,0.561063588,0.628587484,-0.011318096,0.560719073,0.635518968,-0.0118337749,0.58252883,0.628863394,-0.00650581764,0.576782405,0.640957,-0.00882595684,0.568514407,0.644286,-0.0099831447,0.562342227,0.644982576,-0.0101373252,0.590716183,0.628992856,-0.00298525067,0.583534598,0.641680956,-0.00517244637,0.573384702,0.643911064,-0.00618313858,0.566504,0.643135369,-0.00637560617,0.594281256,0.628151894,0.000178134767,0.5879215,0.639532,-0.00136631611,0.578512549,0.642071426,-0.00178045302,0.571965337,0.641902387,-0.00176945166,0.594987392,0.627185583,0.00283776387,0.590092659,0.636679649,0.00179634721,0.582758784,0.639833272,0.00200116821,0.577068269,0.640339851,0.0025855517
2300.0000000000014,0.34608236,0.606309,-4.23109725e-008,0.368195504,0.610067487,-0.00619645137,0.380253,0.618392587,-0.0101357894,0.384978056,0.628433108,-0.0125698,0.389724076,0.636341214,-0.0140078114,0.359381855,0.626037538,-0.0128036523,0.368298471,0.640388966,-0.0164255369,0.37564981,0.645392835,-0.0161968,0.380316645,0.646604121,-0.0146939084,0.345964164,0.627903342,-0.0104509722,0.356568664,0.642945945,-0.0137164267,0.36725679,0.646657705,-0.0119354464,0.374328494,0.646693408,-0.00956585631,0.338248223,0.628550529,-0.00807871763,0.348655134,0.642110229,-0.0104531571,0.358743787,0.645884693,-0.0080177,0.365951329,0.6461,-0.00537058478,0.335297942,0.628548622,-0.00599050941,0.343850434,0.638948083,-0.00717572076,0.35224703,0.643188894,-0.00554480078,0.359194785,0.644706368,-0.00351244444
2316.666666666668,0.584508836,0.608202,1.21832031e-007,0.568661869,0.612549603,-0.00780723616,0.561789,0.620389521,-0.0110704685,0.560884,0.628739536,-0.0130641907,0.560888827,0.636112809,-0.0142079722,0.582451522,0.628453195,-0.00656643324,0.57781148,0.640716434,-0.00976696797,0.569488823,0.644508898,-0.0115107428,0.563097239,0.6455881,-0.0119753284,0.590543091,0.628891,-0.00337646762,0.583891451,0.641492963,-0.00600597309,0.573879659,0.644103944,-0.00709811971,0.567002058,0.643915296,-0.00735688442,0.594186366,0.628472269,-0.000750342908,0.58837831,0.639723063,-0.00277686818,0.579101622,0.642384171,-0.00291857682,0.572533309,0.642420769,-0.00267449324,0.594926655,0.627916634,0.00122545578,0.590295851,0.637308896,-0.000322996697,0.58301574,0.640531659,-1.40493148e-005,0.577407241,0.641059458,0.000742899778
2316.666666666668,0.346069485,0.605763316,-4.29284164e-008,0.368105,0.609833121,-0.00683528,0.380209774,0.618286729,-0.0106073385,0.384622157,0.628672659,-0.0127995415,0.389718652,0.636691689,-0.0140180225,0.359248728,0.625578642,-0.0123050604,0.367855579,0.639724851,-0.0160899051,0.375284493,0.644958198,-0.0164012909,0.380389571,0.646644175,-0.0154058086,0.34606716,0.627683222,-0.00978868455,0.356930882,0.642804742,-0.0132294074,0.367698282,0.646651626,-0.0119940778,0.375214666,0.646814,-0.0100524006,0.338666767,0.628517032,-0.00738728419,0.349789619,0.641815,-0.00987882726,0.359971911,0.645474672,-0.0078993151,0.367264152,0.645874262,-0.00563692162,0.336080611,0.628599346,-0.00537607167,0.345630139,0.638698816,-0.00666310592,0.354365736,0.642597735,-0.0053142109,0.36139223,0.643972635,-0.00357044395
2333.3333333333344,0.584377527,0.608020306,1.06205142e-007,0.568162501,0.612499058,-0.00760569284,0.561759,0.620655358,-0.0103494991,0.561411202,0.628580749,-0.0115580596,0.56054759,0.635583,-0.0118478434,0.582531154,0.628204763,-0.00784786697,0.577694833,0.641013563,-0.0108001139,0.568624,0.64439255,-0.0120215546,0.562400639,0.644956112,-0.0120461043,0.590517581,0.628582478,-0.00430534827,0.583703876,0.641475439,-0.00681727147,0.573022127,0.643839657,-0.0076514855,0.566454291,0.643161356,-0.00775491633,0.594046772,0.628172934,-0.00114625238,0.588080168,0.639717519,-0.00309367315,0.578138,0.642256498,-0.00351226912,0.571559429,0.642152488,-0.00350130186,0.59473753,0.627701104,0.00149815774,0.589900076,0.637278914,-6.31498551e-005,0.582084358,0.64035666,3.38602331e-006,0.576340079,0.640695,0.000541730144
2333.3333333333344,0.34625724,0.605681539,-4.18786641e-008,0.368138,0.609577894,-0.00688188,0.380107284,0.618168235,-0.01077927,0.384577632,0.628680289,-0.0129875774,0.389593214,0.636759818,-0.0141129727,0.359251916,0.625354111,-0.0129863936,0.368602037,0.640098393,-0.0161910597,0.375729859,0.645036399,-0.015604415,0.37956351,0.646158397,-0.013955811,0.345928311,0.62745285,-0.0100640487,0.357388645,0.642926276,-0.0130704297,0.367621034,0.646300614,-0.0111984909,0.373987257,0.645812273,-0.00881630369,0.338485897,0.628274858,-0.00715958187,0.350279838,0.641747594,-0.00930508599,0.360405862,0.645049036,-0.00695025409,0.367194533,0.644924819,-0.00447933888,0.335927069,0.628375709,-0.00461078435,0.345713198,0.63847971,-0.0058806194,0.354516804,0.642448,-0.00465816632,0.361439586,0.643713474,-0.00301306206
2350.000000000001,0.583842397,0.607646465,1.09832534e-007,0.567942917,0.612792313,-0.0063814274,0.561364412,0.620757341,-0.00879694615,0.560960174,0.629152179,-0.0103297513,0.561109245,0.636391342,-0.0110847577,0.582719684,0.628941953,-0.00277683674,0.57785213,0.640190303,-0.00494738156,0.570106089,0.643504858,-0.00662187301,0.56406647,0.64439559,-0.0073029059,0.590702295,0.629105449,-0.000148185514,0.584716678,0.640547156,-0.00160178333,0.576063633,0.642727733,-0.00281954883,0.569951773,0.642531753,-0.00345174107,0.594608128,0.628379464,0.00189020124,0.589207292,0.638759196,0.000774769636,0.581247807,0.64114958,0.000759778661,0.575437546,0.641223669,0.000906578207,0.595647,0.627539,0.00333021162,0.591322064,0.636549,0.0024883505,0.58480382,0.639794707,0.00310253981,0.579659522,0.640538335,0.00397014618
2350.000000000001,0.347383648,0.605855882,-4.76356519e-008,0.369142234,0.610025108,-0.00629508309,0.380340755,0.618427277,-0.00998175889,0.384450287,0.628605902,-0.0120657,0.389480561,0.636363626,-0.0130918277,0.358501971,0.626116872,-0.0126586715,0.36827752,0.640478969,-0.0157298148,0.375697076,0.645028651,-0.0153135275,0.380022138,0.646190703,-0.0139200632,0.345473498,0.627972126,-0.0100532584,0.357040852,0.643053591,-0.0132707413,0.367521822,0.646709323,-0.0116843553,0.374553323,0.64671427,-0.00959213637,0.338207424,0.62844944,-0.00737741357,0.350172162,0.641516507,-0.00956156664,0.360492736,0.645171583,-0.00734416442,0.367627233,0.645560682,-0.00507528521,0.335598648,0.628215611,-0.0050149681,0.345230877,0.63803184,-0.00615205709,0.354258448,0.641951084,-0.00482024811,0.36137414,0.643351316,-0.00318851066
2366.6666666666674,0.582684875,0.608203411,1.00588402e-007,0.56709075,0.612944484,-0.00712943403,0.561194599,0.621123493,-0.00939625129,0.560681522,0.629363596,-0.0103235273,0.560644805,0.636279583,-0.0103735346,0.582602143,0.628850043,-0.00506111793,0.577673078,0.640430748,-0.0068825935,0.569275141,0.643189549,-0.0078223357,0.563614905,0.64359653,-0.0079118982,0.590655088,0.628854692,-0.00168162945,0.584605515,0.641081095,-0.00295541761,0.574934125,0.642797768,-0.00350258732,0.569108248,0.6419577,-0.00354447379,0.59425503,0.627936959,0.00122067553,0.588787377,0.638821542,0.000124327824,0.579924703,0.640948474,5.26060394e-005,0.574209273,0.64075774,0.000227810568,0.5949471,0.626973689,0.00359611236,0.590708494,0.636234164,0.00266511668,0.583621919,0.639368653,0.00306975166,0.57849884,0.639990807,0.00378238177
2366.6666666666674,0.345376104,0.6059618,-5.16640917e-008,0.367447257,0.60937047,-0.0078437794,0.380064368,0.617465258,-0.0121382317,0.385014653,0.62782228,-0.0146514513,0.390119106,0.636154294,-0.0161574893,0.358265966,0.624572933,-0.0141292121,0.367802203,0.639054418,-0.0178239606,0.375393659,0.644415915,-0.017732935,0.380069762,0.646314919,-0.0165739469,0.345398217,0.627144873,-0.0111080753,0.357018083,0.642507255,-0.0145258652,0.367888957,0.64626,-0.0130299516,0.375023216,0.646265447,-0.0110944128,0.338485658,0.628382683,-0.00820108689,0.350340694,0.641982734,-0.0108731734,0.360674083,0.645437837,-0.00889705401,0.367839903,0.645520568,-0.00677397428,0.336434394,0.628843665,-0.00575351156,0.346224546,0.639311194,-0.00751291774,0.355067104,0.643239081,-0.0066028689,0.362171769,0.644385636,-0.0052621332
2383.333333333334,0.585123,0.608093143,9.25393806e-008,0.568476081,0.61242646,-0.00737390714,0.561531901,0.620572031,-0.00980284438,0.561388254,0.628805459,-0.0109611414,0.561183393,0.635974228,-0.0112802014,0.582314909,0.628613293,-0.00570955453,0.577146888,0.64079535,-0.00841568783,0.569054902,0.643831313,-0.00986581482,0.563286185,0.644268095,-0.0102092298,0.590337873,0.629047871,-0.00243166508,0.583806872,0.641256213,-0.00472683366,0.57439208,0.643428922,-0.00586516131,0.568308234,0.642775714,-0.00622651679,0.593908966,0.62865442,0.000322278473,0.588261843,0.639726937,-0.0017144531,0.579547167,0.642211676,-0.00229454972,0.573578537,0.642128408,-0.00231923512,0.594819903,0.628075361,0.00251666573,0.590194762,0.637507737,0.000759574817,0.583201706,0.640760958,0.000622927677,0.577940822,0.641361952,0.00106030423
2383.333333333334,0.34642908,0.60633105,-4.86097811e-008,0.368082464,0.610207558,-0.00659946818,0.38006869,0.618216038,-0.0103202835,0.384526432,0.628228128,-0.0127266236,0.389018625,0.63608253,-0.0142522966,0.358503401,0.625699222,-0.0110708103,0.367817461,0.639358222,-0.0147667797,0.374986082,0.644317925,-0.0154622085,0.379411042,0.646158695,-0.0149420882,0.345316052,0.627871573,-0.00895100087,0.35677579,0.642406464,-0.0120718619,0.366997451,0.646161199,-0.0114025483,0.373957932,0.646447897,-0.0101597803,0.33797276,0.628771842,-0.00705982698,0.349352896,0.641885877,-0.00969409384,0.35959959,0.645643711,-0.00844892,0.366990656,0.646133542,-0.00685864268,0.335580975,0.629079878,-0.00556936767,0.344827116,0.639228582,-0.0076459758,0.353663206,0.643371403,-0.00720599573,0.361076921,0.644953489,-0.00614942331
2400.0000000000005,0.585153639,0.608210683,1.33903427e-007,0.568968892,0.612246394,-0.0086854985,0.561857641,0.619883299,-0.0121563328,0.561438084,0.628276229,-0.0139950514,0.561072648,0.635832131,-0.0148826912,0.582976162,0.628053129,-0.00786476582,0.576907516,0.640656233,-0.0111381365,0.568447292,0.644385815,-0.0127513707,0.561954856,0.645608187,-0.0131011643,0.590794921,0.62880218,-0.00403162837,0.583139956,0.641611397,-0.0070053204,0.572937369,0.644576967,-0.00823655631,0.565565467,0.644647062,-0.0085177673,0.594192505,0.628704369,-0.000746290549,0.587466776,0.640210152,-0.00317830732,0.577744186,0.643186152,-0.00386696681,0.570448637,0.643585384,-0.00386022078,0.594845235,0.628554642,0.00189212093,0.589713633,0.638069272,-3.64452644e-005,0.582217455,0.64145726,-0.000236891763,0.576047242,0.642358184,0.000240192472
2400.0000000000005,0.345398277,0.605777144,-4.89139502e-008,0.367388189,0.609025598,-0.0075532007,0.379720449,0.616983831,-0.0116348406,0.384370744,0.627337396,-0.0140499007,0.38891688,0.635708,-0.0154889338,0.35836634,0.624637842,-0.0127095925,0.367432058,0.638884544,-0.0163403209,0.375073344,0.643956,-0.0167744718,0.379754126,0.645685673,-0.0160963498,0.345250845,0.626871943,-0.00985717308,0.356806576,0.641809106,-0.0129998773,0.367393821,0.645890176,-0.0120370388,0.37448144,0.646454513,-0.0106373103,0.337729096,0.627790868,-0.00718727056,0.349268734,0.64103651,-0.00969846733,0.359690934,0.644901752,-0.00807322562,0.367175728,0.645591915,-0.00629462348,0.334650934,0.628100514,-0.00496948883,0.344065756,0.638144,-0.00688724685,0.353143454,0.642266512,-0.00625030603,0.360602528,0.643912435,-0.0050889072
2416.666666666667,0.585292459,0.607212186,1.28556209e-007,0.569089651,0.611842,-0.00785187446,0.562170506,0.620036483,-0.0109158875,0.561202228,0.628270209,-0.0125874383,0.560672641,0.635604322,-0.0133958813,0.583151937,0.627719939,-0.00685970113,0.577480674,0.639714241,-0.0100774085,0.568937898,0.644019842,-0.0118573029,0.562003791,0.645935357,-0.0124138417,0.590916634,0.628065109,-0.0035706982,0.583845556,0.640654802,-0.00654067565,0.573626935,0.643737137,-0.00770836323,0.565968573,0.644042492,-0.00796024501,0.59427613,0.627695918,-0.000805531105,0.587997198,0.639239907,-0.00325592654,0.578448951,0.642255306,-0.00356366648,0.571197033,0.642773151,-0.00328343664,0.594766498,0.627271354,0.00132500392,0.589891374,0.636949241,-0.000609016279,0.582161605,0.64047873,-0.000547751435,0.575755835,0.641514182,0.000114327246
2416.666666666667,0.344666,0.606245399,-4.59027945e-008,0.367010891,0.609369576,-0.0072496403,0.379641324,0.617434382,-0.0108494656,0.38436833,0.627514303,-0.0126678506,0.388395697,0.635403156,-0.0135652795,0.357626766,0.624769628,-0.0130289253,0.367048502,0.638801754,-0.0161848981,0.374940842,0.643841445,-0.0163079388,0.379783601,0.645905614,-0.0154883545,0.344852865,0.627257645,-0.0100968471,0.356401205,0.6419909,-0.012915479,0.367335,0.645742416,-0.0116568971,0.374492228,0.645896494,-0.0100618601,0.337993979,0.628302455,-0.00724230101,0.34933275,0.641548455,-0.00951267686,0.359657615,0.644786954,-0.00785656273,0.366642773,0.644812,-0.00602800073,0.335986733,0.628712,-0.0047779684,0.345394045,0.638804317,-0.00627030106,0.354132026,0.642364144,-0.00545445923,0.360923201,0.643377125,-0.00425426709
2433.3333333333335,0.585526347,0.607345641,1.25593587e-007,0.569188714,0.611678243,-0.00894204155,0.562517285,0.619661927,-0.0126338843,0.561801076,0.628130734,-0.0147913825,0.560880482,0.635712087,-0.0161957107,0.581763,0.627807379,-0.00814733189,0.57676959,0.639620662,-0.0119574871,0.568053842,0.643557549,-0.0142414104,0.56113714,0.645193338,-0.0151289674,0.590069354,0.628244102,-0.00444815727,0.583616674,0.640535831,-0.00781564228,0.57332474,0.643019259,-0.00935203582,0.566018581,0.642659724,-0.00983076263,0.5941239,0.627758503,-0.00134890829,0.58880192,0.638743281,-0.00395707,0.579562306,0.641216516,-0.00433891872,0.572694063,0.641200721,-0.00413631741,0.595498383,0.627078295,0.00100640405,0.59163326,0.636199534,-0.00104540179,0.584414124,0.639403224,-0.00107338,0.57856828,0.640093327,-0.000518384099
2433.3333333333335,0.346025,0.606269479,-3.24602389e-008,0.367726415,0.609791279,-0.00719330693,0.37961936,0.617686,-0.0112060513,0.384037375,0.627613604,-0.0134994173,0.388090372,0.635518909,-0.0147921136,0.358944386,0.62488389,-0.0134100625,0.367828429,0.639147222,-0.0165510681,0.375005275,0.644102633,-0.0161184166,0.37947014,0.645623505,-0.0146710388,0.345849216,0.626805246,-0.0105903074,0.356298596,0.641872823,-0.0132345334,0.366504282,0.645652,-0.0113982111,0.373090327,0.645783603,-0.00924995169,0.338382483,0.627504051,-0.0078295758,0.348249495,0.640996575,-0.00984418206,0.358060569,0.644474685,-0.00751335593,0.364686579,0.64461726,-0.00513702,0.33555308,0.627716541,-0.00547374226,0.343536437,0.638069391,-0.00678009028,0.351906121,0.642082751,-0.00546660926,0.358541161,0.643384218,-0.00378294196
2450.0,0.582990229,0.606465518,8.39870467e-008,0.568083,0.61192888,-0.00645075878,0.562059402,0.619809,-0.00847256836,0.561021864,0.627788246,-0.00948260538,0.560610533,0.634636343,-0.00965649262,0.581661642,0.627956,-0.00251345732,0.577544808,0.638093531,-0.0042235,0.571708858,0.640946388,-0.00571621954,0.567568183,0.642050743,-0.00649308134,0.589594901,0.627957046,0.00014827172,0.585420728,0.638121605,-0.000873428478,0.579163909,0.640446782,-0.00190556154,0.575188458,0.640845835,-0.00260958169,0.593941331,0.626927197,0.00212469231,0.590368509,0.63624686,0.00121350493,0.584715545,0.638821363,0.0011905866,0.580762267,0.639664412,0.00120761059,0.595580578,0.625673711,0.00349057256,0.592987299,0.633760452,0.00286061852,0.588531554,0.637064099,0.00347599527,0.585049331,0.638415933,0.00418791035
2450.0,0.344831049,0.606662333,-5.34047651e-008,0.366941303,0.609657168,-0.00715375971,0.378992915,0.617296517,-0.0109194629,0.38314411,0.62746352,-0.0129737323,0.386983603,0.635278702,-0.0141195795,0.356735766,0.624097764,-0.01400086,0.366435409,0.638254285,-0.0171844065,0.374258488,0.643391848,-0.0168358888,0.379041702,0.645139277,-0.0156530645,0.343913496,0.627008498,-0.0112888552,0.356248587,0.64176774,-0.014009906,0.366921723,0.645619571,-0.0124978889,0.374019206,0.645747,-0.0108578205,0.336957514,0.628531873,-0.00856836233,0.349418521,0.641599298,-0.0107143978,0.35962981,0.644894779,-0.00880174804,0.366585582,0.644911885,-0.00701253768,0.334948391,0.629270315,-0.00625294819,0.344866931,0.639147162,-0.00802205224,0.353952765,0.642703176,-0.00725110713,0.361216336,0.643599808,-0.00611421699
2466.6666666666665,0.586890221,0.607938886,1.40851228e-007,0.570147872,0.611636281,-0.0081901364,0.56224823,0.619430661,-0.011761467,0.560695827,0.6275208,-0.0140284812,0.559484482,0.634862542,-0.0156246684,0.582579851,0.627759933,-0.00728850579,0.577049375,0.639400482,-0.0109547153,0.568615675,0.643078744,-0.013199389,0.561969638,0.643957,-0.0140176266,0.590798,0.628244042,-0.00413680868,0.58439666,0.640194774,-0.00704969745,0.574674308,0.643615544,-0.00870364066,0.566938043,0.643949091,-0.00939799193,0.594695628,0.627748,-0.00153348967,0.58863622,0.638339043,-0.00372463209,0.579748392,0.642103851,-0.00449670479,0.572561383,0.643382311,-0.0047616777,0.595577061,0.626981914,0.000417092786,0.59055,0.635977447,-0.00132382906,0.583604038,0.639986038,-0.00140121893,0.57752645,0.641581357,-0.00095707248
2466.6666666666665,0.346303731,0.605806351,-4.51387585e-008,0.367637,0.608963192,-0.00776555063,0.379291058,0.617035568,-0.0118041076,0.383074373,0.627129376,-0.0138069922,0.386971891,0.63519454,-0.0146794179,0.357074559,0.623805046,-0.0153261023,0.366190761,0.638369322,-0.0184963848,0.374256819,0.643194258,-0.0177138634,0.379130244,0.644277334,-0.0160389915,0.343901038,0.626032472,-0.0120754018,0.354504943,0.641502559,-0.0151755828,0.365397513,0.645380139,-0.0132450126,0.372917622,0.645273149,-0.0109564634,0.336917609,0.626981497,-0.00876124855,0.348154902,0.64015913,-0.0109517369,0.358712852,0.643687308,-0.00874154363,0.366085052,0.643848121,-0.00653245347,0.334849298,0.627240181,-0.00584173109,0.343792707,0.637260497,-0.00750263361,0.352949053,0.641066372,-0.00649980549,0.360335052,0.642138,-0.00504020415
2483.333333333333,0.588258445,0.608122,1.46099239e-007,0.571080148,0.611198664,-0.00955285691,0.562657237,0.618717432,-0.0136231398,0.561000764,0.62724334,-0.0158291981,0.560257494,0.634936392,-0.017171884,0.584041893,0.626465321,-0.0112610767,0.577525198,0.639270425,-0.0155049982,0.568545461,0.643479586,-0.0172840152,0.561573386,0.645049393,-0.0176252853,0.592432857,0.627599,-0.00724801654,0.58449018,0.640712678,-0.0107800756,0.573691726,0.643793225,-0.0116773648,0.565796554,0.643779695,-0.0116698332,0.596171439,0.627699852,-0.00367986667,0.588646472,0.639224,-0.00654777698,0.578743637,0.642126262,-0.00683317473,0.571353793,0.642545223,-0.00652577402,0.596881211,0.627584636,-0.00080138183,0.590608299,0.636998713,-0.00319472421,0.582462966,0.640402198,-0.00329116872,0.576091588,0.641325533,-0.00268152473
2483.333333333333,0.343158543,0.605203152,-6.33523314e-008,0.366164446,0.608325779,-0.00668378873,0.378672779,0.61692,-0.00967809,0.38269645,0.627393425,-0.0111026457,0.386770755,0.635225952,-0.011627594,0.356319368,0.623385727,-0.0114110271,0.364970028,0.637934506,-0.0142885428,0.37343365,0.642849803,-0.0145344017,0.3787916,0.644512236,-0.0138731403,0.343717724,0.625625551,-0.00878961198,0.354065776,0.640989244,-0.0111616012,0.365182638,0.64508605,-0.010159215,0.372860551,0.645360708,-0.00888960436,0.33720991,0.626637578,-0.00627470249,0.347624302,0.640119493,-0.00830304623,0.358121246,0.644105911,-0.00705854688,0.365669757,0.644752562,-0.00569250667,0.335408032,0.627209246,-0.00411449326,0.344058186,0.637840807,-0.00583075546,0.353076667,0.642112732,-0.00530699361,0.360589266,0.643566,-0.0043969648
2499.9999999999995,0.588805497,0.606898487,1.27719261e-007,0.57219404,0.610235751,-0.00827698316,0.563474119,0.618238509,-0.0116886701,0.56164819,0.626789093,-0.0137472721,0.560881376,0.634458,-0.0150550157,0.583597124,0.626381099,-0.0077866409,0.578322411,0.638801932,-0.0118783433,0.569506824,0.642972469,-0.0142377969,0.562528,0.644147813,-0.0150650581,0.591750562,0.627388895,-0.00462241052,0.584889829,0.639788568,-0.00792047195,0.574697077,0.643033,-0.00971261,0.567204237,0.643025637,-0.0105398856,0.595867097,0.627449334,-0.00199876493,0.589648962,0.638440847,-0.00444238679,0.580120325,0.641557395,-0.00510974275,0.572963834,0.641964,-0.00528416736,0.597423136,0.627188683,-5.72201025e-005,0.592126608,0.636422336,-0.00202157302,0.584380746,0.639946,-0.00207265,0.578328192,0.640728295,-0.00159665535
2499.9999999999995,0.343891561,0.605133533,-4.68963854e-008,0.366469949,0.608621478,-0.00646449579,0.379030734,0.616965473,-0.00941730198,0.382995546,0.627227,-0.0107227368,0.386019379,0.634876192,-0.011143038,0.355900556,0.623962879,-0.0115128066,0.365675956,0.638227403,-0.0130056869,0.373443365,0.64276284,-0.0119106313,0.377909839,0.644287646,-0.0104812309,0.343285531,0.626316071,-0.00878604501,0.354658246,0.641138,-0.00963536557,0.365872651,0.644828796,-0.00767895533,0.37343508,0.644744217,-0.0060704127,0.336783946,0.627281189,-0.00607193448,0.347912,0.640616655,-0.00690849917,0.358419567,0.643764079,-0.00525668077,0.365651697,0.643405676,-0.00395443523,0.335159481,0.62762028,-0.00373192108,0.343792826,0.637728274,-0.00491214776,0.352577627,0.641391873,-0.00449041044,0.359601825,0.642213941,-0.00382602564
2516.666666666666,0.58924973,0.604874671,1.26683574e-007,0.572206736,0.609179616,-0.00815583,0.563639164,0.617498398,-0.010760501,0.561607242,0.626396477,-0.0118725887,0.560734451,0.634184957,-0.0121085588,0.585473537,0.625264764,-0.00438742666,0.580595493,0.636727452,-0.00573724695,0.574592292,0.640659153,-0.00667184545,0.570410609,0.642372429,-0.00702039432,0.59405154,0.625661075,-0.000638469,0.588061631,0.637040377,-0.00137722678,0.580833495,0.640614688,-0.00220682449,0.575520396,0.641765118,-0.00267240149,0.598333716,0.625258625,0.00245983968,0.592686594,0.63542068,0.00222206488,0.585978806,0.639040828,0.00235619792,0.581020057,0.640880227,0.00242606155,0.599402368,0.624730051,0.00479531707,0.59468,0.633495569,0.00478263572,0.589341402,0.63750571,0.00548658473,0.585064709,0.639556825,0.0062070014
2516.666666666666,0.34416759,0.604806244,-4.77253828e-008,0.366084337,0.608466,-0.00663971202,0.378178358,0.616885662,-0.009688,0.382137746,0.627076089,-0.0111854263,0.385629654,0.634748518,-0.0117675271,0.356063396,0.623743892,-0.0112074437,0.365445077,0.637972116,-0.0135324867,0.373122483,0.642817676,-0.0132832425,0.377799869,0.644502521,-0.0122642554,0.343853772,0.626038074,-0.00846107118,0.354285419,0.640890419,-0.0101159262,0.364763945,0.644702137,-0.00865448825,0.371926606,0.644893646,-0.00714852428,0.337531447,0.627040565,-0.0058193584,0.347388417,0.64042294,-0.00714481,0.357334405,0.643972,-0.00559822377,0.364557177,0.644116,-0.00413755327,0.336040497,0.627431631,-0.00360271428,0.343255758,0.637817681,-0.00489811692,0.35156852,0.641994774,-0.00437486218,0.358783513,0.643292189,-0.0034827115
2533.3333333333326,0.591996908,0.605816126,1.52888347e-007,0.574638784,0.608696461,-0.0098466659,0.565071404,0.616582036,-0.0137539702,0.562753439,0.625498533,-0.0157278348,0.56122911,0.633183062,-0.0167280901,0.588194251,0.623996615,-0.0107872821,0.581638873,0.636564314,-0.0152048953,0.572509885,0.641012847,-0.0172659233,0.56509155,0.642594755,-0.0178045053,0.596628249,0.625542581,-0.00674168207,0.588817835,0.638578594,-0.0107286191,0.577901721,0.64223361,-0.012174461,0.569351435,0.642652571,-0.012409674,0.599958122,0.626081467,-0.00321999076,0.592690289,0.637564242,-0.00674476894,0.582327902,0.641020358,-0.00776962237,0.574183106,0.641863108,-0.00775850145,0.60013324,0.626208425,-0.000386624859,0.593727708,0.635592759,-0.00345650525,0.58561188,0.639176667,-0.00413579168,0.578776062,0.64037174,-0.0037832472
2533.3333333333326,0.341773063,0.604011297,-5.01104473e-008,0.364421219,0.607584953,-0.00689087156,0.377103239,0.615987718,-0.0104605071,0.381593913,0.626376688,-0.0123566668,0.385433644,0.634269476,-0.0133672,0.354424179,0.62256223,-0.0130439075,0.364568412,0.637254655,-0.0158121493,0.37259391,0.641977429,-0.0155986724,0.377135277,0.643378258,-0.0145747634,0.341956705,0.624767065,-0.0102603687,0.353180975,0.640412,-0.012698316,0.3643381,0.644163311,-0.0113497591,0.371852756,0.643936813,-0.00984676182,0.335450351,0.625531375,-0.00741974544,0.345850974,0.639698863,-0.00936486,0.356461167,0.643129826,-0.00758684706,0.363793075,0.642829597,-0.00587113062,0.333519727,0.625564396,-0.00492282864,0.341807336,0.636538386,-0.00666103372,0.35068661,0.640362322,-0.00581757305,0.35785991,0.641078234,-0.00462197512
2549.999999999999,0.593248487,0.604546,1.51179421e-007,0.575456858,0.607169211,-0.0102160536,0.565514,0.615180671,-0.0143812513,0.563642204,0.624019682,-0.0165934693,0.561698794,0.632070541,-0.017839903,0.588704109,0.622558236,-0.0110366233,0.582008541,0.635348141,-0.0154668754,0.572655201,0.640277088,-0.0175454691,0.564698339,0.642266691,-0.018165322,0.597112179,0.624291658,-0.00681085465,0.588878691,0.637429774,-0.0106964894,0.577763081,0.641049564,-0.0123102386,0.568910718,0.641120613,-0.0128148431,0.600388467,0.62508893,-0.0031083792,0.593041599,0.636740327,-0.00644637,0.582439601,0.63987267,-0.0076201437,0.574371159,0.640099347,-0.00786116347,0.600706,0.625524163,-0.000141637298,0.594452262,0.635117888,-0.00333891786,0.585980237,0.638434947,-0.00432891026,0.579078734,0.639128625,-0.00425789412
2549.999999999999,0.342647254,0.603315234,-5.72001255e-008,0.364783943,0.607595,-0.00612444244,0.376555949,0.61604315,-0.00911462493,0.380509,0.626151919,-0.0107466569,0.384890199,0.63360256,-0.0115326485,0.354440033,0.623621881,-0.00981017575,0.363662422,0.636974514,-0.0123139229,0.371400505,0.641472578,-0.0126402974,0.376463622,0.643189192,-0.0121541573,0.341612935,0.625666559,-0.00750351092,0.352622181,0.639595,-0.00921434909,0.363090545,0.643229425,-0.00825262256,0.370518029,0.64369446,-0.00722944969,0.334504753,0.626354277,-0.00532610528,0.344907045,0.638974428,-0.0068168724,0.354981303,0.642355144,-0.0052928729,0.362428278,0.64266026,-0.0039215195,0.331858635,0.62632066,-0.00354907685,0.340083361,0.635892928,-0.00489479164,0.348751843,0.639505386,-0.00407127,0.356082022,0.640735507,-0.0029774853
2566.6666666666656,0.595671713,0.603315294,1.48543393e-007,0.577145398,0.605185449,-0.0109013394,0.566555142,0.613096714,-0.0153852245,0.563605368,0.622129679,-0.0176702254,0.560767174,0.630214274,-0.0188310314,0.590963602,0.620674729,-0.0128216259,0.583155513,0.634278834,-0.0178339984,0.572957873,0.638751268,-0.0198925696,0.564680278,0.639799237,-0.0202305373,0.598871231,0.622632742,-0.00814233813,0.589693964,0.636287749,-0.0123490766,0.578016758,0.639892,-0.0137606291,0.569004714,0.639954209,-0.0140871415,0.601270497,0.623699486,-0.00398918753,0.592609882,0.635652423,-0.0077180271,0.581350148,0.638911247,-0.00895534456,0.572839081,0.639315426,-0.00919788796,0.600677,0.624323785,-0.000567534822,0.593141794,0.634183228,-0.00410886342,0.583926439,0.637373865,-0.00518779317,0.576627553,0.637988746,-0.00512514636
2566.6666666666656,0.341317743,0.602924109,-6.1306487e-008,0.363928854,0.606566608,-0.00648739235,0.375769436,0.61478281,-0.00941096712,0.379674762,0.624968171,-0.0109415734,0.383603185,0.632803142,-0.0116673075,0.352705389,0.622352481,-0.00983715523,0.362315327,0.636107743,-0.0122846384,0.37073043,0.640780509,-0.0128612155,0.375864863,0.64248687,-0.0126005067,0.340250432,0.624586523,-0.00735986093,0.351376057,0.638951182,-0.00905209407,0.362108141,0.642850757,-0.00840871315,0.369566143,0.643111944,-0.00772757642,0.333538473,0.625359535,-0.00506671844,0.34391582,0.638554394,-0.00675271451,0.354327351,0.642107,-0.00573708536,0.361918271,0.642247617,-0.00472045271,0.331322044,0.62553525,-0.00317925704,0.33907333,0.636015892,-0.00484328624,0.34788388,0.639855802,-0.00449387776,0.355251789,0.640902758,-0.0037979777
2583.333333333332,0.595288038,0.600278556,1.47937357e-007,0.577000499,0.602664173,-0.0100968117,0.567321122,0.610633194,-0.0143799838,0.564195395,0.619705856,-0.016603902,0.560734391,0.627535522,-0.017792318,0.592257917,0.618109941,-0.0125079453,0.583964,0.631883681,-0.0172436107,0.57346034,0.636002064,-0.0191437285,0.564715862,0.636882424,-0.0194243286,0.60014677,0.619603336,-0.00826231763,0.591088,0.63390559,-0.0127830515,0.579385757,0.637518823,-0.0143181952,0.569882572,0.637537956,-0.0145135326,0.60228914,0.620332479,-0.00442990474,0.593853652,0.632897,-0.00828713,0.582369268,0.636450231,-0.00968315266,0.573301435,0.636993706,-0.00989750121,0.601107776,0.620785,-0.00124851463,0.593853474,0.630785108,-0.00478722667,0.584696472,0.634178698,-0.00596850971,0.576916099,0.635141313,-0.00591269182
2583.333333333332,0.337902457,0.602068305,-5.77832822e-008,0.36140129,0.605176,-0.00719906576,0.374444038,0.613767564,-0.0102532692,0.378872603,0.6244964,-0.011587563,0.383191645,0.632484853,-0.0120359268,0.352309942,0.621128798,-0.0114439623,0.361646384,0.635250211,-0.0138475522,0.369645834,0.640022278,-0.0139547894,0.374583513,0.641720653,-0.013332949,0.339622676,0.623409927,-0.00840723701,0.351018101,0.638132811,-0.0104232188,0.361302644,0.642246068,-0.00955943856,0.368358612,0.642806709,-0.00850538258,0.332891554,0.624429107,-0.00548647763,0.34433344,0.637349665,-0.00717226975,0.354396582,0.641357124,-0.00606345385,0.361595154,0.642220497,-0.00491757877,0.330675185,0.624887,-0.00296457228,0.340141654,0.63505739,-0.00450445712,0.349135309,0.639164567,-0.00403521163,0.356445581,0.640729725,-0.00321232504
2599.9999999999986,0.596911788,0.596675336,1.52211356e-007,0.579814553,0.598614812,-0.0122117419,0.570159674,0.606380403,-0.017913565,0.565271258,0.6155532,-0.0210155398,0.560808659,0.6237095,-0.0230189525,0.594923794,0.614341557,-0.0162843335,0.585963786,0.628400266,-0.0213684756,0.575032175,0.632238925,-0.0230385885,0.566261828,0.632729113,-0.0231263265,0.602820396,0.616548598,-0.0110469935,0.59313637,0.630857825,-0.0158694144,0.580890417,0.634340763,-0.0172033049,0.571075857,0.634001434,-0.0173244234,0.604933739,0.617746353,-0.00622108858,0.596063852,0.630231857,-0.0103194574,0.584092498,0.633406937,-0.0117865866,0.574645221,0.633544,-0.0121812494,0.603431582,0.618415475,-0.00214848481,0.595919311,0.628210127,-0.0061682919,0.586319149,0.631357,-0.00765267108,0.578121126,0.63197726,-0.00780850044
2599.9999999999986,0.339983404,0.602167904,-4.25336104e-008,0.362477869,0.606008828,-0.00737091294,0.374792218,0.614248872,-0.0110834744,0.378715843,0.624590218,-0.0129276915,0.38208735,0.632154405,-0.0139265787,0.350788474,0.620436549,-0.0137772979,0.360542417,0.634577036,-0.0169818308,0.368797421,0.639599502,-0.0173222814,0.374623328,0.642104387,-0.016852729,0.337933123,0.622975409,-0.0109173125,0.349495888,0.637553036,-0.0130055202,0.360695809,0.641678274,-0.0115959067,0.368681431,0.642497957,-0.0104326112,0.330983371,0.624227166,-0.00811617915,0.342322081,0.637448788,-0.00959613826,0.352855444,0.641051948,-0.00768829091,0.360505223,0.641393244,-0.00622749608,0.328649074,0.624754786,-0.00583781442,0.337622583,0.634369254,-0.00731784804,0.346453518,0.638181329,-0.00668796245,0.353643209,0.639578879,-0.00584071502
2616.666666666665,0.598760724,0.593373656,1.33236128e-007,0.581788719,0.595098913,-0.0112182135,0.571535647,0.602511227,-0.0166899115,0.566753745,0.611657798,-0.0197515525,0.562606335,0.619522,-0.0216905233,0.596244037,0.610412657,-0.0163212474,0.587494552,0.623791099,-0.0218346138,0.576251805,0.62763232,-0.0236843396,0.567780137,0.628480136,-0.023971308,0.603579819,0.61309129,-0.0119211124,0.593761384,0.627323,-0.0170417819,0.580806,0.630505,-0.0180829838,0.571287096,0.630148232,-0.0180230048,0.60539341,0.614496112,-0.0078536924,0.596163571,0.626686513,-0.0122930631,0.583833277,0.629754663,-0.0132820187,0.574874103,0.629867673,-0.0133807175,0.604005933,0.615083575,-0.00447656261,0.595563173,0.624465346,-0.00868749,0.585603356,0.627393484,-0.00982469,0.577721119,0.627895594,-0.00977899227
2616.666666666665,0.337427586,0.60236007,-6.00040053e-008,0.360430539,0.604927659,-0.00775719201,0.37379083,0.613095284,-0.0113232099,0.377681375,0.623571873,-0.0129755642,0.38040936,0.631282449,-0.0137626063,0.350806504,0.619727612,-0.0137409847,0.359413803,0.634233236,-0.0173793919,0.368452,0.639387727,-0.0181339458,0.374616027,0.641480803,-0.0177891664,0.338656425,0.622343779,-0.0106098633,0.349710882,0.637282193,-0.0133354031,0.361558408,0.641650379,-0.0123951314,0.369726866,0.642408,-0.0112964772,0.332462609,0.623880744,-0.00761678535,0.343698204,0.637345791,-0.00978727546,0.354799509,0.641170502,-0.00851669442,0.362724543,0.64163655,-0.00723983347,0.330686182,0.624868393,-0.00510059204,0.340206742,0.63504082,-0.00695547648,0.349426895,0.638948619,-0.00658898102,0.356545359,0.640146315,-0.00580071844
2633.3333333333317,0.601053536,0.589791417,1.31092719e-007,0.584601521,0.589955211,-0.0122266663,0.573951483,0.596611857,-0.0183714777,0.568021178,0.605740249,-0.0218337122,0.563600838,0.613642097,-0.0241449587,0.599295259,0.604910791,-0.0192258675,0.590012968,0.618278503,-0.0251168758,0.577772319,0.622010469,-0.0267274398,0.568574369,0.6224702,-0.0268272441,0.605961,0.608409226,-0.0144282868,0.595497608,0.622584641,-0.0198119897,0.582098961,0.625559688,-0.0206877794,0.572658122,0.624967098,-0.0206484254,0.60685426,0.6104424,-0.00991958287,0.59756583,0.622761667,-0.0148151442,0.584488869,0.625368714,-0.0159260109,0.575350583,0.625005841,-0.0162102338,0.604742944,0.611416876,-0.00609798683,0.596456349,0.620850861,-0.0109082954,0.586001337,0.623246312,-0.0124096312,0.577787042,0.623271942,-0.012678341
2633.3333333333317,0.33699888,0.600953043,-4.44967831e-008,0.359398961,0.604298949,-0.00714817503,0.372479498,0.612521708,-0.0103242081,0.376297504,0.623124421,-0.011439763,0.378500491,0.630715191,-0.0116281034,0.349785924,0.618995,-0.0138244266,0.359664619,0.633119583,-0.0156099545,0.368146479,0.637736797,-0.0144666135,0.373573303,0.639965534,-0.0131865898,0.33727935,0.62163192,-0.0107441684,0.34820959,0.636392832,-0.0122880638,0.359263271,0.640299916,-0.0102620777,0.366956651,0.640998721,-0.00859137811,0.330745399,0.622838676,-0.00757725397,0.341068685,0.636015177,-0.00878297351,0.351564735,0.639565051,-0.00703649875,0.359065503,0.639912188,-0.00570530677,0.328473359,0.623210251,-0.00482385885,0.336294532,0.632684231,-0.00627430808,0.344935626,0.636404634,-0.00591119519,0.351910532,0.637631,-0.00529258465
2649.999999999998,0.603565454,0.585158944,1.39517894e-007,0.587418377,0.584663093,-0.013740005,0.575255513,0.590235889,-0.0217414014,0.568778336,0.598538637,-0.0268541649,0.56490159,0.606421053,-0.030885715,0.601795793,0.597327,-0.0244630482,0.591519833,0.610682428,-0.0325611345,0.578312457,0.614849925,-0.0349891186,0.568732083,0.615058541,-0.0352340713,0.607657433,0.601553798,-0.0196824893,0.596952438,0.616258323,-0.0268839654,0.582735181,0.619415164,-0.0283602886,0.573481083,0.618361831,-0.0286478866,0.608049572,0.604412615,-0.0151272072,0.598838747,0.61730355,-0.0214165803,0.585274041,0.620150208,-0.0227035303,0.576585233,0.619463503,-0.0230348054,0.605985641,0.606131554,-0.0112797171,0.597784698,0.616089642,-0.0171221886,0.586955845,0.618571818,-0.0187673084,0.579186082,0.618155241,-0.019083323
2649.999999999998,0.33554253,0.600686193,-4.46212916e-008,0.358632714,0.603778899,-0.00758076,0.371989608,0.611793816,-0.0106325066,0.375578016,0.62233007,-0.011762213,0.376963377,0.630134225,-0.0118978955,0.349115402,0.618983209,-0.0117457332,0.359288424,0.632871151,-0.0134703219,0.368155241,0.637051463,-0.013042992,0.37321952,0.638746083,-0.0122561464,0.337251067,0.621423364,-0.00843665749,0.347836822,0.635798216,-0.00981986895,0.358859807,0.639509499,-0.00852385629,0.366158754,0.639752805,-0.00741179939,0.331333756,0.622367263,-0.00528315408,0.341027856,0.635282338,-0.0064483,0.351449043,0.6385414,-0.00527049135,0.358571082,0.638554275,-0.00428026542,0.329518497,0.622743249,-0.00262482744,0.33625567,0.632595479,-0.00389517634,0.34473452,0.636327088,-0.00376826175,0.351426244,0.637331128,-0.00337750302
2666.6666666666647,0.604641914,0.580863714,1.40094656e-007,0.589909196,0.578688264,-0.0155990757,0.577608585,0.582638085,-0.0248136222,0.569943249,0.590325296,-0.0306756441,0.566209912,0.598101,-0.035441611,0.604307771,0.589755058,-0.0281807575,0.593713105,0.602078795,-0.0369324237,0.580762,0.60639745,-0.0399544276,0.571074784,0.607620358,-0.0410529226,0.608827293,0.595265031,-0.0229025893,0.596586883,0.608798385,-0.0303404536,0.582574248,0.611281633,-0.0318685919,0.574030459,0.610383511,-0.0327022374,0.608347774,0.599185467,-0.0178562216,0.597452819,0.611030042,-0.0246415734,0.583750188,0.612691402,-0.0256659,0.575512826,0.611575067,-0.0260805469,0.605479836,0.601661,-0.0136673171,0.596534491,0.610841,-0.019992955,0.585920691,0.611968935,-0.0216308292,0.578879535,0.610678077,-0.0221088808
2666.6666666666647,0.334585786,0.5997774,-4.44373072e-008,0.357232451,0.603030264,-0.00785191916,0.370978653,0.610981,-0.0113697313,0.374871731,0.621388435,-0.012788,0.37679404,0.629159093,-0.0133051313,0.348431438,0.61665839,-0.0139667895,0.358198881,0.630412042,-0.0165411085,0.366608679,0.635481894,-0.0162666347,0.37217021,0.63812,-0.0155570786,0.336053461,0.619862497,-0.0107608885,0.347358882,0.634218335,-0.0126680732,0.35815078,0.638148546,-0.0110394908,0.365556598,0.63879621,-0.0096971374,0.329736739,0.621707618,-0.00763533404,0.340667129,0.634735584,-0.00911666825,0.350852102,0.638074398,-0.00741219614,0.358076662,0.638213396,-0.00607920345,0.327784896,0.622737765,-0.00504333712,0.336212516,0.63227278,-0.0066194348,0.344721437,0.635844946,-0.00623240136,0.351738393,0.636752963,-0.0055863536
2683.333333333331,0.607237697,0.574055791,1.15846092e-007,0.592972696,0.571977,-0.0144817783,0.57986,0.574921787,-0.023365749,0.57160449,0.581984103,-0.0292724967,0.569111764,0.588974535,-0.0339267291,0.606434345,0.582718313,-0.0258532241,0.594275355,0.593666196,-0.0344528556,0.581051648,0.596979737,-0.0377196297,0.571558714,0.59747237,-0.0389953405,0.611035585,0.588768125,-0.0212548189,0.596377492,0.601338089,-0.0280655976,0.582180679,0.601945102,-0.0290765353,0.575166464,0.599722207,-0.0295785163,0.610819936,0.593192875,-0.0169493798,0.597165465,0.604070246,-0.0226647593,0.584822893,0.603688598,-0.0224466771,0.579517,0.600971639,-0.0220079869,0.608182847,0.595974326,-0.0135656577,0.598214567,0.604779661,-0.0182752255,0.588523865,0.604786098,-0.0186667349,0.583372772,0.602459729,-0.0183382146
2683.333333333331,0.334449381,0.599864483,-4.86310121e-008,0.357344031,0.602311075,-0.00836178195,0.370328426,0.610112,-0.0117940335,0.37379232,0.620513499,-0.013020386,0.375523716,0.628174603,-0.0132518383,0.347008497,0.616493106,-0.0145035312,0.358066469,0.630426109,-0.0170619339,0.367335469,0.634993136,-0.0166724492,0.372812629,0.636940122,-0.0158209074,0.335464865,0.619532704,-0.0109885251,0.347846687,0.633889496,-0.0131531535,0.359456658,0.637758732,-0.0115958434,0.367342293,0.638097644,-0.0102186855,0.329746485,0.621234357,-0.00760241458,0.342077821,0.633910418,-0.00934426673,0.353126585,0.636987507,-0.00783293601,0.36070165,0.637007,-0.00656368,0.328141123,0.622208655,-0.00476761069,0.337667197,0.631639719,-0.00660185236,0.346969306,0.634889781,-0.00648326054,0.354164,0.63565886,-0.00601744419
2699.9999999999977,0.605905652,0.567995,1.05513273e-007,0.594053447,0.564136,-0.0166871566,0.582773864,0.565705299,-0.0268587563,0.574168384,0.572269738,-0.0333823301,0.571612716,0.579261124,-0.038412936,0.609216392,0.574444592,-0.0299193282,0.596928298,0.585410655,-0.0391002446,0.583935499,0.587705195,-0.0422672741,0.575405836,0.586931765,-0.0433984175,0.611485302,0.581761,-0.0243259054,0.596651614,0.594099,-0.0311285146,0.582380176,0.593439817,-0.0316057019,0.575979769,0.590296,-0.0319546163,0.609104872,0.586941302,-0.019065015,0.594259143,0.596899629,-0.024856491,0.582484543,0.595284522,-0.024015015,0.578507423,0.591822803,-0.02345163,0.604829669,0.590048254,-0.0148575529,0.592430055,0.597890258,-0.0195464306,0.583301067,0.59641552,-0.0194150582,0.579626501,0.593181789,-0.0188878048
2699.9999999999977,0.333281159,0.599462748,-4.52760496e-008,0.356293827,0.601311564,-0.00834806357,0.3696509,0.608968258,-0.0117505286,0.373343706,0.61920011,-0.0130748209,0.375296056,0.626848578,-0.0133878263,0.347722828,0.616084099,-0.0130993202,0.35768047,0.629900098,-0.0156582501,0.367310166,0.634245753,-0.0157912765,0.373187572,0.63601619,-0.015261217,0.336561292,0.618928671,-0.00952374469,0.347799927,0.633115888,-0.0114518106,0.359455138,0.636834621,-0.0103260111,0.367088199,0.637176275,-0.00928526279,0.331227422,0.620416,-0.00617762655,0.342036307,0.63335,-0.00792314671,0.353017092,0.636505067,-0.00684481766,0.360435158,0.636588335,-0.00583420321,0.330014586,0.621369839,-0.00336759118,0.338199198,0.631312,-0.00521290535,0.347403109,0.63481015,-0.00521795033,0.354539961,0.635649145,-0.00481227087
2716.6666666666642,0.60437119,0.56114018,6.52421193e-008,0.594635785,0.557694077,-0.0143657718,0.584367454,0.558318079,-0.0238622818,0.576660037,0.56371969,-0.0304452647,0.574522138,0.568902433,-0.0359099135,0.610267639,0.564961553,-0.0272757,0.598160803,0.573580742,-0.0358024426,0.586585462,0.575819552,-0.0390572101,0.579162836,0.575780749,-0.0406964459,0.612119794,0.572750688,-0.0233152267,0.598398864,0.583239496,-0.0292322747,0.586372256,0.583054,-0.0296902303,0.581766,0.580833733,-0.0306481402,0.61010617,0.578356445,-0.0195901,0.596729577,0.58751446,-0.0249592122,0.58684653,0.585953414,-0.0241961461,0.584133804,0.582709312,-0.0240623355,0.606341302,0.581967711,-0.0167613234,0.596226454,0.589513838,-0.0208058432,0.588429928,0.588019848,-0.0201674029,0.585300267,0.584783316,-0.0196543969
2716.6666666666642,0.332467914,0.598675072,-4.73058357e-008,0.355690628,0.600644886,-0.00794854295,0.36894545,0.608495951,-0.0109930197,0.372741848,0.618629694,-0.0119870054,0.374997526,0.626057923,-0.012062869,0.346366376,0.614926815,-0.0137493135,0.356993914,0.628655195,-0.0166210737,0.366569668,0.633255482,-0.0166000612,0.372853726,0.635409474,-0.0159250963,0.334652841,0.618347645,-0.0105825672,0.34637481,0.632610261,-0.0126640256,0.359021455,0.63606149,-0.0111668315,0.367549568,0.635998487,-0.00976709183,0.328832746,0.620230079,-0.00757891964,0.340147734,0.633039951,-0.00936338864,0.351894468,0.635714293,-0.00791419856,0.359808266,0.635220766,-0.0065707597,0.327300102,0.621231437,-0.00512744859,0.335667253,0.630991876,-0.00698489789,0.345258743,0.634176791,-0.00678088423,0.352929443,0.634601653,-0.00615656702
2733.3333333333308,0.601117969,0.553052366,3.09420614e-008,0.590255558,0.549428225,-0.0123248193,0.580797553,0.551615715,-0.0201064125,0.575666904,0.55739367,-0.025654085,0.576033711,0.562662601,-0.0301517062,0.606978178,0.555480897,-0.021536693,0.596384645,0.562701523,-0.0307574049,0.585946202,0.565116,-0.0350778028,0.580286562,0.565866768,-0.0374055766,0.611949,0.56380713,-0.0188094229,0.59846729,0.574000418,-0.02595984,0.586539507,0.572675526,-0.0266168118,0.583571672,0.570098,-0.0269938651,0.612970889,0.570389867,-0.0167297255,0.599941611,0.579687834,-0.023229925,0.58974278,0.577369094,-0.022170715,0.588422298,0.574055493,-0.0211183,0.611700833,0.574913263,-0.0154675739,0.601289868,0.582238257,-0.0195532497,0.593300879,0.580242336,-0.0186767559,0.591415346,0.577038884,-0.0177935343
2733.3333333333308,0.331617445,0.597848058,-4.12130845e-008,0.354408503,0.599748373,-0.00812634,0.368109584,0.607807755,-0.0116204107,0.371719867,0.618253827,-0.0126920091,0.37298438,0.625566959,-0.0127002187,0.345203251,0.613755763,-0.016551096,0.357147843,0.628417432,-0.0193657689,0.367152959,0.632900774,-0.0186657533,0.373154402,0.6346367,-0.0173867419,0.33386454,0.616662085,-0.0128606474,0.346587747,0.63227278,-0.0159262456,0.358579189,0.635719061,-0.0139443669,0.366200447,0.635391116,-0.0117447581,0.328784972,0.618261099,-0.00903296191,0.342018366,0.631659448,-0.0113206953,0.353575885,0.634397209,-0.00929898396,0.360763192,0.633831799,-0.0072175744,0.327978283,0.619066775,-0.00559055945,0.338737905,0.62902379,-0.00734983943,0.348830342,0.632162511,-0.0065390286,0.355968416,0.632311,-0.00533037307
2749.9999999999973,0.600848079,0.547319055,2.51918806e-008,0.608842611,0.550117135,-0.0023601735,0.612175941,0.555695117,-0.00370169245,0.611622393,0.560295641,-0.00473999092,0.609852672,0.563561,-0.00562913157,0.606112182,0.558931291,-0.00328766252,0.604773343,0.564709663,-0.0055241338,0.603552163,0.56815052,-0.00705718,0.602674782,0.570669353,-0.00805368,0.59973532,0.559047,-0.0034835327,0.597663581,0.564412832,-0.00522747869,0.596684396,0.567765236,-0.00638477271,0.595733523,0.570376754,-0.00720054423,0.594115913,0.558452,-0.00388901844,0.591635883,0.563665152,-0.00561672542,0.590720057,0.566907346,-0.00578148756,0.589815557,0.569532216,-0.00577517459,0.589218676,0.557290256,-0.00445767911,0.586430252,0.561511219,-0.00604329538,0.585319459,0.564421237,-0.00587892625,0.584400654,0.566863954,-0.00548426667
2749.9999999999973,0.327149808,0.597224534,-5.4135576e-008,0.351069868,0.59895879,-0.00804742053,0.365950018,0.60649097,-0.011751595,0.370403051,0.616708457,-0.0134275127,0.37253049,0.624488831,-0.0141627667,0.344365895,0.613060594,-0.014832315,0.355967939,0.626809895,-0.0182385221,0.365636051,0.631625354,-0.0184661392,0.371616393,0.634055555,-0.0179958325,0.332033068,0.616441667,-0.0119636236,0.345188349,0.630977929,-0.0147753749,0.357319772,0.634566784,-0.0135024553,0.364930838,0.634764493,-0.0122788334,0.32545197,0.618415356,-0.00921432488,0.337361813,0.63164854,-0.011516653,0.348971426,0.634573042,-0.00984440092,0.356463104,0.63424927,-0.00830698851,0.322910219,0.619559,-0.0070298966,0.331759483,0.629680812,-0.00910323951,0.341426671,0.633128583,-0.00872538518,0.348820239,0.633679569,-0.00798784662
2766.666666666664,0.326669842,0.596993387,-3.18072892e-008,0.349840522,0.598819911,-0.00951225869,0.364716858,0.605963111,-0.0140626477,0.369345456,0.616254687,-0.0160638168,0.370470852,0.624301,-0.0170235764,0.341488779,0.611646354,-0.0175222494,0.353814393,0.625525355,-0.0209243018,0.36353898,0.630549133,-0.0204867963,0.369816959,0.633002758,-0.0194829814,0.329508871,0.615605891,-0.0138278296,0.344082743,0.630383968,-0.016610926,0.356783271,0.634105,-0.0146723576,0.364968777,0.634216666,-0.0129071949,0.323721,0.618054748,-0.0102536585,0.337902755,0.631449163,-0.0125059662,0.349746555,0.634326816,-0.010573701,0.357474238,0.634094715,-0.00887384918,0.322344869,0.619575679,-0.00728530064,0.333526194,0.629464567,-0.00958882738,0.343616247,0.632709,-0.00930728484,0.351461381,0.63334769,-0.00859843753
2783.3333333333303,0.610131,0.526699364,-1.19305227e-007,0.60295105,0.521022797,-0.00741791539,0.592957675,0.519813359,-0.0123850061,0.582600832,0.520824254,-0.0166891124,0.5731709,0.523396611,-0.0216325652,0.605361044,0.525676608,-0.011422391,0.590337574,0.532902122,-0.0198474787,0.583946109,0.537440777,-0.0268080439,0.582141876,0.54106158,-0.0304279216,0.611333609,0.53277564,-0.011312684,0.594800115,0.538290858,-0.0174270775,0.589347422,0.542977452,-0.0212159231,0.587798834,0.54603529,-0.0242195316,0.614416361,0.537991,-0.0116671231,0.599604607,0.543313205,-0.0184468348,0.593724,0.54698,-0.0198737681,0.591130137,0.549147844,-0.0202224012,0.615701556,0.541588366,-0.0124588646,0.604816496,0.546065867,-0.0166019574,0.599162817,0.548668385,-0.0154431527,0.595738828,0.550407171,-0.0144194616
2783.3333333333303,0.326038241,0.596768796,-5.16926413e-008,0.348793477,0.598742723,-0.00873065088,0.363529235,0.605926216,-0.0134857604,0.36811462,0.615856,-0.0158624146,0.368501663,0.623356879,-0.017215088,0.34009257,0.610759497,-0.0183910504,0.352640331,0.624595702,-0.0227160119,0.362780333,0.629559815,-0.0226622652,0.368827194,0.631768107,-0.0217839275,0.328203619,0.614767075,-0.0152694592,0.342122465,0.629557967,-0.0196164306,0.354906499,0.633257091,-0.018139245,0.363075763,0.633217633,-0.0163807049,0.322200775,0.617459476,-0.0120916506,0.335774511,0.630583882,-0.0154129462,0.348042279,0.633588433,-0.0134191141,0.356018394,0.633321881,-0.0113987587,0.320395529,0.618925929,-0.00940351654,0.331188232,0.62891674,-0.0120276446,0.341414154,0.631983817,-0.0113975629,0.349223,0.632343113,-0.0103160292
2799.999999999997,0.608143151,0.520875752,-8.5192319e-008,0.600892901,0.513041496,-0.00434455648,0.593161464,0.511283815,-0.00973522756,0.585309565,0.510606,-0.0150809251,0.576525509,0.510881722,-0.0214758012,0.606479406,0.518681765,-0.0127547365,0.596591055,0.522567213,-0.0211690888,0.587896168,0.521900177,-0.028935371,0.58298254,0.521048963,-0.0339595042,0.611335099,0.526978791,-0.0151062086,0.60015434,0.531117141,-0.0209106598,0.590086341,0.530320466,-0.0244631916,0.584608734,0.529556215,-0.0282741021,0.612723649,0.533356249,-0.0173805878,0.60323894,0.537340283,-0.0237554219,0.593166232,0.535317719,-0.0241894554,0.587441,0.533601642,-0.02466253,0.610602677,0.538098,-0.0200063568,0.602988124,0.541878343,-0.0253989398,0.595558941,0.540120363,-0.0242946241,0.59025687,0.538532853,-0.0233907588
2799.999999999997,0.323302329,0.596193492,-5.57927606e-008,0.346321464,0.597653627,-0.00877224468,0.361677706,0.604715824,-0.0133511582,0.366691053,0.61475116,-0.0156958532,0.367138356,0.622428775,-0.0168877542,0.338674068,0.60977143,-0.0170729421,0.35111472,0.623635113,-0.021484239,0.361568958,0.62847811,-0.0216825102,0.36749357,0.630157,-0.0208860151,0.327063292,0.61384058,-0.013951987,0.34105131,0.628697097,-0.0180608612,0.354092836,0.632296681,-0.0166290402,0.362070829,0.631915331,-0.0148927709,0.32128346,0.616470516,-0.0109084668,0.33469674,0.629472196,-0.0140732303,0.347055525,0.632328272,-0.0120853791,0.354728878,0.631761432,-0.0100306477,0.319619924,0.617936432,-0.00840820838,0.329722762,0.627902031,-0.0109798238,0.340144753,0.63117969,-0.0104207499,0.347990602,0.631416619,-0.00934860855
2816.6666666666633,0.610752523,0.513916552,-1.20917065e-007,0.603233099,0.50639236,-0.00322438963,0.594151258,0.503526628,-0.00634047948,0.584703743,0.502386868,-0.00956069678,0.575726,0.502078235,-0.0137057621,0.609882474,0.509280384,-0.00695668487,0.596777499,0.513280034,-0.0118345376,0.58659476,0.514192879,-0.0173525941,0.581689358,0.514244795,-0.0211242288,0.614325702,0.517219,-0.0087711988,0.599158108,0.520841241,-0.0108627556,0.588532269,0.520517826,-0.0141447922,0.583145,0.519928753,-0.0181826521,0.615209222,0.523807645,-0.0105237504,0.601513684,0.527635574,-0.0140234549,0.591292858,0.525676847,-0.0155454949,0.586024046,0.523696184,-0.0173433572,0.612915754,0.528849781,-0.0124842189,0.601348817,0.532386065,-0.0159670599,0.593222857,0.530702949,-0.0154520748,0.58813858,0.529188931,-0.0153562138
2816.6666666666633,0.322294861,0.59547025,-4.77422404e-008,0.344945908,0.59654659,-0.00964842737,0.360271543,0.603558242,-0.0147053516,0.365398884,0.613698125,-0.0171533059,0.366281539,0.621370196,-0.0185685679,0.336172372,0.607500136,-0.0205756035,0.349204421,0.621621907,-0.0255199447,0.359848887,0.626718402,-0.0258251987,0.366449863,0.629043818,-0.0251492802,0.324690223,0.611967206,-0.0171011854,0.339457065,0.627049208,-0.021980932,0.352914453,0.63078624,-0.0206601545,0.3615641,0.630564034,-0.0190117396,0.319100887,0.614974797,-0.0135394242,0.332917899,0.628134489,-0.0170760434,0.345487118,0.631053209,-0.015100562,0.353513271,0.630592763,-0.0130671887,0.31778872,0.61668241,-0.0105490945,0.327927142,0.626708865,-0.0133409305,0.338405162,0.629909754,-0.0128866881,0.346453369,0.630083203,-0.0119360723
2833.33333333333,0.613032222,0.508446217,-1.24333923e-007,0.603633165,0.50164175,-0.00378576643,0.595271945,0.498342425,-0.00780810928,0.586882174,0.495882511,-0.0118279615,0.577812731,0.49364689,-0.0165896919,0.606351435,0.502700388,-0.00937394,0.595330656,0.503489554,-0.0168019775,0.587735772,0.504569232,-0.0235230494,0.583384454,0.505345523,-0.0279781893,0.611064374,0.50917238,-0.0117148943,0.599192202,0.509632885,-0.0162644219,0.592805564,0.510661423,-0.019487856,0.589385331,0.511112,-0.0232531447,0.61406821,0.514947474,-0.0142780961,0.602549553,0.516285539,-0.019686874,0.595776558,0.516328096,-0.0202613324,0.591643155,0.515686035,-0.0214997586,0.615303576,0.519736528,-0.0171002336,0.603839934,0.521714151,-0.0218321383,0.59557,0.521838665,-0.0211092941,0.589923739,0.521267474,-0.0210676845
2833.33333333333,0.319411755,0.59528023,-5.92130789e-008,0.343075395,0.595497906,-0.00934251491,0.35910657,0.602076709,-0.013794357,0.364489585,0.611877501,-0.0158333555,0.365472,0.61943996,-0.0167242642,0.336312592,0.607340157,-0.017877942,0.348066241,0.620596111,-0.022380868,0.358909756,0.624769747,-0.0227722712,0.365027428,0.626022577,-0.0221480168,0.32497558,0.611667812,-0.0144360866,0.338930964,0.625842631,-0.018720448,0.352297723,0.629150927,-0.0175961,0.360029101,0.628662348,-0.0162090231,0.319326252,0.614487469,-0.0111028729,0.332464844,0.627304733,-0.0148944538,0.345077336,0.629820645,-0.0135263763,0.352454692,0.629045844,-0.0118017932,0.317682654,0.616176546,-0.00826931465,0.327595711,0.626452446,-0.0114638098,0.337926984,0.629290223,-0.011330463,0.345406026,0.628943443,-0.0105517404
2849.9999999999964,0.615034401,0.516797662,-1.4619647e-007,0.606103361,0.506249368,-0.0015424639,0.597977281,0.496069968,-0.00405708421,0.590215564,0.490245521,-0.00678916834,0.581430078,0.486575782,-0.00971268769,0.616555,0.492530823,-0.00575158605,0.602064848,0.490695804,-0.0124782352,0.59390974,0.493053228,-0.0176149104,0.590055108,0.495445371,-0.0206967499,0.617062211,0.499023706,-0.00871845428,0.601759613,0.497309148,-0.0130811939,0.594251037,0.498713553,-0.015881246,0.590316713,0.500330925,-0.0186379161,0.614691913,0.506480455,-0.0118827112,0.599086404,0.505169809,-0.0164930187,0.593171954,0.505478501,-0.0171139371,0.590503633,0.505687058,-0.0179384016,0.60987407,0.513990104,-0.0149675561,0.594815671,0.512640238,-0.0186319314,0.589345455,0.512199819,-0.0181372855,0.587580562,0.511511326,-0.0177288949
2849.9999999999964,0.320341349,0.593450785,-3.13918456e-008,0.342539847,0.593612134,-0.0103556793,0.358567536,0.600258052,-0.0154482704,0.364359349,0.610172331,-0.0177275762,0.365104258,0.617696106,-0.0188878961,0.334368438,0.604927242,-0.0207495745,0.346450746,0.617907703,-0.025945738,0.358056098,0.622645557,-0.0265922,0.365544409,0.624738216,-0.0261071,0.323408097,0.609445214,-0.0168558117,0.337897241,0.623952329,-0.0221520457,0.352327883,0.627586722,-0.0210534129,0.36122793,0.627144635,-0.0193375666,0.318549693,0.612345457,-0.0129481452,0.332730055,0.624712825,-0.0169624928,0.346134216,0.627374351,-0.0153498519,0.354163915,0.626683295,-0.013242471,0.318048924,0.613903,-0.00962039083,0.328885436,0.623508334,-0.0126947053,0.339847356,0.626463473,-0.0123809455,0.347727358,0.626446426,-0.0113374284
2866.666666666663,0.608315527,0.512048304,-1.94776263e-007,0.598283589,0.501097918,-0.0037892363,0.592590749,0.490648031,-0.00691228546,0.586426914,0.484608382,-0.010022521,0.57850337,0.480844498,-0.0131230205,0.614445269,0.483858913,-0.00749512156,0.598393,0.48387742,-0.0155038722,0.588111222,0.487436801,-0.0215226598,0.582589209,0.490115166,-0.0252479166,0.618931532,0.489979804,-0.00994812883,0.600883424,0.490654886,-0.0160481632,0.589463472,0.493505836,-0.0196247492,0.58171469,0.495452613,-0.0228684247,0.620210946,0.497829437,-0.0129776699,0.601879358,0.498120934,-0.0197833739,0.59096849,0.499683976,-0.020988157,0.583828807,0.500614107,-0.0218497515,0.618434668,0.506197393,-0.0161727164,0.602244198,0.505139053,-0.0224134494,0.591355801,0.505229771,-0.0231375843,0.584014237,0.505111396,-0.0232123137
2866.666666666663,0.318244398,0.592756212,-6.5247356e-008,0.340571374,0.592164338,-0.0104332138,0.356863946,0.598207116,-0.0156854466,0.36322552,0.607654,-0.0182682257,0.36576283,0.615111291,-0.0198330507,0.332677037,0.60350275,-0.0206003375,0.346227616,0.616101384,-0.026275333,0.358489513,0.620440125,-0.0276516713,0.366319627,0.622200131,-0.0277615786,0.322726071,0.608331501,-0.016920561,0.338381201,0.622001171,-0.0223764591,0.352956295,0.624989808,-0.0217601862,0.361964911,0.62422204,-0.0206154268,0.318268955,0.611395776,-0.0133088268,0.333181918,0.623396814,-0.0178015307,0.34673202,0.625653386,-0.0165523738,0.355051726,0.624823034,-0.0148816155,0.317675978,0.61305207,-0.0102638425,0.329582721,0.622519612,-0.0139542557,0.34082073,0.624937475,-0.0138290469,0.348845512,0.62449348,-0.0130156437
2883.3333333333294,0.604338586,0.507333755,-1.35845596e-007,0.595094264,0.496897161,-0.0049570729,0.591276288,0.486836314,-0.00878117606,0.585053861,0.479847521,-0.0123922061,0.576875806,0.475738525,-0.015804166,0.617511451,0.479682624,-0.00675700232,0.598048031,0.478086323,-0.0142613426,0.587293,0.480968833,-0.0198936574,0.584115684,0.483334571,-0.023405252,0.620910525,0.485610098,-0.00840601698,0.599553764,0.483951777,-0.0135000171,0.587813556,0.485709101,-0.0165189952,0.582950711,0.487276077,-0.0193201825,0.620734394,0.49324894,-0.0107759619,0.600097179,0.491500437,-0.0170260128,0.58809638,0.492421478,-0.0180442389,0.582104802,0.493534803,-0.0186611749,0.617521942,0.501425326,-0.0135036102,0.600904942,0.499267757,-0.0196958967,0.590282202,0.498558223,-0.0206084792,0.58392626,0.498673946,-0.020534398
2883.3333333333294,0.320795655,0.592306376,-6.33456878e-008,0.341535389,0.590779483,-0.0115490844,0.357067496,0.596471369,-0.0171165317,0.363200516,0.605883777,-0.0194812268,0.364804208,0.612950861,-0.0207713768,0.332303554,0.60162735,-0.0237968899,0.345780671,0.61414361,-0.0299973395,0.358357817,0.618157923,-0.0312088318,0.366362154,0.619217575,-0.031029569,0.32335633,0.607168615,-0.0192056634,0.340114802,0.620441437,-0.0248959754,0.354531646,0.623190522,-0.0239790678,0.363103896,0.622001052,-0.0226100069,0.319717586,0.610877037,-0.0145866843,0.336085886,0.621817827,-0.0190301146,0.349614918,0.623656929,-0.0178048089,0.357924163,0.622501254,-0.0162111558,0.319849491,0.612939239,-0.010586787,0.332753301,0.62127012,-0.0143049182,0.343798459,0.623215675,-0.0144547308,0.351429045,0.622510493,-0.0138495564
2899.999999999996,0.607022226,0.503550828,-1.59335272e-007,0.594697714,0.49293229,-0.0053197667,0.589971304,0.483464867,-0.00996057,0.585187435,0.47630018,-0.0144772874,0.576757133,0.472037047,-0.0186911225,0.617265046,0.47642234,-0.00803214125,0.599210501,0.47342366,-0.0176393762,0.586954415,0.477172256,-0.0243943408,0.581845582,0.480993748,-0.0280931592,0.62130177,0.481815785,-0.010019592,0.600662768,0.478756487,-0.017460933,0.587091684,0.481566101,-0.0204793885,0.582379282,0.484689713,-0.0224193558,0.621694922,0.488948822,-0.0130131738,0.60197556,0.486405581,-0.0210659169,0.588111222,0.487602979,-0.0218483917,0.582182288,0.489400774,-0.021650482,0.619152546,0.496699333,-0.0164116751,0.603003383,0.494417399,-0.02341762,0.590861499,0.493904889,-0.0241724737,0.583763599,0.494278669,-0.0236858055
2899.999999999996,0.320129573,0.59286046,-7.77370914e-008,0.341011971,0.589530408,-0.0134119596,0.357497454,0.594351888,-0.0199523177,0.36378473,0.603389919,-0.0230466276,0.365831196,0.610637307,-0.0249302592,0.332635731,0.600053847,-0.0259470306,0.347175151,0.612264872,-0.0330378674,0.360602409,0.615645885,-0.0347099714,0.367771775,0.616169572,-0.034836866,0.324122071,0.605984092,-0.0208813474,0.339371711,0.618710518,-0.0276066549,0.354984671,0.62095511,-0.0270606168,0.363330096,0.619409859,-0.0259021763,0.320946902,0.609898865,-0.0160575341,0.336154252,0.62078476,-0.0220616329,0.350892842,0.622056544,-0.0218411405,0.35917455,0.620479345,-0.0207129456,0.321202606,0.612418056,-0.0118913855,0.333916634,0.621091604,-0.0171274636,0.345867783,0.622898698,-0.018300537,0.353597671,0.621971905,-0.0183326975
2916.6666666666624,0.606810391,0.500008225,-1.39888499e-007,0.59521389,0.488834143,-0.00555126835,0.590092659,0.479208231,-0.0100509655,0.5840801,0.472283095,-0.0143369008,0.57593745,0.46911636,-0.0182354022,0.617036,0.472456872,-0.00665018661,0.597627461,0.470395416,-0.0150839,0.586613953,0.474212408,-0.0214610826,0.58246,0.477619678,-0.0251571462,0.621434093,0.478166044,-0.00810139719,0.598467112,0.476215631,-0.0142132519,0.586997032,0.479130864,-0.0172812399,0.582938433,0.481861025,-0.0196278505,0.621425271,0.485419333,-0.0105120298,0.599111617,0.483349025,-0.0175705235,0.586612523,0.484828562,-0.0185041577,0.580640078,0.48667559,-0.0185817666,0.618136227,0.49317956,-0.0133340713,0.600472629,0.49080053,-0.0194722507,0.589212596,0.490562737,-0.020074198,0.582126,0.491113037,-0.0196121447
2916.6666666666624,0.322507471,0.590963185,-7.38399137e-008,0.342325479,0.58748132,-0.0139442263,0.358767748,0.591633379,-0.0211512689,0.365662515,0.600098968,-0.024639884,0.368019611,0.607097507,-0.0268447306,0.332948834,0.597214699,-0.0288458262,0.347818881,0.609069407,-0.036690034,0.362045795,0.612114489,-0.0382125974,0.369681567,0.612319887,-0.0380519144,0.32464233,0.603576899,-0.0235820413,0.340779811,0.616326749,-0.0310720149,0.357109189,0.617664397,-0.0297731441,0.364442796,0.615365863,-0.0278824903,0.321832627,0.607742429,-0.0184771921,0.337319851,0.618619442,-0.0250680223,0.352483124,0.619588196,-0.0241221767,0.35984078,0.617673039,-0.0222860072,0.322358906,0.61033237,-0.0140276849,0.334892362,0.618878,-0.0196177047,0.347263604,0.62069726,-0.0204217229,0.354680926,0.619694293,-0.0200401787
2933.333333333329,0.608884931,0.498541921,-1.56818e-007,0.595722497,0.488495588,-0.00539777428,0.590037286,0.478829294,-0.00952432677,0.584355056,0.471932679,-0.0134051107,0.577119112,0.46773839,-0.0169731863,0.618733346,0.471099913,-0.00790963415,0.598926365,0.467310339,-0.0161872953,0.586507499,0.471003294,-0.0217680763,0.582844913,0.474590629,-0.0249303933,0.622110546,0.47678867,-0.00932158809,0.599477232,0.472985923,-0.0158719961,0.586439133,0.475787222,-0.0182273556,0.582473814,0.478499144,-0.0198831689,0.6212,0.483938932,-0.0116439303,0.599998295,0.480468243,-0.0192208122,0.586303353,0.481872767,-0.0198449828,0.580321968,0.483664364,-0.0195691623,0.617346823,0.491492122,-0.014292595,0.600740194,0.488200188,-0.0210377667,0.589138269,0.487838805,-0.0218300987,0.582233846,0.488420039,-0.0213605501
2933.333333333329,0.325439036,0.589519,-9.71539791e-008,0.344777018,0.585234582,-0.0161422305,0.360615879,0.589052796,-0.0245375652,0.367294341,0.59762013,-0.02876327,0.369458914,0.604594707,-0.0317561328,0.333015889,0.594236434,-0.0330748856,0.350069553,0.60596329,-0.0416905805,0.36380747,0.608194172,-0.0435520038,0.370369285,0.60822767,-0.0437773,0.325662315,0.600877225,-0.0268353783,0.344039738,0.612769723,-0.0346973091,0.359894305,0.613545716,-0.0336387455,0.366777748,0.611562133,-0.0324840546,0.323366404,0.605639458,-0.0207946189,0.340191483,0.616155505,-0.0277997851,0.354997665,0.616587162,-0.0270159543,0.362021297,0.614697,-0.0257543363,0.324126869,0.608842194,-0.0155829731,0.337596118,0.617170751,-0.0219654944,0.349630475,0.618386745,-0.0233782157,0.356206477,0.617185593,-0.0236523803
2949.9999999999955,0.607198834,0.496725768,-1.65940975e-007,0.59564358,0.48687005,-0.00456907321,0.590259194,0.477431983,-0.00842683762,0.583876789,0.470848888,-0.0122249778,0.575647831,0.466669023,-0.0156520475,0.618092477,0.469710886,-0.00746071059,0.598561764,0.465487182,-0.0157479085,0.586549,0.469739676,-0.0208267067,0.58372575,0.473747253,-0.0235254206,0.621594429,0.475203574,-0.00918207224,0.597903788,0.471306652,-0.0157213528,0.585757732,0.475077718,-0.0173956119,0.583571076,0.478147477,-0.0184135381,0.620676696,0.482172191,-0.0117346728,0.597298443,0.478853315,-0.0191069655,0.58505863,0.481292,-0.0187305044,0.581407,0.483549267,-0.0176793952,0.617109835,0.489655584,-0.0145567572,0.598425448,0.486530334,-0.0208848622,0.58766681,0.48683089,-0.0209552776,0.582561195,0.487880915,-0.0199099779
2949.9999999999955,0.325821131,0.585890412,-1.34586116e-007,0.3460747,0.58208847,-0.0158328079,0.362785906,0.586250246,-0.0244033709,0.369478464,0.595106363,-0.0288655851,0.371263951,0.602221191,-0.03217002,0.335127443,0.590620697,-0.0336181596,0.352598369,0.601921856,-0.042918019,0.365983576,0.60414356,-0.0451837741,0.372442156,0.604179204,-0.0457196571,0.327258319,0.597941101,-0.0278325453,0.347412497,0.609390259,-0.0361568,0.362552375,0.609770417,-0.0353748947,0.368586391,0.607620955,-0.0345679745,0.324376911,0.603293777,-0.0221382137,0.343109876,0.613452435,-0.0299539939,0.35779351,0.613221109,-0.0294320416,0.364135414,0.610862,-0.0284312628,0.324626446,0.606882513,-0.0171560273,0.339886516,0.614732,-0.0240020622,0.351947039,0.614919484,-0.025214212,0.357863069,0.61283946,-0.0254018791
2966.666666666662,0.608707786,0.496102482,-1.73153069e-007,0.595498383,0.485356867,-0.0041306857,0.589694381,0.475874603,-0.00800796,0.583104432,0.469557941,-0.012036127,0.574649513,0.46673575,-0.0156922508,0.617164612,0.468721598,-0.00577219669,0.597384274,0.465573102,-0.014060705,0.58576715,0.469754845,-0.0196890663,0.582540631,0.4737252,-0.0226172507,0.621233344,0.474239498,-0.00776639394,0.596351087,0.471842796,-0.0137180695,0.584412098,0.475576311,-0.0155887865,0.582094133,0.47855553,-0.0167610645,0.62096262,0.481355906,-0.0106738545,0.597525597,0.47855112,-0.0177036524,0.585322142,0.48071909,-0.0176709834,0.581216455,0.48279044,-0.0168220755,0.61787957,0.488907367,-0.0138616068,0.599948108,0.485892713,-0.0198008902,0.588500857,0.485929251,-0.0196342152,0.581836164,0.486884147,-0.0183890853
2966.666666666662,0.325364441,0.583577275,-1.34375696e-007,0.344939053,0.579053283,-0.0147192143,0.362570256,0.581875145,-0.0234046988,0.371552944,0.589275837,-0.0286245253,0.375282407,0.596167684,-0.032695666,0.337536126,0.58713609,-0.031950023,0.355742246,0.597470403,-0.0420024134,0.370845109,0.599475384,-0.0447244979,0.378248692,0.599602938,-0.0453833528,0.330319643,0.594311595,-0.0272865947,0.350591153,0.604855299,-0.0358467251,0.366079897,0.6052019,-0.0348283164,0.370918781,0.603624,-0.0338250473,0.327605158,0.599629164,-0.0229000188,0.346937299,0.609319925,-0.0314773507,0.362040162,0.608925581,-0.0304507967,0.36736837,0.606837392,-0.0287590567,0.32771194,0.603377163,-0.0191635676,0.343787313,0.611339808,-0.0266195927,0.35656181,0.611607,-0.0274883211,0.362362,0.609422803,-0.0271164626
2983.3333333333285,0.610296369,0.495834738,-1.53046e-007,0.597042382,0.48539719,-0.00453618821,0.590364814,0.4760423,-0.00891196262,0.58264184,0.469867527,-0.0132838124,0.573271394,0.46735,-0.0174487624,0.617275357,0.468753695,-0.00784734078,0.59629941,0.465512335,-0.0159574021,0.58507812,0.469509631,-0.0212862734,0.582645416,0.473189443,-0.024233669,0.620631456,0.474421293,-0.00976243,0.596243858,0.471546739,-0.0156251974,0.584485829,0.474671453,-0.0174300075,0.582140744,0.477310807,-0.0188682433,0.619990766,0.481577337,-0.0124246739,0.597056627,0.478587121,-0.0191943906,0.584988296,0.480601817,-0.0191356782,0.581027508,0.482644856,-0.018570682,0.616979182,0.489178598,-0.0153857172,0.599274457,0.486215919,-0.0211884603,0.588261902,0.486296415,-0.0211096834,0.582415,0.487247407,-0.0201789774
2983.3333333333285,0.327838242,0.580990851,-1.01298447e-007,0.346200854,0.575748146,-0.0142808584,0.364671826,0.578237712,-0.0224832166,0.374715447,0.585370719,-0.0269051213,0.378082693,0.591841161,-0.0300721359,0.338837057,0.582113802,-0.0336815454,0.358945906,0.592301965,-0.0432048887,0.372706652,0.594222367,-0.0447548665,0.378366023,0.593844593,-0.0443125814,0.331622332,0.589571238,-0.0287535377,0.354095757,0.600067198,-0.0376762226,0.369701415,0.600710869,-0.0361381918,0.374255359,0.598723829,-0.0343729369,0.32895118,0.595426142,-0.023878932,0.349958032,0.604670048,-0.032211747,0.364690065,0.604906142,-0.0310296472,0.369289517,0.602533042,-0.028917402,0.329537541,0.599577069,-0.0196202081,0.346254677,0.607473612,-0.0269237943,0.357457429,0.608529508,-0.0279811807,0.361617476,0.606640279,-0.0276166368
2999.999999999995,0.610037148,0.495603144,-1.52528358e-007,0.599007905,0.484939605,-0.00471524335,0.591605306,0.475953877,-0.00978758093,0.582426965,0.470567167,-0.0147490893,0.572681725,0.469256878,-0.0193507019,0.616406262,0.46925348,-0.00977886748,0.594745398,0.466429979,-0.0182942413,0.583923578,0.471065968,-0.0233494267,0.582156599,0.474884093,-0.0260699615,0.620317519,0.474850088,-0.0116927205,0.595475435,0.472434074,-0.0180207156,0.584317446,0.4761011,-0.0192285534,0.582294,0.478732258,-0.0201586131,0.620300472,0.48194921,-0.0142686088,0.596333444,0.479689389,-0.0209908187,0.584856272,0.482117951,-0.0201094,0.581535161,0.484253228,-0.0190143902,0.618061483,0.489441633,-0.0171888247,0.599909425,0.48700881,-0.0227718446,0.588966846,0.487496793,-0.0222463179,0.583218575,0.488680243,-0.0210376307
2999.999999999995,0.332686514,0.577333033,-7.92696682e-008,0.350514233,0.571965337,-0.015029937,0.36757347,0.574316859,-0.0244129803,0.376358092,0.580441117,-0.0298363119,0.380447984,0.586280406,-0.0344189256,0.339817584,0.576623261,-0.0387407243,0.360077,0.586322308,-0.0497257374,0.374463081,0.588908613,-0.0521040671,0.381877422,0.589601636,-0.0522128716,0.333425164,0.584158838,-0.0337864123,0.356804341,0.594142795,-0.0438686274,0.372147828,0.595655501,-0.0427362695,0.377457708,0.594711542,-0.0414472148,0.331602216,0.590465665,-0.0286486465,0.354405969,0.599042058,-0.0380151346,0.368368417,0.5995996,-0.0369871445,0.373090923,0.597699106,-0.0350040644,0.333356291,0.595199168,-0.0240798499,0.350845337,0.602977037,-0.0322574638,0.360782504,0.604105651,-0.0334450901,0.363999218,0.602292299,-0.0331577882
3016.6666666666615,0.610492587,0.49711144,-1.58855144e-007,0.59873265,0.487340063,-0.00383752352,0.590729654,0.478229731,-0.0081867585,0.581651151,0.472947329,-0.0125442399,0.571450531,0.471053123,-0.0164906904,0.616689146,0.47091341,-0.00844989065,0.594609737,0.467680275,-0.0160779878,0.584803164,0.472668946,-0.0206306055,0.584661245,0.4764449,-0.0231882781,0.620067179,0.476355761,-0.0106253168,0.594142139,0.474075109,-0.0156536363,0.584570706,0.478231281,-0.0160964336,0.584842741,0.48085,-0.016750887,0.619630218,0.48354584,-0.0134203592,0.594513476,0.481226772,-0.0186827779,0.584671795,0.484243035,-0.0170406792,0.583916903,0.486372769,-0.0158527326,0.617152274,0.491338283,-0.0165966451,0.596986532,0.489057839,-0.0212035514,0.586550295,0.489869148,-0.0203221496,0.582518399,0.491273612,-0.0190795
3016.6666666666615,0.339823604,0.579245627,5.05420346e-008,0.353418916,0.571089149,-0.0080355918,0.371569604,0.57002461,-0.0155085335,0.382644,0.575338781,-0.0203458648,0.385153145,0.581713,-0.0241844542,0.348639876,0.569933653,-0.0307868458,0.373277634,0.581787288,-0.0389795937,0.378653646,0.584220171,-0.0394060947,0.37569949,0.583125234,-0.037395224,0.339153439,0.577847779,-0.0286993682,0.368638307,0.58863008,-0.0364254154,0.375581354,0.590384603,-0.0338884629,0.371993214,0.588554084,-0.0309006143,0.336313814,0.58499831,-0.0256541036,0.362095833,0.594050467,-0.0303228889,0.370058447,0.595667303,-0.0263909493,0.369628578,0.593687356,-0.0225464012,0.337924451,0.590380132,-0.0227972157,0.358004659,0.596969187,-0.0243819226,0.3644467,0.598342776,-0.0211592857,0.364396185,0.59689939,-0.0184109826
3033.333333333328,0.613413036,0.498515308,-1.37125866e-007,0.601616502,0.487872958,-0.00389958383,0.592525423,0.478939712,-0.00872572139,0.582545817,0.474225074,-0.0135097159,0.572184503,0.473502934,-0.0180609711,0.61652869,0.47263512,-0.00939296186,0.594035208,0.470019937,-0.017048249,0.585279286,0.47473377,-0.0220760182,0.585414469,0.478190184,-0.0251445752,0.619922578,0.478292644,-0.0116083501,0.594135642,0.476520807,-0.0166912246,0.585373104,0.47997883,-0.0178368408,0.585119188,0.482271641,-0.0192550365,0.619573891,0.48562327,-0.0143140731,0.594655752,0.483897537,-0.0194433685,0.585108578,0.486238688,-0.0184069313,0.58350426,0.488040656,-0.0178213,0.617205083,0.493332952,-0.0173787493,0.596795917,0.491434067,-0.0217343029,0.586771905,0.492015,-0.0210511629,0.582521737,0.493026942,-0.0201828666
3033.333333333328,0.348389745,0.571877897,1.26007453e-008,0.361553669,0.56470567,-0.00557804573,0.377797663,0.563447595,-0.0113500049,0.386767238,0.568320334,-0.0153126167,0.388386846,0.574125707,-0.0184360724,0.356878161,0.565013826,-0.0237527713,0.377903283,0.574663818,-0.0293291882,0.379412949,0.573994637,-0.0286629144,0.375355691,0.571771085,-0.0266856384,0.348583847,0.572832167,-0.0227792,0.372006893,0.581098676,-0.0263737198,0.377810508,0.58094734,-0.0226533879,0.376413405,0.578961849,-0.0203490835,0.345803022,0.57954824,-0.0210515521,0.365982682,0.586624861,-0.0226255059,0.372917682,0.586185157,-0.0177467391,0.374210715,0.583461404,-0.0146693671,0.346443057,0.584907889,-0.019596789,0.362291425,0.590650678,-0.0192125421,0.366503,0.590232074,-0.0151606267,0.366387367,0.587574,-0.0126560284
3049.9999999999945,0.613869071,0.499806,-1.45506689e-007,0.602552056,0.489571452,-0.00368620851,0.593217969,0.480840504,-0.00792374089,0.582706571,0.476246834,-0.0120956823,0.572315037,0.476108611,-0.0161342081,0.615592837,0.47459811,-0.00852187164,0.593861699,0.472550958,-0.0152527299,0.584542453,0.476958901,-0.0195114147,0.583798468,0.480086833,-0.0221510623,0.619149268,0.480321407,-0.0105444146,0.594033122,0.478929907,-0.0148306983,0.584810913,0.482426971,-0.0156458113,0.583735287,0.484805614,-0.0168950036,0.619344711,0.487487584,-0.013046057,0.595571637,0.486395746,-0.0176136438,0.585944235,0.488415867,-0.017096132,0.583729744,0.489938051,-0.0169880372,0.617461264,0.494976431,-0.0158369262,0.597276866,0.493989915,-0.0197254159,0.587421656,0.494428754,-0.0194572434,0.58311379,0.495127797,-0.0190689657
3049.9999999999945,0.356947064,0.568909585,-3.51024596e-008,0.367931932,0.560870647,-0.00878400542,0.380364716,0.557764053,-0.0155840544,0.387881219,0.559993386,-0.0199488,0.392419904,0.563863158,-0.0236177053,0.352871358,0.558272302,-0.0310643632,0.378131598,0.565546513,-0.0391801223,0.389966309,0.565477967,-0.0391849354,0.392119408,0.563860476,-0.0372080877,0.346484959,0.56658709,-0.0287780147,0.376111776,0.573949814,-0.0365907177,0.388572842,0.57246536,-0.0335073024,0.389496505,0.569957435,-0.0303035248,0.346650541,0.574315727,-0.0258687064,0.373130918,0.579985738,-0.0319519974,0.384288847,0.57821089,-0.0279098,0.385601342,0.575789273,-0.0237598661,0.350658447,0.580523312,-0.0232708361,0.370958894,0.585097671,-0.027297467,0.380094826,0.58417356,-0.0250236951,0.381230503,0.581724763,-0.0225368384
3066.666666666661,0.616001904,0.500380516,-1.38415118e-007,0.603934705,0.490344405,-0.0041281567,0.593497574,0.481888175,-0.0084355,0.58239913,0.477968633,-0.0126088895,0.571972191,0.478477925,-0.016718898,0.612953544,0.476542562,-0.00883681141,0.593061924,0.476463825,-0.0158973951,0.583710968,0.480904132,-0.020622002,0.58174926,0.484077603,-0.0235696156,0.617083132,0.482444763,-0.0107199522,0.593443274,0.482945979,-0.0150711369,0.584586799,0.486239493,-0.0162105411,0.583625376,0.488157123,-0.0178471599,0.617914379,0.489723921,-0.0131768631,0.595340729,0.490113437,-0.0179980379,0.586328387,0.491855353,-0.0178272966,0.584696472,0.492820978,-0.0180233177,0.616910577,0.497057348,-0.0159629062,0.596685708,0.497248322,-0.0203018095,0.586475253,0.497573107,-0.0203102157,0.581803203,0.497821,-0.0201869383
3066.666666666661,0.362868518,0.562297225,4.97501205e-008,0.372899115,0.55405724,-0.00613307068,0.38606751,0.549455464,-0.0135977874,0.394598365,0.551424742,-0.0191756357,0.398723274,0.556701243,-0.0237695705,0.360646904,0.550579429,-0.0283156242,0.387206346,0.558728695,-0.0367607288,0.392427623,0.558391094,-0.0378308818,0.38993445,0.556652546,-0.0365662836,0.352185667,0.559084594,-0.0279798768,0.382367074,0.565836072,-0.0350453779,0.390308917,0.564923704,-0.0315442756,0.389286309,0.563269675,-0.0285549872,0.350605756,0.566764593,-0.0268299598,0.377732038,0.572547138,-0.0307553262,0.386265665,0.571229696,-0.0244003106,0.386889249,0.568658352,-0.0195029564,0.353007406,0.573265,-0.0259910058,0.374686,0.57703954,-0.0263202172,0.381551832,0.575981617,-0.0210422426,0.381897658,0.573624,-0.01733041
3083.3333333333276,0.613122046,0.501730382,-1.27889166e-007,0.600713193,0.492799371,-0.00463253446,0.591519177,0.48412919,-0.00844958611,0.582518458,0.48005724,-0.012028018,0.573387444,0.480796,-0.0154863643,0.613431036,0.479231626,-0.00838697888,0.592909396,0.479447752,-0.0144967511,0.585654259,0.484039247,-0.0182819907,0.586530089,0.487066835,-0.0207584277,0.617278457,0.485636026,-0.00999983214,0.592531383,0.486718774,-0.0136802904,0.584720492,0.49020189,-0.0145387584,0.584760368,0.491965473,-0.0160085615,0.617581427,0.493428439,-0.0121448208,0.593605042,0.494512826,-0.0157970153,0.585951209,0.496397108,-0.0148374317,0.585856676,0.497018665,-0.0147983041,0.616014659,0.501143634,-0.0147292987,0.594953895,0.501903832,-0.0179625545,0.586629272,0.502110839,-0.0171570554,0.58470583,0.501977,-0.016615117
3083.3333333333276,0.358550191,0.554480851,9.43775191e-008,0.368436784,0.545769811,-0.00525999535,0.384037942,0.541407168,-0.011227278,0.397747189,0.543097615,-0.0156391151,0.405116528,0.546871305,-0.019302506,0.363065958,0.542986035,-0.0222451463,0.391032398,0.54898864,-0.0299277101,0.399778485,0.550758123,-0.0319521278,0.401627183,0.550444663,-0.031477835,0.357298,0.551814795,-0.0221009124,0.389781028,0.556909859,-0.0274021532,0.398670018,0.556772113,-0.0249477848,0.3986893,0.555256784,-0.0228697769,0.356623411,0.559796035,-0.0213666949,0.385763705,0.563985288,-0.0236942694,0.394471824,0.563145161,-0.0184556451,0.395637929,0.56076473,-0.0146817109,0.359270811,0.566651046,-0.0209863596,0.382491022,0.569069386,-0.0202882253,0.390037179,0.5680902,-0.0153959962,0.391759,0.565605342,-0.0120394602
3099.999999999994,0.608421922,0.504426181,-1.32146496e-007,0.598790348,0.49493745,-0.00417874893,0.590811312,0.487026811,-0.00863895472,0.58200711,0.483821183,-0.0130215976,0.573177397,0.484682649,-0.0175695457,0.613386273,0.484149545,-0.00998829398,0.592804551,0.4839589,-0.0160260499,0.583375156,0.487888455,-0.0193420611,0.582250655,0.490981191,-0.0214033388,0.617041171,0.491126686,-0.0121492064,0.592875361,0.490898579,-0.0158968717,0.583090365,0.494233459,-0.0160851292,0.581463933,0.496204019,-0.0169001501,0.616757274,0.498995721,-0.0146718826,0.593255,0.499200255,-0.0183996875,0.585166097,0.500773668,-0.016922202,0.584521711,0.501369,-0.0164167322,0.614350796,0.506531835,-0.0175937414,0.594796777,0.506570816,-0.0207279306,0.586271703,0.506576478,-0.0192409549,0.583867,0.506461382,-0.0181854255
3099.999999999994,0.356841743,0.548186421,-4.62475391e-008,0.367605656,0.538802505,-0.0054365,0.387895167,0.533323407,-0.0122451959,0.403627545,0.53449887,-0.0172348525,0.413238943,0.538919568,-0.0208056476,0.368105501,0.535906315,-0.0278448686,0.400313437,0.540584385,-0.0374370478,0.401270747,0.541313887,-0.037826132,0.393976182,0.540352225,-0.0356443338,0.364017755,0.544971,-0.0282069445,0.402010471,0.548538089,-0.0380501412,0.400372028,0.548606694,-0.0354044512,0.390159637,0.548019648,-0.031575229,0.364833146,0.553377509,-0.0277650133,0.397609949,0.556255937,-0.0342788845,0.395945549,0.555684507,-0.0284633841,0.388262451,0.55411303,-0.0227529053,0.368373632,0.560098529,-0.0273703914,0.394227564,0.561388195,-0.0296041779,0.393268466,0.560994446,-0.0250471886,0.386760503,0.560259581,-0.0211755838
3116.6666666666606,0.608312547,0.506704271,-1.35040054e-007,0.599225461,0.497024179,-0.00394310197,0.590988457,0.489557981,-0.00854449626,0.580652535,0.48732689,-0.0131565984,0.571177781,0.488923401,-0.0180094969,0.612212181,0.48904565,-0.00948771,0.593964,0.489021748,-0.015865976,0.58354944,0.491763949,-0.020218391,0.580725133,0.494634718,-0.0230023619,0.615801,0.496150851,-0.0117035601,0.592606485,0.495848089,-0.0152128963,0.581613183,0.498199791,-0.0160418265,0.579371929,0.499798656,-0.0175184552,0.615542293,0.503837824,-0.0142713459,0.593437076,0.503688,-0.0178749226,0.585297823,0.504710853,-0.0168106165,0.584470272,0.505276918,-0.0166566446,0.612989306,0.510898292,-0.0172635335,0.594645619,0.511037946,-0.0201708805,0.586517334,0.510680497,-0.01856279,0.584090233,0.510420442,-0.0175058823
3116.6666666666606,0.362261981,0.543419,1.49936923e-007,0.372812182,0.533272,-0.00426095026,0.389549524,0.526944399,-0.00992977247,0.404958278,0.527388096,-0.0141546261,0.414771318,0.530980885,-0.0178807136,0.374626458,0.527862847,-0.0203092378,0.402905285,0.531568289,-0.0271822363,0.409194142,0.532137215,-0.0295326784,0.407916397,0.531420588,-0.0296430327,0.370651901,0.537362218,-0.0204858575,0.401836962,0.54081732,-0.024835011,0.410730749,0.539898872,-0.0226578247,0.409662604,0.538487494,-0.0212463439,0.370579451,0.546042323,-0.0199209731,0.398554862,0.548854411,-0.020541152,0.407150239,0.547391891,-0.014738474,0.406848907,0.54531163,-0.0111904806,0.372736186,0.55349046,-0.0197943281,0.394804209,0.554272652,-0.0178006142,0.401848406,0.552649677,-0.0122139081,0.402389377,0.550547183,-0.00851528533
3133.333333333327,0.60683912,0.509498239,-1.22896807e-007,0.599045455,0.500561237,-0.00301873777,0.590736389,0.494055152,-0.00733590918,0.580589533,0.492325604,-0.0120117683,0.571743369,0.49360013,-0.0171077326,0.611115932,0.493377119,-0.0075873,0.590883553,0.493765503,-0.0132691767,0.58067733,0.494842291,-0.0175274406,0.577084422,0.496643901,-0.0202336349,0.614562511,0.500743,-0.0104196006,0.59035188,0.500990272,-0.0130077228,0.582142591,0.503092229,-0.0138700353,0.581459,0.504074097,-0.0154271554,0.614558458,0.508415282,-0.0134929288,0.590969503,0.508383453,-0.0164140593,0.58456403,0.509728372,-0.0149965249,0.58446759,0.510099649,-0.0146899857,0.611848593,0.515365541,-0.0169853531,0.59203583,0.515611827,-0.0190829206,0.586377323,0.515816271,-0.0166681316,0.58620584,0.515790701,-0.0151234446
3133.333333333327,0.363685906,0.540588081,4.33326486e-009,0.375090301,0.529462516,-0.00215194141,0.390964836,0.523451209,-0.00531302812,0.407289952,0.522572219,-0.00906528346,0.419409692,0.523557842,-0.0125618866,0.39389497,0.521824956,-0.00501651317,0.410427511,0.523209155,-0.0133038117,0.406644821,0.523519874,-0.019502569,0.398982197,0.523099,-0.0226569027,0.392302811,0.529241264,-0.00790857,0.409136385,0.530971,-0.0136798481,0.404605269,0.530373394,-0.0162785351,0.396096468,0.529138088,-0.0179050118,0.390680432,0.53729856,-0.0113302562,0.405252844,0.538955688,-0.015516283,0.397897959,0.53730166,-0.0139755672,0.388166338,0.535418093,-0.0127224661,0.387542456,0.545244098,-0.0151948361,0.398054689,0.545963049,-0.0172427371,0.393662155,0.544319,-0.0148128076,0.387827277,0.54249227,-0.012719065
3149.9999999999936,0.607050776,0.513201833,-1.28592802e-007,0.59889394,0.504342139,-0.00493985089,0.591046035,0.497675687,-0.00983505417,0.581117749,0.496647179,-0.0146471364,0.572034061,0.499281973,-0.0198712498,0.611088037,0.499085158,-0.0102912029,0.59068507,0.49949196,-0.0168586317,0.581501842,0.501719117,-0.0219886228,0.580097377,0.504558444,-0.0252858568,0.614913344,0.506274045,-0.0119911423,0.589491606,0.50671941,-0.0154588269,0.580971062,0.508057892,-0.017314719,0.580248952,0.509031892,-0.0197521932,0.614811599,0.513539612,-0.0140173,0.590094864,0.514060676,-0.0176573303,0.582326472,0.51438731,-0.0175627358,0.581559658,0.514285743,-0.0181781687,0.612550795,0.519848287,-0.0166131686,0.592703521,0.520665169,-0.0193797573,0.584676683,0.520110905,-0.0181397311,0.581986785,0.519610107,-0.0175233502
3149.9999999999936,0.374926686,0.528613627,-1.95259233e-007,0.382131517,0.519596577,-0.00477827247,0.397847265,0.513977587,-0.00824654847,0.411874235,0.514606357,-0.0120988172,0.420730501,0.517467678,-0.0153748123,0.412239075,0.51481086,-0.00728340959,0.422284275,0.514574587,-0.0174689386,0.409021974,0.515777707,-0.0236845817,0.397454172,0.516043365,-0.0263395123,0.412132889,0.522721529,-0.00946004409,0.416700959,0.524563,-0.0186354388,0.400894314,0.524146318,-0.020408215,0.388490528,0.522503555,-0.0199480392,0.409395814,0.530719697,-0.0127880555,0.409700155,0.532385349,-0.0200780835,0.396156907,0.531287253,-0.0180451535,0.385769665,0.52922368,-0.0153106796,0.405069411,0.53814888,-0.0167288855,0.404862165,0.539040387,-0.0200708397,0.394146144,0.53759563,-0.0169881377,0.386380941,0.535871685,-0.0138932373
3166.66666666666,0.609304607,0.511194408,-5.81185589e-008,0.601185918,0.504653454,-0.00261125667,0.59139806,0.502100229,-0.00619216356,0.582421124,0.50233078,-0.00972063839,0.575681806,0.504125774,-0.0140708564,0.610366583,0.505201817,-0.00912907813,0.594433844,0.507336617,-0.0138806552,0.582721293,0.507737637,-0.0179662686,0.576843202,0.508686125,-0.0205292,0.6139552,0.512326062,-0.0113696819,0.59296155,0.514632344,-0.0130719747,0.582462788,0.514645457,-0.0135641415,0.579624474,0.515215099,-0.0151693663,0.613681614,0.519002,-0.0135231484,0.592937231,0.520747721,-0.0158368498,0.585475326,0.519871652,-0.0136449058,0.586102664,0.519278228,-0.0126607232,0.610824168,0.524427891,-0.0159623418,0.593147635,0.526464224,-0.0186551064,0.586358726,0.525247574,-0.0164183453,0.586068809,0.524326742,-0.0148343919
3166.66666666666,0.379878283,0.52162081,-1.31949221e-007,0.388899565,0.513754964,-0.00444116676,0.407071829,0.507725775,-0.007848165,0.422445327,0.506366909,-0.010769695,0.434293687,0.506782055,-0.0128096165,0.411734432,0.506917775,-0.0102176815,0.425548077,0.506661236,-0.0185587425,0.413296342,0.507215142,-0.021827314,0.401583046,0.507839799,-0.0221738052,0.410048187,0.514864862,-0.0114673842,0.422688544,0.515897691,-0.0190700497,0.408343673,0.515448,-0.0181798078,0.395435065,0.514761209,-0.0156619735,0.407412112,0.523456573,-0.0133868214,0.416745186,0.524586618,-0.0188598596,0.404697567,0.523793221,-0.0140562877,0.394437194,0.522953212,-0.00946449209,0.405295789,0.531833768,-0.0156948231,0.412678748,0.531219721,-0.0179721862,0.402925313,0.530059159,-0.0134312008,0.395340353,0.529455125,-0.00925848912
3183.3333333333267,0.384572655,0.51678431,-7.29197751e-008,0.393491149,0.508291125,-0.00300894445,0.412681669,0.502596617,-0.00614689291,0.429403961,0.501819909,-0.00893533323,0.441137195,0.500913,-0.0108167874,0.411546975,0.499964535,-0.0108580217,0.430976182,0.499878496,-0.018705355,0.422791719,0.500533879,-0.0210727286,0.412932158,0.501277506,-0.0208050516,0.409450829,0.507431269,-0.012769131,0.43127504,0.509178519,-0.0206616856,0.420353115,0.508869648,-0.0196525343,0.408390462,0.508312881,-0.0169687327,0.408017397,0.515800893,-0.0149798831,0.426300228,0.517497361,-0.0201307572,0.41576311,0.516483963,-0.0151211601,0.405859023,0.515608728,-0.0103946729,0.407601982,0.524211645,-0.0174192395,0.422121137,0.523861349,-0.0187572669,0.414082944,0.522530496,-0.0138019919,0.406535596,0.521851122,-0.0096102953
3199.999999999993,0.385005265,0.510658264,9.3182841e-008,0.395139217,0.501154065,-0.00215311674,0.414003968,0.49514693,-0.00687593,0.432375282,0.493288279,-0.011102085,0.445627302,0.491647899,-0.0148591036,0.403521478,0.492778242,-0.0167729,0.429940134,0.493265957,-0.0246064886,0.437178493,0.4950611,-0.0272233095,0.436979294,0.49638465,-0.027348524,0.401133657,0.500330865,-0.0188094266,0.431369245,0.501522183,-0.0253552441,0.435951591,0.502276897,-0.0244294144,0.43092069,0.502034605,-0.0231259987,0.40152967,0.508769155,-0.0202597622,0.430110633,0.509662092,-0.0240339395,0.430617034,0.5094558,-0.0193437934,0.423832923,0.508262515,-0.0156729929,0.403929055,0.517246902,-0.0218060873,0.42706418,0.516701341,-0.0226476844,0.426122934,0.515791655,-0.0182056352,0.419798434,0.514630675,-0.0147001892
3216.6666666666597,0.389582396,0.503424287,-2.30359802e-008,0.398946404,0.49463582,-0.00200399454,0.418150842,0.488509506,-0.00725678727,0.435872257,0.48755756,-0.0127174091,0.447240263,0.488628656,-0.0175788626,0.413380027,0.484927386,-0.0157538,0.44160533,0.4859218,-0.0253049955,0.439935446,0.488053322,-0.0295918845,0.432291836,0.488444865,-0.0310108885,0.410606354,0.492309272,-0.0193495341,0.440954894,0.4937208,-0.0272579025,0.436716199,0.494697601,-0.026854733,0.426388,0.49449,-0.02589304,0.410309792,0.500581801,-0.0227685906,0.438644499,0.501439035,-0.0274718236,0.430839866,0.502075,-0.0226622913,0.4190678,0.501592636,-0.0191320274,0.411854804,0.50916481,-0.0264926292,0.434102297,0.508787572,-0.0279767103,0.427964836,0.508985281,-0.0233005136,0.418378204,0.50864315,-0.0198356528
3233.333333333326,0.396116406,0.496766955,-3.12890798e-008,0.405230731,0.488864839,-0.0015091392,0.424165249,0.483016729,-0.00551910605,0.441487521,0.481158018,-0.0096683884,0.453679055,0.480557114,-0.0133103421,0.419828832,0.478625953,-0.0129426708,0.443563074,0.47882098,-0.021174781,0.44336766,0.480237663,-0.0249459,0.43724981,0.480796248,-0.0260865353,0.417660654,0.485536,-0.0161037352,0.442677,0.486477345,-0.0226446036,0.440746903,0.487406254,-0.0222885739,0.432201833,0.487419933,-0.0213641953,0.417241037,0.493797094,-0.0191251468,0.43997407,0.494282454,-0.023274947,0.435524255,0.494900525,-0.019088285,0.426803142,0.494533688,-0.0159180164,0.41805315,0.502617717,-0.0223855618,0.436795145,0.50247848,-0.0242855325,0.432576597,0.502326071,-0.0204602052,0.425306886,0.501799,-0.0173857491
3249.9999999999927,0.59777385,0.535158,-1.87654887e-008,0.594891608,0.528884888,-0.0145269614,0.591980815,0.52484113,-0.0253414735,0.586264908,0.526853859,-0.0335178934,0.581348062,0.531352341,-0.0402859375,0.619128764,0.532987177,-0.0241563488,0.602128386,0.536960661,-0.0322487205,0.592290878,0.536065757,-0.0356176384,0.590864658,0.534273744,-0.0380104706,0.620037675,0.541436791,-0.0207423735,0.60046345,0.544032037,-0.0267703626,0.589117587,0.54192251,-0.0271660462,0.588398814,0.539753795,-0.0282375161,0.616896212,0.547567368,-0.0179372225,0.599891126,0.550162256,-0.0246468894,0.589379549,0.547825,-0.0235363748,0.588155866,0.545268357,-0.0228300877,0.611296535,0.552062035,-0.0161288828,0.598278284,0.554584563,-0.02174858,0.589351356,0.552433848,-0.021400867,0.586839497,0.550020635,-0.0207436457
3249.9999999999927,0.400567144,0.492752463,4.88431802e-008,0.410043061,0.484136641,-0.000950920454,0.429464906,0.47734046,-0.00549443718,0.448367566,0.47565335,-0.0101776673,0.460447252,0.474884629,-0.0140223978,0.416295826,0.473074526,-0.0152421063,0.446612477,0.472225547,-0.0231814366,0.454036951,0.475833952,-0.0256049708,0.452987194,0.478018135,-0.0255223252,0.414498061,0.480141371,-0.0185466036,0.447387159,0.478946447,-0.0239263866,0.4541547,0.482260555,-0.0219576117,0.45208,0.484149903,-0.0202691294,0.416018516,0.488092482,-0.0214513056,0.447856128,0.486946195,-0.0239918567,0.452281594,0.489208609,-0.0179797094,0.449345142,0.489997774,-0.0140055167,0.420250207,0.496388763,-0.0246038288,0.446634948,0.494684845,-0.0239378698,0.448559463,0.495342702,-0.0180658232,0.444811821,0.495350659,-0.0140952766
3266.6666666666592,0.589721143,0.541943967,-6.92030895e-008,0.588924229,0.535335183,-0.0126309749,0.589363575,0.530253589,-0.0217985548,0.584290326,0.532095611,-0.0286208261,0.578797042,0.535542369,-0.0341081657,0.61997962,0.537746549,-0.0188894756,0.600851059,0.540841877,-0.0265303552,0.591257095,0.539434,-0.030222822,0.591483772,0.537332416,-0.0329554342,0.621100426,0.545362,-0.0165206864,0.600523591,0.548146546,-0.0229046941,0.58987534,0.546321809,-0.0236051772,0.590006709,0.544696093,-0.0243592784,0.618175566,0.551312506,-0.0148936911,0.598944485,0.553797722,-0.0220824629,0.588740349,0.551637173,-0.0210466236,0.588774681,0.549737215,-0.0198537875,0.61236,0.555873752,-0.01423884,0.599319041,0.558090448,-0.0201030895,0.590144277,0.556149065,-0.019789407,0.588507533,0.554402888,-0.0187862981
3266.6666666666592,0.405300617,0.488532752,-3.23511024e-010,0.4121328,0.479457974,-0.000992521178,0.429571658,0.471917957,-0.00540075963,0.447157383,0.470115781,-0.0102002295,0.459000587,0.470897049,-0.0143775214,0.424321532,0.466510385,-0.0131985983,0.452732086,0.466490865,-0.0214280766,0.45468,0.469734967,-0.0250145774,0.44972688,0.471024901,-0.0263056662,0.423234016,0.473464102,-0.0171838924,0.453786075,0.473776639,-0.0236060359,0.453036249,0.476545423,-0.0228348207,0.444752187,0.477648735,-0.0220256038,0.424529254,0.481645614,-0.0209763255,0.452987343,0.481361717,-0.0243799109,0.448625237,0.483597785,-0.0194204357,0.438900232,0.484063357,-0.0162585545,0.427468508,0.490164787,-0.0250979252,0.450131595,0.488974631,-0.0258689765,0.445774436,0.490457505,-0.0211239178,0.437177181,0.490884215,-0.0178785603
3283.3333333333258,0.603772104,0.541719437,5.14451557e-008,0.600357652,0.536777437,-0.015672883,0.596158803,0.533294,-0.027251929,0.590604305,0.535344541,-0.0359744877,0.586513,0.539699495,-0.04346,0.621181428,0.542276263,-0.0272671897,0.607558668,0.546385586,-0.0361346528,0.597103298,0.545175552,-0.0398744419,0.593538463,0.542443454,-0.0421610326,0.619445622,0.550087869,-0.0235194322,0.603829861,0.553560078,-0.0307203885,0.592740715,0.551900089,-0.0327572,0.590138793,0.549500465,-0.0348988175,0.61410135,0.555274367,-0.0202942342,0.601718307,0.558795631,-0.0276109558,0.591883302,0.55692029,-0.0282213427,0.589203358,0.554251,-0.0287193172,0.607992113,0.558920562,-0.0179686099,0.59864825,0.562042,-0.0244611762,0.590950429,0.560591519,-0.0252316743,0.587926149,0.558401644,-0.0253410544
3283.3333333333258,0.411890954,0.484908372,4.35477858e-008,0.416926265,0.476115316,-0.0024892597,0.435150027,0.468085617,-0.00719610276,0.454695404,0.465350449,-0.0116413627,0.468460888,0.464530081,-0.0154359406,0.424449801,0.462842852,-0.0169196203,0.452383161,0.459868133,-0.0245930403,0.460197806,0.462917089,-0.0271014869,0.461062372,0.465496302,-0.027557997,0.424919665,0.469792098,-0.0197223667,0.454873681,0.46714294,-0.0255173575,0.459459245,0.469587028,-0.0239544064,0.456158549,0.471589237,-0.0226420984,0.427992016,0.477853209,-0.0221821442,0.455456823,0.475786328,-0.025282884,0.455177665,0.47788918,-0.020048717,0.4494268,0.479321748,-0.0166652687,0.433007479,0.486206055,-0.0250239074,0.45369488,0.483791918,-0.0256888717,0.451244503,0.484875292,-0.0210270081,0.445393831,0.485896677,-0.0177695807
3299.9999999999923,0.593439758,0.545057356,-7.92452237e-009,0.592275381,0.54001987,-0.016066378,0.591242671,0.536818445,-0.027058674,0.586519778,0.53934586,-0.0346756615,0.581950307,0.543019354,-0.0407819189,0.619791508,0.544536769,-0.0249940511,0.603163242,0.550082326,-0.0330101326,0.594659925,0.548399508,-0.0365634188,0.593466341,0.545147419,-0.0390969887,0.619995236,0.552336156,-0.0207152534,0.602495849,0.557150424,-0.0275994577,0.591320574,0.554905295,-0.0286116507,0.58915782,0.55225426,-0.0295355506,0.615967453,0.557968736,-0.0170614142,0.600930274,0.562251568,-0.0241987668,0.590919912,0.559991956,-0.0231463071,0.588742256,0.557339489,-0.0220374316,0.610099792,0.56186974,-0.014474812,0.600341201,0.565273,-0.0210435316,0.591941535,0.563588381,-0.0209111236,0.588775516,0.561635077,-0.0199234057
3299.9999999999923,0.41392985,0.480197251,9.59273336e-008,0.41889,0.471410334,-0.00138766249,0.434198588,0.463269114,-0.00634438312,0.451259971,0.460334092,-0.0116625484,0.463533431,0.460424,-0.016521899,0.427549392,0.458385617,-0.0160485,0.454691827,0.454783082,-0.0246268902,0.467191517,0.458560526,-0.0279924348,0.470734954,0.4617697,-0.0288106874,0.427911937,0.464612961,-0.0198596623,0.458535165,0.461267978,-0.0268585123,0.468565047,0.465282857,-0.026647,0.469217271,0.468280613,-0.0260141492,0.430391788,0.472212791,-0.023186069,0.460826039,0.469527304,-0.0274320319,0.465320617,0.47288698,-0.0231727231,0.461948544,0.475042194,-0.0199985821,0.43476665,0.480320334,-0.0267488919,0.460866779,0.477234662,-0.0276861731,0.461646944,0.478879541,-0.022842817,0.455814421,0.48045662,-0.0192214586
3316.666666666659,0.600572228,0.545601666,6.75593839e-008,0.597813964,0.54155755,-0.0172753856,0.595290899,0.539732277,-0.0287557319,0.590833247,0.543298602,-0.0368668176,0.586552203,0.54780376,-0.0435397476,0.620910883,0.548229814,-0.0281859916,0.604347944,0.553711653,-0.0385558866,0.592374206,0.552509904,-0.0433925688,0.587684,0.549194038,-0.0459620357,0.618284047,0.556026638,-0.0233887136,0.601830304,0.560744822,-0.03202039,0.589887857,0.558675349,-0.0342427269,0.585625,0.555542409,-0.0357294567,0.612033248,0.561300576,-0.0193394385,0.597681224,0.564810336,-0.027336346,0.587772191,0.562398911,-0.0276733432,0.584338844,0.559185743,-0.0273777302,0.605199158,0.564915,-0.0164149534,0.595037937,0.567650497,-0.0235866532,0.58710885,0.565633833,-0.0244696122,0.583278,0.562985837,-0.0241003446
3316.666666666659,0.419086128,0.476629,1.00546124e-007,0.421784222,0.468072981,-0.0012313826,0.435502619,0.459622264,-0.00594110088,0.451643199,0.456496119,-0.0110266702,0.464326382,0.456296504,-0.0158110354,0.430881619,0.455175549,-0.0148591883,0.456502318,0.45081985,-0.0233294833,0.46968174,0.453662187,-0.0272400156,0.47472024,0.456894785,-0.0285412353,0.431923777,0.461274773,-0.0185559802,0.461089641,0.457277745,-0.0255484805,0.471696734,0.460275084,-0.026041083,0.473246485,0.463090509,-0.0258708987,0.434993863,0.468628526,-0.0217925254,0.463913769,0.46508655,-0.0262560453,0.470033407,0.467591643,-0.0229866765,0.468475789,0.469623029,-0.0204109307,0.439631224,0.476373702,-0.0251935422,0.464524388,0.47285071,-0.0268428903,0.467476249,0.474049866,-0.0229204837,0.464314252,0.475378305,-0.01980583
3333.3333333333253,0.591700137,0.548393905,-4.11036041e-008,0.590078115,0.545207918,-0.0146224927,0.589608192,0.543613553,-0.0240203459,0.585617065,0.547182262,-0.030418206,0.583528161,0.550139,-0.0350959189,0.616954625,0.552806854,-0.0212380551,0.600396276,0.557631433,-0.0292201564,0.59067893,0.555205941,-0.0324145,0.590254486,0.552090585,-0.0345310904,0.616982281,0.560003698,-0.0176161192,0.598993897,0.563746691,-0.0244670752,0.58720386,0.560194194,-0.0250345487,0.586979508,0.557393849,-0.0254049525,0.613000274,0.564894915,-0.0147768753,0.597017,0.568444371,-0.0221719444,0.585958064,0.564687788,-0.0202561338,0.585359573,0.561713576,-0.0182988681,0.60686487,0.567914426,-0.0129781161,0.595698893,0.57083863,-0.0191931,0.586842895,0.56821692,-0.0182930958,0.584881604,0.565971792,-0.0166166537
3333.3333333333253,0.421881229,0.473938674,1.38936613e-007,0.425349712,0.464961886,-0.000711136498,0.438494533,0.456325084,-0.00561950868,0.454102367,0.452821314,-0.0109253656,0.466644645,0.452450722,-0.015962271,0.435282677,0.452390671,-0.0159076676,0.460562795,0.447171181,-0.0250583924,0.475012839,0.449880749,-0.0284218285,0.478852928,0.45383209,-0.0286137462,0.436000854,0.457931817,-0.0197196864,0.465103567,0.453751057,-0.0271260962,0.477716565,0.457002759,-0.0266182721,0.478507698,0.460323751,-0.0252106655,0.438589901,0.465180814,-0.0230851267,0.466228485,0.461195976,-0.0284083374,0.476089984,0.463941723,-0.0246896967,0.475519359,0.466858685,-0.0210692678,0.442411244,0.472825974,-0.0264517609,0.466213822,0.468695879,-0.0289915111,0.473563015,0.469992429,-0.0251654964,0.472863555,0.472186655,-0.0214515254
3349.999999999992,0.593297362,0.551991522,-4.91896799e-008,0.591297626,0.548476458,-0.0145218968,0.590363503,0.546002686,-0.0240057539,0.585782886,0.549630821,-0.0306781549,0.58192265,0.553925157,-0.0357014313,0.615943372,0.555902064,-0.0200020764,0.600712121,0.560854793,-0.0276679248,0.592693388,0.55887,-0.0311586373,0.591896176,0.555921257,-0.0335094482,0.61603111,0.5631001,-0.0164186135,0.599576592,0.567150712,-0.0227292553,0.589226544,0.564648747,-0.023701,0.588647723,0.562182903,-0.0244202744,0.612312317,0.567864299,-0.0137127675,0.597016454,0.571287036,-0.0202334709,0.587852359,0.568683267,-0.0191704575,0.587603807,0.566056252,-0.0179408528,0.606314182,0.570857108,-0.0121280216,0.596527338,0.573753655,-0.0172988195,0.589748561,0.571815073,-0.0168610215,0.588971198,0.56956619,-0.0157617554
3349.999999999992,0.426234573,0.47291109,1.25804064e-007,0.428459525,0.463654906,8.6785265e-005,0.439815909,0.454525411,-0.00445817132,0.454429477,0.45052886,-0.00972764567,0.466609031,0.449920356,-0.0147196297,0.437483132,0.449851096,-0.0137302512,0.463373363,0.444433689,-0.0229444429,0.477146477,0.447392493,-0.0268916879,0.480780035,0.451490074,-0.0275002867,0.438985676,0.455390215,-0.0178975109,0.467402846,0.450129837,-0.0247241277,0.480576694,0.453558207,-0.0244100429,0.481908709,0.457314074,-0.02308142,0.442043096,0.462560356,-0.0216899756,0.46898061,0.457712382,-0.026857337,0.479647219,0.46073845,-0.0233982299,0.479495823,0.463871509,-0.0198518,0.446176976,0.470028907,-0.0254030637,0.469274879,0.465584397,-0.0282051452,0.477127284,0.467110544,-0.0245499481,0.476540685,0.469321758,-0.0207517203
3366.6666666666583,0.594253063,0.552237153,-4.64614622e-008,0.591856956,0.549576402,-0.0151896011,0.590746939,0.548300207,-0.024872873,0.586171687,0.552535832,-0.0313657708,0.583006561,0.557069361,-0.0360085517,0.616997659,0.558056414,-0.021832725,0.601157367,0.563857317,-0.0298012178,0.592467,0.561415076,-0.0325692482,0.592446566,0.558365941,-0.0345034637,0.616968453,0.565171838,-0.0179785546,0.599809885,0.570169151,-0.0248509217,0.588567674,0.566787,-0.0251249392,0.589549839,0.564229608,-0.0254028868,0.612865686,0.569807947,-0.0149705289,0.596866488,0.57436347,-0.0222759061,0.586803436,0.570625126,-0.0201837532,0.588122189,0.567575037,-0.0183371753,0.606371522,0.572608232,-0.0130699724,0.59471947,0.57592845,-0.019118892,0.587204576,0.573179841,-0.0184653681,0.587659657,0.570550621,-0.0171875022
3366.6666666666583,0.429064512,0.472029269,1.17363591e-007,0.431028843,0.462462693,0.000216123241,0.441154659,0.453123629,-0.00428780448,0.454560399,0.448594,-0.00950703118,0.466305256,0.447601795,-0.0146860862,0.439737588,0.448139161,-0.0142842773,0.464810699,0.442503035,-0.0241670571,0.478633434,0.445826799,-0.0287792571,0.483285666,0.450055271,-0.0299865026,0.440946221,0.453660131,-0.0185546111,0.468624741,0.448560297,-0.0259535238,0.481486142,0.451704085,-0.0260817651,0.484072119,0.455418766,-0.0251640286,0.443738431,0.460728258,-0.0224652812,0.46958372,0.456192672,-0.028031,0.480316639,0.458588511,-0.0251609,0.481955111,0.461668551,-0.0220458228,0.447211772,0.468100846,-0.0262832083,0.467679739,0.463955373,-0.0294699445,0.477788925,0.464519054,-0.0266809314,0.481550306,0.466367155,-0.0234930217
3383.333333333325,0.597203851,0.553214967,-2.35575488e-008,0.592793405,0.551448584,-0.0147755668,0.590533853,0.551181853,-0.023999786,0.586176753,0.555608928,-0.0300724544,0.582507968,0.560017407,-0.0344151035,0.617171466,0.560037434,-0.0214404911,0.601826906,0.56614238,-0.028042607,0.592678845,0.564047158,-0.0298938397,0.591530323,0.560674,-0.0311991032,0.618076146,0.566844404,-0.017266633,0.600587487,0.572441816,-0.022802433,0.588962853,0.569788456,-0.0227833018,0.588268697,0.567029238,-0.0229868907,0.614727437,0.571307182,-0.0137583427,0.598972857,0.576580703,-0.0200281814,0.588146091,0.573832512,-0.0183268283,0.587171555,0.570819557,-0.0168025047,0.609052479,0.573900282,-0.0112823201,0.597536743,0.578067422,-0.0169262048,0.588912427,0.576336443,-0.016478315,0.587086737,0.574172,-0.0153272264
3383.333333333325,0.432576388,0.471611172,1.16549316e-007,0.433931828,0.461806774,5.00933e-005,0.443458676,0.452198923,-0.00425014505,0.457383901,0.447540551,-0.00923588406,0.469647557,0.446041107,-0.0139705613,0.441687644,0.447324723,-0.0130774146,0.466797978,0.441041499,-0.0225267,0.481046736,0.443717062,-0.0268368684,0.486033916,0.447810888,-0.0276323892,0.443882,0.452610165,-0.0169076473,0.471729398,0.447251529,-0.0236205645,0.485158861,0.449952632,-0.0233010836,0.487858236,0.453696847,-0.0218896102,0.4477171,0.459409654,-0.0205129068,0.47313109,0.454707295,-0.0255667083,0.484374344,0.45657742,-0.0226337183,0.486133695,0.45970729,-0.0192874279,0.452454895,0.466405123,-0.0240909606,0.472974539,0.461807609,-0.026978258,0.482549518,0.46230638,-0.0241229217,0.485606253,0.464389324,-0.0206698906
3399.9999999999914,0.595787525,0.55412519,-3.55749776e-008,0.59139061,0.552588,-0.0132656088,0.589519501,0.55324775,-0.021108035,0.586376131,0.557952225,-0.0261639655,0.584116518,0.56181854,-0.0295405108,0.617724478,0.562421739,-0.0183081981,0.601723433,0.568270147,-0.0250228029,0.591629744,0.56645447,-0.0270465966,0.589680672,0.563373804,-0.0281169694,0.617781639,0.569243491,-0.0147167603,0.600438714,0.574485,-0.0204336066,0.588257432,0.571491778,-0.0205157,0.587225497,0.568773389,-0.0203845445,0.613958836,0.573765278,-0.0118449992,0.598317623,0.578542411,-0.0184642784,0.587339222,0.575162947,-0.0168318506,0.586425185,0.572167277,-0.0149811916,0.608092368,0.576410949,-0.00986323692,0.596803606,0.580265403,-0.0154841272,0.588165879,0.577832282,-0.014771698,0.586360753,0.575397432,-0.0132176382
3399.9999999999914,0.434222788,0.471242964,1.14302075e-007,0.435651809,0.461037129,0.000320063788,0.445406556,0.451292664,-0.00391059,0.45971328,0.446626574,-0.00891231466,0.472216249,0.445689231,-0.0137426639,0.443303019,0.446301669,-0.012736964,0.468617231,0.43980518,-0.0224677641,0.482868,0.442776203,-0.0271063019,0.488191903,0.44719556,-0.0280946176,0.446041763,0.451714933,-0.0167186633,0.473971,0.446121603,-0.0235380437,0.486963719,0.448830813,-0.0235231612,0.489850789,0.452883035,-0.0223053601,0.450394779,0.458628029,-0.0204431284,0.475594759,0.453881681,-0.025365524,0.485713869,0.455779821,-0.0224403776,0.487114638,0.459147304,-0.0190480109,0.455459207,0.465652287,-0.0241448954,0.474827498,0.460788399,-0.0266046338,0.484556317,0.4609029,-0.0235973317,0.488814771,0.462941319,-0.0200330727
3416.666666666658,0.595593095,0.555864692,-1.92688283e-008,0.590979815,0.554454744,-0.0142164053,0.58928889,0.554799199,-0.0228687208,0.586369097,0.559503078,-0.0285182707,0.58479017,0.563696325,-0.0324239172,0.61781019,0.564362466,-0.0193712711,0.603147089,0.570454895,-0.0255763736,0.593980134,0.56841141,-0.0275470838,0.592511296,0.56510675,-0.0288080201,0.617767632,0.571027458,-0.0152531127,0.601185,0.576436043,-0.0202725679,0.589888334,0.573538542,-0.020509731,0.588685,0.57069689,-0.0208057519,0.613889217,0.575312734,-0.0118325129,0.598762035,0.580291331,-0.017416222,0.588667572,0.57729423,-0.0159000307,0.587541223,0.574283957,-0.0145332078,0.607864797,0.577744842,-0.00943428557,0.59686631,0.581676126,-0.0143132387,0.588655,0.579629,-0.013697057,0.586775184,0.577457309,-0.0124799283
3416.666666666658,0.437528431,0.471903592,8.98862211e-008,0.438672543,0.461756557,0.000899964536,0.446975529,0.451834112,-0.00355108408,0.459794551,0.446610272,-0.00889680721,0.471502751,0.445307,-0.0140424902,0.445658922,0.446618646,-0.0133387875,0.470731437,0.439528137,-0.0229804367,0.484507412,0.44285652,-0.0271061156,0.488965899,0.447498828,-0.0276806559,0.448372245,0.451921582,-0.0177764017,0.477643788,0.445865273,-0.0242709853,0.489760101,0.449106932,-0.0232790336,0.491465598,0.453090787,-0.021311257,0.452895164,0.458601296,-0.0218949486,0.47955212,0.45320341,-0.0265057571,0.489242613,0.455434054,-0.0224345922,0.489969909,0.458815962,-0.0182958581,0.458170325,0.465570301,-0.0259671565,0.478140026,0.460027397,-0.0281763412,0.48766616,0.460211,-0.0243807957,0.491174251,0.462242216,-0.0202520676
3433.3333333333244,0.595302,0.556151569,-2.68744849e-008,0.591883361,0.555083334,-0.0147623289,0.591037869,0.555772185,-0.0238408633,0.587901473,0.560589433,-0.0299016312,0.58539927,0.565357089,-0.0340383612,0.618477166,0.566098392,-0.0195344239,0.603682876,0.57227,-0.0261826403,0.593798339,0.569502473,-0.0282584708,0.592226267,0.565727592,-0.0295929592,0.617793143,0.572455108,-0.0154339448,0.601959705,0.578185081,-0.0213915706,0.589819849,0.574835658,-0.0217276625,0.588669896,0.571807444,-0.0218514204,0.61360997,0.576527178,-0.0121551026,0.599886417,0.58191663,-0.0185807142,0.588937163,0.578474581,-0.0166726112,0.587850571,0.575187266,-0.0148761654,0.6072824,0.57871592,-0.00997046754,0.596583128,0.582769871,-0.0156010734,0.588194788,0.580422,-0.0149744404,0.586885333,0.577970803,-0.0136267748
3433.3333333333244,0.440546185,0.473212063,8.79495659e-008,0.44074896,0.462661117,0.000572995457,0.449136108,0.452358931,-0.00358203263,0.462685645,0.447080344,-0.00864227861,0.474915326,0.44575125,-0.0134788053,0.447554499,0.447262615,-0.0122375768,0.47238192,0.439842582,-0.0219699219,0.486441433,0.442970842,-0.026717687,0.491492152,0.447575033,-0.0278033856,0.451362163,0.452473164,-0.0163891912,0.478746623,0.445925504,-0.0226141065,0.491698265,0.448516607,-0.022472987,0.494630337,0.452468127,-0.0214115046,0.45671314,0.459103644,-0.020312326,0.481072903,0.453423142,-0.0246228762,0.49124226,0.455182523,-0.0215157084,0.492513955,0.458552808,-0.0182839837,0.462580383,0.465855539,-0.024258174,0.481435567,0.460045725,-0.0263488218,0.4906919,0.46024856,-0.0231009796,0.494282156,0.462509304,-0.019513052
3449.999999999991,0.596045434,0.557800472,-1.36056333e-009,0.593322,0.55716,-0.0131652532,0.59334451,0.558036685,-0.0214518514,0.590667427,0.562413633,-0.0270810388,0.587064207,0.566708,-0.0310916845,0.620907187,0.567461193,-0.0169431735,0.606580913,0.573187411,-0.0224599689,0.596710384,0.571282923,-0.0248812977,0.592942655,0.56795162,-0.026484,0.619509399,0.5733006,-0.0133019164,0.605643213,0.579123,-0.0180949923,0.594421387,0.577023149,-0.0191103593,0.590645075,0.574084222,-0.0196905266,0.61491996,0.577038705,-0.0103111174,0.602702737,0.582411468,-0.0152052362,0.593163431,0.580315948,-0.0144422939,0.590330124,0.577291906,-0.0134942364,0.608445525,0.579091966,-0.00832918193,0.600369215,0.583445132,-0.0126288319,0.592909038,0.582069218,-0.012227972,0.590382397,0.579937816,-0.0111770676
3449.999999999991,0.443101734,0.47400111,8.82251072e-008,0.443717092,0.463513911,0.00079488114,0.451431841,0.453416497,-0.00335375243,0.464402944,0.448187888,-0.00853589,0.476499051,0.446828485,-0.0135057624,0.450738162,0.44791922,-0.0116284778,0.475972474,0.440441906,-0.0214782245,0.490035504,0.443650693,-0.0261273943,0.494710416,0.448400915,-0.0270346291,0.453812122,0.452775121,-0.0157731,0.480902702,0.44624418,-0.022387227,0.494184315,0.449088842,-0.0222987365,0.497432142,0.453221232,-0.0210122187,0.458713949,0.459227175,-0.0197561905,0.482732564,0.453552812,-0.0244002901,0.493659973,0.45556128,-0.021613881,0.496018708,0.459094,-0.0184114836,0.464017,0.466003209,-0.0237187613,0.482191503,0.461153328,-0.0260868315,0.491888165,0.461124629,-0.0234149657,0.496391,0.463048041,-0.0201379433
3466.6666666666574,0.599123836,0.558852255,6.68406752e-009,0.595905662,0.557709038,-0.014876253,0.595066786,0.558512509,-0.024064919,0.591603398,0.563074887,-0.0301485844,0.589171767,0.567946374,-0.0346224681,0.621085644,0.566947,-0.0208859723,0.608685315,0.573662341,-0.0277882572,0.598765731,0.572292209,-0.0305270534,0.595246673,0.569131911,-0.0321609676,0.620434701,0.573291838,-0.0165246706,0.607401133,0.579669774,-0.0227491464,0.595337093,0.577554584,-0.0239523016,0.591902316,0.574614584,-0.0245364849,0.616090953,0.577329159,-0.0128162103,0.604729,0.583073616,-0.0192894917,0.594018817,0.580724359,-0.0183244795,0.591179,0.577668667,-0.0169840213,0.610173047,0.579472661,-0.0101294098,0.602037549,0.584032893,-0.0161232036,0.593515754,0.582778394,-0.015972307,0.590453386,0.580772161,-0.0147696314
3466.6666666666574,0.444231451,0.475651532,8.66340883e-008,0.444862872,0.465102047,0.000969049637,0.453236908,0.454927,-0.00321124727,0.466905683,0.449919373,-0.00843507145,0.479533702,0.448695421,-0.0134800533,0.452353239,0.449294597,-0.0122827236,0.478684306,0.441791773,-0.0220791232,0.492575258,0.444837093,-0.0262709428,0.497202396,0.449307084,-0.0268091373,0.455785,0.454339176,-0.0166174434,0.484494656,0.448045462,-0.0230347831,0.497362643,0.450685978,-0.0221835431,0.500047505,0.454631865,-0.0203363467,0.460745424,0.460986644,-0.0207209066,0.486170202,0.455374211,-0.0253728125,0.4969832,0.457400173,-0.0216157734,0.498665273,0.460975528,-0.0175969843,0.466254,0.467940629,-0.024785446,0.48556751,0.462466329,-0.0269681029,0.495023757,0.46276781,-0.0232836511,0.498728395,0.465089768,-0.0191326216
3483.333333333324,0.601629257,0.558899939,2.84700512e-008,0.597376585,0.557751417,-0.0149098393,0.596459091,0.559078813,-0.0237311721,0.594132125,0.563717365,-0.0293031,0.591951787,0.568133533,-0.0332928523,0.622840345,0.566892684,-0.0212304741,0.611110032,0.574397326,-0.0275855269,0.600309193,0.573465049,-0.0296294317,0.596431673,0.57039094,-0.0307282247,0.6225425,0.573246837,-0.0166052505,0.610986471,0.580835879,-0.0227607191,0.598014355,0.579242885,-0.0236089341,0.593334258,0.576286376,-0.0237226747,0.618602216,0.577396095,-0.0125221685,0.607559741,0.584233344,-0.018898705,0.596192956,0.582137764,-0.0177583303,0.592442751,0.578905821,-0.0161150396,0.613148808,0.579678178,-0.0094243316,0.604605854,0.585106671,-0.0153603889,0.595703661,0.5838781,-0.0152108818,0.59222877,0.581580937,-0.0138948103
3483.333333333324,0.44661653,0.478447497,8.22664319e-008,0.446639061,0.467751116,0.00056792394,0.454679042,0.457250088,-0.00362524763,0.468041509,0.452018,-0.00881391857,0.480794728,0.451059848,-0.0138121452,0.454590529,0.451497376,-0.0120449141,0.48010394,0.444206625,-0.0215725601,0.494633287,0.447160035,-0.0261566117,0.50072962,0.451397,-0.0273872521,0.457730085,0.456370175,-0.0161365699,0.485175937,0.450323,-0.0224911664,0.498975307,0.452959478,-0.0225599315,0.503249228,0.456846654,-0.0218061861,0.462587059,0.462776124,-0.0199958347,0.487755209,0.457195818,-0.0245367847,0.499351621,0.459032863,-0.0219285302,0.502173662,0.462544501,-0.0191578586,0.468289733,0.469603717,-0.0238852464,0.487713754,0.464169592,-0.0262272861,0.497516364,0.464459747,-0.0235652179,0.501762211,0.46675688,-0.0205281526
3499.9999999999905,0.603123665,0.559832573,6.20833873e-009,0.599651158,0.559132338,-0.0152576054,0.598434925,0.56015718,-0.0246229153,0.596122861,0.564699471,-0.030738188,0.594116,0.569296598,-0.0351257548,0.626144707,0.569011509,-0.0209583472,0.612140715,0.575841784,-0.0269652456,0.602145851,0.573958695,-0.0290228762,0.599109709,0.570429623,-0.0303122699,0.625251174,0.575318456,-0.0162551031,0.611663401,0.581871092,-0.0222725179,0.599663079,0.579751492,-0.0235189404,0.595930159,0.576605439,-0.0240635145,0.620460689,0.579452395,-0.0120862909,0.609509945,0.585675776,-0.0181444138,0.598824561,0.583770752,-0.017387215,0.595364213,0.580776453,-0.0162336193,0.61425209,0.581816256,-0.00893792324,0.606698811,0.586972594,-0.0146219591,0.59813571,0.585959,-0.0145449406,0.594584584,0.583936632,-0.013406245
3499.9999999999905,0.44675982,0.480078757,8.2284437e-008,0.447657019,0.469041675,0.000468079787,0.456852555,0.458751976,-0.00352235837,0.470362544,0.4536255,-0.00841607619,0.483346134,0.452504724,-0.0130892135,0.456888855,0.453261107,-0.0111734606,0.481188983,0.446500927,-0.0204616543,0.495536864,0.449173778,-0.02524231,0.501810968,0.453091174,-0.026776094,0.459859639,0.458021879,-0.0151175512,0.485580415,0.452777922,-0.0215175692,0.499335617,0.454999268,-0.0220826175,0.503836036,0.458415151,-0.021777777,0.464255273,0.464389712,-0.0188804548,0.488181829,0.459742486,-0.0236174501,0.4996894,0.461112261,-0.021615006,0.50266844,0.464016557,-0.019292796,0.469364703,0.471273214,-0.0226682387,0.489111245,0.466786,-0.0251538549,0.498714864,0.467136234,-0.0228694919,0.502606869,0.469146341,-0.0201398842
3516.666666666657,0.601565957,0.562873483,-1.73840176e-009,0.599852681,0.560848475,-0.0154873375,0.60030216,0.561098039,-0.0248986576,0.597723961,0.565394282,-0.0310856905,0.595496655,0.569567,-0.0354512483,0.627416074,0.569963932,-0.0216109361,0.615099907,0.576684892,-0.0286297426,0.603982031,0.574860454,-0.0306493286,0.600441754,0.571700931,-0.0316941738,0.626149654,0.576895416,-0.0170472208,0.613445103,0.583003,-0.0238443278,0.600280285,0.580044,-0.0244241226,0.597213924,0.576959431,-0.0242962744,0.621158481,0.581564128,-0.0131940711,0.610487819,0.586639,-0.0201122556,0.599236488,0.583436966,-0.0185077805,0.596980155,0.580287,-0.0166149791,0.614730537,0.58437562,-0.0103949262,0.606756747,0.588302135,-0.0163097437,0.598227203,0.586226344,-0.0157669075,0.596033514,0.583941162,-0.0143150836
3516.666666666657,0.447360247,0.482481092,9.49958192e-008,0.449079633,0.471598625,0.00147085264,0.458160937,0.461480021,-0.0023103347,0.471561134,0.456627458,-0.00718051149,0.483993381,0.455575019,-0.0119612254,0.45787,0.455916792,-0.0116394972,0.48331216,0.448716581,-0.0207802374,0.49764812,0.450948417,-0.024883911,0.503789425,0.454791427,-0.0257757399,0.460841298,0.46103242,-0.0161637887,0.487809688,0.454679221,-0.0226128455,0.501486063,0.456636,-0.0225480869,0.505613148,0.460173041,-0.0214799438,0.465235025,0.467740417,-0.0203048605,0.489996433,0.462145478,-0.0250195358,0.50156337,0.46351403,-0.0223260429,0.50414741,0.466398448,-0.0193102378,0.470401108,0.474803746,-0.0243334845,0.490505069,0.469759703,-0.0268538594,0.500354052,0.470013916,-0.0240046494,0.504287958,0.471949518,-0.0206405371
3533.3333333333235,0.604870677,0.564216256,9.03538844e-009,0.602250874,0.562070727,-0.0150010865,0.601972342,0.561621845,-0.0245543066,0.599040627,0.566037834,-0.03098372,0.596782744,0.570770621,-0.0358509347,0.628285944,0.569909513,-0.021911962,0.616615236,0.576788783,-0.0298304558,0.606338859,0.576029897,-0.033107169,0.601972699,0.573060751,-0.0349641442,0.628464162,0.577239,-0.0177294016,0.615206122,0.583405674,-0.0245359894,0.602180362,0.581546247,-0.0257441662,0.598045349,0.578657746,-0.0263062958,0.624317169,0.582066834,-0.0142366178,0.611804426,0.58714354,-0.0211798,0.600284,0.584623337,-0.0199853573,0.597078323,0.58137238,-0.0184782147,0.617871583,0.584925234,-0.0118274,0.607830584,0.588696241,-0.0183008388,0.599138796,0.586767,-0.018164264,0.596447885,0.584222198,-0.0168869942
3533.3333333333235,0.448035389,0.485317737,6.99539e-008,0.449338019,0.47499612,0.00046294916,0.458883405,0.465070933,-0.0039849137,0.47190091,0.460165828,-0.00932480115,0.484464,0.459270865,-0.0144551517,0.458648592,0.458980531,-0.0132470606,0.484262913,0.452349037,-0.0229911432,0.497720927,0.4556216,-0.0274841078,0.502684832,0.459386259,-0.028832,0.461213022,0.463837922,-0.0176174063,0.48858884,0.458051383,-0.0247859377,0.501780272,0.460946262,-0.024985455,0.505426407,0.464665413,-0.0242777653,0.46533531,0.470205873,-0.0217086468,0.490875512,0.465011477,-0.0270186234,0.502050579,0.467040688,-0.0243211798,0.504567742,0.470175743,-0.0215094108,0.47023806,0.477076352,-0.0257750954,0.490981638,0.472531289,-0.0286782421,0.500709057,0.473065615,-0.0260978751,0.504404247,0.474981099,-0.0231818333
3549.99999999999,0.604311705,0.564716697,1.32853142e-008,0.601920068,0.562623501,-0.0139725124,0.602255225,0.562464416,-0.022921972,0.599357665,0.566543818,-0.029119933,0.597339511,0.570210099,-0.0339060277,0.629268944,0.570717156,-0.0195209254,0.618845642,0.577508569,-0.0273961667,0.607812583,0.5770666,-0.031151982,0.60190022,0.574516416,-0.0332838073,0.629443705,0.577604532,-0.0158997048,0.618210554,0.584314823,-0.0229000151,0.605009794,0.582851827,-0.0246283934,0.599402785,0.580251276,-0.0253596772,0.625505745,0.582095921,-0.0130389817,0.614770234,0.588167191,-0.0200895648,0.602801919,0.586025357,-0.0193932708,0.59824121,0.583054423,-0.01805011,0.619161904,0.584695697,-0.0111940391,0.610077858,0.58916235,-0.0176065341,0.60095036,0.587684929,-0.0177896172,0.597370625,0.585475266,-0.0167320892
3549.99999999999,0.448915511,0.487762421,9.11101878e-008,0.450441033,0.477556407,-0.000314017467,0.459850788,0.467818201,-0.00491612032,0.473674685,0.463327765,-0.0102577992,0.486272156,0.462723702,-0.0154748717,0.46022132,0.461335599,-0.0132701732,0.486061066,0.455128282,-0.0232758056,0.500142515,0.458105087,-0.028489165,0.505689323,0.461933523,-0.030290084,0.463269502,0.466408134,-0.0172132496,0.490165621,0.461016536,-0.0245228205,0.50344193,0.463621199,-0.025544785,0.507202268,0.467347771,-0.0253978632,0.467542678,0.473201066,-0.0209398363,0.491930723,0.468208075,-0.0265961,0.503048,0.469975412,-0.0249211658,0.50568676,0.473123819,-0.0226610173,0.472495437,0.480449706,-0.0246707462,0.492134929,0.476166695,-0.0281176232,0.502168834,0.476338357,-0.0262249783,0.506733954,0.477963328,-0.0236682706
3566.6666666666565,0.606407821,0.564002156,7.95251243e-009,0.60346067,0.5621925,-0.0138880676,0.603588879,0.562588036,-0.0224558581,0.600737929,0.567490518,-0.0281525049,0.598789752,0.571177065,-0.0323687308,0.63146621,0.571046352,-0.0191098955,0.620449,0.578261554,-0.0257058144,0.609920144,0.577699,-0.0284684431,0.604952216,0.574789584,-0.0301397257,0.632159948,0.57779187,-0.015215979,0.620193839,0.584621668,-0.021099953,0.607095897,0.583306313,-0.0223066676,0.602092743,0.580554247,-0.0229295362,0.628665924,0.582326233,-0.0119688595,0.618027151,0.588718176,-0.0181719419,0.605870783,0.586898744,-0.0172727,0.60112977,0.583881319,-0.0159631651,0.622655451,0.585081,-0.00971944816,0.614637196,0.590084553,-0.0156856496,0.605310857,0.588882804,-0.0157150198,0.601152122,0.586625874,-0.014565967
3566.6666666666565,0.447367728,0.490359962,8.91529481e-008,0.449572682,0.480067849,-0.000177919486,0.45995304,0.470056295,-0.00505757658,0.474082321,0.465584725,-0.0107097058,0.487116069,0.464945406,-0.0162592605,0.4606812,0.465044171,-0.0149124078,0.487045944,0.458614171,-0.0257839151,0.501582861,0.461827159,-0.0310495,0.506780207,0.466078877,-0.0325721428,0.462540418,0.470395952,-0.0191781223,0.490281612,0.464866281,-0.0272808243,0.50433892,0.467695147,-0.0276642218,0.508021235,0.471536368,-0.0267787445,0.465933055,0.477405518,-0.0232333615,0.491348833,0.472001463,-0.0293747056,0.503764868,0.473765641,-0.0267964918,0.506878853,0.476983458,-0.0236963462,0.470150322,0.484787226,-0.0273044184,0.490549207,0.480145,-0.0312806107,0.501426458,0.480234146,-0.0292141568,0.506404519,0.481960773,-0.0263257697
3583.333333333323,0.607431591,0.563466489,-6.77928957e-009,0.604139626,0.562208831,-0.0136247361,0.603717804,0.563136518,-0.0219270699,0.601520061,0.567655742,-0.0272807777,0.600267828,0.570931256,-0.0310454145,0.633618295,0.570624411,-0.0190904904,0.620875537,0.5778144,-0.0249895547,0.609600544,0.57676363,-0.0268563516,0.605133474,0.573758781,-0.0280676018,0.63451767,0.57721746,-0.0152662024,0.621399939,0.583976388,-0.0208806787,0.608042538,0.582287312,-0.0215262175,0.603264034,0.579495609,-0.0217400454,0.631004691,0.581602693,-0.0119834235,0.619940341,0.588115275,-0.0183055494,0.607377887,0.586401284,-0.0172312278,0.602438867,0.58351624,-0.0157494247,0.625103,0.584235251,-0.00960550644,0.61651361,0.589237213,-0.0160744153,0.606446505,0.588272691,-0.0162105225,0.601762831,0.58621043,-0.0150185134
3583.333333333323,0.446133018,0.493255109,9.86747253e-008,0.448942363,0.482656032,-0.000630086055,0.460524,0.473171055,-0.00615294883,0.475178063,0.469143718,-0.0122565413,0.488484,0.468944818,-0.0182752237,0.460471272,0.46901387,-0.01691214,0.4859837,0.462737,-0.0278191715,0.500844896,0.465321541,-0.0331319757,0.506777,0.469102293,-0.034955848,0.462207049,0.474455982,-0.0210522097,0.488364339,0.468699962,-0.029818302,0.503189206,0.471067756,-0.030679496,0.507736564,0.474559188,-0.0302923806,0.46535331,0.481388539,-0.0248410851,0.489641279,0.476035833,-0.0314022861,0.50282979,0.477462202,-0.0294682384,0.506477594,0.480132729,-0.0269794706,0.469650716,0.488729149,-0.0286322813,0.490744323,0.484429538,-0.0327977799,0.500896811,0.484654367,-0.0311011579,0.504029751,0.486090362,-0.028712932
3599.9999999999895,0.611097097,0.562011838,-2.35630471e-009,0.607304871,0.560092747,-0.0155774504,0.605363369,0.560269415,-0.0252665617,0.601939857,0.565351903,-0.0315640792,0.600318551,0.570690632,-0.0360082462,0.634337246,0.568627596,-0.0224034023,0.621496,0.576959848,-0.0292603299,0.610376775,0.576187313,-0.0310455337,0.605941594,0.57310158,-0.0320961066,0.635905,0.575559914,-0.0177278705,0.622488737,0.582929552,-0.0236855205,0.608345151,0.581065416,-0.0236170068,0.604425371,0.578159213,-0.0235010386,0.632893562,0.580317736,-0.0137470486,0.621549606,0.586795866,-0.02017341,0.608799517,0.584709942,-0.0180406738,0.605169356,0.581648111,-0.0161144082,0.627454758,0.583289,-0.0108626075,0.618600368,0.588059,-0.0169985425,0.60908103,0.586908758,-0.0166218933,0.606082559,0.584777296,-0.0153302429
3599.9999999999895,0.443667799,0.495651,1.1350177e-007,0.448693424,0.485294163,-0.000519704539,0.462833315,0.476134896,-0.0057970765,0.47876966,0.47276783,-0.011708525,0.491859943,0.472744823,-0.0175518,0.460786134,0.471920222,-0.0167416483,0.487644464,0.466609359,-0.0278102048,0.503076911,0.4700993,-0.0329085663,0.508702576,0.474265277,-0.0342262201,0.461227834,0.478078306,-0.0212391261,0.490068644,0.473557025,-0.0300069284,0.505414605,0.476558059,-0.0300858524,0.508785367,0.480321437,-0.0286867786,0.46316129,0.485817403,-0.0254536755,0.489933223,0.48142454,-0.0323198289,0.503716469,0.483226746,-0.0292100646,0.506258249,0.486158758,-0.0253623128,0.466354817,0.493813753,-0.0296623707,0.488745779,0.489487916,-0.0341112874,0.500635684,0.489727914,-0.0315374881,0.504866064,0.491355568,-0.0280539747
3616.666666666656,0.613518894,0.56007725,8.05990474e-009,0.608469427,0.55832994,-0.0155934431,0.605589151,0.558971167,-0.0254740324,0.602609515,0.564120054,-0.0320221893,0.601143,0.569108903,-0.0369143635,0.634579,0.56606,-0.0229838751,0.621671259,0.574230552,-0.0297455676,0.610418499,0.574139655,-0.0318084806,0.6061728,0.571647465,-0.0330849,0.637423217,0.573085308,-0.0182022024,0.623608708,0.580403209,-0.0238367952,0.609724164,0.579469621,-0.0241307747,0.605493069,0.577237189,-0.0244603865,0.635287941,0.577953398,-0.0140324403,0.624193251,0.584741056,-0.0202453192,0.611385882,0.583843589,-0.0189413447,0.60656482,0.58161211,-0.0176119432,0.630961239,0.581099689,-0.0108767329,0.623184562,0.586216,-0.0165580828,0.613473296,0.586111188,-0.0164169408,0.608986795,0.584764123,-0.0154215256
3616.666666666656,0.441810668,0.500398,1.17797676e-007,0.44736743,0.490346253,-0.00131716183,0.461792648,0.481524646,-0.00753758429,0.477986962,0.478269309,-0.0139749348,0.491149306,0.478041202,-0.0202257447,0.458610058,0.477093846,-0.0193043966,0.486104488,0.472195655,-0.0299231615,0.501258075,0.47452724,-0.0346343517,0.507939696,0.477649271,-0.0363364443,0.458046257,0.482480258,-0.0232728533,0.487830967,0.478607476,-0.032920789,0.502775,0.481216252,-0.0338014476,0.507744789,0.483924657,-0.0334770754,0.459712565,0.489296794,-0.0267345384,0.488697469,0.485870332,-0.0340455882,0.502361834,0.487704039,-0.0322204828,0.506773472,0.489376754,-0.0299952757,0.463311911,0.496846586,-0.0301532242,0.488396406,0.493918568,-0.0347671919,0.49798131,0.494464844,-0.0330811106,0.50018245,0.494985,-0.0309705883
3633.3333333333226,0.612136662,0.56010735,3.184776e-009,0.608265877,0.557013273,-0.0150026176,0.605731785,0.556626618,-0.0250579156,0.602143705,0.561463416,-0.0321012624,0.601678312,0.566540301,-0.0375988632,0.634655595,0.563848317,-0.0226631816,0.623701394,0.571401954,-0.0297832694,0.612049639,0.571668804,-0.032471139,0.606403291,0.569544852,-0.0341388583,0.63706392,0.571254611,-0.0184678603,0.624939442,0.57853651,-0.0239325073,0.611281276,0.577706933,-0.0247983802,0.606463313,0.575312436,-0.0257504638,0.6345523,0.576519191,-0.0148536749,0.62523973,0.583699,-0.0208572112,0.612475634,0.582803,-0.0200510938,0.6072492,0.58031553,-0.0193742551,0.629366219,0.57988143,-0.0122256037,0.621970773,0.585009396,-0.0179896317,0.612045765,0.584664524,-0.0180469081,0.607196867,0.58302933,-0.0173907988
3633.3333333333226,0.440576732,0.503535688,1.21085947e-007,0.446574658,0.49298197,-0.00106382591,0.461805046,0.484310865,-0.00747755729,0.478866518,0.481849253,-0.0143074775,0.492084652,0.482442915,-0.0209497474,0.459350407,0.480366915,-0.0204355326,0.487651944,0.475899756,-0.0316954739,0.502691627,0.47941938,-0.0361159332,0.507311761,0.483426511,-0.0369846709,0.458697975,0.486881912,-0.0248305313,0.489475518,0.482913256,-0.0342352316,0.503313184,0.485807,-0.0339691825,0.505357504,0.488907039,-0.0324944854,0.459843755,0.494782239,-0.0286949687,0.489809424,0.491368264,-0.0356713794,0.501599908,0.493364662,-0.0320939906,0.501927197,0.495425344,-0.028202517,0.462896228,0.503177583,-0.0325568728,0.489322543,0.499967545,-0.0364830419,0.497628272,0.499963611,-0.0333363824,0.496603101,0.500360787,-0.0298172235
3649.999999999989,0.609766304,0.560456693,-1.98099023e-010,0.606521726,0.55604136,-0.0158369094,0.604587,0.554638505,-0.0263181422,0.601547301,0.559,-0.0335334577,0.601482689,0.562730491,-0.0391467474,0.634462535,0.560210168,-0.0243593156,0.623465061,0.568021476,-0.0321397148,0.612340927,0.568165541,-0.0349191763,0.607359588,0.565967739,-0.0367310494,0.637524188,0.568159282,-0.0201206543,0.624762893,0.575242698,-0.0263122339,0.611036897,0.574235499,-0.0266372878,0.606922507,0.571798325,-0.027219329,0.63542521,0.573887825,-0.0165986884,0.624524593,0.580406547,-0.0232013986,0.611989558,0.578729749,-0.0214821938,0.608302176,0.575992525,-0.0201819353,0.630562425,0.577878952,-0.0141907819,0.622332454,0.582609594,-0.0199677665,0.613227427,0.581436694,-0.019533176,0.61055851,0.5793944,-0.0186645295
3649.999999999989,0.437981337,0.50742352,1.06177659e-007,0.445445269,0.497069985,-0.000897826336,0.461676985,0.488857955,-0.00680245366,0.479213715,0.486511916,-0.0130720306,0.49236542,0.487092763,-0.019000262,0.458683312,0.484348059,-0.0185293462,0.486540258,0.48085019,-0.0283165425,0.500473559,0.484286517,-0.0322625563,0.504884422,0.487962812,-0.0333686434,0.457834542,0.490867168,-0.0227940343,0.48823449,0.487834334,-0.0315601937,0.501629233,0.49118802,-0.0319849588,0.504594147,0.494171143,-0.0314398855,0.45873037,0.498699,-0.026437236,0.488763332,0.496238649,-0.0327282697,0.499777049,0.498687118,-0.0299670156,0.500643194,0.500571132,-0.0272392165,0.461405069,0.50722158,-0.0300752781,0.487979978,0.504887,-0.0333247967,0.494545668,0.50537473,-0.0303309187,0.49298346,0.50586,-0.0274501573
3666.6666666666556,0.604123592,0.56024611,-1.97345411e-008,0.602092803,0.555039227,-0.0137091503,0.602875888,0.55214715,-0.0233572926,0.601083159,0.555103302,-0.0304387268,0.599280477,0.557334185,-0.0362640247,0.632792234,0.555920959,-0.020744564,0.622440338,0.562790751,-0.0284884349,0.611620784,0.563479304,-0.0321701579,0.606098592,0.561803281,-0.0344082229,0.636744738,0.56314832,-0.0174109954,0.623890519,0.569563806,-0.0236852318,0.610717833,0.569323838,-0.0248971488,0.605081737,0.567237318,-0.0257484298,0.635725319,0.569016039,-0.0147185121,0.624787629,0.574753642,-0.0208895728,0.61320281,0.574211419,-0.0200364571,0.607797801,0.572127342,-0.0188873149,0.631869674,0.57350868,-0.0130577357,0.625661731,0.57818985,-0.0176584683,0.617204547,0.577953637,-0.0170097481,0.613101184,0.576527417,-0.0158056375
3666.6666666666556,0.435370654,0.510483325,1.07593905e-007,0.443122715,0.500081718,-0.00121393776,0.460575223,0.492358863,-0.00702328514,0.47923094,0.490566939,-0.0130286952,0.492736727,0.491388649,-0.0187324975,0.457166642,0.489130229,-0.0190449022,0.485742,0.485660255,-0.0283680614,0.499610692,0.488860458,-0.0319687054,0.503651,0.492344111,-0.0327786505,0.45667845,0.496051371,-0.0227608755,0.487322658,0.493060738,-0.030788267,0.50014466,0.495933831,-0.0308687631,0.501703322,0.49879995,-0.0301785,0.457767308,0.504030287,-0.0258038398,0.487480551,0.50142765,-0.0314353071,0.497681767,0.503609955,-0.0285480879,0.497043878,0.505415678,-0.0257782117,0.460551172,0.512390554,-0.0288277026,0.486840159,0.51014936,-0.0318172202,0.494389415,0.510320187,-0.028952051,0.493349254,0.510445297,-0.0261573661
3683.333333333322,0.607174039,0.55912137,-5.23090087e-008,0.604303539,0.554281652,-0.0121406121,0.603808,0.549408793,-0.0215047207,0.602667809,0.549245834,-0.028729653,0.600137591,0.548709571,-0.0352605395,0.632881284,0.550848186,-0.0198373664,0.620917857,0.556433201,-0.027740879,0.610682726,0.55673,-0.0321242735,0.606221735,0.555155575,-0.0351736844,0.636369824,0.558321655,-0.0180374086,0.623272359,0.564147174,-0.0243698247,0.611444473,0.563721538,-0.025986718,0.60770452,0.561725378,-0.0275285989,0.635091484,0.564635932,-0.016701011,0.624326229,0.570184171,-0.0241461638,0.613138,0.569734395,-0.0235293321,0.609357774,0.567602277,-0.0226623565,0.630537808,0.569706559,-0.0161755942,0.623900294,0.5744524,-0.0223411694,0.61444521,0.574277878,-0.0214591585,0.610648155,0.572404,-0.0200415701
3683.333333333322,0.432602376,0.51398921,8.53155484e-008,0.440426975,0.503492594,-0.0016899457,0.458338112,0.496416092,-0.00767686823,0.477568418,0.495726913,-0.0137441633,0.491191685,0.498138398,-0.0194795597,0.45521915,0.492414743,-0.0190829076,0.486864179,0.491118193,-0.0281682629,0.497276604,0.494613141,-0.0316584967,0.49863559,0.496735424,-0.0326313376,0.454978645,0.499383748,-0.0226278547,0.488685757,0.498590499,-0.0303429272,0.496694505,0.501623571,-0.0301073082,0.494369537,0.503177106,-0.0293426774,0.456353843,0.507306755,-0.0255137514,0.48780936,0.50740248,-0.0301914737,0.490739226,0.509666502,-0.0265447758,0.485079676,0.510082603,-0.0237003043,0.459205687,0.515668392,-0.0285482891,0.484054297,0.51553154,-0.0304832067,0.483111769,0.516435683,-0.0267970171,0.475460738,0.516302526,-0.0237649586
3699.9999999999886,0.609710813,0.5475173,-1.31813316e-008,0.605783463,0.542165458,-0.0125718722,0.602371216,0.539051,-0.0225665979,0.59838,0.542069,-0.0305124503,0.595169306,0.5465343,-0.0372975692,0.633322895,0.542435646,-0.0212480091,0.620704472,0.549274385,-0.0284967497,0.610365748,0.55061239,-0.0319247432,0.604746759,0.54964143,-0.0343393162,0.63806355,0.550345302,-0.0190603882,0.624415576,0.557065308,-0.0246169455,0.611685932,0.558169,-0.0259935409,0.605171382,0.557063282,-0.0276070554,0.637007535,0.55654031,-0.0172619298,0.627243817,0.562789261,-0.022707127,0.615383,0.56356442,-0.0223109107,0.608779192,0.56225884,-0.022149099,0.632664621,0.561494946,-0.0163388196,0.627467215,0.566325545,-0.0204103608,0.61993891,0.567132771,-0.0198623873,0.615144193,0.566594601,-0.0193121415
3699.9999999999886,0.428879559,0.516763806,1.10991728e-007,0.438874632,0.506764233,-0.00174203282,0.458280534,0.500470281,-0.00813661143,0.478126198,0.500262201,-0.014502787,0.491504192,0.502185822,-0.0205918439,0.452507406,0.496642798,-0.0209542755,0.482410282,0.495179832,-0.0297630876,0.495237082,0.498942912,-0.033155445,0.498998821,0.5021348,-0.0342082605,0.450455636,0.504177272,-0.0244576242,0.48272711,0.503329575,-0.03213,0.494388491,0.506441,-0.0322268419,0.495847255,0.508673966,-0.0320933387,0.4505288,0.512442231,-0.0271083619,0.482028425,0.511740804,-0.0318700112,0.489978611,0.513677478,-0.0286848173,0.488366663,0.514561,-0.0264016148,0.452787757,0.520975292,-0.0298374631,0.479883373,0.52025193,-0.0318768546,0.485476851,0.520357192,-0.0286565423,0.483426,0.519893348,-0.0261639263
3716.666666666655,0.608087301,0.548718512,-5.94907874e-008,0.605772138,0.542329133,-0.00928476,0.605616,0.536711752,-0.0174871609,0.602394521,0.537176311,-0.0242762491,0.596247733,0.53918153,-0.0306409188,0.632328749,0.538051367,-0.0156769957,0.618293107,0.542310417,-0.023278296,0.608942,0.542324185,-0.0282609146,0.603976905,0.5411641,-0.0316647515,0.636774421,0.545878112,-0.015046428,0.623296499,0.550374329,-0.0202258062,0.612603843,0.550000072,-0.0215020087,0.607344449,0.54889977,-0.0229135808,0.636280119,0.552777529,-0.0149234766,0.624236584,0.557142854,-0.0202638172,0.614440262,0.556491256,-0.0194292013,0.609963953,0.554883361,-0.0188427158,0.632391095,0.5589571,-0.015643239,0.623226583,0.56230396,-0.0194779187,0.614553511,0.561257482,-0.0183509123,0.610694587,0.55929482,-0.017268829
3716.666666666655,0.423209548,0.519507587,9.83421e-008,0.434029609,0.509891152,-0.0016840368,0.453250766,0.504473865,-0.00770266075,0.472163498,0.504961431,-0.0138595179,0.485090673,0.50744766,-0.019892158,0.450718731,0.500807881,-0.0192299131,0.481335849,0.501037121,-0.0285339523,0.492117018,0.504809797,-0.0325994939,0.494445443,0.507231951,-0.0340704694,0.448918968,0.50801456,-0.0229384247,0.481675,0.508816481,-0.0310065374,0.490646511,0.512084424,-0.0315535218,0.490582466,0.513576448,-0.0315013,0.448506773,0.516177595,-0.0259521436,0.479497105,0.517084062,-0.0312017258,0.483261049,0.519236267,-0.0281245988,0.479574382,0.519550383,-0.0257303976,0.449389875,0.524860561,-0.0290839616,0.473414272,0.525302708,-0.0314761326,0.47382,0.525711358,-0.0281136837,0.468494922,0.525266767,-0.0253862478
3733.3333333333217,0.615785241,0.533677161,-9.47608569e-009,0.615999877,0.535445869,-0.0044094366,0.616754413,0.536734819,-0.00980982557,0.612847924,0.537842691,-0.0153092183,0.605774939,0.539113402,-0.0210744143,0.634662509,0.536385417,-0.00784871448,0.625549257,0.541003287,-0.0154275801,0.617538035,0.542413414,-0.021365637,0.61042285,0.543749034,-0.0248378124,0.635801256,0.535718739,-0.00895664282,0.623774946,0.540716231,-0.0147277247,0.614037573,0.54172945,-0.0169120952,0.606979489,0.542445302,-0.0180537496,0.633697033,0.53493917,-0.0106470725,0.623078167,0.539235353,-0.0156335495,0.614770293,0.540616095,-0.0149818314,0.608299,0.541302919,-0.0136824306,0.629856944,0.534344673,-0.0128725022,0.622313261,0.537365377,-0.015625827,0.616625607,0.538989246,-0.0141171757,0.612320244,0.540013671,-0.0122700129
3733.3333333333217,0.418988049,0.521910548,7.80008733e-008,0.431654245,0.512861907,-0.00159487594,0.4515692,0.508237,-0.00787759945,0.469915539,0.509487,-0.0142048746,0.481886983,0.512827396,-0.0201833081,0.448875248,0.504673183,-0.0198394936,0.481235087,0.506792367,-0.0290879775,0.488825828,0.510451078,-0.0324744545,0.48816973,0.512149036,-0.0332787596,0.445522875,0.512073815,-0.0235677939,0.47989589,0.514533758,-0.0316881761,0.485812306,0.517577589,-0.0314241424,0.48256278,0.51854682,-0.0305444058,0.443580478,0.520344913,-0.0265485849,0.475863695,0.522806,-0.0316850096,0.477923304,0.524767518,-0.0277744029,0.472600251,0.524476647,-0.0246553589,0.442880243,0.529042602,-0.0295823775,0.467485487,0.530580103,-0.0317429453,0.467779875,0.530866146,-0.027775621,0.462040514,0.529865,-0.0245338175
3749.999999999988,0.413644135,0.525894046,9.6813082e-008,0.42655015,0.516528904,-0.00236293161,0.448107958,0.512546182,-0.0085847266,0.468150467,0.514638424,-0.0143832052,0.480996668,0.517858386,-0.019680284,0.442353874,0.509066701,-0.021119846,0.474305719,0.511038125,-0.0286393967,0.484194636,0.514630437,-0.0305789411,0.486697257,0.517024755,-0.0307362638,0.43854335,0.517065227,-0.0238850135,0.473773,0.519750714,-0.0307720769,0.480522037,0.522207499,-0.029303709,0.478274018,0.522952378,-0.027871199,0.436463982,0.525561094,-0.0257736184,0.470195711,0.528266,-0.029726062,0.472387314,0.529386,-0.0247442927,0.466995806,0.528612494,-0.0211748425,0.435946524,0.534107268,-0.0278082341,0.462588102,0.536203802,-0.029150974,0.463955313,0.535959303,-0.0247946233,0.458862633,0.534435928,-0.0214903671
3766.6666666666547,0.621808708,0.527252734,-8.77323458e-008,0.61203146,0.519207418,-0.00372705818,0.604434371,0.513626337,-0.00739431521,0.597099364,0.512433827,-0.0112301679,0.591337502,0.515346646,-0.015429385,0.622847319,0.511239409,-0.00428772392,0.604626179,0.514645219,-0.0098668579,0.5968647,0.516623795,-0.0153250545,0.595649421,0.518215299,-0.0186950173,0.628830135,0.517167628,-0.0061275023,0.607331574,0.521241605,-0.0085131377,0.601246178,0.522776723,-0.0110528534,0.600675225,0.523195624,-0.0136866197,0.632014692,0.523468912,-0.00848795474,0.611533523,0.527222931,-0.0111367423,0.606741786,0.52862215,-0.0109980199,0.606770337,0.528972745,-0.0111914771,0.63311553,0.529418409,-0.0114326337,0.61863941,0.532150507,-0.0125359595,0.614744902,0.533360302,-0.0103356699,0.614503384,0.533834,-0.00880297273
3766.6666666666547,0.408643574,0.527928472,5.24221129e-008,0.422395259,0.518821537,-0.00234640529,0.444708645,0.515928328,-0.00920331944,0.464004904,0.519197881,-0.0158293881,0.475270092,0.523560405,-0.0217962246,0.438845664,0.513421595,-0.0217290111,0.473260075,0.517405629,-0.0314144939,0.477189571,0.520750582,-0.0344818383,0.473757744,0.521317959,-0.0347819701,0.434597522,0.521415949,-0.0248497855,0.471684754,0.525242507,-0.0338915959,0.472686797,0.527171373,-0.0328914151,0.465464354,0.526772439,-0.031014299,0.432450503,0.52981025,-0.0271784849,0.466833174,0.533772469,-0.0325875171,0.462608457,0.534238338,-0.0270600468,0.452541798,0.532411337,-0.0223628916,0.431822389,0.538258076,-0.0296314433,0.458075911,0.540838361,-0.0311754532,0.456556916,0.540413797,-0.0261643212,0.449668705,0.538528442,-0.0220844168
3783.333333333321,0.614384711,0.525296,-9.48980556e-008,0.606767058,0.51641,-0.00457387231,0.60319823,0.50895083,-0.00792687479,0.59820044,0.506181955,-0.01132417,0.591814399,0.506263912,-0.0145302741,0.62477541,0.504561245,-0.00346426247,0.604860663,0.50752,-0.0105796,0.598287165,0.510928929,-0.016312046,0.599074781,0.512655735,-0.0194276068,0.629353881,0.510972679,-0.00509497849,0.605923116,0.514260352,-0.00922816433,0.601308227,0.517153144,-0.0115825944,0.603486,0.517490089,-0.0133110816,0.630582333,0.517919362,-0.0076810848,0.607861,0.520731032,-0.0116431322,0.603796,0.5230093,-0.0108505609,0.606036544,0.522968173,-0.0100624738,0.629667759,0.524487495,-0.0109948162,0.611488819,0.526121378,-0.0125743439,0.607234359,0.52750504,-0.0101247821,0.60886842,0.527687907,-0.00795344
3783.333333333321,0.406111121,0.530734539,-9.75839782e-008,0.419866025,0.522395134,-0.00375147769,0.441713035,0.519504905,-0.0095141232,0.458415896,0.523352683,-0.0153153297,0.467640162,0.528483629,-0.0202076957,0.445480883,0.517917037,-0.0162775721,0.473535746,0.523932,-0.0270826835,0.464416355,0.524903595,-0.0314988084,0.452486098,0.523471713,-0.0325723439,0.441085577,0.526101291,-0.0191297494,0.469182521,0.532158136,-0.0292325076,0.457235277,0.531424284,-0.028997127,0.442873836,0.528767526,-0.0269938316,0.436995029,0.534688711,-0.0221791305,0.461118251,0.539870381,-0.0291502252,0.449217558,0.538314342,-0.0247478466,0.436219,0.535309911,-0.0203499869,0.433057606,0.543067455,-0.025502516,0.45126155,0.546211839,-0.0281898882,0.44280684,0.544388115,-0.0237380099,0.432744324,0.541687608,-0.0198902786
3799.9999999999877,0.619163156,0.512895,-8.16328196e-008,0.611010492,0.504681528,-0.00577498227,0.605734408,0.499846339,-0.0105246473,0.598707199,0.498139411,-0.0152016226,0.589472294,0.497573704,-0.020039726,0.624877155,0.499077022,-0.00742146,0.607342,0.499846458,-0.0147850895,0.598137736,0.50160861,-0.0206888951,0.59474349,0.503560305,-0.0240155943,0.628397286,0.505977571,-0.00874321163,0.606696963,0.507081,-0.0131837893,0.599851072,0.509162426,-0.0156458765,0.600756168,0.510199,-0.0179002974,0.628777564,0.512899876,-0.0108465087,0.608058095,0.513758421,-0.015646603,0.602651477,0.515378594,-0.0149534903,0.604483247,0.516388834,-0.0143791148,0.627887368,0.519067824,-0.0136614917,0.612271488,0.51924485,-0.0163364355,0.606801093,0.519730031,-0.013933287,0.607434154,0.520657659,-0.0119595295
3799.9999999999877,0.399358034,0.534444571,-4.29368789e-008,0.415273875,0.525302351,-0.00372740463,0.439694852,0.52278614,-0.0104030501,0.458861291,0.526667893,-0.0159748625,0.469754398,0.531655848,-0.0199549105,0.430176467,0.521573722,-0.0249592494,0.466729671,0.528775215,-0.0337629132,0.463391572,0.52994734,-0.0346159264,0.454007536,0.528619885,-0.0330625214,0.424438328,0.530620754,-0.0263046771,0.461878628,0.537230909,-0.033173196,0.457962036,0.536559284,-0.0292180255,0.446758211,0.533988416,-0.0258193109,0.421303511,0.539558172,-0.0269329082,0.456015736,0.544947386,-0.0294773132,0.451392829,0.543186784,-0.0218380373,0.440888345,0.539994895,-0.0167716891,0.419904768,0.547842562,-0.0278577097,0.446706116,0.551219523,-0.0271798689,0.444464654,0.5491274,-0.0214168243,0.436958283,0.546083212,-0.0176569037
3816.6666666666542,0.627111912,0.502139866,-3.45656197e-008,0.617250741,0.494935691,-0.00667548086,0.607456565,0.491264731,-0.0122016566,0.597755134,0.489947319,-0.0173555389,0.587879896,0.489863634,-0.0226932466,0.622613668,0.492200583,-0.00981431454,0.599921942,0.495154053,-0.0165327489,0.596436143,0.496494621,-0.0219346769,0.599534094,0.496737719,-0.0254354104,0.626252353,0.499818861,-0.0110344496,0.600040376,0.501478434,-0.0152715836,0.596319318,0.502209127,-0.0174608044,0.60052079,0.501715243,-0.0199482627,0.627085388,0.506788611,-0.0129097234,0.602503955,0.508081794,-0.0175695885,0.598334253,0.507700324,-0.017017955,0.601365507,0.506958246,-0.0169256646,0.626493394,0.512680769,-0.0156677663,0.60716939,0.514301658,-0.0186735149,0.603311479,0.513382137,-0.017267013,0.605181158,0.512530684,-0.0163929723
3816.6666666666542,0.395121813,0.53810674,-9.51240509e-008,0.410100341,0.528370321,-0.00393718248,0.433865219,0.525612593,-0.00980775617,0.452082068,0.528460741,-0.0146136396,0.463948846,0.531772733,-0.0178578086,0.427176595,0.527005196,-0.0225125588,0.461007297,0.533711672,-0.0310275517,0.453434467,0.534160852,-0.032153286,0.441862762,0.532479286,-0.0309101306,0.421946,0.536075652,-0.0235833842,0.456590384,0.542776406,-0.0303045027,0.448125392,0.541173,-0.0266916361,0.434224218,0.537872255,-0.0234978441,0.418725401,0.544580102,-0.0241281539,0.450239748,0.549624324,-0.026980117,0.44210583,0.547594726,-0.0195061881,0.429819822,0.544511259,-0.0145731512,0.416776031,0.552071631,-0.0249652918,0.440975964,0.555326402,-0.0250254627,0.435565144,0.553297758,-0.0194440782,0.426327378,0.550404608,-0.0157739893
3833.3333333333208,0.620574832,0.499601245,-1.47246951e-007,0.609214127,0.492113739,-0.00491295336,0.601026177,0.48710224,-0.00980679784,0.593554318,0.484456122,-0.0149911363,0.585124254,0.483876884,-0.020610271,0.619953692,0.484972775,-0.00745299784,0.605276465,0.487958908,-0.0157134365,0.596344829,0.490592,-0.0229157861,0.592523336,0.492159218,-0.0274513047,0.625268281,0.492323339,-0.010079314,0.608219743,0.494896561,-0.0154085672,0.597356081,0.496794462,-0.0189415347,0.59161979,0.497387022,-0.022254305,0.627781,0.49977538,-0.0133907115,0.611860454,0.502026618,-0.0197864752,0.601836264,0.503031313,-0.0203345511,0.596243441,0.503031,-0.0207652058,0.627643585,0.506628156,-0.0171964131,0.61406523,0.508934379,-0.0223524645,0.604879618,0.509432,-0.0213287212,0.598991573,0.509222567,-0.0203844812
3833.3333333333208,0.390209079,0.540446758,-2.10131308e-008,0.405937403,0.531089,-0.00417664973,0.429687858,0.529545,-0.0103457319,0.447832137,0.533343792,-0.0149052115,0.458464801,0.537427187,-0.0178483762,0.417565346,0.530661821,-0.0262246281,0.453276098,0.537977457,-0.0341590866,0.452064,0.538495719,-0.0337969698,0.444416791,0.53712815,-0.0312483851,0.41114372,0.539893746,-0.0265994966,0.449003398,0.547082126,-0.0326020792,0.448562801,0.545672774,-0.0276645906,0.440912038,0.543204248,-0.0234786607,0.407499701,0.54825753,-0.0260870531,0.44211185,0.554253042,-0.0282945503,0.442468762,0.552184284,-0.0202848203,0.436543852,0.549426854,-0.0147048412,0.405668437,0.555289745,-0.025810888,0.433192462,0.55966562,-0.0248680301,0.435949117,0.557968736,-0.018802125,0.43255204,0.555428088,-0.0146189295
3849.9999999999873,0.613844097,0.498796761,-1.50246919e-007,0.605687261,0.489269525,-0.00580966752,0.600004494,0.482366294,-0.011082219,0.59281528,0.478774816,-0.0163569842,0.584087133,0.478748113,-0.0217404179,0.62265718,0.478966862,-0.00858265627,0.604641795,0.480211347,-0.0174972024,0.595044672,0.483313113,-0.0243971013,0.592192233,0.485066652,-0.0286381524,0.626774848,0.486480474,-0.010921251,0.607279122,0.487196445,-0.0172333121,0.595437467,0.489307314,-0.0203132275,0.589300454,0.490484864,-0.0229783971,0.627543747,0.49462533,-0.0141217187,0.609379649,0.495391548,-0.0211673938,0.597979426,0.496375978,-0.0215185601,0.591623425,0.496907979,-0.0215201657,0.625649095,0.502389312,-0.0178818237,0.610695183,0.502909243,-0.0233254191,0.600569665,0.502487242,-0.0226810314,0.594244778,0.501985669,-0.0218208134
3849.9999999999873,0.388018936,0.543111324,6.86364956e-008,0.403066,0.534221947,-0.00503720762,0.425182164,0.53270632,-0.0107820509,0.442312151,0.536345541,-0.0145116625,0.452660441,0.539863,-0.0170172211,0.410198152,0.534788072,-0.0261330586,0.440842777,0.54230231,-0.0332251713,0.448963225,0.544046462,-0.0327425934,0.449993074,0.544068456,-0.0303687286,0.403099716,0.543678641,-0.0258416012,0.437355787,0.55114162,-0.0315297283,0.44658038,0.550925493,-0.0268586054,0.447254211,0.549543262,-0.0227584727,0.399147511,0.551556349,-0.0247422121,0.42963925,0.558593154,-0.0273931492,0.439171344,0.557836711,-0.020786332,0.441464543,0.555792511,-0.0157612786,0.397596955,0.55799818,-0.0239149742,0.421889365,0.563807666,-0.0242093056,0.431177258,0.563095152,-0.0196072944,0.43419373,0.560658693,-0.0160173811
3866.666666666654,0.616968572,0.487922817,-9.69955138e-008,0.605597615,0.479988158,-0.00758550363,0.596830726,0.475675732,-0.014723219,0.59010458,0.473193139,-0.0216961186,0.583614647,0.473204523,-0.0289300587,0.61610043,0.474841177,-0.011521698,0.602112412,0.477291673,-0.0221888348,0.593233109,0.478981346,-0.031005362,0.588192523,0.479695231,-0.0363922268,0.621308804,0.482134819,-0.0134766269,0.603981555,0.484457046,-0.021440722,0.591630936,0.485442072,-0.0254204422,0.586039662,0.485564739,-0.0284601822,0.623624086,0.489575475,-0.0164000373,0.607731,0.491451681,-0.0247634351,0.59628278,0.491865069,-0.0247778241,0.5908252,0.491979718,-0.0241677314,0.62401396,0.496324211,-0.0201585144,0.611635625,0.498212,-0.0260379929,0.602376401,0.49816668,-0.0246570203,0.597195446,0.497879297,-0.0231118016
3866.666666666654,0.38503468,0.54865104,-4.62262371e-008,0.395448357,0.538952947,-0.00516742421,0.415904522,0.536131442,-0.00925391726,0.433169097,0.53920573,-0.0117146736,0.445816606,0.541676879,-0.0135292495,0.416151404,0.542170525,-0.0185093582,0.435786039,0.546931803,-0.0245750733,0.439433903,0.547572613,-0.0252498556,0.438821018,0.54641223,-0.0245702118,0.412847847,0.550663412,-0.018480923,0.432272255,0.554896891,-0.0238329545,0.430531234,0.553696394,-0.0217666216,0.425635457,0.551001489,-0.0196194556,0.408845633,0.557825446,-0.0180745088,0.424378514,0.561718762,-0.0222187135,0.423080206,0.559504151,-0.017582275,0.420302182,0.556009293,-0.0139795495,0.404367447,0.563646078,-0.0179045424,0.416246861,0.567278922,-0.0215601362,0.41458115,0.565109611,-0.0187148117,0.411982566,0.561720312,-0.0159672312
3883.3333333333203,0.61201489,0.491892338,-1.05549553e-007,0.603058755,0.482059062,-0.00662066555,0.597230256,0.474185973,-0.0109925009,0.58997649,0.470226765,-0.0150931505,0.581115365,0.469525546,-0.0192936379,0.620762765,0.471721917,-0.00809821207,0.600633562,0.471190065,-0.0154797295,0.590407908,0.474076539,-0.0211282074,0.587563574,0.476597518,-0.0246350635,0.62445277,0.478876263,-0.00932542607,0.603846312,0.478309155,-0.0144149559,0.591355085,0.47979942,-0.0167349149,0.586093843,0.481157124,-0.0188385807,0.62417829,0.486922532,-0.0115182921,0.605159163,0.486464649,-0.0172121413,0.593487561,0.486877024,-0.0174389202,0.588387191,0.487694532,-0.0174803287,0.621429384,0.494481176,-0.0143851023,0.605873466,0.493867695,-0.0190778691,0.595896244,0.493137211,-0.0186566375,0.590783,0.493086338,-0.0179735
3883.3333333333203,0.378376663,0.552196145,7.6385426e-008,0.390614,0.542492092,-0.00674494,0.41224432,0.53983587,-0.0129773384,0.430145502,0.543162227,-0.0165589172,0.442658544,0.546387851,-0.0190023948,0.396677077,0.543816864,-0.0285587441,0.426038057,0.549717367,-0.036174003,0.438195705,0.551837385,-0.036212761,0.44222042,0.55237484,-0.034208674,0.390890419,0.55229485,-0.0271549299,0.423733562,0.558604717,-0.0332697593,0.435943127,0.55892539,-0.029500939,0.438690782,0.557752728,-0.0260313489,0.388285965,0.55946064,-0.0249570571,0.416872233,0.565592706,-0.0284045693,0.428915411,0.565380752,-0.0233100858,0.432983249,0.56341964,-0.0191427469,0.387799442,0.564965367,-0.0229714587,0.410581917,0.569926322,-0.0248955488,0.421312183,0.569187105,-0.0219229218,0.426246077,0.566318333,-0.0192341208
3899.999999999987,0.623752534,0.491503537,-1.50682695e-007,0.611058891,0.48083,-0.00346942525,0.599774539,0.472368538,-0.00758179696,0.589141786,0.467977971,-0.0115902461,0.580914915,0.466844857,-0.01593755,0.620613158,0.4684816,-0.0111984974,0.596360743,0.469456971,-0.0187854376,0.588183,0.472980887,-0.0235291794,0.58752811,0.47465387,-0.0264391154,0.624141455,0.475852907,-0.013790207,0.596726596,0.476803601,-0.019230485,0.587672114,0.479551256,-0.0205251984,0.586723745,0.481174797,-0.0221528485,0.624429226,0.484217525,-0.016614791,0.599103868,0.484916836,-0.0220063571,0.590111494,0.486170948,-0.0207843427,0.589266777,0.486358136,-0.0201075431,0.62232,0.492600739,-0.019650517,0.602229476,0.492836148,-0.0243273526,0.592333496,0.492474943,-0.0235198066,0.58874613,0.491645873,-0.0226267073
3899.999999999987,0.377495468,0.555119872,1.22599189e-007,0.389956564,0.546034455,-0.00699681882,0.409773439,0.543643832,-0.0131888762,0.42625761,0.546972752,-0.0166362748,0.437885553,0.550325334,-0.0191032905,0.393254578,0.547166049,-0.0279664956,0.419982523,0.554324627,-0.0345003568,0.432893693,0.556289256,-0.0338430107,0.437172532,0.556781769,-0.0313887186,0.3869344,0.555706918,-0.0261498764,0.417415291,0.562733054,-0.0310200918,0.431301475,0.562831879,-0.0268637501,0.434574336,0.561326742,-0.0233413298,0.383900911,0.563010871,-0.0235064067,0.411183268,0.569749653,-0.0261933375,0.424603492,0.569196343,-0.0213283505,0.42894128,0.566626072,-0.0174444783,0.383287,0.568606734,-0.0210631695,0.404773057,0.573887825,-0.0228971373,0.416218907,0.573392212,-0.020133609,0.421492398,0.570509,-0.0174748152
3916.6666666666533,0.613712132,0.488951981,-1.32866433e-007,0.600900948,0.480184197,-0.00637955545,0.593526959,0.47251004,-0.0110039879,0.586292505,0.467995435,-0.0150760543,0.578668177,0.466201544,-0.0192758068,0.617098689,0.467077821,-0.0113162333,0.595960319,0.467395604,-0.0186165236,0.58438313,0.471284747,-0.0235281102,0.581328154,0.474113286,-0.0266768746,0.621447861,0.47391358,-0.0124648763,0.599329293,0.47472173,-0.017697243,0.587238848,0.477863669,-0.0194270127,0.583288074,0.47995612,-0.0214156564,0.622681558,0.481927752,-0.0142297158,0.601891875,0.482946098,-0.0198036917,0.591321468,0.484710872,-0.0196180381,0.587878883,0.485996336,-0.0197556168,0.622152686,0.489742279,-0.0165132172,0.60481,0.490638375,-0.0220349617,0.594067514,0.490846395,-0.0222576018,0.589019179,0.490984678,-0.0220736489
3916.6666666666533,0.372007787,0.558735311,9.61956133e-008,0.385775954,0.549675,-0.00712113269,0.405836701,0.547300458,-0.0130929966,0.421757758,0.550622582,-0.0163511317,0.433377713,0.553848505,-0.0184657909,0.38839215,0.551724195,-0.0275832526,0.414794385,0.559362888,-0.0346992537,0.427259564,0.560396731,-0.0342679247,0.430650473,0.560058117,-0.0316579044,0.381233335,0.55999881,-0.0255934205,0.412301153,0.567022085,-0.0313796,0.425959408,0.5668,-0.0273036361,0.428794473,0.565334857,-0.0233484171,0.378171206,0.566863656,-0.0228783,0.405608267,0.57365489,-0.0264533386,0.419121355,0.572798967,-0.0214626193,0.423397303,0.570301831,-0.0168976989,0.377956092,0.571950734,-0.0203670617,0.40034914,0.577455223,-0.0221116133,0.411667526,0.576631546,-0.0188558511,0.416097224,0.573714733,-0.0155970482
3933.33333333332,0.604810536,0.488678604,-1.57264722e-007,0.595731854,0.479412556,-0.00706418371,0.59030503,0.47188288,-0.0122425249,0.583561242,0.467385799,-0.016843766,0.57575196,0.46642226,-0.0211933088,0.615456223,0.467079341,-0.0104707014,0.594963849,0.467569619,-0.0186986942,0.583697081,0.471745461,-0.024230808,0.581347942,0.474118918,-0.0276502259,0.621173,0.473616958,-0.0115636038,0.598419905,0.47480765,-0.0175957493,0.58534795,0.477599919,-0.0196947847,0.58040905,0.478974432,-0.0216224398,0.622786283,0.481400639,-0.0135302227,0.601245642,0.482496619,-0.0199374203,0.588433385,0.484087944,-0.019882217,0.582636952,0.485195249,-0.0197288711,0.622023225,0.489160061,-0.0161575377,0.604854,0.489823431,-0.0216086097,0.593437731,0.490028352,-0.0215015318,0.587254822,0.490321726,-0.0208958797
3933.33333333332,0.371741235,0.562629163,7.63736736e-008,0.384596735,0.553198636,-0.00697937049,0.402459472,0.550678134,-0.0132842213,0.418101907,0.55398643,-0.0170972571,0.429634631,0.55764395,-0.0197726488,0.383864552,0.554965615,-0.0266887899,0.409956634,0.561895,-0.0343550034,0.422706,0.56329751,-0.0348404236,0.426282763,0.56302464,-0.0329777859,0.377375603,0.563326716,-0.0250264313,0.407360047,0.570141375,-0.0313071981,0.421775311,0.570420504,-0.0283241291,0.425724745,0.568903923,-0.0254006218,0.375494063,0.570256889,-0.0227732267,0.401879936,0.576710522,-0.0269194692,0.415151417,0.576708555,-0.0230338071,0.419781446,0.574430287,-0.0194279011,0.376525939,0.575457931,-0.0207262691,0.397113919,0.581033111,-0.0231254566,0.408410043,0.58073,-0.0209470596,0.413676172,0.57775,-0.0187148079
3949.9999999999864,0.624574125,0.49000448,-1.55472989e-007,0.61030972,0.480064541,-0.00301376265,0.595795631,0.471829593,-0.00694744848,0.583182693,0.467806131,-0.0107006,0.572414279,0.46693939,-0.0149168354,0.613355577,0.466615766,-0.0137436222,0.58908,0.467887402,-0.0212693419,0.580025673,0.472297,-0.025056405,0.579338431,0.474937618,-0.0271264203,0.618394673,0.473407,-0.0162208,0.590356469,0.475589812,-0.021328222,0.581805527,0.479097933,-0.021639755,0.581295311,0.480952859,-0.0227717776,0.620688617,0.481507838,-0.0187847558,0.594868183,0.483415872,-0.0244464632,0.586106479,0.485555768,-0.0230686516,0.584967256,0.486546457,-0.0223257113,0.620470166,0.48979643,-0.0213923305,0.59975177,0.490979493,-0.0267030727,0.589235187,0.491578043,-0.0265842713,0.584359646,0.491638064,-0.0262622032
3949.9999999999864,0.37155813,0.566228,9.3493604e-008,0.384831041,0.557064414,-0.00724912342,0.402198821,0.554384351,-0.0135608399,0.416325837,0.557417095,-0.0173068084,0.427042842,0.561202884,-0.0199660696,0.381282806,0.558430433,-0.0272477511,0.405827612,0.566443682,-0.0347861163,0.418959111,0.567397237,-0.0351149812,0.422895789,0.566960812,-0.0331151,0.373381466,0.566914082,-0.0255356655,0.403423071,0.574555099,-0.0323743708,0.418142855,0.574065924,-0.0291746482,0.421660304,0.572160602,-0.0258464944,0.370855659,0.573932946,-0.0231795684,0.397639453,0.581147313,-0.0277652,0.411793858,0.580472171,-0.0233908929,0.41607824,0.577901959,-0.0191065762,0.371817529,0.579075098,-0.0210389011,0.393849373,0.584743321,-0.0233006906,0.405713558,0.584321499,-0.0203732178,0.410196394,0.581494689,-0.0174387097
3966.666666666653,0.618724465,0.491776317,-1.667064e-007,0.604108095,0.482918531,-0.00462309131,0.59268254,0.47501716,-0.00849402323,0.582043946,0.470791101,-0.0121993301,0.572411776,0.470138937,-0.0162569638,0.611775875,0.468129367,-0.0106583182,0.587355435,0.470334709,-0.0180367716,0.577489614,0.476139724,-0.0225109663,0.576745152,0.479973167,-0.0251584221,0.617284954,0.474726051,-0.0124832317,0.591359377,0.477199525,-0.017134143,0.581207871,0.481986195,-0.0178813301,0.579591513,0.48472,-0.0192912072,0.62023294,0.482861727,-0.0148315188,0.596003711,0.485258132,-0.0201071836,0.585996568,0.48820588,-0.019283982,0.584142804,0.489845961,-0.0190849584,0.621391892,0.491107285,-0.0175042544,0.601302624,0.493089855,-0.0229246393,0.589747131,0.494241804,-0.0230153855,0.584746659,0.494934469,-0.022804644
3966.666666666653,0.365688384,0.568062186,6.92195172e-008,0.380227029,0.559059799,-0.00706478627,0.398423582,0.556992292,-0.0129072,0.413324773,0.560939908,-0.0161938518,0.424030811,0.565230727,-0.0184254702,0.379113764,0.561973572,-0.0259921551,0.403352976,0.569656253,-0.0329324119,0.416799247,0.570875347,-0.0330462307,0.421224177,0.570494711,-0.0310955252,0.372083426,0.570343792,-0.0241606981,0.400633395,0.577686608,-0.030158788,0.415171295,0.577398181,-0.0269333646,0.41919744,0.575567961,-0.0238264594,0.369613081,0.577044725,-0.021761816,0.395261049,0.584159851,-0.0258345287,0.40870139,0.583564699,-0.0218531452,0.413163304,0.581084371,-0.0180891398,0.370124042,0.581895351,-0.0195823684,0.390176624,0.587938666,-0.021827003,0.401470691,0.587590158,-0.0194847751,0.4064776,0.584792435,-0.0170890111
3983.3333333333194,0.613161385,0.492266238,-1.29711921e-007,0.599509478,0.484153062,-0.00601284299,0.589873,0.476738513,-0.0104024522,0.580418289,0.473234981,-0.0143612893,0.570971966,0.472823799,-0.0185670517,0.611670911,0.471452326,-0.0108074946,0.588276505,0.473353118,-0.0181159936,0.57886827,0.477199078,-0.0233401172,0.577344239,0.479114205,-0.0269147288,0.616819322,0.478209227,-0.0124668768,0.592758358,0.480226517,-0.0176922362,0.581834733,0.483467102,-0.0197694432,0.578125715,0.484817386,-0.0221466422,0.61879015,0.486472338,-0.0146782435,0.59613055,0.488923,-0.0198962446,0.586568236,0.490647614,-0.0194184706,0.584075928,0.490820527,-0.0196647588,0.618954539,0.494481117,-0.0174877066,0.600649059,0.4968656,-0.022554867,0.591129422,0.497325361,-0.0222206172,0.587393522,0.496980131,-0.0218817852
3983.3333333333194,0.3612113,0.570696235,3.57439198e-008,0.376948744,0.561562836,-0.00846524443,0.396010071,0.559646964,-0.0148108518,0.410938382,0.563794196,-0.0184468254,0.421234041,0.568529427,-0.0210891105,0.376400918,0.564594448,-0.0275512189,0.398925126,0.572496533,-0.036189124,0.413044631,0.573981,-0.0378040932,0.418290734,0.573082,-0.0367837846,0.369382918,0.572866,-0.0253328625,0.395646214,0.580573797,-0.0331729762,0.412062615,0.580209792,-0.0313157439,0.417599469,0.577287138,-0.0289298557,0.367403448,0.579759359,-0.0227636192,0.391746461,0.586521327,-0.0284795575,0.406882644,0.585446119,-0.0256360602,0.412885487,0.582181036,-0.0222936701,0.368559837,0.58496809,-0.0205064099,0.388237178,0.590381145,-0.0244129077,0.400500804,0.589340806,-0.023159368,0.406643152,0.586003602,-0.0212068241
3999.999999999986,0.607581615,0.498155802,-1.71882689e-007,0.594922602,0.489279538,-0.00629912782,0.58682543,0.481786609,-0.0113353301,0.578566253,0.477520555,-0.0160884093,0.570367575,0.476510227,-0.0207520071,0.611546516,0.475429982,-0.00985085871,0.588778853,0.476277143,-0.0183070544,0.578141451,0.480962306,-0.0241264924,0.576607525,0.483850896,-0.027655242,0.617494,0.481953114,-0.0115806451,0.593522787,0.483363301,-0.0172696542,0.581375957,0.487323463,-0.0189022291,0.577469587,0.489388525,-0.020441303,0.620109439,0.490064353,-0.0141248871,0.596673846,0.491853535,-0.0194574017,0.585728824,0.494587928,-0.0178500172,0.582328141,0.495967329,-0.0168945473,0.620621741,0.498407632,-0.0174367633,0.601776123,0.499808133,-0.0218510237,0.59150672,0.500777543,-0.0203266088,0.587262094,0.501267076,-0.0187853351
3999.999999999986,0.358370274,0.572046518,4.56241658e-008,0.374425173,0.563223124,-0.00699549448,0.394297332,0.562000036,-0.0122855026,0.409242541,0.566420615,-0.0151710846,0.419432759,0.571088076,-0.0168754403,0.375628769,0.566822767,-0.0247768387,0.399073273,0.575087786,-0.0323727056,0.412463337,0.576037,-0.0331651643,0.416153133,0.574744105,-0.0313912928,0.368378609,0.575013757,-0.0229049604,0.394834816,0.582981348,-0.0292521771,0.410858929,0.582463443,-0.0264206957,0.415388376,0.579531848,-0.0233402122,0.365879029,0.581736684,-0.0206663944,0.38980478,0.588734,-0.0251575615,0.404560715,0.587794304,-0.021704033,0.409508467,0.584717214,-0.01793807,0.366607428,0.586752832,-0.01867163,0.385976106,0.592780411,-0.0217418522,0.398308426,0.591848671,-0.0200510398,0.403635263,0.588439286,-0.0176820979
4016.6666666666524,0.604464591,0.500151873,-1.79499565e-007,0.594406664,0.491208971,-0.00645891577,0.585951567,0.484602064,-0.0127764503,0.577350438,0.480805933,-0.0189067535,0.570203185,0.480143905,-0.0249297656,0.610653579,0.478480726,-0.0108221211,0.589789331,0.48104614,-0.0202192422,0.579411149,0.485047281,-0.027132716,0.57675606,0.487145633,-0.0314264148,0.61739409,0.485494673,-0.0131044826,0.593924522,0.487875432,-0.0196695719,0.581060052,0.490819544,-0.0222299043,0.57616967,0.491995692,-0.0245722402,0.620244086,0.493580341,-0.0162247587,0.597802103,0.495742172,-0.0233776532,0.585125148,0.497719735,-0.022775149,0.580408216,0.498502403,-0.0222279374,0.620308816,0.501480341,-0.0200691987,0.602408171,0.503047943,-0.0256626979,0.590632796,0.503787041,-0.0244794264,0.584729135,0.504030764,-0.0231526252
4016.6666666666524,0.357243,0.572995543,4.34207941e-008,0.374134868,0.564380348,-0.00780579168,0.393569976,0.563385367,-0.0136601394,0.407809883,0.568343282,-0.016898131,0.417522192,0.573349059,-0.0191894583,0.373762846,0.568210244,-0.026372822,0.394901,0.576165617,-0.0342043117,0.408620268,0.57755,-0.0352411382,0.414629638,0.577073,-0.0339980125,0.366421431,0.576613545,-0.0243695118,0.392536163,0.584775865,-0.0319499895,0.408349872,0.584073305,-0.0297519397,0.413477,0.581145287,-0.026846312,0.364353478,0.583551705,-0.021890033,0.388971061,0.590654671,-0.0272101946,0.403460681,0.589226723,-0.0237154439,0.408836424,0.586003065,-0.0197298434,0.365522593,0.588680446,-0.0197192971,0.385290235,0.59440583,-0.0229876563,0.397085875,0.593168378,-0.0211025197,0.402586371,0.589930475,-0.01859143
4033.333333333319,0.602928638,0.5019449,-1.8527335e-007,0.593422115,0.493111253,-0.00592522696,0.585245,0.486549616,-0.0119563993,0.576443255,0.483715713,-0.0180867296,0.568721592,0.484612793,-0.0240722764,0.608746827,0.482643068,-0.00928091165,0.590959549,0.484986067,-0.017593151,0.581485212,0.489693195,-0.0235398598,0.579551876,0.492099673,-0.0273483898,0.616331637,0.489682019,-0.0117479376,0.593846798,0.492411077,-0.0176333897,0.582329154,0.495993465,-0.0200158283,0.57997334,0.496817,-0.0221364945,0.619579315,0.497540832,-0.0149738435,0.597145617,0.500134826,-0.0214854423,0.58570087,0.502323449,-0.0210913271,0.582689643,0.502459168,-0.0206989422,0.620188057,0.50496918,-0.0189059563,0.601795673,0.507532418,-0.0233567432,0.590385675,0.508410633,-0.0218871199,0.58481735,0.508349657,-0.0205946267
4033.333333333319,0.355847865,0.573551238,2.22415011e-008,0.371471226,0.565098107,-0.00956129562,0.390923977,0.56402564,-0.0161172636,0.4053303,0.568675756,-0.0197999347,0.415522575,0.573611319,-0.0224595424,0.372056037,0.569822,-0.0280878097,0.394575745,0.57731241,-0.0363946036,0.408136964,0.578328133,-0.0374941081,0.413254946,0.577415645,-0.0363333635,0.365768075,0.577963,-0.025408959,0.392877936,0.585259318,-0.0332001261,0.40806672,0.584246874,-0.0312279,0.412752718,0.581237733,-0.0287566781,0.363900512,0.584495306,-0.02252689,0.388957858,0.591688037,-0.0283464286,0.40301919,0.590110958,-0.0255346224,0.408153296,0.586731315,-0.0222914834,0.364528745,0.58909893,-0.0200814176,0.384032965,0.595312774,-0.0242245477,0.395569146,0.594481111,-0.0233319588,0.401355118,0.591371596,-0.0217074715
4049.9999999999854,0.618211925,0.507538915,-1.53996837e-007,0.60265696,0.497377366,-0.00364841544,0.590266109,0.490930408,-0.00760916946,0.579212248,0.488291651,-0.0114962636,0.569939494,0.48913455,-0.0159642,0.609285116,0.487474501,-0.00818156078,0.589465678,0.492050707,-0.0152040329,0.580086112,0.495024115,-0.021196,0.576861739,0.496131778,-0.0251218546,0.615698814,0.494774789,-0.0104814302,0.591276288,0.498703212,-0.0142067783,0.580637217,0.500986934,-0.016364418,0.576009274,0.502408922,-0.0191811081,0.61870724,0.502672553,-0.0131841097,0.59562546,0.506212592,-0.0173915736,0.585789621,0.506826,-0.0168953389,0.581853151,0.506792605,-0.0171586368,0.619330347,0.510097563,-0.0162632018,0.599950612,0.513011873,-0.0200926717,0.589634,0.512876868,-0.0190754589,0.584006429,0.512378156,-0.0183657818
4049.9999999999854,0.356442481,0.573843241,-5.14476239e-009,0.371228755,0.565572619,-0.0101457005,0.389526308,0.563797116,-0.0173296295,0.403842151,0.567561507,-0.0215016715,0.414310873,0.572329402,-0.0245151129,0.36955297,0.570187926,-0.0297643729,0.391834617,0.577129841,-0.0382491276,0.406224042,0.577457726,-0.0387223065,0.411785245,0.576091588,-0.0371927209,0.364069104,0.578368962,-0.0270454101,0.391134799,0.585149229,-0.0356880762,0.40642041,0.583539486,-0.0337198339,0.411553711,0.580504596,-0.0312258303,0.363290101,0.584938347,-0.0241145175,0.387918264,0.591195703,-0.0307864603,0.40205434,0.589096546,-0.0281013567,0.407687783,0.585704505,-0.0249095205,0.364782959,0.589434206,-0.0216069762,0.384136379,0.595207393,-0.0262302347,0.395492852,0.593907535,-0.0254640151,0.401507109,0.590627074,-0.0240335949
4066.666666666652,0.610066116,0.505285442,-8.05183404e-008,0.596002281,0.499203414,-0.00540337292,0.586015522,0.49507156,-0.00998728536,0.578026712,0.493338495,-0.0142013868,0.569922149,0.49418354,-0.0188869014,0.604969501,0.49282679,-0.00890736841,0.588975251,0.499899864,-0.0154470401,0.583627224,0.501483917,-0.0215790272,0.584769845,0.500890434,-0.0258635115,0.612600744,0.50030905,-0.010989055,0.592388,0.5066275,-0.0147784762,0.587191105,0.507371545,-0.0172708612,0.587864578,0.506261528,-0.0201745741,0.616637945,0.507759511,-0.0134836063,0.596179128,0.513786793,-0.0176113136,0.591726422,0.513785481,-0.0162867941,0.593176,0.511907,-0.0158250351,0.618381619,0.514443,-0.0166679341,0.601802349,0.519468427,-0.0197838116,0.596426249,0.518929899,-0.0174329896,0.59629494,0.516861916,-0.0158238187
4066.666666666652,0.35535109,0.573228598,-4.77015902e-008,0.369266212,0.565328598,-0.012034432,0.388147026,0.563242912,-0.0199305248,0.403179318,0.566474795,-0.024386337,0.414496541,0.57103,-0.0275653228,0.367879301,0.56997776,-0.0329642296,0.392679751,0.57622546,-0.0420519821,0.407043427,0.575890958,-0.0424885713,0.411957383,0.574376404,-0.0409118198,0.363503873,0.578390241,-0.029311521,0.391102254,0.584296525,-0.038456738,0.406209946,0.582487047,-0.036139112,0.410260528,0.579629123,-0.0333879367,0.363249719,0.585071087,-0.0255567282,0.38872689,0.59015584,-0.0328678899,0.40247339,0.587797821,-0.0298036169,0.40703097,0.584656179,-0.026313249,0.365019113,0.589603603,-0.0223803781,0.38475439,0.59416,-0.0279535428,0.396158665,0.592530906,-0.0275589973,0.401470572,0.589510262,-0.0262754653
4083.3333333333185,0.616226912,0.512464941,-8.42523065e-008,0.603842497,0.503214538,-0.00436987588,0.589895368,0.497739911,-0.00790330209,0.576927185,0.496745944,-0.0108211506,0.567115128,0.498123974,-0.0142831821,0.606006,0.498120785,-0.00906824,0.587729156,0.503576696,-0.0147552667,0.581508934,0.505141079,-0.0197639931,0.580386877,0.504701674,-0.0230614729,0.611719429,0.505364478,-0.0102843987,0.589504778,0.51017344,-0.013167914,0.583285749,0.510755062,-0.0149850762,0.583695889,0.510549784,-0.0175711438,0.614497304,0.512643516,-0.0117401155,0.594261348,0.516836762,-0.0153592629,0.588948786,0.516078711,-0.0147184879,0.589937568,0.514482498,-0.0147888325,0.615176082,0.519025147,-0.0135398805,0.598105431,0.522460878,-0.0169715472,0.592474878,0.521928728,-0.0157243423,0.592088401,0.520549655,-0.0149102472
4083.3333333333185,0.355923504,0.572298884,-6.95173838e-008,0.37039724,0.564182639,-0.0119693391,0.389492095,0.561687827,-0.0194262248,0.404072344,0.564905345,-0.0235507023,0.414907753,0.569409728,-0.0264391806,0.36792779,0.568712294,-0.03138512,0.391632259,0.574557781,-0.0401215702,0.406585813,0.574260533,-0.0406997092,0.413061261,0.572997272,-0.0394501,0.364166528,0.577548623,-0.0276465658,0.391410172,0.5829494,-0.0363603979,0.40700385,0.580722809,-0.034254875,0.411444634,0.577634692,-0.0318444446,0.364575505,0.584535956,-0.0238849539,0.38968122,0.589003205,-0.0309573803,0.40413931,0.586230338,-0.028446367,0.408919156,0.58276,-0.0254721418,0.366911024,0.58931011,-0.0207308624,0.386773735,0.593331218,-0.0260167252,0.398395658,0.591113508,-0.0258200895,0.403461039,0.587596536,-0.0248548482
4099.999999999985,0.616257906,0.514400482,-1.02254177e-007,0.603682041,0.505836248,-0.00467079179,0.590835452,0.501288831,-0.0086560715,0.578053951,0.500858784,-0.0123349112,0.568701923,0.503650963,-0.0169575568,0.610190213,0.501530468,-0.00896512065,0.590686381,0.507489622,-0.0150152976,0.581086159,0.509798408,-0.0206629019,0.576956272,0.509944797,-0.0245065298,0.616303444,0.509623885,-0.0106338933,0.59256053,0.513960838,-0.013390868,0.581761062,0.515553415,-0.0154847521,0.57689333,0.516402304,-0.0184852779,0.618658,0.51725477,-0.0126008829,0.596961558,0.520963311,-0.0160036646,0.587104857,0.52129364,-0.0153243374,0.582927704,0.520915866,-0.0155741563,0.618375,0.523899,-0.0150378821,0.600650132,0.527257502,-0.0181130022,0.590803802,0.527282476,-0.0164592788,0.58561033,0.527060568,-0.0155085819
4099.999999999985,0.357827544,0.571613848,-8.22087145e-008,0.37119922,0.563102067,-0.0126509108,0.389123,0.559605181,-0.0206925515,0.4040595,0.562119305,-0.0253611356,0.415842652,0.566329122,-0.0287945587,0.367013276,0.567412674,-0.0320598297,0.391745389,0.572618425,-0.040861,0.406054288,0.571897149,-0.0416362844,0.411916912,0.570583284,-0.0407436267,0.364125162,0.576271117,-0.0281885937,0.392558455,0.580879629,-0.03715574,0.407678694,0.578265786,-0.035597451,0.412381381,0.575279355,-0.0339371376,0.365388483,0.583283246,-0.0243163276,0.391144067,0.587228894,-0.0317376,0.405475438,0.584309459,-0.0297126397,0.410804,0.580914,-0.0274030566,0.36837,0.588095307,-0.0210742168,0.388240874,0.591665566,-0.0267216079,0.399753779,0.589532733,-0.026831165,0.405146837,0.586129665,-0.0263660364
4116.666666666652,0.611629546,0.519392729,-1.18706772e-007,0.59931308,0.511092246,-0.00382333854,0.589219213,0.506027877,-0.00729902228,0.579466701,0.504601896,-0.0107251499,0.570823,0.506562531,-0.01487388,0.609344542,0.505248845,-0.00693500461,0.591817439,0.510232627,-0.0119832605,0.583052754,0.512580574,-0.0170691833,0.580414176,0.513265431,-0.0207592808,0.614995599,0.513161,-0.00900511444,0.592726827,0.516988575,-0.0113286162,0.58251828,0.51824832,-0.0136106052,0.577492237,0.518707514,-0.0168397315,0.617144406,0.520944417,-0.0113899736,0.596468687,0.523992658,-0.0148561196,0.587138,0.523859,-0.0151540637,0.582785487,0.523200154,-0.0161494352,0.616923869,0.527736485,-0.0141572906,0.599972427,0.53029412,-0.0175351277,0.590461612,0.529738843,-0.0167160667,0.584732115,0.528870165,-0.0164275281
4116.666666666652,0.358507901,0.568287075,-9.14663261e-008,0.372040331,0.560575,-0.0132041527,0.390567243,0.557674289,-0.0218589194,0.405380636,0.560084701,-0.0267675295,0.417438328,0.564155877,-0.0302731618,0.368513316,0.565292835,-0.0357743204,0.395213932,0.57047981,-0.0446739197,0.408866316,0.569677114,-0.0443444513,0.413722783,0.568383455,-0.0423928462,0.365318507,0.574198604,-0.0314718746,0.394900531,0.578933239,-0.040591456,0.409457952,0.576408207,-0.0376126803,0.412811249,0.573422372,-0.0346467458,0.366508,0.58125478,-0.0269869678,0.393120646,0.584939957,-0.0344069526,0.407006383,0.582157075,-0.0310965125,0.41127944,0.579006314,-0.0277095,0.369555235,0.586069,-0.0231218878,0.390198112,0.589586139,-0.0285144858,0.401704,0.587464333,-0.0277274847,0.406434774,0.584233046,-0.0264385864
4133.333333333319,0.612426639,0.520488799,-4.42614478e-008,0.600303352,0.511481464,-0.00318996352,0.588192463,0.507105231,-0.00770622771,0.577472866,0.506954253,-0.0119400518,0.569731295,0.510346115,-0.0171750449,0.609091818,0.509211123,-0.0131743895,0.588332891,0.51370877,-0.0197323151,0.578657389,0.515048444,-0.0246295631,0.574911594,0.515391827,-0.0278401766,0.613705337,0.517284,-0.015590705,0.586806774,0.521920264,-0.0201606825,0.580836535,0.522009611,-0.0220470894,0.582593262,0.521466672,-0.0246874932,0.6144526,0.524972,-0.0177903827,0.590680659,0.528842092,-0.022242371,0.58480531,0.52824074,-0.0216247663,0.585842967,0.52706182,-0.021742031,0.612167358,0.531663656,-0.0201563146,0.59415406,0.534163773,-0.023751922,0.587266564,0.533414,-0.0227791,0.585679948,0.532242179,-0.022461772
4133.333333333319,0.358939856,0.566095352,-1.09373453e-007,0.372186601,0.558118284,-0.0124728456,0.390852839,0.55507797,-0.0210986398,0.405648589,0.557466388,-0.0264047626,0.418287128,0.561698675,-0.0304012951,0.370893627,0.562742352,-0.0339135826,0.398098916,0.567800224,-0.0434041955,0.410747826,0.566984415,-0.044049602,0.41447565,0.565663815,-0.0427329,0.367397785,0.571516931,-0.0302661452,0.396282166,0.576150894,-0.0396851301,0.410363078,0.574025691,-0.0375411734,0.413463801,0.57133466,-0.0351966,0.367625952,0.578435481,-0.0265034046,0.394054085,0.582376659,-0.0346379355,0.407615215,0.579910576,-0.0321159773,0.411396265,0.57701081,-0.0291529633,0.369681805,0.58322382,-0.0232632048,0.390681654,0.58741039,-0.0294175725,0.401857436,0.585510135,-0.0288970731,0.405810684,0.582364142,-0.0276450291
4149.999999999986,0.604362667,0.526729584,-1.41071652e-007,0.593250155,0.518708766,-0.00414760876,0.584602118,0.514179409,-0.00835514534,0.576518893,0.512964368,-0.0127620129,0.571437895,0.514484763,-0.0176504608,0.605822504,0.510294914,-0.0067767147,0.588434458,0.515135825,-0.013009062,0.578399718,0.518307686,-0.0184961315,0.575113595,0.519836605,-0.0220779013,0.612963498,0.517623663,-0.00908501912,0.591451406,0.52224,-0.0123422137,0.580384314,0.524700403,-0.014566211,0.575816214,0.525054336,-0.017072713,0.61651504,0.525276,-0.0118571753,0.596150815,0.529745698,-0.0159425326,0.58657366,0.531007528,-0.0158167463,0.582739353,0.530583322,-0.0159988832,0.617043614,0.532359898,-0.0151362605,0.601159513,0.535930336,-0.0184016749,0.592855573,0.536416829,-0.0168723948,0.588722825,0.535918891,-0.0156429969
4149.999999999986,0.363200039,0.564652681,-8.76007e-008,0.375439554,0.556383,-0.0118397158,0.393333763,0.552723169,-0.0201210063,0.408223897,0.55458951,-0.0252251234,0.42033565,0.558592319,-0.0291091297,0.3718988,0.559745729,-0.032910835,0.398810714,0.56471318,-0.0420068949,0.411891282,0.56396836,-0.0425753072,0.41643396,0.562609732,-0.0412194133,0.368641943,0.56878978,-0.0294568893,0.397860974,0.573062241,-0.0379941203,0.412183404,0.570854604,-0.0355292186,0.415999323,0.568057477,-0.03324553,0.36974898,0.576113701,-0.025924705,0.396439701,0.579179347,-0.0329286419,0.409797728,0.576398849,-0.0298683401,0.414038122,0.573191583,-0.0269191563,0.373097956,0.581260502,-0.0229746,0.393775463,0.584102452,-0.0282801222,0.404399633,0.581639647,-0.0275776852,0.408720672,0.578184128,-0.0265098941
4166.666666666653,0.608359694,0.52359736,-4.73210839e-008,0.598589957,0.515325069,-0.00547775393,0.587486088,0.511752844,-0.0103598638,0.576410234,0.512551427,-0.0144472504,0.569322705,0.516542852,-0.0196334068,0.610057652,0.514682,-0.0144602777,0.589881,0.520020187,-0.0216254517,0.579786897,0.521606743,-0.0276543088,0.575955689,0.521909297,-0.0314849354,0.614050508,0.523030341,-0.0153219691,0.590839863,0.527160287,-0.0195902232,0.579158545,0.527746797,-0.0219075903,0.575561643,0.528070629,-0.0250000581,0.61394,0.530450284,-0.0161812454,0.593853891,0.534125805,-0.0199394021,0.583421469,0.533923805,-0.0195230972,0.580729663,0.533280134,-0.0199480206,0.611318648,0.536699,-0.0175384451,0.597373962,0.53943789,-0.0204916131,0.58858031,0.538883209,-0.0195157565,0.585024893,0.537993908,-0.0192922521
4166.666666666653,0.364522398,0.562051535,-9.77175674e-008,0.377363861,0.553708375,-0.011341677,0.395470887,0.549715221,-0.0194959082,0.410469413,0.551447511,-0.0247890651,0.422498077,0.555344224,-0.0289483462,0.374395609,0.556908786,-0.0314687416,0.40226385,0.561632872,-0.0412679,0.415124625,0.560845077,-0.0427531749,0.418940783,0.559607625,-0.0419237539,0.371082604,0.565738142,-0.0284984466,0.400479764,0.569867432,-0.0373767316,0.414385051,0.567816,-0.0355370902,0.417460144,0.565392375,-0.0336037241,0.371749818,0.573023379,-0.0255631395,0.398555338,0.57607609,-0.032774616,0.411941409,0.573396623,-0.0298012849,0.415731192,0.570524335,-0.0268286,0.374470502,0.578260481,-0.0232416112,0.395611435,0.581217349,-0.0285919197,0.406751931,0.578746617,-0.0276585408,0.411075592,0.5753631,-0.0263509899
4183.33333333332,0.608044505,0.524947,-5.74753223e-008,0.597481549,0.517528474,-0.00449885707,0.586595237,0.514621556,-0.0100001274,0.576915801,0.5159145,-0.0147793489,0.570206881,0.520469964,-0.0206707958,0.610144556,0.517665327,-0.0170506332,0.589083195,0.522669554,-0.0241381302,0.580159843,0.524866641,-0.029102182,0.579352617,0.525771737,-0.0319876336,0.615559042,0.525717914,-0.0187298227,0.590173304,0.530397534,-0.0222299267,0.579121232,0.531323373,-0.0226425231,0.576754153,0.531623662,-0.0242585558,0.61655128,0.532937765,-0.0201091468,0.593422771,0.537016153,-0.0228075162,0.584067,0.53668195,-0.0200391542,0.582976818,0.535694957,-0.0188902561,0.614255488,0.538822532,-0.0219370313,0.597202659,0.542571902,-0.0242507625,0.58829093,0.542058945,-0.0215764251,0.585498154,0.540971935,-0.0199158043
4183.33333333332,0.36838451,0.559633613,-7.63910464e-008,0.380316406,0.551175535,-0.0110847829,0.396924645,0.546485066,-0.0193600394,0.411896914,0.547596931,-0.0248899981,0.42383194,0.551286161,-0.0292934179,0.375857234,0.553604245,-0.0310904831,0.403973937,0.557409,-0.0407063328,0.416551858,0.556677461,-0.0419939794,0.420344681,0.555259824,-0.0409261733,0.37271744,0.562410355,-0.0282669608,0.402918339,0.565455556,-0.0366799459,0.416684061,0.563717306,-0.0346205309,0.420205027,0.561536431,-0.0327726118,0.37389794,0.569812417,-0.0255122334,0.401213616,0.572005272,-0.0327208415,0.414209634,0.569647729,-0.0298214424,0.418169856,0.566906452,-0.0269574095,0.377548039,0.575153947,-0.0233187601,0.398780674,0.577575624,-0.0287216939,0.408854038,0.575285196,-0.0277980845,0.412619412,0.571934164,-0.0265679155
4199.999999999987,0.59644,0.525394499,-5.70285374e-009,0.589391887,0.520007,-0.0065914155,0.582055688,0.517952859,-0.0128294313,0.575924575,0.518922806,-0.0178631954,0.574334323,0.521371961,-0.0241432954,0.604598105,0.518072188,-0.0214200076,0.59161061,0.525398612,-0.029958209,0.583868623,0.528266191,-0.0362128578,0.58134675,0.529057503,-0.0402174816,0.61226511,0.524387956,-0.0221452881,0.59814775,0.531262755,-0.0288717691,0.587445855,0.533829391,-0.0322226956,0.583072603,0.534573376,-0.0359374844,0.615423799,0.530218482,-0.0224829726,0.603136897,0.536763132,-0.0278469604,0.59370631,0.539344966,-0.0284872558,0.589600742,0.539680719,-0.0298993,0.61564213,0.535255432,-0.0232612044,0.608503044,0.541349292,-0.0279126726,0.601616,0.544121087,-0.0278200265,0.597926676,0.545319617,-0.0283511821
4199.999999999987,0.372773618,0.556598,-8.11906773e-008,0.38427785,0.547715247,-0.0102562988,0.400562912,0.542992651,-0.0185590424,0.41486147,0.543824315,-0.0244862717,0.426683784,0.5472579,-0.0294446573,0.379123658,0.549232364,-0.0305103101,0.407896399,0.553693593,-0.0407015085,0.420266211,0.553046048,-0.0428173766,0.423314035,0.55166322,-0.0423099548,0.374992639,0.557912588,-0.0285941865,0.405525237,0.562003613,-0.0377083793,0.418978512,0.560101092,-0.0363729335,0.421994448,0.557693124,-0.0349455737,0.375382,0.565441489,-0.0267217904,0.403203428,0.568721592,-0.0343804806,0.416157603,0.566295922,-0.0317280591,0.420083672,0.56348592,-0.029055059,0.378516912,0.571239769,-0.0253445562,0.400432348,0.574368715,-0.031034369,0.410670966,0.572015762,-0.0300054718,0.414603,0.568624675,-0.0287731253
4216.666666666654,0.599877298,0.524588287,-1.91476772e-008,0.590138197,0.524692774,-0.00879848748,0.580754638,0.525252283,-0.0163438134,0.576792538,0.525152,-0.0219377652,0.579844952,0.525143147,-0.0280417707,0.602257,0.52068615,-0.0237684865,0.592308104,0.527159154,-0.0321823731,0.586036563,0.52951324,-0.037805751,0.585206151,0.530046523,-0.0416333303,0.610065639,0.524594,-0.0237588808,0.599076509,0.532649457,-0.0313923731,0.592051148,0.534409881,-0.0330685154,0.590310812,0.533670425,-0.0350319706,0.614193439,0.52935791,-0.0235878136,0.601795137,0.537366092,-0.0298867859,0.596165538,0.539201677,-0.027823057,0.596342325,0.538105249,-0.0266284887,0.615850687,0.533935606,-0.0241525285,0.605602562,0.540869951,-0.0304493103,0.600732803,0.542893469,-0.029370103,0.600373,0.542853892,-0.0283037666
4216.666666666654,0.376400352,0.553159773,-4.57268889e-008,0.387463123,0.544289351,-0.00946974754,0.403232902,0.539046049,-0.0170379281,0.418253064,0.539652824,-0.022116594,0.430239499,0.542758167,-0.0260004401,0.382629156,0.544801414,-0.0291360822,0.412627786,0.54884094,-0.0380901136,0.424259186,0.54801327,-0.0388499275,0.425573558,0.546631455,-0.0372155048,0.378657192,0.553906,-0.0269122589,0.41113776,0.557397187,-0.0347774364,0.423750162,0.555430472,-0.0320527777,0.425545,0.55322051,-0.0294636916,0.379579306,0.561606944,-0.0246009454,0.40954566,0.564219832,-0.0311663449,0.421155214,0.561461687,-0.0271036513,0.423352,0.558549941,-0.0232301075,0.383187085,0.567405224,-0.022725001,0.405979425,0.569936,-0.0273000691,0.415348858,0.567398369,-0.0252955537,0.417669564,0.5639956,-0.0231793653
4233.333333333321,0.590381622,0.520412385,-9.04132591e-008,0.5967592,0.525068521,-0.00752234133,0.599486232,0.530657291,-0.0151540684,0.597100079,0.534629166,-0.0210754201,0.592992246,0.53597331,-0.0272518825,0.613121,0.526027083,-0.023862008,0.61144942,0.53476733,-0.0324243754,0.604086876,0.538882375,-0.0375948325,0.599764228,0.54138881,-0.0404005498,0.608076751,0.52340436,-0.022983348,0.605990291,0.533508062,-0.0289789662,0.596666574,0.537406802,-0.0294667054,0.591214359,0.539518058,-0.0304659624,0.600907266,0.521348774,-0.0217380803,0.597052574,0.530245304,-0.0257556736,0.590850472,0.530478835,-0.0229536165,0.588257968,0.529533207,-0.0213409699,0.592493892,0.520148814,-0.0210983381,0.589016259,0.527884066,-0.0245170444,0.585008442,0.52838403,-0.0221001152,0.583392382,0.527208626,-0.0201098695
4233.333333333321,0.37551406,0.550609112,3.16994324e-008,0.385830879,0.541226089,-0.00651301909,0.403625578,0.535757482,-0.0130156595,0.419880837,0.535612762,-0.0173696801,0.432915747,0.538179755,-0.0203353502,0.386183262,0.53976965,-0.0268439446,0.417755604,0.54354465,-0.0353778899,0.42855081,0.544245124,-0.0355177857,0.429648,0.544002354,-0.0332099684,0.382470429,0.548920274,-0.025819825,0.41663447,0.551998198,-0.0335632786,0.42732057,0.55071038,-0.0297223963,0.42770341,0.548821092,-0.0256329421,0.382966697,0.557010174,-0.0243373644,0.414541066,0.559170365,-0.0297791492,0.423607141,0.557064533,-0.0235053692,0.423992753,0.554521382,-0.0175913,0.385808438,0.56358844,-0.0231035315,0.410953462,0.565159857,-0.0259097517,0.419038296,0.563032389,-0.022027662,0.420027614,0.560228288,-0.0181745887
4249.999999999988,0.598614573,0.525477,-3.20921885e-008,0.603927553,0.528534055,-0.00253324793,0.60801661,0.531837106,-0.00591211813,0.608846128,0.534362137,-0.00902733207,0.608567655,0.536108,-0.0121724028,0.612981796,0.528409719,-0.00781285483,0.610720336,0.533168077,-0.0115367724,0.605733156,0.534591913,-0.0141783683,0.60289228,0.535253167,-0.0157442335,0.608538508,0.526603699,-0.0084145125,0.605956852,0.532120228,-0.0107749049,0.599854,0.53314507,-0.0116311833,0.595946431,0.533172786,-0.0128731867,0.603194237,0.525112033,-0.00900592562,0.600155234,0.53035289,-0.010647947,0.595831394,0.530395269,-0.00999701861,0.593646765,0.529493093,-0.00991236139,0.597397208,0.52430433,-0.00990177225,0.595013618,0.528808653,-0.0113231288,0.592221916,0.528983176,-0.0105230641,0.590613842,0.528133392,-0.0101107145
4249.999999999988,0.379395932,0.546646595,7.63198713e-008,0.389411122,0.537345529,-0.00383349974,0.407640547,0.531758606,-0.00938240252,0.423053652,0.531558871,-0.0132026011,0.435397208,0.532664239,-0.0159858633,0.394827902,0.534197688,-0.0237952787,0.424952775,0.538664818,-0.0305971708,0.428506404,0.539405763,-0.030278191,0.425558358,0.538861,-0.0283050109,0.390758812,0.542993188,-0.0239475016,0.423019022,0.546889484,-0.0287016109,0.427253306,0.545892656,-0.024388954,0.424224466,0.544294894,-0.0211845171,0.389595419,0.551236212,-0.0232099369,0.419451505,0.554412484,-0.024739543,0.423920393,0.5527035,-0.0177856684,0.422551662,0.549948335,-0.0134052346,0.390550077,0.558373809,-0.0226143729,0.413167715,0.560124516,-0.0222851317,0.417371482,0.55878216,-0.017343469,0.416618884,0.556289554,-0.0139683504
4266.666666666655,0.380468845,0.543229461,1.25925965e-007,0.389707625,0.53350991,-0.00457638362,0.408244431,0.527764916,-0.0106706638,0.426170856,0.527453303,-0.0150087345,0.439539909,0.528418303,-0.0187279843,0.396595091,0.529133856,-0.0237066355,0.421639264,0.532557666,-0.0316895805,0.430628181,0.533572376,-0.0336774699,0.43380335,0.533655286,-0.0338629112,0.393399656,0.537653446,-0.0244445074,0.422700435,0.541375458,-0.0306836572,0.430016071,0.540539205,-0.0283366404,0.430299938,0.538889229,-0.0266094767,0.392673969,0.546145082,-0.0244172215,0.420484275,0.549322903,-0.0276784729,0.42680636,0.547575,-0.0221503451,0.427670032,0.544584811,-0.0186873488,0.393709809,0.554092646,-0.0246414766,0.414424717,0.555930078,-0.0262464825,0.417693794,0.55410254,-0.0222994722,0.417098582,0.551271856,-0.0194037929
4283.333333333322,0.603957355,0.534868956,2.58699853e-008,0.600824773,0.531126738,-0.00405492308,0.596206188,0.529709399,-0.00830080267,0.591361105,0.530393958,-0.0118457461,0.587599,0.531557262,-0.0149899,0.604089141,0.526524901,-0.0127110267,0.59420526,0.529579222,-0.0180804264,0.59214884,0.531257868,-0.0203842036,0.593290627,0.532109559,-0.0211931132,0.607964039,0.52982372,-0.0123235565,0.595763743,0.533578,-0.0163893253,0.595472753,0.534393728,-0.0158116072,0.598359704,0.534104645,-0.0155341951,0.609849,0.533704877,-0.011869004,0.597739398,0.537058294,-0.014482189,0.598201513,0.537100255,-0.0120179346,0.601427257,0.536239,-0.0104690641,0.61025995,0.537599146,-0.0117395185,0.600367606,0.540144145,-0.0126044443,0.600554824,0.540166914,-0.0106647331,0.603536665,0.539563954,-0.00962512754
4283.333333333322,0.383871138,0.53939116,4.16541717e-008,0.394741863,0.529375672,-0.00263641379,0.41318512,0.523599267,-0.00817385409,0.429975182,0.522939444,-0.012949707,0.442765117,0.524267673,-0.0168294553,0.403216451,0.524356425,-0.019603854,0.431786746,0.527932465,-0.0276725292,0.432176888,0.529083669,-0.0295742359,0.427220285,0.528607428,-0.0295091104,0.398932785,0.532844365,-0.021684384,0.430476695,0.536361694,-0.0281292535,0.429146737,0.535304487,-0.0259786528,0.421037048,0.533284307,-0.0243660882,0.397780985,0.541302383,-0.023146227,0.42725271,0.544146299,-0.0260553081,0.425197244,0.542659283,-0.0202009492,0.417594254,0.540100098,-0.0166230369,0.398509234,0.54925,-0.0248357803,0.421231478,0.550829113,-0.0253921635,0.421003789,0.549286962,-0.0210282803,0.416212469,0.546746731,-0.0181525331
4299.999999999989,0.605462,0.535316169,1.24748269e-007,0.596007168,0.53145951,-0.00954713,0.58643961,0.529561818,-0.017796142,0.578873396,0.530869722,-0.0247390773,0.575257838,0.533134639,-0.0312340409,0.605353,0.530555785,-0.0200430583,0.592019618,0.536571741,-0.0297208615,0.582563,0.537931263,-0.0349413715,0.578227818,0.537447035,-0.037546888,0.61032635,0.536657631,-0.0187099054,0.59626615,0.543145537,-0.0263021216,0.584447503,0.545222878,-0.0285257902,0.578049481,0.545471668,-0.0302851312,0.612373,0.541843,-0.017823834,0.599770725,0.54832077,-0.0247880351,0.587924778,0.549776733,-0.0260780714,0.581103206,0.549352884,-0.0267192833,0.612139702,0.546237409,-0.0174517203,0.602151513,0.550711751,-0.0228626262,0.591897488,0.552095175,-0.0240052547,0.584499896,0.551993787,-0.0245978832
4299.999999999989,0.387810677,0.531502604,-3.96164239e-008,0.398749739,0.522934675,-0.00446233852,0.418038815,0.517823696,-0.0111564631,0.435274214,0.517728508,-0.0160430577,0.448752344,0.519705892,-0.0193742644,0.400143206,0.519646227,-0.0293215,0.437410533,0.523026705,-0.038353838,0.440090925,0.523906469,-0.037487857,0.433778107,0.52425456,-0.0344524607,0.395686716,0.528628767,-0.0297017321,0.436773777,0.530983925,-0.0383415632,0.437975526,0.530521095,-0.033639472,0.430876553,0.530250788,-0.0290760864,0.395425886,0.537092447,-0.0291513987,0.432415903,0.539043069,-0.0346375927,0.432782888,0.537560105,-0.0264966078,0.42688784,0.536563337,-0.0198488068,0.397460967,0.544403434,-0.0286773872,0.42523846,0.545585513,-0.0304519348,0.427690953,0.543818593,-0.0251076147,0.42390725,0.542728126,-0.0209952518
4316.666666666656,0.584018052,0.538731515,-5.13578762e-008,0.580390334,0.532830298,-0.0150663806,0.578825116,0.528265715,-0.0256980956,0.57533282,0.529847562,-0.0335191861,0.572299957,0.532993793,-0.0401249565,0.607299,0.532286763,-0.0239409897,0.591988802,0.538811147,-0.0330645405,0.582456052,0.538384,-0.0375167839,0.579151094,0.535470307,-0.0402315296,0.610898614,0.539965928,-0.0204034671,0.593815804,0.546161056,-0.0285490584,0.581053674,0.54488349,-0.0301825572,0.577016234,0.542262435,-0.0309563167,0.609781623,0.546282649,-0.0174526237,0.595048249,0.551891148,-0.0262731444,0.582396686,0.550909519,-0.0256452896,0.577335477,0.548687339,-0.0238961242,0.605804503,0.550854266,-0.0154588027,0.596660078,0.554950714,-0.022731334,0.586441934,0.554708362,-0.022405535,0.581336,0.55365324,-0.020767156
4316.666666666656,0.386582494,0.52964282,1.02573189e-007,0.398364037,0.520373,-0.00259123323,0.418348461,0.515341699,-0.00801430363,0.436783463,0.514797628,-0.0124357129,0.449522674,0.514830887,-0.016040979,0.405122638,0.514302671,-0.0216569472,0.43526724,0.516491234,-0.0295590926,0.441965,0.519658208,-0.0311124027,0.440784454,0.520992875,-0.0304398797,0.401028752,0.522568643,-0.0233600289,0.433365464,0.525668263,-0.0286700204,0.440637559,0.527260125,-0.0255863797,0.43956539,0.527112484,-0.023489438,0.399986953,0.531208,-0.0243366212,0.431251824,0.534220219,-0.0267013721,0.436829299,0.534701228,-0.0202087276,0.435261637,0.533316255,-0.0161337629,0.401376814,0.53954035,-0.0254965313,0.426013619,0.54116416,-0.0255206879,0.429429621,0.540385902,-0.0202523824,0.427202553,0.538343847,-0.0165557209
4333.333333333323,0.590952,0.532295167,4.3275957e-008,0.583748817,0.529165387,-0.0162235834,0.57900244,0.528915644,-0.0260947887,0.5757218,0.533665538,-0.0325680859,0.573976278,0.538904488,-0.0373351723,0.608412683,0.534644,-0.0259941146,0.593072057,0.542232037,-0.0334089361,0.580945551,0.542384624,-0.035135828,0.578088343,0.540272057,-0.0361054391,0.610298693,0.542751491,-0.0210419632,0.593249083,0.549286187,-0.0270197224,0.579343855,0.548155606,-0.0269536152,0.576349735,0.545999885,-0.0274543,0.607492864,0.548466444,-0.0167312454,0.593061507,0.55423826,-0.0235682391,0.580363035,0.552438796,-0.0225514416,0.577200651,0.549521923,-0.0216972549,0.603237212,0.55233252,-0.013420742,0.591969132,0.556269228,-0.0199427307,0.582075834,0.555301845,-0.0205681715,0.578325212,0.553305,-0.0203632843
4333.333333333323,0.389855325,0.526131272,1.04297079e-007,0.400630444,0.517152846,-0.00195081008,0.420955032,0.512626648,-0.00706855441,0.439869791,0.511667609,-0.0115418173,0.451685876,0.509494305,-0.0153175527,0.406728655,0.510188699,-0.0197930038,0.437176228,0.511624932,-0.0281375386,0.443643063,0.514434755,-0.0304839797,0.442335784,0.51564604,-0.0303405076,0.403611869,0.518414915,-0.0221956242,0.438217878,0.520471513,-0.0279683936,0.443033755,0.521595776,-0.0253056735,0.43907249,0.521094263,-0.0234875381,0.403394908,0.526824415,-0.0239825454,0.436440259,0.52863431,-0.0262963474,0.437455386,0.528892219,-0.0194302555,0.431672692,0.527497649,-0.0151907802,0.405230343,0.534874916,-0.0260574706,0.431586385,0.535825193,-0.0256986655,0.432802081,0.535102129,-0.0201469585,0.428567708,0.533325076,-0.0164328329
4349.99999999999,0.581008315,0.533192337,-2.8233238e-008,0.576687336,0.531033278,-0.0128022945,0.577188849,0.531688273,-0.0203779396,0.57834816,0.537009954,-0.0251706559,0.579035282,0.541668355,-0.0285455808,0.607071877,0.536637962,-0.0193100329,0.59305048,0.543221712,-0.0252990834,0.583111227,0.543316901,-0.027287038,0.57973963,0.541195393,-0.0285789147,0.609592915,0.543935835,-0.015661452,0.593509674,0.550515711,-0.0207416117,0.580265224,0.549096346,-0.0210584,0.575768054,0.546465874,-0.0213226806,0.607040882,0.549241066,-0.0124298902,0.593057275,0.555481493,-0.018299181,0.580321968,0.554111838,-0.0171182174,0.575246513,0.551560402,-0.015776189,0.6019454,0.552653253,-0.0100051258,0.592231095,0.557577789,-0.015268282,0.582100451,0.556822896,-0.0147420112,0.576978505,0.555163622,-0.013449721
4349.99999999999,0.391999424,0.521962,1.01946128e-007,0.403586149,0.513525069,-0.00220911135,0.423600763,0.508904397,-0.00719854189,0.441755354,0.507444918,-0.0116179883,0.453523546,0.5047189,-0.0155178141,0.410271347,0.505322099,-0.0188430343,0.436664462,0.505914,-0.0274616834,0.44316411,0.508357048,-0.0304840524,0.442056835,0.509917915,-0.0309944861,0.407640368,0.512947917,-0.0213941969,0.438399434,0.514581,-0.0272833332,0.44421038,0.515892625,-0.0256490223,0.44122541,0.51587683,-0.0246893167,0.407682031,0.52149415,-0.0234712847,0.437174022,0.523015141,-0.0264931042,0.440147907,0.523526073,-0.0211380478,0.43619433,0.52249366,-0.0179537497,0.409204304,0.529922187,-0.025791835,0.432650894,0.53057307,-0.0264926124,0.435405314,0.52990967,-0.0222768392,0.433373,0.528296351,-0.0194629561
4366.666666666657,0.58027631,0.534951031,-3.47389104e-008,0.577055752,0.533471644,-0.0134727433,0.578460634,0.533129096,-0.0217383038,0.579291224,0.537120938,-0.027357718,0.578795135,0.540920377,-0.0316799656,0.607254207,0.539690137,-0.0178309809,0.592690706,0.546194077,-0.0249753725,0.582503557,0.545799375,-0.0286522079,0.578190088,0.543516576,-0.0309524648,0.608686268,0.546424925,-0.0144205121,0.592953384,0.552864432,-0.0209241193,0.580157042,0.551670969,-0.0227745511,0.574413061,0.549262941,-0.023605926,0.605606794,0.551109612,-0.0117530106,0.591701925,0.557025909,-0.018914504,0.579852164,0.556111634,-0.018990472,0.574381173,0.554037929,-0.0179185104,0.599955857,0.554093242,-0.00998786185,0.590256393,0.558658063,-0.0159206446,0.58097,0.557981312,-0.0159485526,0.576075852,0.556442738,-0.0147013143
4366.666666666657,0.395407379,0.517583847,1.33489664e-007,0.405334532,0.508931339,-0.00187830918,0.424515694,0.503798664,-0.00705684209,0.442955315,0.502250373,-0.0116206985,0.455419838,0.499741912,-0.0157406181,0.411157221,0.501150131,-0.01929502,0.437940598,0.50088191,-0.0272566676,0.447805405,0.503295898,-0.0298153888,0.449954182,0.50516057,-0.0299774371,0.408527523,0.508773804,-0.0216548741,0.440074831,0.509163857,-0.0269080456,0.448476642,0.510736406,-0.0246630758,0.447628021,0.511357188,-0.0232179202,0.409093529,0.51710397,-0.0233858805,0.440159976,0.517802238,-0.02573351,0.44575119,0.518251121,-0.0197021216,0.443486452,0.517494142,-0.0159465671,0.411744386,0.525477111,-0.0253239144,0.437605232,0.525137305,-0.0253223833,0.442448,0.524350643,-0.0203563105,0.441411316,0.522963345,-0.0169332922
4383.333333333324,0.579515636,0.537206292,-1.03349835e-008,0.576903224,0.535397589,-0.0138618704,0.578930199,0.536170304,-0.0220545512,0.580923855,0.541500926,-0.0274484307,0.582433939,0.546339154,-0.0317057222,0.605858505,0.54121393,-0.0192469303,0.593104541,0.547553718,-0.0279345326,0.584544241,0.547519743,-0.0332565792,0.58161813,0.545821488,-0.0367006063,0.607963264,0.547938645,-0.0155157521,0.592587233,0.554637,-0.0233294684,0.57955569,0.553915799,-0.0259677935,0.573687911,0.552198231,-0.0272987839,0.605502367,0.552812457,-0.0125520043,0.591402233,0.558982432,-0.0207356,0.579463482,0.557983875,-0.0208798759,0.574210644,0.555993795,-0.0197862275,0.600702822,0.555869,-0.0105414856,0.589940369,0.560338259,-0.0176328886,0.580354154,0.559929073,-0.0180868898,0.575543761,0.558807373,-0.0169654526
4383.333333333324,0.398302168,0.512837589,5.18581373e-008,0.40837279,0.503838778,-0.00180160522,0.426926076,0.498888791,-0.00582357589,0.444155753,0.497608632,-0.0101920115,0.457075,0.495808572,-0.0145039363,0.421239406,0.49586162,-0.011679247,0.439987123,0.496091396,-0.0210214052,0.445193768,0.497532725,-0.0268825367,0.443963826,0.49922049,-0.0295385588,0.420279413,0.503076136,-0.0153121501,0.444099158,0.50402236,-0.0241790917,0.441770792,0.50526166,-0.0263756048,0.431960016,0.505648,-0.0267453622,0.420635045,0.511626,-0.0188682266,0.442914099,0.512233257,-0.025054954,0.436362237,0.513120115,-0.0220796559,0.425612837,0.512817442,-0.0189944953,0.421063781,0.520281672,-0.0226892922,0.439661145,0.520958364,-0.0258026868,0.435710341,0.520482242,-0.0227183308,0.428756922,0.519582272,-0.0197311435
4399.999999999991,0.580676138,0.538297951,-1.21886643e-008,0.578587592,0.537090123,-0.0135037648,0.580524325,0.537629426,-0.0213640332,0.580798447,0.542926788,-0.0265740957,0.580479503,0.547565818,-0.030526625,0.605880797,0.545095444,-0.0176885,0.594388425,0.551738083,-0.0247657243,0.585725307,0.551171422,-0.0283264816,0.581064522,0.548374116,-0.0304485597,0.607282817,0.551348448,-0.0140209226,0.593726277,0.558287323,-0.020381704,0.581432343,0.557795942,-0.0224004034,0.575195074,0.555898964,-0.0232939664,0.604173124,0.555529237,-0.0110996366,0.591514528,0.561907768,-0.0180029813,0.580074131,0.561169803,-0.0182165019,0.574457288,0.559063137,-0.0172279011,0.598457098,0.557912469,-0.00911837257,0.588972509,0.562564075,-0.0152548,0.58026582,0.562441945,-0.0157318134,0.575531662,0.56137377,-0.0146923736
4399.999999999991,0.399787396,0.508767366,1.32962469e-007,0.407723784,0.500777245,-0.00287202583,0.427766055,0.495191365,-0.00773663865,0.446937203,0.493607789,-0.0117662931,0.460519761,0.491285652,-0.0154155791,0.417747974,0.491791457,-0.0196436215,0.444272071,0.491504848,-0.0276651308,0.45424971,0.494273603,-0.0301928483,0.457885981,0.496765,-0.0304168761,0.415894687,0.499154717,-0.0216833409,0.447648,0.499745786,-0.0286636669,0.454032838,0.501381457,-0.0274683218,0.452315211,0.50222528,-0.0259829704,0.41633907,0.507410228,-0.0230779871,0.447545886,0.508198202,-0.0271813255,0.449440897,0.508812964,-0.0220022555,0.445447713,0.508442283,-0.0180818606,0.418520093,0.515820086,-0.0246338751,0.443460733,0.515539289,-0.0261983983,0.443394661,0.515175641,-0.0216917228,0.438922465,0.51467061,-0.0180716645
4416.666666666658,0.584801555,0.539753258,1.23429791e-008,0.578652442,0.53967011,-0.0129407635,0.578180909,0.54266417,-0.0197093785,0.579685271,0.549158633,-0.023535138,0.581159472,0.554385722,-0.0259932373,0.604497254,0.547329545,-0.0179021414,0.593319058,0.554770827,-0.0241719969,0.585232854,0.554858208,-0.0269683041,0.581082284,0.552892745,-0.0286672283,0.607975,0.552817941,-0.0136466697,0.593388617,0.560050726,-0.0192300715,0.58175391,0.560021698,-0.0203968938,0.575249135,0.558613598,-0.020943068,0.60659039,0.556518435,-0.00999041367,0.59243,0.562812,-0.0154050048,0.582466841,0.562578142,-0.0148175722,0.577101827,0.560815752,-0.0138617028,0.602947772,0.558514833,-0.00730487518,0.592588723,0.563209116,-0.0126263695,0.584533,0.563571274,-0.0131213628,0.579759955,0.562954605,-0.0124067962
4416.666666666658,0.401124418,0.50585711,1.22098314e-007,0.411378413,0.49848175,-0.000741187483,0.431019813,0.493037075,-0.00535110664,0.449026346,0.491092384,-0.0100279367,0.46248579,0.488603979,-0.014445859,0.420171171,0.488209546,-0.0165440422,0.444137633,0.48627913,-0.025088001,0.454619348,0.489442587,-0.028604947,0.457365334,0.492413253,-0.029469721,0.418036073,0.494725943,-0.0204876717,0.448642075,0.494089901,-0.0270816702,0.456996113,0.497586578,-0.0265718885,0.456607282,0.499813437,-0.0258928202,0.418033183,0.502830625,-0.0239126477,0.449073821,0.50280261,-0.0277800076,0.454164654,0.505561948,-0.0231457613,0.451967597,0.506777525,-0.0199465882,0.419638216,0.511534631,-0.0274361037,0.445667773,0.511021674,-0.0282409247,0.44766292,0.511842608,-0.0235433783,0.443862826,0.51226151,-0.0202030875
4433.333333333325,0.584095955,0.540893376,1.87582927e-009,0.578919172,0.542007923,-0.0114161586,0.578683138,0.545013666,-0.017971186,0.579304814,0.550974429,-0.0220669117,0.579698682,0.556105316,-0.0247918461,0.605514,0.551271558,-0.0151484301,0.592563212,0.55951035,-0.0211379211,0.58272922,0.559122622,-0.0240147412,0.578018069,0.556156039,-0.025614664,0.607648253,0.556496739,-0.0119208479,0.592761695,0.564636409,-0.0167446602,0.579658031,0.563978434,-0.01759848,0.573692918,0.561525166,-0.0179161821,0.605189264,0.559756517,-0.009321847,0.592132628,0.5674389,-0.0143768126,0.580642879,0.566828668,-0.0135693094,0.5753389,0.564387321,-0.0124310479,0.600466371,0.561324239,-0.00752919773,0.591174603,0.567142129,-0.0125124482,0.582341254,0.567496,-0.0124481656,0.57752955,0.566410422,-0.0113285007
4433.333333333325,0.402854383,0.504059911,1.47573957e-007,0.41279456,0.495918125,-0.000414423732,0.432422698,0.489659816,-0.00520677865,0.450971454,0.487837,-0.0101249153,0.464784473,0.485902458,-0.0147171086,0.419987738,0.484946072,-0.0169845149,0.444101453,0.482521892,-0.0252136402,0.456655562,0.485175639,-0.0283446331,0.461879224,0.488368928,-0.0289427973,0.417658269,0.491638422,-0.0210971404,0.449070513,0.489792079,-0.0282360129,0.460172296,0.493090123,-0.0275684446,0.461840749,0.496192366,-0.0263650399,0.418171138,0.499744594,-0.0245559737,0.45067215,0.498820931,-0.0290874895,0.458227605,0.501449108,-0.0245396029,0.457380384,0.503218234,-0.020871684,0.421072155,0.508585572,-0.0280271117,0.449358642,0.507282317,-0.0291936547,0.453163624,0.507608891,-0.0245077144,0.450349867,0.508001208,-0.02083515
4449.999999999992,0.583643377,0.54439193,2.57772896e-008,0.577940583,0.54523021,-0.012865412,0.57765311,0.548285842,-0.0200739596,0.579271317,0.554477572,-0.0244376,0.579665661,0.559928358,-0.0273305085,0.603840113,0.554063678,-0.0187343787,0.591710448,0.563177645,-0.0253313,0.58164537,0.563221693,-0.0278835744,0.576637447,0.560675,-0.0290435292,0.606337547,0.559627056,-0.0146297533,0.591230929,0.568413377,-0.0198128484,0.579054773,0.567727685,-0.0204520412,0.573951,0.565363109,-0.0207010694,0.604132771,0.563248158,-0.0110799437,0.589759529,0.571292,-0.0162247103,0.579516828,0.570149362,-0.0151847145,0.575291,0.567327857,-0.013965873,0.600026,0.56498915,-0.00842617825,0.589469075,0.571073115,-0.0134267705,0.58098948,0.570825577,-0.0132588018,0.576568,0.569116294,-0.0120620057
4449.999999999992,0.404944658,0.501847,1.47901957e-007,0.414389074,0.493656427,-0.000615446654,0.434092075,0.487157941,-0.00545829162,0.45285666,0.485031605,-0.0104332259,0.46593076,0.482987106,-0.0149860643,0.421899,0.482064396,-0.0166499764,0.446809649,0.47886759,-0.0247989893,0.460354716,0.482307464,-0.0279168114,0.464969069,0.48618567,-0.028475862,0.42036438,0.488770455,-0.0207339358,0.451759905,0.487101287,-0.027347384,0.463634044,0.490688324,-0.0266610496,0.464629173,0.493731022,-0.0257083271,0.420946628,0.496993035,-0.0242544077,0.452968627,0.495923132,-0.0283887889,0.461557418,0.498749256,-0.0238806959,0.460452735,0.500770092,-0.020479193,0.423454046,0.505652785,-0.0278123803,0.450559646,0.504303277,-0.0291381273,0.456251532,0.50475508,-0.0247534458,0.454730213,0.505312502,-0.0212992243
4466.666666666659,0.582514,0.545198262,-3.3343428e-010,0.578269958,0.546912491,-0.0118992655,0.577785254,0.551018298,-0.018678043,0.578139842,0.557561398,-0.023036385,0.577560604,0.562772036,-0.0259364564,0.601645708,0.55757767,-0.0156184044,0.589512527,0.566565692,-0.0225434434,0.581632137,0.56571,-0.0262878649,0.579575539,0.562715,-0.0284679458,0.603407681,0.561547816,-0.0122438129,0.590086162,0.570118368,-0.0173429307,0.580141664,0.569243312,-0.0182044785,0.577399,0.566790223,-0.018835647,0.601448894,0.563985,-0.00973195583,0.589595556,0.571839333,-0.0150096975,0.580278456,0.570953369,-0.0138176279,0.577429116,0.568535268,-0.012611269,0.597813964,0.565067112,-0.00814364757,0.58909905,0.57143712,-0.0128626944,0.581555784,0.571259737,-0.0124229044,0.578601539,0.569494307,-0.0112816561
4466.666666666659,0.407170624,0.501244903,1.3400539e-007,0.416173428,0.492354959,-0.000884939509,0.435623318,0.485220134,-0.00598554732,0.454480439,0.482721627,-0.0112444507,0.466786981,0.481605828,-0.0159195028,0.423409164,0.480095446,-0.0176984258,0.44874832,0.47671634,-0.0264026057,0.462228894,0.480580091,-0.029392289,0.466465414,0.484648705,-0.0297454707,0.42187196,0.486591846,-0.021895932,0.453581125,0.484847695,-0.0291764196,0.464626312,0.488690197,-0.0281333607,0.464544535,0.491794437,-0.026698,0.422626525,0.494655699,-0.0255305097,0.454716146,0.493387729,-0.0303425081,0.462426156,0.496312469,-0.0254073627,0.460339367,0.498561859,-0.0213769209,0.42555365,0.503252625,-0.029264437,0.453251362,0.501428723,-0.0309939682,0.458307445,0.502107084,-0.0262914822,0.455715537,0.503166378,-0.0223555155
4483.333333333326,0.581905365,0.548915,-9.31585e-009,0.576385558,0.550079823,-0.0123204421,0.576390445,0.553988457,-0.0190102588,0.577029705,0.560646594,-0.0232475456,0.576685131,0.566570401,-0.0258664,0.600752652,0.561397076,-0.0155562861,0.587600887,0.569974899,-0.0230534412,0.578163922,0.568013728,-0.0268383939,0.57593751,0.564615965,-0.0288547352,0.602290392,0.566031396,-0.012014349,0.587114513,0.573922038,-0.0177987702,0.576535106,0.571110725,-0.0184738562,0.575022519,0.567926645,-0.0184995309,0.599947095,0.568799913,-0.00942944456,0.585702837,0.575718582,-0.0150517859,0.57671243,0.572772384,-0.0131026786,0.575517416,0.569474,-0.0110116284,0.596128702,0.570011079,-0.0078293588,0.585646868,0.574954927,-0.0124333529,0.57844305,0.573424757,-0.0113436375,0.576630652,0.57108742,-0.0094612129
4483.333333333326,0.405879498,0.500342,1.27152404e-007,0.415300667,0.491174281,-0.000570836593,0.434753656,0.48404628,-0.00589955598,0.454485506,0.481959879,-0.0115455668,0.468804687,0.480191082,-0.0166169945,0.423575431,0.478623152,-0.017566599,0.448885113,0.474705279,-0.0267354846,0.462806642,0.47839579,-0.029980531,0.467361182,0.482663423,-0.0302960481,0.422640324,0.485150725,-0.0219634566,0.454156965,0.482758582,-0.0290859267,0.466110438,0.486582458,-0.0274694264,0.467013329,0.489802,-0.0255293343,0.42401582,0.493284732,-0.0259344485,0.456046104,0.491307795,-0.0306764636,0.46416986,0.494277775,-0.0251566563,0.462278098,0.496610612,-0.0206089802,0.427580059,0.502069294,-0.0299938507,0.455145866,0.499611765,-0.0314297639,0.458310336,0.50025171,-0.0262296237,0.453895748,0.501237512,-0.0218487196
4499.999999999993,0.582314134,0.550669432,-1.52412838e-008,0.575608552,0.552802682,-0.0122760441,0.574775517,0.557666659,-0.0189183615,0.575191498,0.564835787,-0.022897698,0.575067282,0.571092725,-0.0251489114,0.598706663,0.564510524,-0.0167120192,0.58539,0.57335341,-0.0230096094,0.577606261,0.570424914,-0.0257438608,0.576778531,0.566201866,-0.027228687,0.600992739,0.568555951,-0.0127793169,0.584846795,0.57665205,-0.0176566709,0.575900137,0.573846161,-0.0179632287,0.574867129,0.570504725,-0.0180183519,0.599301696,0.57097578,-0.00956091285,0.584713042,0.578195035,-0.0142554874,0.576448262,0.575776577,-0.012567238,0.574974477,0.572608113,-0.0109605081,0.596192062,0.572037518,-0.00727816112,0.585755289,0.57713443,-0.0114559382,0.578964353,0.576327384,-0.0108490251,0.576968,0.574430466,-0.00949151348
4499.999999999993,0.407581091,0.50003624,1.26806398e-007,0.416618347,0.490707159,-0.000167472259,0.435865462,0.483242869,-0.00528413104,0.455704093,0.480637848,-0.0107910587,0.469897121,0.478843063,-0.0156429633,0.425108314,0.477073222,-0.0167676769,0.450753808,0.472902954,-0.0254635401,0.464584053,0.476596087,-0.0283749178,0.469031692,0.481123209,-0.0285246689,0.423901528,0.483418405,-0.021228306,0.454927087,0.480733156,-0.0281258468,0.466747165,0.484795153,-0.0268305987,0.46727708,0.488466024,-0.025075078,0.4250274,0.491416216,-0.0251611341,0.455973148,0.489003897,-0.0296487734,0.464982599,0.492234111,-0.024482552,0.463447,0.49501738,-0.0201509092,0.428195655,0.500017166,-0.029137494,0.454806596,0.497401267,-0.0307222158,0.460826695,0.497972667,-0.0260628704,0.459006667,0.498848021,-0.0219525471
4516.66666666666,0.58310324,0.552391887,-2.91226847e-008,0.574282706,0.554815352,-0.0117620947,0.572383165,0.560801625,-0.0177079532,0.572339833,0.569232106,-0.0211467147,0.572214,0.576262295,-0.0227432158,0.596497953,0.566906154,-0.0149330674,0.583797157,0.575897932,-0.0215733815,0.576299,0.572392702,-0.024897432,0.575161338,0.568171501,-0.0266841073,0.599471509,0.570197761,-0.0109912399,0.583894074,0.578425765,-0.016021302,0.575778127,0.574887812,-0.0162587203,0.575250626,0.571059823,-0.0161688626,0.598620892,0.572158098,-0.00793371256,0.584447,0.579791427,-0.0124724768,0.577402413,0.576756656,-0.010286523,0.576685309,0.573182106,-0.00829060189,0.596568882,0.572884798,-0.00585312583,0.586571,0.578620076,-0.00958803296,0.580521822,0.577610254,-0.00868595392,0.57897079,0.575650573,-0.00720499549
4516.66666666666,0.408132732,0.500239909,1.18631718e-007,0.416754484,0.490392,-0.000314239092,0.435202479,0.482548922,-0.0057552522,0.455336213,0.479953021,-0.0115173925,0.470166892,0.478129894,-0.016764313,0.424488693,0.476210952,-0.0179014504,0.450508058,0.471778214,-0.0269847382,0.463757426,0.47573328,-0.0301809423,0.467840105,0.480166078,-0.0306644365,0.423346519,0.482567072,-0.0223979745,0.453273147,0.479248613,-0.0293685775,0.466145962,0.482900798,-0.0286420286,0.468008131,0.486390531,-0.0276962351,0.424414933,0.490560383,-0.0263250861,0.454284936,0.487408131,-0.0312779434,0.464844346,0.490390897,-0.0272822361,0.464772165,0.49322173,-0.0239680149,0.427639097,0.499082208,-0.0302056726,0.453245461,0.495954365,-0.0323939025,0.460666627,0.496682078,-0.028629072,0.460373282,0.497823,-0.0253297295
4533.333333333327,0.582221389,0.555223942,1.0134954e-009,0.574147105,0.556037903,-0.013974309,0.571988583,0.560933828,-0.0211548619,0.571596682,0.568460464,-0.0253948588,0.571176648,0.57506758,-0.027943911,0.595898569,0.56845057,-0.0189281218,0.581716776,0.577900231,-0.0264684819,0.572714686,0.575279772,-0.0300658457,0.571098864,0.571341872,-0.0318294428,0.598075151,0.572565258,-0.0142727224,0.582466424,0.581102312,-0.0201781876,0.5729931,0.578061223,-0.0210183989,0.57199645,0.57447511,-0.021243332,0.596341372,0.575037181,-0.0104939556,0.582776725,0.58288765,-0.0161831416,0.574153483,0.580260336,-0.0147318095,0.572766721,0.576966286,-0.0130743654,0.593656421,0.576078057,-0.00772501295,0.583818,0.582086265,-0.0127497325,0.576435268,0.58097589,-0.0123416912,0.574346542,0.578780234,-0.0110193035
4533.333333333327,0.409209788,0.500534475,1.18641935e-007,0.417218685,0.490135819,-0.000391843671,0.435034841,0.481576711,-0.00566195557,0.45476681,0.478148431,-0.0113883568,0.469749451,0.476693451,-0.0166307893,0.423627973,0.47614482,-0.0167629439,0.448590606,0.470796973,-0.0263906363,0.462814629,0.474515736,-0.030407425,0.467935175,0.47890988,-0.0314524546,0.42293179,0.482284635,-0.021303013,0.451882541,0.478266865,-0.0287321825,0.466104686,0.481533647,-0.0287210364,0.46889469,0.484955907,-0.0281943213,0.4243882,0.489981502,-0.0253749,0.453367621,0.486469716,-0.0307111777,0.464885,0.489080757,-0.0271192826,0.465266317,0.491762966,-0.0239290185,0.428171635,0.498036116,-0.0294689257,0.453008533,0.494509667,-0.0317755193,0.461351216,0.495164692,-0.0280739423,0.461370736,0.496437669,-0.0247252211
4549.999999999994,0.581665218,0.555329502,-1.37161269e-008,0.572286367,0.557390153,-0.0132182371,0.569963932,0.562278628,-0.0204384252,0.570231259,0.569835484,-0.0248438343,0.570311427,0.576654851,-0.0274419021,0.595386147,0.569887936,-0.0189279858,0.580477118,0.579912126,-0.0263602771,0.571868658,0.576728,-0.0295874812,0.571207583,0.572375298,-0.0310752708,0.598002493,0.573741734,-0.0147298602,0.581163049,0.583164036,-0.0209709071,0.572446167,0.579390824,-0.0215959419,0.572894752,0.575286031,-0.0214649867,0.596506417,0.57614249,-0.0112370579,0.581012428,0.584482372,-0.016716674,0.573502123,0.58109659,-0.0147396624,0.573859453,0.577506125,-0.0127155064,0.593781531,0.577122629,-0.00871629,0.581991434,0.583396196,-0.0131816659,0.575687706,0.581561923,-0.0122347865,0.575340509,0.578911185,-0.0105750021
4549.999999999994,0.409203112,0.500320256,1.1583969e-007,0.417268455,0.489826322,-0.000341551931,0.43507129,0.481242865,-0.00606794283,0.454935938,0.477756113,-0.0122192735,0.470075846,0.475954145,-0.0178746749,0.423522115,0.475599557,-0.0179983713,0.448888212,0.470498979,-0.0276519693,0.463323027,0.474072546,-0.0308866203,0.468480408,0.478624374,-0.0311796647,0.422834754,0.48169142,-0.022702897,0.453940898,0.478261799,-0.0299236532,0.467182279,0.48184678,-0.0285833851,0.469091028,0.485130668,-0.0270578638,0.424473405,0.48951143,-0.0269410703,0.455271691,0.486028761,-0.0319985785,0.46611917,0.488838673,-0.0270084161,0.465961367,0.491668671,-0.0229016375,0.428154677,0.497762293,-0.0312277023,0.453826547,0.493966669,-0.0330454782,0.46103254,0.494688,-0.0284251496,0.460115314,0.496145248,-0.0244680885
4566.666666666661,0.580134749,0.55547148,-3.12381658e-008,0.570747137,0.558500648,-0.0108475368,0.569821179,0.564800262,-0.0161567274,0.570509,0.572576463,-0.019197572,0.571078241,0.578904927,-0.0205424018,0.594077468,0.570747256,-0.0146201719,0.579776227,0.580470502,-0.0214257985,0.571227074,0.577284515,-0.0245279409,0.569963217,0.573086858,-0.0259250682,0.597033262,0.574012697,-0.0113495653,0.580685616,0.583807766,-0.0174100082,0.571969628,0.579687059,-0.0179036073,0.571803868,0.575278461,-0.0173722468,0.596095741,0.576073825,-0.00882429,0.580864549,0.584860563,-0.0139200389,0.573566496,0.581256747,-0.0118512241,0.573684752,0.577448368,-0.00956831686,0.59382993,0.576942325,-0.00717600901,0.582312703,0.5835042,-0.0111699942,0.576151133,0.581439435,-0.0101951435,0.575628817,0.578704715,-0.00852989405
4566.666666666661,0.407943,0.499841332,1.09803828e-007,0.415719837,0.48926875,-0.000557177293,0.433872461,0.480746329,-0.00624889135,0.454280227,0.477649868,-0.01237843,0.469243407,0.475988686,-0.0179843772,0.422922641,0.475569487,-0.0174761321,0.448328704,0.470214754,-0.0271406099,0.462127447,0.473570108,-0.0308933426,0.466407567,0.477899343,-0.0315797813,0.422724605,0.481870532,-0.0220153742,0.452243835,0.477739632,-0.0290345382,0.46574682,0.480816931,-0.0282260384,0.467816114,0.484179527,-0.0271099266,0.424678266,0.489658,-0.0261441,0.454110593,0.485673845,-0.0309435632,0.465236276,0.488209724,-0.0264233258,0.465084016,0.491076648,-0.0226431675,0.428859979,0.497692317,-0.0303814281,0.453420907,0.493659794,-0.0321699493,0.461097717,0.494281888,-0.0279212054,0.460503638,0.495696157,-0.0242107622
4583.333333333328,0.579749048,0.555564523,-1.66857212e-008,0.571374595,0.558242738,-0.0119870435,0.569696486,0.56406033,-0.0182097461,0.570007503,0.571732402,-0.022045752,0.570254445,0.578029335,-0.0241104532,0.593776643,0.571169317,-0.0155273769,0.579470396,0.580921233,-0.0225369185,0.571173131,0.577849388,-0.0259703286,0.56988585,0.573567152,-0.0276138335,0.596561968,0.574352,-0.0119102448,0.580708742,0.584100187,-0.0179439802,0.571961343,0.580668211,-0.0188287217,0.571148515,0.576432168,-0.0187246483,0.595417678,0.576284647,-0.00913349818,0.580883443,0.585306108,-0.0143002095,0.57338053,0.58242166,-0.0126338704,0.572819233,0.578763604,-0.0107128015,0.592913866,0.576993108,-0.00732509419,0.581913948,0.583967626,-0.0115747917,0.575359881,0.582471132,-0.0108596785,0.574247181,0.579838514,-0.00936393254
4583.333333333328,0.408138633,0.500782728,1.038132e-007,0.41651842,0.490238845,-4.13732887e-005,0.434251,0.481457829,-0.00510628521,0.45396626,0.477753252,-0.0106145702,0.468351305,0.47582829,-0.015603994,0.422801733,0.475779235,-0.0162082706,0.447672755,0.470423818,-0.0250101369,0.461403191,0.473578244,-0.0283718128,0.466189265,0.478005081,-0.0290290825,0.422448456,0.482011974,-0.0207829792,0.452115,0.478103876,-0.0272088628,0.46503818,0.481227487,-0.0266327802,0.467112243,0.484523207,-0.0259623695,0.424284965,0.489863247,-0.0248321574,0.453834,0.486178547,-0.0292275529,0.464178324,0.488672048,-0.0253338274,0.463944018,0.491263866,-0.0223156977,0.428197861,0.498066545,-0.0288973842,0.453336418,0.494161159,-0.0302987527,0.460285336,0.494749725,-0.0261669848,0.459422559,0.496004552,-0.0228329115
4599.9999999999945,0.578532159,0.555058658,-5.08309483e-008,0.571213543,0.558010101,-0.0115128541,0.570025206,0.564100385,-0.0171984341,0.570002794,0.571787119,-0.0207838975,0.57048738,0.577696085,-0.0225130413,0.592870355,0.570953727,-0.0134231839,0.57931459,0.580328584,-0.0203632545,0.573182821,0.575567901,-0.0239122715,0.573356807,0.570882,-0.0258020144,0.595483243,0.573885202,-0.0102588767,0.580560565,0.583930373,-0.0169317387,0.573787093,0.579087555,-0.0177660156,0.573836327,0.574215412,-0.0172608,0.594430685,0.575645506,-0.00812274497,0.580167353,0.584894836,-0.0136660244,0.574309409,0.581108,-0.0118906042,0.574816167,0.577224433,-0.00970352534,0.591916203,0.576305091,-0.00696564699,0.580995619,0.583635211,-0.0109726945,0.575355828,0.58142513,-0.0100254696,0.574990153,0.578741,-0.00845543
4599.9999999999945,0.406846464,0.501014292,1.01887807e-007,0.415060699,0.49026227,-0.000170493498,0.433030128,0.481488317,-0.00569012389,0.453082293,0.477992654,-0.0117460713,0.467769951,0.476126343,-0.0172463469,0.421741188,0.476077735,-0.016757749,0.447238445,0.470850915,-0.0265285335,0.461026549,0.474329263,-0.0305882506,0.465417445,0.478686899,-0.0315366499,0.421340406,0.482450813,-0.0215382725,0.451108932,0.478140771,-0.0286708176,0.464541465,0.48143813,-0.0281413,0.466740519,0.484860241,-0.0273178685,0.423441827,0.490243852,-0.0259096548,0.453494608,0.486189157,-0.0306314304,0.464140177,0.488766789,-0.0263005141,0.463799715,0.491417855,-0.0228291582,0.428025752,0.498380482,-0.0303670112,0.453678131,0.494244188,-0.0317906961,0.460334063,0.494820684,-0.0274337735,0.458925098,0.496014625,-0.0238698814
4616.6666666666615,0.577090561,0.555532157,-1.56000421e-008,0.570434332,0.558216095,-0.0110304933,0.569467545,0.563976407,-0.0168403275,0.569348514,0.571738839,-0.0206331294,0.56922096,0.578175426,-0.0228258707,0.593847,0.571047485,-0.0130288769,0.579763293,0.580765605,-0.0200118944,0.570679903,0.578317463,-0.0239279419,0.568312,0.574460626,-0.0258389413,0.595231295,0.574446738,-0.0100189336,0.580322206,0.584443569,-0.01614994,0.570809722,0.58164525,-0.0177177042,0.568643212,0.577685058,-0.017945163,0.593177378,0.576586306,-0.00791694876,0.579418361,0.585829139,-0.0134517448,0.571059048,0.583452046,-0.0125704417,0.569038808,0.580040395,-0.0109403096,0.590096176,0.577511311,-0.00667589344,0.580092847,0.584812701,-0.0111204283,0.572691858,0.58378613,-0.0106224893,0.569948554,0.581392527,-0.00915085804
4616.6666666666615,0.404693574,0.5012,9.4183811e-008,0.411983609,0.490524173,-0.000230905134,0.430223405,0.481561512,-0.00545795169,0.450615466,0.477994502,-0.0110199181,0.465679824,0.47619769,-0.0159827657,0.420355588,0.477004319,-0.0174092185,0.445843816,0.471157432,-0.0261712987,0.459850967,0.47434774,-0.028915111,0.464290202,0.478763551,-0.029000815,0.420844167,0.48317045,-0.0218389817,0.451668888,0.478734344,-0.0280640274,0.4638547,0.481968254,-0.0264255274,0.464690208,0.485233158,-0.0249284226,0.423506051,0.490901083,-0.0257495549,0.454022169,0.486745387,-0.0296780579,0.463367164,0.489287406,-0.0246298797,0.46207428,0.491905302,-0.0208359361,0.428237,0.499040723,-0.0297397692,0.453905,0.494753748,-0.0306035802,0.459987462,0.495442241,-0.0258050784,0.458207,0.496782959,-0.0220359229
4633.3333333333285,0.575977,0.55531311,-3.39217046e-008,0.569758475,0.558623433,-0.0104662497,0.569258392,0.564865828,-0.0158234797,0.569729328,0.572973609,-0.0190437511,0.570334673,0.579538286,-0.0204806831,0.594447374,0.570885718,-0.0130398199,0.580471933,0.580482423,-0.0190716796,0.57156837,0.577628613,-0.0217223149,0.570013642,0.573490143,-0.0229921713,0.59666115,0.57452935,-0.0100884186,0.580388486,0.583871424,-0.015186,0.570819855,0.580590427,-0.015703382,0.569843352,0.576755285,-0.0155679453,0.594951749,0.576776326,-0.0079007782,0.579950869,0.585321248,-0.0127826082,0.571438789,0.582360625,-0.0110121863,0.570381105,0.578758955,-0.00906570442,0.591843963,0.577685535,-0.00654028449,0.5809111,0.584058106,-0.0107485093,0.57404,0.5825454,-0.00984344073,0.572787046,0.579897642,-0.00817418844
4633.3333333333285,0.404106438,0.50221765,9.61236637e-008,0.411053926,0.491593331,-0.000641806633,0.42931962,0.482665479,-0.00575429806,0.449611247,0.47898528,-0.0111067789,0.464652896,0.477395892,-0.0158417225,0.419236064,0.477919668,-0.017131744,0.445087612,0.472338527,-0.0258704014,0.458771586,0.475382388,-0.0288846679,0.46339494,0.479705602,-0.0292910486,0.419964373,0.484160393,-0.0212785359,0.450829893,0.479671419,-0.028013844,0.462536812,0.482703626,-0.0272090305,0.463535815,0.486082315,-0.0262045376,0.42280075,0.491705418,-0.0249055512,0.45263797,0.487546831,-0.0294291768,0.461455584,0.489983857,-0.0254248455,0.460571706,0.492671043,-0.0222341605,0.427566767,0.499577582,-0.0285858847,0.452875644,0.495634526,-0.0301689375,0.458785951,0.49633953,-0.0262053236,0.457457691,0.497783244,-0.0229364168
4649.999999999995,0.576811612,0.554837763,-3.49264333e-008,0.570334792,0.55725956,-0.0118442029,0.569377661,0.562756419,-0.0181723926,0.569709122,0.570321858,-0.0221993215,0.569387794,0.576359749,-0.0244750921,0.593429685,0.570370257,-0.0150942085,0.578600526,0.58021313,-0.0222794898,0.570670128,0.576980472,-0.0258219931,0.569429,0.572565556,-0.0276543219,0.595375121,0.574096,-0.01192695,0.578602374,0.584073424,-0.0180714559,0.569634557,0.580568969,-0.0186961107,0.568264,0.576258063,-0.018490376,0.593655109,0.57618171,-0.00970385876,0.577855647,0.585284233,-0.0153756216,0.569772,0.582340121,-0.0136145074,0.568535388,0.578556,-0.0115783513,0.590616763,0.576762438,-0.00844897609,0.579166889,0.58421284,-0.0130232042,0.571998954,0.582887709,-0.012146051,0.570260048,0.580306053,-0.0105260545
4649.999999999995,0.402387977,0.502911,1.07811481e-007,0.408964634,0.491897672,-8.81748419e-005,0.426018,0.482788,-0.00549406232,0.445478,0.478961229,-0.0113321971,0.459496081,0.477685362,-0.0165692307,0.417593777,0.478433579,-0.0182978474,0.4443883,0.473172963,-0.0276534781,0.458695173,0.476602435,-0.0301607233,0.463227242,0.48120594,-0.029698899,0.418135732,0.484683782,-0.0226675961,0.449552357,0.480708599,-0.0291616227,0.461790562,0.484358817,-0.0263278801,0.462399065,0.487606287,-0.0235060882,0.42084536,0.492482781,-0.0265024863,0.451635927,0.488555431,-0.0311588831,0.460788,0.491475761,-0.0249782652,0.458875716,0.494141728,-0.0197770558,0.425497174,0.500663936,-0.0303585362,0.451923132,0.496706307,-0.0319327563,0.457469076,0.497609466,-0.026544299,0.454495102,0.49897638,-0.0217458215
4666.666666666662,0.577490687,0.554623365,-2.06278852e-008,0.570903838,0.556995451,-0.0111358268,0.569138587,0.56209296,-0.0175909624,0.568724632,0.569379508,-0.0220872574,0.56809628,0.5754053,-0.0249925852,0.592009127,0.568989635,-0.0150179071,0.578999758,0.579411328,-0.0222679041,0.5699687,0.576412678,-0.0259557553,0.567845941,0.571981728,-0.0276866611,0.594501913,0.572600842,-0.0121685835,0.579446077,0.583334327,-0.0179006923,0.569609523,0.580618262,-0.0186941139,0.567751884,0.576445878,-0.0187489875,0.593189776,0.57484746,-0.0101763085,0.579244673,0.584952176,-0.0152106043,0.570440769,0.582634866,-0.0137005793,0.5685969,0.57887584,-0.0120238354,0.590580225,0.575885236,-0.00908302,0.580876231,0.584111,-0.0132284034,0.573534071,0.583277166,-0.0123968432,0.571344674,0.580621243,-0.0109219542
4666.666666666662,0.400111735,0.504128516,8.62316369e-008,0.407917857,0.493752509,-9.29190355e-005,0.426072329,0.485208362,-0.00482377131,0.446109325,0.481647,-0.00990098063,0.461107463,0.4798567,-0.0143847782,0.416363686,0.479853541,-0.0150290094,0.441320568,0.474366248,-0.0230881106,0.454926,0.477422774,-0.0262993686,0.46009329,0.481633097,-0.0271738,0.416494846,0.486021221,-0.019307036,0.4464252,0.482070833,-0.0252343602,0.458363473,0.485111,-0.0246421322,0.460269153,0.488189787,-0.0242546555,0.418709606,0.493574262,-0.0231547114,0.448320657,0.490136653,-0.0268519595,0.457756728,0.492393166,-0.02306059,0.457874328,0.494743854,-0.0205309279,0.423011631,0.501602232,-0.0270766411,0.448132932,0.49822706,-0.027853623,0.453556955,0.498734415,-0.0239724871,0.452144414,0.499739945,-0.0211977605
4683.333333333329,0.575622618,0.554322422,-2.48008725e-008,0.568326354,0.556391656,-0.0124668479,0.567150354,0.561609924,-0.01901385,0.567704499,0.569187939,-0.0231259484,0.567943931,0.575239599,-0.0255019646,0.591347039,0.568369627,-0.0169911571,0.578493059,0.578812838,-0.0239669848,0.570336342,0.575484633,-0.026987236,0.569158792,0.570730329,-0.0284026694,0.593252122,0.57233423,-0.0133251948,0.578587234,0.583019793,-0.0191309713,0.568706095,0.579911649,-0.019524876,0.566752255,0.57566607,-0.0192999,0.591258109,0.574808776,-0.0105164722,0.577710032,0.584475279,-0.0156939942,0.568919063,0.581956625,-0.0137755657,0.567067266,0.578215063,-0.0118579119,0.588191152,0.576015115,-0.00869046897,0.57839644,0.583534479,-0.0130394679,0.571072698,0.582422674,-0.0122096352,0.568864226,0.579864144,-0.0107832523
4683.333333333329,0.396678269,0.504879653,7.80208e-008,0.405771732,0.494815588,3.71643946e-005,0.424912065,0.486685663,-0.00520334579,0.445359945,0.483576119,-0.0108892331,0.460405201,0.481648952,-0.0160408765,0.415734917,0.480770379,-0.0166733563,0.441531599,0.476262808,-0.0256660227,0.454808474,0.48008728,-0.0290972348,0.458661109,0.484568685,-0.0298252515,0.415019751,0.48694697,-0.0213493574,0.446368665,0.483992815,-0.0280048456,0.457891762,0.488093674,-0.0271018669,0.458438128,0.491586596,-0.026299594,0.416451752,0.494658977,-0.0255744271,0.4477745,0.491937876,-0.0295524895,0.456582129,0.49500674,-0.0250327978,0.455248863,0.497579396,-0.0218813736,0.420084119,0.502988458,-0.029871596,0.446712404,0.499794751,-0.0304983947,0.451609284,0.500800431,-0.0259992853,0.448882401,0.501998842,-0.0227741152
4699.999999999996,0.574222326,0.553819835,-9.76102399e-009,0.56711483,0.555464566,-0.0139556015,0.565513,0.560251951,-0.0215432141,0.56597203,0.567954481,-0.0262396839,0.566186726,0.574507535,-0.0290955678,0.590373456,0.567520559,-0.0195701234,0.576109111,0.578069031,-0.0273394696,0.567269385,0.575423598,-0.0304892845,0.566123962,0.570987225,-0.0318474919,0.59250176,0.572016776,-0.0153181404,0.575940847,0.582338333,-0.0214620102,0.565263093,0.579413831,-0.0216728,0.563515365,0.575467467,-0.0213906504,0.590320587,0.574766,-0.0119818756,0.574839652,0.584168077,-0.017672563,0.565451443,0.581739068,-0.0157559477,0.563612461,0.578232348,-0.0138272727,0.587189615,0.576168895,-0.00969187636,0.576239228,0.583510339,-0.0144811356,0.568301439,0.582565248,-0.0137670226,0.565773487,0.580284595,-0.0123342788
4699.999999999996,0.394830406,0.506939232,8.73403607e-008,0.404494405,0.496615022,-0.000157295493,0.423874915,0.488712937,-0.00539186457,0.44434,0.485757172,-0.0109709008,0.458919287,0.484004647,-0.0159781724,0.412854463,0.482839197,-0.0173173174,0.43925485,0.478430331,-0.0258766506,0.452439457,0.482081026,-0.029099552,0.456807882,0.486072481,-0.0298672449,0.411964327,0.489705026,-0.0217973515,0.442854434,0.486575305,-0.0283603612,0.454351068,0.490213662,-0.0274279937,0.455361366,0.493366778,-0.0266627874,0.413288146,0.497802317,-0.0257075466,0.444031328,0.494858712,-0.0296733398,0.452772349,0.49772951,-0.0249305163,0.451550364,0.500179291,-0.0215662904,0.41672349,0.506302118,-0.0296984073,0.442994624,0.503147125,-0.030562602,0.447828293,0.503417194,-0.0261191763,0.445134699,0.503962,-0.0228012707
4716.666666666663,0.572621286,0.552244842,-1.44651242e-008,0.565038,0.554172516,-0.0120919719,0.563694,0.559661508,-0.0185365919,0.563893676,0.567514241,-0.0225044955,0.56319958,0.574015379,-0.0248591956,0.589998245,0.567483366,-0.0161134619,0.575654685,0.577534,-0.0232262723,0.565063894,0.575662851,-0.0266710389,0.561395,0.571848214,-0.0282886438,0.591825843,0.57142812,-0.0126114031,0.575746119,0.581285417,-0.0186244231,0.56459403,0.578421593,-0.0196799,0.561898649,0.574455798,-0.0197436865,0.589527547,0.573785543,-0.00988601241,0.575030804,0.582506657,-0.0154384039,0.565501451,0.580041826,-0.0138906315,0.562983453,0.57660079,-0.011976514,0.586044192,0.574652612,-0.00806145184,0.575902462,0.581389844,-0.012525429,0.568115532,0.580154419,-0.0115531282,0.565315127,0.57767868,-0.0098079918
4716.666666666663,0.39024958,0.50912106,8.0766938e-008,0.400446355,0.499056607,7.21080869e-006,0.420569211,0.491340458,-0.00462290784,0.441187531,0.488366544,-0.00963367,0.456239522,0.48633346,-0.0140967425,0.41028893,0.485110193,-0.0153822163,0.436127096,0.481037349,-0.0231091697,0.449540585,0.484393418,-0.0258500446,0.454470664,0.488152474,-0.0263769347,0.40948388,0.491764873,-0.0197763722,0.439787835,0.48918286,-0.0256377086,0.451921016,0.492743075,-0.0247048959,0.453757823,0.495852649,-0.0239382274,0.410582721,0.499810904,-0.0236556251,0.440504879,0.497834086,-0.0273163337,0.449300766,0.500739574,-0.0228951089,0.448331833,0.503186047,-0.0197184365,0.413527787,0.508438587,-0.027601663,0.438929558,0.505899727,-0.0282744765,0.443641484,0.506582856,-0.0238406323,0.44100225,0.50760138,-0.0204891134
4733.33333333333,0.574003398,0.551768243,1.06005702e-008,0.564368844,0.552889645,-0.0140322056,0.561313212,0.557770908,-0.0215112865,0.561270595,0.565720439,-0.0259454772,0.560956359,0.57240063,-0.0286929328,0.587160826,0.565119445,-0.0211389549,0.572641492,0.57561779,-0.0287707243,0.561020315,0.574510574,-0.0312323291,0.556861877,0.57106477,-0.0319495834,0.589862764,0.570086837,-0.0166260675,0.573770046,0.580609262,-0.0232384242,0.56074661,0.578171253,-0.0234377217,0.556854188,0.574392557,-0.0227924865,0.58796066,0.573182225,-0.0127608618,0.572831035,0.582209826,-0.0189923048,0.561888576,0.579883516,-0.017261846,0.558682501,0.576396704,-0.015153002,0.584745586,0.57464844,-0.00984426774,0.573584855,0.581397474,-0.0150911463,0.564886332,0.580415547,-0.0144753428,0.561499476,0.578122556,-0.0128690628
4733.33333333333,0.387875825,0.51158011,8.24301551e-008,0.398500115,0.501529276,-0.000237976521,0.418850273,0.49389258,-0.00543203298,0.439760149,0.491322577,-0.0109751495,0.454935938,0.489400357,-0.0158700161,0.407734811,0.487565815,-0.0170194581,0.433837533,0.483673453,-0.0257459395,0.446998119,0.487535357,-0.0289713144,0.450730145,0.491778553,-0.0296333749,0.406415373,0.494335443,-0.0216061324,0.437686503,0.492126346,-0.0282253698,0.4487257,0.496070325,-0.0271172673,0.4487046,0.499182075,-0.0261382163,0.407053083,0.502586126,-0.0257050171,0.437904716,0.50038451,-0.0299245045,0.446322203,0.503555357,-0.0249186419,0.444201678,0.505906105,-0.0212788582,0.40949595,0.511348784,-0.0298984442,0.436160564,0.508839428,-0.0311963148,0.441704929,0.509381592,-0.0266574323,0.439210624,0.509881854,-0.023151245
4749.999999999997,0.572152078,0.55068332,-6.14746254e-010,0.561007738,0.55129683,-0.0151543,0.557804704,0.555783093,-0.0231222846,0.557401896,0.563452125,-0.0277919099,0.556737065,0.570255637,-0.030702088,0.585012078,0.563610435,-0.0230285227,0.570086837,0.574605942,-0.0306993257,0.558400035,0.573038101,-0.0330725238,0.55484581,0.569318771,-0.0338102169,0.587117553,0.568962216,-0.0179615803,0.57084626,0.579574049,-0.0245791785,0.558482766,0.576403618,-0.0247799736,0.555968046,0.572083652,-0.0242466517,0.585016549,0.572457433,-0.0135331601,0.57035,0.581260622,-0.019486459,0.560030222,0.578361571,-0.0176641084,0.558012247,0.574512184,-0.0157085527,0.581845641,0.574408472,-0.0101634013,0.571562648,0.580732822,-0.0152468299,0.563399851,0.579062164,-0.0146428272,0.561093688,0.576092482,-0.0132503351
4749.999999999997,0.384771526,0.514313638,7.79285116e-008,0.395643532,0.50423336,-0.000431243883,0.415925592,0.496661454,-0.00557458401,0.43685627,0.494009674,-0.0109956,0.45202297,0.491809696,-0.0157684106,0.403882653,0.49022305,-0.0169024523,0.431630611,0.486975342,-0.0252268445,0.444153905,0.491023451,-0.028268598,0.447135776,0.49476,-0.0288870279,0.402614236,0.497362435,-0.0212098248,0.434901386,0.495465368,-0.027450148,0.445923626,0.499395788,-0.026269218,0.446206719,0.502446234,-0.0253871325,0.403433412,0.505703926,-0.02502607,0.434913844,0.503854811,-0.0286479238,0.442429,0.506760776,-0.0236611869,0.440042645,0.508961439,-0.0202506017,0.406146586,0.514436066,-0.028971253,0.432766169,0.512096643,-0.0295583643,0.436965108,0.512562394,-0.0247830413,0.433563054,0.513248682,-0.021301562
4766.666666666664,0.572471261,0.549206257,7.83545051e-009,0.560392559,0.549838543,-0.0136900982,0.555041432,0.553932309,-0.0216326602,0.553822517,0.561570287,-0.02688751,0.553087711,0.568547,-0.0305844825,0.581876278,0.561356783,-0.0212485734,0.567564547,0.572304606,-0.0291795898,0.555509508,0.57111764,-0.0323235691,0.551615,0.567651749,-0.0335119665,0.584956825,0.566865087,-0.0171452,0.568833053,0.57795018,-0.0235491171,0.554860651,0.576343894,-0.0244130269,0.550293267,0.572598815,-0.0245547313,0.583728611,0.570719302,-0.0136657758,0.569483578,0.580875754,-0.0195537377,0.5571118,0.579465151,-0.0187677518,0.55282867,0.575821936,-0.0176205132,0.581183195,0.573102355,-0.0111080687,0.571223378,0.58053416,-0.0163434837,0.561245739,0.580396,-0.0164142121,0.55654335,0.577977061,-0.0155200791
4766.666666666664,0.37992239,0.51694262,7.41272075e-008,0.391179949,0.507119715,-0.000513835577,0.411868185,0.499566972,-0.00538196974,0.432684183,0.496986836,-0.0105366483,0.447778,0.494847953,-0.0151359281,0.400364965,0.493850768,-0.0158954132,0.42727685,0.490310133,-0.024046177,0.439771533,0.493957549,-0.0273759086,0.443716377,0.497404844,-0.0283523314,0.399044216,0.500924289,-0.0201259665,0.430127025,0.498437375,-0.0265961587,0.441540807,0.501824498,-0.0263508726,0.443406165,0.504613161,-0.0260953568,0.399930805,0.509207845,-0.0238750912,0.430567712,0.507057309,-0.0278558284,0.439202547,0.509386778,-0.0238886308,0.438975096,0.511099577,-0.021151742,0.402976513,0.517968655,-0.0277314484,0.42934221,0.515392661,-0.0284897033,0.434322804,0.515394092,-0.0241839495,0.432350218,0.515708148,-0.0211142562
4783.333333333331,0.570814848,0.548136175,2.08372501e-008,0.557724535,0.548124433,-0.0160022303,0.551661909,0.551750243,-0.0253286175,0.550332665,0.559429288,-0.0315017886,0.549395084,0.567011118,-0.0359491035,0.578622222,0.558961034,-0.024911128,0.564460635,0.569968879,-0.0338247344,0.552538216,0.568852663,-0.0375371575,0.548772514,0.565750837,-0.0391508378,0.582725704,0.564991176,-0.0197628457,0.566495,0.575663626,-0.0266839284,0.552478492,0.574436963,-0.0276338384,0.547619283,0.571110904,-0.0281255096,0.58204,0.569282413,-0.0153496899,0.567927539,0.5793311,-0.0218728036,0.555458546,0.578337252,-0.021359561,0.550650179,0.574950099,-0.0205782019,0.579794526,0.571973205,-0.0120082228,0.56960386,0.579227865,-0.0179746449,0.559642673,0.579066932,-0.0185818914,0.554659545,0.576612234,-0.0181860421
4783.333333333331,0.37541011,0.51945591,9.22515184e-008,0.387106389,0.509468555,-0.000884786074,0.408657551,0.50234139,-0.00584222795,0.429582715,0.500062883,-0.0109006502,0.444016427,0.49841696,-0.0155201415,0.396382958,0.497174084,-0.0167810079,0.422438413,0.49442637,-0.024621835,0.43565762,0.497628361,-0.0280949622,0.441265225,0.500720739,-0.0294331796,0.394506186,0.504754901,-0.0208338946,0.426167458,0.503039122,-0.0277439933,0.437583566,0.505892754,-0.0278916769,0.439189523,0.508239448,-0.0279603768,0.394994706,0.513211131,-0.0242405627,0.426855206,0.511572063,-0.0284876153,0.434024572,0.513527036,-0.0245953705,0.432332963,0.514839053,-0.0219237432,0.397613674,0.522018313,-0.0277740918,0.425249755,0.52000922,-0.0285776034,0.428593,0.519946575,-0.0241369419,0.424989223,0.520156264,-0.0210323762
4799.999999999998,0.56968981,0.546040714,3.00160927e-008,0.556402683,0.545677483,-0.0153725501,0.548923254,0.549347,-0.0242335796,0.546974897,0.557048142,-0.02998,0.546892047,0.56447649,-0.0342623889,0.576364696,0.556012034,-0.0248400308,0.563687,0.566117883,-0.0333080254,0.551582873,0.567150474,-0.0368446819,0.545297384,0.565813184,-0.0383793078,0.580271602,0.562465906,-0.0198049676,0.562744856,0.572425187,-0.0264595486,0.549764037,0.571428239,-0.0273101535,0.545385063,0.568247676,-0.0276433658,0.579470932,0.566895247,-0.0153676234,0.564280748,0.575434446,-0.020986259,0.553117573,0.574284196,-0.02036006,0.549134,0.571126163,-0.0196039863,0.577060699,0.569651306,-0.0120172035,0.567381263,0.575803757,-0.0165378153,0.559315383,0.575798571,-0.0167339519,0.555378437,0.573808968,-0.0162321441
4799.999999999998,0.370977104,0.522693515,8.21861761e-008,0.382208973,0.512864172,-0.00100526772,0.403971165,0.50609678,-0.00576340826,0.424976408,0.504063606,-0.0104943039,0.439235061,0.502403796,-0.0147766285,0.392440021,0.501376927,-0.0169539973,0.421317875,0.499710321,-0.0243795849,0.432714134,0.502908051,-0.0270659719,0.436786085,0.505518,-0.0278370772,0.390595078,0.509137928,-0.0206230786,0.424349,0.508071303,-0.0269161668,0.43326351,0.510851204,-0.026236834,0.433460981,0.512616158,-0.0257711783,0.391151607,0.517655611,-0.0235829316,0.424973428,0.516041458,-0.0272964872,0.430047095,0.518051505,-0.0224052817,0.427386165,0.519077599,-0.0191668645,0.393553585,0.526353478,-0.0266747307,0.421685755,0.524310052,-0.0272627771,0.424132884,0.524437845,-0.022297835,0.420395106,0.524534822,-0.018823918
4816.666666666665,0.568446159,0.544457376,3.1215e-008,0.554392397,0.543375909,-0.0162135158,0.546363235,0.546729565,-0.0257131644,0.544095576,0.554618418,-0.0319071561,0.543953657,0.562307656,-0.0365252197,0.574019372,0.553221941,-0.0267948657,0.55939579,0.564001799,-0.0360381305,0.546797335,0.563667476,-0.0399434753,0.542146683,0.561392903,-0.0415797643,0.578202665,0.559759319,-0.0215593074,0.5605551,0.570405722,-0.0285679679,0.546948791,0.568920314,-0.0291542262,0.543125331,0.565503776,-0.02938007,0.577652931,0.564375,-0.0169946682,0.562452614,0.573959053,-0.0231177267,0.550390601,0.572618723,-0.0222457554,0.546680212,0.56916523,-0.0213171244,0.575825155,0.567337155,-0.0135349594,0.566135466,0.574347854,-0.0187950172,0.556745231,0.574290574,-0.0190561917,0.552367151,0.572098911,-0.0185672436
4816.666666666665,0.367235035,0.525779366,1.10646845e-007,0.378647447,0.515839398,-0.00207796646,0.400031686,0.509736538,-0.00748430658,0.42144081,0.50813061,-0.0124834562,0.435623258,0.506837904,-0.0170015413,0.386907429,0.50674212,-0.0190856364,0.415338308,0.505356848,-0.026440436,0.427974939,0.507790923,-0.0287313592,0.433527946,0.51000905,-0.0291244369,0.384585083,0.515006065,-0.0219042078,0.417812288,0.513849318,-0.0283428337,0.428592741,0.515404284,-0.0270643849,0.430007666,0.516538322,-0.0259786621,0.385255903,0.523396611,-0.024012398,0.418630928,0.521855,-0.0277767684,0.426016092,0.522581756,-0.0224492811,0.424807757,0.522742927,-0.0186711736,0.388130665,0.531520903,-0.0263293087,0.415852666,0.529797077,-0.0269610211,0.421056658,0.529020071,-0.0219585691,0.419418454,0.528160453,-0.0182536
4833.333333333332,0.565762222,0.541305423,3.99276523e-008,0.553601623,0.540448487,-0.015710542,0.54541862,0.542791486,-0.0257143732,0.542277455,0.549599349,-0.0327523947,0.542812228,0.556692243,-0.0384588055,0.572292089,0.550221503,-0.0262831729,0.557095468,0.559341729,-0.0356456824,0.546574593,0.55954051,-0.0401457734,0.542788386,0.558026135,-0.0425032526,0.576454759,0.556029379,-0.0217638947,0.559450865,0.566054523,-0.0288427602,0.546793103,0.566310465,-0.0303549301,0.541622818,0.564133227,-0.031591069,0.576521218,0.559996963,-0.0179036092,0.562236249,0.569415271,-0.0239332672,0.550348818,0.569743633,-0.0241023116,0.54493171,0.567556262,-0.0242254958,0.574971914,0.562571943,-0.0151210595,0.566434205,0.569479942,-0.0198937096,0.557332754,0.57106632,-0.0206157248,0.551615059,0.570288658,-0.0208230074
4833.333333333332,0.363494903,0.529874,3.83986212e-008,0.377232432,0.519963622,-0.00117955217,0.399542361,0.514462113,-0.00597113557,0.419137448,0.513463199,-0.0108385356,0.431021899,0.512428045,-0.0150997322,0.385479569,0.511302471,-0.0166003704,0.412576854,0.511170387,-0.0262503345,0.417165399,0.513525903,-0.0307355039,0.412767172,0.51488477,-0.0319789276,0.381461918,0.518991828,-0.0203161445,0.416065156,0.520166039,-0.0282418095,0.419341743,0.521379292,-0.0278700627,0.412564605,0.521123886,-0.0270537902,0.3808088,0.527391136,-0.0236528702,0.415523499,0.528458238,-0.028319791,0.415995061,0.52913624,-0.0231608655,0.408673942,0.528411508,-0.019274909,0.381829947,0.535921156,-0.0272083357,0.410138249,0.536033273,-0.0278971735,0.41103524,0.535462201,-0.0226501822,0.405652553,0.534226358,-0.018822616
4849.999999999999,0.564053833,0.539822221,3.9763318e-008,0.551855743,0.537942111,-0.0171344411,0.543374777,0.539795756,-0.0278918035,0.540038884,0.546773791,-0.035143923,0.540307283,0.553795218,-0.0409590714,0.57143116,0.545566142,-0.0291770436,0.554912925,0.555161297,-0.039166633,0.543467641,0.555073857,-0.0438449867,0.539174557,0.552992105,-0.0462448187,0.575226128,0.552696347,-0.0238737036,0.555996418,0.561849117,-0.0314129516,0.543231726,0.561732948,-0.0331053734,0.538462341,0.559494317,-0.0345470347,0.574670672,0.557904184,-0.0191929918,0.558225453,0.566031754,-0.025781557,0.546468377,0.566101134,-0.0262530688,0.541321278,0.563929,-0.0265425555,0.572749496,0.561489046,-0.0156167308,0.562198699,0.567299426,-0.0211478602,0.552621186,0.568344474,-0.0222796854,0.546740174,0.567545712,-0.0226519872
4849.999999999999,0.358513236,0.533643663,4.22064517e-008,0.372088194,0.524282455,-0.00188460865,0.394885421,0.519670725,-0.00695657264,0.415552467,0.518705547,-0.011574652,0.426652163,0.517102659,-0.0154817887,0.38059324,0.51614,-0.0191214904,0.411372036,0.517943561,-0.0275183301,0.416332513,0.520937145,-0.0303584225,0.412455499,0.521520793,-0.0307603274,0.376171678,0.52431941,-0.0218585245,0.410511374,0.52673,-0.0275903642,0.415103883,0.528005779,-0.0257630255,0.410034746,0.527242601,-0.024837194,0.375325769,0.532960713,-0.023987012,0.408440977,0.534774601,-0.0268213339,0.410982311,0.535466492,-0.0208731368,0.405264705,0.534389853,-0.0173353925,0.376528561,0.541131139,-0.0263923481,0.403514385,0.541992,-0.0265707839,0.407855213,0.541415036,-0.0215600207,0.405780196,0.539534,-0.0182627216
4866.666666666666,0.560982108,0.536790669,6.27707593e-008,0.549148738,0.533957422,-0.0159013197,0.540217042,0.535294175,-0.0262667164,0.536409378,0.541977525,-0.033514332,0.5372895,0.549084902,-0.0394049808,0.567925,0.540415,-0.0273904447,0.555048406,0.551327646,-0.0366813689,0.543197155,0.553531229,-0.0404420719,0.537656665,0.552400291,-0.0420251749,0.573161483,0.54791081,-0.0226499792,0.55756259,0.557698846,-0.0296665896,0.542918503,0.55906707,-0.0310199391,0.53698951,0.55725497,-0.0321621932,0.573638856,0.553529,-0.0184961725,0.560586929,0.562196,-0.0246961713,0.547268212,0.563288569,-0.0253610276,0.541347861,0.561170697,-0.025752062,0.572340846,0.557791829,-0.0153345317,0.564340532,0.564719915,-0.0206232984,0.554129,0.566063404,-0.0217370149,0.547922432,0.564633429,-0.022047909
4866.666666666666,0.353704572,0.537524343,4.59651091e-008,0.368036449,0.52783072,-0.00202470389,0.389853477,0.523750424,-0.00685937516,0.409511566,0.523404777,-0.0112302853,0.421738356,0.522884846,-0.0152583029,0.377760708,0.521660089,-0.0178357642,0.404005855,0.524262,-0.0256658904,0.410705805,0.526432395,-0.0290709436,0.410213828,0.52669704,-0.0302807428,0.373281628,0.530142903,-0.0205891747,0.402603656,0.533124804,-0.0259677675,0.40823102,0.533478677,-0.025043726,0.404345036,0.532345831,-0.0247617215,0.371569842,0.539135,-0.0226763617,0.398696661,0.541101754,-0.0253709462,0.402327418,0.541211426,-0.0202917978,0.397958308,0.539906859,-0.0173757635,0.371372074,0.547641,-0.0250514206,0.39178434,0.548903465,-0.0254656691,0.394869179,0.547869265,-0.0208690912,0.392721,0.545862913,-0.0178017877
4883.333333333333,0.553589046,0.532879353,4.35656702e-008,0.543108225,0.531551659,-0.0171864014,0.535556495,0.533166885,-0.0280817635,0.533876,0.539687157,-0.0358117186,0.5361709,0.545639694,-0.0420461223,0.567364454,0.535802305,-0.0279925689,0.554180443,0.547026575,-0.0383939259,0.542174637,0.549170196,-0.0434608646,0.537326574,0.548009574,-0.0461821444,0.572864532,0.543990552,-0.0232528243,0.557569742,0.554025531,-0.0308413859,0.543476284,0.555491507,-0.0326714553,0.538007438,0.553794,-0.034396071,0.573104858,0.550046921,-0.0193235707,0.560546,0.558407068,-0.0258528031,0.548065841,0.559347,-0.0261323564,0.542571783,0.557284713,-0.0264144093,0.571133792,0.554674149,-0.0166407116,0.563067555,0.560796618,-0.021582149,0.554110825,0.56148833,-0.0220776703,0.548709571,0.559548736,-0.0221796911
4883.333333333333,0.3503398,0.539736748,9.93565905e-008,0.365282178,0.530703425,-0.00178625155,0.385977507,0.527213693,-0.00652447529,0.404185772,0.527781606,-0.0104761608,0.416189611,0.528385699,-0.0139930677,0.370949239,0.526868224,-0.0182947144,0.396816134,0.531139851,-0.025061395,0.406807065,0.533533752,-0.0271700751,0.41005075,0.534205735,-0.027371332,0.36493665,0.535139918,-0.020347096,0.395178527,0.539610267,-0.0244868509,0.405737728,0.540755212,-0.0225293227,0.407566816,0.540264666,-0.0216271,0.362462878,0.54362756,-0.0215879958,0.392034531,0.547552705,-0.0234776065,0.401629776,0.548097908,-0.0181941483,0.403472275,0.546811819,-0.0151048228,0.362344861,0.551457345,-0.0229630787,0.38527602,0.553888142,-0.0227048639,0.393553734,0.553493917,-0.0179028865,0.396390676,0.551686108,-0.0147124492
4900.0,0.552105367,0.532002628,3.07634e-008,0.543496132,0.527904868,-0.0163414143,0.536566854,0.526860118,-0.0276773702,0.532073677,0.531530082,-0.0360259376,0.530945122,0.537376404,-0.0429501534,0.566346228,0.531429946,-0.0277095903,0.553545,0.541377425,-0.0370745473,0.541044831,0.544256,-0.0404616147,0.53490293,0.543829441,-0.0424478799,0.572113276,0.540238559,-0.0238453615,0.556503832,0.548979104,-0.0306865796,0.54123646,0.550282896,-0.0312026665,0.53585875,0.548832238,-0.0323638022,0.57224822,0.546591222,-0.0206768326,0.558585823,0.554277539,-0.0274674,0.545179963,0.55431509,-0.0261667892,0.540591955,0.551929474,-0.025557695,0.569746375,0.551266849,-0.0186976679,0.559837759,0.556992531,-0.0242717844,0.549853265,0.556760728,-0.0238317046,0.545480967,0.554653525,-0.0232811309
4900.0,0.342671931,0.54376024,-4.71317918e-009,0.356302321,0.534387648,-0.00296980888,0.378833,0.531065226,-0.00756545,0.397469342,0.532071173,-0.0113323918,0.410367608,0.53368938,-0.0146433273,0.372128665,0.532159448,-0.0190668423,0.397530586,0.538699687,-0.0266369972,0.400557101,0.540047646,-0.0291165914,0.398244768,0.538609564,-0.0296843871,0.367160887,0.540602922,-0.0210892726,0.393551469,0.546668172,-0.026804572,0.394302309,0.546012938,-0.0254469216,0.388165325,0.543348074,-0.0244988091,0.363254905,0.549325287,-0.022429537,0.387543768,0.55373621,-0.0260753948,0.386446,0.552862704,-0.0214467663,0.380153209,0.550260067,-0.018460311,0.360343397,0.557578206,-0.0239270572,0.376833618,0.560404897,-0.0261423,0.37615931,0.558971286,-0.0225388631,0.37207827,0.556373477,-0.019778531
4916.666666666667,0.564553916,0.534544885,1.07235948e-007,0.553481817,0.530646622,-0.00797099248,0.543106675,0.530407,-0.0144474572,0.536685109,0.532233298,-0.0193134658,0.531627059,0.534147382,-0.0239087492,0.558049619,0.527721345,-0.0208749343,0.549327,0.533236384,-0.0297126491,0.54423058,0.53611511,-0.033719033,0.541900933,0.537074268,-0.0351154618,0.565949678,0.532396376,-0.0189916119,0.556161463,0.54023087,-0.0253423434,0.549425125,0.544739783,-0.0261473488,0.544470251,0.546714544,-0.0267885849,0.570358813,0.537246823,-0.0170699805,0.562069178,0.54510659,-0.0218682289,0.555304348,0.549009681,-0.0216956697,0.550164104,0.551073492,-0.0215547848,0.572266698,0.541775584,-0.0156075079,0.567555547,0.547821939,-0.0186705589,0.561850965,0.551451147,-0.0185714047,0.55662477,0.553477466,-0.0185860302
4916.666666666667,0.335002452,0.547115326,3.33967805e-008,0.348172188,0.537937045,-0.00480200723,0.371492028,0.535046,-0.0105383508,0.390112638,0.537337422,-0.014385703,0.403695494,0.539219499,-0.0169318132,0.358076602,0.536895216,-0.0258094072,0.390596688,0.544484556,-0.0327037834,0.394759327,0.546291351,-0.0319846198,0.391821712,0.545697749,-0.0295882579,0.352078617,0.545815706,-0.0258174501,0.386483133,0.553499937,-0.0304414965,0.390288949,0.553301334,-0.0254158024,0.385667562,0.551099241,-0.0216830857,0.348228723,0.554384172,-0.0249565188,0.379425704,0.560718775,-0.0267014,0.382460207,0.559633851,-0.019493781,0.379194498,0.55679214,-0.0149285672,0.346342117,0.561937869,-0.0243181773,0.369334042,0.566135049,-0.0246513,0.373105645,0.564984858,-0.0198953189,0.371986568,0.56235832,-0.016605109
4933.333333333334,0.327819467,0.552759111,3.14874704e-008,0.340166748,0.543153226,-0.00567681156,0.363414973,0.540257871,-0.0115177585,0.382501572,0.542776704,-0.0151463859,0.39622286,0.544718146,-0.0175123941,0.34833923,0.543047071,-0.0267479029,0.379026651,0.54993,-0.0336021818,0.385217488,0.551293552,-0.0328765586,0.384341896,0.550957143,-0.0305066332,0.342580497,0.552105188,-0.0260051563,0.375526,0.558639884,-0.031089453,0.381372154,0.558072507,-0.0265844557,0.378530592,0.556231737,-0.0230058692,0.33979547,0.560438275,-0.0243521035,0.369469196,0.565881848,-0.0267581791,0.375088125,0.564312637,-0.0202583447,0.373881876,0.561141074,-0.0158291142,0.339163721,0.56746006,-0.0229313038,0.361529708,0.57138133,-0.0241088923,0.367320657,0.570101738,-0.020092627,0.368060082,0.567161441,-0.0170352049
4950.000000000001,0.321390867,0.557537735,9.38760323e-008,0.333491474,0.547869146,-0.00769184483,0.356519341,0.544719815,-0.0148219885,0.374429196,0.547519207,-0.0191071983,0.387708664,0.550736725,-0.0221291333,0.338270754,0.548088551,-0.0309974812,0.370085,0.557018161,-0.0386987738,0.380119324,0.557953477,-0.0382644907,0.381559372,0.557091177,-0.0356901363,0.330383241,0.556935906,-0.0293765441,0.366909921,0.565846801,-0.0353442468,0.376675308,0.564693689,-0.0302583147,0.375403464,0.562393308,-0.0258771367,0.326637179,0.565013826,-0.0268689357,0.358705133,0.572578669,-0.029363839,0.368176848,0.570885718,-0.0221469309,0.368968159,0.568022966,-0.0168704707,0.325870931,0.571510315,-0.0247592982,0.351288021,0.57691735,-0.0252096765,0.360290945,0.57564497,-0.0202633496,0.362174034,0.572920322,-0.0164908674
4966.666666666668,0.317487717,0.563049078,1.20277718e-007,0.328792334,0.553735197,-0.00653798366,0.349697,0.549832106,-0.0132735418,0.367133051,0.552384853,-0.0177175794,0.379644662,0.556019485,-0.0212421063,0.330729604,0.55379504,-0.0273421574,0.359031647,0.561355174,-0.0338823795,0.371397704,0.564063072,-0.0336655118,0.376013249,0.565587819,-0.0317455158,0.322684765,0.562297344,-0.0265450086,0.35677287,0.57087028,-0.0317056589,0.368797779,0.570672631,-0.0272860043,0.370284349,0.569116056,-0.023492,0.318928421,0.570292413,-0.0248540137,0.349064976,0.577668607,-0.0269773602,0.361248016,0.57686621,-0.0205888338,0.364848256,0.574643493,-0.0159299895,0.318446785,0.577074349,-0.0235087518,0.342344493,0.582205355,-0.0240090378,0.353464752,0.581140161,-0.0194296613,0.358231455,0.578464687,-0.0158455744
4983.333333333335,0.559957802,0.514757872,-7.30332772e-008,0.546825528,0.511072695,-0.00576593308,0.536159277,0.510599673,-0.0117217274,0.527510405,0.511377752,-0.0171717368,0.521425962,0.512993336,-0.0230427831,0.551567256,0.506954134,-0.0134065486,0.541411102,0.515083,-0.0209032148,0.535072565,0.51966238,-0.0256620292,0.532107532,0.523153663,-0.0283647534,0.561973214,0.512970328,-0.0157416202,0.545110822,0.521710336,-0.0212563425,0.539450169,0.525801599,-0.0225982293,0.538666,0.527845085,-0.024207361,0.56829083,0.519378841,-0.0183740631,0.55160886,0.527947843,-0.0247326344,0.547633946,0.530213237,-0.0232486706,0.547805905,0.530177951,-0.0222699922,0.571950376,0.525344789,-0.021470394,0.558962822,0.532562554,-0.0271561593,0.554689169,0.534702539,-0.0252501573,0.554114103,0.534992576,-0.0235589705
4983.333333333335,0.306917846,0.56442517,-2.74696554e-009,0.323157847,0.555707037,-0.00749043887,0.344504535,0.554097056,-0.0139781199,0.36025691,0.5577389,-0.0179715306,0.37252,0.561332822,-0.0208809879,0.323161036,0.558921099,-0.0274446942,0.347844601,0.567444742,-0.0349374339,0.36150679,0.569605768,-0.035288278,0.367201716,0.569399893,-0.0336038955,0.314401686,0.566963434,-0.0261581019,0.344044894,0.57572943,-0.0331518129,0.3601816,0.576041698,-0.0309589,0.366040677,0.573553145,-0.0286183544,0.311143339,0.574028969,-0.0242937393,0.3393251,0.582550228,-0.0296752248,0.354507089,0.582292,-0.027013395,0.360857874,0.57923919,-0.0240779519,0.311575919,0.579749823,-0.0225484483,0.333874404,0.586975753,-0.0263924561,0.346594185,0.586917877,-0.0251384377,0.353432238,0.5839082,-0.0234689638
5000.000000000002,0.551927865,0.520313084,-1.1045578e-007,0.539412,0.51512754,-0.00798927,0.530081153,0.511224031,-0.0153819472,0.522621095,0.50891006,-0.0226484817,0.520343,0.508945107,-0.0297612883,0.550514,0.502585292,-0.0103357844,0.547611475,0.504267573,-0.021921752,0.539876819,0.509963274,-0.0302805956,0.534682333,0.513877451,-0.034879718,0.561561227,0.509105325,-0.012889659,0.560993,0.510205328,-0.0232553594,0.549094439,0.516435504,-0.0262134522,0.541563511,0.519831777,-0.0269307494,0.568775296,0.516677618,-0.016871009,0.568110168,0.517886341,-0.0278563257,0.556517482,0.522933781,-0.0270128977,0.548956752,0.525914967,-0.0244974419,0.572103441,0.524147511,-0.0214799847,0.569277048,0.525983572,-0.0292692464,0.560296297,0.529586196,-0.0272496585,0.553818464,0.531513333,-0.0244529638
5000.000000000002,0.299280971,0.569583833,4.06414742e-008,0.316565931,0.560529828,-0.0087286206,0.337693065,0.5587,-0.0154614504,0.354126662,0.562252581,-0.0193500035,0.366427779,0.566204,-0.0223040935,0.316551298,0.563517928,-0.0285245534,0.339308321,0.572432637,-0.0362248495,0.353357792,0.574937344,-0.0369798094,0.360637128,0.57510376,-0.0356866,0.30730769,0.571967542,-0.026179757,0.334928632,0.581109822,-0.0323109217,0.351319581,0.581977,-0.0298831481,0.3591851,0.580248237,-0.0278337523,0.303979456,0.579014659,-0.0233581755,0.329532534,0.587680578,-0.0280541815,0.345141947,0.587866485,-0.0254062936,0.353577256,0.585314929,-0.0228612,0.304473758,0.584313691,-0.0207605511,0.325066924,0.59175,-0.0239320975,0.3374933,0.591972,-0.0227490235,0.345611334,0.589320302,-0.0214116387
5016.666666666669,0.546746552,0.518628418,-1.25218719e-007,0.535732806,0.514545858,-0.0081996927,0.527877867,0.509871185,-0.0158871338,0.522124767,0.50716418,-0.0232078321,0.516844928,0.505795777,-0.0302092619,0.547522962,0.501443923,-0.0137865441,0.546568453,0.4979828,-0.0253063813,0.538570344,0.503747046,-0.0325759612,0.533119857,0.508763075,-0.036310602,0.558426738,0.506621778,-0.0159596484,0.560085595,0.504018962,-0.0267363116,0.548128307,0.511018753,-0.0286493413,0.540779293,0.515319347,-0.0282432809,0.565302551,0.513311505,-0.0193749201,0.568585813,0.511831,-0.0299742948,0.557137,0.517032683,-0.0281801242,0.549249291,0.520430565,-0.0250744931,0.569291294,0.520309567,-0.0233372096,0.570171297,0.520851135,-0.0309168492,0.561547756,0.524183929,-0.028717706,0.554643631,0.526241,-0.0257886648
5016.666666666669,0.291189194,0.573797703,6.11403834e-008,0.310307831,0.565100729,-0.00788881909,0.331917673,0.563775301,-0.0141625702,0.348658413,0.56815213,-0.017784249,0.360613883,0.572588921,-0.0203899555,0.310790032,0.568722,-0.0264861472,0.334196955,0.57833147,-0.0336529948,0.34792757,0.581254601,-0.0339387394,0.354481965,0.581784844,-0.0322827213,0.300881535,0.577221,-0.024536971,0.329545885,0.587117493,-0.0312486365,0.345898151,0.587981761,-0.0290652495,0.352920055,0.586159527,-0.0266637113,0.297088683,0.584320664,-0.0220143069,0.324232668,0.593275309,-0.0267432351,0.339681655,0.593487144,-0.023874525,0.347120285,0.591050327,-0.0208701678,0.297188848,0.589753747,-0.0196740981,0.318684191,0.596826315,-0.0222932659,0.331380129,0.597163498,-0.0205229744,0.338965774,0.594884455,-0.0185715444
5033.333333333336,0.54039675,0.515854359,-8.4123613e-008,0.530766606,0.512630105,-0.0112627037,0.523449063,0.50815624,-0.0211356841,0.517975211,0.505293548,-0.0301915221,0.512700737,0.502835393,-0.0387553,0.544422,0.497453868,-0.0183680523,0.544546664,0.493212819,-0.0324078575,0.53611213,0.499279886,-0.0411029533,0.529961109,0.504676878,-0.0452018455,0.556230962,0.50243634,-0.0193492137,0.557738304,0.499090791,-0.0334913,0.545464337,0.506286383,-0.0374096483,0.537460625,0.511281192,-0.0375328846,0.563820124,0.508807123,-0.0216178298,0.56788522,0.506781578,-0.0345573202,0.556153238,0.513015747,-0.0330252163,0.547181249,0.516918123,-0.0293093566,0.568796396,0.515550256,-0.0246782117,0.570568681,0.515770853,-0.0336304605,0.561317265,0.519401371,-0.0318122618,0.553921,0.521309495,-0.0285724066
5033.333333333336,0.286175966,0.578666389,6.28692405e-008,0.305264473,0.56985575,-0.00967706088,0.327251315,0.568719149,-0.0164917279,0.343665451,0.573119402,-0.0203053709,0.355314314,0.577913165,-0.023156397,0.305517405,0.57314682,-0.028142387,0.325783521,0.582886636,-0.0357872471,0.340004623,0.586062253,-0.0368159227,0.347520888,0.586766183,-0.0358258076,0.294749171,0.581635475,-0.0254931767,0.320953727,0.592478037,-0.0321848951,0.338629663,0.593645,-0.030488532,0.346708089,0.591693521,-0.028750034,0.290258557,0.588658452,-0.0224429518,0.315103,0.598366797,-0.027461594,0.332395315,0.598884761,-0.0255096089,0.341105789,0.596479416,-0.0232829917,0.290065676,0.594005167,-0.0197252948,0.310377,0.60187608,-0.0232191607,0.323965877,0.602377534,-0.0224470887,0.332246274,0.599952042,-0.021293072
5050.000000000003,0.538735211,0.516101062,-9.15675358e-008,0.528262138,0.512438893,-0.0101640802,0.520543396,0.507161617,-0.0191921052,0.515523791,0.503356516,-0.0277091973,0.511811256,0.499992967,-0.035648644,0.54112196,0.495810628,-0.0157235116,0.54310739,0.490097463,-0.0284371246,0.534539223,0.496448189,-0.0359433964,0.528892577,0.501699209,-0.0393392742,0.553221941,0.500492692,-0.0167736709,0.556965232,0.495203167,-0.0292591937,0.544647098,0.502872646,-0.0323893465,0.537392259,0.507722557,-0.032106217,0.561350286,0.506433129,-0.0190857854,0.567726314,0.502934635,-0.0306127537,0.555352092,0.509525716,-0.0283835325,0.546327293,0.513318121,-0.0244096331,0.567062199,0.512973309,-0.0221421029,0.570353329,0.512374163,-0.0300090462,0.560665071,0.516236782,-0.0278134458,0.553200722,0.518115878,-0.0244529061
5050.000000000003,0.279589355,0.580930054,6.96642672e-008,0.300396413,0.573097527,-0.00816306472,0.322170377,0.572994649,-0.0138474479,0.337826401,0.57837671,-0.0168219544,0.348875582,0.58325845,-0.0188777987,0.300768077,0.578341663,-0.0246154293,0.32089904,0.588495195,-0.0309603233,0.33468163,0.592123389,-0.0316414498,0.342946529,0.593267858,-0.0306647904,0.289758414,0.586542249,-0.022388855,0.314956605,0.597844481,-0.0279305037,0.331820667,0.599425554,-0.0260760095,0.340644777,0.597946882,-0.0243546255,0.284956127,0.593043089,-0.0196626652,0.308463573,0.603432,-0.0235899463,0.32446906,0.604367912,-0.0210990664,0.333038867,0.602303,-0.0186734255,0.284426808,0.597662032,-0.017221814,0.302984864,0.606381655,-0.0193799809,0.315561,0.607246757,-0.0176315848,0.323396504,0.605007708,-0.0159096103
5066.66666666667,0.53619349,0.516164422,-9.25559078e-008,0.525747955,0.511724055,-0.00981885474,0.518165469,0.506125748,-0.0184805356,0.513469398,0.50215745,-0.0267653856,0.509875774,0.49839,-0.0343886204,0.539214134,0.493613482,-0.0138098616,0.540690064,0.487428814,-0.0271199401,0.533254266,0.493183672,-0.0354106,0.52825284,0.498487622,-0.0392069966,0.551169336,0.49807322,-0.0151164699,0.554595888,0.492547244,-0.0282712374,0.543389678,0.499874473,-0.0321952775,0.536356807,0.5048756,-0.0322219506,0.55976212,0.503883779,-0.0178696495,0.565292537,0.499753654,-0.0298520662,0.553860724,0.50618422,-0.0284894817,0.545040488,0.510347188,-0.0248668343,0.566235781,0.510482788,-0.0213920921,0.568489254,0.509427667,-0.0296151582,0.559301674,0.513321817,-0.027999714,0.551978111,0.515698791,-0.0248274505
5066.66666666667,0.274313658,0.582237184,3.97507272e-008,0.296333969,0.57626915,-0.00851777196,0.318022966,0.577799618,-0.0143538481,0.333274662,0.5838539,-0.0175892636,0.345557868,0.587926686,-0.0199886262,0.296827286,0.582641482,-0.0247863159,0.316672415,0.593385577,-0.0324195065,0.329659283,0.597042501,-0.0335157923,0.337103516,0.598364949,-0.0325600542,0.285838515,0.590117097,-0.0227148905,0.310322046,0.602031231,-0.0301624294,0.327017,0.603988647,-0.0290169045,0.335743546,0.602895439,-0.0272245221,0.280727506,0.596385479,-0.0204006899,0.303410858,0.607366443,-0.0257882606,0.319521695,0.608653128,-0.0240840185,0.32885468,0.607185125,-0.0217575561,0.279187202,0.601102352,-0.0184189174,0.297030866,0.610155702,-0.021831682,0.309321254,0.611771464,-0.0210870951,0.317941725,0.610548,-0.0198120642
5083.333333333337,0.533847034,0.515650749,-9.40932949e-008,0.522901475,0.511556447,-0.0100009823,0.515208125,0.505338788,-0.0187973846,0.511196,0.501002073,-0.0271644481,0.509072065,0.497255623,-0.0348614268,0.536014736,0.493572354,-0.0146397017,0.538589954,0.485820085,-0.0281738751,0.531531394,0.491208106,-0.0362676233,0.526632,0.49669382,-0.0399016961,0.54822129,0.497642368,-0.015913,0.552898705,0.490633577,-0.029586086,0.54195869,0.497886211,-0.0335204862,0.534930825,0.50311321,-0.0333724283,0.557273626,0.503280461,-0.0186510682,0.563560903,0.497533053,-0.0312238187,0.552737534,0.503770709,-0.0302774608,0.544384301,0.508176804,-0.0267740153,0.564400256,0.509836853,-0.0220759884,0.567709267,0.5070557,-0.0310145263,0.558905184,0.510679185,-0.0298394337,0.551639438,0.513281524,-0.0268840529
5083.333333333337,0.270750582,0.58543539,1.4896262e-008,0.292158127,0.57926774,-0.0096421279,0.313679963,0.581178904,-0.0156092495,0.328429461,0.587435246,-0.0186009444,0.340335518,0.592025518,-0.0204528496,0.292208701,0.586736083,-0.0267520454,0.313270926,0.598056436,-0.0336899087,0.326459616,0.601573288,-0.0332693867,0.333256662,0.602241099,-0.0311908256,0.282123327,0.594137669,-0.0238824226,0.307286501,0.606085658,-0.0307370666,0.323448509,0.60786128,-0.0285533797,0.331193596,0.606401324,-0.0259327646,0.277482927,0.600267172,-0.0207574368,0.300504655,0.61141032,-0.0260025524,0.316097379,0.612550497,-0.0238395296,0.324725866,0.610793591,-0.0211848989,0.276116282,0.604616523,-0.0180138368,0.292991519,0.613910735,-0.0220481083,0.305012822,0.615418255,-0.0216845367,0.313582093,0.614111245,-0.020539714
5100.000000000004,0.533738792,0.515593648,-1.02647881e-007,0.522075474,0.511854947,-0.00980540086,0.513962924,0.505473495,-0.018349424,0.509940565,0.501069367,-0.0264985356,0.506738722,0.496893018,-0.0339927711,0.534016132,0.493541539,-0.0146288611,0.537574768,0.485210419,-0.0278505888,0.530348659,0.490208387,-0.0356627293,0.525199,0.495417148,-0.0391824953,0.546381533,0.497460335,-0.0160309654,0.552026272,0.489629596,-0.0294285864,0.54035908,0.496741295,-0.0331307575,0.53305757,0.502001047,-0.0329177231,0.555566609,0.503110647,-0.0188915618,0.563095212,0.496404856,-0.0314946026,0.551608801,0.502384484,-0.0306434855,0.543195963,0.506836355,-0.0272241589,0.562985539,0.509848118,-0.0223696884,0.567475,0.506014526,-0.0315112285,0.558324277,0.509375691,-0.030482268,0.550872803,0.512027919,-0.0276864283
5100.000000000004,0.26958409,0.588107169,4.86242158e-009,0.290519089,0.582584441,-0.0101522254,0.311423123,0.5848,-0.0165196806,0.325342715,0.590957224,-0.019853631,0.337168276,0.595185697,-0.0222478807,0.28910026,0.589824557,-0.0280901939,0.308296025,0.601009786,-0.035777986,0.321344852,0.604890645,-0.036434561,0.329013288,0.606197476,-0.035319075,0.278641433,0.597134173,-0.0252474584,0.302075565,0.609169781,-0.0329325497,0.318502158,0.611071825,-0.0313336179,0.326902807,0.60981822,-0.0292225666,0.273871362,0.603327572,-0.0221406594,0.29555741,0.614830673,-0.0281799026,0.311504841,0.616057,-0.0260031112,0.320413977,0.614303112,-0.0232722703,0.2723943,0.607845247,-0.0194725171,0.288732201,0.617573082,-0.0239204317,0.300694376,0.618949234,-0.0232785475,0.308935523,0.617357969,-0.0219177678
5116.666666666671,0.532349765,0.515836895,-1.07637383e-007,0.521119893,0.512219608,-0.00993970688,0.513600886,0.505893886,-0.0185160711,0.509536266,0.501216471,-0.0267210733,0.504560113,0.49707365,-0.0342804827,0.532726288,0.493426263,-0.0141375521,0.535777032,0.48506856,-0.0271680411,0.528401,0.490483,-0.0349606238,0.523511589,0.495984823,-0.0385041907,0.545113862,0.497273594,-0.0155055439,0.55031532,0.48965016,-0.0287119169,0.538719535,0.496910453,-0.032455828,0.531762064,0.502145112,-0.0323046073,0.554432094,0.502863824,-0.0183695927,0.561774433,0.49614948,-0.030850023,0.550070763,0.502080262,-0.0301440507,0.541773915,0.506535888,-0.026867941,0.56205821,0.509519637,-0.0218833387,0.566831708,0.50584054,-0.0309776925,0.557780504,0.509280324,-0.0300696064,0.550555706,0.51200968,-0.0273801386
5116.666666666671,0.265367717,0.591227651,-2.88977677e-008,0.285725892,0.585204542,-0.0118542248,0.307638109,0.587514102,-0.0186097529,0.322422117,0.593723655,-0.021988783,0.335083157,0.597726703,-0.0243365876,0.284678549,0.592714727,-0.0292584579,0.303823858,0.603830457,-0.0370870866,0.317256808,0.607403,-0.0378704071,0.324847639,0.608914554,-0.0369937457,0.274755538,0.600161791,-0.0255803093,0.297552675,0.612230659,-0.0332877,0.314672709,0.613855124,-0.0316037796,0.323475301,0.612620771,-0.029573312,0.270807147,0.606332481,-0.0218514111,0.291135341,0.618000925,-0.0283197239,0.308024049,0.619029701,-0.0263709556,0.317748874,0.61723,-0.0238148235,0.270232588,0.610657632,-0.0187162869,0.286104,0.620279908,-0.0237686876,0.298446238,0.621348202,-0.0236377232,0.30681783,0.619357944,-0.0226819683
5133.333333333338,0.530880094,0.516258597,-1.09718187e-007,0.519487,0.511910737,-0.00945505,0.511353493,0.505791366,-0.0178671759,0.507026613,0.501584,-0.0259714928,0.503921,0.498084068,-0.0333364382,0.532155633,0.493172407,-0.0127335768,0.534750044,0.485931903,-0.0252072606,0.527450502,0.491388351,-0.0329464972,0.522349119,0.496844351,-0.0365526527,0.544648767,0.497081488,-0.0140808588,0.548438132,0.49061048,-0.0264940728,0.537327886,0.497689,-0.0301178321,0.530334473,0.502742648,-0.0300535019,0.553902268,0.502709687,-0.0169213507,0.560541868,0.49708274,-0.0285198782,0.549512267,0.502954841,-0.0276429262,0.541131735,0.507427216,-0.0244149789,0.561439574,0.509508491,-0.0204536412,0.565704584,0.506779,-0.0288367663,0.55668366,0.510102808,-0.0278022848,0.548965514,0.512615502,-0.0250792522
5133.333333333338,0.263175339,0.592530429,-2.1822359e-008,0.283907294,0.586829126,-0.0111854263,0.305325359,0.589316428,-0.0175654702,0.319449812,0.595592141,-0.0207581036,0.331568897,0.599573255,-0.022951439,0.281859279,0.594845235,-0.028258346,0.300835371,0.606230795,-0.0358993746,0.314133197,0.609741807,-0.0366405472,0.321606547,0.610817432,-0.0356158353,0.271959573,0.602153897,-0.0247736312,0.294860482,0.61410141,-0.0320620947,0.311859131,0.616054416,-0.0304906368,0.321045667,0.614916205,-0.0285861734,0.267798424,0.608153462,-0.0211985931,0.288534105,0.619648516,-0.0273117926,0.305057049,0.621111393,-0.0256537907,0.314825386,0.619477332,-0.0233507734,0.267118216,0.612297773,-0.0181455389,0.282751411,0.621851325,-0.0232049786,0.294871747,0.623486578,-0.0233563222,0.303584039,0.621996105,-0.0225602537
5150.000000000005,0.53005749,0.516826749,-1.14583713e-007,0.518991172,0.512545645,-0.00937803,0.510974586,0.506736755,-0.0179296695,0.506156683,0.502991378,-0.0262950845,0.502238095,0.499323875,-0.03415839,0.531589746,0.494225889,-0.0133777205,0.533334851,0.487490833,-0.0262942817,0.526028872,0.492803693,-0.0348112136,0.52070421,0.498430371,-0.038967967,0.543808401,0.498419464,-0.0151313609,0.547539413,0.492290914,-0.0282907374,0.535841465,0.499307781,-0.0327690616,0.527883828,0.504779875,-0.0332403407,0.552724779,0.504316807,-0.0182715394,0.559408605,0.499218524,-0.0303897075,0.547575295,0.505004525,-0.0298959464,0.538184285,0.509517252,-0.0268732868,0.559680104,0.511159,-0.0220647026,0.563747287,0.508639276,-0.0304243732,0.554584,0.51175046,-0.0291208159,0.54685086,0.514109671,-0.0262828767
5150.000000000005,0.260914266,0.594706953,-2.53757388e-008,0.280705273,0.588777602,-0.012728896,0.302043319,0.590534091,-0.020273786,0.316496789,0.596426785,-0.0244803838,0.328814626,0.601108849,-0.0277039558,0.27905944,0.596251965,-0.0298306253,0.297887325,0.607834637,-0.0383248217,0.311711729,0.611474276,-0.0399640612,0.319531471,0.613021731,-0.0396621339,0.269250304,0.603315651,-0.0259312242,0.291101873,0.615832269,-0.0338392854,0.308372468,0.617866576,-0.0327301174,0.317641258,0.617040515,-0.0312657095,0.265268177,0.609098554,-0.0221084319,0.284909129,0.621026695,-0.0287805572,0.301715851,0.622448087,-0.0274258889,0.311582685,0.621049285,-0.0254251398,0.264719,0.613259137,-0.0189287718,0.280601352,0.623050332,-0.0243532471,0.293130517,0.62457478,-0.024663277,0.302010685,0.6231668,-0.024081815
5166.6666666666715,0.530700505,0.516969383,-1.23916394e-007,0.51908,0.51306051,-0.0107096257,0.510669231,0.507552862,-0.0200984962,0.50545615,0.504155934,-0.0289757494,0.501479,0.500550926,-0.0374081098,0.533596575,0.494895309,-0.0162052531,0.532855451,0.489517629,-0.0300515648,0.524651468,0.49537614,-0.0391208977,0.519281805,0.501040697,-0.0436399393,0.545730472,0.49957934,-0.017580865,0.547176123,0.495060831,-0.0321238,0.534178317,0.502321601,-0.0369802453,0.525790036,0.507755518,-0.0375692025,0.55392772,0.505773187,-0.0203590468,0.557139277,0.502575815,-0.0333078392,0.545123458,0.508219302,-0.0331833623,0.536038518,0.512411714,-0.0304084122,0.559857965,0.512613416,-0.023882186,0.560608387,0.511686,-0.0326695889,0.552002132,0.514804423,-0.0317710601,0.545024335,0.516806483,-0.0292677358
5166.6666666666715,0.259405792,0.595542192,-2.24800161e-008,0.279004455,0.589916885,-0.0126104793,0.300139487,0.591563702,-0.0199817047,0.314803243,0.597551644,-0.0240305495,0.327119529,0.602014124,-0.0271165874,0.277221501,0.597799718,-0.0292735584,0.296030104,0.608780086,-0.0375647545,0.309354931,0.612413645,-0.0391454324,0.317183256,0.614177942,-0.038957689,0.267673165,0.605101645,-0.0254451185,0.290257305,0.616862476,-0.0333898328,0.307096183,0.61856997,-0.0325179584,0.316155255,0.617583036,-0.0312598571,0.263630331,0.611019492,-0.0216874611,0.284038812,0.622354031,-0.0282598641,0.300546676,0.623530865,-0.0269863643,0.310272336,0.621962249,-0.0250983611,0.262699604,0.615131855,-0.0186080802,0.278810114,0.624402285,-0.023990538,0.291117817,0.625798285,-0.0245021675,0.300063193,0.624332726,-0.0241179243
5183.3333333333385,0.529154301,0.519085884,-1.29205475e-007,0.519275129,0.514672101,-0.0104465717,0.511952937,0.509537578,-0.0195552222,0.506813169,0.505950511,-0.0281401295,0.50101,0.503152132,-0.036104396,0.534202099,0.496138513,-0.0139251,0.532311261,0.492775,-0.0268102884,0.524300516,0.499094188,-0.0357696,0.518939078,0.504446685,-0.0403337777,0.546651304,0.500875115,-0.0148672955,0.545765579,0.4986884,-0.0276080985,0.533686638,0.505848408,-0.0321062207,0.525698185,0.511064112,-0.0328890122,0.554703653,0.507499337,-0.0172137916,0.556247592,0.506234407,-0.028673334,0.544862747,0.511893392,-0.028087981,0.536127388,0.51608789,-0.0252426881,0.559891045,0.514826834,-0.020407835,0.560818613,0.515038848,-0.0281215273,0.551780462,0.517959118,-0.0268463846,0.544434,0.519899487,-0.0241318401
5183.3333333333385,0.256645024,0.596114,-3.12073389e-008,0.276851058,0.590492487,-0.0117272399,0.298477143,0.592126131,-0.0186742675,0.313374549,0.597842097,-0.0226413123,0.325484037,0.602628887,-0.0256175194,0.27643925,0.598549306,-0.0265286453,0.295129567,0.608948,-0.0348015726,0.308779061,0.612706363,-0.0367960259,0.316827863,0.614569843,-0.0368332788,0.266862631,0.605568528,-0.0230922177,0.28823024,0.617148399,-0.0310971178,0.305151641,0.619413555,-0.0306646768,0.314728767,0.618697703,-0.0294926055,0.262775898,0.611168683,-0.0198256988,0.282219589,0.622435,-0.0265206695,0.298461,0.624237299,-0.0256900471,0.308571428,0.62297,-0.023785647,0.261986673,0.61484158,-0.0171783734,0.277241319,0.624412715,-0.0224713683,0.289233267,0.626631618,-0.0231459364,0.298282206,0.625822067,-0.0226754211
5200.0000000000055,0.530321598,0.518939316,-1.29219814e-007,0.52019304,0.515257478,-0.0105710449,0.511688888,0.510732949,-0.0199993085,0.505423665,0.508018434,-0.028846696,0.500496328,0.50630039,-0.0371933468,0.53463012,0.498560965,-0.0151297143,0.532262325,0.496360809,-0.0283540916,0.523996592,0.503513038,-0.0374740437,0.518209815,0.508972347,-0.0421053395,0.547273636,0.50368619,-0.0161684509,0.54632622,0.50230974,-0.0292272028,0.534032,0.510020196,-0.0335897431,0.525529444,0.515065551,-0.0342685692,0.555301547,0.510390937,-0.0185147375,0.556527317,0.509934127,-0.0305847302,0.544751167,0.516266942,-0.0295250099,0.535450578,0.52015245,-0.026216941,0.560269,0.517531753,-0.0216531847,0.561189353,0.518237829,-0.0295719467,0.551596642,0.521731198,-0.0275838561,0.543626785,0.523525655,-0.0243429281
5200.0000000000055,0.256119,0.595990479,-1.12907905e-008,0.275855392,0.590197742,-0.0116213551,0.297449112,0.591954112,-0.0185073614,0.312679082,0.597815275,-0.0222464167,0.325102687,0.602244496,-0.0250913277,0.275616497,0.597588658,-0.0279958099,0.294131458,0.608292758,-0.0361774899,0.308065474,0.612122655,-0.0379090309,0.316840053,0.613989413,-0.0378296599,0.266028941,0.605022371,-0.0245675836,0.289540321,0.616633356,-0.0323147699,0.30688411,0.618694663,-0.031549219,0.316596478,0.617920578,-0.0303758923,0.262062252,0.610970497,-0.0211766604,0.283231705,0.622738,-0.0276576597,0.299771875,0.624169111,-0.0266700238,0.309966445,0.622598231,-0.0248636566,0.261425018,0.614954054,-0.0183537826,0.2773664,0.624669135,-0.0236114208,0.289603382,0.626474202,-0.0242631342,0.298911691,0.625169635,-0.023900345
5216.666666666672,0.532936752,0.521479189,-1.39496152e-007,0.522559404,0.518219769,-0.0113158338,0.513183832,0.513836384,-0.0212467425,0.50570035,0.511685073,-0.0303360634,0.499254405,0.509882331,-0.0390128195,0.536427081,0.500912428,-0.0174270738,0.532381773,0.500088,-0.030907549,0.524463654,0.507340491,-0.0401980132,0.518859446,0.512991786,-0.044917617,0.549580693,0.505817115,-0.0180610456,0.546497524,0.506638,-0.0309533346,0.533931,0.514596581,-0.0351620913,0.525204599,0.519739,-0.0359247178,0.557509899,0.512604237,-0.019863233,0.556384563,0.514614463,-0.032192722,0.544312239,0.521198869,-0.0312029254,0.53541,0.524976194,-0.0279492345,0.56239444,0.519862831,-0.022466138,0.562382936,0.522191942,-0.0303814542,0.552327871,0.526164293,-0.0281727444,0.544680774,0.528043866,-0.024812296
5216.666666666672,0.259554386,0.596363664,-1.1352105e-008,0.277834564,0.589757204,-0.012275056,0.298497736,0.59141326,-0.0194756482,0.312783182,0.596668959,-0.0233057663,0.325121164,0.600833714,-0.0262290817,0.275999337,0.597340047,-0.0303646028,0.295051455,0.607480764,-0.0387336202,0.309501886,0.611165345,-0.0401352905,0.31842798,0.61287564,-0.0397460535,0.266783178,0.604875863,-0.0267884508,0.290010452,0.61635524,-0.0351798423,0.307525605,0.618062139,-0.0341880694,0.317064464,0.616760433,-0.0325719491,0.263268679,0.610801816,-0.0231442731,0.284271449,0.622055173,-0.030174166,0.300967842,0.623366177,-0.0289441589,0.311208546,0.621690214,-0.0267464463,0.263056904,0.614623129,-0.0200677216,0.279381394,0.624386549,-0.0255811103,0.291558295,0.626119435,-0.0258589014,0.300450951,0.624676228,-0.0251209792
5233.333333333339,0.5338853,0.523584,-1.49338987e-007,0.523660719,0.520775855,-0.0113512464,0.51329428,0.516403198,-0.0212807376,0.504703641,0.514674544,-0.0303049795,0.500676751,0.513809323,-0.0388926491,0.535606205,0.504122257,-0.0179765671,0.531765103,0.503995419,-0.0307080634,0.524275243,0.511454105,-0.0392562337,0.51894021,0.517429352,-0.0436571948,0.549367666,0.508893669,-0.0184461176,0.545845389,0.510366559,-0.030905921,0.533762395,0.518837631,-0.0348860137,0.524951518,0.524644077,-0.0356499217,0.558060467,0.515488207,-0.0199263282,0.556242526,0.517443895,-0.0320382267,0.544886827,0.524747908,-0.0308058616,0.536139965,0.529352725,-0.0274776053,0.563480556,0.522581935,-0.0221998859,0.563172,0.525166154,-0.0303728487,0.55355674,0.529527783,-0.028264707,0.545736849,0.531882882,-0.0249952059
5233.333333333339,0.25835529,0.594803572,-4.61922056e-008,0.277412236,0.588096678,-0.0126543436,0.299493283,0.590010822,-0.0202552415,0.314234912,0.595559716,-0.0243573729,0.326759905,0.599021435,-0.0276479647,0.275525063,0.595461428,-0.0309841391,0.294166505,0.605662346,-0.0400213674,0.309275538,0.609178185,-0.0424667448,0.318779349,0.610810757,-0.0429008715,0.26644063,0.602945805,-0.0271847323,0.288535774,0.614481449,-0.0359155573,0.307459652,0.616488755,-0.0357292593,0.318291068,0.615557,-0.0348704755,0.26295197,0.609008968,-0.0232926793,0.283734202,0.620074153,-0.0304027125,0.301151425,0.621448576,-0.0298973452,0.312007099,0.619991541,-0.0284189302,0.262917399,0.61318,-0.0200030468,0.279737145,0.622316241,-0.0256514791,0.292806864,0.624052763,-0.0265551824,0.302305251,0.623190403,-0.0264364425
5250.000000000006,0.534961,0.526202083,-1.47373484e-007,0.524901509,0.523651242,-0.0113343475,0.513863802,0.519527555,-0.0213057585,0.50493145,0.518220782,-0.0303354654,0.500637293,0.517812729,-0.0389866307,0.53512,0.506574273,-0.0185681,0.530355513,0.507833362,-0.0310570989,0.524077654,0.5156551,-0.0394900516,0.519625783,0.521725118,-0.0438473821,0.549176157,0.511120856,-0.0189142786,0.545145392,0.514081836,-0.0308019072,0.534320533,0.522311747,-0.0350333899,0.52594322,0.527824163,-0.0362908654,0.558389544,0.517681,-0.0201079044,0.556753218,0.520611882,-0.031977579,0.545878768,0.527977943,-0.0313153341,0.537017286,0.532509863,-0.0285202917,0.564394057,0.524762273,-0.0220526177,0.564599752,0.527866244,-0.0301234722,0.555608,0.532604456,-0.0282363649,0.547929049,0.535196781,-0.0251871534
5250.000000000006,0.260077477,0.592316031,-2.91705131e-008,0.279217392,0.586531639,-0.0110417958,0.300862,0.587870657,-0.0178375989,0.31606403,0.592684269,-0.0217265226,0.328671098,0.596637785,-0.0247413013,0.278564453,0.593888462,-0.0269378051,0.297524154,0.603655398,-0.0352563486,0.311855793,0.606939495,-0.0372299813,0.320233613,0.608235598,-0.0371821113,0.269436955,0.601099193,-0.0239994787,0.292378098,0.612416923,-0.0325087868,0.310609102,0.614068031,-0.0324093439,0.320391148,0.612789035,-0.031313017,0.265529,0.606904,-0.0210521,0.286679,0.617978811,-0.028078571,0.304009765,0.619526446,-0.027731834,0.314368725,0.618208528,-0.0260857046,0.264699459,0.610832036,-0.0185860284,0.280905336,0.620440483,-0.0237875171,0.293895632,0.62256223,-0.0244442709,0.303301275,0.621853709,-0.0240311902
5266.666666666673,0.535511613,0.528294683,-1.41780689e-007,0.525392056,0.52573359,-0.011404329,0.514548123,0.521912873,-0.021301439,0.505596876,0.521521926,-0.0302834064,0.501220047,0.522147417,-0.0389074385,0.534849703,0.509354,-0.0189725459,0.530005395,0.511158705,-0.0312373322,0.52453512,0.519126773,-0.0392810814,0.520518482,0.525301516,-0.0433024503,0.549376369,0.51356554,-0.0191050563,0.545171797,0.517166317,-0.0309643392,0.535445809,0.525360346,-0.0352811664,0.527276278,0.531274736,-0.036545556,0.559119463,0.519783258,-0.0199894458,0.556657374,0.523931,-0.0318363123,0.546496928,0.53143841,-0.0315285176,0.537752032,0.536360383,-0.0288792141,0.56558013,0.52657032,-0.0216350593,0.565976799,0.530549049,-0.0294543542,0.557799399,0.535474896,-0.0277094897,0.550189912,0.538452268,-0.02477213
5266.666666666673,0.26247108,0.591101587,-3.02440704e-008,0.28074491,0.584210277,-0.0114792855,0.302835,0.584917545,-0.0185551532,0.318449587,0.589786112,-0.022546282,0.331142217,0.593917072,-0.0257156696,0.28027761,0.590490043,-0.0286030304,0.300192475,0.600185752,-0.036736764,0.314425111,0.603913367,-0.038394969,0.323306739,0.606117904,-0.0383949839,0.271289736,0.598258555,-0.0255659949,0.295068681,0.609064281,-0.0336784609,0.313416719,0.610901058,-0.033444915,0.323619246,0.610185683,-0.0326617211,0.267546654,0.604682803,-0.0224341135,0.289703935,0.61519289,-0.0292876214,0.307093829,0.616678476,-0.0289984234,0.317790389,0.615623534,-0.0277374182,0.267105371,0.609128177,-0.0197930504,0.283907056,0.618162274,-0.0251583345,0.296915174,0.619926691,-0.0260319486,0.306497961,0.619147897,-0.0259989705
5283.33333333334,0.546589792,0.528089821,-1.13893726e-007,0.532954335,0.525276184,-0.00739020808,0.522194684,0.523146927,-0.0136549221,0.512191415,0.524123132,-0.0198288728,0.502855778,0.526744306,-0.0263978764,0.534705281,0.513319314,-0.0108304564,0.529373586,0.518296,-0.0212280042,0.526093423,0.52346015,-0.0295110326,0.523052454,0.52740711,-0.0343110599,0.547873795,0.517346,-0.0131426388,0.544301629,0.522679627,-0.0222256575,0.537016094,0.529967248,-0.0264188685,0.530191839,0.53521049,-0.0287742857,0.558704257,0.52318424,-0.0164508913,0.556127906,0.527797282,-0.0268399362,0.548263252,0.534531295,-0.0275051054,0.541269,0.539675176,-0.0263715591,0.565486789,0.529649615,-0.0202140957,0.562605262,0.533881426,-0.0279027484,0.556631863,0.538596272,-0.0265392102,0.551141262,0.542202175,-0.0244095549
5283.33333333334,0.26296,0.587748349,-2.52759662e-008,0.281952798,0.581223667,-0.0100401752,0.304829895,0.582028866,-0.0162333529,0.321278274,0.586729527,-0.0196136627,0.334488332,0.59025079,-0.0222093705,0.283182114,0.586828053,-0.0262078699,0.304401964,0.5958336,-0.0338636339,0.318178922,0.599466801,-0.0352929756,0.326911867,0.601712167,-0.0350966342,0.273889303,0.594580114,-0.0237520915,0.299742609,0.604964733,-0.0311754551,0.316884428,0.606888056,-0.0306209587,0.325950056,0.606403649,-0.029577272,0.269653589,0.601061821,-0.0211552847,0.294441938,0.6112293,-0.0273784678,0.310887814,0.612938643,-0.0265866723,0.320636421,0.612189889,-0.0249657966,0.26858142,0.605631113,-0.0189681798,0.286952853,0.614525795,-0.0237230379,0.299683779,0.61651355,-0.0240169559,0.308889151,0.615846574,-0.0235598311
5300.000000000007,0.55289191,0.5257442,-7.68014132e-008,0.534993052,0.525379837,-0.00801734813,0.521321,0.52653718,-0.0137265818,0.509881198,0.529350102,-0.0188297629,0.500282943,0.53200376,-0.0242535286,0.535424471,0.516911328,-0.0111098513,0.53121829,0.522576153,-0.0194255505,0.528104305,0.527659237,-0.027175514,0.525802076,0.53222096,-0.0326500796,0.54889822,0.520157874,-0.0124743804,0.542081952,0.529595912,-0.0194041766,0.537189126,0.535395622,-0.0247992203,0.533937335,0.539488912,-0.0297478102,0.559674621,0.525154829,-0.0145308068,0.552792,0.534530699,-0.0224139486,0.547584713,0.539361179,-0.0241033677,0.543422341,0.542580903,-0.0253558289,0.566871107,0.530549347,-0.017168982,0.562567651,0.538128674,-0.0239930749,0.558401883,0.541931033,-0.0237903353,0.555059373,0.544345677,-0.0233978685
5300.000000000007,0.266535759,0.584399343,9.85334658e-009,0.286086768,0.57809943,-0.00965924747,0.308734417,0.578901589,-0.0157211,0.324904621,0.583136201,-0.0190590192,0.338300616,0.586067915,-0.0217793081,0.286661118,0.582687676,-0.0262744743,0.308031887,0.59095639,-0.0343605019,0.321536571,0.595232487,-0.0362937,0.330949903,0.597758651,-0.036517702,0.276605278,0.590662301,-0.0242477283,0.301847965,0.599661827,-0.0316645913,0.319110543,0.602524817,-0.031695608,0.330227584,0.603102565,-0.0315739065,0.271789789,0.597640336,-0.0220918972,0.296180516,0.606594086,-0.0286136735,0.313036442,0.609054506,-0.0284823757,0.324878186,0.609077096,-0.0276633501,0.270333141,0.602997482,-0.0202787481,0.28906405,0.610951662,-0.025335595,0.301627189,0.612785,-0.0258195885,0.311709046,0.612264097,-0.025742406
5316.666666666674,0.270267665,0.580988288,2.14306972e-009,0.289084613,0.574195445,-0.00908389,0.311390638,0.574071109,-0.0154356277,0.328359574,0.577932596,-0.0192037206,0.342203885,0.581146955,-0.0223798845,0.289871454,0.577283919,-0.0273841638,0.313581556,0.585703075,-0.0357292108,0.326987118,0.589913428,-0.0373526737,0.335579932,0.592173636,-0.0371558145,0.280679941,0.585654497,-0.0258049704,0.308559656,0.594857812,-0.0331511,0.32590729,0.597771347,-0.03270505,0.336619765,0.598137319,-0.0322859287,0.276179314,0.593114436,-0.0239803419,0.302938819,0.602072775,-0.030255232,0.319806069,0.60439527,-0.0296796355,0.33106792,0.604093373,-0.0286594518,0.27477026,0.599027932,-0.0224432629,0.295186341,0.606638789,-0.0273082014,0.308316231,0.608376503,-0.0276613478,0.31852448,0.607629418,-0.0275575146
5333.333333333341,0.2750386,0.578758061,4.001528e-008,0.293102831,0.570476234,-0.00827340875,0.316225231,0.569083393,-0.0135750584,0.333421141,0.572283,-0.0164773222,0.347609669,0.574864149,-0.0187157616,0.293844521,0.571051359,-0.0250108559,0.317201465,0.57924217,-0.0321027935,0.330821,0.583727837,-0.0329155549,0.339726806,0.586032569,-0.0323018506,0.284410179,0.579562902,-0.0237472765,0.312271208,0.587972462,-0.03049176,0.329111606,0.591123223,-0.0298859607,0.339837044,0.591864049,-0.0294089485,0.28049615,0.587569296,-0.0222152267,0.307898134,0.595979571,-0.0280219894,0.324183643,0.598481,-0.0272840634,0.335806608,0.598345578,-0.0262269843,0.280101955,0.594601929,-0.0209008306,0.301774055,0.601089,-0.0251527131,0.31471616,0.602608502,-0.0250306912,0.3252033,0.601804256,-0.0246929936
5350.000000000008,0.551139772,0.526380479,-5.37452962e-008,0.557514489,0.528479159,-0.00407218141,0.561557,0.532444239,-0.00852494,0.563341737,0.536640465,-0.0127354041,0.56422925,0.540167809,-0.0173907503,0.56296736,0.52952534,-0.0119661661,0.56016016,0.536294,-0.0172767509,0.556194365,0.540751457,-0.0207277406,0.55315572,0.544138551,-0.0231406018,0.557041168,0.528290808,-0.0128399814,0.553289413,0.535562932,-0.0170137845,0.548736691,0.540713,-0.0194177516,0.544974208,0.544634044,-0.0219283979,0.550570965,0.527021468,-0.0135891819,0.547033727,0.533767,-0.0168850757,0.543867171,0.538162112,-0.0180792175,0.540981114,0.541343689,-0.0195301287,0.544340312,0.525903344,-0.0146617126,0.541831613,0.531160116,-0.0172693469,0.539936066,0.534893811,-0.0174547881,0.538632393,0.537648618,-0.0180182103
5350.000000000008,0.281993061,0.573559463,1.84594171e-007,0.29946804,0.566514492,-0.00677424064,0.320482969,0.563993156,-0.012376653,0.337321311,0.565907836,-0.0159770232,0.351284146,0.567603409,-0.0191797707,0.299344152,0.564123452,-0.0240696948,0.321713358,0.572043121,-0.0317249,0.336845,0.577088356,-0.0334964022,0.346993119,0.580663741,-0.0335755423,0.288968742,0.572535753,-0.0240239389,0.317002088,0.581285179,-0.0306663215,0.334312767,0.585326,-0.0302497521,0.345062643,0.587296903,-0.0301500149,0.283276647,0.580791712,-0.0235524289,0.310086757,0.589527547,-0.0289496295,0.327847,0.592742622,-0.0284422841,0.339799792,0.5931741,-0.0279071741,0.281471074,0.588024437,-0.0231640283,0.304379493,0.594663858,-0.0270995684,0.318750858,0.596825421,-0.0269296076,0.329624921,0.596537709,-0.0267298184
5366.666666666675,0.55350548,0.529499352,5.79457158e-008,0.544021547,0.53006196,-0.00523251668,0.537333727,0.532710493,-0.00871586334,0.534958303,0.537157536,-0.0112499222,0.535142958,0.540973,-0.0142908115,0.544677675,0.527854145,-0.0133971618,0.54260987,0.535530269,-0.0184976049,0.540333271,0.541089,-0.0216179397,0.538640499,0.545412958,-0.0236671083,0.553761065,0.529081106,-0.0132716699,0.551698685,0.5376845,-0.017578274,0.548263848,0.543650389,-0.0198871382,0.545523465,0.547768354,-0.0221066456,0.560924709,0.530814528,-0.0130304573,0.558860302,0.538811862,-0.0167601723,0.555187583,0.544231713,-0.0176902078,0.552131176,0.547743082,-0.018553406,0.565962791,0.532932341,-0.01306995,0.564592659,0.538772106,-0.0163181368,0.561762214,0.542927504,-0.0168926474,0.559196174,0.545814157,-0.0174221303
5366.666666666675,0.289536655,0.568612218,2.16030912e-007,0.306404054,0.560174286,-0.00416336209,0.32708928,0.556808829,-0.0089581525,0.344019979,0.558702767,-0.0122191086,0.35711506,0.560989082,-0.0151230963,0.304474741,0.557149231,-0.020305993,0.32727322,0.564611,-0.0260551237,0.342335552,0.568826139,-0.0267983954,0.351944894,0.572054803,-0.026449604,0.29513061,0.566179037,-0.0211896971,0.32422781,0.574380696,-0.0258116424,0.341316432,0.577963054,-0.0238811374,0.351001829,0.579580843,-0.0230703671,0.290385962,0.57477814,-0.0214982592,0.318784028,0.58272469,-0.0249107555,0.336165696,0.585465908,-0.0223127976,0.346607953,0.58530581,-0.0208057109,0.28983885,0.582234502,-0.0218527969,0.313830078,0.587818801,-0.023683494,0.327541202,0.589384556,-0.0214606076,0.336211443,0.58833909,-0.0201442651
5383.333333333342,0.557635,0.530804276,1.11495766e-007,0.547185063,0.532129765,-0.00614893856,0.542035043,0.536347151,-0.0103882952,0.541221499,0.540852785,-0.0134820724,0.541436136,0.544138,-0.0168770943,0.547190964,0.530689836,-0.0153996823,0.544655919,0.539382875,-0.021081714,0.542766809,0.545504153,-0.0238693394,0.54178679,0.550538123,-0.0254859142,0.556829929,0.531199336,-0.0148356045,0.555722177,0.54031235,-0.0203494933,0.552398741,0.547053635,-0.0228749439,0.549266338,0.552431107,-0.0247531,0.564413726,0.532568514,-0.0140869804,0.562707484,0.541419,-0.0188999325,0.558133662,0.547349632,-0.0206130408,0.554371119,0.551691771,-0.0215227529,0.569283247,0.53493607,-0.0135381548,0.567902267,0.541446745,-0.0173109025,0.564409,0.546243,-0.0185918789,0.560934544,0.550053,-0.0193870589
5383.333333333342,0.288536966,0.561019838,6.99703122e-008,0.30679512,0.553562045,-0.0047432268,0.330782592,0.550179482,-0.0103054829,0.348968655,0.551345527,-0.0145342024,0.362653673,0.553509235,-0.0180701688,0.31184265,0.549990058,-0.0219710842,0.336885184,0.556134403,-0.0295585077,0.349058896,0.560453892,-0.0311940257,0.356067657,0.563275695,-0.030856749,0.302363753,0.557946324,-0.023157429,0.333780944,0.565907836,-0.0291360617,0.348537,0.57025218,-0.027861312,0.356799036,0.572339296,-0.026906684,0.296623439,0.566351771,-0.0237580314,0.327115655,0.574722469,-0.0285297148,0.342103064,0.577955782,-0.0258523133,0.351340175,0.578443408,-0.0236312579,0.294017345,0.574509621,-0.024389023,0.320232451,0.580396235,-0.0270259641,0.332572639,0.582032204,-0.0243740045,0.340546429,0.581133187,-0.0222847778
5400.000000000009,0.563014627,0.531060517,1.10947504e-007,0.547647893,0.530714393,-0.0102108512,0.534036517,0.534699,-0.017510239,0.527246535,0.539809465,-0.0225447379,0.519704,0.544106662,-0.027521342,0.553145528,0.533525288,-0.025778776,0.551168084,0.541174829,-0.0346145257,0.547519684,0.547382832,-0.0382393189,0.544261515,0.552999616,-0.0402681418,0.566367328,0.536721885,-0.0233648233,0.564436436,0.545203388,-0.0313077495,0.558460414,0.551949322,-0.0328036249,0.552456,0.557280242,-0.0340562686,0.575277686,0.540032685,-0.0208257828,0.574978292,0.548540711,-0.0277606864,0.569138348,0.555039048,-0.0298090056,0.563044071,0.560115,-0.0309697017,0.580671847,0.543136954,-0.0187962782,0.582499146,0.551100969,-0.0249442793,0.578771293,0.556598902,-0.0278136209,0.573439181,0.561085343,-0.0296381339
5400.000000000009,0.29493174,0.55475539,2.17318487e-007,0.311686754,0.546651483,-0.00348352664,0.333837599,0.543257952,-0.00918532442,0.353384107,0.544555724,-0.0136669967,0.368635356,0.545259297,-0.0178525411,0.315094382,0.542131186,-0.0221068859,0.341189295,0.547464371,-0.0294760484,0.355793774,0.55236876,-0.0312192719,0.363569945,0.55641824,-0.0312154442,0.305854887,0.550506771,-0.0237711202,0.33738184,0.557305634,-0.0288322493,0.354140133,0.561645389,-0.0267456584,0.362909973,0.563824415,-0.0259774234,0.300685197,0.559367061,-0.0247589499,0.332546949,0.566801548,-0.028228201,0.349226892,0.569925725,-0.0240482818,0.358241886,0.570332706,-0.0216596778,0.299575418,0.567805529,-0.025793083,0.326593161,0.572782576,-0.027454583,0.340052217,0.574361801,-0.0238754414,0.347440183,0.573637664,-0.0215429
5416.666666666676,0.562412679,0.530242264,1.7741695e-007,0.545077384,0.530942559,-0.0124854464,0.53291136,0.534903169,-0.0214347411,0.52726537,0.540498137,-0.0278342292,0.522568226,0.546200335,-0.033713907,0.555970669,0.534126103,-0.0283036493,0.554830074,0.543484688,-0.0382396691,0.550786912,0.550593197,-0.0422177836,0.547225773,0.556283474,-0.0439811349,0.568825483,0.537346184,-0.0251177102,0.567260742,0.547550499,-0.0340103358,0.560366035,0.555232,-0.0357757621,0.553579867,0.560521543,-0.0366271548,0.576639652,0.540667295,-0.0219034273,0.577418,0.550122321,-0.0293384455,0.570767939,0.557335675,-0.031281624,0.563619196,0.562469125,-0.0320135616,0.580583692,0.543763399,-0.0194085967,0.584088743,0.552088857,-0.025697533,0.580024183,0.55837363,-0.0281883013,0.573413908,0.563208461,-0.0293267947
5416.666666666676,0.295569271,0.550070167,2.33100522e-007,0.312573791,0.540141,-0.0032562851,0.335564762,0.536338627,-0.00971581,0.356821686,0.536627471,-0.0151936,0.372258395,0.536177754,-0.0206441451,0.317447245,0.534806788,-0.0214938242,0.342107058,0.539057374,-0.0304969419,0.358317077,0.543384194,-0.0343916416,0.367583483,0.547079206,-0.0358643271,0.309512019,0.543374121,-0.0237362068,0.339833498,0.54854095,-0.0300547,0.358640879,0.552538037,-0.0300265644,0.369564295,0.554675877,-0.0309020299,0.306158483,0.552665651,-0.0253609493,0.337257862,0.558205962,-0.0296830665,0.355622232,0.560762882,-0.0269747246,0.365990222,0.561335623,-0.0257028136,0.30671984,0.561596692,-0.0271012969,0.331843317,0.564768612,-0.0289891828,0.346818417,0.565503061,-0.0263301693,0.35599339,0.564898133,-0.0247539543
5433.333333333343,0.561526835,0.531138659,2.02246156e-007,0.545132041,0.532339871,-0.0141917923,0.533836,0.536331177,-0.0242187884,0.530474186,0.542594612,-0.0314006433,0.526165485,0.548440814,-0.0379000157,0.559349477,0.537071466,-0.0285964794,0.55805248,0.546239316,-0.0390342735,0.554281235,0.553477168,-0.0441078804,0.550173342,0.559105277,-0.0466940925,0.57147634,0.54050833,-0.0247642137,0.569947839,0.550556,-0.0339674912,0.563137829,0.55844748,-0.0367933959,0.55629617,0.563947678,-0.0384081639,0.578168571,0.543959856,-0.0210572816,0.579410911,0.553154528,-0.0287769027,0.573278189,0.560616136,-0.0314934067,0.566686869,0.565870106,-0.0327696502,0.581062496,0.546991646,-0.0181966759,0.585022807,0.554870784,-0.0246189721,0.581696272,0.560957074,-0.0272240825,0.576263487,0.565650046,-0.0283619985
5433.333333333343,0.297657609,0.538649201,1.8680602e-008,0.316714764,0.531001449,-0.00380548974,0.342860341,0.528249502,-0.00995054655,0.363376975,0.529162109,-0.014973673,0.378569335,0.529360831,-0.0187179148,0.326034188,0.525451601,-0.0249373764,0.364132553,0.532879472,-0.0355816521,0.370236158,0.536607146,-0.0372548923,0.367978901,0.537141442,-0.0355083309,0.318018705,0.533716142,-0.0264056753,0.36087206,0.542056084,-0.0359437205,0.367849,0.545698225,-0.0335605741,0.366854519,0.54551065,-0.0301962849,0.313211739,0.543181896,-0.0272443555,0.354956508,0.551707506,-0.0336602032,0.361355335,0.553975284,-0.0269298963,0.360797435,0.552711487,-0.0207046289,0.310609251,0.552397668,-0.0281513892,0.343007505,0.557665348,-0.0304172896,0.349271029,0.558657467,-0.0250591151,0.348667175,0.557465732,-0.0204927735
5450.00000000001,0.561632693,0.532038629,2.11369681e-007,0.545043588,0.533645809,-0.0154352803,0.534540474,0.537778497,-0.0264832787,0.530967176,0.544176757,-0.0346981138,0.527522326,0.550151408,-0.042232696,0.560276747,0.538360238,-0.0311036259,0.561055,0.549589097,-0.042451594,0.557642,0.557611465,-0.0477056131,0.553765,0.563689351,-0.0502014,0.572592497,0.541401148,-0.0269393,0.573405266,0.553050339,-0.036704,0.566847086,0.561260819,-0.039559219,0.5599612,0.566487253,-0.0411345065,0.579132,0.544725955,-0.0229515098,0.581962764,0.555226207,-0.030835079,0.576396286,0.56315589,-0.0337452665,0.570026278,0.568360567,-0.0351549275,0.581670046,0.547847867,-0.0199346077,0.586569488,0.556838751,-0.026157992,0.583350122,0.563452363,-0.0288628601,0.577707887,0.568170846,-0.030119665
5450.00000000001,0.303785145,0.53445822,1.17152723e-007,0.321084917,0.526761115,-0.00406440953,0.347466439,0.523763716,-0.0103848344,0.368883312,0.523640692,-0.0155397346,0.383137435,0.519492507,-0.020078931,0.335392207,0.51753056,-0.0242869388,0.366696119,0.5231179,-0.0345978625,0.370783865,0.527265191,-0.0376683734,0.368130952,0.528265655,-0.0378362685,0.327041328,0.525393069,-0.0263438039,0.362050563,0.533186793,-0.0335662551,0.368114,0.536217153,-0.0317044817,0.366945028,0.535825133,-0.0306466836,0.32157132,0.534612477,-0.0279456079,0.357285917,0.5429281,-0.0322201662,0.364810467,0.544715345,-0.0266081076,0.36678195,0.543553174,-0.0234108679,0.318559498,0.543877363,-0.0297435895,0.346983701,0.548859239,-0.0315697081,0.353440106,0.549621,-0.0271259472,0.355609804,0.548175812,-0.0242714677
5466.666666666677,0.562131822,0.532690108,2.02614956e-007,0.545644701,0.5344401,-0.0160114113,0.535371125,0.539171755,-0.0270168763,0.532694101,0.545922637,-0.0349682048,0.530813456,0.552717865,-0.0422458239,0.561959684,0.541087866,-0.0313971974,0.563292265,0.552035272,-0.0427657925,0.560148,0.56008178,-0.048131682,0.556254447,0.566365957,-0.050703153,0.574333489,0.54433018,-0.0269091409,0.575487,0.555855274,-0.0366089717,0.568878055,0.564036489,-0.0396517441,0.561962426,0.56924063,-0.04139328,0.58063674,0.547466636,-0.0226282813,0.58384639,0.557979,-0.0304577723,0.577647686,0.565717697,-0.0334299095,0.570968091,0.57075429,-0.0349501111,0.582892239,0.550114036,-0.0193339381,0.588213146,0.55927068,-0.025390964,0.585342407,0.566026,-0.0280141681,0.580327511,0.570867777,-0.0293078
5466.666666666677,0.307916015,0.527313352,2.58490331e-007,0.326219767,0.518462777,-0.00318081281,0.349610865,0.514662445,-0.0100715645,0.370640308,0.514259398,-0.016294118,0.385396928,0.511764288,-0.0224899091,0.334793895,0.510138,-0.0216431599,0.359225124,0.512209654,-0.0317424797,0.374759018,0.515964687,-0.0365366638,0.384125948,0.519255519,-0.0387087427,0.326785296,0.517368615,-0.0244055446,0.35733211,0.520853758,-0.0327979885,0.37600255,0.525431752,-0.0340534486,0.386713147,0.528521419,-0.035275735,0.323059022,0.526023686,-0.0265773702,0.355162889,0.530599415,-0.0328660905,0.372792155,0.534070969,-0.0309670288,0.382371157,0.535530627,-0.0297278184,0.322322816,0.535186172,-0.0287781563,0.349033684,0.538605869,-0.0321260616,0.36388427,0.539984822,-0.0302884877,0.373133481,0.539818704,-0.0289948229
5483.333333333344,0.561770737,0.535032034,2.1619968e-007,0.545675278,0.536559045,-0.0171038639,0.536323428,0.541100323,-0.0284367651,0.534447134,0.547959089,-0.0363898538,0.532971561,0.555063725,-0.0435290523,0.564747036,0.543304622,-0.0320709273,0.564990938,0.55658561,-0.0428593867,0.560439706,0.564560354,-0.0474846028,0.556100905,0.570254445,-0.0494822748,0.57653749,0.546378911,-0.0266806968,0.576819599,0.559484303,-0.0357141,0.569548965,0.567581058,-0.0381348729,0.562246799,0.572355807,-0.0395153202,0.582169771,0.549462199,-0.0216041487,0.58490622,0.561224461,-0.0288366266,0.578605,0.569023669,-0.0315049663,0.571646333,0.573985636,-0.0330248773,0.583854496,0.552358568,-0.0175805818,0.588237882,0.562074363,-0.023302881,0.585014,0.568660796,-0.0258979201,0.579612,0.573221505,-0.0272831433
5483.333333333344,0.313873947,0.521002829,2.08205421e-007,0.332616985,0.512350798,-0.00253457506,0.355393708,0.508090675,-0.0083460249,0.37392953,0.50688,-0.0140923569,0.387038738,0.50439924,-0.0200674813,0.342030853,0.502095222,-0.0177472,0.364287853,0.503777087,-0.0286510065,0.377032638,0.507353306,-0.0355706476,0.383363068,0.510286212,-0.0393394195,0.335084379,0.508979082,-0.021538008,0.365601,0.512669861,-0.0314210132,0.377754658,0.515744925,-0.0345384665,0.381054848,0.517156661,-0.0365872979,0.331362426,0.51777792,-0.0249323361,0.364459544,0.522154808,-0.0322737,0.37496087,0.524165571,-0.0302851219,0.377607763,0.524073482,-0.0287663825,0.329376608,0.527007043,-0.0284722969,0.355056018,0.530933321,-0.0327116102,0.364457607,0.531452894,-0.0305008367,0.368666589,0.530403554,-0.0286925044
5500.000000000011,0.56321764,0.536719799,2.02106278e-007,0.547147572,0.538621485,-0.0167073,0.537906826,0.543207228,-0.0285414,0.535269082,0.5499295,-0.0371982045,0.535623312,0.557552,-0.0451715067,0.565698504,0.546344757,-0.0322618373,0.568113923,0.559075475,-0.0432112031,0.563684225,0.567060351,-0.0483736843,0.5583722,0.572529078,-0.0508729815,0.577315152,0.549336851,-0.0273869839,0.577748835,0.563334584,-0.0364820696,0.569810867,0.571297228,-0.0395937152,0.561954319,0.575462043,-0.0417349339,0.582557082,0.552101791,-0.0227213241,0.584761202,0.565118253,-0.0296119861,0.577591181,0.572841644,-0.0325814821,0.570028543,0.577246606,-0.034671668,0.583807111,0.554400146,-0.0190850627,0.587662756,0.564961553,-0.0246716589,0.583653212,0.571851552,-0.0275678765,0.577724397,0.576236367,-0.0294021927
5500.000000000011,0.320393652,0.513321459,2.82813602e-007,0.339164048,0.505637,-0.00280007161,0.361299515,0.501484,-0.00904001761,0.381083608,0.500482917,-0.0147187347,0.393493235,0.497497022,-0.0203941576,0.343974799,0.494605,-0.0206281953,0.365732223,0.494085133,-0.0307044238,0.383503318,0.497233778,-0.03589385,0.396016926,0.500896156,-0.0384279899,0.337587297,0.501499176,-0.0239602663,0.36722815,0.503606319,-0.03234322,0.386350036,0.507912755,-0.0339992084,0.39809,0.51117605,-0.0354333073,0.335089147,0.509858191,-0.0267924033,0.3653889,0.513527453,-0.0333935842,0.383291215,0.516460598,-0.0321651138,0.393825412,0.51810354,-0.0312512293,0.335377961,0.519026816,-0.0297012683,0.360569656,0.521672547,-0.0332594551,0.375499278,0.522616,-0.0317509696,0.385632575,0.522935867,-0.0305991732
5516.666666666678,0.56178242,0.538282573,2.05522e-007,0.546950638,0.540677667,-0.015620037,0.538997591,0.546310127,-0.0259146597,0.538192153,0.553572714,-0.0330028646,0.538215697,0.560911715,-0.0393148512,0.567088723,0.549656153,-0.0285309013,0.568276882,0.562881708,-0.0379693061,0.563961,0.571020842,-0.0422029905,0.55965668,0.576597214,-0.0440067761,0.577789426,0.55209589,-0.0234259851,0.577906072,0.566380262,-0.0310694128,0.570831656,0.574654281,-0.0330767557,0.564011335,0.579226315,-0.0342051126,0.582333088,0.554409325,-0.0186042041,0.584951282,0.567544222,-0.0244989563,0.578557253,0.575324893,-0.0264102053,0.571666539,0.580017626,-0.0275610015,0.583170533,0.556346297,-0.0147703085,0.586229682,0.567128718,-0.0195549559,0.582213104,0.573754728,-0.0215374921,0.57684052,0.577921748,-0.0225211084
5516.666666666678,0.325117171,0.505439758,3.09965344e-007,0.341135681,0.496399641,-0.00346772186,0.360914797,0.491769254,-0.0106431916,0.379472822,0.492394596,-0.0173120666,0.392183959,0.494688839,-0.0241732169,0.348369867,0.486561865,-0.0223946087,0.37149629,0.486016899,-0.0335004777,0.389466822,0.489494354,-0.039821066,0.401742518,0.493404299,-0.043173492,0.342769027,0.493810087,-0.0260369666,0.372253418,0.495611668,-0.0359408446,0.391591936,0.499666214,-0.038345281,0.403016746,0.502972424,-0.0398285277,0.340188444,0.502439797,-0.0291718896,0.36961025,0.506208,-0.0367319323,0.38846,0.508894265,-0.0360831,0.399706185,0.510652721,-0.0351789705,0.34039706,0.511556625,-0.0324470103,0.364128113,0.514132559,-0.0364010744,0.379025936,0.514899671,-0.0347602703,0.389108211,0.51518023,-0.0332790613
5533.333333333345,0.562611103,0.540872753,2.02843196e-007,0.547350228,0.543121636,-0.0155456811,0.540783107,0.548719823,-0.0255128089,0.540850937,0.556219101,-0.0323513635,0.541048646,0.564032,-0.0384508856,0.568110645,0.552963376,-0.02768928,0.56944567,0.566281378,-0.0368487313,0.564733267,0.57412082,-0.04091914,0.560154915,0.579371691,-0.0427154563,0.578402162,0.555393338,-0.0224878397,0.578343332,0.569859,-0.0301509,0.570631,0.578045249,-0.0321903415,0.563588858,0.582587779,-0.0333584063,0.582644463,0.557542622,-0.0175932311,0.58471489,0.570776,-0.0234079175,0.577285051,0.57828182,-0.0252196826,0.569636762,0.582552195,-0.0262695942,0.583255112,0.559160054,-0.0137196155,0.586142361,0.570079625,-0.018257603,0.581694841,0.576595962,-0.0200998336,0.575933099,0.580312192,-0.0210198425
5533.333333333345,0.33140102,0.500067413,2.96048256e-007,0.34721148,0.491908431,-0.0031258245,0.367673695,0.486648321,-0.00943083782,0.386903137,0.486359566,-0.0154728424,0.40043667,0.486460865,-0.0216414146,0.354162484,0.479765803,-0.0202349573,0.375361562,0.479222178,-0.0314952433,0.39280808,0.4823201,-0.0383387282,0.404907942,0.485977352,-0.0420505702,0.348055571,0.486520857,-0.024265049,0.375288337,0.487866104,-0.0346077792,0.39512223,0.491916835,-0.0380587801,0.407646328,0.495510608,-0.040122807,0.34504208,0.495032191,-0.027916912,0.373013824,0.497941136,-0.0362883098,0.391648948,0.501097322,-0.0363961123,0.403235465,0.503167927,-0.0357788689,0.344639182,0.504137635,-0.0317183,0.368134558,0.506552219,-0.0368438512,0.382510871,0.507803619,-0.0358761922,0.392545253,0.508561611,-0.0346172974
5550.000000000012,0.560991585,0.542801142,1.92872008e-007,0.54664278,0.545701683,-0.0148200635,0.541537344,0.551504552,-0.0238665324,0.54217279,0.559068084,-0.0300596841,0.542589545,0.567155,-0.0353898555,0.569211125,0.556705773,-0.0240191072,0.571701586,0.57033354,-0.0322815701,0.56657213,0.577825248,-0.0358632691,0.56111604,0.582548618,-0.037216071,0.578325808,0.558868587,-0.0188255385,0.579110265,0.573553503,-0.0262879021,0.570941567,0.581409454,-0.028469611,0.56311065,0.585305631,-0.0293171294,0.58178705,0.560737312,-0.0140553787,0.584129393,0.573995054,-0.0197777469,0.576390803,0.581118524,-0.0215907879,0.56826514,0.584750116,-0.0222545061,0.582293928,0.562191606,-0.0102695776,0.586301625,0.57297492,-0.0149082216,0.58186686,0.579110146,-0.0166699607,0.575559378,0.582205534,-0.01715477
5550.000000000012,0.336123556,0.494321942,2.79762872e-007,0.350509405,0.486213535,-0.00258669932,0.369255245,0.480808318,-0.00865653157,0.38740924,0.480268359,-0.0147007518,0.400584936,0.481062919,-0.0210574213,0.359090805,0.473243415,-0.0195069592,0.381757796,0.472466975,-0.0306794122,0.398957789,0.47574845,-0.0372219272,0.41005078,0.479391098,-0.0407184251,0.353216618,0.479188293,-0.0238231029,0.382320315,0.480950654,-0.034250997,0.400644898,0.485245079,-0.0372447707,0.411868751,0.488927484,-0.0388446972,0.349839121,0.487495661,-0.0277803633,0.3791264,0.490901202,-0.0362821333,0.396893144,0.494157404,-0.0363651514,0.408256233,0.496753782,-0.0356709659,0.34884271,0.496750861,-0.0318485312,0.372172594,0.499564022,-0.0371986628,0.387193084,0.501116,-0.0365033,0.3981466,0.502431571,-0.0353687
5566.666666666679,0.560620546,0.545187235,1.82452666e-007,0.546530962,0.548425734,-0.0142403059,0.542143703,0.554891765,-0.0227051601,0.543266237,0.562630415,-0.0283748284,0.543786466,0.570654631,-0.033196751,0.56945616,0.560332298,-0.0230113417,0.570832789,0.57401669,-0.0304833371,0.565151334,0.581034064,-0.033505898,0.559642553,0.585332513,-0.0346030481,0.578433454,0.561917543,-0.017921811,0.578273416,0.576915,-0.0249255113,0.569865704,0.584433079,-0.0267405175,0.562139,0.588134944,-0.0273801573,0.581745386,0.563363492,-0.0132120019,0.58366,0.57731235,-0.0184718017,0.576018035,0.584309578,-0.0200301129,0.568203568,0.588102698,-0.0206435472,0.581957221,0.564438522,-0.00945035554,0.584917188,0.57573849,-0.0135580814,0.58055985,0.581932545,-0.0151526369,0.574764252,0.585259855,-0.0156626888
5566.666666666679,0.339816511,0.489303291,2.88745866e-007,0.354234457,0.480957568,-0.0028626665,0.372307956,0.474863261,-0.00988614373,0.390535116,0.474083,-0.0169836897,0.403884083,0.474165171,-0.0244495273,0.36284107,0.467181653,-0.0215121768,0.38564,0.465572953,-0.0343806781,0.403741241,0.468558073,-0.0422098376,0.415244728,0.472470313,-0.0464684628,0.357254744,0.4736332,-0.0265030395,0.384673536,0.474535227,-0.0397746377,0.405152321,0.478639036,-0.0442696,0.417416602,0.482475698,-0.0464690328,0.353923678,0.48213467,-0.0311740674,0.381794453,0.483904958,-0.0422328115,0.400897294,0.487480968,-0.0435997248,0.412475288,0.490253091,-0.0432459824,0.352786243,0.491351068,-0.0358912945,0.376176596,0.492842227,-0.0435877368,0.391332358,0.494489044,-0.0440196693,0.401791453,0.496039093,-0.043271184
5583.333333333346,0.560251951,0.54760325,1.7027233e-007,0.546596,0.551239967,-0.012858713,0.542395,0.558152914,-0.020487424,0.543395936,0.566225052,-0.0256850962,0.543999255,0.574232757,-0.0300046783,0.569453418,0.563443303,-0.020443188,0.570595324,0.576901793,-0.0276044477,0.564546108,0.583708405,-0.0305567756,0.558576882,0.587708592,-0.0316139869,0.578227699,0.565006554,-0.0160438661,0.578044355,0.580037713,-0.0230920985,0.569497,0.5874632,-0.0250720773,0.561336696,0.590873301,-0.0256685652,0.581389308,0.566464782,-0.0120065631,0.583038688,0.580271482,-0.0174383204,0.575106382,0.587187052,-0.0190467481,0.566985965,0.590675712,-0.0195148177,0.581400871,0.567541718,-0.00880963821,0.584269464,0.578703582,-0.012992912,0.579601169,0.584637821,-0.0144079151,0.573396444,0.587636,-0.014652553
5583.333333333346,0.343892097,0.484970808,2.72934955e-007,0.358774066,0.47662437,-0.00250582607,0.3768197,0.470175683,-0.00965761114,0.3941347,0.468777835,-0.0169164408,0.407191753,0.468809128,-0.0245348923,0.367952257,0.462317556,-0.0226815529,0.390900314,0.459874213,-0.0357402451,0.408690751,0.463755906,-0.0429697819,0.419330299,0.468261629,-0.0466951318,0.361910492,0.468675613,-0.0279891174,0.389716506,0.468960345,-0.0417360291,0.41027537,0.473337,-0.0459087528,0.422318548,0.47740832,-0.0478152446,0.357994229,0.477076948,-0.0328994058,0.385894,0.478694111,-0.0442226,0.40543294,0.482219577,-0.0454987548,0.417193115,0.484929919,-0.0451053679,0.356209636,0.48629567,-0.0377742313,0.379337221,0.487235695,-0.0453991219,0.394851416,0.488658667,-0.0457000807,0.405571759,0.490035653,-0.0449659228
5600.000000000013,0.558523357,0.549642384,1.61319321e-007,0.54598105,0.554146469,-0.0116448766,0.542825,0.561761439,-0.0180719793,0.544284523,0.569999158,-0.0224253349,0.544432282,0.577883,-0.0259551238,0.568966389,0.567087293,-0.0165256858,0.570079,0.580528498,-0.0228682905,0.56379348,0.587167323,-0.0258134417,0.55757159,0.591056287,-0.0268815439,0.576741099,0.568036795,-0.012451265,0.57802093,0.582966149,-0.0188233498,0.56980741,0.589946747,-0.0209414754,0.561725736,0.592989504,-0.0214887634,0.579241812,0.568970084,-0.00881529,0.581962049,0.582654357,-0.0138346097,0.574110627,0.589178741,-0.015435257,0.566086054,0.592323244,-0.0157411434,0.578763187,0.569620848,-0.00596982,0.581855774,0.580723763,-0.00982730556,0.576968849,0.586438596,-0.0109809991,0.570729792,0.589241087,-0.0109452894
5600.000000000013,0.348043799,0.482577026,2.63641454e-007,0.360653818,0.473329872,-0.00184781954,0.377402902,0.465950698,-0.00881321263,0.394645274,0.46387887,-0.0160662811,0.408319384,0.463991314,-0.0237572286,0.370372385,0.458778709,-0.0215183962,0.39357841,0.455206275,-0.0344482623,0.411640733,0.458123505,-0.0419703349,0.423574567,0.462174833,-0.0461027697,0.364890158,0.464991689,-0.0270406,0.393500954,0.464087576,-0.0407019444,0.413700312,0.467867017,-0.0450649,0.425830752,0.471770734,-0.0471161902,0.361641437,0.473240107,-0.0321670175,0.389779717,0.473825365,-0.0433605798,0.40922907,0.477032781,-0.0449263975,0.421298146,0.479706526,-0.0447504185,0.360449106,0.482345939,-0.0372024588,0.383721054,0.482620031,-0.0447438732,0.399072319,0.483727098,-0.0454229638,0.410072714,0.484798849,-0.0450050086
5616.66666666668,0.558436751,0.552747726,1.73309886e-007,0.545713127,0.557252109,-0.0122727007,0.542910218,0.56492275,-0.0189268384,0.544871628,0.573236585,-0.023292331,0.54458648,0.581212819,-0.026841104,0.568955362,0.569580257,-0.0181866232,0.569175661,0.583582938,-0.025084205,0.562374711,0.590542436,-0.0282107573,0.55581975,0.594573855,-0.0293613132,0.576649368,0.570869446,-0.013877186,0.576917171,0.586261868,-0.0206741616,0.567897379,0.593544543,-0.022790771,0.559121668,0.596827865,-0.023329759,0.578717947,0.572058916,-0.00998632424,0.580186307,0.585962534,-0.0154850278,0.571839333,0.592692494,-0.0171722304,0.56333214,0.596021473,-0.0175319351,0.577743769,0.572915852,-0.00690241251,0.579688,0.58410114,-0.0113125481,0.574211121,0.590004086,-0.0126990573,0.567563593,0.592966497,-0.0127993459
5616.66666666668,0.349244207,0.479602367,2.33758158e-007,0.363288641,0.471053362,-0.00191239163,0.381894439,0.463453531,-0.00836136,0.400510103,0.460855812,-0.0151831042,0.415216923,0.459961414,-0.0225572921,0.374067187,0.45602268,-0.0201749,0.396875024,0.451471984,-0.0328805186,0.414801121,0.454047054,-0.0403789952,0.426850587,0.458002567,-0.0444779135,0.369091243,0.461706787,-0.02557257,0.397271246,0.460148692,-0.038611751,0.417364508,0.463892102,-0.0429545939,0.429426402,0.467797369,-0.0451401845,0.366016865,0.469671428,-0.0306966603,0.393159181,0.469727278,-0.0416493155,0.412825316,0.472889036,-0.0433618091,0.425180167,0.475819379,-0.0433638804,0.364829272,0.478732646,-0.0357479975,0.387050062,0.478651375,-0.0431670025,0.402638733,0.479809076,-0.04387464,0.413963,0.481252611,-0.0435643904
5633.333333333347,0.558202386,0.555066,1.69183721e-007,0.545252919,0.559965074,-0.0123626282,0.541929245,0.568154931,-0.0189153682,0.543273211,0.576715291,-0.0232220907,0.542996168,0.584917068,-0.026653586,0.567844927,0.572980523,-0.0169215258,0.567803621,0.586870074,-0.0232596733,0.561508119,0.593526661,-0.0262367278,0.555294335,0.597256422,-0.0273357686,0.575488031,0.57370311,-0.0124563649,0.576133847,0.588669062,-0.0190425925,0.56747961,0.595458329,-0.0213371105,0.558715701,0.598183692,-0.0219450518,0.577551126,0.574408293,-0.00849108584,0.579335153,0.588151395,-0.0140357548,0.57118082,0.594382942,-0.0159718059,0.562870741,0.597274899,-0.0164327919,0.576474488,0.575034261,-0.00533554889,0.577626,0.586322844,-0.00993176,0.571741045,0.591922462,-0.0115707088,0.564917684,0.594690621,-0.0118024796
5633.333333333347,0.353300959,0.478899062,2.3106017e-007,0.365726113,0.469640255,-0.000997129828,0.383247882,0.461417109,-0.00682578189,0.401282251,0.458219051,-0.0131802568,0.415364116,0.457469404,-0.019882828,0.376411349,0.453688473,-0.0180231091,0.39976415,0.449123204,-0.0301996376,0.417802125,0.451810569,-0.0373344086,0.430030555,0.455696017,-0.0412153192,0.371505499,0.458954364,-0.0235497374,0.399922103,0.456934929,-0.0361091308,0.419893533,0.460729867,-0.0403559506,0.432301521,0.464682847,-0.0423509702,0.368593246,0.466652215,-0.0287577324,0.39591381,0.466472894,-0.0391516052,0.41571641,0.469690114,-0.0408320725,0.42881012,0.47252506,-0.0408183374,0.367520064,0.475591391,-0.0338604972,0.390240282,0.475483835,-0.0406829529,0.405525416,0.476622313,-0.0412761904,0.416999519,0.477793366,-0.0408873521
5650.000000000014,0.55820924,0.557626843,1.69371361e-007,0.545098543,0.562505126,-0.0119069507,0.542214,0.570767105,-0.0178660229,0.543308914,0.579558492,-0.0215520393,0.542948902,0.587787569,-0.0243014973,0.567686915,0.576287,-0.0157295074,0.566430867,0.59046942,-0.0214607753,0.559787035,0.596913517,-0.0239864588,0.553453803,0.600314856,-0.0247253049,0.575203776,0.576953769,-0.0110235512,0.575134635,0.59197253,-0.0170528311,0.566633821,0.598349333,-0.0187599882,0.558366895,0.600863218,-0.018812431,0.577393711,0.577482581,-0.00677729724,0.578543782,0.591216326,-0.0117712598,0.570496738,0.597068548,-0.0129876127,0.56253469,0.599723816,-0.0128189055,0.576469898,0.578012705,-0.00333598279,0.577455759,0.58922106,-0.00746093411,0.571540713,0.594551563,-0.0085397521,0.564869583,0.597093523,-0.00823123753
5650.000000000014,0.356550157,0.477499783,2.24029804e-007,0.370538205,0.468291581,-0.00134989282,0.389255434,0.459849536,-0.00711227302,0.408088446,0.456294715,-0.0133741312,0.422476053,0.454887927,-0.020008916,0.379762173,0.451382428,-0.0176439956,0.402872711,0.446566,-0.029887693,0.420959294,0.449129581,-0.0374622829,0.43332848,0.452959895,-0.0415717252,0.374406308,0.456443071,-0.0229815617,0.403037399,0.454454184,-0.0353380293,0.423246741,0.458117098,-0.0397932865,0.435587138,0.462150514,-0.0419989191,0.371467382,0.463919848,-0.0280668866,0.399202526,0.463651657,-0.038309481,0.418827236,0.466580838,-0.0400821045,0.431302369,0.469510794,-0.0401349105,0.370818615,0.472601354,-0.0331331566,0.393946,0.472482,-0.0397593342,0.409111261,0.473733842,-0.0402200483,0.420027047,0.475207,-0.0397214442
5666.666666666681,0.558449149,0.560395598,1.58756606e-007,0.545231104,0.565257788,-0.0111451419,0.542176843,0.573738158,-0.0167168807,0.543169856,0.582660913,-0.020155929,0.542122304,0.590744913,-0.0227427129,0.566974103,0.579890609,-0.0144484211,0.56632185,0.593598068,-0.0198175013,0.559472263,0.599739432,-0.0223423187,0.553038061,0.603029311,-0.0232370794,0.574441671,0.580489933,-0.0101185497,0.573601,0.595018744,-0.0155877825,0.56484586,0.601170719,-0.0172745138,0.556699455,0.603831172,-0.0175470505,0.576937675,0.580786645,-0.00622101314,0.577110589,0.593951762,-0.0104902759,0.568752468,0.599545419,-0.0113398191,0.560813189,0.602249265,-0.0111878961,0.57653749,0.58090055,-0.0031223367,0.577380776,0.591677427,-0.0062834397,0.571628451,0.59666568,-0.00671698526,0.565449297,0.598980725,-0.00620417949
5666.666666666681,0.360626549,0.476597488,2.16253682e-007,0.37548548,0.46692583,-0.00131415809,0.392405629,0.45771277,-0.00770034315,0.409228683,0.453193128,-0.014650343,0.422770679,0.450634778,-0.0221587177,0.382746309,0.449831903,-0.0199517962,0.405882329,0.4446311,-0.0338403545,0.423751384,0.447109371,-0.0423032381,0.435557604,0.451016665,-0.0469600633,0.376627564,0.455103517,-0.0259714182,0.40519,0.452605873,-0.0401720814,0.425737739,0.456069648,-0.0453972295,0.43811655,0.459957898,-0.0480878428,0.372912794,0.462824643,-0.0317291468,0.400532335,0.461900443,-0.0440573655,0.420789331,0.464738,-0.0465873592,0.433719814,0.467517853,-0.0469778217,0.371469438,0.471590489,-0.0373298,0.394123614,0.470798135,-0.0460641719,0.409859657,0.471611142,-0.0475504883,0.421302885,0.472684175,-0.0476535931
5683.333333333348,0.558159471,0.562983811,1.50468168e-007,0.54491657,0.568078339,-0.0105534811,0.541829467,0.576753855,-0.015830541,0.543118,0.585558653,-0.0191745404,0.542172909,0.593591869,-0.0216783974,0.56683445,0.582169712,-0.0134934327,0.566153944,0.595993698,-0.0188480709,0.559144437,0.601941109,-0.021299541,0.552583218,0.604738,-0.0220079664,0.574178398,0.582839131,-0.00952688511,0.57339263,0.597753644,-0.0146321515,0.564609,0.603694737,-0.0162337162,0.55657351,0.60575223,-0.0164631549,0.57669729,0.583239079,-0.0060301316,0.577311,0.596607745,-0.0101071717,0.568879724,0.602161765,-0.0111607499,0.560963929,0.604517639,-0.0111574158,0.576527953,0.583552241,-0.00328017725,0.578246772,0.594604,-0.00661174161,0.572530508,0.599630356,-0.00726755336,0.566250622,0.601738453,-0.00687168213
5683.333333333348,0.361982167,0.47624734,1.85493633e-007,0.378346235,0.466883928,-0.000559449778,0.395865887,0.457312346,-0.0059722648,0.412349015,0.451832503,-0.0121440552,0.424845219,0.448006451,-0.0187235046,0.384629518,0.449073344,-0.0177431386,0.408282876,0.44353047,-0.0307829585,0.425785631,0.446136624,-0.0386169627,0.43695116,0.450237066,-0.0426775515,0.378415346,0.454009354,-0.0235747099,0.407025397,0.451408446,-0.0360706709,0.427753776,0.454726964,-0.0403739288,0.440285504,0.45865944,-0.0425969586,0.375073314,0.461558551,-0.029179519,0.403229982,0.460594118,-0.0400028229,0.422850817,0.463260263,-0.0418373644,0.435086519,0.466075659,-0.0419155285,0.374541372,0.470205098,-0.0346496403,0.397677571,0.468997389,-0.0421086214,0.412669569,0.46983394,-0.0428673774,0.423254073,0.471149713,-0.0424906313
5700.000000000015,0.558988333,0.564989626,1.53642944e-007,0.545805573,0.570414305,-0.010766889,0.542946279,0.579187095,-0.0160580892,0.543657422,0.588218391,-0.0193445683,0.542815149,0.596317768,-0.0217948407,0.567333758,0.58489871,-0.0132666128,0.565733969,0.598990858,-0.0182425566,0.558273375,0.604831696,-0.0205945391,0.551761091,0.607742846,-0.0214013,0.574561536,0.585358262,-0.00913661905,0.572609484,0.600095332,-0.0139722982,0.563427746,0.605857611,-0.0156156262,0.555547714,0.608080566,-0.016019525,0.577145159,0.585508287,-0.00549553148,0.576481879,0.598742,-0.00917900261,0.568011582,0.60433203,-0.0101267677,0.560303867,0.606962502,-0.010240986,0.577039778,0.58560729,-0.00264953775,0.57800287,0.596437335,-0.00556075852,0.572492063,0.601343513,-0.00605561445,0.56669724,0.603463411,-0.00569544407
5700.000000000015,0.365208417,0.478026837,1.89851178e-007,0.38411811,0.469568431,-0.00077649561,0.400638342,0.459947169,-0.00591336749,0.415174454,0.454007626,-0.0119062681,0.426543474,0.44994697,-0.018158149,0.386387676,0.449315339,-0.0165013578,0.408858776,0.443084896,-0.0297995415,0.426711112,0.445343822,-0.0380499437,0.438071817,0.449721187,-0.0422409177,0.379343212,0.453588545,-0.0221571457,0.406861514,0.450656146,-0.035086412,0.428091258,0.453849971,-0.0400968939,0.441139221,0.458068669,-0.0425335504,0.375416696,0.46070841,-0.0276695099,0.402859241,0.460099667,-0.0391283669,0.422869682,0.462910324,-0.0415380038,0.435511053,0.465908647,-0.0417198353,0.374282688,0.468980461,-0.0330661237,0.397676229,0.468374044,-0.0411733836,0.412933439,0.469267458,-0.0422507934,0.423686892,0.470575631,-0.041822046
5716.6666666666815,0.558721483,0.567265511,1.56994133e-007,0.545500338,0.57278657,-0.0107923746,0.542228043,0.581536,-0.0162067208,0.543751657,0.590738058,-0.0197290182,0.543711841,0.599016666,-0.0224015024,0.566707969,0.586870551,-0.0125444084,0.565515816,0.600711346,-0.0176878981,0.558690548,0.606656909,-0.0200961344,0.552468657,0.609458148,-0.0208502095,0.574528,0.587461531,-0.00845312327,0.573046446,0.602118313,-0.012995678,0.564496756,0.607868731,-0.0144866835,0.556910336,0.609912395,-0.0148792425,0.577630162,0.587681,-0.00497482438,0.577757418,0.601022899,-0.00867821835,0.569354475,0.606301,-0.00965533871,0.561517894,0.608227,-0.00977272447,0.578131139,0.587913096,-0.00231410563,0.579588,0.598867714,-0.00553062838,0.5737257,0.603603065,-0.00625080569,0.567442596,0.60524559,-0.00599341094
5716.6666666666815,0.365850866,0.479284585,1.61539887e-007,0.385275632,0.470823497,0.000678613374,0.40093407,0.461250067,-0.00372390682,0.414040327,0.455311209,-0.00934463833,0.424607754,0.45150733,-0.0153653724,0.387246847,0.449966222,-0.0138020376,0.410274327,0.443863511,-0.0258833133,0.428207457,0.446241856,-0.0334819593,0.440086156,0.450522572,-0.0374035574,0.380725175,0.454209954,-0.0199038591,0.409378052,0.451163232,-0.031371206,0.430149347,0.45430693,-0.0358534418,0.442860752,0.458390892,-0.0381105691,0.377121776,0.461273372,-0.0257853474,0.405437827,0.46018225,-0.036199104,0.425078213,0.462928832,-0.0382953323,0.437751412,0.466001511,-0.0383742601,0.376372159,0.469588459,-0.0314402096,0.399652094,0.468510598,-0.0387683325,0.414929122,0.469405383,-0.0394078717,0.425846457,0.470855206,-0.0387396
5733.3333333333485,0.559717238,0.568670571,1.4562282e-007,0.546329319,0.574279308,-0.0105797071,0.542792499,0.583164692,-0.0154420808,0.54434967,0.592365921,-0.0185045768,0.54488647,0.600700319,-0.0206712298,0.566692412,0.589111507,-0.00971488375,0.566535711,0.602298439,-0.013448759,0.560794115,0.60778296,-0.0154409055,0.555806279,0.610345304,-0.0162156541,0.574272156,0.58941406,-0.00566761056,0.57396549,0.603095114,-0.00878553931,0.566949,0.608663917,-0.0104354778,0.560409725,0.610841691,-0.0112491352,0.577303767,0.589384735,-0.00236125616,0.577757299,0.601621032,-0.00485182833,0.571041524,0.607242286,-0.00621005613,0.564568341,0.610029399,-0.00696603674,0.577430964,0.589469373,9.05480119e-005,0.578549862,0.599741817,-0.00214734487,0.574287653,0.604923546,-0.00301705441,0.569313049,0.607525527,-0.0032050896
5733.3333333333485,0.365912348,0.480883807,1.70486175e-007,0.38595885,0.472202301,0.000148363877,0.40220508,0.46230638,-0.00479728,0.415910602,0.456127077,-0.0109285349,0.426805884,0.451908231,-0.0175211281,0.387986064,0.45105812,-0.0156887732,0.411517382,0.444621,-0.028505981,0.429677308,0.446821541,-0.0363829508,0.441803753,0.45101729,-0.0404661745,0.381185412,0.455474257,-0.0218886137,0.410383403,0.452086896,-0.0343036242,0.431743443,0.455366015,-0.0388867669,0.444578409,0.459645063,-0.0411620252,0.377508283,0.462815404,-0.027880799,0.40634954,0.461094,-0.0390377827,0.426281631,0.464016765,-0.041002322,0.438609809,0.467388242,-0.0408837609,0.37665993,0.471339405,-0.0336820744,0.400560707,0.46947071,-0.0415336341,0.41600284,0.470559299,-0.0421710722,0.426577479,0.47241348,-0.0414337702
5750.0000000000155,0.558798,0.569747329,1.56142804e-007,0.545228243,0.575870812,-0.010082338,0.542100906,0.585110068,-0.0142304543,0.544254,0.594210565,-0.0163637288,0.544957221,0.602178276,-0.0175667275,0.566808581,0.590602815,-0.00978934299,0.56599915,0.603544474,-0.0131777255,0.560692966,0.609360337,-0.0148262419,0.556038797,0.61286962,-0.0153642064,0.575026929,0.590446532,-0.00554761896,0.574109256,0.60384357,-0.0089374641,0.567070484,0.609800339,-0.0101144304,0.560320437,0.612776697,-0.0103345569,0.578480959,0.589955807,-0.00194142864,0.578741,0.602198243,-0.00483520282,0.571855545,0.607924581,-0.00581873208,0.565074742,0.611054301,-0.00595121318,0.578821957,0.589694917,0.00088944193,0.580019593,0.599881768,-0.00141324499,0.575589776,0.604911566,-0.00197370141,0.570177495,0.607657,-0.0017292595
5750.0000000000155,0.366412044,0.482587248,1.54750254e-007,0.385284245,0.472852767,0.000714874419,0.401762098,0.463039398,-0.0039064372,0.416398406,0.457207531,-0.00980108,0.427997947,0.45355919,-0.0160321128,0.389124423,0.452684313,-0.0138747394,0.412821978,0.4464477,-0.0259669088,0.430864573,0.448743135,-0.0335564651,0.443143398,0.453011781,-0.037561506,0.38292712,0.457190871,-0.0201080814,0.411569715,0.454042405,-0.0315305404,0.43238005,0.457187235,-0.0360230468,0.4452672,0.461192429,-0.0384718701,0.379621953,0.46436426,-0.0261676703,0.407507062,0.463010728,-0.0363659225,0.42727682,0.465714663,-0.0385278389,0.440088242,0.468799,-0.0388545096,0.379182726,0.472705,-0.0320498347,0.401942581,0.471423984,-0.0390592441,0.416824,0.472386211,-0.039853476,0.427538216,0.473865807,-0.0395073034
5766.666666666682,0.560579062,0.570765257,1.47165125e-007,0.545948505,0.576547563,-0.00969108939,0.542597175,0.585639238,-0.0144714871,0.544617295,0.59498,-0.0173982941,0.545625031,0.603002369,-0.0194077659,0.566901624,0.590355694,-0.0122628678,0.567157,0.604364336,-0.0170963667,0.562122464,0.6105479,-0.0189127885,0.557125688,0.613175571,-0.0190421455,0.575506449,0.590490103,-0.00853958819,0.575782895,0.605275273,-0.0129895657,0.5684973,0.611343,-0.013997362,0.561423659,0.613469,-0.0137874093,0.579282522,0.590586483,-0.00530241104,0.580488443,0.604066133,-0.00897546113,0.573062301,0.609971583,-0.00994638819,0.565685928,0.612488508,-0.00988224521,0.5799945,0.590984046,-0.00272915955,0.581655324,0.601989925,-0.00602277229,0.5765903,0.607273,-0.00693766819,0.570555091,0.609664202,-0.00667825853
5766.666666666682,0.366147786,0.483531088,1.55375517e-007,0.384236068,0.473613292,0.00045930082,0.401121527,0.464098543,-0.00439207722,0.416535139,0.458656281,-0.01043313,0.428619921,0.455335766,-0.0167828146,0.389992625,0.454314083,-0.0146955103,0.414421409,0.448417068,-0.0269242022,0.43257618,0.451122314,-0.0344757475,0.444682926,0.45555836,-0.0384797044,0.383925974,0.458993316,-0.0208292175,0.413310587,0.456526667,-0.0321551412,0.433912277,0.459903777,-0.0363336727,0.446537107,0.463942647,-0.038750127,0.380663842,0.466329098,-0.0268072989,0.409254372,0.465491861,-0.0369211249,0.428932339,0.468169183,-0.0389240347,0.44168672,0.471191227,-0.0393231809,0.380253464,0.474770427,-0.0326335542,0.4036192,0.473917335,-0.0396088026,0.418802261,0.475055337,-0.0403989963,0.429838896,0.476655722,-0.0401737653
5783.333333333349,0.559871078,0.570963383,1.37029033e-007,0.54578054,0.577334881,-0.00915120542,0.542707562,0.586750805,-0.0131332874,0.544937372,0.595885,-0.0152860852,0.545321822,0.603664756,-0.0164646599,0.566846728,0.591492772,-0.0102413772,0.567857623,0.604987741,-0.0139487619,0.562530398,0.610575318,-0.0154655799,0.557584882,0.6134426,-0.0157972574,0.575775743,0.591315091,-0.00657551317,0.575970769,0.605413079,-0.010107236,0.568681657,0.611180544,-0.0111320512,0.561957836,0.613626182,-0.011264638,0.579876482,0.590880871,-0.00341811706,0.580626428,0.60396117,-0.00639306055,0.573350072,0.609631896,-0.00742163789,0.566395283,0.612298787,-0.00762374047,0.580882192,0.590773046,-0.000909092429,0.582278311,0.60146457,-0.00338456663,0.57716912,0.606518,-0.00400813483,0.57123059,0.608877718,-0.00382006681
5783.333333333349,0.36532706,0.485445559,1.63253603e-007,0.383580327,0.475828618,-0.000282881316,0.401344299,0.466478378,-0.00564519502,0.417696089,0.461253,-0.0120080309,0.430177063,0.457711279,-0.0187239964,0.390432149,0.456453294,-0.0165201034,0.414767236,0.450768441,-0.0292829666,0.432674766,0.453266203,-0.0370858088,0.444592923,0.457499146,-0.0413216092,0.384429246,0.461165637,-0.0225647762,0.413239926,0.458861768,-0.0348376706,0.43377623,0.462193161,-0.0394940488,0.44652319,0.466172218,-0.0421929546,0.380937457,0.468615979,-0.0284571312,0.408874094,0.46815896,-0.039482858,0.428973079,0.470977128,-0.0420444235,0.442170262,0.473998785,-0.04277917,0.380141288,0.477208793,-0.0342231058,0.403701067,0.476880193,-0.0421224721,0.419327587,0.477975726,-0.0436539948,0.430871189,0.479326487,-0.0439576432
5800.000000000016,0.561619699,0.571802735,1.42711926e-007,0.546730638,0.577741861,-0.00960882567,0.543680668,0.586923897,-0.0141088013,0.545962691,0.596132159,-0.016797293,0.545943,0.604133308,-0.0186107438,0.567965269,0.592878103,-0.0106638391,0.568240047,0.60596782,-0.0147192851,0.562949479,0.611652,-0.0166027118,0.557863235,0.614322305,-0.0171523914,0.577062607,0.592895627,-0.00694466522,0.577073157,0.606698573,-0.0105399257,0.569772542,0.612310886,-0.0116093047,0.562834382,0.614446104,-0.0117693357,0.581115425,0.59251374,-0.00377569045,0.582358778,0.6053738,-0.00691992044,0.574973762,0.610910654,-0.007889973,0.567764223,0.61331439,-0.00804986618,0.581857562,0.5922364,-0.00129738532,0.583351,0.603032649,-0.00419847481,0.578236818,0.608140767,-0.00493107736,0.572324276,0.610474944,-0.00472033909
5800.000000000016,0.365929723,0.488822877,1.73265704e-007,0.383535147,0.478861123,-9.29172747e-005,0.40068844,0.469653815,-0.00564515172,0.416937858,0.464775026,-0.0122616328,0.430000752,0.462146461,-0.0192563049,0.389336348,0.459343374,-0.0164671354,0.413590044,0.453826427,-0.0291124824,0.431770444,0.456156492,-0.0370296352,0.444171757,0.4603104,-0.0413800664,0.383585304,0.464365453,-0.0226678532,0.412731647,0.461873949,-0.0348555408,0.433573484,0.46513316,-0.0395555496,0.446592659,0.469229281,-0.0422746539,0.380284399,0.47192654,-0.0286640152,0.408538401,0.471201658,-0.0392962,0.428800195,0.473912895,-0.0416928791,0.44181478,0.477047831,-0.0423574485,0.379594445,0.480565518,-0.0345409736,0.403231293,0.479829669,-0.0418967791,0.418709338,0.481021881,-0.0430667,0.429901302,0.482668489,-0.0431502499
5816.666666666683,0.562294483,0.571655393,1.39611274e-007,0.547930717,0.577896476,-0.00920442864,0.544126868,0.587337,-0.0136219012,0.5461272,0.596522927,-0.0162874255,0.546529531,0.604459882,-0.0180777907,0.569033742,0.591741443,-0.0115031265,0.569343448,0.605507135,-0.0161463693,0.564134777,0.611751616,-0.0180504713,0.559241,0.614932597,-0.0184927396,0.578096449,0.591919184,-0.00811958127,0.577672064,0.606326044,-0.0121601829,0.570566535,0.612381279,-0.013243448,0.564102471,0.614777207,-0.0133881029,0.582379699,0.591832221,-0.00522609334,0.583055854,0.605127931,-0.00830684789,0.57646656,0.610908,-0.009018749,0.570099771,0.613542318,-0.00903947186,0.583724916,0.591834486,-0.00301434984,0.585681,0.602615595,-0.00548604177,0.581819832,0.608036,-0.00601028604,0.577106714,0.610663593,-0.00575156137
5816.666666666683,0.366894364,0.491565287,1.64846114e-007,0.384951055,0.481431872,-0.000150448861,0.402389944,0.472411156,-0.00565748941,0.418795258,0.467772782,-0.0122836744,0.431967795,0.465326726,-0.0193183459,0.389871538,0.462361664,-0.0163900238,0.413685948,0.456686914,-0.0293683745,0.431792498,0.459637582,-0.0375446603,0.443734378,0.464150608,-0.0420287773,0.383415699,0.467378885,-0.0227676239,0.411629319,0.464665264,-0.0353973545,0.432497293,0.468029529,-0.0404424667,0.445331663,0.47210297,-0.0433227681,0.379515231,0.474976093,-0.028974792,0.407218546,0.473918349,-0.0403356366,0.428034633,0.476662248,-0.0430357456,0.441402495,0.479743063,-0.043718338,0.378358513,0.483702719,-0.0350332148,0.401698261,0.482925087,-0.0431875512,0.417859823,0.483898193,-0.0446707308,0.429512501,0.48533538,-0.0448489115
5833.33333333335,0.564504147,0.572102666,1.52827241e-007,0.549367547,0.577879,-0.0101396181,0.545026183,0.587229,-0.0148093058,0.546984732,0.596533477,-0.0174713284,0.547242582,0.604544699,-0.0192995332,0.570422649,0.591685116,-0.0127313212,0.569946,0.605905175,-0.0172699131,0.56452018,0.612402,-0.0190234,0.559779406,0.616253793,-0.019454794,0.579350114,0.592176557,-0.00882420689,0.578351796,0.607052624,-0.0129546709,0.570918441,0.613405049,-0.0140319681,0.564182162,0.616321,-0.0141791096,0.583280265,0.592382789,-0.00540353358,0.583843231,0.606100798,-0.00899058115,0.576407492,0.611992836,-0.0101290988,0.569234133,0.614691794,-0.0103764255,0.584373116,0.592728615,-0.00268494943,0.586018801,0.603795469,-0.00599926896,0.581142306,0.608997226,-0.00703427382,0.575499892,0.611427546,-0.0070206346
5833.33333333335,0.364627779,0.494112581,1.53389763e-007,0.38355577,0.484163731,-1.45862105e-005,0.402293295,0.474951535,-0.00531583698,0.419656,0.469999015,-0.0116255712,0.433012784,0.467046648,-0.0182867907,0.389296263,0.464795947,-0.016220402,0.414429426,0.460093737,-0.0290854368,0.43239212,0.463430971,-0.0372471884,0.44361493,0.468178332,-0.0416648649,0.382725537,0.469835848,-0.0226136521,0.412105173,0.468104,-0.0348544233,0.432585984,0.471550047,-0.0396487303,0.444770753,0.475667208,-0.0424407721,0.37873885,0.477548361,-0.028818341,0.407528162,0.477487117,-0.0397177488,0.427552849,0.480559558,-0.0417792201,0.440053284,0.483672827,-0.0420898125,0.377597481,0.486345232,-0.0348934978,0.401375622,0.486159712,-0.0424639694,0.41654104,0.487311691,-0.0431948043,0.427065343,0.488738239,-0.0428612866
5850.000000000017,0.566122174,0.572735131,1.65817426e-007,0.551371872,0.577860892,-0.0113481944,0.546848714,0.586837649,-0.0170253217,0.54849422,0.596194625,-0.0203223918,0.548095107,0.604386508,-0.0227466822,0.572444856,0.591391,-0.0163645204,0.571226835,0.606456935,-0.0217904262,0.564606845,0.612999,-0.0236595795,0.559000075,0.616502,-0.0239815321,0.581243157,0.592176318,-0.0119472351,0.578954518,0.608055949,-0.0170023143,0.570407033,0.614503682,-0.018101709,0.563102722,0.617113769,-0.0181177799,0.584801495,0.592740476,-0.00789765362,0.583806694,0.606993,-0.011814557,0.575503051,0.613049209,-0.0127783343,0.567977071,0.615819812,-0.0128977261,0.585492551,0.593309522,-0.00458914833,0.585850477,0.604697883,-0.00787523203,0.580566049,0.610179842,-0.00878511649,0.574875,0.612800539,-0.00869548786
5850.000000000017,0.362490177,0.496858388,1.60978942e-007,0.379935056,0.486785322,-0.000330022711,0.397998452,0.477942765,-0.00584591646,0.415313274,0.473559797,-0.0123864673,0.429281056,0.47161597,-0.0192920882,0.387669891,0.4682872,-0.0165191889,0.412770569,0.463249326,-0.029322261,0.430784822,0.466530263,-0.0373686515,0.442455888,0.471126944,-0.0417528898,0.381438583,0.473585904,-0.0227500796,0.410115063,0.471792102,-0.0351551659,0.430803925,0.475423515,-0.039826747,0.443502098,0.479523242,-0.0424694866,0.377596617,0.481346935,-0.0288137868,0.405907273,0.481205076,-0.03966254,0.425882518,0.484377235,-0.0416472629,0.438468,0.487487525,-0.0418809094,0.376549095,0.490190297,-0.0348044597,0.400033802,0.489887953,-0.0422481485,0.41530329,0.491208941,-0.0429629833,0.426059246,0.492781073,-0.0426062271
5866.666666666684,0.568037868,0.572173953,1.72781512e-007,0.552604854,0.576910198,-0.0121850949,0.547530413,0.58591342,-0.0182394031,0.54887408,0.59553951,-0.0217532106,0.548474491,0.60390383,-0.0244057532,0.573941588,0.590362072,-0.0177195296,0.573001206,0.605659306,-0.0235423204,0.566301763,0.612626433,-0.0256640352,0.560189366,0.61629653,-0.0260948576,0.582947373,0.591227472,-0.0128527172,0.581056118,0.607244849,-0.0180984531,0.572271347,0.613962352,-0.0194494035,0.564301133,0.616533756,-0.0196437314,0.586374283,0.59189707,-0.00832815375,0.585586488,0.606092215,-0.0120189535,0.577487588,0.612358689,-0.013099174,0.569731116,0.615218401,-0.0134002715,0.58698529,0.59243983,-0.00464017037,0.58772409,0.603631616,-0.00768061588,0.582787335,0.609413564,-0.0087336991,0.576918542,0.612344205,-0.00881367456
5866.666666666684,0.359953,0.500265837,1.55469834e-007,0.378436178,0.490540862,-0.000398729782,0.397093862,0.481890857,-0.00585350348,0.414702922,0.477790833,-0.0124069266,0.428392619,0.475702524,-0.0193037316,0.386634052,0.471837401,-0.0161662232,0.411882311,0.467457026,-0.0291318521,0.429766834,0.471430272,-0.0370976776,0.440694153,0.476538569,-0.0413478501,0.379909456,0.477207452,-0.0224957094,0.408679396,0.475632221,-0.0353791714,0.429404765,0.480124891,-0.0401543,0.441478133,0.48466596,-0.0426665135,0.375400811,0.485056937,-0.028732989,0.403903037,0.48518151,-0.0402904786,0.424171835,0.489024222,-0.0424540564,0.436570942,0.492438167,-0.0425340123,0.373688608,0.494048864,-0.0348471738,0.397801965,0.493918628,-0.042761147,0.413563311,0.495539933,-0.0436426178,0.424481302,0.497188181,-0.0433014259
5883.333333333351,0.569421589,0.571714222,1.69362593e-007,0.554047167,0.576335967,-0.0116529716,0.548681319,0.585018,-0.0179972034,0.549306333,0.594357,-0.021970842,0.547990799,0.60268724,-0.0250828583,0.573739,0.590587,-0.0173186902,0.573607266,0.605504692,-0.0233028978,0.566981733,0.612083316,-0.0255705193,0.56071049,0.6152246,-0.0260875318,0.583319604,0.591421306,-0.0129360463,0.581473,0.607133746,-0.0183474291,0.572727203,0.613717914,-0.0198341478,0.564630032,0.616014838,-0.0201218016,0.587570727,0.592028677,-0.00886348076,0.586641371,0.606072128,-0.0124644479,0.578553259,0.612348437,-0.0133495852,0.570848644,0.615089417,-0.0135689862,0.588881433,0.592440844,-0.00561216101,0.589316726,0.603703558,-0.00840629172,0.584321499,0.609453499,-0.00915978663,0.578580797,0.612228334,-0.00905026868
5883.333333333351,0.358048171,0.50422132,1.49135275e-007,0.377588928,0.495128393,-0.000800258247,0.397182465,0.486814916,-0.00628602831,0.415399343,0.482976645,-0.0128294742,0.429396719,0.48111704,-0.0197230149,0.385988235,0.475949675,-0.0160747878,0.410699695,0.471736789,-0.0290477462,0.427802742,0.476190418,-0.0372247919,0.438193649,0.481682688,-0.0416347347,0.378699124,0.481034875,-0.0221340265,0.407205909,0.480235577,-0.0346925519,0.427122355,0.485066295,-0.0395101346,0.438967586,0.489802122,-0.0422116,0.373656064,0.488758713,-0.0281692091,0.40178892,0.489801437,-0.0393178947,0.421433061,0.49390012,-0.0414372608,0.433707237,0.497496277,-0.0416736118,0.371397495,0.497727484,-0.0341662057,0.395141929,0.498377293,-0.0417348593,0.410686076,0.500392795,-0.0425119288,0.421760678,0.502347469,-0.0422201976
5900.000000000018,0.572253466,0.570111811,1.81383101e-007,0.555936158,0.573955,-0.0129703451,0.54981631,0.582440615,-0.0200550295,0.549929142,0.592141271,-0.0245098807,0.54855758,0.600661814,-0.0280763451,0.575745821,0.587660372,-0.0199913159,0.574633241,0.602930427,-0.0267112348,0.568433404,0.61021167,-0.0290974807,0.562518775,0.614012361,-0.0295800176,0.586125791,0.588982761,-0.0152523387,0.583467126,0.605000079,-0.021553969,0.574514449,0.611955523,-0.0229176022,0.566077888,0.61453861,-0.0228868425,0.590436697,0.589971304,-0.010900042,0.589600384,0.604506373,-0.0155827403,0.581198454,0.611005127,-0.0167368725,0.572874844,0.613791704,-0.0168657489,0.591369271,0.590746701,-0.00742698926,0.592429459,0.602323174,-0.0114121484,0.587388635,0.608253717,-0.0128253587,0.580921173,0.611225367,-0.0129668
5900.000000000018,0.352592349,0.507417262,1.46217275e-007,0.372328,0.498263,-0.000135147187,0.392219365,0.490406,-0.00507804053,0.410080463,0.487357616,-0.0112883719,0.424117416,0.486605048,-0.0178746395,0.383042127,0.48022905,-0.0139487954,0.408697188,0.476418883,-0.0260938313,0.425716609,0.481409431,-0.0337406099,0.435844839,0.487006336,-0.0378573239,0.375472397,0.485335827,-0.020163063,0.404831678,0.484805286,-0.0319831818,0.424119085,0.490163863,-0.0364995301,0.435388148,0.49499175,-0.0389224626,0.369969577,0.492980033,-0.0263578855,0.39840582,0.494148195,-0.037003845,0.418001235,0.498579681,-0.0390656292,0.430435359,0.50231266,-0.0391988195,0.367131442,0.501940191,-0.0324677415,0.391068071,0.502943099,-0.0395682603,0.406930715,0.505271256,-0.0400983356,0.418190956,0.507416964,-0.0396099687
5916.666666666685,0.573953867,0.567361772,1.7909062e-007,0.556630075,0.571543336,-0.0125257913,0.549864888,0.580099404,-0.0190968085,0.549549103,0.589894116,-0.0228976458,0.548121333,0.598426044,-0.0257722829,0.576655805,0.584760785,-0.0191066843,0.575215,0.600055039,-0.025100641,0.569871426,0.607748866,-0.0271721762,0.565373361,0.612663746,-0.0277068969,0.587406218,0.586124361,-0.0142180175,0.584931254,0.601827502,-0.0197162572,0.578011096,0.609363258,-0.0206481628,0.571425259,0.613466203,-0.0205538459,0.591989458,0.587239325,-0.00969101116,0.591204882,0.601380587,-0.0138928071,0.584861457,0.608335614,-0.0149406325,0.57842803,0.612370908,-0.0151334684,0.592622161,0.588320911,-0.00599674834,0.592735171,0.599405169,-0.00950503536,0.588808477,0.605293453,-0.010751687,0.583804,0.609014869,-0.0109144887
5916.666666666685,0.349549472,0.512024105,1.55164798e-007,0.369833887,0.503200889,-0.000487778685,0.39032793,0.495468527,-0.00595926074,0.408452,0.492556095,-0.0125504564,0.422290295,0.491642922,-0.0194576569,0.379838765,0.484962463,-0.0160828289,0.406320393,0.481821895,-0.0288460087,0.423749864,0.487143755,-0.0367564633,0.433926463,0.493008345,-0.0410466,0.372056514,0.49031347,-0.0223089028,0.401375324,0.490156561,-0.0348053165,0.420887142,0.495695889,-0.0394152552,0.432003379,0.500575483,-0.0419397578,0.366298616,0.498100251,-0.0284344256,0.394189,0.499441415,-0.0395656228,0.414124042,0.504028738,-0.0415310636,0.426875234,0.507825673,-0.0416376889,0.36313504,0.507140875,-0.0344676711,0.386950612,0.508419573,-0.0419497713,0.403017908,0.510839224,-0.0425350517,0.4144907,0.513079762,-0.0421184301
5933.333333333352,0.576148212,0.565134764,1.83218887e-007,0.55856961,0.569334924,-0.0120213237,0.551065922,0.577540636,-0.0188511275,0.550571442,0.586758,-0.0230822098,0.548387408,0.595167756,-0.0265026875,0.577082872,0.58226043,-0.0196292531,0.576457262,0.597352386,-0.0261517446,0.571585,0.605122,-0.0282897074,0.567218959,0.609878242,-0.0286444183,0.588361621,0.583543301,-0.0152265579,0.586811364,0.599407613,-0.0214636624,0.579646945,0.607110381,-0.0225195084,0.572456479,0.610794783,-0.0222274568,0.593642831,0.584491611,-0.0110805668,0.593855083,0.598715127,-0.0157879107,0.587214708,0.605857313,-0.0167342685,0.580153525,0.60966754,-0.0166056454,0.595110834,0.585257709,-0.00768571906,0.596371,0.596574306,-0.0114036193,0.591975212,0.602707863,-0.0123603037,0.586132,0.606150329,-0.0121365143
5933.333333333352,0.344426304,0.515491843,1.47779431e-007,0.366199672,0.507191122,-0.000301960565,0.388715327,0.500275433,-0.00551734818,0.407945246,0.497990906,-0.0119831041,0.422315449,0.497737318,-0.0188380163,0.377822757,0.490072727,-0.01508292,0.403688967,0.487246126,-0.0274864268,0.420598209,0.492712975,-0.0354211926,0.430291504,0.498644978,-0.0398352705,0.369690657,0.495149821,-0.0215104055,0.398280799,0.495321095,-0.0337947533,0.417602152,0.500945389,-0.0387231037,0.428337336,0.505986154,-0.041518949,0.363561243,0.502828419,-0.0278156418,0.390913337,0.504364133,-0.0389586911,0.410631061,0.509382367,-0.04111946,0.422603399,0.513604641,-0.0413605906,0.360023618,0.511794448,-0.0340320617,0.383227676,0.513543,-0.0417042971,0.39891997,0.51638,-0.0423602536,0.409701437,0.519080281,-0.0419808663
5950.000000000019,0.577120066,0.561466217,1.92131083e-007,0.559817195,0.564892292,-0.013064336,0.552562416,0.572597623,-0.0210173745,0.55158931,0.581910491,-0.0262858085,0.549947798,0.590471804,-0.0308097228,0.577938735,0.577743828,-0.0222935621,0.57790482,0.592734873,-0.0305727739,0.572619915,0.601002812,-0.0339259058,0.567957938,0.606510162,-0.0349701047,0.58951211,0.57949692,-0.0179310329,0.588479221,0.595108747,-0.0252809282,0.581227064,0.603462338,-0.0269133281,0.574055731,0.608320296,-0.0270779487,0.595111489,0.580879569,-0.0139394701,0.595677614,0.594848573,-0.0194830615,0.589329183,0.602557302,-0.0209050812,0.582541108,0.607294261,-0.0211189669,0.596605182,0.582020342,-0.0108041931,0.59816891,0.593267083,-0.0152882533,0.594228148,0.599821627,-0.0167885758,0.588914156,0.604027331,-0.0169351976
5950.000000000019,0.339991271,0.519699037,1.66416385e-007,0.360332459,0.51107204,-0.000933005067,0.38188687,0.504408598,-0.00693503115,0.400875628,0.502932549,-0.0139251892,0.415154517,0.503633559,-0.0213230364,0.372725278,0.494953305,-0.0176980048,0.398976892,0.492806017,-0.0301212054,0.415971577,0.498228818,-0.0377101339,0.426629692,0.503736317,-0.0420756303,0.364848,0.50062865,-0.023950709,0.393573701,0.501464188,-0.0364721417,0.41278559,0.507259429,-0.0408069566,0.424181581,0.512037158,-0.043272648,0.358807951,0.508717895,-0.0300176162,0.385617286,0.510448396,-0.040917106,0.40534088,0.515246809,-0.0426172279,0.418370426,0.518999279,-0.0427466407,0.355282545,0.518020332,-0.0360407829,0.378130972,0.51956892,-0.0431522056,0.393837273,0.521791697,-0.0435322337,0.405408472,0.523722112,-0.0431973562
5966.666666666686,0.580699742,0.557353795,1.87660888e-007,0.562017798,0.560152113,-0.0134316245,0.553776383,0.567815781,-0.0216029286,0.552628338,0.577261925,-0.0268793441,0.550366938,0.585770428,-0.0313016,0.578537524,0.573012233,-0.0238373037,0.579781711,0.587860882,-0.0324784368,0.574476719,0.596040249,-0.0358793847,0.569550633,0.601532042,-0.0368978269,0.590786815,0.575106204,-0.0192522164,0.590811431,0.590405643,-0.0267299358,0.583914638,0.599091768,-0.0281097423,0.576896489,0.60434,-0.0281564221,0.59692657,0.576838076,-0.015029219,0.598065,0.590477824,-0.020744931,0.591914058,0.598662794,-0.0222665668,0.585246563,0.603981555,-0.022572631,0.59874928,0.578193665,-0.0116598876,0.600392818,0.58932668,-0.0160749108,0.596770287,0.596271336,-0.0176839605,0.591780186,0.601023078,-0.0180028491
5966.666666666686,0.336009324,0.525070786,1.64967261e-007,0.35724014,0.516390204,-0.000697775569,0.380680203,0.509773374,-0.00600419054,0.401168466,0.508360505,-0.0122288587,0.416201472,0.508331478,-0.0187637545,0.367792964,0.499781817,-0.0159373824,0.393038362,0.498685688,-0.0271427054,0.409871787,0.503608286,-0.0340838134,0.421252251,0.508577347,-0.0382850394,0.359453976,0.505516887,-0.022135077,0.388224185,0.507029533,-0.0335890129,0.407561302,0.512542546,-0.0378529876,0.419638604,0.51729238,-0.0404569805,0.353345394,0.513645947,-0.0281242449,0.381251544,0.516347,-0.0384726226,0.400681049,0.521155,-0.0401408821,0.413477,0.52494067,-0.0403340124,0.349680334,0.523055553,-0.0340653956,0.373173654,0.525345683,-0.0410028473,0.388459325,0.527913392,-0.0413499475,0.399532378,0.53018117,-0.0410082936
5983.333333333353,0.583354592,0.552719951,1.86915941e-007,0.564918518,0.554943621,-0.0140335793,0.555050313,0.562217653,-0.0229020379,0.553206921,0.571321189,-0.0288481526,0.551071048,0.579827785,-0.0340390168,0.579961658,0.567152739,-0.0255279373,0.581970453,0.581464648,-0.0352049023,0.577628374,0.590068221,-0.0392843038,0.573150635,0.596009731,-0.0408114195,0.592802107,0.569473863,-0.0211278014,0.59314847,0.584318519,-0.0293865502,0.586918712,0.593277752,-0.0313546024,0.580000758,0.598740876,-0.0319103152,0.599404275,0.571365952,-0.0171244759,0.601553679,0.584811866,-0.0234640315,0.596202135,0.593329787,-0.025399385,0.589774549,0.599085927,-0.0261236988,0.60161972,0.572756,-0.0139972102,0.604553223,0.583306134,-0.0191389322,0.601775885,0.59038496,-0.0212317463,0.597281814,0.595441639,-0.0219708625
5983.333333333353,0.331780851,0.523345411,1.71803237e-007,0.350485951,0.5162,-0.00281010498,0.376606256,0.512240708,-0.00854592,0.398961276,0.513476491,-0.0139441574,0.415580392,0.513948202,-0.0190756302,0.36632061,0.503446579,-0.0201715548,0.390689462,0.504396558,-0.0305509046,0.405150414,0.509211123,-0.0353529491,0.41567868,0.514004052,-0.0377636775,0.357560962,0.509458303,-0.024198832,0.385885715,0.513303697,-0.0339640826,0.402257293,0.519247353,-0.0355703384,0.41282618,0.524256468,-0.0363608785,0.350994229,0.51785028,-0.0280380677,0.380371094,0.523134112,-0.0363598,0.396462768,0.52841723,-0.0355882533,0.406883478,0.531858921,-0.034350086,0.346431732,0.527322054,-0.0319506191,0.372182965,0.531556249,-0.0375395752,0.386368632,0.534338653,-0.0369848423,0.396787107,0.535984218,-0.0361134894
6000.00000000002,0.585505545,0.547396064,1.7466246e-007,0.566213965,0.549322,-0.0144394087,0.555872679,0.556115866,-0.0234256815,0.554028451,0.564811647,-0.0295396447,0.551835775,0.572803617,-0.0348504223,0.582082927,0.561509728,-0.0254679229,0.584084332,0.574741602,-0.0353710726,0.579961717,0.582868397,-0.0398359857,0.57603389,0.588933945,-0.0417372137,0.594777524,0.56398952,-0.0210538264,0.595148087,0.577571213,-0.0297268182,0.58860296,0.586253464,-0.0320269503,0.581726789,0.592082858,-0.032785207,0.601246715,0.566121459,-0.017095454,0.603535533,0.578686416,-0.0239499137,0.59848249,0.587235749,-0.0260367095,0.59234041,0.59313,-0.02666042,0.603431106,0.567829072,-0.0141035141,0.606523275,0.578314,-0.0195985399,0.604133,0.585450113,-0.0217753146,0.599981248,0.590615392,-0.0224672966
6000.00000000002,0.327212155,0.529138625,1.73144826e-007,0.349057257,0.522913158,-0.00247449451,0.375305265,0.518955112,-0.00873639528,0.397099525,0.518924534,-0.0151493577,0.411325276,0.517582119,-0.0216947701,0.360132217,0.509768248,-0.0205301438,0.382178396,0.510068595,-0.0321287625,0.397199094,0.51488924,-0.0387250185,0.406861484,0.519535959,-0.0425471514,0.350731343,0.515899241,-0.0256630853,0.377655387,0.518845081,-0.0374327749,0.395925403,0.524678767,-0.0411963314,0.407155693,0.52968365,-0.0435190126,0.344290972,0.52409786,-0.030511409,0.371351123,0.52805537,-0.040620517,0.389485806,0.533235192,-0.0413539559,0.40112865,0.537165403,-0.0410569645,0.340722173,0.533366203,-0.0354145691,0.364019394,0.536427379,-0.0418250971,0.379051834,0.538803041,-0.0417765193,0.39032355,0.540859044,-0.0413570665
6016.666666666687,0.588347793,0.541297734,1.83367021e-007,0.568610251,0.542916715,-0.0148981726,0.557481825,0.549922049,-0.024504222,0.555210352,0.558584,-0.0309699532,0.552490413,0.566190124,-0.036832992,0.583131731,0.553382814,-0.029554911,0.585863173,0.565653205,-0.0406768844,0.581767321,0.574466288,-0.0455938391,0.57764411,0.58114022,-0.0477166176,0.596723914,0.556192338,-0.0251731575,0.597536862,0.570091665,-0.0348376408,0.591038167,0.579638362,-0.0373365693,0.584193051,0.586001456,-0.0382922925,0.603826106,0.558725417,-0.0210395213,0.606379509,0.571404517,-0.0287103876,0.601186395,0.580602,-0.0313983411,0.59503758,0.586939633,-0.0324174725,0.606612861,0.560738266,-0.0178232677,0.610694408,0.571464479,-0.0241409633,0.608317137,0.578857362,-0.0270210784,0.603846729,0.584200621,-0.0282699708
6016.666666666687,0.32355395,0.532536149,1.87538774e-007,0.344987422,0.526775479,-0.00277845701,0.370494127,0.523408294,-0.00904638413,0.391490042,0.524116814,-0.0155339129,0.405958086,0.523097038,-0.0222303085,0.355349362,0.514948905,-0.0200968478,0.376905978,0.516486287,-0.031371776,0.392406255,0.521402895,-0.0379734188,0.403259963,0.526435614,-0.0418381616,0.344991267,0.520997524,-0.0251851231,0.372283489,0.525007188,-0.0368805118,0.390449017,0.531009197,-0.0408865921,0.401684225,0.536048174,-0.0433023907,0.338186294,0.529117882,-0.0299873818,0.366268635,0.534035683,-0.0404385664,0.383754879,0.539553761,-0.0413313955,0.394311696,0.543491662,-0.0409677513,0.334647447,0.538101,-0.0348441899,0.358156174,0.542276382,-0.0417182855,0.372708231,0.545210302,-0.0416910537,0.383030981,0.547396719,-0.041148454
6033.333333333354,0.591608465,0.534943402,1.64748258e-007,0.572036564,0.536274254,-0.0150475819,0.560864389,0.542764306,-0.0245736316,0.558151364,0.550982058,-0.0311796218,0.554495513,0.558381617,-0.0372409336,0.586077511,0.547263622,-0.0275161956,0.586651266,0.558600068,-0.0379074514,0.582881927,0.566524863,-0.0428681597,0.57958585,0.57278204,-0.0454425924,0.599440694,0.550277293,-0.0233256966,0.59922868,0.562675178,-0.0325157382,0.592960775,0.571395099,-0.0352630727,0.58677876,0.577560306,-0.0366860032,0.60674262,0.552706778,-0.0195846315,0.609373748,0.564439833,-0.0273614842,0.604260683,0.572960734,-0.0303941313,0.598391354,0.579178512,-0.0318169743,0.609839439,0.554598749,-0.0168173034,0.613728046,0.564814329,-0.023498578,0.611314535,0.571885049,-0.0267988034,0.606998861,0.577207088,-0.0285218135
6033.333333333354,0.316491187,0.533124447,1.39501552e-007,0.338553429,0.527839303,-0.00351355202,0.364950538,0.526520729,-0.00921105873,0.386387497,0.528894,-0.0140730776,0.402551144,0.528289676,-0.0184767079,0.351843327,0.519517,-0.0216121282,0.376761585,0.522997439,-0.0311467294,0.389806539,0.52824527,-0.0342990234,0.397511244,0.53242588,-0.0350586735,0.341672271,0.525808394,-0.0243808031,0.370739281,0.532105744,-0.0325961821,0.386250556,0.538995206,-0.0324952342,0.394639373,0.543457031,-0.0321516357,0.333575606,0.534061193,-0.0268585067,0.362445086,0.541364968,-0.0336927138,0.378644049,0.547267079,-0.0320795923,0.388293177,0.550107062,-0.0304895639,0.32763806,0.54331696,-0.0293485392,0.352981746,0.548835278,-0.034011364,0.367205381,0.552574396,-0.0328435376,0.377001494,0.554158092,-0.0316257
6050.000000000021,0.592797,0.529040098,1.69567898e-007,0.573467493,0.529979289,-0.0155479992,0.562169373,0.535134852,-0.0257964116,0.558297515,0.542333961,-0.0330795757,0.555132687,0.549685121,-0.0398349725,0.588614345,0.538554609,-0.029797662,0.589373231,0.549359,-0.0407510772,0.585813224,0.557184398,-0.0458074,0.58264643,0.563507378,-0.0483666584,0.60197413,0.541595161,-0.0255314969,0.602560699,0.553337,-0.0354740731,0.59603709,0.562177956,-0.0384218134,0.589332879,0.568480372,-0.0399505533,0.60946089,0.544332445,-0.0216221474,0.612257898,0.555494606,-0.0299253,0.606846273,0.563944,-0.0330628492,0.600788176,0.570115447,-0.034441676,0.612527728,0.546729505,-0.0186748952,0.616880596,0.55669558,-0.0254492182,0.614258,0.563747048,-0.0286511872,0.609539509,0.568957567,-0.0302821789
6050.000000000021,0.316418082,0.538384,1.88973232e-007,0.335518122,0.532100499,-0.00359875,0.360039741,0.530183375,-0.0100826053,0.380967826,0.532440901,-0.0158919208,0.395887941,0.533065259,-0.0215887204,0.343466729,0.524878085,-0.0229361244,0.365815192,0.528736651,-0.0328168385,0.381046,0.534174502,-0.0371895581,0.390935421,0.538961172,-0.0392921232,0.332082868,0.531608641,-0.0262642726,0.359539717,0.537898839,-0.0353549309,0.377546281,0.544485211,-0.0362236686,0.388802588,0.54897666,-0.0370348059,0.324857444,0.539691031,-0.0291718971,0.352914453,0.5470137,-0.0370699428,0.371018261,0.552774072,-0.0358301066,0.3821688,0.555875,-0.0346333385,0.321078748,0.54861623,-0.0321463235,0.346028179,0.554532766,-0.0369052812,0.36030224,0.557772458,-0.0354011431,0.369476587,0.558972836,-0.0342473
6066.666666666688,0.595577717,0.522449553,1.62805293e-007,0.575983763,0.523378491,-0.015187636,0.564954,0.527352214,-0.0258621387,0.560556889,0.533753514,-0.0338319764,0.558106363,0.540430248,-0.0412940271,0.591351748,0.53040117,-0.0285744723,0.591188967,0.539315104,-0.0391324498,0.588733256,0.546584606,-0.0446863733,0.586712539,0.552994728,-0.0480567738,0.604498923,0.533602417,-0.0248236246,0.605018795,0.543691278,-0.0339331478,0.59989053,0.552118242,-0.0373801142,0.594567955,0.558653295,-0.0399183817,0.612065613,0.536475122,-0.0214185249,0.614968359,0.546530366,-0.0294557363,0.610298336,0.554938138,-0.0330307819,0.605206788,0.56137377,-0.035155274,0.615187764,0.538939178,-0.0189363286,0.61939466,0.547821164,-0.0257717762,0.617118537,0.554776,-0.0291206222,0.613193035,0.560230851,-0.0311623402
6066.666666666688,0.312176883,0.541131377,1.56478151e-007,0.332927883,0.536476314,-0.00525428029,0.356798053,0.535424948,-0.0115444139,0.375944376,0.537000835,-0.0163615141,0.391987354,0.537178099,-0.0207345299,0.341568559,0.529070258,-0.0258042272,0.366368175,0.535561264,-0.0359035954,0.378814638,0.541485727,-0.0388250127,0.386057079,0.54606992,-0.0393390805,0.329680651,0.535872102,-0.0276029091,0.358438849,0.543851316,-0.0375350527,0.373238206,0.550228119,-0.0374925584,0.382176518,0.55416441,-0.0368299559,0.320859134,0.54404223,-0.0288755894,0.349751443,0.552844882,-0.0370936431,0.365599096,0.558498323,-0.0350799486,0.375882834,0.560946405,-0.0327915139,0.31526953,0.552555799,-0.0301521532,0.340069532,0.559467137,-0.035801027,0.354027331,0.563524604,-0.034437526,0.363729328,0.564936399,-0.0327967256
6083.333333333355,0.595572352,0.515082121,1.6293842e-007,0.57808435,0.516080856,-0.0139573682,0.567261815,0.519455791,-0.0242458098,0.561473072,0.525041163,-0.0321452022,0.558023572,0.530868173,-0.0395969376,0.593064129,0.521291316,-0.0270601679,0.592373312,0.53008914,-0.036828503,0.588995099,0.536727667,-0.041921474,0.586474061,0.54238534,-0.0449052118,0.605964124,0.524190426,-0.0237787329,0.607159257,0.533694565,-0.0320458487,0.601435721,0.541708291,-0.0350278541,0.595668316,0.547653437,-0.0372057818,0.613202929,0.527049601,-0.0207706243,0.61712414,0.536374688,-0.0278674811,0.612335563,0.544437528,-0.031095745,0.606989861,0.550512612,-0.0329944193,0.615864158,0.529779911,-0.0186269805,0.620782435,0.538410246,-0.0244867802,0.618424296,0.545294762,-0.0272090081,0.614106715,0.550660074,-0.0288195591
6083.333333333355,0.304121077,0.546636403,1.65551398e-007,0.323673785,0.540216208,-0.00349559402,0.348661,0.538618863,-0.00910872221,0.370457292,0.541050911,-0.0140496995,0.386219949,0.541962385,-0.0186969955,0.333827674,0.534959376,-0.0203604773,0.357568294,0.54108578,-0.0284879729,0.370907217,0.546636164,-0.031391222,0.378906846,0.551259041,-0.0326623507,0.322547436,0.542454958,-0.0231904592,0.349816799,0.549484134,-0.0305947457,0.366445452,0.555528283,-0.0308220815,0.376833588,0.559524059,-0.031410303,0.315173835,0.550644755,-0.0256308243,0.342776328,0.558110237,-0.0320654102,0.359635293,0.563450396,-0.0305397473,0.369916111,0.566144764,-0.0293870196,0.311697483,0.559061766,-0.0281586275,0.335264236,0.565208316,-0.031935513,0.348980099,0.568083286,-0.030319564,0.357890487,0.568949,-0.0291702822
6100.000000000022,0.595390558,0.50815475,1.60176782e-007,0.579061389,0.50946188,-0.0133868866,0.568530619,0.512519062,-0.0237930678,0.561565,0.517314,-0.0319787189,0.557608604,0.522435486,-0.0398159586,0.592801571,0.510946393,-0.0280428734,0.591611266,0.519570351,-0.0375701077,0.589316368,0.525811851,-0.0423164703,0.588074803,0.531321287,-0.045387648,0.606409729,0.514108,-0.0251546111,0.60726124,0.52299124,-0.0327919833,0.602608144,0.530488431,-0.0354132727,0.597672284,0.536086798,-0.0378770605,0.614239216,0.517446399,-0.0224055741,0.617992163,0.526125073,-0.0291415807,0.614200354,0.533833742,-0.0326065756,0.60995543,0.539764524,-0.0351564214,0.617368519,0.521016955,-0.020427309,0.621740639,0.528894186,-0.0260763168,0.619197249,0.535305858,-0.0289870948,0.61503607,0.540600836,-0.0311041195
6100.000000000022,0.303112596,0.548641443,1.79361891e-007,0.32165122,0.542792857,-0.00446959399,0.34491834,0.541529059,-0.0105109485,0.364850968,0.544167,-0.0155779226,0.380128235,0.545756638,-0.0204551518,0.327441782,0.538722813,-0.0209371597,0.348619819,0.545197487,-0.0294764712,0.363070041,0.550940335,-0.0329742506,0.372228533,0.55560106,-0.0345730484,0.31591484,0.5459584,-0.0232090764,0.341775358,0.553946078,-0.0305031613,0.358941644,0.560329437,-0.0310273375,0.3701801,0.564201713,-0.0320254974,0.30837217,0.553821862,-0.0251969881,0.333974153,0.562268198,-0.0318488,0.351355761,0.567949057,-0.0308355466,0.362661272,0.570686936,-0.0301268585,0.304715663,0.56187433,-0.027312886,0.327114642,0.568664908,-0.0314486586,0.340868205,0.572025239,-0.030170599,0.350153029,0.573075831,-0.0294094849
6116.666666666689,0.591815114,0.498551577,2.11273e-007,0.579628,0.49979049,-0.0137049668,0.572352946,0.503884315,-0.025351854,0.568506718,0.510246634,-0.0344193801,0.566708624,0.516405284,-0.0434473529,0.591949403,0.501115441,-0.0303336214,0.592756331,0.510261178,-0.0422152504,0.592149,0.518129528,-0.0489471368,0.591175318,0.524291694,-0.0529433228,0.604925632,0.502744198,-0.0275583901,0.609078586,0.512279212,-0.0382727422,0.607582629,0.520896435,-0.0420466028,0.605454624,0.5272457,-0.0446077399,0.612674057,0.505039036,-0.024953749,0.618032157,0.514082432,-0.0341537818,0.616684377,0.522402823,-0.0369608551,0.61452961,0.52849251,-0.0384226739,0.616390347,0.508026183,-0.0229936112,0.621992052,0.515080035,-0.0298021585,0.622438133,0.521082699,-0.0321995392,0.621346712,0.52597,-0.0335555747
6116.666666666689,0.298174381,0.55263263,1.80474657e-007,0.317521393,0.546521306,-0.00465086848,0.341119349,0.544929266,-0.0108574871,0.360538781,0.5475173,-0.0159174036,0.375774682,0.549433529,-0.0208608396,0.321393758,0.542588115,-0.0229732133,0.34218213,0.549960375,-0.0319421738,0.356970787,0.55566895,-0.0354429632,0.366355717,0.560227156,-0.0369350538,0.309305668,0.549933255,-0.0250633564,0.335646808,0.558465183,-0.0326991379,0.353241354,0.564674675,-0.0328134298,0.36458692,0.56830442,-0.0334785916,0.301494449,0.557891846,-0.0267611723,0.328404069,0.566565633,-0.0334260501,0.346217155,0.572065592,-0.0320718028,0.357255638,0.574374676,-0.0310742967,0.297755718,0.565882564,-0.0285747871,0.321316898,0.572699,-0.0327905528,0.335901558,0.575953,-0.031565588,0.345169336,0.576617122,-0.0308212861
6133.333333333356,0.580920339,0.498386472,8.04376867e-008,0.591497838,0.503853202,-0.0024124526,0.602026165,0.508669615,-0.00573962089,0.608386457,0.513318956,-0.00981007796,0.611872852,0.51822114,-0.0144317597,0.619910359,0.502313733,-0.00413949927,0.622890234,0.509687066,-0.0121006,0.620577157,0.515138388,-0.0178222656,0.616827965,0.519484162,-0.0209173616,0.614088297,0.498260379,-0.00732259778,0.617241561,0.506522298,-0.0144561967,0.614268661,0.512671471,-0.0185450278,0.610588849,0.517238081,-0.0205937624,0.60385555,0.495114356,-0.01115599,0.604599595,0.503433,-0.0188703481,0.600652874,0.508931935,-0.0211730879,0.597459137,0.512369514,-0.0213343222,0.591815889,0.493420422,-0.0150770368,0.590150237,0.499922186,-0.0200402532,0.587987304,0.503556311,-0.0205032937,0.586670816,0.505549133,-0.019940272
6133.333333333356,0.291799754,0.554169595,1.16308442e-007,0.311783,0.548722088,-0.00641420716,0.336561739,0.547990263,-0.0122501254,0.354763776,0.550557435,-0.0161923859,0.369683266,0.552675962,-0.0197416432,0.318911105,0.54557687,-0.024954224,0.339120179,0.5524984,-0.0339991,0.351845026,0.558397949,-0.036933139,0.36063394,0.563021898,-0.0377629846,0.307003289,0.552960157,-0.0257078372,0.332264692,0.562409282,-0.033473745,0.348050684,0.568282902,-0.0341593064,0.359369576,0.571981,-0.0347486734,0.29846549,0.560780108,-0.0259619895,0.323877662,0.571060836,-0.03266114,0.339888662,0.57606858,-0.032525409,0.351882577,0.577971935,-0.0319564,0.293282479,0.567991614,-0.0262234,0.315697163,0.576002836,-0.030869972,0.32928741,0.579575717,-0.0306828804,0.340192676,0.58048892,-0.0303510558
6150.000000000023,0.587166,0.49740833,-8.16757648e-008,0.575508058,0.495584577,-0.010015646,0.567418814,0.492316723,-0.0181566,0.562797785,0.491188139,-0.0254021101,0.55851686,0.49035266,-0.0325577259,0.585894406,0.481648773,-0.0143597312,0.589223206,0.484886289,-0.0253057797,0.58962971,0.490391314,-0.0333683267,0.588149488,0.495366096,-0.0375324897,0.599850893,0.484780729,-0.0148530556,0.604474604,0.489132136,-0.0264895316,0.60230726,0.496721923,-0.0319654755,0.598131776,0.502857149,-0.0335768536,0.609448,0.489183098,-0.0161256343,0.61486721,0.493439972,-0.0288339555,0.614451766,0.500511,-0.0307574682,0.611544669,0.505907118,-0.0289052073,0.615126193,0.493837386,-0.0178506579,0.620756924,0.496919811,-0.0277282037,0.621028423,0.502365351,-0.0275842,0.6193102,0.506581,-0.0249922331
6150.000000000023,0.292103946,0.55820483,1.73378567e-007,0.311390668,0.552104771,-0.00466971705,0.334782898,0.550981224,-0.00946542528,0.352307677,0.55385673,-0.0127586955,0.36564821,0.556115091,-0.015784299,0.312091649,0.549325109,-0.0216673315,0.333185017,0.558083951,-0.0283629671,0.347263813,0.563268125,-0.02980268,0.356433451,0.567227185,-0.0298890602,0.299916774,0.556604862,-0.0227177553,0.326735437,0.56658864,-0.0283610914,0.342653692,0.57208848,-0.0271806382,0.352679074,0.575261235,-0.0268623419,0.292372555,0.564264,-0.0233049,0.318382591,0.574398518,-0.028038539,0.334884167,0.579299331,-0.0265591871,0.345580518,0.581041873,-0.0256746188,0.288972199,0.571503282,-0.0239655785,0.311085552,0.579203904,-0.0268757,0.324406803,0.582444787,-0.0257122535,0.333428413,0.582834423,-0.0251678918
6166.66666666669,0.594040334,0.494207323,-1.28320366e-007,0.577976525,0.492462963,-0.0111079691,0.564864755,0.487808853,-0.0176408105,0.557949,0.484046161,-0.0229030736,0.557223141,0.482239604,-0.0267002098,0.580278158,0.474162579,-0.0107484329,0.576920331,0.479055852,-0.0210792422,0.575959742,0.484770566,-0.0278931558,0.57593888,0.486723721,-0.0318066813,0.595561802,0.47644,-0.0104957027,0.590420187,0.487160534,-0.0186960548,0.588871837,0.490249,-0.0215906203,0.588363945,0.488693178,-0.0230763238,0.608048379,0.481858671,-0.0119319689,0.601940215,0.49349463,-0.020290494,0.600763202,0.494725883,-0.0194102358,0.600809276,0.492144823,-0.0177414957,0.618063092,0.488135427,-0.0146135446,0.613087237,0.496467769,-0.0210025497,0.611693919,0.49732396,-0.020241078,0.61214453,0.495378315,-0.0184378363
6166.66666666669,0.285963446,0.560716033,7.31595406e-008,0.30661726,0.555019796,-0.0068505723,0.330678731,0.554782808,-0.0122243809,0.34762463,0.557922781,-0.0154744321,0.361047596,0.560346,-0.0181174595,0.309400678,0.552645683,-0.0248507094,0.33008188,0.560900867,-0.032807447,0.342659831,0.566524506,-0.034759704,0.350992948,0.570786238,-0.0349462703,0.296881616,0.560068667,-0.0248551257,0.321477503,0.569813848,-0.0323630273,0.337614417,0.575182557,-0.0327410586,0.348930448,0.57835716,-0.0330424197,0.288953811,0.567854166,-0.0243089702,0.313686579,0.578205645,-0.0309105273,0.329825222,0.58291465,-0.0310044885,0.342088968,0.584354579,-0.0304784179,0.285091907,0.575128376,-0.0237680394,0.306753635,0.583548784,-0.0283226762,0.320156693,0.58695358,-0.0283047967,0.331304371,0.587449729,-0.0280627403
6183.333333333357,0.58977741,0.490405172,-9.22726926e-008,0.573614597,0.488034636,-0.010432899,0.561545312,0.482858777,-0.0181783307,0.555436671,0.47863394,-0.0251105148,0.551871598,0.474646628,-0.0315269716,0.581322,0.469461828,-0.0132098217,0.583455682,0.468182653,-0.0244299937,0.583537579,0.474004924,-0.032409206,0.582636833,0.479420394,-0.0366669446,0.597582459,0.472779036,-0.0139972717,0.599170625,0.472740799,-0.0250871461,0.596280873,0.480713934,-0.0295896381,0.592609346,0.486128271,-0.0311560966,0.609686553,0.478023976,-0.0160231479,0.613078296,0.477578044,-0.0272827018,0.61075747,0.483872175,-0.026852306,0.606737733,0.488271028,-0.0246427376,0.617840588,0.48423624,-0.0187007412,0.620756865,0.484399617,-0.0274819154,0.618659854,0.488990694,-0.0261964854,0.615006685,0.492039025,-0.0236253701
6183.333333333357,0.286417663,0.564092278,1.70637989e-007,0.305058,0.558192194,-0.00519826869,0.32632935,0.557415426,-0.0100323483,0.343185753,0.560420096,-0.0134072686,0.356669784,0.562899351,-0.0165118016,0.30261752,0.556170702,-0.0206246544,0.322128415,0.565333903,-0.0271782968,0.336368,0.570852518,-0.0287825763,0.346134901,0.575048327,-0.0290105846,0.290758312,0.56327939,-0.0213281494,0.3149454,0.573441863,-0.026737513,0.331715673,0.579298735,-0.0261036139,0.343233347,0.582709312,-0.026299417,0.283635736,0.570652723,-0.0216688067,0.307354838,0.581233,-0.0265966877,0.324478716,0.586486101,-0.0257709306,0.336231172,0.588537812,-0.0252702311,0.280699074,0.577631652,-0.0221300554,0.300975382,0.585870206,-0.0252482872,0.314399511,0.589244962,-0.0244397838,0.323758125,0.589646339,-0.0241334438
6200.000000000024,0.586959243,0.484540105,-1.00639006e-007,0.571599066,0.482771158,-0.00964952074,0.562148213,0.476560235,-0.0172873065,0.556102812,0.472149372,-0.024234185,0.54916656,0.468587667,-0.0308910124,0.577759683,0.465926945,-0.0163631625,0.580503,0.459981233,-0.0295057558,0.581897438,0.465906173,-0.0378383845,0.581123531,0.471876979,-0.0420573093,0.593139768,0.468970537,-0.0184853468,0.598471463,0.463281482,-0.0324678719,0.597100496,0.471450448,-0.0372047499,0.593089163,0.477475077,-0.0382618792,0.604905248,0.473977953,-0.0217489395,0.612179875,0.469034851,-0.0359092057,0.610718668,0.475559473,-0.0365513526,0.605774283,0.480282,-0.0345288739,0.613269031,0.479860932,-0.0252914,0.620545685,0.477342427,-0.0360998698,0.619709134,0.481933802,-0.0352991633,0.615789294,0.485377729,-0.03294174
6200.000000000024,0.279331416,0.567725241,1.80933867e-007,0.298675954,0.561547399,-0.00556222629,0.320304751,0.560352206,-0.0112899849,0.33805576,0.563550174,-0.0157912467,0.352104813,0.566799343,-0.0200026222,0.297035187,0.560270071,-0.0205201376,0.317182839,0.569679081,-0.028185131,0.331834167,0.575298667,-0.031054683,0.34162876,0.579625964,-0.0322830528,0.28527382,0.567752719,-0.021651037,0.309869319,0.57807076,-0.0283954181,0.327047,0.583916247,-0.0288399197,0.338860035,0.587028265,-0.0299078487,0.27855894,0.575053811,-0.022531474,0.303040683,0.585447073,-0.02842802,0.320209533,0.590472043,-0.027837947,0.331374198,0.59236455,-0.0274475403,0.276057154,0.581649542,-0.0236518644,0.29707855,0.590068638,-0.0269027,0.311107546,0.593157232,-0.0260146484,0.320170343,0.593525052,-0.0257183928
6216.666666666691,0.582324326,0.481066346,-4.10827e-008,0.567540884,0.479280919,-0.0107510444,0.557681084,0.473269433,-0.0197990313,0.552801251,0.468521178,-0.0283562262,0.547337711,0.463701934,-0.036758814,0.576107323,0.462351054,-0.0181229766,0.580166936,0.45328021,-0.0313021839,0.581731737,0.457877785,-0.0399559215,0.580218136,0.463948399,-0.0441634133,0.590870917,0.465098828,-0.0193381216,0.596912563,0.456939548,-0.0331191719,0.595856488,0.464174449,-0.0391123891,0.591043293,0.470714539,-0.0410877094,0.602515936,0.469559282,-0.0215594824,0.610707045,0.46177277,-0.034613654,0.611106396,0.467853189,-0.0361369848,0.606179655,0.47353676,-0.0348323695,0.611112833,0.474881113,-0.0242812503,0.619468927,0.470167369,-0.0349281244,0.620784,0.47386691,-0.0353890285,0.616996706,0.477794826,-0.0338427722
6216.666666666691,0.275859654,0.571802914,1.72301625e-007,0.295132697,0.565477431,-0.00632747915,0.317631125,0.564477265,-0.0117840394,0.334751278,0.567617595,-0.0153802438,0.347952157,0.57085979,-0.0186146162,0.296211869,0.564040184,-0.022871349,0.315803885,0.573452592,-0.0299702752,0.328958392,0.579022825,-0.0319037884,0.338488758,0.583255589,-0.0324412398,0.284521103,0.571586549,-0.0230659917,0.308597594,0.582098782,-0.0294401031,0.32409808,0.587552965,-0.02945555,0.334846258,0.590594947,-0.0299629327,0.277428657,0.579071343,-0.022823032,0.300368339,0.589702725,-0.0283670891,0.316776276,0.594488323,-0.028154036,0.328463554,0.596109867,-0.0280055813,0.274641275,0.585648358,-0.0226730201,0.294045389,0.594010413,-0.0261953417,0.306755245,0.597442329,-0.0258189775,0.315969944,0.59813273,-0.0257610902
6233.333333333358,0.577456653,0.479217649,-2.35910491e-008,0.563979685,0.476335675,-0.0108296918,0.554804862,0.469232619,-0.0197868962,0.550543308,0.463937,-0.0281633772,0.544814229,0.459415555,-0.0362778306,0.573811,0.458521038,-0.0173196308,0.578467906,0.449366212,-0.0306449383,0.580670416,0.45259136,-0.0394841805,0.579775929,0.458246231,-0.0437222533,0.588648319,0.461445868,-0.0183911677,0.596455097,0.452894658,-0.0321871415,0.59580487,0.459154546,-0.0381452739,0.59083426,0.465407819,-0.0399302021,0.600367665,0.46613875,-0.020570701,0.609927,0.458138347,-0.0332366489,0.6097067,0.463526934,-0.0346297547,0.603854716,0.468782902,-0.0331282243,0.609323144,0.471813798,-0.0233750641,0.618721724,0.466335148,-0.0331645124,0.61880815,0.469562083,-0.0333625376,0.613812804,0.473053902,-0.0316337831
6233.333333333358,0.275119722,0.575229168,1.71300059e-007,0.294218093,0.569188654,-0.0054865675,0.315449983,0.568175793,-0.0105445338,0.331522018,0.571501136,-0.0140089868,0.344078481,0.574774921,-0.017194692,0.293031365,0.568273902,-0.0213130135,0.312518358,0.578351796,-0.0274004806,0.325229,0.583926737,-0.0287060793,0.334228843,0.58794111,-0.0288282409,0.280990899,0.575572252,-0.021691246,0.304457664,0.586631,-0.0267724693,0.319786936,0.592162311,-0.0261774231,0.330315262,0.595142543,-0.0264109746,0.273847163,0.582785726,-0.0215647239,0.296788603,0.594021142,-0.0258591454,0.312850296,0.598798394,-0.0249418225,0.323917121,0.600339711,-0.024458807,0.271297723,0.589223683,-0.0215496384,0.291033328,0.597713828,-0.0240747947,0.30387038,0.601042032,-0.0230149236,0.312774301,0.601515889,-0.0225049295
6250.000000000025,0.578743696,0.475618899,-1.78039556e-008,0.565970659,0.473457485,-0.00813004933,0.559791446,0.466380268,-0.0145086665,0.557315409,0.461575359,-0.0202372037,0.551292658,0.458192438,-0.0258545242,0.571987271,0.455822766,-0.0135550108,0.575671136,0.446962327,-0.0245148856,0.577546477,0.449164242,-0.031783551,0.577128708,0.453737408,-0.0352774709,0.587058723,0.458083689,-0.0154922204,0.595287621,0.44958955,-0.0273739267,0.594138682,0.454897225,-0.0322204791,0.589622796,0.460516602,-0.03308025,0.598318338,0.462647706,-0.0182998665,0.608045936,0.454716802,-0.0297495276,0.60684973,0.45918113,-0.0309215989,0.601876915,0.463805079,-0.0293028113,0.606761396,0.46857059,-0.0213943776,0.615225554,0.463519871,-0.0304920543,0.614911258,0.466001034,-0.0300458279,0.610782862,0.469083,-0.0277235
6250.000000000025,0.273056805,0.578273118,1.79529792e-007,0.291667789,0.572161138,-0.00709143747,0.312930822,0.572043777,-0.0125278207,0.328848183,0.575783551,-0.0158358328,0.341593385,0.578769863,-0.0188714974,0.29014495,0.571594894,-0.0238520838,0.308534712,0.582229376,-0.0306180604,0.321459293,0.588000596,-0.0321451537,0.330815613,0.592094243,-0.0323477685,0.277559578,0.579025149,-0.0234540906,0.300175905,0.590273619,-0.0296417642,0.315706193,0.595762491,-0.0296260547,0.326302528,0.598830163,-0.030113643,0.269908607,0.586197555,-0.0225753207,0.291629136,0.597514,-0.0279136952,0.307915509,0.602419615,-0.0278891288,0.319310546,0.604225755,-0.0278349575,0.266978115,0.592250764,-0.0218150895,0.285560638,0.600927,-0.0253981482,0.298421144,0.60456872,-0.0253128428,0.307663023,0.605507553,-0.0254210606
6266.6666666666915,0.577146292,0.475191504,6.81256773e-010,0.562146366,0.472517401,-0.010250994,0.552311122,0.465594918,-0.0187983327,0.547877491,0.459952533,-0.0266519636,0.541511595,0.454256326,-0.0342448913,0.570336,0.454077333,-0.0170304347,0.575580895,0.444591135,-0.0294626448,0.577347815,0.445834219,-0.0377777629,0.575993299,0.451014608,-0.0417330563,0.584718287,0.456772864,-0.0179395,0.592520475,0.447594434,-0.0304796472,0.591983199,0.452366203,-0.0361730158,0.587417901,0.458554685,-0.0379781201,0.596319914,0.461602867,-0.0198511519,0.606057167,0.452877253,-0.031314116,0.606243372,0.456957191,-0.0333622433,0.600812376,0.4620758,-0.0326964073,0.605483949,0.467562675,-0.0222704187,0.615145266,0.461470574,-0.0318759605,0.615377128,0.46348,-0.0328927822,0.610217,0.466772467,-0.0317902453
6266.6666666666915,0.271278501,0.580516219,1.74485905e-007,0.290152967,0.574659288,-0.0076320013,0.310524791,0.574963152,-0.0132787907,0.325492352,0.579379439,-0.0164680518,0.338099837,0.582220435,-0.0192382708,0.288384795,0.575024843,-0.025184989,0.306657374,0.585737705,-0.0319762342,0.319173694,0.5917207,-0.0331804045,0.328195035,0.59588784,-0.032984402,0.275861472,0.582266808,-0.0240803696,0.298810542,0.593995929,-0.030138107,0.314370334,0.599669814,-0.0297344513,0.324912,0.602666855,-0.0297690611,0.268566072,0.589067161,-0.0223911535,0.29033941,0.600938916,-0.0275033955,0.306253165,0.60599786,-0.0271537844,0.317559034,0.607728362,-0.0267813373,0.266237736,0.594630957,-0.0208104029,0.284252435,0.603684783,-0.024293026,0.296599656,0.607812166,-0.0240740608,0.305929601,0.609066665,-0.0239778925
6283.3333333333585,0.576815248,0.473627836,-2.61914952e-008,0.561856925,0.471372,-0.00946375355,0.551713884,0.464674413,-0.0175870098,0.547296107,0.459285229,-0.0252764989,0.540429771,0.453897327,-0.0328527316,0.56817,0.453976184,-0.0170516949,0.572798133,0.443738431,-0.0291589908,0.575157642,0.444222659,-0.0372422934,0.574562609,0.448745251,-0.0411448479,0.583173513,0.456421971,-0.018483,0.590970099,0.446532726,-0.0303785577,0.590123832,0.450701743,-0.0353837535,0.584953547,0.456643194,-0.0370870382,0.595438898,0.46087423,-0.0207710378,0.604812,0.451716244,-0.0317270346,0.603959918,0.455540031,-0.0326269306,0.59788394,0.460724294,-0.0314846449,0.604952753,0.466667235,-0.023607051,0.614582837,0.460021436,-0.0326564424,0.613723934,0.462032169,-0.0326896422,0.607701302,0.465537459,-0.0312031973
6283.3333333333585,0.265334666,0.583672762,1.29172491e-007,0.286111057,0.577669322,-0.00866782572,0.308536202,0.578549147,-0.0147444746,0.324214727,0.583095789,-0.0179616362,0.337671429,0.585890889,-0.0208007526,0.286355972,0.578679264,-0.0274943225,0.304000646,0.588454247,-0.0351554938,0.316038311,0.594466,-0.0370347947,0.324824959,0.598694861,-0.0373047069,0.27219215,0.586213529,-0.0261759833,0.295959741,0.597640455,-0.032754831,0.311559319,0.603031039,-0.0328100957,0.322542399,0.605835795,-0.0332297906,0.264257431,0.592970073,-0.0242845062,0.287282825,0.605077386,-0.0300966632,0.304364473,0.609699547,-0.0304090697,0.317367733,0.611107945,-0.030427007,0.261625111,0.598435342,-0.0224384051,0.281098366,0.607714593,-0.0265812222,0.294140041,0.611419,-0.0267005842,0.30503,0.612332761,-0.0268235989
6300.0000000000255,0.574471414,0.474636883,-2.62211142e-008,0.560549498,0.471739829,-0.0103567336,0.551508904,0.464828521,-0.0192405954,0.546649575,0.459293693,-0.0276849084,0.539202332,0.454057842,-0.0359306596,0.567754865,0.453787953,-0.0167397168,0.571624637,0.443693131,-0.0295223109,0.573150873,0.444578856,-0.0381781459,0.572442114,0.449249685,-0.0424844176,0.582439542,0.45622167,-0.0181576591,0.589601815,0.446323961,-0.0308351628,0.588422418,0.450687438,-0.0366159417,0.58390075,0.456545472,-0.0387262851,0.594553232,0.46087,-0.0206314418,0.604163349,0.45196715,-0.032433141,0.60293895,0.455752343,-0.0339600705,0.597255409,0.460671037,-0.0330614708,0.604304731,0.466923058,-0.0237093382,0.613937497,0.460332602,-0.0328179784,0.612200499,0.462305248,-0.0328784101,0.605958343,0.465601236,-0.0314323157
6300.0000000000255,0.263785243,0.585244715,1.19514283e-007,0.284286886,0.580186963,-0.00866190065,0.306420565,0.581160903,-0.0145532824,0.322087616,0.585553348,-0.0178119987,0.335419357,0.588589251,-0.020622313,0.284371376,0.581952929,-0.026059432,0.301097095,0.591581225,-0.0337442271,0.313382477,0.597249448,-0.0357919037,0.322688192,0.601162,-0.0362383723,0.270494342,0.589017153,-0.0248420965,0.292451054,0.600277364,-0.0318204537,0.308204085,0.60542345,-0.0323033929,0.319421,0.608096957,-0.0329757221,0.262642592,0.595343351,-0.0232034326,0.283620894,0.607084632,-0.0293628,0.300255448,0.611629725,-0.0300158784,0.313282669,0.613231957,-0.0301883332,0.259748667,0.600488782,-0.0216964688,0.277441919,0.609836817,-0.0261073317,0.290474743,0.61349,-0.0267411191,0.301501751,0.614452,-0.0272437222
6316.666666666692,0.574492812,0.476153731,-3.00996454e-008,0.559390128,0.473167449,-0.00989676546,0.549169421,0.465919882,-0.0183925703,0.543700755,0.460393846,-0.026414929,0.537264,0.454572469,-0.0341953225,0.565867543,0.454677671,-0.016897846,0.569769263,0.444663435,-0.0295676496,0.571180761,0.445352137,-0.0380646773,0.569957078,0.450155795,-0.042206455,0.580823958,0.457105637,-0.018279409,0.588023663,0.447209507,-0.0308768675,0.587080359,0.451176524,-0.036879506,0.581967533,0.457119197,-0.0391736664,0.592982113,0.461742252,-0.0206220318,0.602023721,0.452785134,-0.0325339623,0.601674914,0.456264496,-0.0348227583,0.596117258,0.461303622,-0.0344364047,0.602671564,0.467811376,-0.0234376919,0.61233151,0.461169451,-0.0331304297,0.611541212,0.46296984,-0.033993,0.605573535,0.466434658,-0.0329901204
6316.666666666692,0.261474758,0.588338614,8.2073484e-008,0.282295316,0.582370222,-0.00995353051,0.305117667,0.582975864,-0.016157968,0.32122606,0.587172925,-0.0196264777,0.335413069,0.590057552,-0.0224840865,0.281681031,0.58345741,-0.0258474387,0.297887295,0.593071938,-0.0342271738,0.310508549,0.599111199,-0.0370171107,0.320120394,0.603156865,-0.0379083827,0.268528312,0.591124177,-0.0241130516,0.289898485,0.602148533,-0.0317347683,0.306885093,0.607529342,-0.0326818563,0.319242567,0.610140562,-0.0335103869,0.262147933,0.598126709,-0.0222448986,0.283992261,0.609149814,-0.0292052049,0.301003069,0.613731682,-0.0300271269,0.314551502,0.615479589,-0.0299240835,0.260831416,0.603954196,-0.020675119,0.278950602,0.612877727,-0.0260225441,0.292130291,0.616450608,-0.0269717369,0.304083794,0.617574573,-0.0273650791
6333.333333333359,0.573400319,0.477123201,-4.5851138e-008,0.558329761,0.474236578,-0.0105489139,0.547964096,0.467540264,-0.0199354533,0.542806804,0.462104559,-0.0289785825,0.536503196,0.456479728,-0.037766546,0.566054225,0.456531465,-0.0176168736,0.570199251,0.446261168,-0.0312183201,0.570792,0.447492629,-0.0402789973,0.56921494,0.452644914,-0.0447172932,0.58057189,0.458887637,-0.019152699,0.587274849,0.44869709,-0.0328183807,0.585339427,0.453652501,-0.0385784134,0.580455065,0.459898025,-0.0404325,0.592761517,0.463197112,-0.0217812,0.601443827,0.454027861,-0.0343575925,0.599765956,0.458676904,-0.035225857,0.594079494,0.464057595,-0.0336476788,0.602697313,0.468859404,-0.0250632428,0.612067699,0.462539196,-0.0346620604,0.610198319,0.4648633,-0.0343858525,0.603863657,0.468298256,-0.0325284824
6333.333333333359,0.26049462,0.589981914,1.1780471e-007,0.281975329,0.583782077,-0.00912157353,0.304092795,0.584230721,-0.0151310796,0.319979042,0.588663518,-0.0183759145,0.333810121,0.591221571,-0.0210776627,0.280396551,0.584790111,-0.0260950569,0.296578139,0.594888866,-0.0339604281,0.309334934,0.60067451,-0.0363048241,0.319036037,0.604571164,-0.0369045921,0.266736627,0.592354357,-0.0246024318,0.289046109,0.603979528,-0.03154286,0.306105912,0.609095454,-0.0321216509,0.318106443,0.611568213,-0.0329402052,0.260083586,0.59912467,-0.0227603465,0.282127708,0.611068606,-0.0289076325,0.299577177,0.615552187,-0.0295948908,0.312912405,0.616868913,-0.0297591724,0.25881651,0.604536593,-0.0210961811,0.2770271,0.613884151,-0.0254454929,0.290562749,0.617604077,-0.0260599274,0.302235305,0.618474126,-0.0265699364
6350.000000000026,0.571259081,0.478057176,-6.03984915e-008,0.556672812,0.475185424,-0.0104386834,0.546930969,0.468963474,-0.0196685195,0.541497,0.464087665,-0.0283859055,0.535006642,0.459117264,-0.0369315185,0.565355659,0.458319515,-0.0179040395,0.568538964,0.448954314,-0.0308547039,0.56956023,0.451008618,-0.0394960903,0.568403721,0.45580706,-0.0439455137,0.580146492,0.460814059,-0.0194431599,0.586452425,0.451403558,-0.0327617414,0.584317446,0.456961811,-0.0383458287,0.578676343,0.463083416,-0.0402873084,0.592075765,0.465281,-0.0219436064,0.601321876,0.456465572,-0.0344663262,0.599090517,0.461764544,-0.035260845,0.592538118,0.467059672,-0.0338078067,0.601550639,0.471243769,-0.0250549261,0.610741079,0.466064066,-0.0351206474,0.60813725,0.469465792,-0.0350527614,0.601116538,0.473138809,-0.0334137119
6350.000000000026,0.262883067,0.591929197,1.26856875e-007,0.283212751,0.585417509,-0.00955435,0.304173917,0.585264,-0.0156432167,0.319566905,0.589233279,-0.0188922845,0.333056033,0.591763079,-0.0216740072,0.280074418,0.586376369,-0.0261000432,0.295812666,0.59578371,-0.0339435451,0.308853,0.601190746,-0.0366070978,0.318748325,0.604823351,-0.0374986157,0.267109036,0.593828499,-0.0243466925,0.289007813,0.604745924,-0.0310450625,0.306088299,0.609762073,-0.0318218693,0.318119764,0.612394452,-0.0329124518,0.26089555,0.600316465,-0.0222816132,0.282013535,0.611835837,-0.0283521581,0.299265385,0.616176069,-0.0291955452,0.312403262,0.617498338,-0.029611133,0.259691298,0.605336428,-0.0204286445,0.276219785,0.614426494,-0.0248933379,0.28882432,0.618018568,-0.0255528335,0.299607724,0.618784,-0.0261767935
6366.666666666693,0.572083533,0.480815887,-7.6619834e-008,0.557032764,0.478687197,-0.01100027,0.546988547,0.472264796,-0.0205425844,0.541433573,0.467188299,-0.029643273,0.534015834,0.462079704,-0.0385538228,0.565286636,0.461357802,-0.0184480753,0.568563163,0.452492505,-0.0322164334,0.569083154,0.455878168,-0.0413614288,0.567084491,0.460939735,-0.0459644385,0.580037355,0.464031309,-0.019876508,0.586128592,0.455012649,-0.0335524119,0.583766878,0.461161435,-0.039268624,0.578306794,0.466881454,-0.0412912332,0.591935813,0.468551874,-0.0223803949,0.600243151,0.460357845,-0.0348951146,0.597761571,0.466136307,-0.0353903,0.591270387,0.471037239,-0.0337514654,0.60101229,0.474337727,-0.0256019216,0.609444618,0.469339371,-0.0350244492,0.607075393,0.472817898,-0.0345013626,0.600782156,0.47614035,-0.0326647758
6366.666666666693,0.260325968,0.591506422,1.14960592e-007,0.280570328,0.58512044,-0.00993935578,0.302762508,0.585168898,-0.0160692949,0.318846494,0.589335442,-0.0192154143,0.332711399,0.591998041,-0.0218482148,0.278420568,0.586706161,-0.0269724224,0.295049,0.596179903,-0.0348253585,0.308322906,0.60156,-0.0373027064,0.318540245,0.605123878,-0.0380378701,0.265956521,0.594345,-0.0248588435,0.288415819,0.605282664,-0.0315625,0.306016982,0.610002339,-0.0322498083,0.318716049,0.612330258,-0.0332457498,0.260381192,0.600884795,-0.0223811,0.282193154,0.612339735,-0.0283295754,0.299548984,0.616399765,-0.0290156901,0.312766552,0.617451787,-0.0292830821,0.259852916,0.605787516,-0.0201451685,0.277189523,0.615012228,-0.0244737621,0.28989917,0.618427157,-0.0250792727,0.300818175,0.618855119,-0.0256224107
6383.33333333336,0.570698857,0.484210759,-8.4485265e-008,0.556356966,0.481840253,-0.0114087714,0.546117306,0.475189269,-0.0209117848,0.5402897,0.470002174,-0.0298339576,0.533807874,0.46585536,-0.038411282,0.564788282,0.464451402,-0.0180717595,0.567897797,0.456213862,-0.0322793126,0.568571568,0.460431725,-0.0413417593,0.567180753,0.466065764,-0.0457620695,0.580164075,0.467294246,-0.0192961339,0.586066723,0.45946297,-0.0339404084,0.582726896,0.466993272,-0.0391503721,0.577053428,0.472836614,-0.0402972586,0.592275798,0.471819907,-0.0217289962,0.599835038,0.46523127,-0.0352900699,0.595841467,0.472267479,-0.0347536579,0.58889854,0.477071166,-0.0318876281,0.601390362,0.477375627,-0.0249256678,0.608534694,0.473787516,-0.0345441,0.604795277,0.478169322,-0.0331520587,0.598392665,0.481204182,-0.0304549187
6383.33333333336,0.260135233,0.589822412,9.19682606e-008,0.280557,0.583822191,-0.0101699,0.303159893,0.584229231,-0.016365977,0.319282889,0.588460147,-0.0195942167,0.33279568,0.591789126,-0.0223104637,0.279381186,0.586704552,-0.0266651753,0.295769602,0.596057713,-0.0346419774,0.308796406,0.601384223,-0.0372838192,0.319109917,0.604815125,-0.0381835066,0.267175466,0.594606102,-0.0245669987,0.289550424,0.605475903,-0.0316478312,0.307058126,0.609869,-0.0325984359,0.319935739,0.611590624,-0.0335162766,0.261563301,0.601114213,-0.0221661534,0.283950716,0.612067878,-0.0285900738,0.301593512,0.616027415,-0.0295982026,0.315384507,0.617113054,-0.0298460852,0.260965139,0.605825126,-0.0200238489,0.279150128,0.614776134,-0.0250805579,0.291925043,0.618067861,-0.0260201693,0.30308491,0.618676364,-0.0265439432
6400.000000000027,0.570428,0.48792392,-1.19418672e-007,0.555977166,0.485501051,-0.0110910628,0.545669198,0.479328,-0.0208979845,0.53938818,0.475005388,-0.0302027538,0.532863855,0.470171958,-0.0391935967,0.56518966,0.468188643,-0.0187008362,0.567893088,0.460919499,-0.0327511169,0.566547,0.46678403,-0.0418692194,0.56408149,0.473028213,-0.0464287139,0.580468,0.471398711,-0.0200553481,0.585660279,0.464507729,-0.0342480093,0.580895782,0.473142236,-0.0391824692,0.575218,0.479642272,-0.0404185355,0.592364192,0.47613126,-0.0225393623,0.599621296,0.470160484,-0.035220243,0.594624162,0.477675825,-0.0341638178,0.587686419,0.482875705,-0.0313899368,0.601218283,0.481812209,-0.0258051604,0.607548535,0.478976279,-0.0347965099,0.602759182,0.483805537,-0.0331116579,0.596227884,0.487074941,-0.0304524247
6400.000000000027,0.261520445,0.590495169,5.58493447e-008,0.280990124,0.584098637,-0.0117506916,0.303040057,0.583999813,-0.0191528313,0.319156021,0.587428153,-0.0233530216,0.332724065,0.590695381,-0.0269136708,0.278429657,0.585997224,-0.0306824669,0.296026677,0.595099449,-0.0400593542,0.309416592,0.60025394,-0.0428188406,0.319544435,0.603822768,-0.0436684266,0.267568409,0.593997419,-0.0279863104,0.290866792,0.604696333,-0.0370643549,0.308817625,0.608752906,-0.0377473719,0.32109043,0.610156953,-0.0380909368,0.263421714,0.600926161,-0.0251088161,0.286281854,0.611761749,-0.0332040265,0.303515315,0.61503011,-0.033763241,0.316374332,0.615450799,-0.0331917,0.263687253,0.606184483,-0.0226084087,0.282075465,0.614740849,-0.028809635,0.295321733,0.617503,-0.0300254431,0.306803554,0.617623389,-0.0304042138
6416.666666666694,0.571605206,0.491133541,-1.42446652e-007,0.557010889,0.488487214,-0.0116156451,0.544856,0.483187139,-0.0215242691,0.537780523,0.479859799,-0.0306534246,0.53338778,0.47577,-0.0390530601,0.565693915,0.470296,-0.0183152556,0.566783905,0.467533052,-0.0313965827,0.565198302,0.473736912,-0.0398800597,0.563811839,0.4788436,-0.0445722081,0.582344651,0.473119915,-0.0190383121,0.583527684,0.473470032,-0.0317827,0.577100813,0.481691599,-0.0361432731,0.572229862,0.486034811,-0.0377326533,0.594654262,0.478047371,-0.0208687428,0.595604479,0.479715198,-0.0319520049,0.589324713,0.486673117,-0.0300996844,0.583895087,0.48977378,-0.0274757128,0.603500605,0.483993948,-0.0238062628,0.605199337,0.486467153,-0.0313779637,0.599201083,0.491019338,-0.0292622298,0.593646526,0.492696553,-0.026583476
6416.666666666694,0.266950458,0.591346,7.61098917e-008,0.285681725,0.583847,-0.0117514832,0.306298316,0.582883596,-0.018959986,0.32125175,0.586190283,-0.0230843108,0.334379,0.589093745,-0.0265817847,0.279889971,0.585086882,-0.0291446745,0.296342343,0.593586683,-0.0383683443,0.309900701,0.598793864,-0.0416921712,0.320494384,0.602310419,-0.0431219302,0.268797696,0.593138576,-0.026686335,0.29093492,0.602970362,-0.0349353366,0.309438914,0.607257485,-0.0360071063,0.322983861,0.609232128,-0.0371487103,0.264944643,0.599994957,-0.0242051147,0.286648363,0.609842896,-0.0318602,0.304650486,0.613420367,-0.0329603478,0.319061339,0.614433527,-0.0332177393,0.265914619,0.605392516,-0.0221791305,0.282839507,0.61346823,-0.0284952875,0.296434075,0.616221189,-0.0302267168,0.309112877,0.616552353,-0.0312976
6433.333333333361,0.57261163,0.496086955,-1.77205393e-007,0.556991696,0.493043244,-0.014106987,0.54466033,0.487762094,-0.0239217877,0.538529217,0.484565496,-0.0317348205,0.533685923,0.481348932,-0.0379819684,0.568257511,0.472526401,-0.0202624593,0.563530624,0.480202436,-0.0310273785,0.560579121,0.485307395,-0.0373684615,0.561198771,0.485859096,-0.0416006856,0.585438669,0.476332873,-0.0191199463,0.576657712,0.489052,-0.028521128,0.570042729,0.492801219,-0.0312170237,0.570478499,0.490835518,-0.0333220884,0.597425,0.482827693,-0.0191162303,0.588470519,0.494738311,-0.0282175411,0.581940532,0.496728629,-0.02655413,0.581526279,0.49399513,-0.0251504462,0.60545814,0.489642143,-0.0205897354,0.599301815,0.498228669,-0.0278994627,0.593687832,0.4997136,-0.027268419,0.592240155,0.497514367,-0.0259677656
6433.333333333361,0.26896,0.590258658,6.17905869e-008,0.287606388,0.582778752,-0.0109967804,0.308122396,0.581559241,-0.0178202335,0.323652446,0.584419966,-0.0216552988,0.336775094,0.587084591,-0.0248488095,0.282495141,0.583292365,-0.0282405317,0.299494624,0.59172076,-0.0368109159,0.312849969,0.596558869,-0.0395170562,0.322918594,0.599800825,-0.0404614732,0.271455079,0.591626287,-0.0259280615,0.294751406,0.601708531,-0.0338055305,0.312635064,0.605257452,-0.0343606509,0.32503733,0.606483579,-0.0349383205,0.267643064,0.598747194,-0.0234897323,0.290760964,0.608613372,-0.0307095423,0.308449477,0.61171174,-0.0313624442,0.321687192,0.612135768,-0.0312011596,0.268359959,0.604229033,-0.0214209408,0.286675543,0.612308264,-0.0269285291,0.299610496,0.614668548,-0.0279010739,0.31071502,0.614325166,-0.0284245238
6450.000000000028,0.570665359,0.500440955,-1.63384641e-007,0.555644,0.49785462,-0.0158586353,0.542987585,0.492718756,-0.0265740883,0.537251,0.489656091,-0.0345738,0.5369941,0.487632394,-0.0407664329,0.568762779,0.478159606,-0.0225729719,0.564134419,0.490096837,-0.0330891497,0.560130358,0.493941218,-0.0390472598,0.560000479,0.492387474,-0.0433837511,0.586414099,0.48220405,-0.0205367487,0.578025877,0.497068048,-0.0301647261,0.571121216,0.499036103,-0.0325357355,0.571112514,0.496196449,-0.0344828181,0.598553181,0.488615394,-0.0196679849,0.589648,0.502035677,-0.0291238185,0.582867503,0.502332151,-0.0273501538,0.582299352,0.498578399,-0.0257904436,0.606081605,0.495295733,-0.0204335246,0.599799156,0.504978359,-0.0286640972,0.594782412,0.505194604,-0.0287934393,0.593921244,0.501882374,-0.0279406551
6450.000000000028,0.270001322,0.589863062,1.01021143e-007,0.287439257,0.581849754,-0.0111580659,0.308555573,0.579409659,-0.0180038139,0.325938553,0.581700623,-0.0218183305,0.339617968,0.583901227,-0.0251186378,0.284754783,0.581925511,-0.027673142,0.302326411,0.589643538,-0.0360693894,0.316159397,0.594126821,-0.0390251167,0.326626748,0.597039938,-0.0402347632,0.273858249,0.590450227,-0.0253499169,0.297891676,0.599123478,-0.0329000913,0.315966249,0.602865696,-0.0342829451,0.328822523,0.604412615,-0.0358393565,0.269821107,0.597683251,-0.0228298865,0.293897748,0.606616437,-0.0300912056,0.312006325,0.609634459,-0.0314501338,0.325168729,0.609940648,-0.0320050605,0.270565748,0.603081,-0.0206327662,0.290140122,0.610470712,-0.0262906253,0.304001361,0.612777293,-0.0277270861,0.315141946,0.612442255,-0.0287867635
6466.666666666695,0.57125771,0.505341411,-1.51002041e-007,0.556495965,0.501747847,-0.0141419731,0.543965042,0.49653089,-0.0242110435,0.538324773,0.494139194,-0.0320580229,0.537396908,0.492985487,-0.0384340547,0.570017,0.484295189,-0.0216772072,0.564851701,0.495262265,-0.0320245475,0.561875939,0.49897635,-0.0380403735,0.562497914,0.497978896,-0.0421750061,0.58684808,0.488770068,-0.0203547981,0.578577936,0.502983809,-0.0292239711,0.573436916,0.504677415,-0.0314918533,0.574445605,0.502654612,-0.0333388932,0.598398209,0.495209694,-0.0200096518,0.590218067,0.508305728,-0.0291698668,0.585528731,0.508164525,-0.0278828517,0.586481392,0.504743338,-0.0264412388,0.605724752,0.501786888,-0.0211264919,0.601116478,0.511121869,-0.0289461762,0.596968472,0.51116997,-0.0287951697,0.596610308,0.508249164,-0.0276389122
6466.666666666695,0.285308152,0.587003291,1.8684679e-007,0.299690247,0.579313457,-0.00865578745,0.315929443,0.576258183,-0.0141804554,0.330342591,0.578196526,-0.0173056852,0.343026668,0.580426753,-0.0199898053,0.288772553,0.577549756,-0.0227707513,0.306176573,0.586176276,-0.0292894859,0.320580244,0.591203868,-0.0313105844,0.330762506,0.59475559,-0.0319463909,0.278163373,0.5862059,-0.0212358013,0.301523149,0.59616214,-0.0272712689,0.319786251,0.599731088,-0.0274785925,0.3316302,0.601142287,-0.0282020848,0.274290442,0.593655467,-0.0194919836,0.297051,0.603941321,-0.0248678252,0.315121621,0.606962,-0.0249340534,0.326736212,0.607302487,-0.0248538256,0.275318384,0.599408805,-0.0180393811,0.293779582,0.607284307,-0.0214650016,0.307118177,0.609698713,-0.021505814,0.316758573,0.609439075,-0.0218693018
6483.333333333362,0.571268797,0.510277,-1.49866423e-007,0.557700694,0.506169736,-0.0115710767,0.54649806,0.500709057,-0.0216454957,0.53997308,0.498627305,-0.0306048822,0.537407041,0.499160707,-0.0390688516,0.569740832,0.490157932,-0.019698225,0.56777519,0.496436059,-0.0315019824,0.56488204,0.502944231,-0.0392577574,0.562701881,0.507410049,-0.0436500199,0.585624576,0.494604766,-0.0200737733,0.583787084,0.501120806,-0.0310067888,0.578803658,0.508224,-0.0355834104,0.574558258,0.513532043,-0.0378614105,0.596705556,0.500602603,-0.0211016461,0.595978,0.506894588,-0.0324333981,0.591955781,0.513005197,-0.0333396792,0.587721825,0.517159045,-0.0322110094,0.604007423,0.507157743,-0.0229650643,0.606127083,0.511948526,-0.03076493,0.602255821,0.5165959,-0.0300337579,0.59783572,0.519575715,-0.0282520261
6483.333333333362,0.28262645,0.584963799,3.3070215e-008,0.298853934,0.576479197,-0.0107080163,0.318811417,0.573660314,-0.0180221889,0.333890468,0.575562,-0.0223018751,0.346678317,0.577594519,-0.0260418691,0.291891307,0.575177908,-0.0301201697,0.311341196,0.583133817,-0.0390879177,0.32542932,0.587378919,-0.0420540906,0.335756361,0.590106368,-0.0431250595,0.281644493,0.58370477,-0.0282732956,0.306619465,0.593156636,-0.0363421775,0.326033562,0.596449,-0.0367646,0.339363962,0.597509205,-0.037415158,0.278274894,0.591129422,-0.0261524152,0.30327,0.600704908,-0.0335157104,0.321452707,0.603427649,-0.0339848213,0.334464848,0.603343368,-0.0337565318,0.279530048,0.597089589,-0.0243446101,0.299669474,0.604826272,-0.0302692745,0.31376186,0.607041955,-0.0313064605,0.325664073,0.60642457,-0.0319063701
6500.000000000029,0.571987569,0.513808906,-1.65020069e-007,0.559595466,0.510146797,-0.0118122371,0.548456073,0.505308807,-0.0220978148,0.541504502,0.50390172,-0.0312348418,0.539679,0.505191445,-0.0399853811,0.570443928,0.495778739,-0.0213475265,0.56774205,0.503536642,-0.0338821895,0.564893842,0.510664165,-0.0420542881,0.561847866,0.515906,-0.0462857187,0.585951269,0.499883831,-0.021329226,0.583480239,0.508127689,-0.0328262039,0.578168154,0.515782952,-0.0376103409,0.572549164,0.522085428,-0.0396979861,0.597047865,0.505536258,-0.0217660256,0.595317364,0.5131,-0.0334522612,0.590785742,0.520003796,-0.0344593674,0.585252047,0.525429606,-0.0329910256,0.604201615,0.511835933,-0.0230451431,0.605059147,0.517936885,-0.031249674,0.60151881,0.523360729,-0.0306681618,0.597070038,0.527301311,-0.0286395308
6500.000000000029,0.293514699,0.582891107,3.53875e-008,0.307448983,0.574313521,-0.00915120076,0.324627519,0.570450127,-0.0168481115,0.338943601,0.571590602,-0.0220278315,0.352121532,0.572974443,-0.0267944485,0.296820909,0.570633173,-0.0303017311,0.317306638,0.578763,-0.0395194441,0.331352,0.583340824,-0.0423395894,0.340940893,0.585999131,-0.0431536846,0.285945773,0.579205513,-0.0297040697,0.312696159,0.588530064,-0.0383361466,0.331366926,0.592133284,-0.0388044938,0.344002932,0.593199193,-0.039461337,0.282325834,0.58725518,-0.0286102295,0.308812559,0.596452773,-0.0365499295,0.327111363,0.59936,-0.036684338,0.340114564,0.599334419,-0.0362155922,0.283573747,0.594154537,-0.0276567731,0.305347621,0.600960791,-0.0333566554,0.319677889,0.60282439,-0.0336641818,0.331152171,0.602038264,-0.0338966548
6516.666666666696,0.58026135,0.506259859,-8.67575807e-008,0.566803455,0.506530523,-0.00981809199,0.556929708,0.507954955,-0.0186146,0.547930241,0.510152221,-0.0263026115,0.540051818,0.511924088,-0.0347896218,0.569967151,0.50407666,-0.0223410763,0.568413913,0.513044834,-0.0365562662,0.565829873,0.518343389,-0.0473175943,0.560830653,0.523752332,-0.0534538664,0.584227502,0.507912278,-0.024452094,0.583979428,0.515956342,-0.0383613966,0.579093516,0.523097336,-0.0454422645,0.573513,0.529478908,-0.0499626175,0.595231533,0.512130499,-0.0268576778,0.595481336,0.519321561,-0.0418647639,0.590078771,0.52676785,-0.0446828678,0.584166825,0.53313458,-0.0447472,0.601675689,0.516601086,-0.0295917057,0.602763057,0.522565842,-0.0415845029,0.600211203,0.528306305,-0.0418101437,0.596882224,0.533291459,-0.0406704172
6516.666666666696,0.295752645,0.577948153,4.69922661e-008,0.311293274,0.568835676,-0.00838659517,0.329088181,0.564770222,-0.015156731,0.344477057,0.566099524,-0.0197299328,0.358204573,0.567548037,-0.0239392035,0.302614,0.565679133,-0.0260756575,0.322140962,0.573016465,-0.0344685204,0.336576283,0.577785134,-0.0374921821,0.34713468,0.581085801,-0.0386462882,0.29212296,0.574824095,-0.025752509,0.318091571,0.582989037,-0.0330748893,0.337033927,0.586716056,-0.0338395871,0.35046944,0.588349164,-0.0351140834,0.288333893,0.583309054,-0.0250832923,0.314482629,0.591537118,-0.0321714,0.332997173,0.594554067,-0.0326942205,0.346616983,0.594743133,-0.0328099616,0.289167374,0.59056139,-0.0245874934,0.310421079,0.597109437,-0.0298723858,0.324936152,0.598881483,-0.0302795134,0.336932063,0.597864687,-0.0307272151
6533.333333333363,0.293541,0.57091713,5.14241556e-008,0.311959535,0.562550128,-0.00633790344,0.333533108,0.559446454,-0.0121085206,0.349879831,0.560753047,-0.0159437731,0.363276184,0.562062919,-0.019202292,0.309473276,0.560227811,-0.023651354,0.331691951,0.567410052,-0.0311677549,0.344881833,0.571784139,-0.0328230225,0.353908539,0.574899793,-0.0327291414,0.298940688,0.569280922,-0.0238778647,0.327975035,0.577999413,-0.0304914322,0.345347404,0.58157891,-0.0302186199,0.357181787,0.583154559,-0.0302407388,0.294350535,0.577802181,-0.0236199386,0.322951913,0.586655617,-0.0295621268,0.340044528,0.58945483,-0.0289560985,0.352367103,0.589574814,-0.0281215664,0.294117212,0.585135758,-0.0233522467,0.317733705,0.591736138,-0.0271123722,0.331759572,0.593456566,-0.0263879597,0.343140036,0.592569768,-0.025916066
6550.00000000003,0.583624065,0.518350899,1.80349176e-007,0.584417403,0.521004379,-0.00699942512,0.586310208,0.527023196,-0.0125922849,0.585266709,0.532175779,-0.0165422745,0.582029164,0.536610305,-0.0204384979,0.589738607,0.524166524,-0.018755164,0.586815417,0.533236,-0.0265293773,0.581644,0.540046632,-0.0305254515,0.576636374,0.545187235,-0.0324183479,0.588212,0.523529,-0.0178013276,0.58351779,0.532229304,-0.0249762051,0.578128278,0.539424479,-0.0275258049,0.573270082,0.54500407,-0.028883284,0.585258245,0.523393869,-0.016654443,0.581055105,0.53236872,-0.0228087809,0.575934589,0.539367,-0.0244365763,0.571894,0.544817388,-0.0248884223,0.58192426,0.524068177,-0.0156956,0.578549743,0.531591058,-0.0203754306,0.574954808,0.537307441,-0.0214718599,0.572008848,0.542058527,-0.0217700489
6550.00000000003,0.298138499,0.565673649,2.27909268e-007,0.314742774,0.55720681,-0.0042964,0.335229456,0.553499758,-0.0101607274,0.35402745,0.554635286,-0.0149071086,0.369109392,0.556836486,-0.0197118632,0.313429505,0.554899454,-0.0220738165,0.336070985,0.561179101,-0.0294751599,0.352442086,0.565402448,-0.0317196213,0.363085955,0.568686187,-0.0325623602,0.303318441,0.563288927,-0.0239932071,0.331481397,0.570456624,-0.0303193219,0.350737691,0.574872553,-0.0297299381,0.362519324,0.576841414,-0.0301894192,0.298183143,0.57174015,-0.0253564883,0.326153547,0.579159498,-0.0307902135,0.345156968,0.582421541,-0.0290471874,0.356689423,0.582946837,-0.0281184148,0.297325462,0.579391539,-0.026792258,0.321565568,0.58495611,-0.0301315263,0.337406904,0.586786389,-0.0286819618,0.347270191,0.586639225,-0.0279654972
6566.666666666697,0.579234183,0.521800399,1.49843984e-007,0.584604681,0.523425341,-0.00616799947,0.588925302,0.528010666,-0.0112054758,0.588717341,0.532209694,-0.0146969911,0.585862219,0.535988569,-0.0182455666,0.587792099,0.525526822,-0.0171792749,0.587352037,0.533126295,-0.0233825091,0.585950196,0.53917259,-0.0266272742,0.584180236,0.543728292,-0.0281873476,0.584044456,0.525336504,-0.0159223154,0.582831,0.533524573,-0.021205619,0.582056284,0.539833724,-0.0228029415,0.581046224,0.544764638,-0.0238082316,0.579864323,0.525774717,-0.0143292043,0.57879585,0.533767462,-0.0181097072,0.578948,0.539375424,-0.0183189679,0.578574479,0.543579221,-0.018271653,0.576547921,0.526668072,-0.0130093312,0.575989068,0.533075213,-0.0154715069,0.576065,0.537668645,-0.0154455872,0.575735688,0.541237175,-0.0152991256
6566.666666666697,0.312779844,0.561628222,6.58820198e-008,0.329874277,0.553369939,-0.00623863,0.348298,0.549390912,-0.0123059526,0.363378763,0.549776256,-0.0166863743,0.375926733,0.55083555,-0.0205035489,0.320697,0.547783792,-0.0245252419,0.344464451,0.554366231,-0.0327850655,0.358583748,0.559023917,-0.0353272595,0.367085904,0.562153041,-0.0357544087,0.309407,0.556891441,-0.0252147969,0.340159774,0.564759254,-0.0323643908,0.35792,0.568906426,-0.032241337,0.368747592,0.57074219,-0.0324734226,0.304920435,0.565974474,-0.025348058,0.334938437,0.573744774,-0.0315897949,0.352616668,0.576886654,-0.0301916059,0.364116132,0.577096462,-0.0288789738,0.305385023,0.57412231,-0.0255758334,0.330137879,0.579762578,-0.0292893872,0.3445521,0.581375957,-0.0276987348,0.355084091,0.580298066,-0.0266700797
6583.333333333364,0.586597443,0.527146637,1.83693956e-007,0.570884645,0.525881708,-0.0121121965,0.560411632,0.527774,-0.0221041329,0.554466784,0.531750619,-0.0298955627,0.550196469,0.536103725,-0.0371195599,0.582183599,0.530277,-0.0281489901,0.578958571,0.541192293,-0.0389862955,0.571898162,0.548153043,-0.0438772663,0.564851582,0.553252935,-0.0460472,0.593687832,0.53461951,-0.0255562663,0.590409398,0.545434654,-0.034198191,0.581033051,0.552676857,-0.0363545865,0.572011232,0.557622075,-0.0375531316,0.599738419,0.538782716,-0.0229764339,0.598223567,0.549227178,-0.0296340976,0.589857697,0.556360245,-0.0314305872,0.581759751,0.56135416,-0.0322832093,0.601313353,0.542528093,-0.0211394653,0.602841198,0.551578283,-0.0261658449,0.597919583,0.557618618,-0.0276001934,0.591644585,0.561986744,-0.0281148572
6583.333333333364,0.32053557,0.555449426,7.32232195e-008,0.336370558,0.547630191,-0.00612094672,0.353801,0.543020785,-0.0130335055,0.368960112,0.542422,-0.0183649361,0.382074326,0.543883,-0.0233635698,0.327469409,0.541177332,-0.0269882083,0.351022303,0.546604693,-0.0362303779,0.365601122,0.551165342,-0.039320685,0.374670029,0.554564714,-0.0401201956,0.316419631,0.549970925,-0.028245287,0.347604,0.556968451,-0.0362471677,0.365421474,0.561418474,-0.0360379443,0.376227,0.56402421,-0.0361709781,0.311437935,0.559206843,-0.0288064945,0.341987908,0.566675186,-0.0358463749,0.359923691,0.570087314,-0.0341753364,0.371083766,0.570911705,-0.0326092951,0.310875624,0.568072081,-0.0294051543,0.33648771,0.573012471,-0.0337394513,0.351751238,0.574581921,-0.0320660397,0.362488806,0.57382971,-0.0308988094
6600.000000000031,0.582488477,0.530028045,2.226286e-007,0.565298319,0.529511154,-0.0166048799,0.555431843,0.532018721,-0.0285008457,0.552539587,0.537619352,-0.0369130932,0.551225662,0.543867052,-0.0445544608,0.582094312,0.534419715,-0.0349440165,0.579550564,0.547304094,-0.0470270216,0.571749687,0.554401159,-0.0519405939,0.564246774,0.559318781,-0.0540308431,0.593475819,0.538600385,-0.0300608519,0.592127442,0.551171958,-0.0407080203,0.582464337,0.558916092,-0.0436198488,0.572955906,0.563575268,-0.0451719463,0.598577,0.542545438,-0.0252705608,0.599791586,0.553801298,-0.0337462872,0.592051089,0.561652601,-0.0367060676,0.5839113,0.566745877,-0.0383123755,0.599205554,0.546135485,-0.0213395804,0.602541208,0.554971099,-0.0282186847,0.598076522,0.561059117,-0.031032918,0.59176904,0.565473795,-0.0324063525
6600.000000000031,0.314746797,0.547522664,1.06029184e-007,0.333028406,0.539880872,-0.00554984622,0.355493337,0.536345959,-0.0116334083,0.373854339,0.536700547,-0.0161298644,0.389187634,0.5373,-0.0201830026,0.334355235,0.535181165,-0.0245494582,0.359314919,0.540418088,-0.0330951624,0.373707,0.544465125,-0.0355938599,0.383057564,0.547632098,-0.0359579325,0.324719548,0.54406631,-0.0257112961,0.357480913,0.551244915,-0.0332136527,0.373484105,0.555191517,-0.0326112434,0.382506698,0.557124734,-0.0320837423,0.319737256,0.552934289,-0.0262235403,0.352660984,0.561075509,-0.0323221199,0.368615717,0.563769817,-0.0298061762,0.377390951,0.563485801,-0.0275442675,0.318277746,0.560897648,-0.0268067904,0.346133709,0.56656909,-0.0301832203,0.359531611,0.568019,-0.0276425313,0.367118269,0.566698134,-0.0256370846
6616.666666666698,0.580454946,0.533472717,2.2076226e-007,0.563199162,0.533610344,-0.0161044206,0.554055333,0.537253261,-0.0270811934,0.553234518,0.543772697,-0.0347452573,0.554583192,0.550976813,-0.0414746515,0.582425356,0.539837837,-0.0314890966,0.581377208,0.553039312,-0.0428407416,0.573347092,0.560359836,-0.0473875105,0.565362513,0.564457297,-0.0489763059,0.593257725,0.543542445,-0.0264062621,0.59233737,0.557012916,-0.0366494469,0.582039952,0.56465739,-0.0397470146,0.572473407,0.568559885,-0.0410302952,0.597868919,0.547293127,-0.0215334091,0.599598289,0.559164,-0.029449597,0.591017783,0.567142308,-0.0322275423,0.582485318,0.571898222,-0.0334878303,0.598402739,0.550478756,-0.0175355487,0.600715339,0.560004354,-0.0239020288,0.595278442,0.566429734,-0.0265404154,0.588562846,0.570896506,-0.0276068151
6616.666666666698,0.31863451,0.544282198,2.25757219e-007,0.335375756,0.53513366,-0.00435892912,0.35757336,0.530442178,-0.0100104921,0.378559321,0.530202,-0.0144880945,0.394765168,0.529578924,-0.0187891535,0.338199854,0.529396832,-0.0203520283,0.362036586,0.532697558,-0.0282666609,0.378232718,0.53674078,-0.0313455909,0.389321208,0.540408611,-0.0326192155,0.33004576,0.538499951,-0.0223430824,0.360589236,0.543791652,-0.02852856,0.379141331,0.547604144,-0.0280923657,0.390847266,0.549545944,-0.028546067,0.325910836,0.547897518,-0.024062397,0.356839746,0.553401947,-0.029177025,0.375979215,0.555882454,-0.027155159,0.38762784,0.556034386,-0.0260228608,0.325764924,0.556632221,-0.0259523205,0.352359235,0.560161054,-0.0288375542,0.367105782,0.561177731,-0.0266040135,0.375978976,0.560292661,-0.0252611954
6633.333333333365,0.577189803,0.536411226,2.05995761e-007,0.562159,0.537393749,-0.0165404212,0.554111362,0.542069137,-0.0277000275,0.554475188,0.549221635,-0.0357339196,0.556546509,0.55676347,-0.0428754762,0.583172,0.545032918,-0.0309149306,0.580944657,0.558044,-0.0419941843,0.573198676,0.565276325,-0.0471532419,0.564968169,0.569833457,-0.0495804921,0.593812346,0.548749626,-0.0260333829,0.590185046,0.562613,-0.0359121934,0.578936875,0.570197642,-0.0393656604,0.568953037,0.574112952,-0.0414043553,0.597692907,0.552260756,-0.0214110613,0.59655863,0.565430284,-0.029209286,0.586793959,0.572876513,-0.0321651213,0.577523351,0.576911449,-0.0339308679,0.598030329,0.555132091,-0.0177877508,0.598899782,0.565932691,-0.0239527877,0.593053222,0.572531939,-0.0267368723,0.586085558,0.576492131,-0.0282417405
6633.333333333365,0.32300967,0.540381908,2.48357935e-007,0.340123415,0.530708849,-0.00310013443,0.362217128,0.525688708,-0.00946795475,0.383368701,0.525001943,-0.0153128309,0.399443477,0.523648262,-0.0210685283,0.343908876,0.522789478,-0.020224,0.369707942,0.525313318,-0.029171383,0.386257112,0.529231071,-0.0332730338,0.397323847,0.533020258,-0.0353401899,0.335783154,0.531585574,-0.0236650761,0.367704481,0.535643816,-0.0308539458,0.386796951,0.539322317,-0.0314203873,0.398818552,0.541558564,-0.032655146,0.331890494,0.540948808,-0.0267039258,0.364221036,0.545442522,-0.03258067,0.382736862,0.547988772,-0.0305249393,0.393998295,0.548831463,-0.0295020118,0.332443774,0.550104141,-0.0299032554,0.358550459,0.553318739,-0.0333328024,0.373300344,0.554172158,-0.0311276913,0.382570922,0.553835452,-0.0297800265
6650.000000000032,0.574952245,0.539888382,1.69250058e-007,0.560957,0.54209429,-0.0143782869,0.555185854,0.547196865,-0.0240864251,0.556642115,0.554429591,-0.0311392304,0.55830884,0.561792195,-0.0371799022,0.583940864,0.550991535,-0.0261072,0.581999481,0.564161122,-0.0352631137,0.573282957,0.570742548,-0.0390132032,0.564212441,0.574118614,-0.0404987261,0.593988597,0.554195642,-0.0219385736,0.588548779,0.568845153,-0.0304933246,0.576527059,0.575474203,-0.0331012458,0.566494107,0.57784903,-0.0343266279,0.59779644,0.557272136,-0.0180080906,0.595040739,0.571433663,-0.0245125387,0.584275365,0.577893257,-0.0263674296,0.574966311,0.580444574,-0.0273100138,0.598005176,0.559736311,-0.0150064118,0.598167956,0.571017385,-0.0203082133,0.591181,0.57672596,-0.0220785569,0.583664358,0.579300165,-0.0226894822
6650.000000000032,0.324963778,0.530837417,1.13434226e-007,0.343129039,0.522623241,-0.00440926198,0.368674487,0.518078268,-0.0106774392,0.389708042,0.517698824,-0.0157448687,0.405331939,0.517164469,-0.0200873446,0.353113502,0.515276492,-0.0248877443,0.384625018,0.519081652,-0.0347215571,0.397918552,0.523962736,-0.0370471366,0.403618366,0.527262211,-0.0365925878,0.344591379,0.523469925,-0.0268268362,0.380373,0.528532088,-0.0352702737,0.396635383,0.533505,-0.0340024345,0.404318,0.535902262,-0.0324237831,0.339281797,0.532729805,-0.0281914864,0.374344081,0.538787961,-0.0346503034,0.391195238,0.542444825,-0.0313793,0.399606973,0.543019891,-0.0283313282,0.337043256,0.542203128,-0.0295474567,0.367466658,0.546006322,-0.0334442891,0.381418079,0.547942,-0.0305126496,0.388700604,0.547325253,-0.0277684405
6666.666666666699,0.573847294,0.542976201,1.39797649e-007,0.560343266,0.545896113,-0.0131937843,0.554944277,0.551686347,-0.0216116216,0.557477713,0.5594244,-0.0276851598,0.560192168,0.567234874,-0.0327444188,0.58385092,0.556569099,-0.0214654859,0.582525909,0.569594383,-0.0292093735,0.573617816,0.575484335,-0.0324302539,0.565072954,0.578460395,-0.0337930173,0.593003154,0.559630692,-0.0175011419,0.588646948,0.573929191,-0.0246272702,0.576778769,0.579989,-0.0268978644,0.567285061,0.581868947,-0.0280349348,0.596519947,0.562455416,-0.0139255216,0.59363085,0.575945556,-0.0195869524,0.5830459,0.581549227,-0.0210377648,0.574180543,0.583496392,-0.0217570867,0.596784353,0.564738095,-0.0112288017,0.59608,0.575414717,-0.0160165168,0.588783085,0.58028096,-0.0173678286,0.581407607,0.582028031,-0.0176510401
6666.666666666699,0.331240863,0.527898788,2.43339883e-007,0.348087192,0.51925385,-0.00360716158,0.371804208,0.513784349,-0.00944417715,0.394165277,0.512961566,-0.0144710187,0.410061181,0.510334134,-0.0193434879,0.35658744,0.508776069,-0.0208140183,0.381932974,0.509860635,-0.0299633294,0.398659348,0.513595521,-0.033650957,0.410399556,0.517182052,-0.0351827256,0.34956485,0.516838789,-0.0235140491,0.379834473,0.520179868,-0.0314662419,0.398605138,0.52440232,-0.031823203,0.410813183,0.527259111,-0.0322062,0.346097,0.52621907,-0.0259334911,0.377238929,0.530258775,-0.0323892869,0.39586246,0.533287466,-0.0307445917,0.407581598,0.534401834,-0.0294234175,0.346046448,0.535793483,-0.028444659,0.372621059,0.538581491,-0.0326034,0.387621343,0.539693713,-0.0312840492,0.397680938,0.539441,-0.0300890841
6683.333333333366,0.570730388,0.546525896,1.41986689e-007,0.559027433,0.549794495,-0.0128201,0.556077302,0.556575358,-0.0201311577,0.558648169,0.564386129,-0.0251162462,0.560576558,0.572079659,-0.0290942509,0.584501386,0.561979651,-0.0193104222,0.582557201,0.576174915,-0.0265070815,0.572399437,0.581764579,-0.0295427293,0.562758148,0.584116459,-0.0305566732,0.592329919,0.564223,-0.0150021035,0.588962615,0.57953608,-0.0224386752,0.57588768,0.585056067,-0.0250642803,0.565040231,0.586216033,-0.0258394,0.594543695,0.566492319,-0.0110934386,0.592641354,0.580760121,-0.0171950441,0.580657601,0.585841835,-0.0190506428,0.5705024,0.587159574,-0.0194787532,0.593673885,0.568372309,-0.00799405,0.593787909,0.579431057,-0.0132474266,0.585521638,0.583907664,-0.0149414865,0.577174962,0.585131884,-0.0150862606
6683.333333333366,0.339863181,0.522233486,2.59029036e-007,0.356810957,0.513442516,-0.0020254089,0.379012793,0.50854975,-0.00815792,0.398743659,0.507335544,-0.0139608225,0.4122881,0.505016506,-0.0197943114,0.361797214,0.502536893,-0.0204588119,0.385492325,0.502526283,-0.0304742251,0.403161168,0.506463647,-0.0354604721,0.414328,0.510345638,-0.0379402861,0.355313748,0.510138154,-0.0244276077,0.385971427,0.512718558,-0.0328634717,0.404941946,0.517067373,-0.0341987237,0.415872425,0.519595265,-0.0355137661,0.352612942,0.519140422,-0.027825702,0.383667797,0.522752404,-0.0343598351,0.401852399,0.52557534,-0.0323415548,0.411923468,0.526518524,-0.0310293194,0.352980524,0.52865088,-0.031256225,0.3784841,0.53125608,-0.034685079,0.393602073,0.531861,-0.032561332,0.403196424,0.531438708,-0.0310631953
6700.000000000033,0.568606198,0.549533,1.22533876e-007,0.557373405,0.553510129,-0.0132594928,0.556032896,0.560890794,-0.0200529154,0.559329927,0.56935519,-0.0241024308,0.561234,0.577268243,-0.026919581,0.583999515,0.56601131,-0.0195944384,0.581683,0.580181718,-0.0253555682,0.570961297,0.58464241,-0.0267886147,0.562454879,0.586028695,-0.0268749949,0.591356277,0.568385899,-0.0145464353,0.588654935,0.583776236,-0.0207597185,0.575704455,0.588646412,-0.0222014412,0.56545186,0.589211226,-0.0222301129,0.59306,0.57042861,-0.00982092414,0.591405511,0.584501,-0.015290089,0.579181194,0.588894188,-0.0165508278,0.569416106,0.589560449,-0.016684,0.591485739,0.571895957,-0.00587127218,0.590081632,0.582364798,-0.011269398,0.581378877,0.58635366,-0.0130081791,0.573375702,0.587242603,-0.0131352544
6700.000000000033,0.345404148,0.516069472,2.97647773e-007,0.361152232,0.50729531,-0.00367342425,0.383234352,0.501778901,-0.0106085036,0.404053837,0.501049817,-0.0170409288,0.417654812,0.499667555,-0.0236700941,0.366940916,0.496478468,-0.0234745666,0.389378548,0.495267093,-0.034670487,0.407940477,0.498431504,-0.0408404879,0.420846015,0.502208471,-0.0440698899,0.360780537,0.504602611,-0.02750347,0.390895694,0.506122589,-0.0378726,0.41114226,0.509951711,-0.0399463587,0.422848165,0.51301825,-0.0411781073,0.358211309,0.513966382,-0.0310695,0.389513761,0.51670754,-0.0389528871,0.408041984,0.519151092,-0.0373003557,0.418194234,0.520532787,-0.03565697,0.358846635,0.523407042,-0.0348547064,0.384994924,0.525217295,-0.0391837172,0.400133222,0.525651217,-0.0369690098,0.409827113,0.525707066,-0.0349756405
6716.6666666667,0.567133725,0.552895367,9.93747733e-008,0.556518853,0.5576092,-0.0129257282,0.556099772,0.565424,-0.0194050688,0.559955716,0.574090838,-0.0231693964,0.561671436,0.582069337,-0.025626773,0.583428144,0.570260108,-0.0189401582,0.57991451,0.584340274,-0.0246839784,0.568484,0.588450849,-0.0260146912,0.560129642,0.588985741,-0.0259214249,0.590277195,0.572518,-0.0140486229,0.587408721,0.587931514,-0.020295294,0.57333076,0.591917932,-0.0216962658,0.563075185,0.591288805,-0.0215453301,0.591462255,0.574281335,-0.0094589619,0.589647114,0.588230371,-0.0149240065,0.576553464,0.591998279,-0.0160209779,0.566879,0.591765463,-0.0158937667,0.58947593,0.575340152,-0.00559987593,0.588336051,0.585892558,-0.0109708486,0.579120278,0.58973217,-0.0125778029,0.571149349,0.590144,-0.012558517
6716.6666666667,0.348463207,0.510210395,2.84801587e-007,0.36378476,0.501283526,-0.00307752052,0.385969788,0.495465338,-0.00959364511,0.406849325,0.495204657,-0.0157972015,0.42127353,0.495048374,-0.0220773965,0.371382952,0.490113854,-0.0215958804,0.394598961,0.48862046,-0.0322744511,0.413053364,0.491991818,-0.038030304,0.425057679,0.495845348,-0.0410298295,0.365825415,0.497876376,-0.0257239845,0.39585951,0.499409139,-0.0358364433,0.415776044,0.503427148,-0.037907429,0.426694691,0.506479263,-0.0390388072,0.363507897,0.506995916,-0.0294371787,0.393906862,0.509816051,-0.037138436,0.412692517,0.512498319,-0.0358554944,0.423042446,0.51393646,-0.0344324261,0.364193618,0.516504169,-0.0333291814,0.389882654,0.518308401,-0.0378455892,0.405029893,0.519010901,-0.0360940024,0.414822131,0.519236207,-0.0343590751
6733.333333333367,0.565517187,0.554825425,8.28690574e-008,0.55517441,0.559796631,-0.0128111588,0.555253625,0.5679335,-0.0189919248,0.559248686,0.577003598,-0.0226440467,0.560970604,0.585195899,-0.0249717366,0.582600772,0.573802054,-0.0168682262,0.577612519,0.587581933,-0.0227675531,0.566126168,0.590934634,-0.0248198658,0.558065534,0.590914309,-0.0251477342,0.589105844,0.575851,-0.0118695954,0.583285809,0.590314,-0.0178518854,0.569713295,0.593791544,-0.019670466,0.559832752,0.593115807,-0.0198324639,0.589926958,0.577446163,-0.00736147,0.585526645,0.590611696,-0.0127195446,0.57297343,0.593972802,-0.0141522326,0.563412,0.593710065,-0.014158614,0.587654,0.578536,-0.00365064689,0.584537685,0.588606298,-0.00890202168,0.575435698,0.592284381,-0.0106914816,0.567460895,0.592947423,-0.0107061472
6733.333333333367,0.353013635,0.505231738,2.93172235e-007,0.366140336,0.496464849,-0.00291474909,0.385398954,0.490581363,-0.00934897643,0.40448451,0.490437776,-0.015502031,0.417978048,0.491761863,-0.0216924865,0.375071943,0.485022336,-0.0211819764,0.39849788,0.482847869,-0.0315718427,0.417151421,0.48558253,-0.0371078886,0.429742157,0.489397734,-0.0399061404,0.370423973,0.492617339,-0.0252816677,0.399806559,0.493291706,-0.0354989246,0.419817895,0.496954441,-0.0378626958,0.431164861,0.500489116,-0.0388197601,0.368550271,0.501794815,-0.0288828295,0.398643434,0.503659248,-0.0368449725,0.417628914,0.506376,-0.0365483686,0.428285509,0.508345,-0.0354517,0.369474053,0.51130867,-0.0325716771,0.394823432,0.512953937,-0.0376285389,0.409736544,0.513849199,-0.0366741456,0.419499665,0.514366269,-0.0351852179
6750.000000000034,0.564212441,0.55797,8.6710223e-008,0.553536117,0.563071966,-0.013853264,0.552781343,0.571338654,-0.0206285864,0.556863964,0.580575883,-0.0245343409,0.558883548,0.589045703,-0.0269764271,0.581194699,0.576440275,-0.0189320836,0.573779285,0.590816438,-0.0249838978,0.560597181,0.593533456,-0.0266942605,0.552588403,0.592860043,-0.0268159844,0.58761549,0.579003751,-0.0134841502,0.580038846,0.593568444,-0.019519724,0.564851522,0.596378207,-0.0210039653,0.55516988,0.595086277,-0.0210324712,0.588117242,0.580827653,-0.00850774441,0.582894742,0.593798101,-0.013954157,0.569276273,0.596850693,-0.0150005762,0.559754789,0.596170902,-0.0148646021,0.585688114,0.58203882,-0.00436348421,0.582603216,0.591821432,-0.00988472719,0.572952747,0.595081389,-0.0114770373,0.565073669,0.595229387,-0.0113633238
6750.000000000034,0.357904881,0.501352847,2.91492739e-007,0.370547503,0.492386043,-0.00249847164,0.388805687,0.486053407,-0.00919840392,0.407509387,0.485676736,-0.0156977177,0.420873493,0.487059772,-0.0222681127,0.379525632,0.480111212,-0.021949159,0.403920233,0.477553755,-0.0324852206,0.422270328,0.480388582,-0.0378220342,0.434336215,0.484373659,-0.0404251963,0.375204951,0.487500846,-0.0262756795,0.40581876,0.487778068,-0.0368106775,0.425551355,0.491691113,-0.0389986448,0.436461866,0.495577425,-0.0396854728,0.373573631,0.496643722,-0.0299698673,0.404871434,0.498083264,-0.0378841832,0.423340946,0.500942111,-0.0372804552,0.433250457,0.503269911,-0.0359731913,0.37457341,0.506287,-0.0337179638,0.40049988,0.507485449,-0.0387908071,0.415286779,0.508367717,-0.037815202,0.424885392,0.509006381,-0.0362585336
6766.666666666701,0.562769592,0.55986017,7.16705415e-008,0.552403212,0.565702617,-0.0114412541,0.552540302,0.574464738,-0.0164349191,0.55572325,0.583785594,-0.0191491414,0.557209611,0.591767728,-0.0205828883,0.578223884,0.580441475,-0.0138233,0.571386278,0.594492,-0.0182184223,0.560292363,0.597276866,-0.019451052,0.552838922,0.596809506,-0.0193997547,0.584306836,0.581960201,-0.00898405,0.577329338,0.596251,-0.0134543488,0.564210176,0.598692358,-0.0144577501,0.555167735,0.597322524,-0.0142187495,0.584945202,0.582868,-0.00460997038,0.579640865,0.595679104,-0.00881698914,0.567621469,0.59829396,-0.00969575718,0.558780968,0.597436428,-0.00947255734,0.582576811,0.583427608,-0.000942116894,0.578990519,0.593237936,-0.00517835747,0.569957852,0.596417487,-0.00640051952,0.562352657,0.596556,-0.00615010876
6766.666666666701,0.359226078,0.497568458,2.79018053e-007,0.372546,0.488549113,-0.00218940806,0.391859621,0.482351065,-0.00899761915,0.410988092,0.481526703,-0.0157731287,0.424515754,0.482386231,-0.0227027219,0.383274555,0.476075202,-0.0221538432,0.407524258,0.473157465,-0.0334497504,0.425969392,0.475650162,-0.0392339714,0.438107073,0.479167134,-0.0422217213,0.378713608,0.48309806,-0.0271681715,0.409229159,0.482845098,-0.039159473,0.429627717,0.486606538,-0.0421566255,0.441372603,0.490276158,-0.0433125906,0.376726896,0.492087334,-0.0316026919,0.408118337,0.493318588,-0.0410657376,0.427196652,0.496363103,-0.0413435139,0.437805623,0.498709828,-0.040461652,0.377091795,0.501803279,-0.0359960236,0.403302819,0.502659142,-0.04202215,0.418514848,0.503498614,-0.041653648,0.428598315,0.504050612,-0.0405965187
6783.333333333368,0.563324273,0.563283086,6.91927724e-008,0.551314831,0.56863457,-0.0125426408,0.550393462,0.577284098,-0.0183060225,0.553478539,0.586859763,-0.0213342439,0.555238128,0.595088959,-0.0227646064,0.576365829,0.58298409,-0.0175313167,0.568049729,0.597418249,-0.0217519589,0.556741595,0.599050343,-0.021670619,0.551327169,0.597262263,-0.0205512885,0.583057761,0.584572852,-0.0120225474,0.574579835,0.599345624,-0.0155269848,0.561760068,0.600551724,-0.0150411902,0.555470467,0.597957969,-0.0141804628,0.584074199,0.585503757,-0.00682776468,0.577558398,0.598945439,-0.0101999193,0.565815151,0.600292325,-0.0094006788,0.559414864,0.597959101,-0.0084792627,0.58238858,0.586020529,-0.00237734942,0.57746923,0.596679449,-0.00588241685,0.568155885,0.598935187,-0.00594388042,0.56239444,0.597779214,-0.00515154563
6783.333333333368,0.364520103,0.49704963,2.69949112e-007,0.376258701,0.487628907,-0.00133793859,0.394599289,0.480137557,-0.00721586915,0.413563907,0.478230476,-0.013308554,0.427082092,0.478265911,-0.0194735248,0.385674715,0.472703516,-0.0193272457,0.41039294,0.469213724,-0.0299205929,0.428842872,0.471488416,-0.0354545,0.441510081,0.475112677,-0.0383011661,0.381402552,0.479427844,-0.024242064,0.412064433,0.478654683,-0.0352300517,0.432289779,0.482141405,-0.0381123051,0.444409311,0.485936612,-0.0392922685,0.380058944,0.488201886,-0.0286388397,0.411235899,0.489017755,-0.0373594686,0.430019021,0.491920918,-0.0378020033,0.440913916,0.494404674,-0.0371505432,0.381024033,0.497719,-0.0329767242,0.40745309,0.498308,-0.0387109183,0.422500402,0.49920392,-0.0386284851,0.43300724,0.499971032,-0.0377558768
6800.000000000035,0.563427448,0.565770626,5.36953273e-008,0.551563919,0.571103811,-0.0123303402,0.550821602,0.579467535,-0.0181447826,0.552985609,0.588863075,-0.0214262605,0.554063,0.596938968,-0.0230758861,0.574617326,0.585711479,-0.0168518834,0.566711247,0.599564672,-0.0223907605,0.55535686,0.600704372,-0.0235454366,0.549565434,0.59833318,-0.0229696948,0.581256628,0.587223768,-0.0116402106,0.57253778,0.60115093,-0.0161532834,0.559965551,0.601902604,-0.0162027702,0.553755283,0.598894298,-0.015435894,0.582422316,0.588045478,-0.00690459181,0.574899733,0.600680649,-0.0110941855,0.563345313,0.601486,-0.0103275105,0.557237864,0.598674774,-0.00906674098,0.580753267,0.588351309,-0.00294931373,0.575219691,0.598523498,-0.00691310596,0.566086233,0.600464404,-0.00696841115,0.560575724,0.599046767,-0.00595172076
6800.000000000035,0.365128368,0.494113982,2.6179984e-007,0.375755906,0.483901471,-0.00234743184,0.393297404,0.476237744,-0.00922469143,0.412588209,0.474370837,-0.0162281282,0.427388519,0.475098848,-0.0234899148,0.387058318,0.470542878,-0.0210253615,0.412926286,0.46633625,-0.0327413231,0.431699753,0.46836102,-0.039162159,0.444319308,0.471717685,-0.0425146222,0.383989662,0.477422237,-0.0257277712,0.414906055,0.47542122,-0.038166143,0.435416847,0.478432477,-0.0416696295,0.447447538,0.482045263,-0.04303791,0.383461595,0.486052185,-0.0299926698,0.413819551,0.485422492,-0.0398009643,0.433457434,0.487687171,-0.0408440195,0.444903195,0.490155607,-0.040293932,0.385219157,0.495237797,-0.0342427343,0.410016686,0.49472928,-0.0402687378,0.425165802,0.495102882,-0.0403837934,0.435796112,0.495738328,-0.0396093689
6816.6666666667015,0.563444555,0.568363488,3.5938438e-008,0.551283,0.573526084,-0.0120303,0.550691187,0.582220674,-0.0171647016,0.552428842,0.591571271,-0.0198037084,0.553440213,0.599400878,-0.0207773838,0.575023,0.588118911,-0.0157801416,0.567031205,0.601578414,-0.0210403781,0.556339204,0.601569831,-0.0222582314,0.551830947,0.598552585,-0.0218022279,0.581372321,0.589457333,-0.0106501011,0.572801411,0.60297364,-0.0147949448,0.561636686,0.602452636,-0.0145875951,0.557547569,0.598925292,-0.0136631187,0.582336068,0.590109885,-0.00606815284,0.574560583,0.602326751,-0.00985094812,0.56485045,0.601831794,-0.00833190512,0.561106,0.598548114,-0.00661429251,0.580683231,0.590216398,-0.00230965321,0.574703932,0.599743,-0.00595127093,0.566960216,0.600362241,-0.00542227877,0.563690543,0.598332822,-0.00403563771
6816.6666666667015,0.367804527,0.49297142,2.65282068e-007,0.378453314,0.482935846,-0.00173320353,0.395485818,0.474907815,-0.00806263089,0.414081573,0.472021788,-0.0146851279,0.42786786,0.471981674,-0.021443665,0.38861689,0.468076289,-0.0198024288,0.414847344,0.463522106,-0.031356249,0.433845192,0.465361536,-0.0375579298,0.446307242,0.46867153,-0.0407402776,0.385417908,0.474755764,-0.0247141514,0.416661263,0.472085357,-0.0370987579,0.437442899,0.475288808,-0.0406343788,0.449527085,0.479044199,-0.0419428498,0.385145575,0.483266324,-0.0291919298,0.415698111,0.482095122,-0.0390823707,0.435422063,0.484630376,-0.0401968658,0.447036833,0.487006187,-0.0397052579,0.387131542,0.492309749,-0.0335982032,0.413062751,0.491676599,-0.0398924276,0.428265482,0.492201149,-0.0401545353,0.439003766,0.492696673,-0.0394374765
6833.3333333333685,0.564440072,0.570380449,2.30301858e-008,0.551641047,0.576016545,-0.00980800297,0.550904393,0.585032463,-0.0138101494,0.553577721,0.594223738,-0.0160315651,0.555156,0.601794839,-0.0167784225,0.574407518,0.589932144,-0.0118161859,0.566930771,0.603121459,-0.0169769656,0.557503819,0.603088677,-0.0188509598,0.553815126,0.600260437,-0.0189498197,0.580814183,0.590969861,-0.00797085464,0.573176563,0.604568,-0.012187195,0.56334132,0.604277551,-0.0126891164,0.559844613,0.600863397,-0.0121779731,0.582093418,0.591612935,-0.00469853403,0.575201452,0.604208767,-0.00841969904,0.566159427,0.604061306,-0.00741534634,0.562638581,0.601043,-0.00591253396,0.580822229,0.592002332,-0.00212537195,0.575838864,0.602180839,-0.00526407035,0.568600893,0.603114545,-0.00468274,0.565255344,0.601255953,-0.00332695409
6833.3333333333685,0.371075213,0.492592454,2.48984577e-007,0.381329298,0.481958568,-0.00127876352,0.397812366,0.473452806,-0.0073910947,0.416130513,0.470366597,-0.0139471935,0.430357695,0.470170081,-0.0206744261,0.390581369,0.466602504,-0.0187484641,0.415508091,0.461398065,-0.0306697935,0.434783816,0.463288367,-0.037504863,0.447883785,0.466710091,-0.0410027616,0.387724549,0.47332266,-0.0238853674,0.418062299,0.470151335,-0.0364476182,0.438999921,0.473019868,-0.0403504707,0.451264024,0.476650655,-0.0417847559,0.387620181,0.481775492,-0.0285998024,0.41762653,0.480122089,-0.0384985767,0.437525928,0.4822914,-0.0395563692,0.449181736,0.484732807,-0.038833376,0.389845878,0.49089,-0.0332443453,0.415186375,0.489745796,-0.0392066538,0.43059963,0.489906,-0.0391019844,0.441414952,0.490364522,-0.0379958339
6850.0000000000355,0.564760566,0.572159767,1.25788233e-008,0.552415192,0.577683,-0.00901146885,0.552122593,0.586443603,-0.0126054017,0.55504626,0.595621526,-0.0146410251,0.556336164,0.603341818,-0.0151755456,0.573895037,0.592161655,-0.00978529826,0.567362845,0.604786456,-0.0146649042,0.557864845,0.604229212,-0.0163867027,0.554238439,0.601165652,-0.0163933598,0.580437303,0.59340477,-0.00637928629,0.573017299,0.606317878,-0.0101004755,0.563202083,0.605138421,-0.0102860751,0.560334563,0.601300538,-0.00951528084,0.581913,0.593782663,-0.00362580549,0.574647784,0.605464339,-0.00716250157,0.565833,0.604376614,-0.00577365654,0.563140631,0.600875735,-0.00394759793,0.5808056,0.59366858,-0.0015383868,0.575353324,0.603103578,-0.00461109495,0.568260133,0.603357673,-0.00366974273,0.56569165,0.601080477,-0.00199006707
6850.0000000000355,0.373578429,0.491835922,2.45738534e-007,0.384353459,0.48076883,-0.00179494359,0.40197438,0.472029984,-0.00856293458,0.421767175,0.46875453,-0.0156279746,0.437187314,0.468045741,-0.0228930376,0.392669857,0.465362906,-0.0206125639,0.418061674,0.460016251,-0.0330263227,0.437381446,0.461908966,-0.040082559,0.450394154,0.465229958,-0.0437966175,0.389185041,0.47211352,-0.0257985052,0.420078546,0.468910724,-0.0386727825,0.440929472,0.471772045,-0.0424398147,0.452926844,0.475351661,-0.0440369882,0.388780892,0.480638236,-0.0305798613,0.419243425,0.478995562,-0.0407601967,0.439129412,0.481095046,-0.0416783951,0.450591862,0.483621299,-0.0410564691,0.391095638,0.489787072,-0.0353378206,0.41594246,0.488547474,-0.0415347777,0.431406021,0.488522083,-0.0415897034,0.442228407,0.488910437,-0.0407857373
6866.666666666702,0.565339208,0.573664665,2.83481985e-008,0.553662717,0.579512894,-0.00843713339,0.553387761,0.588174,-0.0116537549,0.55562973,0.597165227,-0.0133321565,0.556655407,0.604473352,-0.0136193,0.575593,0.593585968,-0.00936669949,0.5699929,0.606147766,-0.0134633007,0.561155617,0.606565177,-0.014942728,0.55722338,0.604222476,-0.0149507839,0.581573248,0.594485819,-0.00591621595,0.575751901,0.607060671,-0.00881464593,0.566423893,0.606859,-0.00903089903,0.563203156,0.604067206,-0.00863053743,0.582956731,0.594724834,-0.00296169193,0.57706219,0.606112063,-0.00543455081,0.568572223,0.606019676,-0.0041981386,0.565365076,0.603506505,-0.00289076916,0.581938922,0.594706,-0.000656923454,0.577476442,0.603931546,-0.00281902961,0.570555687,0.60488075,-0.00189609197,0.567408562,0.603346467,-0.000510190381
6866.666666666702,0.376722693,0.492531389,2.26074846e-007,0.388720185,0.481508672,-0.00178252137,0.408256739,0.47187081,-0.008330632,0.429531366,0.467580646,-0.0151162213,0.445643455,0.465049446,-0.0220238473,0.394475788,0.465065956,-0.0207616854,0.419260472,0.45940268,-0.0328875631,0.438207269,0.461041659,-0.0395793058,0.451052755,0.464057505,-0.0431154147,0.3901847,0.471706,-0.0260552149,0.420930207,0.467785537,-0.038526237,0.442065209,0.470461428,-0.0422103703,0.454564273,0.474111766,-0.0439357981,0.389933765,0.480256289,-0.0309278034,0.421010315,0.478068501,-0.0409618169,0.440829247,0.480137914,-0.0417360403,0.452365339,0.482665807,-0.041126769,0.393024892,0.489468247,-0.0357663445,0.418730825,0.487661362,-0.0418443196,0.434113592,0.487516731,-0.041807916,0.444767028,0.487891018,-0.0410617515
6883.333333333369,0.565950096,0.574853897,4.92304579e-008,0.554576576,0.58065325,-0.0079347752,0.554500937,0.58972156,-0.0108518777,0.557088,0.599168122,-0.0122796576,0.558754683,0.606695116,-0.0124702584,0.576080501,0.593967199,-0.00873909891,0.571041644,0.606563866,-0.0123133892,0.562969804,0.608589292,-0.0133548016,0.558572829,0.607598186,-0.0132171297,0.582341552,0.594957292,-0.00547672622,0.576623,0.607871115,-0.00831638835,0.567605376,0.608477116,-0.00845011603,0.563907504,0.606287718,-0.00792523474,0.583836257,0.595458448,-0.00264830887,0.57835567,0.60713768,-0.00517487526,0.569953203,0.607620895,-0.0041332976,0.566295207,0.605668,-0.00291847857,0.582666576,0.595806301,-0.00040004513,0.578607202,0.605212867,-0.0027061149,0.571761966,0.606478333,-0.00191033399,0.568208754,0.605251,-0.000563062087
6883.333333333369,0.377043158,0.492804915,2.27540511e-007,0.387354523,0.481622934,-0.00202501426,0.404048979,0.471968442,-0.00842917245,0.423412293,0.467621207,-0.0152273253,0.438454896,0.466318935,-0.0222438853,0.394901723,0.465046495,-0.0196217783,0.42029345,0.459293664,-0.0317995921,0.439350545,0.460710734,-0.0387769267,0.452424139,0.463763773,-0.0425203033,0.390993506,0.471553564,-0.024609603,0.421188623,0.468076259,-0.0366914049,0.442378283,0.470303655,-0.0403592661,0.455786675,0.47345,-0.0422620885,0.390598,0.479885876,-0.0293548778,0.420658022,0.478146136,-0.0393304937,0.440832615,0.47962904,-0.040787477,0.453523874,0.481657267,-0.0407976098,0.393420279,0.488776982,-0.0341551751,0.418710917,0.487331629,-0.0405793451,0.434458196,0.487159938,-0.0412355661,0.445883244,0.487351924,-0.041019816
6900.000000000036,0.567746937,0.575654387,-4.82380758e-009,0.555962086,0.581316948,-0.00766776921,0.555925667,0.590421498,-0.0109063834,0.558935404,0.599728286,-0.0129987048,0.56057173,0.607383966,-0.013589941,0.577625453,0.594534695,-0.00823522359,0.571286082,0.607886672,-0.0137646412,0.563100338,0.606658459,-0.0161582883,0.561273873,0.602978349,-0.0165673625,0.583662212,0.595541,-0.00588283828,0.576795936,0.609130919,-0.0101323016,0.568594217,0.607479274,-0.0108126849,0.567892492,0.603331864,-0.0103697991,0.585425317,0.596052825,-0.00419579027,0.578401923,0.608289182,-0.00764659233,0.570916772,0.606843591,-0.00612256257,0.570335627,0.60322392,-0.00429919083,0.584874809,0.596399903,-0.00311408471,0.579464555,0.606264949,-0.00538142072,0.573056161,0.605896771,-0.00382591179,0.571690559,0.603048742,-0.0019415865
6900.000000000036,0.378183842,0.493915319,2.21701328e-007,0.389471769,0.482941329,-0.00225310843,0.407249957,0.473042578,-0.00892357,0.42740944,0.468287081,-0.0159165226,0.442882657,0.466066539,-0.0231673401,0.396043688,0.465691507,-0.0209104978,0.420552641,0.459439665,-0.0337354019,0.439501,0.460682154,-0.0410401896,0.452475965,0.463866115,-0.044883702,0.391663074,0.472107053,-0.0259953178,0.421242833,0.468002319,-0.0388262607,0.442756832,0.470081985,-0.0428686775,0.456219137,0.473626167,-0.0449222066,0.391160488,0.480500489,-0.0308164079,0.421061516,0.478481829,-0.0415947959,0.441461802,0.479956,-0.043270018,0.453968257,0.48227948,-0.0432703793,0.393985629,0.489488125,-0.035644982,0.419623822,0.487778664,-0.0427340567,0.435626149,0.487566292,-0.0435960591,0.446981877,0.487956315,-0.0434318446
6916.666666666703,0.568380713,0.576346934,4.32957847e-008,0.55640763,0.582001209,-0.0090991715,0.557276368,0.59093374,-0.0126474369,0.560688674,0.599933922,-0.0144117912,0.56259948,0.607327402,-0.0148254475,0.579673707,0.595435381,-0.0116146663,0.573678,0.609185636,-0.0160864461,0.56415695,0.61058265,-0.0171515197,0.559778214,0.608452678,-0.0166089,0.585988522,0.596244514,-0.00785756297,0.579790771,0.610236287,-0.0113932835,0.569558799,0.610450864,-0.0114049939,0.565740585,0.607290268,-0.0105552124,0.587259889,0.596637368,-0.00453329878,0.581555903,0.609295726,-0.00762669556,0.572128415,0.609611809,-0.00663048215,0.568151534,0.606884897,-0.00524535682,0.58579886,0.596883893,-0.00181682885,0.581816673,0.606994748,-0.00479147863,0.574217796,0.608142078,-0.0042638625,0.570462763,0.606368899,-0.00296848
6916.666666666703,0.378013343,0.494618326,2.21460169e-007,0.386944473,0.483092785,-0.00170333066,0.402936697,0.473231,-0.0080267,0.421948731,0.468897,-0.0148650566,0.437164396,0.468022,-0.0220996123,0.395506948,0.466435432,-0.0198974945,0.421192497,0.460368127,-0.0319096334,0.44039464,0.461506575,-0.0386159718,0.453810245,0.464551121,-0.0421841592,0.391715139,0.473113298,-0.0250221826,0.422645658,0.469254345,-0.0370273329,0.443841815,0.471241832,-0.0404414,0.457280934,0.474402845,-0.0421741046,0.391455144,0.481534183,-0.0298331436,0.42205283,0.479388058,-0.0398042239,0.442379355,0.480677426,-0.0412009954,0.455233634,0.482746184,-0.0411877856,0.394352734,0.490510374,-0.0346572027,0.420055091,0.488782465,-0.0412078723,0.436058164,0.488539189,-0.0419035591,0.447664171,0.488771081,-0.041718103
6933.33333333337,0.570360065,0.577259243,5.3276807e-008,0.558327138,0.583053827,-0.00887449365,0.558199942,0.591987908,-0.0124211591,0.561889768,0.601219296,-0.0142586231,0.563851118,0.608800888,-0.0147740245,0.581099451,0.596672714,-0.0103249652,0.575549066,0.60993737,-0.0143575324,0.566820145,0.611459494,-0.0154485451,0.562345624,0.60980469,-0.0151320053,0.588145733,0.59725076,-0.00663106283,0.582413256,0.610840499,-0.00980397221,0.572617412,0.611659765,-0.0098802112,0.568235636,0.609325469,-0.00922678877,0.58992362,0.597376525,-0.00340553769,0.584638119,0.609787047,-0.00630778819,0.575530887,0.610742509,-0.00535746943,0.571074545,0.608765364,-0.00412761327,0.588848889,0.597425759,-0.000782420451,0.585033,0.607457101,-0.00357986707,0.577734113,0.609274864,-0.00305087399,0.573605418,0.608302414,-0.00181060762
6933.33333333337,0.378043562,0.495818377,2.17264429e-007,0.386358261,0.484155,-0.0017127383,0.401615679,0.474424303,-0.00802034698,0.42032519,0.470433384,-0.0148051884,0.4354375,0.470045924,-0.0219122637,0.395718485,0.467841536,-0.019433653,0.421620637,0.461823553,-0.0313406847,0.440985978,0.463238716,-0.0381822847,0.454346597,0.466552168,-0.0418347158,0.392590165,0.474529713,-0.0243413672,0.423869252,0.470935106,-0.036002297,0.444749773,0.472850561,-0.0393993445,0.457730949,0.475962669,-0.0411448628,0.392777652,0.482859224,-0.0289551541,0.42365402,0.480795115,-0.0384022072,0.443482935,0.481905639,-0.0397366881,0.455926865,0.483889371,-0.0397332236,0.396158248,0.491690129,-0.0336124487,0.421803981,0.490126461,-0.0395780057,0.437255323,0.48966831,-0.0400999598,0.448498785,0.489692837,-0.0398339443
6950.000000000037,0.572208941,0.577524841,2.99222513e-008,0.55973804,0.583063424,-0.010248553,0.559277952,0.591953456,-0.0146865956,0.5624367,0.601386845,-0.0172529873,0.56475383,0.609110892,-0.0182099398,0.582434893,0.596368492,-0.0124246031,0.576556087,0.61043,-0.0178486649,0.566084743,0.610689163,-0.019419197,0.561700046,0.60777086,-0.0190781765,0.589602053,0.597190678,-0.00843721,0.583227456,0.61151439,-0.0128865372,0.572666407,0.610900104,-0.0131455669,0.569497347,0.606980085,-0.0122320149,0.591726661,0.597515523,-0.00505421404,0.585691512,0.610613286,-0.00921276305,0.575850189,0.609970868,-0.00800711755,0.572554231,0.606334388,-0.00613367464,0.591002584,0.59763068,-0.00236285781,0.586289346,0.608073294,-0.00618856912,0.578572333,0.608444512,-0.00561461179,0.57566905,0.605665624,-0.00402591424
6950.000000000037,0.376951545,0.496810168,2.16472287e-007,0.38574025,0.485085815,-0.00159864104,0.401696175,0.475455433,-0.00792548899,0.420333266,0.471865177,-0.0147350598,0.435394257,0.471770525,-0.0219330192,0.396531433,0.469423234,-0.0199681707,0.421755672,0.463467479,-0.0318676345,0.441097617,0.464843333,-0.0385742262,0.454160392,0.468373805,-0.042121578,0.392941594,0.476224273,-0.0250512213,0.423876256,0.472561598,-0.0370534435,0.44499886,0.474741399,-0.0406419225,0.4575589,0.478090286,-0.0423835255,0.392681777,0.484709024,-0.0297465716,0.423121214,0.482341856,-0.0397617072,0.443736345,0.483615428,-0.0414530523,0.456207126,0.485834807,-0.0415200181,0.395428836,0.493724763,-0.0343863443,0.421478,0.491900474,-0.0410862826,0.437473774,0.491699576,-0.0419544019,0.448644042,0.492065966,-0.0418104827
6966.666666666704,0.573281348,0.577579916,8.35858316e-008,0.561658144,0.582574,-0.0109913805,0.561019301,0.591699541,-0.0161179062,0.564153373,0.600991666,-0.0191952325,0.567061543,0.60886544,-0.0209640395,0.584372938,0.596143186,-0.014415035,0.580306888,0.610163033,-0.0201691557,0.570412755,0.613253474,-0.0219220873,0.564500332,0.612104893,-0.0216939785,0.591232598,0.596625924,-0.0102064302,0.587131143,0.61111939,-0.0151743516,0.57566613,0.613566935,-0.0159885809,0.56949091,0.612013698,-0.0156814735,0.593170345,0.596935332,-0.00653310819,0.589510918,0.610718131,-0.0111997016,0.578533888,0.61310029,-0.0110257957,0.572308123,0.611780882,-0.0101283686,0.592358112,0.597251415,-0.00351347774,0.589287043,0.608574,-0.00797675364,0.580296278,0.611395895,-0.0082032755,0.574553907,0.610702932,-0.00734144915
6966.666666666704,0.377097338,0.49950242,2.10636784e-007,0.385408431,0.487986922,-0.00191506313,0.401421636,0.478447795,-0.00833389256,0.420599639,0.474769562,-0.0150852771,0.436062545,0.474708378,-0.0221525971,0.396440446,0.471817,-0.0198540241,0.42248711,0.466199487,-0.0313013904,0.441646904,0.467592418,-0.0375795141,0.45492661,0.470952123,-0.0409256034,0.393830657,0.478409767,-0.024681272,0.424762696,0.475130409,-0.0358149,0.44522053,0.477489024,-0.0388822444,0.457920611,0.480935872,-0.0404309072,0.394053817,0.486931264,-0.0291433744,0.423856705,0.484922647,-0.0381644703,0.443640232,0.486492485,-0.0391955823,0.456201375,0.488924682,-0.0390925445,0.397154421,0.496130109,-0.0336363,0.421367139,0.494531572,-0.0393758416,0.436508387,0.494410902,-0.03966856,0.447722882,0.494844049,-0.0392869897
6983.333333333371,0.574693859,0.577092469,8.02928426e-008,0.561388969,0.582031727,-0.01263199,0.560612857,0.591210604,-0.0183412023,0.564782619,0.600846291,-0.0213590413,0.568179548,0.60896,-0.0227969121,0.584962845,0.595028043,-0.0172620863,0.582168341,0.609676778,-0.0224065557,0.572012782,0.611817181,-0.0231878534,0.566653848,0.609987736,-0.0224112291,0.592682481,0.59571445,-0.0119827194,0.589607596,0.610707045,-0.0163254924,0.578226507,0.613141477,-0.0167470109,0.571980178,0.611466348,-0.0163914133,0.595012307,0.596234202,-0.00718480162,0.592333734,0.610325158,-0.0115710637,0.581074297,0.612783134,-0.0118661923,0.574509203,0.611366391,-0.011501384,0.594456613,0.596791506,-0.0030974613,0.591407478,0.607979119,-0.00793729443,0.582344592,0.610398412,-0.00898348,0.576376,0.609287858,-0.00879905652
6983.333333333371,0.375138432,0.501524389,2.05982744e-007,0.384677351,0.49024561,-0.00125130906,0.401732504,0.481025189,-0.00751918554,0.421269506,0.4776,-0.0142026553,0.436803818,0.477394462,-0.021225892,0.396821529,0.474117607,-0.0200766064,0.423318893,0.468552142,-0.0315233767,0.442374527,0.470323861,-0.0377616324,0.455254793,0.473922521,-0.0410300493,0.393720299,0.480619222,-0.0250553787,0.425955325,0.477800429,-0.0361617804,0.446085364,0.480368584,-0.0389763191,0.45794946,0.483869046,-0.0403709263,0.393641859,0.489106536,-0.0295592695,0.425839186,0.487686336,-0.0384134538,0.445056021,0.489519864,-0.0389851,0.456209928,0.492133379,-0.038534075,0.39636,0.498277158,-0.0340299942,0.423046976,0.497090191,-0.039540641,0.438310742,0.497181952,-0.0394700319,0.448892623,0.497751385,-0.0387710407
7000.000000000038,0.576302528,0.575823486,1.03798762e-007,0.563713,0.581058323,-0.0112905847,0.56224525,0.590078235,-0.0167207941,0.56638509,0.599222779,-0.019916093,0.569364488,0.607245266,-0.0219286103,0.587433636,0.594917595,-0.0148007162,0.58475709,0.608962059,-0.0199076459,0.575244,0.612752736,-0.0213452652,0.568132222,0.612696171,-0.021182131,0.595105052,0.595291793,-0.0103446776,0.591491878,0.61009109,-0.0151601918,0.579527259,0.613243043,-0.0161800124,0.571153641,0.61229825,-0.0160135068,0.59731257,0.595453501,-0.00634356681,0.594812334,0.6092453,-0.0109086707,0.583459437,0.61235249,-0.0114521449,0.575369239,0.61170584,-0.011115469,0.596471608,0.595488608,-0.00299339066,0.594474614,0.606389105,-0.00769043202,0.585611522,0.609762907,-0.00866495445,0.57859534,0.609855235,-0.00834560394
7000.000000000038,0.37299189,0.504175365,2.1143488e-007,0.384297818,0.492848843,-0.00134489452,0.402279407,0.483963221,-0.00806237571,0.422094673,0.481064558,-0.0152942203,0.437760383,0.481099546,-0.0229176711,0.397107691,0.476716042,-0.0207120199,0.424113095,0.471666068,-0.0330455191,0.443200797,0.473826528,-0.039936,0.455863774,0.477801323,-0.0436067693,0.393408477,0.483530551,-0.0261378195,0.425517,0.481015563,-0.0384450667,0.446083069,0.483961672,-0.0420186669,0.4581469,0.48780188,-0.0438008942,0.392473549,0.492265582,-0.0311206076,0.424302578,0.49127388,-0.0410067178,0.44400087,0.493567586,-0.0421059355,0.455548584,0.496332675,-0.0418497361,0.394225419,0.501695275,-0.0360516384,0.420804203,0.500801563,-0.0422040969,0.436278939,0.501016498,-0.0424382463,0.447167724,0.501594186,-0.0419143774
7016.666666666705,0.579149544,0.573821723,1.00339271e-007,0.566084146,0.578366,-0.0114585394,0.564033389,0.587374449,-0.0169632621,0.56783545,0.596692443,-0.0201627724,0.570795655,0.604769707,-0.0221374948,0.588932693,0.592249155,-0.0160212759,0.586961806,0.606542706,-0.0214699395,0.577862859,0.61080265,-0.0227654781,0.571223259,0.610745132,-0.0224093329,0.596354961,0.593053877,-0.0116920518,0.593185,0.608000398,-0.0171514284,0.581499219,0.61226362,-0.0184536,0.573285878,0.611794055,-0.0184912644,0.598699093,0.593694091,-0.00778070651,0.596529782,0.607621968,-0.0128903827,0.585111439,0.611813843,-0.0140241832,0.576892197,0.61160171,-0.0140655339,0.598438501,0.594042659,-0.00448064227,0.596845508,0.60534966,-0.00959327724,0.588153899,0.609459043,-0.011078326,0.581057906,0.609738588,-0.0111281136
7016.666666666705,0.371481746,0.507140517,2.08237296e-007,0.383433402,0.49591732,-0.00151526928,0.401970446,0.487261623,-0.00786913186,0.422256052,0.484751523,-0.0146793453,0.43772,0.485092819,-0.0216756668,0.396067172,0.479796618,-0.0197641402,0.423915893,0.475059867,-0.031523522,0.442675143,0.477656931,-0.0380764306,0.455064654,0.481731683,-0.0415579826,0.392471135,0.48697412,-0.0248592664,0.424337864,0.484469801,-0.0362529308,0.445035845,0.48754248,-0.0395128541,0.457613647,0.491393596,-0.0412665,0.391715676,0.495842457,-0.0295816977,0.423010319,0.494850367,-0.0385259688,0.442667037,0.497094512,-0.0393250659,0.454470277,0.499699861,-0.0390861183,0.393823415,0.505221248,-0.034345,0.419962496,0.504344463,-0.0396712087,0.435009539,0.504722893,-0.0395123,0.445730358,0.505409837,-0.0388498828
7033.333333333372,0.577838302,0.571418762,1.02108679e-007,0.565658,0.576605082,-0.0109133637,0.565099299,0.585501552,-0.0160100907,0.568951726,0.594709277,-0.0190038588,0.571360528,0.602759421,-0.0207941346,0.589558363,0.589794159,-0.0140757477,0.587899089,0.60417515,-0.0196410194,0.57846123,0.608621359,-0.0213056859,0.571286201,0.608731687,-0.0210778769,0.596767604,0.590396047,-0.00985280331,0.594593883,0.605523765,-0.0152674457,0.583371639,0.609827518,-0.016752284,0.575227201,0.609834194,-0.0167885441,0.599110842,0.590914428,-0.00615633465,0.598095596,0.604778707,-0.0111322748,0.587313,0.609116316,-0.0125555387,0.579071045,0.609676957,-0.0127244014,0.598727167,0.591435254,-0.00307779387,0.598042488,0.602503121,-0.0080649415,0.589828134,0.606639922,-0.00964069925,0.582785904,0.607566833,-0.00970947649
7033.333333333372,0.369215548,0.509624898,2.02449527e-007,0.382174611,0.498329133,-0.000879481551,0.401401252,0.490118712,-0.00720721204,0.421386719,0.488038689,-0.0141583392,0.436439604,0.488753945,-0.021443842,0.395462185,0.482754499,-0.0195252337,0.423075378,0.478688508,-0.031302277,0.441486,0.48151195,-0.0380650759,0.453849047,0.485501021,-0.0418464355,0.391530931,0.489905924,-0.0251872987,0.423338205,0.488191098,-0.0365803726,0.44371444,0.491481036,-0.0401307903,0.456124932,0.495303869,-0.0422564819,0.390139163,0.498861104,-0.0303900503,0.421431333,0.498566747,-0.0395086743,0.440759063,0.501241148,-0.0404596,0.452405393,0.503966153,-0.0404210687,0.391518,0.508358479,-0.035554532,0.417517215,0.507926762,-0.0410739593,0.432443619,0.50856787,-0.0409141518,0.443084151,0.509301841,-0.0403400436
7050.000000000039,0.577356,0.568804502,1.0333985e-007,0.566064954,0.573601246,-0.0110494616,0.565354824,0.582268298,-0.0167998485,0.569049656,0.591442585,-0.0204079971,0.572257042,0.599358201,-0.0228256267,0.590736687,0.585806251,-0.0167810898,0.588685393,0.60040313,-0.023433255,0.577944577,0.604527593,-0.0254119728,0.569628716,0.604597628,-0.0252853315,0.597986639,0.587068439,-0.0129305469,0.596080124,0.60283637,-0.0197029673,0.583497,0.607480884,-0.0213892981,0.574131072,0.607656837,-0.0214039758,0.600371242,0.588398874,-0.00950000435,0.600426555,0.603110671,-0.0154024484,0.58822149,0.607848227,-0.0168332681,0.57878989,0.608423471,-0.0168673825,0.599779606,0.589552581,-0.00668924768,0.600378394,0.601109385,-0.012324336,0.591562271,0.605539918,-0.0140897157,0.583774626,0.606503487,-0.0142131215
7050.000000000039,0.365981698,0.511826158,2.07246387e-007,0.379201293,0.500442266,-0.00144615024,0.398862541,0.492448688,-0.00758228777,0.419131756,0.491054326,-0.0142197227,0.4341214,0.492586374,-0.0210890714,0.392725617,0.485974342,-0.0189684089,0.420883298,0.482635766,-0.0298970956,0.43906489,0.485549957,-0.0359953158,0.451484203,0.489237487,-0.0394815281,0.388499469,0.493330538,-0.024152,0.420278251,0.492076159,-0.0348489173,0.440697581,0.495420635,-0.0380697064,0.453572541,0.499010414,-0.0400405638,0.386931419,0.502274811,-0.0289288219,0.418239444,0.502480865,-0.0374965593,0.437587947,0.50510031,-0.0383854322,0.449410647,0.507495046,-0.0383841507,0.388265848,0.511667311,-0.0337561443,0.41420716,0.511834323,-0.0388692357,0.428647459,0.51241,-0.0387098268,0.438819885,0.512795091,-0.0382199287
7066.666666666706,0.577643216,0.56458956,1.02931971e-007,0.566230297,0.568949282,-0.0122630158,0.564770579,0.577106714,-0.0187706016,0.568478465,0.586581767,-0.0228355024,0.570941389,0.594594121,-0.0257063415,0.591629386,0.58138,-0.0185664203,0.59039849,0.595708311,-0.0250286646,0.580299258,0.600640118,-0.0269973688,0.571938634,0.60210073,-0.0272707827,0.599042833,0.583027422,-0.0142652895,0.597782791,0.598820567,-0.0209795292,0.585721135,0.60372597,-0.0224310141,0.576322615,0.604523599,-0.0224555433,0.600940645,0.58464396,-0.010340753,0.601213932,0.598905265,-0.0161274374,0.589848936,0.603890598,-0.01701135,0.58047,0.605103791,-0.0167816598,0.599669099,0.585944295,-0.00716664642,0.600395799,0.597253919,-0.0122621031,0.592155159,0.601972222,-0.0134598976,0.584304452,0.603490174,-0.0133187
7066.666666666706,0.363965869,0.514647424,2.08320301e-007,0.3764337,0.503397405,-0.00213045068,0.395847261,0.495572329,-0.00857516471,0.416333377,0.494307101,-0.0152807888,0.431446224,0.495904088,-0.0221012961,0.389917433,0.489392698,-0.0202268809,0.418234348,0.486692071,-0.0311775189,0.435936838,0.489700943,-0.0370594859,0.447882,0.493338913,-0.0403153,0.386207819,0.497063309,-0.0248992853,0.417489469,0.496276468,-0.0355876535,0.437810451,0.499518752,-0.0385148264,0.450599372,0.503114641,-0.0402009673,0.385050058,0.506089747,-0.0291756447,0.415717185,0.506804585,-0.0376095548,0.434898853,0.509103715,-0.0384034514,0.446652055,0.51116246,-0.0383019857,0.386603,0.515393674,-0.0335423388,0.412073612,0.515925407,-0.038596984,0.426175535,0.516221523,-0.038510628,0.436106294,0.516337752,-0.0380032435
7083.333333333373,0.575834036,0.560401261,1.39094794e-007,0.564836204,0.56406039,-0.0145119652,0.563507736,0.571371615,-0.0225409362,0.567047,0.580327272,-0.0275475867,0.569692492,0.588693142,-0.0314443968,0.590694427,0.576575339,-0.0230981056,0.591603398,0.591272771,-0.030512793,0.582125604,0.596996427,-0.0328538902,0.573190868,0.599323928,-0.0332357027,0.598321259,0.578050435,-0.017700782,0.599809647,0.594217896,-0.0257093161,0.588186264,0.599930465,-0.0277045723,0.577470243,0.601443052,-0.0277436413,0.600014,0.579564691,-0.0125905974,0.601748407,0.593649387,-0.0191956516,0.590995193,0.59912014,-0.0206810292,0.581120968,0.601172805,-0.0207320284,0.598439455,0.580675066,-0.00831952505,0.599039733,0.591419,-0.0142369363,0.590825796,0.596257687,-0.0159578137,0.582644641,0.5984326,-0.0159942508
7083.333333333373,0.359822094,0.51738584,2.12734534e-007,0.37463659,0.506765,-0.0022027418,0.395966947,0.499188602,-0.00854694564,0.417495102,0.497572333,-0.0150563922,0.433138967,0.498219788,-0.0215492509,0.386675596,0.493062556,-0.0207219124,0.41469577,0.490900338,-0.0316596515,0.432308227,0.493962169,-0.0373241566,0.444057435,0.497310847,-0.0405366234,0.381798536,0.500662148,-0.0255635325,0.413330376,0.500489831,-0.0366572328,0.433881104,0.50390923,-0.039517656,0.446861267,0.507193387,-0.0411970802,0.379807681,0.509581,-0.0300208945,0.410933703,0.510611713,-0.0389484726,0.430399,0.513060927,-0.0393661894,0.442573607,0.514939129,-0.0390328206,0.380826175,0.519025564,-0.0345576741,0.406856775,0.519851565,-0.0398487151,0.421778858,0.520224214,-0.0395777188,0.432394534,0.520360827,-0.0390408486
7100.00000000004,0.576115847,0.55570811,1.37269893e-007,0.564583182,0.55887413,-0.0136280507,0.562873363,0.565786719,-0.0214278568,0.565749049,0.574519277,-0.0267013907,0.567652643,0.582540154,-0.0311078709,0.59065634,0.571551561,-0.0209328216,0.593209624,0.584912479,-0.0290042721,0.584719241,0.591512144,-0.0329391,0.575879216,0.594939291,-0.0346391723,0.597619593,0.573591888,-0.0164844953,0.599731505,0.588903248,-0.0247240365,0.588605285,0.595435,-0.0278777387,0.578188717,0.597668767,-0.0290689971,0.599203348,0.575572968,-0.0124534238,0.602039695,0.589536965,-0.0190544017,0.591776669,0.595750928,-0.0211038049,0.582181573,0.598137081,-0.0217398293,0.597882152,0.57692796,-0.00930118933,0.600212634,0.587844968,-0.0148644736,0.593025923,0.593378186,-0.01676891,0.585268736,0.595819175,-0.0171867739
7100.00000000004,0.35869962,0.52020669,2.01218612e-007,0.37565574,0.509898782,-0.00247946638,0.400805324,0.502633,-0.00891619921,0.424416482,0.500628948,-0.0152524784,0.43920657,0.500124633,-0.0215238053,0.384434938,0.497024953,-0.0219711643,0.41010043,0.495333761,-0.032560911,0.427117825,0.498374641,-0.0378066339,0.438566893,0.501617193,-0.0407653637,0.378691256,0.504966497,-0.0267944466,0.409905255,0.505334079,-0.0373213664,0.430385888,0.508701444,-0.0396628901,0.442862213,0.511933267,-0.0412631966,0.37650913,0.51406,-0.0311749764,0.40807429,0.515350163,-0.0396512747,0.427362353,0.517851055,-0.0393720791,0.438709199,0.519702911,-0.0387682244,0.377664804,0.523560286,-0.0356472433,0.404132515,0.524227738,-0.0403150804,0.418874025,0.52449882,-0.039391093,0.428765655,0.524683595,-0.0386396274
7116.666666666707,0.573473573,0.551193655,1.4043745e-007,0.563942552,0.554302514,-0.0143495556,0.562498271,0.560328126,-0.0225466825,0.564671218,0.568732858,-0.0281127729,0.566115737,0.576735377,-0.0327786878,0.59090817,0.566395342,-0.0208729878,0.592954457,0.578580499,-0.0290926658,0.585063756,0.58533597,-0.0335943587,0.576807916,0.589542031,-0.0358829685,0.597988844,0.568996251,-0.0161095876,0.600501716,0.583057463,-0.0236387979,0.590555668,0.58971417,-0.0267417654,0.581073701,0.59279263,-0.0283317473,0.599355936,0.571244717,-0.0119477408,0.603205085,0.583953559,-0.0178994928,0.594381392,0.59047991,-0.0202403236,0.585279286,0.593757808,-0.0213968717,0.597927868,0.57279712,-0.00879557151,0.602457523,0.582636,-0.0137212873,0.597699463,0.588745177,-0.015986003,0.591105223,0.592518926,-0.0169270672
7116.666666666707,0.354329139,0.519278,1.31052843e-007,0.371146947,0.510838866,-0.00410456629,0.397525221,0.505204439,-0.0101792365,0.421208769,0.504846513,-0.0151636312,0.437510908,0.504723787,-0.0196163524,0.382457376,0.500188112,-0.0233074781,0.410012633,0.499653131,-0.0339168236,0.425918519,0.503238618,-0.0373539627,0.436260104,0.506948888,-0.038224943,0.376726329,0.50805372,-0.0259814337,0.409440666,0.509705842,-0.0358277448,0.427560538,0.514097214,-0.0363929234,0.438544571,0.517455518,-0.0360652022,0.37351191,0.517565191,-0.0282948427,0.406368285,0.519912422,-0.0366133638,0.423964381,0.523537695,-0.0354149304,0.434911311,0.525185347,-0.0335531458,0.37255761,0.527320385,-0.0305486433,0.400392085,0.528843284,-0.0360398553,0.415117472,0.53027612,-0.0351165347,0.425363392,0.530354202,-0.0337854251
7133.333333333374,0.573496044,0.547260106,1.48609899e-007,0.563477218,0.549884796,-0.0146299386,0.561036348,0.555026174,-0.0236676149,0.56323117,0.562798083,-0.0300995931,0.565771878,0.570613623,-0.03566695,0.589371622,0.560382605,-0.022817526,0.592417359,0.572271645,-0.031745933,0.585878789,0.579170465,-0.0366323739,0.578653753,0.583705544,-0.0391845219,0.597143352,0.563434899,-0.0182229839,0.600242078,0.577368,-0.026196342,0.591117859,0.584652603,-0.0295924824,0.581721604,0.588188,-0.0314961784,0.599427283,0.566135526,-0.0141455047,0.603384912,0.578773201,-0.0202354714,0.595021427,0.58569032,-0.0228194706,0.586091161,0.589379132,-0.0243003909,0.598792374,0.568173528,-0.0111037791,0.602633119,0.577760279,-0.0160955936,0.597605288,0.583859086,-0.0184678379,0.590808809,0.58760345,-0.0196021479
7133.333333333374,0.351967752,0.523338854,1.93892134e-007,0.369520426,0.514871299,-0.00352175254,0.394670159,0.509785,-0.00947996788,0.417396963,0.509289324,-0.0148863094,0.43242085,0.507438064,-0.0199902225,0.379563808,0.504633129,-0.0209730864,0.40377447,0.50485158,-0.030452583,0.419914901,0.507949889,-0.0345742106,0.43122533,0.511348426,-0.0366294198,0.372830749,0.512650251,-0.0244268663,0.403153926,0.514855,-0.0336489417,0.421923608,0.518506467,-0.0347946733,0.433910519,0.52153337,-0.0354781784,0.369575739,0.521892488,-0.0276493262,0.400519103,0.525064588,-0.0354499817,0.418980777,0.527683616,-0.0344156884,0.430336833,0.529163,-0.033176735,0.36928463,0.531598389,-0.030997986,0.396309674,0.533770144,-0.0357510336,0.411044598,0.53432858,-0.034713883,0.420950443,0.534238815,-0.0337015651
7150.000000000041,0.573833883,0.543244,1.68966153e-007,0.563287914,0.545381308,-0.0158948582,0.560324192,0.549730301,-0.0260500032,0.562070251,0.556726158,-0.0335653499,0.565456808,0.564160109,-0.0401983745,0.588999212,0.554826558,-0.0247965045,0.592227697,0.566502,-0.0348922238,0.585241675,0.573586345,-0.0404456,0.577614248,0.578480959,-0.0433911346,0.597322822,0.557877958,-0.0201459359,0.600770652,0.571548939,-0.0291182604,0.59191525,0.579360783,-0.0329156443,0.58282429,0.58374542,-0.0351914354,0.600093842,0.560784936,-0.0162259527,0.604645133,0.573183835,-0.0236434322,0.596403122,0.580670655,-0.0266799442,0.587387264,0.584991336,-0.0283569302,0.599644065,0.563226938,-0.0134222396,0.604005396,0.572866559,-0.0194248483,0.598838508,0.579139,-0.0220850948,0.591863632,0.58309114,-0.0234037
7150.000000000041,0.347674817,0.52511692,1.15010167e-007,0.366688251,0.517150223,-0.00528013101,0.393709093,0.513146698,-0.0114825116,0.416234881,0.513573945,-0.0162570756,0.431677818,0.513189912,-0.020393651,0.377387941,0.508523107,-0.0239246618,0.40484181,0.510694444,-0.0341000594,0.420304984,0.514846206,-0.0371674635,0.430453718,0.518800318,-0.0376665965,0.369506091,0.517003596,-0.0256734062,0.402184397,0.520724058,-0.0351657458,0.419626266,0.525309503,-0.0353909507,0.430608928,0.528659046,-0.03488224,0.365290135,0.52660507,-0.0270785447,0.398601145,0.530847669,-0.0349555202,0.41622898,0.534151316,-0.0334765352,0.427119106,0.535350144,-0.031337373,0.364148468,0.53610307,-0.0285273548,0.393629581,0.538653195,-0.0327617191,0.407767206,0.54001838,-0.0309601184,0.416650921,0.539879143,-0.0291192643
7166.666666666708,0.573329628,0.539563179,1.65966853e-007,0.562992513,0.541002333,-0.0163265094,0.558997154,0.544401705,-0.0271266643,0.560757518,0.550609767,-0.0352951139,0.565342546,0.557652891,-0.0427246578,0.588291,0.549263299,-0.0261831749,0.592474818,0.560072064,-0.0374213755,0.586175442,0.567335069,-0.044090759,0.578634322,0.572637498,-0.0477103889,0.596541941,0.552772641,-0.0216232669,0.601243436,0.565073848,-0.0314792134,0.592856526,0.573074818,-0.036262352,0.583391309,0.577791035,-0.0392115973,0.599668682,0.556045771,-0.0177761409,0.604762435,0.567201912,-0.0257368106,0.597213507,0.574693,-0.0294675622,0.588363767,0.579174221,-0.0315598957,0.600017607,0.5588094,-0.0150594497,0.605166614,0.56749481,-0.0212949831,0.600602865,0.573620617,-0.0242031366,0.593731165,0.577594042,-0.0256778281
7166.666666666708,0.347253859,0.530621648,1.81768556e-007,0.364348,0.522277176,-0.00456988905,0.388753951,0.517682076,-0.0107062757,0.410921216,0.517572701,-0.0157581978,0.426232427,0.516261458,-0.0203654245,0.373068184,0.514349461,-0.0227126665,0.400574982,0.517019808,-0.031324856,0.416066021,0.520554781,-0.0340256318,0.426033258,0.523791134,-0.034866862,0.365535438,0.523017406,-0.0248205904,0.397407562,0.526735902,-0.0327089801,0.415455431,0.53057,-0.0321839564,0.426299274,0.533316672,-0.0318520665,0.361805379,0.532267,-0.0265792161,0.393853068,0.536536872,-0.0329746865,0.412008524,0.538990319,-0.03067155,0.422691196,0.539840877,-0.0287793521,0.361674756,0.541472793,-0.0285241567,0.389329821,0.544385195,-0.0324146152,0.403758794,0.545292735,-0.0305472165,0.412470371,0.54485935,-0.0289562587
7183.333333333375,0.572191775,0.536479235,1.67479229e-007,0.561529279,0.537369609,-0.0168894827,0.557166398,0.540169418,-0.0282443706,0.558809161,0.545975506,-0.0369515345,0.564050078,0.552605689,-0.04485045,0.587902069,0.543597043,-0.0267776083,0.591815889,0.553745151,-0.0383226499,0.58544606,0.560823262,-0.0452233776,0.577721655,0.566129148,-0.0491044857,0.596969843,0.547694266,-0.0223688707,0.60115087,0.558931053,-0.0323163494,0.592627,0.566928744,-0.0373363234,0.583384752,0.571843565,-0.040670611,0.600352347,0.551641166,-0.0187549368,0.605341077,0.562238574,-0.0273461211,0.597222269,0.569819927,-0.0312892087,0.588059247,0.574416637,-0.0335606709,0.600628674,0.555209219,-0.0162943862,0.605095148,0.563551068,-0.0233740825,0.59973073,0.569595158,-0.026536759,0.59241575,0.573560476,-0.0281595793
7183.333333333375,0.343223,0.532706082,9.66832445e-008,0.361772507,0.525019586,-0.00552639132,0.386985332,0.521432817,-0.0121856453,0.407372594,0.521929204,-0.0172703322,0.423666298,0.52205503,-0.0217637066,0.370193571,0.518726587,-0.0266197603,0.398200721,0.522571743,-0.0369191766,0.413410842,0.526882,-0.0397340804,0.422845453,0.530756414,-0.0399398878,0.361486286,0.527030289,-0.0281259,0.394843429,0.531924129,-0.0378553085,0.411935627,0.536170602,-0.0376613177,0.422385693,0.539204836,-0.0368291885,0.356712401,0.536284447,-0.0290637203,0.390260756,0.542099714,-0.0369668119,0.407026559,0.545060217,-0.0350036696,0.416927397,0.545866787,-0.0324954651,0.355023324,0.545469582,-0.0299905241,0.384608179,0.5495224,-0.0344522372,0.398753643,0.550707459,-0.0325456411,0.407268524,0.55010438,-0.0305368379
7200.000000000042,0.570983648,0.53376919,1.62183085e-007,0.560234606,0.533620894,-0.0181424562,0.555977404,0.534942627,-0.0305424873,0.557907283,0.539601684,-0.0400999784,0.563340187,0.546005785,-0.0489261225,0.585550129,0.537475884,-0.0294953268,0.589607,0.546202302,-0.0419534147,0.584704757,0.553514242,-0.0494052395,0.578177869,0.559750319,-0.0539235212,0.59565109,0.542543948,-0.0251214597,0.599568844,0.552422285,-0.0361218937,0.591719449,0.560552955,-0.0417330973,0.583197892,0.566108525,-0.045626767,0.599471569,0.547368228,-0.0215521809,0.604253173,0.556771338,-0.0315680802,0.596797824,0.564624965,-0.0362178758,0.588171124,0.569740772,-0.0388994627,0.599917531,0.551768124,-0.0191380028,0.604750872,0.559489787,-0.0274537709,0.600121,0.565574646,-0.0311539229,0.593537331,0.569923401,-0.0331454575
7200.000000000042,0.340185404,0.538559794,1.75970882e-007,0.356411248,0.530974567,-0.0056055435,0.38097927,0.526836634,-0.0120796589,0.403095812,0.527183414,-0.017058,0.419178039,0.526686311,-0.0217343085,0.366066277,0.524899304,-0.024497211,0.391722918,0.528452754,-0.0335869454,0.407382041,0.532187164,-0.0366306342,0.41782096,0.535463691,-0.0376725458,0.357800275,0.533291578,-0.0259793252,0.388803035,0.538583696,-0.0338938758,0.406041771,0.542382658,-0.0333063081,0.41660592,0.544852495,-0.0330245048,0.352955103,0.542322159,-0.027126044,0.383497387,0.54796946,-0.0334585942,0.401412934,0.550453305,-0.0312076844,0.412321597,0.551153243,-0.0294594448,0.351402223,0.551271439,-0.0284868423,0.377654105,0.555173,-0.0324518,0.392099231,0.555997431,-0.0307323299,0.401001364,0.55524224,-0.0293496158
7216.666666666709,0.571091533,0.530952573,1.50795515e-007,0.559671223,0.529734671,-0.0185616873,0.554210782,0.530284345,-0.0316734128,0.554771,0.534150481,-0.0422333293,0.559390604,0.539976895,-0.0521891713,0.585632443,0.532845676,-0.0289375223,0.587948143,0.540245414,-0.0415861905,0.58382833,0.547678173,-0.0492897592,0.578117311,0.554139,-0.054084383,0.595301211,0.5383057,-0.025087297,0.598476887,0.547781289,-0.0372242779,0.590045393,0.555716217,-0.0435548499,0.58058995,0.560845613,-0.0474812686,0.599204838,0.543456137,-0.0221342947,0.603329837,0.552445233,-0.0328441411,0.595441043,0.559967875,-0.0374926925,0.586466253,0.564803779,-0.0398586839,0.599676192,0.548207164,-0.0204458628,0.60395211,0.555484414,-0.0288807806,0.598819435,0.561115742,-0.0322722532,0.592022896,0.565134645,-0.0339606
7216.666666666709,0.337335944,0.542344868,7.04815903e-008,0.354285657,0.534216762,-0.00655584037,0.378560692,0.530683458,-0.0133912191,0.397580236,0.531094849,-0.0182852875,0.414339215,0.531797945,-0.0226400886,0.360767186,0.529830694,-0.0276473388,0.387908876,0.533659,-0.0381930247,0.402579099,0.538247168,-0.0413051099,0.412405968,0.542441607,-0.0419462435,0.352619886,0.538891196,-0.0285720862,0.385144293,0.544272542,-0.0381296687,0.40189302,0.547989726,-0.0384583622,0.413310587,0.550700426,-0.0382642858,0.348046511,0.548166394,-0.0290238205,0.379971474,0.553728223,-0.0369115919,0.397283256,0.556243718,-0.0359150171,0.409406722,0.556875169,-0.0342404135,0.346263885,0.556844592,-0.0294990093,0.3742024,0.560817063,-0.0342527181,0.38849172,0.56184119,-0.0331704468,0.39865154,0.561151743,-0.0319559872
7233.333333333376,0.580581725,0.528951,1.42456642e-007,0.569587708,0.527446747,-0.0143491542,0.56232053,0.527572274,-0.0254062824,0.559783816,0.530886412,-0.0345595516,0.560161531,0.534474432,-0.0433506481,0.586206198,0.529222727,-0.0252314229,0.587585628,0.535758,-0.0370632,0.583105624,0.542555571,-0.0446518622,0.576866388,0.548491597,-0.0492168143,0.595703721,0.534262,-0.0228148513,0.598685443,0.542074919,-0.0336751454,0.590842724,0.549589634,-0.0393025242,0.582150578,0.554698408,-0.0427944325,0.600513041,0.539277852,-0.020979343,0.603684902,0.547198653,-0.0303961169,0.596401691,0.554014385,-0.0349240191,0.588482857,0.558448851,-0.0372454636,0.601887345,0.544246793,-0.0200734977,0.603998303,0.551155746,-0.0270323567,0.598785102,0.556727707,-0.0299963299,0.592791438,0.560875595,-0.031461671
7233.333333333376,0.331795305,0.547494769,1.72140147e-007,0.348345339,0.539584935,-0.00412815623,0.372999221,0.536098838,-0.0098491516,0.393808603,0.536806822,-0.0141282398,0.409077018,0.536155581,-0.0180973429,0.357575804,0.534947276,-0.0233232733,0.383395284,0.540268958,-0.0312247537,0.399153471,0.5445472,-0.0332501605,0.409012526,0.54809916,-0.0333367772,0.348677218,0.543233335,-0.0245995764,0.379508495,0.549981952,-0.0305458792,0.396699607,0.55424571,-0.0288874321,0.40665406,0.556814,-0.0279584583,0.343413413,0.552166879,-0.0252093934,0.373980284,0.559251547,-0.0295014866,0.391637146,0.562198162,-0.0262117777,0.401746958,0.562932611,-0.0240014922,0.341360271,0.560904264,-0.0258753784,0.367307246,0.565466166,-0.0283236951,0.381438762,0.56695503,-0.0256286934,0.389882654,0.566503286,-0.0235712845
7250.000000000043,0.572501779,0.52428484,1.41100628e-007,0.559651315,0.523438871,-0.0164653063,0.553270936,0.523608088,-0.0284358542,0.553369641,0.526055396,-0.0381248035,0.555568278,0.528318226,-0.0474418774,0.582411468,0.523848414,-0.0276335776,0.585017443,0.529627681,-0.0405840874,0.580616117,0.536830306,-0.0489982031,0.574337602,0.543211222,-0.0541876368,0.593198955,0.529212952,-0.0247296486,0.597370088,0.536660314,-0.0369351096,0.58875078,0.544471562,-0.0433342606,0.579619527,0.549761653,-0.0471887104,0.598250151,0.534461856,-0.0225328784,0.603609145,0.541808665,-0.0332955346,0.595771551,0.549095154,-0.0381430164,0.587320387,0.553783834,-0.0404432155,0.599423051,0.539480865,-0.0214079954,0.603971541,0.545666277,-0.0296406802,0.59854728,0.551057518,-0.0328995287,0.591768801,0.554924667,-0.0343818404
7250.000000000043,0.330108464,0.552699506,1.79861885e-007,0.347143114,0.544362,-0.00443487288,0.371104419,0.540403426,-0.00968276244,0.391037583,0.541366637,-0.0136389863,0.406031698,0.542077124,-0.0172757749,0.353005886,0.540102601,-0.0210532304,0.377040356,0.545985341,-0.028650593,0.393413216,0.55015,-0.030977441,0.404405653,0.553789616,-0.031472031,0.343960017,0.549058557,-0.0224843696,0.373265058,0.555595636,-0.0288162064,0.391297907,0.559385419,-0.0279811826,0.402680963,0.561604559,-0.0275490414,0.338880897,0.558273673,-0.0234904177,0.367681891,0.564589083,-0.0284182914,0.38624537,0.567282856,-0.0262293462,0.39771992,0.567727566,-0.0244929641,0.337659836,0.567029,-0.0246393364,0.362828583,0.571299434,-0.0274599027,0.377837628,0.572361827,-0.0254338663,0.387120575,0.571503937,-0.0238111038
7266.66666666671,0.580269635,0.530962706,9.10317439e-008,0.571889043,0.526863158,-0.0115213217,0.565539,0.524429262,-0.0218260773,0.559414804,0.525795519,-0.0310277101,0.553039193,0.525713682,-0.0408586673,0.589277446,0.524229705,-0.0202926062,0.586607456,0.531788766,-0.0311222225,0.581093848,0.537808418,-0.0391489491,0.57503593,0.542829692,-0.0438824,0.596800208,0.52831018,-0.01934525,0.595255077,0.535604537,-0.0283165555,0.588804603,0.541298747,-0.0332492776,0.58168608,0.545455813,-0.0364534967,0.599523962,0.531967521,-0.0190442521,0.598184586,0.538369775,-0.027851548,0.588955402,0.542036057,-0.0303494576,0.580550373,0.544211805,-0.0308510493,0.599144697,0.535652876,-0.0194859896,0.599713504,0.540030718,-0.0249917861,0.593236923,0.54296273,-0.0251840651,0.586365402,0.544944,-0.0246887114
7266.66666666671,0.324801981,0.557340503,1.73873545e-007,0.342131257,0.548659921,-0.00379194296,0.366068155,0.545026481,-0.00873033,0.386486,0.546544611,-0.0125453491,0.401357651,0.547577679,-0.0160410311,0.347951591,0.545195341,-0.019775331,0.372836053,0.551792,-0.0268873405,0.388715714,0.556295395,-0.0289254803,0.398826659,0.560108304,-0.0293235052,0.338835865,0.554229379,-0.0214848854,0.368522435,0.561208785,-0.0271419976,0.38650611,0.565167069,-0.0260817688,0.397651762,0.567402661,-0.0257529132,0.333500504,0.563362062,-0.0227718502,0.362918824,0.570093274,-0.0271276142,0.381261379,0.572948337,-0.0247466192,0.392413139,0.573372304,-0.0231690556,0.332032681,0.571963251,-0.0241917707,0.357090026,0.576619804,-0.0265502632,0.372071415,0.577795923,-0.0243486036,0.381437629,0.576957285,-0.022819601
7283.333333333377,0.568559647,0.531379819,-1.58116524e-008,0.561800599,0.527595878,-0.00787939876,0.558881402,0.524340451,-0.0152463196,0.557771862,0.524384558,-0.0219960175,0.555033922,0.524118662,-0.0288409963,0.585403442,0.519281387,-0.0109219234,0.585529447,0.525043,-0.0194387,0.577837646,0.529984415,-0.0261684395,0.570572078,0.533743143,-0.0298579056,0.593056,0.523342,-0.0107722161,0.593383133,0.529454112,-0.0177244786,0.585527,0.534917355,-0.0222021472,0.578018785,0.53915292,-0.0246262401,0.595849454,0.527906537,-0.011258035,0.596495211,0.534116,-0.0183635242,0.588689744,0.539105654,-0.0201880373,0.581284344,0.542347193,-0.0200493801,0.595621288,0.532581806,-0.0122239543,0.598046541,0.537312865,-0.0163350925,0.592736125,0.541029096,-0.0156954844,0.587136149,0.543505549,-0.0142960194
7283.333333333377,0.318618715,0.559722126,3.59221524e-008,0.33708182,0.552008,-0.00526885781,0.362218112,0.549550593,-0.0110990629,0.381198525,0.551061928,-0.015147049,0.396749258,0.552367449,-0.0185820963,0.345060974,0.550658941,-0.0251877904,0.372662932,0.558157086,-0.0331934281,0.386446387,0.562681258,-0.0341738239,0.39487946,0.565798104,-0.0333935134,0.335306793,0.559720576,-0.0258730482,0.367477,0.567752361,-0.0332057215,0.38340041,0.571684897,-0.032345973,0.392978072,0.573628545,-0.0314218849,0.329605162,0.568542123,-0.0258340668,0.361090928,0.576128483,-0.0317325369,0.377007186,0.578766644,-0.0301626176,0.387328118,0.578983843,-0.0283833481,0.327430308,0.576460719,-0.025689926,0.354822338,0.58187592,-0.0293768905,0.36880514,0.583184659,-0.0282218475,0.378952146,0.582584202,-0.0270449389
7300.000000000044,0.560654163,0.52985543,-6.38669064e-008,0.555327356,0.52643019,-0.00610625604,0.553448379,0.522701561,-0.0119454311,0.553615928,0.521376967,-0.0176946037,0.552678049,0.520201564,-0.0235597752,0.580112338,0.517271101,-0.00736132497,0.582562745,0.52025646,-0.0144874519,0.575288236,0.525274754,-0.0202519782,0.568359256,0.529277921,-0.0234799646,0.58921665,0.520454466,-0.00801652,0.590405226,0.525564253,-0.0140148327,0.581765592,0.531644225,-0.0180639047,0.573677897,0.536300302,-0.0200141687,0.593132257,0.524662077,-0.00928756222,0.594423115,0.530268967,-0.0163089726,0.586513877,0.53623414,-0.017775422,0.578539193,0.540400147,-0.0171795264,0.59310317,0.529253423,-0.0109711681,0.594655752,0.533885717,-0.0163338054,0.589470923,0.538353741,-0.0160993729,0.583864808,0.541408598,-0.014485863
7300.000000000044,0.313029,0.565499127,1.63566227e-007,0.331531972,0.557339966,-0.00540610868,0.357108325,0.55510515,-0.0108609023,0.376557499,0.557511151,-0.0143655157,0.391285717,0.558323503,-0.0172016062,0.341692358,0.5555408,-0.0245557912,0.367969453,0.563689828,-0.0318609662,0.382170469,0.568783581,-0.03283979,0.390460521,0.57247,-0.0320290104,0.331587523,0.564069629,-0.0247695502,0.36236161,0.57276535,-0.0306333266,0.377748847,0.577222288,-0.0286397,0.386336237,0.579983473,-0.0269663818,0.324665695,0.572532177,-0.0241860449,0.354220539,0.580896378,-0.0282794647,0.369969308,0.584194,-0.0249362402,0.379528821,0.585216224,-0.0223463234,0.32106331,0.580179572,-0.0236529913,0.346445948,0.586013,-0.0260149408,0.360320598,0.588100553,-0.0232758727,0.369475394,0.588239253,-0.0209090635
7316.666666666711,0.567580879,0.529172182,-3.4290661e-008,0.558301508,0.524915457,-0.00765883783,0.552426755,0.520001292,-0.0143209994,0.550541461,0.518221915,-0.0204452612,0.547848344,0.515968919,-0.0266202707,0.575965047,0.511922181,-0.0101195443,0.574359179,0.516270399,-0.0183796156,0.569603443,0.521414161,-0.0249763988,0.564572752,0.525491774,-0.0285795089,0.587242305,0.516882122,-0.0101190051,0.586037219,0.522662222,-0.0170402266,0.578623056,0.529012859,-0.0213757157,0.571520507,0.533796847,-0.0233912598,0.594003439,0.522829175,-0.0106958682,0.593805373,0.528913498,-0.0186287016,0.586335361,0.534905553,-0.0201684777,0.579361916,0.539026678,-0.0193321705,0.59732157,0.529245079,-0.0117377052,0.598402083,0.534035683,-0.0179119501,0.592737377,0.538621366,-0.0176697355,0.587422729,0.54191339,-0.0158223175
7316.666666666711,0.308455765,0.571997702,1.60543195e-007,0.326114833,0.563132048,-0.00517067267,0.350961119,0.559872,-0.010709092,0.371286154,0.562211037,-0.0145168426,0.386122942,0.564269185,-0.0178201497,0.334138274,0.562204778,-0.0235881843,0.359887123,0.570121765,-0.0305291489,0.375079215,0.575025201,-0.031555336,0.38477996,0.578933537,-0.0310623795,0.324644178,0.570580959,-0.0240258221,0.354566067,0.578707159,-0.0291452538,0.371176094,0.58287257,-0.0272862315,0.380933493,0.58529222,-0.0261922069,0.318788826,0.579006076,-0.0237277951,0.346935064,0.586714566,-0.0273573156,0.364245832,0.589771509,-0.0246795733,0.375080884,0.590622902,-0.0228716228,0.316532582,0.586842835,-0.0235366058,0.340814441,0.592286468,-0.0259842426,0.355903476,0.594089508,-0.0240092147,0.366147578,0.594001055,-0.022408165
7333.333333333378,0.559609473,0.526163638,-1.12291161e-007,0.564831674,0.5303092,-0.0057445555,0.573714256,0.532726943,-0.0108420309,0.578636289,0.535122454,-0.0161149967,0.581063151,0.536615074,-0.0206606761,0.589262486,0.521199465,-0.00409655273,0.594095647,0.526691616,-0.0130152274,0.586671,0.533699691,-0.0193774737,0.578822255,0.538788617,-0.0223975722,0.585576177,0.516884863,-0.00497606257,0.588296533,0.524219036,-0.0109903784,0.579920292,0.530885816,-0.0131439352,0.572614372,0.53373462,-0.0139566287,0.578933835,0.51435,-0.00713663,0.582020283,0.52134037,-0.0139587326,0.574327528,0.527973831,-0.0126223136,0.567539,0.530602872,-0.0102488073,0.569607258,0.513077796,-0.0099086985,0.572838068,0.518856,-0.0146153215,0.567567229,0.524543,-0.0124634961,0.56276691,0.527318776,-0.00952112395
7333.333333333378,0.308143467,0.576079428,1.80218791e-007,0.325422913,0.568157315,-0.00536903692,0.348380178,0.565786958,-0.0114988051,0.366911858,0.568401217,-0.015791215,0.381126732,0.570597172,-0.0197079796,0.329806954,0.567436934,-0.0260189623,0.356198847,0.576668561,-0.0330009311,0.371282578,0.5819031,-0.0338489041,0.380518,0.585564911,-0.0331740268,0.318843842,0.575365067,-0.0263817739,0.348968595,0.58502382,-0.0314530395,0.365710229,0.58982873,-0.0291296337,0.375130236,0.592183352,-0.0279172473,0.312420607,0.583465934,-0.0258494,0.34066397,0.592969477,-0.0292664617,0.358164549,0.596532166,-0.0260476135,0.368702292,0.597295,-0.0241201743,0.310150385,0.590956807,-0.0254261103,0.333573788,0.597530544,-0.0275835618,0.348334908,0.599891543,-0.025191091,0.357907206,0.599922955,-0.0234796852
7350.000000000045,0.575205207,0.519818,-8.48207904e-008,0.578892589,0.525173783,-0.00397640467,0.583133221,0.530050576,-0.00883134827,0.582819104,0.53341794,-0.0138631575,0.580091476,0.535338938,-0.0192009751,0.589960396,0.522436917,-0.00762737,0.589535177,0.52827996,-0.0142820422,0.583134353,0.533010304,-0.0196563117,0.577349484,0.536334515,-0.0224856287,0.584579229,0.519243121,-0.00802304409,0.581854343,0.52529794,-0.0119180661,0.574159324,0.530122399,-0.0138744125,0.568078935,0.532866895,-0.0153827174,0.577696919,0.51665318,-0.00870536361,0.574115455,0.521928132,-0.0129689267,0.568788648,0.526755929,-0.0123243034,0.563744545,0.529727697,-0.0112101436,0.570021868,0.514464796,-0.00961467531,0.567202687,0.518151522,-0.0120975068,0.564403415,0.521974623,-0.00981177,0.561330736,0.524716139,-0.00747824553
7350.000000000045,0.304589778,0.579965472,1.76010928e-007,0.322034806,0.572512448,-0.00636711391,0.345702857,0.571165264,-0.0120672854,0.363851726,0.57476306,-0.0156873371,0.377335459,0.577583,-0.0189800095,0.32731992,0.573155701,-0.0246695653,0.350704074,0.582787931,-0.0310050547,0.365012735,0.58787,-0.0319089517,0.374643326,0.591443121,-0.0315421484,0.316067398,0.581281066,-0.0245271083,0.343091816,0.591405451,-0.0293830261,0.359242171,0.595897257,-0.0278199445,0.369425833,0.598032594,-0.0272121951,0.308821559,0.589136302,-0.023682734,0.334994465,0.599250913,-0.0274097901,0.351867408,0.60294342,-0.0252802689,0.36270377,0.603615522,-0.0239829626,0.30576846,0.595917761,-0.0229918342,0.328359842,0.60318619,-0.0255114976,0.342184216,0.605920255,-0.0237027183,0.351249337,0.606054068,-0.02239592
7366.6666666667115,0.576580644,0.513499916,-9.08250257e-008,0.580363631,0.519402146,-0.00256011798,0.581160545,0.526261926,-0.00821239501,0.577186704,0.531041,-0.0143162673,0.57461977,0.534208655,-0.0211550444,0.589617908,0.523131907,-0.0105005326,0.587605715,0.530525208,-0.0167688895,0.580736279,0.534532726,-0.0221722163,0.574880958,0.536868453,-0.0253755134,0.583914518,0.520686686,-0.0118914889,0.578807056,0.527878523,-0.0144945262,0.571526229,0.531679571,-0.0159615222,0.566044569,0.533433855,-0.0181956124,0.576195061,0.51815629,-0.0130268056,0.570385814,0.523190141,-0.0153711522,0.565898597,0.526482344,-0.0143536292,0.561519921,0.528409243,-0.0142411925,0.566852,0.515384376,-0.0143196322,0.562386811,0.519265056,-0.0153003819,0.559772193,0.52230227,-0.0123056201,0.556609154,0.524661481,-0.0104027204
7366.6666666667115,0.297863781,0.583437502,1.57076329e-007,0.317383081,0.5762887,-0.00754883373,0.34161526,0.576450646,-0.013320121,0.359289706,0.581095934,-0.0166291669,0.37295559,0.583773732,-0.0195024237,0.323204696,0.578379154,-0.0263430085,0.34561637,0.588393807,-0.033763703,0.359037697,0.593835115,-0.0351227075,0.368094414,0.597753465,-0.0348295793,0.311249167,0.586413622,-0.0255939178,0.338181078,0.596781492,-0.0318875164,0.354459,0.60130769,-0.0312258638,0.36500293,0.603765488,-0.0308317691,0.30322811,0.593753755,-0.0241934918,0.329184324,0.604043543,-0.0291535202,0.345862329,0.607803404,-0.0283331033,0.357174069,0.608924806,-0.027565768,0.299440831,0.599823177,-0.0229170714,0.321372122,0.607621372,-0.0265372284,0.335260749,0.610564232,-0.0259799734,0.345479459,0.611112058,-0.0253893789
7383.3333333333785,0.570665717,0.524014711,-8.68811512e-008,0.561797917,0.521765351,-0.00550752645,0.556636155,0.520884156,-0.0115047498,0.555400074,0.521944,-0.0173826851,0.556381643,0.523652494,-0.0233745575,0.568964243,0.513187349,-0.0113616474,0.564526856,0.515726447,-0.0199946351,0.560106635,0.521254361,-0.0262073986,0.556083143,0.524831653,-0.0294996537,0.578496516,0.518034875,-0.013141836,0.575142324,0.523134291,-0.0201280694,0.566883445,0.528710961,-0.0228892528,0.559925735,0.531159103,-0.0242849868,0.585171,0.523924112,-0.0153179141,0.583864,0.528702736,-0.0231487062,0.575477958,0.533624887,-0.0226226375,0.568069935,0.536036313,-0.0209780969,0.588686526,0.529709518,-0.0177286156,0.587860644,0.534463406,-0.0234240517,0.581627429,0.538404047,-0.0212014411,0.576280296,0.540605187,-0.0183704216
7383.3333333333785,0.296866715,0.589025259,1.36621537e-007,0.316435367,0.581271648,-0.00907155685,0.339197069,0.580973208,-0.0156729948,0.355360925,0.585553765,-0.0194415394,0.368520796,0.589022875,-0.0226923395,0.316520333,0.583123565,-0.0290476177,0.337632477,0.593027,-0.0372429378,0.351921827,0.598503768,-0.039032381,0.361688882,0.602080703,-0.0389866792,0.303691298,0.591141045,-0.0278325677,0.330156595,0.602274597,-0.0350461863,0.348253399,0.606509566,-0.0349594243,0.360110909,0.608026266,-0.035083998,0.296618849,0.598350406,-0.0260071754,0.322349787,0.609521866,-0.0319146067,0.341073543,0.6130054,-0.0319389924,0.354207277,0.613454461,-0.031649068,0.294559926,0.604343116,-0.0243405923,0.316581607,0.61300379,-0.0286934339,0.331586093,0.615885496,-0.0288747493,0.34314388,0.6161502,-0.028893603
7400.0000000000455,0.571241796,0.523212373,-8.79613751e-008,0.561484694,0.522246361,-0.00356132514,0.555710435,0.522564173,-0.00856189057,0.553694546,0.524248302,-0.013905799,0.555151105,0.526351035,-0.0195450298,0.566187,0.514782727,-0.00868716,0.561739147,0.51716131,-0.0157607477,0.5585953,0.522149086,-0.0213686209,0.555730581,0.525408208,-0.0244348645,0.575294,0.518595457,-0.0109870043,0.571556032,0.523977757,-0.015602842,0.564785063,0.528865218,-0.0179950017,0.558889747,0.531266391,-0.0197373889,0.582076669,0.523642302,-0.0135180159,0.580522358,0.528816521,-0.0194766577,0.57385844,0.533422709,-0.0195521321,0.567602336,0.53631556,-0.0188615452,0.585899293,0.528769195,-0.0161764771,0.584776223,0.534606516,-0.0208525266,0.579681,0.538717926,-0.0191133842,0.574711263,0.541459739,-0.0169798788
7400.0000000000455,0.290286779,0.591496229,1.23959822e-007,0.311444163,0.584392369,-0.00906427111,0.334546685,0.584780633,-0.0158077888,0.3509866,0.589808226,-0.0196862053,0.364118904,0.593627572,-0.0230146684,0.312408477,0.587335587,-0.0294832829,0.333397448,0.597698867,-0.0376592875,0.347283155,0.603442848,-0.0393417664,0.357004136,0.606874883,-0.0391203,0.299481601,0.595546901,-0.0279571898,0.326139718,0.60682255,-0.034861248,0.343662024,0.611518,-0.0342483856,0.354637086,0.61297363,-0.033930473,0.29237783,0.602680326,-0.0257959515,0.317906767,0.613689661,-0.0314355083,0.335911691,0.617210031,-0.0308750346,0.34797892,0.617203951,-0.0300399214,0.290257066,0.608301342,-0.0237942841,0.312201589,0.617059827,-0.0278596729,0.326861501,0.619794548,-0.0276211761,0.337428629,0.619338155,-0.0271687433
7416.666666666712,0.565733552,0.512881398,-1.23469704e-007,0.571371436,0.51893574,-0.00405896502,0.573682666,0.526583195,-0.0113068614,0.570626259,0.532327533,-0.0185286514,0.56705153,0.536046386,-0.0265895743,0.584373474,0.524572,-0.0174613651,0.582364202,0.532773077,-0.0257387273,0.57554239,0.537692904,-0.0318367071,0.569714129,0.54027921,-0.0354254,0.577669144,0.521441877,-0.018674273,0.573017955,0.529530227,-0.0237126,0.565082252,0.534702837,-0.0256641246,0.559441566,0.537600338,-0.0282023773,0.568018258,0.518473625,-0.0193959735,0.562655628,0.524774075,-0.0236349497,0.556886792,0.529040575,-0.0237661097,0.552140176,0.531881392,-0.0243774429,0.556780577,0.51560986,-0.020250123,0.552323759,0.520611,-0.0224796515,0.549199,0.523984134,-0.0206808224,0.546364069,0.526865125,-0.0197662599
7416.666666666712,0.284104556,0.593949139,7.30352241e-008,0.305616587,0.587039053,-0.00899700075,0.329697549,0.58807826,-0.014547511,0.346428961,0.593628168,-0.0172988866,0.359925419,0.597179949,-0.0194870681,0.307407647,0.592392683,-0.0259621348,0.328645796,0.602652788,-0.0329885446,0.342221439,0.607763171,-0.0339319631,0.351723313,0.610767782,-0.0333302617,0.295406044,0.600665569,-0.0239723977,0.321935147,0.611640096,-0.0306189321,0.339481175,0.615061641,-0.0302187987,0.350656927,0.615527093,-0.0295892563,0.289293021,0.607537329,-0.021535296,0.314896286,0.617742658,-0.0270356,0.332472086,0.620133877,-0.026701238,0.344156176,0.619813859,-0.0256460253,0.287631899,0.612947643,-0.0193064231,0.308777094,0.621173263,-0.0235112049,0.322916985,0.623131,-0.023604719,0.33339411,0.622621834,-0.0230880473
7433.333333333379,0.565799654,0.515387714,-1.11873767e-007,0.574155092,0.521522701,-0.00538254809,0.578469932,0.528057754,-0.0122104948,0.577468812,0.533176184,-0.018537486,0.573579073,0.536968529,-0.0259177424,0.581715643,0.525428891,-0.0173328966,0.577430427,0.532000959,-0.0255952049,0.570184886,0.536929131,-0.031853769,0.563687146,0.54030776,-0.0352373868,0.574171424,0.522123158,-0.0172834285,0.56587106,0.528421462,-0.0214974117,0.557074,0.532946408,-0.0234959405,0.550998509,0.535780549,-0.0260323584,0.564615428,0.519227684,-0.016890021,0.556625903,0.524543226,-0.0203514434,0.55058229,0.528672397,-0.0205,0.546054959,0.531591773,-0.0211810637,0.555105805,0.516692,-0.0167299695,0.549321115,0.521637559,-0.0181258619,0.546088278,0.525153697,-0.0160416141,0.543513179,0.528154254,-0.0149596576
7433.333333333379,0.278842777,0.59673053,3.11017736e-008,0.300797701,0.589699507,-0.00947426911,0.323581159,0.590804398,-0.015676884,0.339914411,0.596613646,-0.0190128498,0.353385299,0.600832522,-0.0217189789,0.300715864,0.595719814,-0.027329579,0.323150903,0.606288,-0.0351581,0.336875856,0.610918522,-0.0363442115,0.346342027,0.613544405,-0.0357757248,0.290521592,0.60398221,-0.0251382943,0.318362564,0.615775049,-0.0326632038,0.335717082,0.618493676,-0.0317834914,0.3461487,0.618323386,-0.0304126572,0.286047131,0.610843718,-0.0225540362,0.31243977,0.621952951,-0.0283726174,0.328796268,0.623587906,-0.0267102905,0.339307874,0.622480035,-0.0245095063,0.28522259,0.61581558,-0.020334227,0.305221707,0.624652505,-0.0244036783,0.31818518,0.626368046,-0.0237741042,0.328172833,0.62532568,-0.022631
7450.000000000046,0.56319344,0.516039252,-1.30690054e-007,0.567834735,0.52268827,-0.00445682276,0.570556879,0.530804813,-0.012320959,0.569548249,0.537613034,-0.0202430189,0.568109751,0.542541444,-0.0292279199,0.580393255,0.52792412,-0.017776899,0.577562809,0.53676641,-0.0264673848,0.570245266,0.541982174,-0.0331730209,0.5630247,0.545049727,-0.0369737223,0.575229049,0.525368,-0.0193332359,0.568702102,0.533199668,-0.0244232379,0.559212804,0.538347125,-0.0270274132,0.551161766,0.541442513,-0.0300692338,0.56663543,0.522451222,-0.020382829,0.560516834,0.528658211,-0.0254903696,0.553092,0.53354007,-0.0261950567,0.54610014,0.536965668,-0.0268899575,0.555825233,0.519420266,-0.0214961488,0.551282406,0.523600578,-0.0243816804,0.547159851,0.527747929,-0.0221755486,0.54272604,0.531472445,-0.0208093561
7450.000000000046,0.27775383,0.598708391,3.13866231e-008,0.299119443,0.591934204,-0.0104962988,0.321316242,0.593425095,-0.0170077644,0.336159408,0.599499702,-0.0204708092,0.348482907,0.604161859,-0.0232061613,0.297495484,0.598944962,-0.0283530951,0.317673683,0.610028505,-0.0366641358,0.33180055,0.614539862,-0.0384128317,0.341311425,0.616791248,-0.0381831229,0.286423206,0.606660545,-0.0257381741,0.311402053,0.619220674,-0.0339073166,0.329530597,0.622030616,-0.0334101021,0.340531737,0.621794939,-0.0322409086,0.28163591,0.613027692,-0.0228485223,0.305475235,0.624779761,-0.0294218305,0.323062629,0.626627326,-0.0284355227,0.334255755,0.625647068,-0.0265117716,0.280908495,0.617697597,-0.0203536265,0.300123483,0.627170622,-0.0251922514,0.314000785,0.628928602,-0.0251170415,0.324308544,0.627840757,-0.0242462
7466.666666666713,0.558051646,0.517980099,-1.33105331e-007,0.562446,0.522759795,-0.00440967549,0.565130889,0.529467762,-0.0119582396,0.563649833,0.535204291,-0.0193899684,0.561085165,0.539832771,-0.0279761571,0.574322343,0.526196301,-0.0187402982,0.572426319,0.535462558,-0.0279003866,0.565782905,0.541577876,-0.034811426,0.558659256,0.545145,-0.0387249738,0.569517851,0.524657071,-0.0203005709,0.563273311,0.533368528,-0.0258381665,0.554192305,0.539544165,-0.0281948503,0.547139645,0.543506622,-0.0308424346,0.561591685,0.523553729,-0.0213903356,0.554663181,0.530744612,-0.0266279876,0.547655225,0.536171436,-0.0270127561,0.541739643,0.540025532,-0.0274785534,0.552520573,0.522696614,-0.0225492511,0.5472821,0.528734267,-0.0256161205,0.542914927,0.532981336,-0.0236568656,0.538694799,0.536752164,-0.022385912
7466.666666666713,0.275034368,0.600902498,-1.36113911e-008,0.296682417,0.594842613,-0.0127349067,0.317494243,0.596507907,-0.0200268775,0.331562251,0.602817237,-0.0238889772,0.343530834,0.607319295,-0.0269022081,0.291278452,0.603267,-0.0300678201,0.312127978,0.613852918,-0.0384943411,0.326409191,0.617782056,-0.0403539538,0.33600837,0.6201123,-0.0404655,0.281522,0.61074537,-0.0262413472,0.305895805,0.622643054,-0.0343570597,0.324191421,0.625297844,-0.0337895788,0.335161448,0.625279844,-0.0328742936,0.277963072,0.616796136,-0.0224050749,0.300357878,0.627647579,-0.0292696934,0.317967117,0.629655182,-0.0286176298,0.329264879,0.62900871,-0.0272012185,0.278196901,0.621139705,-0.0192117468,0.295270026,0.629906178,-0.0247455742,0.308521211,0.631688356,-0.025486894,0.31860137,0.630886257,-0.0253517237
7483.33333333338,0.5574103,0.520746052,-9.99526364e-008,0.566164613,0.525856555,-0.00614126911,0.570252478,0.531788468,-0.0138801839,0.569440424,0.536798477,-0.020925954,0.565858126,0.540894628,-0.0294006504,0.573133,0.530017853,-0.0204118807,0.570716381,0.537090778,-0.0299411155,0.56462276,0.542265534,-0.0371158421,0.558193564,0.54579252,-0.041190818,0.565113366,0.527865767,-0.0206127912,0.559248,0.533998609,-0.0266945381,0.551793337,0.539552,-0.029949002,0.545930803,0.543084443,-0.0331855156,0.555716,0.526044,-0.0203200076,0.549706638,0.531458259,-0.0257992,0.544669271,0.536783814,-0.0267124362,0.540711582,0.540419638,-0.027584387,0.546947956,0.524629951,-0.0201690011,0.542636931,0.529432,-0.0229351725,0.539954662,0.533679485,-0.0211830605,0.537740052,0.537247,-0.0202712473
7483.33333333338,0.273860455,0.602707207,-5.89526472e-008,0.294568717,0.596806407,-0.0154005308,0.314349592,0.599361122,-0.0244146716,0.32732144,0.606166899,-0.0293837059,0.338689893,0.611251056,-0.0334470905,0.285259,0.60645324,-0.0357099734,0.306625366,0.618238688,-0.0456108376,0.322083652,0.621995568,-0.0479872674,0.331617892,0.623389423,-0.0482240804,0.276061565,0.614036322,-0.0305545907,0.300559402,0.6262604,-0.0401807912,0.320145428,0.629022121,-0.0402224474,0.332186759,0.628524899,-0.03966235,0.272989273,0.620247304,-0.0252994467,0.296024323,0.631111,-0.0334322192,0.314956158,0.63310504,-0.0332632847,0.327235967,0.632053137,-0.032172434,0.27388525,0.624717593,-0.0207615793,0.293188393,0.633315861,-0.0275759846,0.307798266,0.634686053,-0.0288948,0.31832,0.633553147,-0.0290130544
7500.000000000047,0.272048682,0.601727307,-7.79221381e-008,0.293133497,0.597778738,-0.01624115,0.311705291,0.601644576,-0.0256651882,0.323454976,0.608768702,-0.0310294051,0.334248751,0.6139974,-0.0352534093,0.282457381,0.609156728,-0.0345189,0.302421063,0.621852279,-0.0444645509,0.318853438,0.625891805,-0.0475074276,0.328942567,0.627591193,-0.0483067967,0.273896664,0.615586042,-0.0289485846,0.294455051,0.629541457,-0.0390361212,0.314025789,0.632732451,-0.0395607576,0.326650262,0.632034063,-0.0389251187,0.271519542,0.620387077,-0.0233917236,0.290374666,0.633003116,-0.0322509967,0.308942914,0.635327339,-0.0326563641,0.321622431,0.634536505,-0.0316026025,0.273168325,0.623734891,-0.0185478125,0.288245499,0.634083331,-0.0257559549,0.302217662,0.63627249,-0.027075287,0.312603176,0.635698318,-0.0269676205
7516.666666666714,0.267763287,0.602842391,-8.29013089e-008,0.289417893,0.599207044,-0.0160779748,0.308463603,0.603422284,-0.0253852531,0.319983482,0.61099273,-0.0307354275,0.330636501,0.61675334,-0.0350129083,0.279817849,0.611651063,-0.0333116874,0.297647268,0.62443316,-0.0431444235,0.312953144,0.628830194,-0.0464802,0.322654158,0.630706608,-0.0476880893,0.270981759,0.618138373,-0.027821403,0.292032033,0.631530941,-0.0374232568,0.310895562,0.635091126,-0.0381540321,0.323264867,0.634870172,-0.0380165353,0.268121094,0.622993648,-0.0224551745,0.287897259,0.635133326,-0.030811118,0.305898517,0.637491047,-0.0313735195,0.318649411,0.636875,-0.0308675822,0.269396633,0.626327217,-0.0178877842,0.285577059,0.635816157,-0.0253629275,0.299687594,0.637928605,-0.0273727197,0.310251743,0.637824178,-0.0278823283
7533.333333333381,0.268277466,0.604141593,-7.14355934e-008,0.289159656,0.600817323,-0.0161892828,0.306847483,0.604960382,-0.0257169548,0.31775108,0.612695277,-0.031267371,0.328162104,0.618823051,-0.0355966836,0.277849317,0.613972902,-0.0327737927,0.295611799,0.627058268,-0.0419808812,0.31119132,0.631247163,-0.0445350893,0.320873529,0.632707238,-0.0451420806,0.268674076,0.62004441,-0.0271608736,0.288676918,0.634051442,-0.0364940763,0.307148337,0.637293,-0.0367916971,0.319053233,0.63700074,-0.0362350419,0.265406489,0.624561429,-0.0216818806,0.283559352,0.637495637,-0.0296051726,0.301097274,0.639805377,-0.0294841602,0.313352972,0.639338315,-0.0284549352,0.266203493,0.627525032,-0.017045008,0.281113744,0.637821496,-0.0241257381,0.29503122,0.640150607,-0.0257479176,0.305422872,0.640285194,-0.0259186029
7550.000000000048,0.567599654,0.542318344,1.35292112e-007,0.569266737,0.545754671,-0.00497524068,0.569704056,0.551642716,-0.00834652,0.567090034,0.556387603,-0.0105362078,0.563055158,0.560374677,-0.0128098065,0.573650658,0.552568078,-0.0103751654,0.570408106,0.558484256,-0.0155494362,0.565136552,0.563489,-0.0193144735,0.559521437,0.567229331,-0.021468373,0.569978833,0.552265167,-0.00905760191,0.565165102,0.558258474,-0.0132195046,0.559586406,0.563124776,-0.0156668816,0.553850174,0.566987216,-0.0174159352,0.565400422,0.55166012,-0.00773587544,0.560838878,0.55737108,-0.0111319348,0.555986047,0.561651528,-0.0120657217,0.550919592,0.564873159,-0.0125520816,0.560987294,0.550690353,-0.00668242062,0.5577057,0.555495262,-0.00922664348,0.554190695,0.558986366,-0.00960243773,0.550409675,0.561603963,-0.0097039314
7550.000000000048,0.267988443,0.604704618,-9.14548721e-008,0.28867203,0.602010846,-0.0155985709,0.306126326,0.606540501,-0.0249683149,0.316517711,0.614551127,-0.030569002,0.32709378,0.620548069,-0.0350851454,0.276356,0.615068138,-0.0318966508,0.293530166,0.628030419,-0.0414055064,0.308639586,0.632636,-0.0445778295,0.318037778,0.634641886,-0.0456008315,0.267189,0.621321917,-0.0264877845,0.287770599,0.635235429,-0.0354817808,0.305561036,0.638938248,-0.0359336957,0.317157328,0.638809562,-0.0356419496,0.26381287,0.625954688,-0.0212216843,0.282404363,0.638929367,-0.0293405056,0.299467117,0.641562283,-0.029780725,0.311696023,0.641128957,-0.0291099101,0.264517814,0.62902534,-0.0166888293,0.279005587,0.639625251,-0.0236405786,0.292191684,0.642154396,-0.0252595395,0.302224427,0.642148733,-0.0254827384
7566.666666666715,0.266346306,0.605282664,-1.10688262e-007,0.287347198,0.603140473,-0.0149239842,0.304626346,0.607890666,-0.0238914564,0.315389216,0.615973234,-0.0295189247,0.326266915,0.621796429,-0.0341716371,0.275076836,0.616780281,-0.0288196988,0.292132258,0.629708529,-0.0386101864,0.307305425,0.634291172,-0.0425829515,0.316785067,0.636119902,-0.0441185981,0.266531825,0.622853458,-0.0239559747,0.286963642,0.636744,-0.0329027846,0.304845601,0.640231669,-0.0341508761,0.316387534,0.639588594,-0.0343830027,0.263591528,0.627356589,-0.0194169693,0.282400191,0.639937341,-0.0277056657,0.299916416,0.6424613,-0.0290304925,0.312407076,0.641818523,-0.028907977,0.264266104,0.630429924,-0.0155883031,0.279495478,0.640613437,-0.022615537,0.293120116,0.643053174,-0.0245543327,0.30350548,0.642974675,-0.0250104
7583.333333333382,0.562272608,0.544497848,1.71792664e-007,0.542862296,0.544363737,-0.0144097991,0.528572619,0.548279583,-0.0246495642,0.523902118,0.555190623,-0.0319946855,0.523035705,0.562355697,-0.0386141352,0.556950033,0.548752487,-0.0316310227,0.55367595,0.560227275,-0.0432353504,0.546814919,0.568169594,-0.0482513197,0.540237188,0.574437141,-0.0505411401,0.57008779,0.55314219,-0.0279801507,0.566835761,0.56512475,-0.0376152657,0.557989419,0.573519528,-0.0399320908,0.549462199,0.579259872,-0.0413699709,0.577059329,0.557634294,-0.0244235583,0.576461,0.568482399,-0.0323448479,0.568824172,0.576474905,-0.0346744359,0.561394751,0.582056463,-0.0358353071,0.579972,0.561577797,-0.0217238888,0.582555294,0.57093823,-0.0284399148,0.577868104,0.577530444,-0.0309683532,0.571303248,0.582368553,-0.0321121
7583.333333333382,0.264276475,0.605981767,-1.00206734e-007,0.285685509,0.603855968,-0.0145971961,0.303540796,0.608739,-0.0234145448,0.314264745,0.617150366,-0.0288834982,0.324573636,0.623685777,-0.0333338231,0.274754316,0.617896914,-0.0288563464,0.291980088,0.63089478,-0.038055677,0.306999028,0.635453582,-0.0413827971,0.316274971,0.637438118,-0.0425153598,0.265437573,0.623758376,-0.0240061022,0.285643607,0.638069093,-0.0327245481,0.303489536,0.641358197,-0.0334404446,0.314896762,0.640677392,-0.0331942476,0.261892825,0.627931654,-0.0193755906,0.280458212,0.64116174,-0.0272237509,0.297861338,0.643632233,-0.0277849659,0.310143739,0.642876267,-0.0271338113,0.262313604,0.630635381,-0.0154321287,0.277316183,0.641416132,-0.0220697168,0.290954202,0.643939376,-0.0235017296,0.301218629,0.643799484,-0.0235585589
7600.000000000049,0.559113801,0.546588,2.06104644e-007,0.540874,0.548184454,-0.0137488237,0.527819633,0.553776562,-0.0231014248,0.525383651,0.561532259,-0.0297034755,0.524901569,0.569185138,-0.0353956558,0.556941271,0.554369032,-0.0274429172,0.554684222,0.566560507,-0.0380544625,0.54842,0.574869156,-0.042731449,0.541817546,0.581091702,-0.044698447,0.570601821,0.558363795,-0.0236888677,0.567695916,0.570538104,-0.0326266736,0.558855653,0.579042315,-0.0351248607,0.550461888,0.58476454,-0.036445722,0.577766359,0.562390924,-0.0201269183,0.577762127,0.573516,-0.0276152939,0.569760799,0.581640244,-0.0301659815,0.56166333,0.587102175,-0.0313365199,0.580609262,0.565910637,-0.0173974782,0.583732784,0.575582325,-0.0237989891,0.579191446,0.582481086,-0.0263348911,0.572517335,0.587539,-0.0273023341
7600.000000000049,0.264875144,0.606403947,-8.93807908e-008,0.286506,0.604340255,-0.0152880987,0.303683341,0.609511793,-0.0240630135,0.313852251,0.618119538,-0.0291972887,0.323576331,0.624769092,-0.0331949219,0.274152815,0.618463099,-0.0295132417,0.291727304,0.631489456,-0.0386116505,0.307216287,0.63628912,-0.0419151783,0.316920549,0.638536036,-0.0430146307,0.265197068,0.624394715,-0.0239377506,0.284974188,0.63857317,-0.0324157663,0.302870452,0.642193913,-0.0326916352,0.31418103,0.641828775,-0.0321216546,0.262235612,0.628532946,-0.0186249986,0.280014217,0.641351461,-0.0262372009,0.297025591,0.644291043,-0.0266617052,0.308809131,0.643818617,-0.025847815,0.263141,0.631191,-0.0140767479,0.277363956,0.641638756,-0.0203584153,0.290912271,0.644665897,-0.0218683314,0.301048875,0.644847393,-0.0219964
7616.666666666716,0.558413565,0.549633205,2.1148e-007,0.539914072,0.552009821,-0.0160696227,0.528525472,0.55851,-0.0262431651,0.527137399,0.567650795,-0.0331109837,0.526848078,0.576268852,-0.0389927626,0.557884634,0.559173226,-0.0301905535,0.556671143,0.57295996,-0.0410821922,0.550308228,0.581472516,-0.0456514284,0.543786228,0.587667942,-0.0475815535,0.571744502,0.563087344,-0.0252683293,0.569358051,0.576868057,-0.0345065929,0.560659766,0.585425317,-0.0370408371,0.552273452,0.590783358,-0.0384458378,0.57866472,0.566817701,-0.0206604432,0.578627884,0.579042,-0.0282875486,0.571112216,0.587531269,-0.0312391445,0.563301384,0.592945516,-0.0327883922,0.581285954,0.569980741,-0.0170509145,0.585263073,0.580454767,-0.0235577207,0.58161813,0.587623835,-0.0266232286,0.575456858,0.592629373,-0.0281160492
7616.666666666716,0.264146656,0.60696429,-8.89558294e-008,0.286049664,0.605099797,-0.0144786276,0.30332461,0.610319674,-0.0224631969,0.313361049,0.618916631,-0.0271923877,0.323099107,0.625681698,-0.0309433918,0.275842935,0.61982137,-0.0264931768,0.292217702,0.632540047,-0.0357363895,0.307415873,0.637497723,-0.0398641303,0.31692633,0.639709592,-0.0415320881,0.267271876,0.625521541,-0.0216823593,0.285744607,0.639705777,-0.0301556829,0.303390443,0.643319428,-0.0314024203,0.314644068,0.642502666,-0.0313367806,0.264469385,0.629152715,-0.0172408503,0.281788766,0.641944885,-0.0248660371,0.298747927,0.644778848,-0.0258866232,0.310512,0.644028306,-0.0253881719,0.265538,0.63110739,-0.0135458549,0.279798865,0.641278505,-0.0199287105,0.293114156,0.64438504,-0.0214672647,0.302945018,0.644579411,-0.0214811619
7633.333333333383,0.559798777,0.552628577,2.09070635e-007,0.54099369,0.55609858,-0.0151869114,0.529688418,0.563548565,-0.024658367,0.528525591,0.573108554,-0.031035278,0.52840203,0.581778646,-0.0364573821,0.558326662,0.563768804,-0.0285149664,0.558250546,0.57817,-0.039277751,0.552066326,0.587125242,-0.0439771824,0.545700967,0.593602061,-0.0459065735,0.572505593,0.567306638,-0.0239404514,0.571000636,0.581911,-0.0330425948,0.562411785,0.590784311,-0.0356301628,0.553978562,0.596361101,-0.0369376913,0.579847097,0.570895791,-0.0196637325,0.5803684,0.583762527,-0.0269020125,0.572920561,0.592531145,-0.0296937525,0.565036714,0.598241389,-0.0310884938,0.582955658,0.574072599,-0.0163792782,0.586723089,0.584987342,-0.0222639274,0.583037078,0.592357755,-0.0249055978,0.577031314,0.597615838,-0.026092967
7633.333333333383,0.265100181,0.60857451,-7.88613193e-008,0.286849916,0.606078744,-0.0143469293,0.304650456,0.610952675,-0.0224711671,0.314793,0.619527817,-0.0272350889,0.32428664,0.626533449,-0.0308923312,0.276392519,0.619592,-0.0273942407,0.292819977,0.632541418,-0.0360584594,0.307870626,0.637222588,-0.0392108671,0.317395,0.638884544,-0.0401891395,0.266918629,0.625429749,-0.0224627517,0.286548167,0.63946116,-0.0306810029,0.30389455,0.643062294,-0.0312627815,0.315118164,0.642599881,-0.0307907443,0.262983114,0.629555941,-0.0177964754,0.281658769,0.641914546,-0.02432625,0.298209727,0.644800484,-0.0241243318,0.309766084,0.644393325,-0.0230556745,0.263012409,0.632022798,-0.0139914863,0.278291583,0.641905308,-0.0193841923,0.291410208,0.644681036,-0.0203858223,0.301034778,0.644938052,-0.0201951656
7650.00000000005,0.558020473,0.556514621,2.06727719e-007,0.540647507,0.560440361,-0.0144065991,0.530416846,0.56852591,-0.02326818,0.529322267,0.578528166,-0.029014878,0.529763579,0.587195039,-0.0335877538,0.559107542,0.568648398,-0.0276881028,0.559002101,0.583941162,-0.037755277,0.5524,0.592418253,-0.041300647,0.545917511,0.597865522,-0.0422226,0.57314676,0.571486235,-0.0230281893,0.571371794,0.586942732,-0.0317479447,0.562757671,0.595512569,-0.0332899131,0.554546118,0.600552201,-0.03360359,0.580421805,0.57468611,-0.0186531395,0.580996037,0.5883919,-0.0254278239,0.57371366,0.596892297,-0.0273125209,0.566178,0.602305293,-0.0279284865,0.583238065,0.57761389,-0.015191949,0.586978614,0.589179456,-0.0205731262,0.583668,0.596663415,-0.0227786358,0.577972829,0.601936698,-0.0235260278
7650.00000000005,0.26744023,0.608979344,-8.07484071e-008,0.28914085,0.606424034,-0.0142242732,0.306594253,0.611431599,-0.0225136131,0.316260785,0.620003164,-0.0273202062,0.325727522,0.626905918,-0.0310565978,0.277844578,0.619808,-0.0289399158,0.295056283,0.633006454,-0.0376451612,0.309911042,0.637707353,-0.0403547175,0.319270432,0.639203429,-0.0408763923,0.267829806,0.62566483,-0.0238334425,0.288187027,0.63965416,-0.0318153389,0.305092037,0.643235624,-0.0317123942,0.31586647,0.64274627,-0.0308534056,0.263725102,0.629801452,-0.0188519433,0.282804906,0.642281413,-0.0254708976,0.299008936,0.645053685,-0.0249551516,0.310193747,0.644569039,-0.0236591659,0.263831288,0.63245374,-0.0146052558,0.27923578,0.642329931,-0.020011697,0.292385429,0.645100772,-0.0207694881,0.301971,0.645362,-0.0203997344
7666.666666666717,0.559945047,0.560623825,2.08240152e-007,0.541326404,0.564572752,-0.0151854074,0.530304611,0.572827399,-0.024382269,0.529991448,0.582905,-0.0303470585,0.531138361,0.591773033,-0.0351347774,0.55967617,0.573038518,-0.0281973612,0.560324132,0.588468969,-0.0384507775,0.553596675,0.597154,-0.0422899574,0.546757102,0.6028409,-0.0435361601,0.573946238,0.575878203,-0.0233249106,0.572853327,0.591395259,-0.0320585221,0.564224422,0.600169301,-0.0337305591,0.556136906,0.605484188,-0.0343681388,0.5814,0.579059958,-0.0188155789,0.582422614,0.59249264,-0.0256869923,0.575592935,0.601339638,-0.0275938828,0.568395495,0.607102573,-0.0284089912,0.584548473,0.581828833,-0.0153137352,0.588344932,0.593149245,-0.0207657013,0.584861636,0.600421667,-0.0228729621,0.579247117,0.605536699,-0.0236818325
7666.666666666717,0.264756382,0.608731,-8.40615044e-008,0.287487119,0.605787694,-0.0153305605,0.306187958,0.610809147,-0.0239313431,0.317029685,0.619361043,-0.0289008915,0.327798218,0.626053452,-0.032871142,0.278861046,0.61989826,-0.0292455871,0.296096623,0.632926285,-0.0382709205,0.311010629,0.637575,-0.0416573882,0.320358306,0.639318407,-0.0428235605,0.269491434,0.625673294,-0.0237983465,0.289364874,0.639732718,-0.0320528336,0.306578547,0.643313766,-0.0326631442,0.317749649,0.64278388,-0.0323796533,0.26601854,0.629635,-0.0186010823,0.28474009,0.642144799,-0.0256024115,0.301319,0.644772887,-0.0259570628,0.312830478,0.644252419,-0.0253558401,0.266471654,0.632195354,-0.0142183602,0.282230347,0.641882539,-0.0203470029,0.295491546,0.64444977,-0.0218378436,0.304984778,0.644581676,-0.0220161434
7683.333333333384,0.559166729,0.564375818,2.21156299e-007,0.54105711,0.568489611,-0.0155635253,0.531378925,0.577197731,-0.02462947,0.532027,0.587509751,-0.030287249,0.533564746,0.596593857,-0.0346529372,0.561218441,0.576810479,-0.0287094582,0.561035514,0.593004227,-0.0385951474,0.553920448,0.601505876,-0.0416431725,0.547072947,0.606632411,-0.0421391688,0.574872494,0.579382122,-0.023378728,0.573528647,0.595864058,-0.0322889052,0.564948142,0.604790568,-0.0336370803,0.556639493,0.609701,-0.0336527638,0.581675231,0.582448,-0.0183798783,0.582530379,0.597018957,-0.0253595505,0.575472772,0.605739057,-0.0270102061,0.568046033,0.611077547,-0.0273346957,0.584217668,0.585272551,-0.0143585596,0.587849736,0.597365677,-0.0198490638,0.584397674,0.604890227,-0.0218722448,0.578561306,0.609893203,-0.0223938916
7683.333333333384,0.268391103,0.608632863,-5.18610719e-008,0.290377498,0.605718076,-0.0147341639,0.308628559,0.610440612,-0.0229925197,0.319328159,0.618896127,-0.0275987536,0.328651696,0.626374722,-0.0310312286,0.281157047,0.618919313,-0.0299829338,0.299466759,0.632712722,-0.0384409614,0.314790487,0.637238,-0.0406062081,0.324100167,0.639146328,-0.0407394357,0.271072507,0.624431491,-0.0246197321,0.291118324,0.63955,-0.0329243541,0.309014827,0.642614961,-0.0325021707,0.319977582,0.641491234,-0.031074116,0.267448127,0.627988696,-0.0193571541,0.28569904,0.641488314,-0.026232617,0.302398294,0.644228041,-0.0257285964,0.313292205,0.643515527,-0.0241558366,0.268165886,0.630215347,-0.0147999581,0.282815248,0.640904784,-0.0203969497,0.295967072,0.644051135,-0.0212882757,0.305468112,0.644298,-0.0209012311
7700.000000000051,0.559964,0.568046629,2.11773838e-007,0.542257,0.572667301,-0.0151954787,0.532664895,0.581497133,-0.0242937375,0.532734931,0.591903687,-0.0299792793,0.534038484,0.601010501,-0.0344139338,0.56246686,0.581623495,-0.0290162973,0.562574565,0.597551167,-0.0383301042,0.555113435,0.605789185,-0.0407257788,0.547608852,0.61044842,-0.0409434661,0.575788498,0.584108055,-0.0237605479,0.574754477,0.600721538,-0.0324830189,0.565698206,0.609334707,-0.0337457247,0.557136655,0.613778293,-0.0338530317,0.582314849,0.586851478,-0.0186906047,0.583691,0.601494074,-0.0255487841,0.576603591,0.610238194,-0.0273780804,0.569136322,0.615397871,-0.0280545242,0.584645569,0.589165926,-0.0145135447,0.588126957,0.601106822,-0.020181939,0.584481478,0.608724952,-0.0226648655,0.578564167,0.613826752,-0.0236546379
7700.000000000051,0.267853886,0.607815266,-7.46829372e-008,0.291344434,0.605117559,-0.013221466,0.310254753,0.610463,-0.0208055153,0.321414083,0.619092345,-0.0252027456,0.332369268,0.625604868,-0.0285977088,0.284791976,0.619606376,-0.0262158196,0.302341163,0.632705688,-0.0342267379,0.31711778,0.637009442,-0.0366208144,0.326261252,0.638513684,-0.0370173715,0.273974299,0.62507838,-0.0215361062,0.29423,0.639244318,-0.0293558855,0.311803758,0.642208576,-0.0291395672,0.322701365,0.641401768,-0.0279825162,0.269279361,0.628705859,-0.0170298368,0.288033247,0.641494036,-0.02333243,0.304567754,0.643987238,-0.0226867571,0.315630049,0.643271506,-0.0211763,0.268703401,0.630960643,-0.0132195512,0.284346253,0.641216516,-0.0181746446,0.297740608,0.644018948,-0.0188052692,0.307478637,0.644299567,-0.0183356665
7716.666666666718,0.561175048,0.572752595,2.20959777e-007,0.542920947,0.576652169,-0.0159800984,0.533650458,0.585496545,-0.0251658391,0.534125566,0.595861912,-0.0308000781,0.535372078,0.605153203,-0.035107,0.56311,0.585964799,-0.0293991957,0.563435733,0.60168159,-0.0385156944,0.556196,0.609710217,-0.0406093597,0.548783541,0.614122212,-0.040515244,0.576195776,0.588419676,-0.0236240271,0.57528758,0.605015457,-0.0323469304,0.566179156,0.613527894,-0.0333473049,0.557338536,0.617617249,-0.0330576412,0.582174301,0.591085792,-0.0180964898,0.583742797,0.606105506,-0.0252563972,0.575910687,0.614577651,-0.02675917,0.567684293,0.619167507,-0.0269084703,0.584075451,0.59329319,-0.0134936329,0.58712,0.60570997,-0.0194457639,0.582851171,0.613305,-0.021824332,0.576504767,0.61801362,-0.0225134958
7716.666666666718,0.272662461,0.608638465,-6.05534893e-008,0.295112252,0.605334938,-0.0131498901,0.313322246,0.610587418,-0.0201581921,0.323977977,0.618934512,-0.0237678215,0.334064215,0.624883771,-0.0263498183,0.286378443,0.61829555,-0.0280712973,0.304405898,0.631870627,-0.035755869,0.319398075,0.63609463,-0.0374028422,0.328262329,0.637687325,-0.0372363217,0.275692701,0.624254644,-0.0233665705,0.296301872,0.638774574,-0.0305536389,0.314226091,0.641632378,-0.0296198335,0.324640363,0.640661359,-0.0281048827,0.271343946,0.628280282,-0.0187056363,0.290436655,0.641168356,-0.0247439537,0.307659179,0.643656492,-0.0240010209,0.318467349,0.642829,-0.0224997308,0.271506041,0.630760908,-0.0146754012,0.28731513,0.640920341,-0.0197884701,0.301506042,0.64349,-0.0204868317,0.311597049,0.643304229,-0.0201008897
7733.333333333385,0.56044209,0.576875091,2.10607467e-007,0.54262048,0.580786943,-0.0152162593,0.534112275,0.589113772,-0.0240956694,0.534879148,0.599332452,-0.0296728984,0.535791516,0.608535409,-0.0338383429,0.563604355,0.590773642,-0.0272931084,0.563809395,0.606552064,-0.0362042338,0.555686951,0.613739133,-0.0382140763,0.547273,0.61672765,-0.0379799828,0.576285481,0.593256772,-0.0217591766,0.574517608,0.610006809,-0.0303426255,0.564348876,0.617913604,-0.0314610638,0.554859519,0.621242702,-0.0311814044,0.582166493,0.595831037,-0.0165212583,0.582798123,0.610931516,-0.0233661961,0.573855042,0.61898613,-0.0247104857,0.564878285,0.623036742,-0.0247774683,0.584042788,0.597848594,-0.0121857775,0.585850418,0.610180914,-0.0178839378,0.580684662,0.61736542,-0.0200304557,0.574020088,0.621580064,-0.0205277167
7733.333333333385,0.273048371,0.607497,-6.39025259e-008,0.296479642,0.604510665,-0.0139175495,0.315481275,0.609989822,-0.0217957366,0.326644093,0.6185,-0.0261505,0.338071764,0.624187648,-0.0295230374,0.288956642,0.61785078,-0.0290338583,0.30708769,0.631405,-0.036934711,0.321766317,0.636104345,-0.0387003198,0.330488473,0.637877584,-0.038698446,0.277763337,0.623364568,-0.024080351,0.297593594,0.638264716,-0.0317279547,0.314943492,0.641481578,-0.0307999663,0.325607926,0.640504301,-0.0292284396,0.272931933,0.626973033,-0.0192014109,0.290972739,0.640494049,-0.0256110616,0.307630152,0.643300653,-0.0247403588,0.318711698,0.642511368,-0.0231188629,0.272508711,0.629222035,-0.0150135467,0.287698954,0.639725208,-0.0204607341,0.301472038,0.642852604,-0.0213784426,0.311683476,0.643180788,-0.021180911
7750.000000000052,0.560371518,0.579682291,1.78796753e-007,0.541528523,0.584390342,-0.0144871352,0.533698082,0.59327,-0.0226095989,0.534743547,0.603290081,-0.0276225954,0.53593266,0.612322867,-0.0311832018,0.564068,0.595357955,-0.0246014185,0.564070404,0.611614227,-0.0328251086,0.555240631,0.618091285,-0.0348369926,0.546339571,0.619871318,-0.0345419869,0.576295,0.597343802,-0.0190181434,0.573198557,0.614321828,-0.026236251,0.562228441,0.620947301,-0.0270435177,0.552760422,0.622713625,-0.026695298,0.58131212,0.599394202,-0.0138301365,0.580911756,0.614920437,-0.0197131373,0.57131964,0.622289181,-0.0209626965,0.562378764,0.625351489,-0.0210947841,0.582455933,0.601080835,-0.00949079636,0.583852232,0.613869727,-0.0148438113,0.577966809,0.620715737,-0.017055802,0.571016848,0.624295,-0.0175971631
7750.000000000052,0.27538228,0.607792139,-4.97460064e-008,0.297894657,0.604078889,-0.0142924711,0.317101419,0.608752847,-0.0221399833,0.328326881,0.617165327,-0.0263654944,0.338698298,0.623716652,-0.0295010824,0.291114569,0.616659641,-0.0293251649,0.309336901,0.630264938,-0.0372176506,0.324057281,0.635099947,-0.0390766524,0.333015919,0.637320161,-0.0392699689,0.280965656,0.622900248,-0.0243063718,0.300743759,0.637487471,-0.0319768712,0.318401426,0.640548944,-0.0311205667,0.328926891,0.639692485,-0.0296315383,0.276741445,0.626985192,-0.0194097366,0.294645697,0.640064836,-0.0254055932,0.311055124,0.642471731,-0.0242371373,0.32155475,0.641628861,-0.0225561019,0.276570141,0.62936753,-0.0153461173,0.290898,0.63933593,-0.0205005817,0.304346055,0.64203316,-0.021246342,0.314169914,0.641946137,-0.0209453721
7766.666666666719,0.561921775,0.583183587,1.6984464e-007,0.543717861,0.587404191,-0.0125636635,0.535898685,0.596551538,-0.0194915719,0.536159933,0.606963,-0.0237861592,0.535738528,0.616241574,-0.0267435741,0.564814806,0.601153493,-0.0199267529,0.563228965,0.616992116,-0.0267018601,0.554507673,0.623039186,-0.0281023216,0.546886325,0.624751508,-0.0276738182,0.576037169,0.603146434,-0.0152850766,0.571829915,0.619597733,-0.0214522872,0.561331034,0.625912547,-0.0218133256,0.552980781,0.627827287,-0.0211592745,0.580673158,0.60452956,-0.0110799354,0.579361081,0.619559884,-0.0162577443,0.570108771,0.626373112,-0.0166647583,0.561923325,0.629392385,-0.0162255093,0.581688941,0.605349481,-0.00762597052,0.581968248,0.617636442,-0.0121904425,0.576316118,0.624046564,-0.0133391628,0.570145905,0.627336204,-0.0131351873
7766.666666666719,0.27633971,0.606993198,-4.70273918e-008,0.299609184,0.602976084,-0.0137935886,0.319175065,0.607891321,-0.0215564035,0.330852598,0.616497755,-0.0256024059,0.341847241,0.622548342,-0.0286075287,0.293534279,0.616214871,-0.0306051262,0.313517869,0.62977308,-0.0378968,0.328256756,0.634326,-0.0385749787,0.336717039,0.636048853,-0.0377704762,0.282734096,0.622306705,-0.0254565571,0.305655271,0.636604548,-0.0325590596,0.322979629,0.639636278,-0.0308518279,0.332910031,0.639172494,-0.0287973862,0.278130531,0.626395881,-0.0201690793,0.298791945,0.639224827,-0.0258323457,0.315181166,0.64167124,-0.0240235832,0.325233221,0.640914619,-0.0218736362,0.277970284,0.628807306,-0.0155655611,0.29429093,0.638846,-0.02035309,0.307893425,0.641495764,-0.02049773,0.317332357,0.641421556,-0.0197115242
7783.333333333386,0.561780274,0.586778581,1.42843433e-007,0.543983281,0.590731561,-0.0118583683,0.536171436,0.600219786,-0.018075604,0.536649883,0.610663772,-0.0217467044,0.535504,0.619864345,-0.0240937434,0.564586401,0.605338633,-0.0181719139,0.562757194,0.620977342,-0.0234359317,0.553794384,0.626669,-0.0239265375,0.546178281,0.628010571,-0.0231445301,0.575220168,0.607332945,-0.0136735011,0.570580065,0.623851478,-0.0186973736,0.559238613,0.629075408,-0.018895546,0.551026404,0.629776478,-0.0183701124,0.579592288,0.608751833,-0.00948770903,0.577302158,0.624194,-0.0140477661,0.565966189,0.629446864,-0.0144072799,0.557315409,0.630350709,-0.0140625527,0.580702901,0.609730124,-0.00596839935,0.580354452,0.622689128,-0.0102304947,0.572606683,0.627707243,-0.0111062201,0.565745175,0.6287871,-0.0108480258
7783.333333333386,0.279525846,0.60600704,-4.01850606e-008,0.301777273,0.602312863,-0.0143369753,0.321204484,0.606686294,-0.0227327477,0.333074868,0.61471796,-0.0275743529,0.344607413,0.620856166,-0.031392578,0.29592213,0.614736319,-0.0301721804,0.315063596,0.628120065,-0.0390256457,0.329959095,0.632932365,-0.0412672907,0.339104295,0.634921789,-0.0413639955,0.28540206,0.621008873,-0.0253241416,0.307067305,0.635171592,-0.033536,0.325214803,0.638520062,-0.0327248,0.336197466,0.638194203,-0.031135045,0.280629426,0.625286877,-0.0206446722,0.299815267,0.63820827,-0.0271450263,0.316500098,0.640992522,-0.0258916803,0.327341616,0.640435934,-0.0238893554,0.279989064,0.627889335,-0.0167918168,0.295572221,0.638009667,-0.022185931,0.309007257,0.641087,-0.0228298903,0.31896013,0.641415477,-0.0222680457
7800.000000000053,0.559926569,0.589492619,1.5804514e-007,0.54337424,0.593671441,-0.0130565837,0.537380815,0.60312587,-0.0197449699,0.537870467,0.613608479,-0.0238288641,0.537139177,0.622851491,-0.0266032908,0.565558434,0.608168185,-0.019010704,0.562898934,0.624566436,-0.0261873435,0.552829325,0.630014479,-0.0285763592,0.544206321,0.630862713,-0.0286967568,0.575194061,0.609999716,-0.014133119,0.570973,0.627145171,-0.0207965486,0.558469176,0.632757,-0.0224156547,0.548859775,0.633467674,-0.0225169659,0.578627884,0.611399531,-0.00978522096,0.576904,0.626951337,-0.0155034559,0.564550936,0.632619381,-0.0171580687,0.554360509,0.633949816,-0.0174474064,0.578771055,0.612663805,-0.00620865216,0.578193188,0.62524277,-0.0116580725,0.569452584,0.630432844,-0.0135373864,0.560976267,0.631891608,-0.0137539143
7800.000000000053,0.282096893,0.604814291,-5.35153184e-008,0.304923117,0.601312339,-0.0131747928,0.32454443,0.606216371,-0.0204271227,0.336544931,0.614271343,-0.0243207291,0.347406089,0.620160103,-0.0271644108,0.299034745,0.614450336,-0.027851833,0.318337947,0.627584755,-0.0351402648,0.332867622,0.631741405,-0.0363245867,0.341486216,0.6329059,-0.0358363874,0.288227677,0.620323241,-0.023182597,0.310635477,0.63436693,-0.0302844923,0.328124136,0.637533724,-0.0294413548,0.33858335,0.637026668,-0.0279432926,0.283432066,0.624277711,-0.0185307115,0.30398339,0.637044549,-0.0242387298,0.320610315,0.639790416,-0.023270525,0.331296504,0.639004469,-0.0215834454,0.283170819,0.626716793,-0.0145495012,0.299869686,0.63686806,-0.019559361,0.313626856,0.639934957,-0.0202339496,0.323601097,0.640093148,-0.0197237805
7816.66666666672,0.560734093,0.591433465,1.46752342e-007,0.543936968,0.596698046,-0.012189771,0.538348556,0.606863379,-0.0179452095,0.538625717,0.617324471,-0.0213750508,0.537556052,0.626548469,-0.0235942528,0.567043722,0.612126589,-0.0154028544,0.564071536,0.62783426,-0.0210913625,0.55446595,0.633229256,-0.0232239515,0.546481,0.634533882,-0.023548577,0.575749159,0.613135755,-0.0107119968,0.572410226,0.630182922,-0.0162699111,0.560289741,0.635446787,-0.017782649,0.550939322,0.635945439,-0.017869873,0.578452706,0.613797426,-0.00658935588,0.576753736,0.629416704,-0.0118719423,0.564786673,0.634697437,-0.0133920815,0.555274487,0.635861516,-0.013560365,0.577881515,0.614443779,-0.00318155903,0.576490283,0.627113223,-0.00820031762,0.567560196,0.631974459,-0.00965272635,0.559629142,0.633191645,-0.00962776691
7816.66666666672,0.283239424,0.604300737,-4.50179414e-008,0.306174904,0.600222826,-0.0138817439,0.326292723,0.604505718,-0.0216142479,0.338781983,0.612201214,-0.0259226598,0.350267738,0.618081808,-0.0291219987,0.301696539,0.613084435,-0.0283146817,0.320643127,0.626157582,-0.0365314111,0.335648805,0.630653,-0.0385558642,0.344713241,0.632227838,-0.0385895856,0.291347712,0.61919868,-0.0235587619,0.312425,0.633205652,-0.0315243527,0.330748647,0.636424601,-0.0310786646,0.341714144,0.635954678,-0.0298044626,0.28669706,0.623362243,-0.0189968813,0.305357426,0.636245966,-0.0255366024,0.322479844,0.63888222,-0.0249248706,0.33344546,0.638174295,-0.0233688988,0.28621,0.625901341,-0.0151918381,0.301250041,0.636342168,-0.0205043275,0.314847022,0.639142275,-0.0213532262,0.324784368,0.639059424,-0.0210285317
7833.333333333387,0.559201598,0.593749821,1.59039615e-007,0.544066846,0.599932909,-0.0113704456,0.540328741,0.610023439,-0.0166073162,0.540709436,0.620378077,-0.0197447594,0.53961724,0.629412413,-0.0218171515,0.567830861,0.615695775,-0.012582479,0.562967896,0.631063402,-0.0177697819,0.553542733,0.636288285,-0.0203061551,0.545477509,0.637544334,-0.0209977143,0.57602793,0.616145194,-0.00807886571,0.57196182,0.632182956,-0.0127662281,0.560941,0.637394369,-0.0145656448,0.5515095,0.63839072,-0.0149937039,0.578489244,0.616214156,-0.0042324895,0.57579118,0.630675793,-0.00828600582,0.56549114,0.636179,-0.00977607444,0.556445479,0.638272762,-0.0101965582,0.57727164,0.616531312,-0.00115662313,0.575412631,0.628216565,-0.00498893531,0.568131626,0.633321,-0.00619739108,0.560836554,0.635623515,-0.00617076969
7833.333333333387,0.285080731,0.604649782,-3.06663246e-008,0.307207137,0.599312782,-0.01482639,0.32786423,0.602996647,-0.0230151284,0.340974808,0.610556662,-0.0273769088,0.353215307,0.616071522,-0.030687958,0.304257929,0.611147642,-0.0314722285,0.323257774,0.623933792,-0.0399241038,0.338362128,0.628494561,-0.0415656082,0.347685,0.630714476,-0.0414468199,0.2940346,0.617981315,-0.0264023393,0.316245139,0.631761551,-0.0346994512,0.334981173,0.634390414,-0.0337795205,0.345629156,0.633605778,-0.0321451351,0.28957507,0.62275213,-0.0214106366,0.309805751,0.635363042,-0.0282831751,0.327172875,0.637266278,-0.0270991437,0.3376109,0.636151969,-0.025100477,0.28920576,0.625714123,-0.0172037371,0.305825949,0.635830879,-0.0228423271,0.319416374,0.63794297,-0.0233984087,0.328666508,0.637390852,-0.0228040162
7850.000000000054,0.559080243,0.59663862,1.53667401e-007,0.544157386,0.603004158,-0.0106828548,0.541097879,0.613171756,-0.0154408719,0.542274892,0.623395383,-0.0181660485,0.541346431,0.632144928,-0.0198664591,0.568052113,0.618559957,-0.0118687283,0.563233,0.633086085,-0.0166354347,0.55444324,0.638396084,-0.0189960562,0.546726227,0.640251637,-0.0197974779,0.57623893,0.618945,-0.00761786662,0.57188046,0.634529,-0.0121668521,0.561198592,0.639633894,-0.0137409801,0.551960647,0.640995383,-0.0141159892,0.578749597,0.619028509,-0.00394432433,0.575294077,0.633355796,-0.00810500421,0.564957678,0.638455927,-0.00930768438,0.555936396,0.640388906,-0.00953531824,0.577809751,0.619268656,-0.000995654729,0.575006604,0.630750656,-0.00489779282,0.567253172,0.635519743,-0.00596486451,0.559779227,0.63766706,-0.00585539034
7850.000000000054,0.288987249,0.602975249,-1.99500487e-008,0.310633153,0.598190725,-0.0135854948,0.331378937,0.601685584,-0.0208341777,0.344816238,0.609098434,-0.0244963393,0.35642,0.614869416,-0.0270360969,0.308291137,0.610686719,-0.0287899952,0.328607291,0.62315917,-0.0355210863,0.343105495,0.627195537,-0.0357313,0.35149309,0.628962159,-0.0346340351,0.297462583,0.617316604,-0.024053555,0.320880741,0.630822957,-0.0308712367,0.338790774,0.633270204,-0.029260084,0.348791,0.632778585,-0.0271398481,0.292558849,0.621775031,-0.0193465892,0.313249022,0.634216428,-0.0249428,0.330071956,0.63622278,-0.0234635323,0.340114087,0.635310292,-0.0213518217,0.291939497,0.624346316,-0.0153565323,0.307999,0.634559512,-0.0203167573,0.321144521,0.637064219,-0.0206835922,0.330288231,0.63682723,-0.0199089907
7866.666666666721,0.558298469,0.59892875,1.46267297e-007,0.544150233,0.605352044,-0.0115923574,0.542032063,0.615608454,-0.0162937809,0.543342173,0.625585079,-0.0187509377,0.54231149,0.63405323,-0.0200701226,0.569281816,0.621686101,-0.0113918642,0.564991951,0.636207759,-0.0153058963,0.556008399,0.640698791,-0.0173313636,0.548260391,0.641723096,-0.0178689137,0.576675653,0.62138778,-0.00622307416,0.571957648,0.636769772,-0.0102930656,0.561188936,0.64108789,-0.0121103292,0.551868141,0.641630769,-0.0124873165,0.578425586,0.620973587,-0.00166201533,0.574034512,0.635131717,-0.00517416326,0.564000785,0.639576,-0.0065716994,0.55512917,0.640814364,-0.00684323162,0.576752126,0.620934606,0.00208112504,0.573533177,0.632338,-0.00120184675,0.565916479,0.63663584,-0.00225925841,0.558593,0.63831073,-0.00210585864
7866.666666666721,0.291187465,0.602274776,-4.60186662e-008,0.313106209,0.596773386,-0.0138550242,0.334565729,0.600322604,-0.0215019099,0.347667605,0.607542,-0.0254167989,0.35951376,0.612693131,-0.028344661,0.309474975,0.608498931,-0.0306218322,0.330024242,0.620950818,-0.0384774059,0.345483661,0.625270367,-0.0396915637,0.354596913,0.627535105,-0.0393845476,0.299161971,0.615726411,-0.0258733295,0.322967947,0.629058957,-0.0336755291,0.342171907,0.631270587,-0.0324699841,0.352685809,0.63049227,-0.0307294335,0.294759899,0.620881736,-0.02109221,0.316522539,0.632706225,-0.027320357,0.334746391,0.634267926,-0.0259639025,0.345502108,0.633317351,-0.0240431782,0.294530094,0.624092221,-0.0170468632,0.31204766,0.633599639,-0.022161305,0.326492,0.635276735,-0.0225796662,0.336149752,0.634739816,-0.022044491
7883.333333333388,0.558065,0.600444555,1.43034953e-007,0.5442729,0.606946766,-0.0120343613,0.54310596,0.617409468,-0.0166141521,0.543874323,0.62758553,-0.0188655145,0.543415,0.635987401,-0.019938685,0.570740044,0.623374164,-0.0112260375,0.566269577,0.637666225,-0.0149272457,0.556635916,0.642352462,-0.0169255491,0.548285246,0.643547,-0.0174986329,0.577157617,0.623405039,-0.00565885473,0.572154701,0.638242126,-0.00931644253,0.560637772,0.642282188,-0.0110470932,0.551111102,0.6426754,-0.0114925941,0.578269064,0.623259,-0.000753408298,0.57310158,0.636978328,-0.00391448848,0.562451,0.640975475,-0.00513282185,0.553556919,0.641786337,-0.00541569153,0.576116383,0.623371422,0.00326966215,0.572416306,0.6344558,9.09766386e-005,0.564225256,0.638400674,-0.000881778193,0.556809664,0.639597833,-0.000692625355
7883.333333333388,0.295402914,0.601987541,-3.83800902e-008,0.316736042,0.595883965,-0.0145673072,0.338154316,0.598761857,-0.0227657985,0.351217389,0.605704248,-0.0270618796,0.362915903,0.611177385,-0.0303947106,0.31296283,0.606810093,-0.0324162394,0.333573848,0.618737221,-0.0408042558,0.348897398,0.623281896,-0.0423491076,0.358285695,0.625828624,-0.0422772095,0.302687019,0.61416322,-0.0275840014,0.326161504,0.627277493,-0.0360598303,0.345476627,0.629896641,-0.0352239236,0.356354415,0.629460394,-0.0337721072,0.298407733,0.619581223,-0.0227036346,0.320226073,0.631201208,-0.0297451094,0.338510871,0.632935762,-0.0286174566,0.349306703,0.632086456,-0.026750667,0.298332721,0.623155415,-0.0185587015,0.316293061,0.632672966,-0.0243220255,0.330470234,0.634178,-0.0247206744,0.33966884,0.633371174,-0.0241005737
7900.000000000055,0.55777657,0.601620674,1.48792168e-007,0.544564605,0.608366191,-0.0133696143,0.543610334,0.618572116,-0.0184333287,0.544086576,0.629039884,-0.0207612813,0.543051541,0.637722373,-0.021893099,0.570759773,0.624529958,-0.0135153476,0.565381706,0.639490306,-0.0175114498,0.555149317,0.64423573,-0.0192353949,0.546636939,0.645307243,-0.0194440316,0.577140331,0.62444365,-0.00694946386,0.570278,0.639453471,-0.0103368554,0.558266938,0.643107,-0.0115543101,0.549037635,0.643307209,-0.0117985867,0.57802856,0.624201655,-0.00108069228,0.571099401,0.637526631,-0.00426007155,0.560326219,0.641145527,-0.00546621624,0.551762879,0.641756177,-0.00580076408,0.575927734,0.624288142,0.00386583596,0.570975065,0.635115743,0.00053992524,0.562232792,0.638869822,-0.000614430814,0.554768562,0.63991797,-0.000548991491
7900.000000000055,0.296782374,0.600282252,-4.63541205e-008,0.31863597,0.59443,-0.0141405221,0.340269,0.59705162,-0.0221279785,0.353814483,0.6036883,-0.0264661368,0.365793407,0.609205484,-0.0297960211,0.315872431,0.605412,-0.0303461086,0.336320609,0.61701107,-0.0393121541,0.351733506,0.621020138,-0.0417146832,0.361403018,0.622967839,-0.0420611203,0.306200087,0.612617493,-0.0257998165,0.329090983,0.625564337,-0.0348644555,0.348678291,0.628144145,-0.0349594802,0.360498518,0.627516031,-0.0339713804,0.302164525,0.617987156,-0.0213281028,0.323465347,0.629632175,-0.0288268533,0.342148662,0.631412,-0.0284446068,0.354184449,0.630417526,-0.0268778745,0.30189386,0.621525,-0.017550882,0.319921046,0.631063759,-0.0233802702,0.334164768,0.632635117,-0.0239469446,0.34438929,0.631751597,-0.0233530179
7916.6666666667215,0.557179213,0.602588177,1.3834854e-007,0.544625282,0.609815478,-0.0129834479,0.543886542,0.62032491,-0.0175643079,0.54433,0.630169034,-0.0195150785,0.543484032,0.638564587,-0.0202208366,0.570149362,0.625387788,-0.0123562301,0.564975262,0.640128851,-0.0165619981,0.554321826,0.644593,-0.0186675638,0.545139134,0.645581782,-0.019019166,0.5758968,0.625198305,-0.00595008768,0.569376111,0.640099883,-0.00977962371,0.556783855,0.643706,-0.0115514519,0.546594381,0.643755794,-0.0119287232,0.576337278,0.624935091,-0.000296867976,0.568963647,0.637975872,-0.00382540352,0.557509601,0.641444743,-0.00555142853,0.548393905,0.641967118,-0.00598599436,0.573844075,0.624874115,0.00444152532,0.568639874,0.635367095,0.00126581418,0.559627771,0.638984919,-2.40931968e-005,0.552019894,0.63989377,-5.12173719e-005
7916.6666666667215,0.299717963,0.599009752,-2.78923924e-008,0.320944071,0.593372047,-0.013409,0.342689782,0.596119583,-0.021317929,0.35686788,0.602762401,-0.0255621616,0.369695425,0.607336521,-0.0288393572,0.31920436,0.603921831,-0.0309127495,0.340412647,0.615492,-0.0393255,0.355793864,0.619900107,-0.0407346524,0.365468383,0.622641265,-0.0405059904,0.309201807,0.611331,-0.0267601721,0.334276527,0.624272943,-0.0354512893,0.353512198,0.626464069,-0.0344658345,0.363975346,0.625983477,-0.0326382257,0.304610461,0.616992056,-0.0225266088,0.327644467,0.628845,-0.0295604169,0.345699817,0.630128622,-0.0278391708,0.356095314,0.629017651,-0.0252673905,0.303474754,0.620723,-0.0189847443,0.322027534,0.630361259,-0.0242246315,0.336050719,0.631581426,-0.0239402391,0.345337719,0.630616426,-0.0226897094
7933.3333333333885,0.557523549,0.603347898,1.20058914e-007,0.545457184,0.610835075,-0.0116005186,0.54495579,0.621544838,-0.0145593109,0.54514122,0.631343961,-0.0149598764,0.544063032,0.639293,-0.0141187664,0.568987668,0.626498163,-0.00913061202,0.564818382,0.640457,-0.0113624344,0.555010855,0.64486289,-0.0125455018,0.546402454,0.645590246,-0.0124299359,0.574079752,0.626042604,-0.00244290195,0.568424225,0.639404774,-0.00387140922,0.55736649,0.643029392,-0.00524573,0.548174739,0.643491,-0.00582731096,0.57414943,0.625474095,0.00356047624,0.567730427,0.63689208,0.00235429127,0.557994306,0.640377879,0.000321638654,0.549854696,0.641110241,-0.000864536,0.571694851,0.625179052,0.00875121355,0.567214668,0.634649694,0.00738337403,0.559155822,0.638196528,0.0060949917,0.551951408,0.638997614,0.00576559594
7933.3333333333885,0.302650034,0.599042654,-3.28768799e-008,0.323445231,0.592558503,-0.014165855,0.345704228,0.594601,-0.0224738251,0.360349804,0.601035655,-0.0270395558,0.373384506,0.606408477,-0.0306190029,0.322349727,0.602112472,-0.0323546231,0.344371706,0.613789737,-0.0413969234,0.359687775,0.618038237,-0.043256592,0.368979424,0.620339096,-0.0432266928,0.312645763,0.609755576,-0.02800023,0.337842733,0.622665524,-0.0367844291,0.357168347,0.62496382,-0.0360867269,0.367797524,0.624195397,-0.0347419232,0.308267534,0.615593433,-0.0236778464,0.331286907,0.627256811,-0.0308702793,0.349882632,0.628781199,-0.0298639368,0.36103183,0.627699375,-0.0280665159,0.307282507,0.619563639,-0.0200741682,0.326218069,0.628996372,-0.0257598218,0.340610713,0.630448759,-0.0262446031,0.350486159,0.629627645,-0.0257559735
7950.0000000000555,0.557323813,0.604692876,1.37139565e-007,0.545961499,0.612271,-0.0110119618,0.545606256,0.622979164,-0.0138074243,0.54586333,0.632327497,-0.0143339485,0.543965,0.63971889,-0.0136940517,0.569696903,0.627242148,-0.00790464133,0.565201521,0.640961289,-0.0107937567,0.555036247,0.645147,-0.0128911855,0.545852065,0.645927846,-0.0134191774,0.574446499,0.626849234,-0.00183861051,0.567655087,0.639748514,-0.00393325463,0.556297064,0.643764,-0.00624286942,0.546139061,0.644912183,-0.00751874549,0.574320912,0.626576304,0.00346386014,0.567076,0.637918115,0.00174380082,0.557109654,0.641939759,-0.00103958498,0.547921956,0.643457,-0.00275759376,0.571759462,0.62671572,0.00794347282,0.566693187,0.636130869,0.00603912491,0.558490515,0.640007257,0.0041967337,0.550463378,0.641534,0.00349988975
7950.0000000000555,0.306658745,0.598398864,-1.12837544e-008,0.326562583,0.59211117,-0.0137222838,0.347962916,0.593908072,-0.0219404902,0.363159299,0.600072742,-0.0264797583,0.376345456,0.605279386,-0.030054355,0.325326979,0.600837886,-0.0322440602,0.347079694,0.612375915,-0.0411026515,0.362004429,0.616486,-0.0425808243,0.371486664,0.618783772,-0.0422542,0.315737128,0.608378947,-0.028104743,0.342256,0.621103644,-0.0368100554,0.361048102,0.623559475,-0.0358730331,0.371644199,0.623090148,-0.0342832692,0.311414838,0.614458621,-0.023939671,0.335406899,0.626253784,-0.030965386,0.352969706,0.628090084,-0.0295109879,0.363839,0.627285,-0.0273120962,0.310462326,0.618781626,-0.0204708725,0.32911402,0.627974153,-0.0260309801,0.342425108,0.629834235,-0.0261807535,0.352067739,0.629365265,-0.02532552
7966.666666666722,0.558479249,0.605325162,1.22745078e-007,0.547193468,0.612795115,-0.0095758969,0.546122253,0.623369575,-0.0116930092,0.545432448,0.632649481,-0.0119587295,0.543490469,0.64018476,-0.0111687118,0.568004489,0.627852678,-0.00493015302,0.563244343,0.640876174,-0.00711443881,0.553645074,0.644895,-0.00900281593,0.545128107,0.645599782,-0.0094374,0.572858632,0.627304077,0.000440261443,0.566780925,0.639962554,-0.000895964738,0.556316555,0.643816471,-0.00302518648,0.546963,0.644795716,-0.00419732,0.572998881,0.626701832,0.00502065197,0.566646039,0.637803912,0.00414908072,0.557507157,0.641629517,0.00181677879,0.549244106,0.643055797,0.000363507716,0.57068181,0.626455486,0.00884523522,0.566599,0.635997891,0.00818786677,0.559458494,0.640013337,0.00712499488,0.552507937,0.641591,0.00680412725
7966.666666666722,0.307095945,0.597974122,-2.16248104e-008,0.328300565,0.591286123,-0.013378812,0.350874037,0.593428433,-0.0210790578,0.366349339,0.59983623,-0.0251964,0.379618049,0.6047647,-0.0283273719,0.328410327,0.600334823,-0.031066671,0.350546598,0.611641288,-0.0398912765,0.365521789,0.615828514,-0.0414803699,0.375038981,0.618111849,-0.041231703,0.318832278,0.608148873,-0.0271097012,0.345436424,0.620585918,-0.0358647704,0.364336848,0.622908831,-0.0351261832,0.375007749,0.622360885,-0.0336060412,0.314387619,0.614325762,-0.0231638458,0.338385522,0.626062453,-0.03046255,0.356354088,0.627751768,-0.0292502623,0.367394954,0.626782954,-0.0270662867,0.31333977,0.618587673,-0.0198827665,0.332466781,0.627990067,-0.0256838948,0.346471876,0.629738033,-0.0259675514,0.356562138,0.629039526,-0.0251119174
7983.333333333389,0.558788598,0.605347872,1.48083657e-007,0.547778726,0.613061905,-0.00991616864,0.546236336,0.623500943,-0.0122284405,0.545750678,0.632648528,-0.0127451746,0.543232262,0.640133858,-0.0122356107,0.566780746,0.628230929,-0.003435269,0.562595844,0.640640736,-0.00530349929,0.553548217,0.645037413,-0.00728204101,0.545245826,0.646382749,-0.00794541556,0.571616411,0.627532,0.00206104224,0.565579653,0.63925755,0.0010670973,0.555852115,0.643412411,-0.00122744206,0.546600342,0.645139754,-0.00264761038,0.572249174,0.626784682,0.00659743929,0.565819502,0.637220919,0.00606035301,0.557306051,0.641400933,0.00377717987,0.548998356,0.643525422,0.00222368957,0.570524216,0.626306951,0.0102499686,0.565968335,0.635369122,0.00980447233,0.558944345,0.639478803,0.00880919117,0.551769555,0.641420424,0.00846929
7983.333333333389,0.309385806,0.597571969,1.06953983e-008,0.330997616,0.591135502,-0.0119198812,0.353890926,0.593147814,-0.0188950319,0.369819,0.599595129,-0.022359632,0.383113354,0.604515553,-0.0247767251,0.331875324,0.599750936,-0.0296903513,0.35403955,0.611726284,-0.0377019756,0.368389904,0.615548551,-0.0383558795,0.377155,0.616978765,-0.037139073,0.321710825,0.607322037,-0.0259439126,0.348227113,0.620104313,-0.0336980298,0.366424948,0.622861207,-0.0322093405,0.376946926,0.622505486,-0.0301509388,0.317330867,0.613496482,-0.0221298877,0.341804415,0.625011683,-0.0281752888,0.358880222,0.626955211,-0.0267059095,0.369834125,0.626111,-0.0244582314,0.316459566,0.6179896,-0.0188531689,0.335409552,0.627047777,-0.0236311033,0.348771125,0.629158556,-0.0238016341,0.358950704,0.628815055,-0.0229467601
8000.000000000056,0.55813843,0.606890142,1.24079506e-007,0.54854387,0.614050269,-0.0084550567,0.546810031,0.623816729,-0.0103182374,0.545703709,0.632527828,-0.0106903277,0.543418705,0.639607131,-0.00995614473,0.567709565,0.628554225,-0.0026876661,0.562013149,0.640927613,-0.00465176953,0.553161,0.644743502,-0.00655001309,0.545826554,0.64529711,-0.00707371579,0.571347535,0.628314674,0.00188589911,0.564683914,0.640113235,0.000595116057,0.554965198,0.643866062,-0.00167890603,0.546614289,0.644851208,-0.00301291118,0.571133435,0.628000736,0.00559001137,0.564477324,0.638505,0.00444866903,0.555949748,0.642234802,0.00206452911,0.548320472,0.643603742,0.000620592677,0.56907773,0.627980649,0.00859952439,0.564474165,0.636994123,0.0074365912,0.557508707,0.640670061,0.00619988795,0.550855279,0.642003238,0.00584165659
8000.000000000056,0.312736779,0.597014964,2.50407499e-008,0.334500551,0.590879619,-0.0118906442,0.356561065,0.5928666,-0.0189212039,0.372038484,0.599435031,-0.0225364678,0.385301143,0.60438323,-0.0251383074,0.335166276,0.6005615,-0.0284581464,0.35625115,0.611780465,-0.0364222899,0.370767802,0.615784407,-0.0376778841,0.379883468,0.617773592,-0.0370703153,0.324927092,0.608075,-0.0248148236,0.350581765,0.620045602,-0.032666862,0.368825018,0.622673869,-0.031687934,0.379593849,0.622528374,-0.0300120935,0.320245355,0.614061177,-0.0211502351,0.344160587,0.625234246,-0.0272571854,0.361238688,0.627190769,-0.0259398,0.372138828,0.626387477,-0.0237235874,0.318906724,0.618314445,-0.0180601534,0.337865174,0.627612948,-0.0225802362,0.350978017,0.629640579,-0.0225553811,0.360811502,0.629132748,-0.0215100888
8016.666666666723,0.559811711,0.606825769,1.18425504e-007,0.548341095,0.613978565,-0.00773715088,0.546132743,0.624126852,-0.00884818193,0.544967592,0.632575393,-0.00849311892,0.543286562,0.639263809,-0.00707709417,0.566494763,0.62821281,-0.00205283053,0.56148,0.639911711,-0.00273686671,0.553094149,0.643369079,-0.00362315122,0.546191216,0.644083917,-0.00371934962,0.571401536,0.627681851,0.00245314185,0.564879537,0.638988256,0.00235655531,0.555738,0.642724276,0.000973880466,0.548044086,0.644071639,8.54368482e-005,0.572216034,0.627131641,0.00623001717,0.565746069,0.637317121,0.00639522774,0.557634711,0.640925705,0.00506956503,0.550786078,0.642300367,0.0041298084,0.570642531,0.626961648,0.00930671394,0.566019893,0.63563472,0.00957340747,0.559977889,0.639325559,0.00932591222,0.554571,0.640775502,0.00944710523
8016.666666666723,0.313518703,0.596538723,9.38644629e-009,0.335111976,0.590921521,-0.0121440915,0.357513696,0.59309721,-0.0196763817,0.373556286,0.599876583,-0.0238240976,0.387277842,0.604784727,-0.0270247124,0.337012976,0.599823177,-0.0293114521,0.35805881,0.611766577,-0.0384002849,0.372570664,0.615893126,-0.040279258,0.381825447,0.617714524,-0.0399121046,0.326975346,0.607220471,-0.0258371476,0.352511376,0.620005727,-0.0344694778,0.370796531,0.623135805,-0.033933796,0.381928265,0.623217523,-0.0325034112,0.322154224,0.613391936,-0.0224029887,0.345403373,0.625125468,-0.0292076655,0.362551868,0.627593279,-0.02824625,0.374006152,0.627120435,-0.0262515,0.320316672,0.617964,-0.0195411406,0.338719696,0.627484262,-0.024592584,0.351702601,0.629903913,-0.0248153675,0.362046152,0.62969774,-0.023959104
8033.33333333339,0.560753107,0.607850432,1.12359366e-007,0.549315751,0.614227057,-0.00677556964,0.546324492,0.623993158,-0.0077830567,0.544720531,0.632560611,-0.00754148234,0.543578327,0.63944453,-0.00627477607,0.565922439,0.628739238,-0.00216172053,0.560047448,0.64030689,-0.00329786423,0.552197278,0.644003,-0.00422788132,0.546048403,0.644528031,-0.00415914739,0.570491612,0.628257632,0.00158885645,0.563816905,0.639461398,0.000961336482,0.554996073,0.643125713,-0.000222690593,0.547943771,0.64402163,-0.000805114163,0.5712623,0.627625525,0.00467070565,0.564742684,0.637782574,0.00416546268,0.557053626,0.641330183,0.00298324134,0.550856531,0.642511427,0.00234293356,0.569754064,0.627471149,0.00717735942,0.565094769,0.636339068,0.00679588318,0.559030592,0.640059352,0.00655882945,0.553701758,0.64137423,0.00683114585
8033.33333333339,0.315222353,0.59677124,2.81206276e-008,0.337635577,0.591157079,-0.0114245024,0.360266477,0.594025433,-0.0178968553,0.376095146,0.601124406,-0.0211359654,0.38976422,0.606258333,-0.0234360527,0.339348495,0.60102129,-0.0267240945,0.360434741,0.612489581,-0.0346764848,0.374685228,0.616797745,-0.0362914763,0.384234071,0.618905544,-0.0359305218,0.32886979,0.608130395,-0.023171138,0.354083627,0.620416701,-0.0306597333,0.372036934,0.623656154,-0.0300544612,0.383381,0.623934805,-0.0287583377,0.323891848,0.614029169,-0.0196681824,0.347176284,0.62577343,-0.0254157241,0.363934249,0.628151,-0.0244531035,0.37540409,0.627524555,-0.0225968678,0.322502136,0.618415356,-0.0167488139,0.340377331,0.627783775,-0.0211592223,0.353235036,0.630420744,-0.0215178914,0.363707274,0.630401611,-0.0208131727
8050.000000000057,0.559957683,0.608519554,5.98526668e-008,0.547950685,0.614903152,-0.00556872739,0.54641211,0.624235868,-0.00593580306,0.545938075,0.632518113,-0.00545284571,0.545590937,0.639006138,-0.00386133697,0.565598309,0.628893077,-0.000244587689,0.560528159,0.639749944,-0.00129726203,0.553399801,0.641283512,-0.00235104887,0.549271584,0.639833331,-0.00239818357,0.570928633,0.628461421,0.0029733812,0.564789414,0.638497174,0.0033244926,0.557044446,0.639771342,0.00247445703,0.552806556,0.638770401,0.00181036885,0.572447836,0.627556086,0.00547778374,0.565929234,0.636725187,0.00571615715,0.55893904,0.637909949,0.00533013418,0.555162,0.636961401,0.0049649938,0.571745515,0.626960874,0.00747358054,0.566818655,0.634902537,0.00759234745,0.560814,0.636878788,0.00799541548,0.557215929,0.636414528,0.00857567415
8050.000000000057,0.318410188,0.597229958,2.38149553e-008,0.340991944,0.59198159,-0.0117268981,0.362748504,0.595008671,-0.0186810344,0.377941608,0.602246284,-0.0222084671,0.391042858,0.607436299,-0.0248346347,0.340970576,0.601797462,-0.0288531967,0.361582547,0.613437235,-0.0370204709,0.375995666,0.617718279,-0.0385949351,0.385694742,0.619748354,-0.0382716879,0.330177724,0.608891189,-0.0252208803,0.354646087,0.620944321,-0.0329649895,0.372852176,0.62441361,-0.0323726,0.384647697,0.624904037,-0.0312257614,0.324943453,0.614703178,-0.0215072632,0.347618043,0.625926197,-0.0274894331,0.364506811,0.628720701,-0.0266670883,0.37639147,0.628488183,-0.0250655096,0.323175877,0.618969142,-0.0183469281,0.340485781,0.628089368,-0.0230872445,0.353164434,0.63071686,-0.0236110725,0.363661021,0.630759299,-0.0230842475
8066.666666666724,0.558911145,0.608207047,5.37419425e-008,0.548283517,0.615368247,-0.00196753186,0.546198606,0.624426,-0.00127390597,0.545714676,0.631507576,-0.000547509931,0.545385957,0.637009561,0.00105284771,0.564427555,0.628179908,0.00282001984,0.561744034,0.637744606,0.00202736398,0.555607319,0.640132606,0.000922695326,0.551074445,0.640066803,0.000593783217,0.569178343,0.627660394,0.00379658211,0.565407634,0.636803865,0.0041055805,0.558903933,0.639257,0.00319829932,0.554489315,0.639732778,0.00242937799,0.570980072,0.626933098,0.00425439747,0.565993786,0.635550261,0.00470527122,0.559903562,0.637741208,0.00476390962,0.555881262,0.638149679,0.0046232054,0.57086736,0.626283824,0.00438868674,0.566495299,0.633804679,0.00513453269,0.56129092,0.636749,0.00609351462,0.557799101,0.63762933,0.00692085689
8066.666666666724,0.322708189,0.597196519,9.26673671e-009,0.344388455,0.592407823,-0.0121388072,0.364963114,0.5956375,-0.0196867585,0.37915045,0.602782309,-0.0237131771,0.391983122,0.607531607,-0.0267607,0.34260723,0.60239023,-0.0301488377,0.36369735,0.615058362,-0.0384375863,0.378032744,0.619118214,-0.0395710506,0.386569202,0.620721817,-0.0387835167,0.331864327,0.609517932,-0.0264201332,0.35701713,0.622669518,-0.0342464224,0.374604642,0.625566602,-0.0328975245,0.384875566,0.625484645,-0.0309883915,0.326436579,0.615279,-0.0226045307,0.349678546,0.627463341,-0.0286177937,0.366268903,0.629680216,-0.02683465,0.376923412,0.629128098,-0.0244884919,0.324333042,0.619386435,-0.0193776824,0.341881722,0.629122317,-0.0239937454,0.354423672,0.631305337,-0.0238190256,0.363937408,0.631054223,-0.0227392204
8083.333333333391,0.561587214,0.60827,7.17257649e-008,0.550383925,0.613925219,-0.00339167,0.547356308,0.622447968,-0.0026780332,0.5466941,0.628929853,-0.00138500356,0.545804918,0.633657336,0.000752015272,0.565211177,0.627617538,0.00160599046,0.564060748,0.636225283,0.00176972942,0.559896469,0.639709711,0.00130021269,0.556257963,0.641363502,0.00107558374,0.569888532,0.627423584,0.00358735351,0.56729418,0.635694385,0.00369948405,0.562276721,0.639022231,0.00277134636,0.558000326,0.640953302,0.00218930934,0.571513355,0.627143204,0.00511159748,0.568381369,0.634737074,0.00547695067,0.563939869,0.638104,0.00514953677,0.560274,0.640421569,0.00492051151,0.571319342,0.626914144,0.00620806543,0.568761051,0.633763373,0.0070849522,0.565376699,0.637322187,0.00771762384,0.56229049,0.639446735,0.00832179
8083.333333333391,0.321355581,0.597731292,-2.07704183e-008,0.343369812,0.593192101,-0.0125112608,0.365397245,0.596698105,-0.0201716423,0.380092025,0.603937685,-0.0243439432,0.392408043,0.609213948,-0.0275451243,0.343767196,0.602682,-0.029948419,0.363180161,0.615072,-0.0384720415,0.377126157,0.619951844,-0.0398082957,0.385899633,0.622534096,-0.0393268391,0.332790136,0.609807611,-0.0261577535,0.356874377,0.623290181,-0.0344062336,0.374791861,0.626602411,-0.0334239155,0.385293841,0.626697838,-0.0317064263,0.327144474,0.615698874,-0.0223031845,0.349473476,0.627914429,-0.0288875531,0.366676629,0.630551279,-0.0274900366,0.377704144,0.630322,-0.0252954233,0.324712604,0.619886935,-0.0190585554,0.342511654,0.629612505,-0.0242286362,0.355516493,0.631735325,-0.0243197307,0.365236402,0.631538808,-0.0233740769
8100.000000000058,0.560444593,0.607652962,7.17690227e-008,0.550933778,0.612965524,-0.00302674551,0.548293173,0.619823337,-0.00322304689,0.547681212,0.625076175,-0.00295511517,0.547661543,0.629340172,-0.00203289767,0.563999832,0.626421,0.000538535474,0.564511061,0.634421289,0.000117127071,0.561726451,0.638009071,-0.000847191317,0.559016407,0.640007317,-0.00128368754,0.569000423,0.625811517,0.00192628091,0.568687558,0.633405149,0.00219295593,0.564970315,0.636933684,0.00129610556,0.561377943,0.638987839,0.000600885542,0.571413696,0.624976575,0.00293016667,0.570339561,0.631975591,0.0037177878,0.567188323,0.635404408,0.00373020628,0.564178705,0.637720942,0.00358886085,0.572003663,0.624026418,0.00351313129,0.571307778,0.630433679,0.00477838283,0.569084525,0.634078145,0.00584403612,0.566692114,0.636256695,0.00668783486
8100.000000000058,0.321919709,0.597963512,3.62281871e-009,0.344950199,0.593559,-0.0111992937,0.366578221,0.597460806,-0.0178094078,0.381116509,0.60501188,-0.0211649258,0.393802881,0.610327303,-0.0236392617,0.344797552,0.60375315,-0.0271162912,0.363562673,0.616024494,-0.0349320024,0.377156079,0.620747328,-0.0363391489,0.386080295,0.623352468,-0.0359866507,0.333803087,0.610601962,-0.0238096,0.356928527,0.623913109,-0.0311207734,0.374373168,0.62746197,-0.0302140303,0.385164857,0.62810874,-0.028713461,0.328078628,0.616196156,-0.0204572361,0.349511594,0.628721774,-0.0261923838,0.365803689,0.631639838,-0.0249300431,0.376915157,0.631739438,-0.0229315609,0.325679779,0.620130122,-0.0176440794,0.342371136,0.630146503,-0.0221186113,0.354846686,0.633103549,-0.0222423561,0.364995718,0.633617818,-0.0213712659
8116.666666666725,0.560587,0.609124601,9.37500175e-008,0.551872134,0.612779677,-0.00491926679,0.54932642,0.618344367,-0.00638466,0.5486027,0.622946382,-0.00716249691,0.547883213,0.626945615,-0.0073191,0.562835336,0.626746178,-0.00165997422,0.562959731,0.634307623,-0.00302641653,0.560770392,0.638469577,-0.0047401879,0.558329225,0.64133507,-0.00583103672,0.567277789,0.626933098,0.00021984159,0.566704154,0.634086311,-0.000633634394,0.563777149,0.638153911,-0.00204846077,0.560508847,0.641244352,-0.00310197053,0.569386721,0.626941681,0.00154311641,0.568240821,0.633653879,0.00120612571,0.565607,0.63740319,0.000871645811,0.562680483,0.640432537,0.000598022423,0.569913328,0.626802444,0.00226445263,0.568866432,0.632993579,0.00257413858,0.566741765,0.636680961,0.00321069709,0.56435281,0.639386594,0.00377817452
8116.666666666725,0.323632479,0.59859544,9.13204801e-009,0.346619,0.594524562,-0.0110494606,0.36740914,0.598691881,-0.0176643543,0.381255865,0.606521249,-0.0210277103,0.393383294,0.612178743,-0.0234429687,0.345374316,0.605004787,-0.027198527,0.364769399,0.618111491,-0.0349576436,0.378706664,0.622811496,-0.0360580832,0.38762027,0.625026047,-0.0351946726,0.334251195,0.611712694,-0.0236516837,0.357446194,0.625664413,-0.0308298115,0.37469548,0.629147172,-0.0293745659,0.385115266,0.629575,-0.0272132922,0.328543544,0.617257595,-0.0200036932,0.350532711,0.630081654,-0.0253097,0.366565,0.632534742,-0.0232125204,0.37702179,0.632134557,-0.0204533637,0.326369345,0.621241331,-0.0169034172,0.343865246,0.631554782,-0.0206602793,0.356289178,0.634034395,-0.019916214,0.365674853,0.633881271,-0.0182897113
8133.333333333392,0.562303,0.610105217,9.55629815e-008,0.552755177,0.612529874,-0.0048873648,0.549474776,0.617193758,-0.0062963753,0.548987329,0.621320784,-0.00704752235,0.54919523,0.62524569,-0.00727569591,0.56305939,0.626855195,-0.000969892717,0.562494457,0.633900166,-0.00236186129,0.560596108,0.638178289,-0.00426154444,0.558860421,0.641121924,-0.00554561,0.567456,0.627450049,0.000795587315,0.566557765,0.634155333,-0.000370357418,0.563702703,0.637977,-0.00204110029,0.560974419,0.640925,-0.00317313545,0.569779098,0.627672076,0.00190440775,0.568237126,0.633946478,0.0010971647,0.56560868,0.637568474,0.000578433508,0.563193142,0.640520811,0.000343140535,0.570618868,0.627492,0.00242186454,0.569196522,0.633253038,0.00238043768,0.566993594,0.636670172,0.00286031654,0.564720869,0.639157295,0.00335986167
8133.333333333392,0.323183179,0.600325286,-4.36833236e-009,0.346307158,0.595898151,-0.0120063471,0.367750734,0.599737048,-0.0187687986,0.381603807,0.607939124,-0.0221019126,0.393625677,0.613926888,-0.0243179742,0.345271677,0.606492579,-0.0271994658,0.364026427,0.619484842,-0.0348829441,0.377909511,0.624101043,-0.0359741934,0.386524647,0.626100361,-0.0352421515,0.334508449,0.613333404,-0.0232311711,0.357213795,0.627111733,-0.0303526726,0.374648869,0.630746663,-0.0289927498,0.385261178,0.631183267,-0.0270449892,0.329099089,0.61880964,-0.0193348397,0.35012418,0.631212592,-0.0248662736,0.366163313,0.63397181,-0.0231017508,0.376784384,0.633766115,-0.0206927601,0.32714361,0.622691751,-0.0160902925,0.3435013,0.632437706,-0.0203981195,0.355877429,0.634977758,-0.0202840213,0.365333766,0.634996116,-0.0191671774
8150.000000000059,0.562852383,0.610887408,1.05432719e-007,0.554729521,0.612881601,-0.00499415491,0.551253617,0.617464662,-0.00707828,0.549821258,0.621499181,-0.00849375315,0.549477398,0.62538147,-0.00945976,0.563466072,0.626002908,-0.0026364217,0.563224,0.632888615,-0.00464515435,0.560805082,0.637503088,-0.00672058761,0.55833745,0.640656054,-0.00798271131,0.567841,0.626934707,-0.000866494898,0.56688118,0.63364464,-0.00211521541,0.56370765,0.637711525,-0.00363862701,0.560376167,0.640992,-0.00476136338,0.570026398,0.627635896,0.000363294821,0.568338156,0.633965552,-0.000273958198,0.565431178,0.637682199,-0.000652948,0.562557161,0.640773535,-0.00095300778,0.570779,0.628047287,0.00101290934,0.568955541,0.633838832,0.00115315337,0.566329,0.637260854,0.00169399916,0.563836515,0.639780164,0.0021392873
8150.000000000059,0.321853936,0.600953698,6.89412172e-009,0.345666319,0.596704662,-0.0110913478,0.367297888,0.601076722,-0.0171233881,0.381241024,0.609476328,-0.0200898238,0.393177778,0.615689,-0.0220671128,0.346044,0.60808,-0.0242412649,0.364036202,0.620902777,-0.0317697302,0.377366692,0.625931,-0.0334604718,0.386008441,0.628499627,-0.0331538096,0.334666759,0.614428163,-0.0208116658,0.355888754,0.628682375,-0.0275342818,0.373168707,0.632458627,-0.026763713,0.383886695,0.63296622,-0.0251616854,0.328446835,0.619368672,-0.0174872223,0.348346919,0.632407725,-0.0225865301,0.364427388,0.635183871,-0.0211917367,0.374904305,0.634917,-0.0189844407,0.325683862,0.622760892,-0.0147909317,0.34184292,0.633178771,-0.0187134854,0.354534745,0.635926962,-0.0185480919,0.364086479,0.635913849,-0.0173462704
8166.666666666726,0.565821409,0.612880886,1.0996083e-007,0.555734813,0.61431253,-0.00706551084,0.55170548,0.618217945,-0.00999804866,0.551390886,0.621959865,-0.0117891477,0.550538421,0.625582814,-0.0130682839,0.563560903,0.628299117,-0.00571185723,0.562628746,0.6350227,-0.00851081405,0.560332358,0.639195144,-0.0108428542,0.557747304,0.642129183,-0.0122197717,0.568213046,0.629112303,-0.00302059972,0.566751301,0.635674536,-0.00544530666,0.563501954,0.639588535,-0.00717278849,0.559875309,0.64260608,-0.00821507629,0.570716202,0.629352748,-0.000914357835,0.568977356,0.635550916,-0.0026530819,0.566054285,0.639076233,-0.00323405326,0.562781394,0.641914129,-0.00339714275,0.571936369,0.629069567,0.000510996,0.570095718,0.634633422,-0.000145379046,0.567513108,0.63808012,7.22492332e-005,0.564859509,0.640602052,0.000459095143
8166.666666666726,0.324496061,0.602050602,3.21070459e-008,0.34766078,0.598305881,-0.0113858543,0.367513478,0.602693796,-0.0177968591,0.38038227,0.611188,-0.0210619438,0.392716616,0.617612898,-0.0232631173,0.346466601,0.610294342,-0.0250402745,0.364613175,0.623265147,-0.0327257775,0.37777105,0.628473938,-0.0343412384,0.386319935,0.630734324,-0.0337875746,0.334922969,0.616434634,-0.0215378404,0.355691969,0.630704701,-0.0285972971,0.372413188,0.635003507,-0.0277160667,0.383213669,0.635902643,-0.025889691,0.328481972,0.621226728,-0.0181605779,0.347856909,0.634200275,-0.0235230867,0.363347679,0.637375772,-0.021943761,0.374014974,0.637547672,-0.0194894355,0.325643867,0.624401152,-0.0154276621,0.34112373,0.634901583,-0.0194541775,0.3531982,0.637976885,-0.0190316569,0.362780094,0.638256967,-0.0175359454
8183.333333333393,0.563584507,0.612281382,1.0708321e-007,0.555741608,0.614210546,-0.00700977212,0.552280068,0.618148685,-0.0103749624,0.551553905,0.6218853,-0.012673988,0.551254094,0.625501215,-0.0144997537,0.563517392,0.626779079,-0.00635762839,0.563930273,0.633795,-0.00998628419,0.561759055,0.638469338,-0.0129826907,0.559070289,0.641486168,-0.0146666393,0.568577,0.627539635,-0.003953245,0.568543851,0.634260595,-0.00666124,0.565651119,0.638336241,-0.00874189939,0.56224829,0.641420424,-0.0100420052,0.571693182,0.627941966,-0.00211752183,0.570834577,0.634175479,-0.00374613958,0.568201184,0.637833714,-0.00400378183,0.565052867,0.640733063,-0.00403665565,0.573530734,0.627879441,-0.00101723592,0.572212696,0.633483052,-0.00175055733,0.569863677,0.636911333,-0.00123581127,0.567288637,0.639411628,-0.000602487
8183.333333333393,0.324322939,0.603452444,1.25883737e-009,0.348108232,0.600128055,-0.01085285,0.367672861,0.605064809,-0.0168403219,0.380056888,0.613907278,-0.0198947247,0.391547233,0.620244801,-0.0219205972,0.345832616,0.612143874,-0.0232929625,0.36298576,0.625522435,-0.0304028746,0.376027822,0.630807042,-0.0318500325,0.384539127,0.633419037,-0.0314200148,0.334257424,0.618204653,-0.0198946781,0.354457527,0.632872641,-0.0266312305,0.371360809,0.636911,-0.025810061,0.381980926,0.637394965,-0.0240172148,0.327571779,0.622866154,-0.0165910609,0.346202105,0.636135578,-0.0216574464,0.361897767,0.639284,-0.0200301073,0.372522235,0.639316678,-0.0176043175,0.324465364,0.626034319,-0.013916512,0.338891,0.63670069,-0.0176863335,0.351077527,0.639639616,-0.0172586888,0.360677838,0.639848948,-0.0158223864
8200.00000000006,0.325043947,0.605030835,-1.26903943e-009,0.348887444,0.602576,-0.0110055441,0.367768258,0.607816398,-0.0173476953,0.379461199,0.616569579,-0.0206822157,0.390390366,0.623132527,-0.0230206139,0.344810218,0.614471614,-0.024686465,0.361856252,0.628122032,-0.0321664959,0.374589413,0.633275092,-0.0337920114,0.383059859,0.635681212,-0.0334262177,0.332960427,0.620306432,-0.0211447291,0.352908194,0.634857476,-0.0280515607,0.369406074,0.639063,-0.0272693746,0.380113304,0.639749765,-0.0256377626,0.326334327,0.624782681,-0.017621655,0.344894558,0.638086379,-0.0227568243,0.360281199,0.641292751,-0.0210517831,0.371039391,0.64138025,-0.0186799578,0.323587,0.627750933,-0.014719259,0.338115096,0.638345242,-0.0187102035,0.350207061,0.641473293,-0.0183974076,0.359883398,0.641969681,-0.0170712247
8216.666666666726,0.323988259,0.606208682,-1.34660834e-008,0.347521245,0.604192317,-0.0112440726,0.367024958,0.609789789,-0.0174907241,0.378558367,0.619213402,-0.0206294898,0.389121115,0.625891209,-0.0227078665,0.343986332,0.616720378,-0.0242721867,0.360434473,0.630967736,-0.0309403744,0.372967243,0.636234105,-0.0320015512,0.380966395,0.638588428,-0.0314378031,0.331819504,0.622564495,-0.0204167813,0.351225197,0.637582064,-0.0265237447,0.367094487,0.641744912,-0.0252396725,0.377205431,0.642084301,-0.0233750548,0.324997604,0.626786292,-0.0165837239,0.343060076,0.640399,-0.0211081821,0.357712924,0.643668473,-0.0191461761,0.367674381,0.643517673,-0.0167756341,0.322192073,0.629483879,-0.0133960797,0.336583138,0.64015907,-0.0171127226,0.348433226,0.643253922,-0.016755309,0.357493,0.643493712,-0.0154860253
8233.333333333392,0.323881626,0.607315302,-1.15400578e-008,0.346939564,0.605586171,-0.0115489829,0.36563012,0.611712575,-0.0181520525,0.376606137,0.621693492,-0.0215530694,0.38725239,0.628496,-0.0238808673,0.342506796,0.618715823,-0.025735626,0.358973354,0.633283079,-0.0324364528,0.370982975,0.638863742,-0.0329941325,0.378267944,0.641459405,-0.0320414379,0.330186635,0.624400914,-0.0217723902,0.349684536,0.640246212,-0.0280489679,0.365018,0.644445837,-0.026249228,0.374335468,0.644696534,-0.0238955822,0.323168784,0.628483415,-0.0177472793,0.340986848,0.642920732,-0.0224492755,0.355376512,0.646249294,-0.0199619476,0.364880025,0.646004796,-0.0171738416,0.320215583,0.630969644,-0.0143691814,0.33424,0.641832948,-0.0183030181,0.346114874,0.645076931,-0.0178371947,0.355293244,0.645558357,-0.0164119378
8250.000000000058,0.560826778,0.607516527,4.87339804e-008,0.558154,0.617600679,0.00499665411,0.560291708,0.628048182,0.0084951669,0.559419274,0.636748195,0.0104350029,0.557394207,0.642998815,0.0129970685,0.571142197,0.633282602,0.0155243799,0.565321,0.643802,0.0195223279,0.5572083,0.64667,0.0208604876,0.550442696,0.64679414,0.0217677485,0.573175,0.633509,0.0142643163,0.566798329,0.643806517,0.0190691054,0.558976233,0.645577312,0.0197447017,0.552066386,0.6461097,0.0196862258,0.57286489,0.633501291,0.0126511222,0.566395521,0.643443346,0.0178726241,0.559216917,0.645082831,0.0196963064,0.553279698,0.644751132,0.0199171267,0.570176601,0.633034885,0.0110509414,0.565555394,0.641348302,0.0167075191,0.56017518,0.644185,0.0197687745,0.55553782,0.645146906,0.0213465411
8250.000000000058,0.324111164,0.608121216,-2.63550124e-008,0.347690791,0.607551575,-0.0109615587,0.365507901,0.614137113,-0.0173958503,0.375585318,0.623921871,-0.020949183,0.385742366,0.630873799,-0.0234219804,0.3424384,0.621174216,-0.0236373413,0.357450694,0.63555938,-0.0302986577,0.369034946,0.641292155,-0.0310231056,0.376064181,0.644056141,-0.0301539283,0.329339087,0.626393318,-0.0201450735,0.346992701,0.641843677,-0.0263536908,0.361934572,0.646363139,-0.0245658699,0.371063322,0.647170126,-0.0221519601,0.321447641,0.630110085,-0.0167491231,0.338056713,0.644421518,-0.0217415337,0.352570742,0.648170233,-0.0193261467,0.362303764,0.648573697,-0.0163949579,0.317683339,0.63233304,-0.0139877144,0.331143349,0.643698037,-0.0179303288,0.343246788,0.647052348,-0.0173050426,0.352603346,0.647765,-0.0156685859
