time,X_NOSE,Y_NOSE,Z_NOSE,visibility_NOSE,X_LEFT_EYE_INNER,Y_LEFT_EYE_INNER,Z_LEFT_EYE_INNER,visibility_LEFT_EYE_INNER,X_LEFT_EYE,Y_LEFT_EYE,Z_LEFT_EYE,visibility_LEFT_EYE,X_LEFT_EYE_OUTER,Y_LEFT_EYE_OUTER,Z_LEFT_EYE_OUTER,visibility_LEFT_EYE_OUTER,X_RIGHT_EYE_OUTER,Y_RIGHT_EYE_OUTER,Z_RIGHT_EYE_OUTER,visibility_RIGHT_EYE_OUTER,X_RIGHT_EYE,Y_RIGHT_EYE,Z_RIGHT_EYE,visibility_RIGHT_EYE,X_RIGHT_EYE_OUTER,Y_RIGHT_EYE_OUTER,Z_RIGHT_EYE_OUTER,visibility_RIGHT_EYE_OUTER,X_LEFT_EAR,Y_LEFT_EAR,Z_LEFT_EAR,visibility_LEFT_EAR,X_RIGHT_EAR,Y_RIGHT_EAR,Z_RIGHT_EAR,visibility_RIGHT_EAR,X_MOUTH_LEFT,Y_MOUTH_LEFT,Z_MOUTH_LEFT,visibility_MOUTH_LEFT,X_MOUTH_RIGHT,Y_MOUTH_RIGHT,Z_MOUTH_RIGHT,visibility_MOUTH_RIGHT,X_LEFT_SHOULDER,Y_LEFT_SHOULDER,Z_LEFT_SHOULDER,visibility_LEFT_SHOULDER,X_RIGHT_SHOULDER,Y_RIGHT_SHOULDER,Z_RIGHT_SHOULDER,visibility_RIGHT_SHOULDER,X_LEFT_ELBOW,Y_LEFT_ELBOW,Z_LEFT_ELBOW,visibility_LEFT_ELBOW,X_RIGHT_ELBOW,Y_RIGHT_ELBOW,Z_RIGHT_ELBOW,visibility_RIGHT_ELBOW,X_LEFT_WRIST,Y_LEFT_WRIST,Z_LEFT_WRIST,visibility_LEFT_WRIST,X_RIGHT_WRIST,Y_RIGHT_WRIST,Z_RIGHT_WRIST,visibility_RIGHT_WRIST,X_LEFT_PINKY,Y_LEFT_PINKY,Z_LEFT_PINKY,visibility_LEFT_PINKY,X_RIGHT_PINKY,Y_RIGHT_PINKY,Z_RIGHT_PINKY,visibility_RIGHT_PINKY,X_LEFT_INDEX,Y_LEFT_INDEX,Z_LEFT_INDEX,visibility_LEFT_INDEX,X_RIGHT_INDEX,Y_RIGHT_INDEX,Z_RIGHT_INDEX,visibility_RIGHT_INDEX,X_LEFT_THUMB,Y_LEFT_THUMB,Z_LEFT_THUMB,visibility_LEFT_THUMB,X_RIGHT_THUMB,Y_RIGHT_THUMB,Z_RIGHT_THUMB,visibility_RIGHT_THUMB,X_LEFT_HIP,Y_LEFT_HIP,Z_LEFT_HIP,visibility_LEFT_HIP,X_RIGHT_HIP,Y_RIGHT_HIP,Z_RIGHT_HIP,visibility_RIGHT_HIP,X_LEFT_KNEE,Y_LEFT_KNEE,Z_LEFT_KNEE,visibility_LEFT_KNEE,X_RIGHT_KNEE,Y_RIGHT_KNEE,Z_RIGHT_KNEE,visibility_RIGHT_KNEE,X_LEFT_ANKLE,Y_LEFT_ANKLE,Z_LEFT_ANKLE,visibility_LEFT_ANKLE,X_RIGHT_ANKLE,Y_RIGHT_ANKLE,Z_RIGHT_ANKLE,visibility_RIGHT_ANKLE,X_LEFT_HEEL,Y_LEFT_HEEL,Z_LEFT_HEEL,visibility_LEFT_HEEL,X_RIGHT_HEEL,Y_RIGHT_HEEL,Z_RIGHT_HEEL,visibility_RIGHT_HEEL,X_LEFT_FOOT_INDEX,Y_LEFT_FOOT_INDEX,Z_LEFT_FOOT_INDEX,visibility_LEFT_FOOT_INDEX,X_RIGHT_FOOT_INDEX,Y_RIGHT_FOOT_INDEX,Z_RIGHT_FOOT_INDEX,visibility_RIGHT_FOOT_INDEX
0,-0.0125084687,-0.629177928,-0.357938945,0.999708474,0.00270378217,-0.649245083,-0.347737104,0.999095678,0.00426823087,-0.648689866,-0.335009307,0.998921752,0.00358139817,-0.648652732,-0.339723527,0.999310493,-0.0202854555,-0.657741189,-0.362488151,0.999453604,-0.0195365399,-0.655865669,-0.375775546,0.999512792,-0.0142504517,-0.642980576,-0.355374753,0.999659061,0.0489315465,-0.628521442,-0.24426049,0.999414921,-0.0877818093,-0.578717351,-0.26113984,0.999010921,0.0197361782,-0.61697185,-0.309141666,0.999801099,-0.0150963729,-0.581856,-0.340859383,0.999821961,0.143777043,-0.447580278,-0.121758372,0.999982834,-0.161753088,-0.492044181,-0.098674953,0.999958277,0.187171355,-0.229556739,-0.0748002827,0.973175466,-0.183929965,-0.19477433,-0.132361934,0.979447544,0.198797181,0.00924379099,-0.0364135653,0.978164434,-0.163725644,0.0179714821,-0.205539405,0.98799324,0.188348681,0.0648978576,-0.0270109475,0.964987695,-0.136566028,0.0679844469,-0.253869772,0.979771793,0.153433666,0.0776031166,-0.0540485606,0.968749583,-0.0920809135,0.0452558734,-0.271722734,0.981833756,0.188726738,0.0444546677,-0.0443059467,0.958088696,-0.141334355,0.0223708544,-0.222442597,0.974401712,0.0927664414,-0.00336430199,0.0347831249,0.999978662,-0.0905737355,0.000461855205,-0.0335884541,0.999976873,0.132726863,0.391394824,0.0641364753,0.937177658,-0.0547351912,0.313766241,0.00726925582,0.921121478,0.156543016,0.69514817,0.26879102,0.964605093,-0.10343466,0.677025676,0.214965314,0.969679713,0.140685901,0.727844,0.292761445,0.725412428,-0.107197151,0.708473,0.193138525,0.659283936,0.185625866,0.760813773,0.241338491,0.957729399,-0.107656799,0.733810067,0.103695057,0.953189373
16.666666666666668,-0.0129822837,-0.629776478,-0.374151587,0.999729455,0.00260471273,-0.64938277,-0.361208826,0.999163687,0.00418513594,-0.648789823,-0.34857294,0.999001,0.00338537362,-0.648738086,-0.353003025,0.999359,-0.0208573341,-0.657885671,-0.375498325,0.999495,-0.020094404,-0.65611124,-0.389182657,0.999550045,-0.0146907214,-0.643393874,-0.368236601,0.99968493,0.0503371656,-0.628306568,-0.249986649,0.999452531,-0.087846227,-0.578724,-0.265281,0.999081671,0.0195630379,-0.617395699,-0.322335482,0.999813557,-0.0154943494,-0.582656,-0.354150295,0.999833345,0.144201949,-0.449877203,-0.121426567,0.999982774,-0.162183806,-0.492779195,-0.100194819,0.999959886,0.188150644,-0.234908625,-0.070057,0.972601533,-0.183830604,-0.196528688,-0.132351533,0.979420602,0.203494757,1.05515755e-005,-0.036629647,0.977533,-0.164105847,0.013349154,-0.206113651,0.987981677,0.194134921,0.0539251417,-0.0281662308,0.964060605,-0.136928827,0.0620454662,-0.255658597,0.979402423,0.159231752,0.0666687712,-0.0555096827,0.967963874,-0.0927102,0.0364317596,-0.273241162,0.981493354,0.19379285,0.0358513929,-0.0445536561,0.956892133,-0.141581178,0.0176844168,-0.223194152,0.973584116,0.0929295495,-0.00369327562,0.0354857035,0.999979,-0.0908162892,0.000777391,-0.0340903699,0.999977469,0.13278164,0.388033599,0.102727786,0.937596083,-0.0551883802,0.312772,0.0241443254,0.923813403,0.158571556,0.692804098,0.332075268,0.965082347,-0.100062557,0.676916659,0.229325846,0.970500052,0.143219396,0.726622283,0.359090835,0.7316342,-0.10298416,0.70835942,0.208933741,0.668044746,0.1880766,0.758518457,0.310463279,0.957885385,-0.106610149,0.731814444,0.118484251,0.953910232
33.333333333333336,-0.0130478665,-0.630889177,-0.374415606,0.999748349,0.00273369509,-0.64985311,-0.361194879,0.999225,0.00437248871,-0.649219215,-0.348605573,0.999073267,0.00345734786,-0.649112046,-0.353000551,0.999403417,-0.0208626874,-0.658353806,-0.375240654,0.999532044,-0.0201036818,-0.656717598,-0.388859153,0.999583304,-0.0146840885,-0.644201338,-0.367932022,0.999707937,0.0532116704,-0.628301561,-0.249877647,0.999489,-0.087222822,-0.578963876,-0.264005423,0.999145627,0.0196318701,-0.618383706,-0.32257238,0.999825835,-0.0154926153,-0.584043324,-0.354007095,0.999844313,0.146613687,-0.451693863,-0.118907787,0.999983,-0.162341133,-0.493600905,-0.0962811336,0.999961615,0.191695794,-0.237347737,-0.0665249303,0.972956777,-0.183551833,-0.197265133,-0.122354172,0.979769588,0.20806922,-0.00449472386,-0.0374871455,0.977804899,-0.164629415,0.0116136502,-0.200608879,0.988327265,0.198593795,0.0492223203,-0.0307108071,0.964494348,-0.137628853,0.0603018515,-0.250988543,0.979783714,0.163178414,0.0616125874,-0.0582998842,0.968350112,-0.0938459411,0.0341158584,-0.269443601,0.981826603,0.19814989,0.031498298,-0.045569662,0.957230031,-0.142030552,0.0161101427,-0.218324438,0.97386843,0.0931800902,-0.00388038647,0.0354906097,0.999979675,-0.0910900235,0.000992629095,-0.0340687744,0.999978364,0.134271637,0.386284828,0.0981454328,0.940491855,-0.0555041507,0.312190413,0.0251182113,0.928216159,0.1622435,0.691755354,0.330957502,0.966399133,-0.0942278728,0.677060246,0.229229078,0.971956074,0.147351474,0.726111948,0.358553201,0.741024256,-0.0965418667,0.708574295,0.208881751,0.682866871,0.191539019,0.758172512,0.312470913,0.959083796,-0.106561579,0.731804371,0.120730765,0.955799818
50.0,-0.0141466185,-0.631601512,-0.375611573,0.999765396,0.00218568742,-0.650198281,-0.362000644,0.999280512,0.00386042031,-0.649538279,-0.349438131,0.999138832,0.0027950909,-0.649397671,-0.353790909,0.999443293,-0.0219484419,-0.658699572,-0.375941604,0.999565661,-0.0212196372,-0.657134295,-0.389568269,0.999613702,-0.0156531613,-0.644726932,-0.368617326,0.999728918,0.0533541851,-0.628309548,-0.249769,0.999521613,-0.0876751691,-0.579138458,-0.263948977,0.999204576,0.0190447904,-0.619041681,-0.323412865,0.999836624,-0.0164411832,-0.584917367,-0.354809642,0.999854,0.146758959,-0.45312348,-0.116331354,0.999983,-0.163319349,-0.494434685,-0.0959715545,0.999962866,0.191920891,-0.239222586,-0.0617069788,0.973018765,-0.183687732,-0.198478252,-0.121204615,0.980037749,0.209258556,-0.00788163766,-0.0373361968,0.977973521,-0.165080622,0.00940303877,-0.199967191,0.988544106,0.199869528,0.0451643094,-0.0307445582,0.964848638,-0.138030529,0.057638634,-0.250639468,0.979967415,0.164671451,0.0574347228,-0.0583658107,0.968687713,-0.0945394635,0.0308063515,-0.269070387,0.981982529,0.19946219,0.0280137639,-0.0454754606,0.957586467,-0.14242509,0.0138010532,-0.217693955,0.973912418,0.0933532864,-0.00403690897,0.0357245728,0.999980032,-0.0913026333,0.00115861825,-0.0342017598,0.99997896,0.134446159,0.384352684,0.101552866,0.943133,-0.055771824,0.311675876,0.0301107671,0.93217212,0.162389502,0.689928234,0.337157,0.967700362,-0.0922499523,0.676985323,0.235356286,0.973268449,0.147455573,0.724805176,0.364993215,0.750508726,-0.0943611339,0.708506763,0.215409428,0.695483088,0.191472545,0.757058263,0.318490177,0.960298419,-0.105896279,0.731320858,0.128060073,0.95743084
66.66666666666667,-0.0145250726,-0.631308734,-0.380505919,0.999784052,0.00210391358,-0.649659812,-0.367305636,0.999339879,0.00379955047,-0.64895618,-0.354741484,0.999209106,0.00270519941,-0.648822,-0.359091163,0.999487758,-0.022119863,-0.658275843,-0.380929381,0.999601543,-0.0213817284,-0.656716764,-0.394540071,0.99964565,-0.0157835577,-0.644392252,-0.37353465,0.99975127,0.0540594868,-0.627406061,-0.254238129,0.999558389,-0.0874298289,-0.57885015,-0.266866028,0.999268115,0.0188970845,-0.618779123,-0.32810691,0.999849081,-0.0165826641,-0.584770739,-0.359242618,0.999865294,0.147221982,-0.453323811,-0.116642855,0.999983549,-0.163220659,-0.494425684,-0.096892789,0.999964833,0.192366689,-0.239869356,-0.0617432557,0.973777413,-0.1831889,-0.198607683,-0.121111371,0.980790675,0.209782898,-0.00813029706,-0.0376705788,0.978843451,-0.165282503,0.00947978534,-0.199336499,0.989063442,0.200299263,0.0450040326,-0.0314242691,0.966170549,-0.138294816,0.0577343851,-0.250073671,0.980707,0.165336072,0.0574709438,-0.0592012443,0.969884157,-0.095062755,0.0311583076,-0.268735915,0.982649088,0.200061381,0.0277472157,-0.0458533727,0.959110081,-0.142628565,0.0138785224,-0.21716775,0.97474277,0.0933866501,-0.00411039079,0.035759721,0.999980688,-0.0913513079,0.00122594647,-0.0342155583,0.999979794,0.134712815,0.384506434,0.102053739,0.945625782,-0.0562471412,0.311604947,0.0305450857,0.936055362,0.163388953,0.689618409,0.335484356,0.968898952,-0.0914607346,0.677374542,0.234996676,0.974571228,0.148472637,0.724506199,0.36290586,0.758810222,-0.0934852883,0.708939195,0.214893728,0.707102954,0.192050174,0.756372809,0.316273272,0.961640239,-0.105393291,0.731400311,0.127255663,0.959282756
83.33333333333334,-0.0147666065,-0.631210864,-0.38528946,0.99979949,0.00204209983,-0.649458,-0.371982485,0.999389052,0.00375558063,-0.648718476,-0.35938859,0.999266565,0.00261879386,-0.64858228,-0.36371,0.99952364,-0.0223253071,-0.658124268,-0.385510474,0.999631524,-0.0215769093,-0.656586051,-0.399148703,0.999672472,-0.0159587059,-0.644314,-0.378042817,0.999770045,0.054475259,-0.626764894,-0.257824123,0.999587238,-0.0874283761,-0.5786888,-0.269882739,0.999319911,0.0187973902,-0.618665695,-0.332602292,0.999858677,-0.0167602953,-0.584726512,-0.363708794,0.999874055,0.147223264,-0.453362286,-0.118321829,0.999983728,-0.163227275,-0.494447,-0.0983899534,0.999966323,0.192517295,-0.240226582,-0.0620114207,0.97396493,-0.182633668,-0.198606193,-0.121574625,0.981072545,0.210581824,-0.00823375396,-0.0370651521,0.978798568,-0.165334046,0.0095696263,-0.200174451,0.989292443,0.201298311,0.0449197516,-0.0307874884,0.965999305,-0.138399944,0.0578929186,-0.251149714,0.980898142,0.166321218,0.0575007275,-0.058591444,0.969740033,-0.0952832848,0.0314955823,-0.269816577,0.982820749,0.200934425,0.0276907515,-0.0451600179,0.958851218,-0.142663509,0.01395592,-0.218129456,0.974826455,0.093395777,-0.0042338795,0.0359168574,0.999981046,-0.0913682804,0.00134315016,-0.0343250781,0.99998039,0.135106757,0.384580135,0.107001349,0.946721792,-0.0557741076,0.311452419,0.0300225038,0.938830495,0.164525256,0.689642251,0.341559708,0.969429731,-0.0906574279,0.677825809,0.234768316,0.975466967,0.149816498,0.724608243,0.369059265,0.764025867,-0.0927631184,0.709457219,0.214562371,0.715333164,0.194511026,0.756285846,0.322504818,0.96204406,-0.104152113,0.731460035,0.126142189,0.960386395
100.00000000000001,-0.0147950752,-0.631255507,-0.384513021,0.999809,0.00207083044,-0.649468243,-0.371240348,0.999421418,0.0037899944,-0.648721814,-0.358636081,0.999304295,0.00262516644,-0.648584604,-0.362989038,0.999545574,-0.0223377105,-0.658139,-0.384801269,0.999651074,-0.0215942487,-0.656615257,-0.398441404,0.999690235,-0.0159676354,-0.644357681,-0.37735638,0.999782145,0.0550575256,-0.626701593,-0.257489681,0.99960506,-0.0873327479,-0.578690946,-0.269705892,0.999352872,0.018803807,-0.618709087,-0.332126498,0.999863923,-0.0167766158,-0.584831655,-0.363184035,0.999878824,0.147680432,-0.453649372,-0.118573055,0.99998343,-0.163230747,-0.494635016,-0.0984001756,0.999966741,0.192872897,-0.240583718,-0.062902756,0.973829,-0.182570368,-0.198843226,-0.121768676,0.980887592,0.211218134,-0.00915079,-0.0389316231,0.978334606,-0.165328458,0.00921228807,-0.201599315,0.989208221,0.201952711,0.0439717285,-0.0330890752,0.965372622,-0.138386101,0.0576627292,-0.253026277,0.980603337,0.16695714,0.0563216358,-0.0607572943,0.969170928,-0.0952582359,0.0310794488,-0.271531671,0.982535303,0.201597929,0.026778955,-0.0470508,0.958046675,-0.142641485,0.0136143137,-0.219626516,0.974284,0.0934160948,-0.00434365775,0.0358991623,0.999981225,-0.091397658,0.00145969784,-0.0342735201,0.999980748,0.135158911,0.383641601,0.108635806,0.947942615,-0.0555070601,0.31056276,0.0326634422,0.941052675,0.164479598,0.688517392,0.346225232,0.969948053,-0.0878779218,0.677494407,0.234622568,0.976232231,0.149739519,0.723683894,0.374103218,0.769244432,-0.0899180099,0.709151149,0.214211613,0.724469,0.194455445,0.755677581,0.32993117,0.962116897,-0.104034781,0.730493426,0.126825169,0.961108208
116.66666666666669,-0.0149709256,-0.631246209,-0.38841033,0.999821126,0.00202413881,-0.649417639,-0.375301808,0.999460697,0.00375025906,-0.648653388,-0.362740099,0.999350846,0.00256394339,-0.648520708,-0.367009103,0.999574721,-0.022470912,-0.658099949,-0.388835818,0.999674499,-0.0217032153,-0.656581938,-0.402505577,0.999711156,-0.016066486,-0.644340634,-0.381393105,0.999796629,0.0553548746,-0.62632376,-0.26193139,0.999628782,-0.0872624218,-0.578574598,-0.273353249,0.99939245,0.0187371839,-0.618668437,-0.336002201,0.99987185,-0.0168596487,-0.584820569,-0.367106169,0.999885798,0.147862613,-0.453640968,-0.122150682,0.999983788,-0.16319254,-0.494618684,-0.100647375,0.999967694,0.193395197,-0.240700096,-0.066235818,0.974548638,-0.181885883,-0.198777169,-0.122114636,0.980943322,0.211257085,-0.00918212,-0.0440163314,0.978809416,-0.165578038,0.00927894562,-0.201760799,0.989221,0.20195052,0.0440483578,-0.0385786667,0.966019213,-0.1387178,0.0577187613,-0.25310573,0.980487168,0.166936889,0.0563359112,-0.0662959,0.969755113,-0.0962502807,0.031196475,-0.271731019,0.98243624,0.201605111,0.026692953,-0.0520796403,0.958773077,-0.142967299,0.0136728846,-0.219862625,0.974069238,0.0934985951,-0.00441112928,0.0360795781,0.999981582,-0.0914914533,0.00151628442,-0.0344352797,0.999981165,0.136389866,0.383783728,0.111124717,0.949466109,-0.0555312335,0.310551047,0.0319919847,0.943907201,0.167737409,0.688907743,0.345749229,0.970869482,-0.0881226286,0.678211868,0.234221354,0.977166712,0.153395519,0.724200249,0.373293221,0.775301039,-0.0902149901,0.709876895,0.21370776,0.731643677,0.199230269,0.756009,0.327197164,0.96307683,-0.102014035,0.731517911,0.126009256,0.962331057
133.33333333333334,-0.0152305206,-0.631146371,-0.38747263,0.99982959,0.00184340414,-0.649294376,-0.37446031,0.999487936,0.00357815484,-0.648514032,-0.361890435,0.999382,0.00236337,-0.648390234,-0.36618638,0.9995929,-0.0227615796,-0.658010423,-0.388058394,0.999691486,-0.0219697133,-0.656491041,-0.401710719,0.999726772,-0.016326189,-0.644270301,-0.380634099,0.999807477,0.0553560741,-0.626190186,-0.261490703,0.999641776,-0.0873502642,-0.578537047,-0.273094893,0.999421895,0.0185467321,-0.618599892,-0.335231483,0.999876082,-0.0170975961,-0.584770679,-0.366364479,0.99989,0.147853076,-0.453670025,-0.121347949,0.99998349,-0.16317302,-0.494856268,-0.101029508,0.99996829,0.193337858,-0.240643188,-0.0644912571,0.974233747,-0.182039768,-0.199306682,-0.123186216,0.981039703,0.211335644,-0.009049071,-0.0402766168,0.978508,-0.165597722,0.00921496376,-0.202012062,0.989241242,0.20207949,0.0441170186,-0.0343935564,0.965622723,-0.138715044,0.0576758236,-0.253330618,0.980367899,0.167233333,0.0563340783,-0.0620716847,0.969429314,-0.0962020457,0.0311591346,-0.271842092,0.982324481,0.2017584,0.0267491546,-0.0482727736,0.958379626,-0.142972767,0.0135902483,-0.220034033,0.973818183,0.0935087129,-0.00445754686,0.036500711,0.999981344,-0.0915036798,0.00155108515,-0.0348328389,0.999981165,0.136253253,0.383464247,0.112503,0.949287772,-0.0554454103,0.310177773,0.0315247849,0.945282578,0.167059109,0.688933909,0.343115628,0.970938087,-0.0883147046,0.678260088,0.231439143,0.97754389,0.15256232,0.724261224,0.370205641,0.777833164,-0.0904484913,0.709932208,0.210593075,0.734907806,0.198116213,0.755925417,0.323081791,0.962889433,-0.101246446,0.731462359,0.120298021,0.962578595
150.0,-0.0154237449,-0.630972,-0.388268679,0.999839604,0.00179251144,-0.649068952,-0.375162214,0.999520242,0.00354654202,-0.648267388,-0.362650573,0.999419868,0.00231521064,-0.648157299,-0.366904736,0.999616623,-0.0229101442,-0.657749355,-0.388759,0.999710917,-0.0220917538,-0.656249464,-0.402411193,0.999744058,-0.0164506789,-0.644062817,-0.381335646,0.999819517,0.0558454134,-0.625901341,-0.261719614,0.999659777,-0.0873207301,-0.578331888,-0.273088545,0.999454618,0.0184984021,-0.618410587,-0.335806817,0.9998824,-0.0171936192,-0.584605873,-0.366883039,0.999895751,0.148196742,-0.453656733,-0.121323131,0.999983609,-0.163146436,-0.494783789,-0.101075932,0.999969125,0.193600684,-0.240461066,-0.0660468414,0.974023044,-0.182403624,-0.199225649,-0.123176619,0.981080055,0.211622879,-0.00891849585,-0.0502712093,0.978554666,-0.166506544,0.00925538503,-0.201904878,0.989298403,0.202514783,0.0441187471,-0.0463774651,0.965750933,-0.139406875,0.0576912686,-0.253257424,0.980337083,0.16765964,0.0561529137,-0.0742232502,0.969569087,-0.0969022959,0.0310493913,-0.271831751,0.982307553,0.202039152,0.0268170368,-0.0586982928,0.958470643,-0.143759251,0.0136137763,-0.219981864,0.973653734,0.0935255885,-0.0045035677,0.0367454849,0.999981284,-0.0915246159,0.00158245908,-0.0350564793,0.999981225,0.13594529,0.383740097,0.111112364,0.94844389,-0.0551310293,0.310172,0.0311139338,0.945956,0.166845292,0.690523744,0.340949804,0.970662773,-0.0884354338,0.680007339,0.228125349,0.977690399,0.15235357,0.725880742,0.368042499,0.778113186,-0.0905970111,0.711731613,0.206931025,0.735627532,0.19760783,0.756343722,0.321745217,0.962655962,-0.0997165,0.732036233,0.114491127,0.962694049
166.66666666666666,-0.0154570406,-0.630844951,-0.390071481,0.999848187,0.00186986069,-0.648890853,-0.376636535,0.999548078,0.00362557848,-0.64806509,-0.364101648,0.999452591,0.002344687,-0.64794,-0.368334502,0.99963659,-0.0229179058,-0.657594264,-0.389827549,0.999727666,-0.0221020989,-0.656134486,-0.403511196,0.999759,-0.0164574422,-0.643958,-0.382393122,0.999829888,0.0571421683,-0.625474,-0.262394,0.999676704,-0.0870535597,-0.578244686,-0.273105234,0.999483824,0.0185498018,-0.618233085,-0.337640375,0.999887705,-0.0172052421,-0.584546208,-0.368193477,0.999900579,0.14899753,-0.453491211,-0.122489311,0.99998349,-0.163126737,-0.494799942,-0.101135723,0.99996978,0.194039404,-0.240107611,-0.0680739954,0.974057853,-0.182727113,-0.19921574,-0.123472258,0.981278419,0.212147713,-0.0089007467,-0.0510423742,0.97823143,-0.166794479,0.00905906595,-0.204362333,0.989402235,0.202961668,0.0440245233,-0.0468597077,0.965273559,-0.139629692,0.057491336,-0.256255835,0.98037827,0.16818051,0.0558403619,-0.0746634901,0.969120502,-0.0969388336,0.0306100789,-0.274606198,0.982332885,0.202573746,0.0267849397,-0.0594128,0.95780164,-0.143912151,0.0134361796,-0.222497657,0.973593652,0.0935756564,-0.00454588281,0.0367036499,0.999981403,-0.0915844738,0.00164481089,-0.0349739715,0.999981523,0.13655296,0.383456945,0.10844139,0.950061798,-0.0549234301,0.3102566,0.0319500491,0.947830796,0.166801378,0.689985,0.340064645,0.971271813,-0.0873885527,0.67972821,0.2335933,0.978264213,0.152265966,0.725378633,0.367614955,0.782729,-0.0895971358,0.711398363,0.213357881,0.742667794,0.197457165,0.756327927,0.321966916,0.963040769,-0.0997899398,0.731789529,0.126024798,0.963273585
183.33333333333331,-0.0153766992,-0.631300747,-0.384189665,0.999855101,0.00217672414,-0.649268031,-0.370572418,0.999570549,0.00396667654,-0.64845,-0.358145326,0.999479592,0.00266715349,-0.648316085,-0.36232996,0.999653518,-0.0226402935,-0.658086598,-0.383527309,0.999740779,-0.0218341257,-0.656615138,-0.397037953,0.999770761,-0.016155161,-0.644448221,-0.37613076,0.999838,0.0581819788,-0.625594199,-0.257318,0.99969089,-0.0859517753,-0.578745067,-0.266679108,0.999505758,0.0187604129,-0.618580043,-0.332294732,0.999892473,-0.017029589,-0.584985673,-0.362371325,0.999904692,0.14983657,-0.45343408,-0.120791532,0.999983728,-0.162831441,-0.49520281,-0.0953183547,0.999970376,0.194164202,-0.240041673,-0.0674360171,0.974889219,-0.182740316,-0.199945718,-0.114775054,0.981533587,0.212115109,-0.00881185848,-0.0495251454,0.978948176,-0.166806668,0.00883907638,-0.192877039,0.989523709,0.202923849,0.0441182,-0.0455167294,0.966317654,-0.139613569,0.0574258901,-0.242822483,0.980535626,0.168147266,0.0559374206,-0.0731536523,0.97004658,-0.0969354808,0.0306258351,-0.262183666,0.982472897,0.202539787,0.0268595,-0.0578071,0.959024429,-0.143918201,0.0132264262,-0.210953087,0.9738276,0.0936578512,-0.00456017908,0.0366343372,0.999981701,-0.0916561,0.0016596216,-0.0349053405,0.999981821,0.136534825,0.38287276,0.102316186,0.951580524,-0.0553727411,0.310199589,0.0311772134,0.949999154,0.166742951,0.689322829,0.335863,0.97180891,-0.0874555111,0.679846942,0.230887547,0.978967667,0.152171984,0.724666834,0.363663405,0.786198795,-0.0896244496,0.711545587,0.210275844,0.748527,0.197363526,0.755746841,0.318109,0.963600159,-0.0994442403,0.732256174,0.12245968,0.964233
199.99999999999997,-0.0153846918,-0.631361902,-0.385078281,0.99986279,0.00220093015,-0.649292707,-0.371402442,0.999595523,0.00399498781,-0.648468316,-0.359005302,0.999509096,0.00267666695,-0.648332238,-0.363137424,0.999671876,-0.0226464774,-0.658091903,-0.384413272,0.99975574,-0.0218398627,-0.656635404,-0.397969633,0.999784112,-0.016158551,-0.644475162,-0.377009213,0.999847293,0.0583839752,-0.625583529,-0.257785767,0.999705732,-0.0859076828,-0.578745,-0.267110109,0.999531567,0.0187956579,-0.618618,-0.333022684,0.99989754,-0.0170251559,-0.585050762,-0.363224953,0.999909222,0.150051907,-0.453583539,-0.120860375,0.999983847,-0.162830859,-0.495277107,-0.0957315415,0.999971092,0.194418281,-0.240181282,-0.0694481879,0.974750102,-0.182718962,-0.199900717,-0.115307637,0.981450796,0.212574422,-0.0096839387,-0.0571697019,0.978723824,-0.167061,0.00868377462,-0.195685178,0.989521861,0.203664944,0.0429312028,-0.0540025271,0.966037512,-0.139921084,0.0571074449,-0.246542484,0.980445504,0.168895736,0.0545057468,-0.0818324164,0.96980387,-0.0973421335,0.0300704725,-0.265997171,0.982395232,0.203017741,0.0259154961,-0.0657010078,0.958609104,-0.144191816,0.0130388299,-0.214046329,0.97358954,0.0937231332,-0.0046215076,0.0368089713,0.999981761,-0.0917285606,0.00171620678,-0.035038285,0.999982059,0.136516735,0.382894129,0.102586471,0.951712251,-0.0553544387,0.310401469,0.0309678186,0.950909555,0.166649774,0.689333856,0.336567372,0.971749723,-0.0872580782,0.679924726,0.230826914,0.97902751,0.152114,0.724676967,0.364403456,0.787856936,-0.0893183872,0.711580336,0.210286647,0.749867916,0.19722271,0.755764902,0.318780452,0.963502705,-0.0977560282,0.73230052,0.122399509,0.964145
216.66666666666663,-0.0150611075,-0.631223857,-0.385138959,0.999866903,0.0026617425,-0.64912653,-0.371514082,0.999610901,0.0044503957,-0.648292601,-0.35909459,0.999527574,0.00310693262,-0.648158729,-0.363251269,0.999682605,-0.0222723819,-0.65791,-0.384552687,0.999764562,-0.0214697048,-0.656458378,-0.398133576,0.999792218,-0.0157781392,-0.644307613,-0.377154768,0.999852657,0.0589360446,-0.625503361,-0.257894665,0.999715209,-0.0853699744,-0.578657389,-0.267316639,0.999547184,0.0191682912,-0.618537426,-0.333074957,0.99990046,-0.0166819394,-0.584987044,-0.363347083,0.999911726,0.150628597,-0.453667134,-0.120907091,0.999983788,-0.162728235,-0.49533546,-0.0958536863,0.99997133,0.194552258,-0.240207538,-0.0694511831,0.974938095,-0.182776079,-0.20035021,-0.115700439,0.981662273,0.212554052,-0.00962579,-0.0565119945,0.978947163,-0.167043626,0.00801211409,-0.196941033,0.989668369,0.203636691,0.042992074,-0.0530183427,0.966439188,-0.139888659,0.056395404,-0.2483394,0.980667949,0.168862388,0.0546027049,-0.0808349848,0.970158517,-0.0971776769,0.0293232426,-0.267596573,0.982592404,0.202992857,0.0259635821,-0.0650195852,0.959045172,-0.144145474,0.0123555027,-0.215301022,0.973822773,0.0937632,-0.00463827,0.0367719084,0.99998194,-0.0917745,0.00173166161,-0.0349856019,0.999982297,0.136480317,0.382914692,0.102636129,0.953404307,-0.0554721244,0.310218245,0.0314392447,0.952952385,0.166584104,0.689319074,0.336329132,0.972753,-0.0866746232,0.679696679,0.231123552,0.979835093,0.152032584,0.724658489,0.364067018,0.793883443,-0.0886094347,0.711350203,0.210548684,0.757580876,0.197006211,0.755954385,0.318193644,0.964578867,-0.0976922214,0.732322037,0.122842871,0.965304673
233.3333333333333,-0.0148394657,-0.631117582,-0.383494914,0.999870837,0.00302381255,-0.649035215,-0.370071501,0.999624372,0.00482817274,-0.648203671,-0.357635856,0.999543369,0.00350152818,-0.648070812,-0.361823,0.999692321,-0.0218730755,-0.65786922,-0.383152932,0.999772489,-0.0210580919,-0.656398118,-0.396655709,0.999799252,-0.0153581817,-0.64424628,-0.375758141,0.999857485,0.0593115762,-0.625477374,-0.257131547,0.999722898,-0.0847149864,-0.578705,-0.266723245,0.999560237,0.0193697885,-0.618480206,-0.331585497,0.999902904,-0.0164109506,-0.584944308,-0.361851215,0.999914,0.150650486,-0.453619,-0.1208148,0.999983847,-0.162296459,-0.495385498,-0.0955460444,0.999971569,0.19435516,-0.239670306,-0.0692021549,0.975376427,-0.182659656,-0.200540543,-0.115760535,0.981993556,0.211928725,-0.00822312944,-0.051048018,0.979384661,-0.167013556,0.00829234067,-0.194544584,0.989841282,0.202913508,0.0445901603,-0.0458658189,0.967082918,-0.139847711,0.0567525141,-0.24484475,0.980919361,0.1683321,0.0566735342,-0.0734528825,0.970728338,-0.0971648842,0.0301308092,-0.264188021,0.982821882,0.202470556,0.0273442809,-0.0592486933,0.95982486,-0.144129187,0.0126682045,-0.212692544,0.974189699,0.0937721357,-0.00466169696,0.0366976298,0.99998194,-0.0917808563,0.0017536988,-0.0349247716,0.999982297,0.137108013,0.382930219,0.0959332734,0.954527438,-0.0556120314,0.310282409,0.0287518,0.954285204,0.167083219,0.689319432,0.322275907,0.973148346,-0.086778149,0.680236459,0.22855705,0.980183601,0.152467802,0.724639773,0.349097908,0.795704544,-0.0887097493,0.711950123,0.207765788,0.759897888,0.197364077,0.755829275,0.30205062,0.964990675,-0.097684063,0.733742952,0.12014167,0.965768039
249.99999999999994,-0.0148429433,-0.63110894,-0.383521497,0.999874771,0.00302888476,-0.649027467,-0.370162964,0.999637365,0.00483255181,-0.64819473,-0.357712656,0.999559164,0.00350444415,-0.64806205,-0.361905366,0.999701858,-0.0218755417,-0.657864332,-0.383245736,0.999780059,-0.0210643262,-0.656392753,-0.396759093,0.999806166,-0.0153606841,-0.644238472,-0.375861466,0.999862134,0.0593646765,-0.625468254,-0.25730437,0.999730825,-0.0846940875,-0.578703165,-0.266933501,0.999572039,0.0193891954,-0.618472159,-0.33162722,0.999905169,-0.0164083783,-0.584937751,-0.361910582,0.999915898,0.150837734,-0.453615367,-0.121222802,0.999983966,-0.162219122,-0.495532393,-0.0956253707,0.999971747,0.194356918,-0.239740565,-0.0692942217,0.975782514,-0.182148203,-0.200927913,-0.116135091,0.981799245,0.211471379,-0.0085200388,-0.050718192,0.979628503,-0.166577756,0.00784431398,-0.194066823,0.989630401,0.202084035,0.0444962829,-0.04557731,0.967426062,-0.139272496,0.056552697,-0.243966579,0.980545342,0.167340711,0.0564996488,-0.0730165318,0.971034169,-0.0968207,0.0299750865,-0.263217062,0.982477,0.201894239,0.0269875675,-0.0588015504,0.960247338,-0.143727317,0.0122213103,-0.212126106,0.973733246,0.093829751,-0.00467319554,0.0366575718,0.999982238,-0.0918443203,0.00176689506,-0.034888681,0.999982536,0.136881992,0.382513374,0.0976884291,0.955573857,-0.0555170663,0.309538245,0.0322254486,0.955504477,0.166902259,0.688342273,0.328754902,0.97373873,-0.0866491944,0.678348899,0.232611343,0.980735719,0.152332976,0.723571539,0.356025636,0.799150586,-0.0885571,0.709945321,0.211780101,0.764269769,0.19701986,0.754933953,0.308710098,0.965613544,-0.0972641185,0.731098473,0.123263925,0.966533601
266.66666666666663,-0.0148320748,-0.631125212,-0.38096258,0.999878943,0.00310031348,-0.649047554,-0.367679507,0.999651134,0.00491255149,-0.648219168,-0.355241418,0.999575615,0.00358422403,-0.648086369,-0.359425366,0.999712408,-0.0218295846,-0.657910347,-0.380664259,0.999787867,-0.0210247766,-0.656439066,-0.394148439,0.999812961,-0.015314077,-0.644276,-0.373316497,0.999866784,0.0596230812,-0.625570595,-0.254986435,0.999739647,-0.0845340639,-0.578999937,-0.264265925,0.999584198,0.019444773,-0.618502915,-0.3291713,0.999907851,-0.0163835585,-0.584997177,-0.359246343,0.999918163,0.150960043,-0.453646958,-0.120246887,0.999984145,-0.162178889,-0.495979846,-0.0930990949,0.999972,0.19435893,-0.239682436,-0.0691883713,0.976287723,-0.182136923,-0.201664895,-0.113662899,0.981874585,0.211019292,-0.00842124503,-0.050540328,0.980101585,-0.166588783,0.00758473529,-0.191275373,0.989669681,0.201523423,0.0447282456,-0.0453052409,0.968120277,-0.139274552,0.0564518794,-0.240959749,0.98059386,0.166502357,0.0567421615,-0.0727850795,0.971647,-0.0968277305,0.0299411695,-0.260387212,0.982524216,0.20132798,0.0270779189,-0.0586548448,0.961031079,-0.143738672,0.0119994907,-0.209343478,0.973822236,0.093857646,-0.00468630856,0.036588829,0.999982417,-0.0918672755,0.00178031379,-0.0348217823,0.999982655,0.137358144,0.382562965,0.0964847207,0.956207395,-0.0555148311,0.309426099,0.0321010873,0.956324,0.166926056,0.688193798,0.327793837,0.973926127,-0.0866676,0.678160667,0.232656449,0.980959594,0.152325824,0.723349631,0.355107725,0.800354958,-0.0885750204,0.709750116,0.211836264,0.766131222,0.196981713,0.75478375,0.307926208,0.965841234,-0.0968651474,0.731110573,0.123516485,0.966849446
283.3333333333333,-0.0147356084,-0.631193519,-0.377620846,0.999878645,0.00329599157,-0.649108171,-0.364489317,0.999651492,0.00511014042,-0.648279846,-0.352074236,0.999576032,0.00377347157,-0.648145139,-0.356287628,0.999711454,-0.021611819,-0.658038497,-0.37742126,0.999787688,-0.020809304,-0.656561494,-0.390845865,0.999813139,-0.0150776869,-0.644392,-0.370075881,0.999866605,0.0598229617,-0.625684142,-0.252876133,0.999738872,-0.0839834884,-0.579479814,-0.262140542,0.999582887,0.0195612907,-0.618630409,-0.326255739,0.999907434,-0.0162311662,-0.585186422,-0.356239527,0.999917746,0.151178837,-0.453900635,-0.119289227,0.999984086,-0.161913678,-0.496674746,-0.0925324559,0.999971867,0.195005149,-0.239811346,-0.0687721,0.976433277,-0.181935266,-0.20215109,-0.114002682,0.981755793,0.211052835,-0.0085261194,-0.0484718606,0.980206847,-0.166479886,0.00750866858,-0.191559553,0.989628553,0.201501295,0.044720035,-0.0428201519,0.968337297,-0.139219329,0.0564344339,-0.241337582,0.980532,0.166471943,0.0567383952,-0.0700275,0.971827805,-0.0967901498,0.029959321,-0.260713935,0.982461154,0.201333925,0.0269590709,-0.0564014092,0.961273789,-0.143678203,0.0119526563,-0.209638745,0.973761261,0.0938700289,-0.0047053271,0.0365834162,0.999982536,-0.0918778107,0.00180326146,-0.0348157249,0.999982715,0.137398481,0.382516116,0.0950927287,0.956944,-0.055520393,0.309425712,0.0285868514,0.957280636,0.166898534,0.687791884,0.325561434,0.974277914,-0.0865020826,0.677895427,0.230628625,0.981189191,0.152288973,0.722877204,0.352786601,0.802297294,-0.0883720219,0.709435284,0.209899545,0.768259585,0.196991101,0.754497945,0.306195647,0.966153085,-0.0965950415,0.73112613,0.122710243,0.967111588
300.0,-0.014601443,-0.631166816,-0.379463464,0.99988085,0.00343431905,-0.649055779,-0.366327196,0.999659538,0.00524372375,-0.648222625,-0.353893787,0.999585032,0.00388755696,-0.648088157,-0.358098716,0.999716401,-0.0215188768,-0.657958627,-0.379341424,0.999792695,-0.0207109563,-0.656496,-0.392839432,0.999817729,-0.0149742942,-0.644326329,-0.37198624,0.999869823,0.0599334612,-0.625599384,-0.254356742,0.999742329,-0.083886385,-0.579323232,-0.263841778,0.999591589,0.0197396055,-0.618601859,-0.327894747,0.999908626,-0.0160668213,-0.585158,-0.358072072,0.999918938,0.15129599,-0.453889847,-0.119877771,0.999983847,-0.161789596,-0.496677041,-0.0941466838,0.999972,0.195003778,-0.239805982,-0.0698651895,0.976025164,-0.181756034,-0.202142462,-0.116417892,0.981674671,0.211259633,-0.00876529235,-0.0506142825,0.979751766,-0.166477069,0.00730811758,-0.195510373,0.989655912,0.201896429,0.0443310849,-0.0453238748,0.967718184,-0.13923195,0.0560911372,-0.246008754,0.980546713,0.166960254,0.0563035049,-0.0727059692,0.971277118,-0.0967988372,0.0295220111,-0.265373915,0.982476592,0.201593146,0.0267127063,-0.058700107,0.960528553,-0.14367801,0.0117353536,-0.213746384,0.973715842,0.0938820839,-0.00471801,0.0366236977,0.999982417,-0.0918908268,0.00181615842,-0.0348489136,0.999982715,0.137191802,0.382422268,0.096426256,0.956613898,-0.0555007644,0.309423447,0.0288181882,0.957360446,0.166002631,0.687806189,0.326132089,0.974234223,-0.0863152221,0.67783916,0.230696186,0.98108077,0.15132603,0.722895801,0.353317022,0.803085923,-0.0881387889,0.709355652,0.209989116,0.767978,0.196398228,0.754557312,0.306675911,0.966004968,-0.0957360864,0.731135368,0.122723497,0.966782451
316.6666666666667,-0.0145072117,-0.631162643,-0.385009676,0.999885261,0.00363432546,-0.649027348,-0.372004956,0.999673963,0.00541902,-0.64818567,-0.359466136,0.999602318,0.00403388869,-0.648052573,-0.363683879,0.999727428,-0.0213928577,-0.6579386,-0.384719223,0.999801219,-0.0206013042,-0.656483,-0.398376405,0.999825299,-0.014862488,-0.644310415,-0.377339542,0.999875069,0.0604969151,-0.625355721,-0.25968498,0.999751806,-0.0834601671,-0.579180181,-0.268289089,0.999605656,0.0199663658,-0.618560433,-0.333416015,0.999911547,-0.0158984605,-0.585148871,-0.363394439,0.999921381,0.152098507,-0.453751296,-0.12396396,0.999983907,-0.161202073,-0.496669531,-0.0963635296,0.999972343,0.195845246,-0.239713416,-0.0725092292,0.976208091,-0.181011289,-0.201905757,-0.118406162,0.981514573,0.211975887,-0.00885093864,-0.0521304086,0.979621947,-0.165873155,0.00691933464,-0.200796574,0.989578068,0.202408642,0.0441764817,-0.0470600761,0.967493,-0.138557598,0.0554449745,-0.25243327,0.980401695,0.167684793,0.0559369177,-0.0745103508,0.971064508,-0.0961102843,0.0284008291,-0.271418065,0.982339323,0.20234409,0.0265784096,-0.060176935,0.960200131,-0.143042848,0.0112153497,-0.219157577,0.973456442,0.0938936695,-0.00471569272,0.0364239328,0.999982715,-0.0919049382,0.00181742548,-0.0346129052,0.999983,0.137537837,0.382438898,0.100343652,0.957702577,-0.0553354025,0.308736086,0.0358863808,0.958293,0.166034982,0.687826395,0.335267752,0.974930763,-0.085759528,0.677534163,0.240231276,0.981583416,0.151350424,0.722926736,0.363088161,0.807621181,-0.0875985,0.709104538,0.219955519,0.773672,0.196356639,0.754769206,0.317480296,0.966712773,-0.0960447267,0.730815768,0.133493766,0.967472374
333.33333333333337,-0.0143578537,-0.630997896,-0.387065232,0.999886632,0.00384474569,-0.648886323,-0.374045879,0.999679387,0.00562409498,-0.648028374,-0.361502707,0.999609113,0.00421266258,-0.647899032,-0.365724176,0.999730289,-0.0212865248,-0.657780349,-0.386793077,0.999804378,-0.0204947982,-0.656329334,-0.400464624,0.999828458,-0.0147588234,-0.644174099,-0.379396677,0.999877,0.0608504489,-0.625286162,-0.260972351,0.999755383,-0.083418861,-0.579068422,-0.269844085,0.99961251,0.0202016179,-0.618445277,-0.335147709,0.999912202,-0.0157774892,-0.585045338,-0.365232438,0.999922037,0.152230844,-0.453763753,-0.124851882,0.999983728,-0.16117534,-0.496695489,-0.0973686352,0.999972284,0.195843622,-0.239700794,-0.0731691346,0.976386905,-0.181315064,-0.201799259,-0.119874626,0.981626689,0.211957514,-0.00894874148,-0.0522961244,0.979636967,-0.165858135,0.00677844742,-0.203405172,0.989701271,0.202330187,0.0440516546,-0.0471689142,0.967570066,-0.138489053,0.0551799573,-0.255166441,0.980627477,0.167666674,0.0557120033,-0.0745359436,0.971119881,-0.0959368199,0.0278947968,-0.273907185,0.982538879,0.202333018,0.0264631845,-0.0602723174,0.960271478,-0.142991677,0.0109577,-0.221580774,0.973732,0.0939402655,-0.00473246723,0.0364235,0.999982655,-0.0919532627,0.00183864834,-0.0346103162,0.999983,0.13765654,0.382269919,0.100570753,0.959094286,-0.0553330891,0.30869785,0.0326384492,0.960092485,0.166598082,0.686687946,0.337016821,0.975739658,-0.0851251,0.676243126,0.239383563,0.982187092,0.151975811,0.721730888,0.365088016,0.812311351,-0.0868340656,0.707580924,0.219486862,0.779514849,0.196578071,0.754351139,0.319865048,0.96752435,-0.0952993184,0.730529964,0.132924423,0.968308091
350.00000000000006,-0.014339067,-0.630987942,-0.381644398,0.999891698,0.00391483167,-0.648878813,-0.368571728,0.999694824,0.00571225956,-0.648021817,-0.356087655,0.999628,0.00430773105,-0.647891104,-0.360285521,0.999743283,-0.0211837646,-0.657795608,-0.381198257,0.999813378,-0.0204055831,-0.656338036,-0.394586444,0.999836206,-0.0146506485,-0.644185364,-0.373764,0.99988234,0.0610639751,-0.625289619,-0.256217927,0.999766946,-0.0831838548,-0.579321086,-0.264778137,0.999627411,0.0202482659,-0.618441403,-0.33008793,0.999916077,-0.0157345515,-0.585054815,-0.359818369,0.999925196,0.152266696,-0.453766137,-0.123138607,0.999984264,-0.161160752,-0.496867716,-0.0914771259,0.99997282,0.196077839,-0.239729494,-0.068823643,0.977331877,-0.181221992,-0.201824158,-0.112098269,0.981809199,0.211541876,-0.0083719641,-0.0407231972,0.980520129,-0.165966406,0.00673497235,-0.1929207,0.9898808,0.201615393,0.0451554656,-0.0343397446,0.968836546,-0.138656929,0.055059135,-0.242486611,0.980968773,0.166512594,0.0573491491,-0.061064247,0.972234786,-0.0965584517,0.0278909616,-0.261983126,0.982845128,0.201759547,0.0271361209,-0.0481553636,0.961746693,-0.143230498,0.0108923065,-0.210951805,0.974215925,0.0940091386,-0.00473094033,0.0362074748,0.999983,-0.0920017734,0.00184331066,-0.0343936495,0.999983251,0.137737349,0.382931352,0.0886702091,0.960634232,-0.0567929484,0.308855653,0.0247534215,0.96152246,0.16648218,0.68718946,0.322490931,0.976290643,-0.0854637,0.676322,0.23419264,0.982574403,0.1518417,0.722215,0.350354284,0.815366805,-0.0871309042,0.707676768,0.214526325,0.783207536,0.196547836,0.755119324,0.305842966,0.968249679,-0.0956870168,0.731506765,0.130021214,0.968982697
366.66666666666674,-0.0144841764,-0.631001353,-0.381424397,0.999892592,0.00379175111,-0.648889959,-0.368319273,0.999698579,0.00559007283,-0.648031473,-0.355834097,0.99963218,0.00416365732,-0.647903144,-0.360042632,0.999745429,-0.0213276297,-0.657826662,-0.380947292,0.999815345,-0.020543633,-0.656373322,-0.394372433,0.999838054,-0.0147945918,-0.644226074,-0.373524785,0.999883473,0.0610044785,-0.625336111,-0.25606516,0.999768496,-0.0832034647,-0.579445958,-0.264632791,0.999629736,0.0201623831,-0.618481934,-0.32990858,0.999916375,-0.0158357415,-0.585116446,-0.359658539,0.999925375,0.152223453,-0.453939736,-0.122700118,0.999984205,-0.16114758,-0.497366786,-0.0917039588,0.99997282,0.1963294,-0.239842162,-0.0679568797,0.97719115,-0.181512043,-0.202183083,-0.114293382,0.981482208,0.211660236,-0.00861694477,-0.0394311808,0.980311573,-0.165908277,0.0063529918,-0.195208892,0.989677727,0.201679647,0.0448088907,-0.0330712944,0.96854955,-0.138506368,0.0546998568,-0.245307446,0.980588436,0.166510493,0.0567948185,-0.0596802942,0.971967,-0.0962300152,0.0273277722,-0.264125377,0.982489169,0.201828316,0.0268230885,-0.0467834733,0.961364865,-0.143119887,0.0104408972,-0.213059768,0.973660707,0.0940116122,-0.00476125721,0.0363805704,0.999983,-0.0920073316,0.0018734996,-0.0345590115,0.999983251,0.137746662,0.382869601,0.0961834118,0.960418463,-0.0567891151,0.308692843,0.0248600263,0.96190846,0.166339174,0.686946332,0.330075234,0.976371,-0.0854136795,0.676262677,0.23407,0.982682049,0.151678175,0.72197926,0.357907832,0.816473067,-0.087032795,0.707630754,0.214353204,0.784412324,0.196486533,0.754974842,0.31340307,0.968222916,-0.0948275179,0.731645823,0.129696518,0.969015479
383.3333333333334,-0.0144731374,-0.631066799,-0.381232858,0.999892056,0.00381761184,-0.648949206,-0.368151695,0.999698222,0.00562385423,-0.648087204,-0.355677128,0.999631703,0.0041899886,-0.647960722,-0.359887898,0.999744415,-0.0213092193,-0.657883584,-0.380798787,0.999814749,-0.02052317,-0.656436443,-0.394231588,0.999837637,-0.0147753628,-0.644299507,-0.373375,0.999883056,0.0610695109,-0.62539,-0.255974114,0.999767721,-0.083121,-0.579502821,-0.26447174,0.999627411,0.0202006083,-0.618564308,-0.329745591,0.999915779,-0.0158055034,-0.585198522,-0.359493911,0.999924719,0.15228048,-0.454086095,-0.12264543,0.999984086,-0.161112383,-0.497420281,-0.0918432102,0.999972582,0.196299434,-0.239958107,-0.0685988963,0.977010131,-0.181709141,-0.202177316,-0.11459022,0.981070697,0.211636528,-0.00896482356,-0.0420526974,0.97994566,-0.166122213,0.00595319085,-0.19532083,0.989426136,0.201670945,0.0443912484,-0.0362433307,0.968059421,-0.138658151,0.054099746,-0.245531097,0.980185926,0.166516393,0.0563398562,-0.0628038868,0.971506834,-0.0964023247,0.0265449844,-0.264396757,0.982118726,0.201818094,0.0264756903,-0.0495192632,0.96073097,-0.143330991,0.00988794584,-0.213220552,0.973114848,0.0940222517,-0.00479725888,0.0363849849,0.999983191,-0.092018,0.00191173935,-0.0345616043,0.99998343,0.137871534,0.382849425,0.0964993909,0.960881174,-0.0566042587,0.308723807,0.024112843,0.962732494,0.166323662,0.687005937,0.330218166,0.976763785,-0.0853026658,0.67636919,0.229691774,0.983007967,0.151667312,0.722049177,0.358023077,0.8192572,-0.0869111493,0.707733631,0.209488332,0.787484348,0.19737269,0.754979253,0.313429385,0.968605518,-0.0946953297,0.731735826,0.123343781,0.969441175
400.0000000000001,-0.0144192642,-0.631029189,-0.380956084,0.999892294,0.00386662013,-0.648902595,-0.367973506,0.999699771,0.00566360448,-0.648042321,-0.355496198,0.999634206,0.00423529,-0.647917211,-0.3597112,0.999745309,-0.0212282296,-0.657857299,-0.380665541,0.999815464,-0.0204442777,-0.656405866,-0.394112319,0.999838591,-0.0146903181,-0.644256234,-0.373257875,0.999883592,0.0610760674,-0.625388324,-0.255942374,0.999769032,-0.0829857439,-0.579513788,-0.264512181,0.999629736,0.0202291645,-0.618546844,-0.329493374,0.999916315,-0.0157372039,-0.585190654,-0.359348774,0.999925256,0.152385533,-0.454103082,-0.122361824,0.999984086,-0.161107,-0.497683525,-0.0921993926,0.999972641,0.196322039,-0.239966676,-0.068092376,0.977332115,-0.182221025,-0.203054637,-0.114897072,0.981340051,0.211608768,-0.00903005,-0.0419104,0.980343103,-0.166087702,0.00520685082,-0.195453182,0.989524722,0.201563537,0.0442897417,-0.0361613706,0.96867311,-0.138472199,0.0534133203,-0.245669752,0.980350494,0.166466579,0.0560949706,-0.0628170595,0.972063243,-0.0960005522,0.0259450711,-0.26458472,0.982266545,0.201794431,0.0263436567,-0.0494342521,0.961482882,-0.143232405,0.00913107395,-0.213388607,0.973338723,0.0940654576,-0.00480419211,0.0363941602,0.999983132,-0.0920690596,0.00191997457,-0.0345705338,0.99998337,0.138005853,0.382543683,0.0965127498,0.961846769,-0.0568607822,0.30865854,0.0261859652,0.963617325,0.166606292,0.686654687,0.330278605,0.977195323,-0.0856419057,0.676322401,0.23301208,0.983338475,0.151881427,0.721632421,0.358086437,0.821097076,-0.0872698426,0.707698047,0.212922111,0.789752483,0.196729422,0.754407763,0.313356042,0.9691239,-0.0950520262,0.731562138,0.126389444,0.969951451
416.6666666666668,-0.0143909538,-0.631193638,-0.380966306,0.999889851,0.00392563641,-0.649017572,-0.367975444,0.999694049,0.00572003052,-0.648151636,-0.355497897,0.999626935,0.00428090431,-0.648028791,-0.359713614,0.999739707,-0.0211743601,-0.658011436,-0.380679816,0.99981159,-0.0203935318,-0.656579912,-0.394142807,0.999835312,-0.0146382852,-0.644434,-0.373277426,0.999881208,0.0610992201,-0.625391901,-0.255943596,0.999763846,-0.082941927,-0.579662859,-0.264579058,0.999621749,0.020241959,-0.618648291,-0.329506904,0.999914289,-0.0157263894,-0.585395336,-0.359393597,0.999923468,0.152373105,-0.45411253,-0.122335926,0.999983788,-0.161116764,-0.497891963,-0.0927925855,0.999972284,0.196154326,-0.239997268,-0.0684283152,0.976828873,-0.182449639,-0.203554377,-0.11627765,0.980880141,0.211557925,-0.00918395165,-0.0437561832,0.979798913,-0.16606763,0.00321473042,-0.197369874,0.989226341,0.201543108,0.0440195538,-0.0383668579,0.967915237,-0.138403445,0.0509351939,-0.24839668,0.979822576,0.166456789,0.0557790771,-0.0650693,0.971383274,-0.0957771167,0.0230021924,-0.266704321,0.981787622,0.201751888,0.0262007434,-0.0513587967,0.960528314,-0.143188521,0.00693506,-0.21518831,0.972568095,0.0940729678,-0.00482773036,0.0364257097,0.999982953,-0.0920794,0.00194275635,-0.0345950723,0.999983251,0.137841,0.38245979,0.099731,0.960899949,-0.0568541624,0.308601022,0.0273194853,0.963049233,0.166187674,0.686023593,0.33784622,0.976592243,-0.0857397243,0.675743282,0.233767852,0.983010948,0.151454791,0.720925033,0.366145879,0.818717659,-0.0873774663,0.707014322,0.213701382,0.787621319,0.196412921,0.753096,0.322086513,0.968166053,-0.0951911658,0.729688346,0.127228543,0.969209552
433.3333333333335,-0.0141268466,-0.631441712,-0.378753304,0.999886453,0.00413388945,-0.649262667,-0.365475565,0.999682844,0.00594607787,-0.648407698,-0.353070438,0.999613,0.00447854539,-0.648272812,-0.357305,0.999729037,-0.02097922,-0.658234656,-0.378314435,0.999805331,-0.0202053096,-0.656823635,-0.391735524,0.999830365,-0.0144364098,-0.64468962,-0.37090981,0.999877691,0.0611897707,-0.625527501,-0.253247857,0.999753475,-0.0828685388,-0.57969749,-0.262478381,0.999609768,0.0205797218,-0.618889093,-0.327380121,0.999911189,-0.0154594192,-0.585574329,-0.357355177,0.999921,0.15251793,-0.454098612,-0.120692186,0.99998349,-0.161088899,-0.498039931,-0.0915280655,0.999972165,0.196152464,-0.239801481,-0.0666693673,0.976358354,-0.183093652,-0.203578949,-0.115533225,0.980497181,0.211548179,-0.00929148868,-0.0405927636,0.979349554,-0.166319698,0.00251832558,-0.197048351,0.989179432,0.201492071,0.0438830964,-0.0347664803,0.9673118,-0.138587296,0.0502145,-0.24797149,0.979778588,0.166407347,0.0554008782,-0.0611754581,0.970829606,-0.095865719,0.0221148767,-0.266328871,0.981738925,0.201731443,0.0260095932,-0.0479910299,0.959787488,-0.143371269,0.0061084209,-0.214832932,0.972472548,0.094122529,-0.00483429618,0.0364729352,0.999982774,-0.0921250731,0.00195190031,-0.0346416607,0.999983132,0.137843519,0.382086247,0.0999005735,0.960019588,-0.0568655767,0.308258921,0.0217842162,0.962960601,0.166162238,0.68612355,0.338564306,0.976324499,-0.0857788622,0.675275862,0.226482183,0.982931256,0.151441202,0.721086323,0.366819084,0.818078697,-0.0874195099,0.706554294,0.206374228,0.787403405,0.19665195,0.753264427,0.322633177,0.967654109,-0.095353134,0.729287088,0.119173497,0.968948543
450.00000000000017,-0.0140249655,-0.631546855,-0.375395238,0.99988395,0.00424543675,-0.649385452,-0.362025201,0.999675572,0.00607262971,-0.648545563,-0.349671543,0.999605119,0.00460497942,-0.648398638,-0.353890479,0.999722719,-0.0208639093,-0.658376098,-0.375158668,0.999800444,-0.0200993437,-0.656962276,-0.388522685,0.99982655,-0.0143169472,-0.644821882,-0.367770374,0.999874532,0.0612014607,-0.625796914,-0.249421507,0.999748647,-0.0828569,-0.580052078,-0.259869128,0.999601,0.0206437185,-0.619056523,-0.32387203,0.999909461,-0.0154161192,-0.585751653,-0.354150325,0.999919474,0.152524725,-0.454366535,-0.117668152,0.99998337,-0.161301836,-0.49875024,-0.0892116055,0.999971747,0.195995614,-0.239968374,-0.0654303506,0.976531923,-0.183900326,-0.204661757,-0.113062009,0.980437219,0.210804522,-0.00966221,-0.0406041555,0.979653895,-0.167205885,0.00192001194,-0.193700567,0.989161909,0.200451761,0.0435745306,-0.0348788649,0.967821777,-0.139524281,0.0498140156,-0.243979335,0.979798,0.16527167,0.0550127439,-0.0613250062,0.971282065,-0.0969718918,0.0219910331,-0.262697339,0.981754839,0.200886771,0.0255989749,-0.0480506234,0.960384965,-0.144354716,0.00561829656,-0.21140559,0.972540677,0.0942084789,-0.00483848713,0.0364723578,0.999982715,-0.092195563,0.00195961026,-0.0346400551,0.999983,0.138034806,0.381960481,0.0965328813,0.960833251,-0.057341028,0.308206081,0.0201293919,0.963802695,0.166355118,0.686085522,0.335397899,0.976638138,-0.0863049552,0.675137699,0.22474204,0.983190298,0.151611567,0.72104013,0.363592565,0.819346189,-0.0880173817,0.706416726,0.204558551,0.789394319,0.196681336,0.753229201,0.31925717,0.967978179,-0.0965194404,0.729088604,0.117907055,0.969334483
466.66666666666686,-0.0140671358,-0.631500363,-0.375443578,0.999885917,0.00425045332,-0.649336874,-0.362092763,0.999681771,0.00607801182,-0.648498058,-0.349740744,0.999613583,0.00460837316,-0.648351669,-0.353955239,0.999727964,-0.0208786279,-0.658347964,-0.375203848,0.999803424,-0.0201185904,-0.656936646,-0.388583511,0.999829292,-0.0143294819,-0.644792676,-0.367825776,0.999876142,0.061289452,-0.625787199,-0.249477908,0.999754488,-0.0828480199,-0.580069184,-0.25976041,0.999607086,0.0206493959,-0.619013369,-0.323909461,0.999911249,-0.0154508296,-0.585742772,-0.354168624,0.999920726,0.152645737,-0.454369366,-0.117435545,0.999983609,-0.161431417,-0.498962671,-0.0890098214,0.999971747,0.196154818,-0.240069851,-0.0654807314,0.977251291,-0.184891105,-0.204741687,-0.111965224,0.980548918,0.21075882,-0.0104913935,-0.0437158085,0.980424583,-0.167463213,0.000605114,-0.193166852,0.989250839,0.200326249,0.0426887348,-0.0392997302,0.968999147,-0.139577508,0.0481825024,-0.243511632,0.98001492,0.165048912,0.0536981821,-0.0655067787,0.97233206,-0.0970239,0.0197264627,-0.262276739,0.981949687,0.200778484,0.0245858524,-0.0511914268,0.961780787,-0.144524604,0.00394208543,-0.210839465,0.972851515,0.0943209901,-0.00482482975,0.036511559,0.999982715,-0.092305705,0.00195416901,-0.0346752033,0.999982953,0.138132095,0.381573677,0.0965698361,0.961885095,-0.0579758622,0.307924598,0.0203544702,0.965076506,0.166676864,0.684308767,0.338855326,0.97706461,-0.0870422646,0.674534917,0.228009641,0.983591259,0.151966318,0.71913147,0.367725611,0.821685612,-0.0887019709,0.705793619,0.208427683,0.792480946,0.19662489,0.752574,0.324362963,0.968495429,-0.0965477452,0.72908318,0.123211823,0.96993041
483.33333333333354,-0.0139546189,-0.631509244,-0.376831651,0.999888897,0.00438804412,-0.649344862,-0.363461703,0.99969095,0.00622404367,-0.648506463,-0.351115376,0.99962467,0.00475060055,-0.648361266,-0.355324149,0.999735117,-0.0207825042,-0.658356845,-0.376737505,0.999808908,-0.0200066455,-0.656943738,-0.390153974,0.99983418,-0.0142289875,-0.644805193,-0.369366735,0.999879539,0.0614374243,-0.62579149,-0.250255466,0.999760509,-0.082832776,-0.580087245,-0.260910302,0.999617755,0.0207380094,-0.61902231,-0.324926615,0.999913335,-0.0153920092,-0.585752487,-0.355422854,0.999922574,0.152664214,-0.454427,-0.117314957,0.999983668,-0.161390811,-0.499102294,-0.0898430943,0.999972045,0.196226075,-0.240057856,-0.0650963932,0.977398157,-0.185369775,-0.205267951,-0.112048171,0.980813205,0.210824907,-0.0102777919,-0.0437470302,0.980675638,-0.167700365,8.4212872e-005,-0.193287224,0.989370644,0.200375155,0.0428618491,-0.0393331759,0.969402611,-0.139675304,0.0475376025,-0.243652508,0.980205894,0.165270522,0.0538685732,-0.0656159,0.972703516,-0.097060658,0.0191656929,-0.262408912,0.982124627,0.200876936,0.024803387,-0.0512472205,0.962275684,-0.144681111,0.00338859856,-0.210961908,0.973095357,0.0943452492,-0.00483067101,0.036663767,0.999982715,-0.0923314542,0.0019607055,-0.0348230898,0.999983,0.138252348,0.381745875,0.0971461907,0.962762,-0.0584733225,0.308075964,0.0202836879,0.966252804,0.167606652,0.684402108,0.33872503,0.977548361,-0.0879405811,0.6750319,0.227666423,0.984000921,0.152929455,0.719223,0.367524564,0.82422924,-0.0895854309,0.706295848,0.208084688,0.795246899,0.197142333,0.752699494,0.324047536,0.96912,-0.0966717526,0.730163813,0.122278906,0.970580816
500.0000000000002,-0.0145568233,-0.631153286,-0.378000051,0.999890745,0.00395689532,-0.649058878,-0.364605784,0.999696553,0.00578687061,-0.648219407,-0.352223247,0.999631643,0.00429806719,-0.648071408,-0.356456906,0.999739349,-0.0213753358,-0.658135712,-0.377747297,0.999811888,-0.0206209943,-0.656715214,-0.391228229,0.999837,-0.0148473438,-0.644576967,-0.370408326,0.999881268,0.0613590889,-0.62565279,-0.25083828,0.999765217,-0.0835107267,-0.580062211,-0.261315286,0.999623895,0.0203255303,-0.618727,-0.325942069,0.999914408,-0.0160837565,-0.585552931,-0.356342077,0.999923408,0.152633175,-0.454428941,-0.1173013,0.999983549,-0.16218394,-0.499290377,-0.090260677,0.999972,0.1961703,-0.240132362,-0.0644802377,0.977740228,-0.188632369,-0.206413031,-0.112701848,0.981032848,0.210709259,-0.0103448937,-0.0426265448,0.981014967,-0.168920293,-0.00134334527,-0.194276303,0.989412844,0.200171843,0.0428037867,-0.0381951,0.969911695,-0.140411988,0.0462422036,-0.245083302,0.980267942,0.165068641,0.0538075976,-0.0646048188,0.97316134,-0.0972819,0.01776563,-0.263433784,0.982177079,0.200737372,0.0247515943,-0.0501524024,0.962904334,-0.14549832,0.00195674552,-0.211841226,0.973175406,0.0943793282,-0.0048355246,0.0367333405,0.999982655,-0.0923756,0.00196988019,-0.0348787941,0.999983,0.138263434,0.381789535,0.0988489538,0.963673294,-0.0583269,0.307542264,0.0230592228,0.967182219,0.167568967,0.684390545,0.344223946,0.977938712,-0.0877897516,0.674694538,0.232057601,0.984370053,0.152898282,0.719217539,0.373438269,0.826940179,-0.0894283503,0.706014216,0.212579355,0.798541307,0.197142765,0.752746284,0.330052614,0.969522655,-0.0965656415,0.730054677,0.126721874,0.97108686
516.6666666666669,-0.0145280436,-0.6303249,-0.378253639,0.999893904,0.00399388885,-0.648295581,-0.364844888,0.999705613,0.00583597971,-0.647467256,-0.352476835,0.999642432,0.00434121396,-0.647315145,-0.356698364,0.99974668,-0.0213505123,-0.657397807,-0.378009588,0.999817133,-0.0205911435,-0.655983865,-0.391489714,0.999841571,-0.0148193287,-0.643868089,-0.370664597,0.999884486,0.0614544116,-0.625340044,-0.250895083,0.999770939,-0.0835034773,-0.579892814,-0.261358023,0.999632776,0.0203590561,-0.618101418,-0.326080114,0.999916375,-0.0160681438,-0.584961951,-0.356495947,0.999925137,0.152645811,-0.454435,-0.116459459,0.999983728,-0.162230656,-0.499405175,-0.090349026,0.999972343,0.196741551,-0.240078643,-0.0633479729,0.977697253,-0.189652562,-0.207080171,-0.112792626,0.981185317,0.211462498,-0.00988435186,-0.042387154,0.981200159,-0.169776812,-0.00178515702,-0.193886548,0.989497,0.201017931,0.0432519,-0.0380056798,0.970177412,-0.141057909,0.0457921,-0.244756788,0.980365634,0.165670767,0.0543318652,-0.0644857064,0.973404646,-0.0976772085,0.0174072832,-0.263064504,0.982268035,0.201401189,0.0253021866,-0.0499600582,0.963188171,-0.146209508,0.0015952345,-0.211475536,0.973258853,0.0943947211,-0.00484977104,0.0369579867,0.999982595,-0.092391707,0.00198356179,-0.0350917,0.999983,0.138187528,0.382196546,0.0987911671,0.963486969,-0.0583208688,0.307731211,0.0230197608,0.967263758,0.167516336,0.68594259,0.341462016,0.977859139,-0.0878564343,0.675666273,0.230122775,0.984357953,0.152840227,0.720846,0.370102942,0.826999545,-0.0894930884,0.707054675,0.2103917,0.797909856,0.197138771,0.754039168,0.325570047,0.969542742,-0.0963680446,0.730829,0.123585664,0.971104503
533.3333333333335,-0.0135214562,-0.630972922,-0.368547022,0.999895692,0.00500759343,-0.648998141,-0.35504058,0.999709904,0.00689009158,-0.648215532,-0.342772394,0.999647737,0.0054567093,-0.648053288,-0.347036123,0.999750495,-0.0202059634,-0.658278286,-0.368498653,0.999819756,-0.0194508228,-0.656802,-0.381698936,0.999843836,-0.0136260567,-0.644655526,-0.361178696,0.999886036,0.0619575903,-0.626135468,-0.242488459,0.9997738,-0.0827433243,-0.58106631,-0.253906906,0.999637067,0.0211625453,-0.618856728,-0.316831648,0.999917507,-0.0151758343,-0.585662186,-0.347296447,0.999926209,0.152713403,-0.45468089,-0.110725,0.999983966,-0.161931992,-0.500601,-0.0848691836,0.999972641,0.196660101,-0.240155116,-0.0578164347,0.978003442,-0.189967275,-0.209522352,-0.108054601,0.981435418,0.211396068,-0.00949324202,-0.0326034352,0.981681943,-0.170090079,-0.00209180918,-0.186620846,0.98966217,0.200943694,0.0441096053,-0.0265246481,0.970923364,-0.141349569,0.0457499698,-0.235773936,0.980693817,0.165655583,0.0559143722,-0.053145539,0.974069655,-0.0979633182,0.0175647885,-0.254547775,0.982562661,0.201369122,0.0257991124,-0.0400134921,0.964101553,-0.146574929,0.00143811479,-0.203920349,0.973753154,0.0944015831,-0.00485335,0.036967691,0.999982655,-0.0923880041,0.00198978861,-0.0351032242,0.999983,0.138179585,0.382069826,0.0907025039,0.963967741,-0.0586046,0.307767779,0.0164282955,0.96768856,0.167446554,0.686105132,0.322157472,0.978008091,-0.0878602788,0.675678134,0.223474532,0.984386325,0.15277268,0.721006691,0.349447846,0.82778126,-0.0894904062,0.70706141,0.203323096,0.797597349,0.197687581,0.753857076,0.30427146,0.96985817,-0.0960057825,0.730837882,0.11746794,0.971257091
550.0000000000001,-0.0124611724,-0.631234765,-0.363826543,0.999897182,0.0061149695,-0.649251521,-0.34976241,0.999713659,0.00799548719,-0.648516655,-0.337512374,0.999651849,0.00658888835,-0.648315191,-0.341746122,0.999753296,-0.0191717111,-0.65864408,-0.36353147,0.999822,-0.0184828863,-0.657168627,-0.376698166,0.999845803,-0.0126198819,-0.644999802,-0.356276184,0.999887347,0.0625221282,-0.626517296,-0.234942198,0.99977535,-0.082656607,-0.582041621,-0.248319238,0.999640465,0.0219327454,-0.619154,-0.311459273,0.999917626,-0.0146256695,-0.586039543,-0.342216641,0.999926507,0.152658403,-0.455326617,-0.101734415,0.999983847,-0.161945328,-0.501925588,-0.080543749,0.999972522,0.196432024,-0.240803868,-0.047007639,0.977577865,-0.190300778,-0.21282962,-0.104621783,0.981494248,0.211331353,-0.0094929859,-0.0219224468,0.9817186,-0.171028271,-0.00484455563,-0.181873426,0.989697397,0.2009148,0.0441412777,-0.0156584419,0.971011758,-0.142532,0.0430404209,-0.230855614,0.980733395,0.165656433,0.0562780537,-0.0425137319,0.974159181,-0.099031508,0.0160025079,-0.24914065,0.982600033,0.201341406,0.0258526504,-0.0294515,0.964214504,-0.147696838,-0.000851308519,-0.198835269,0.973801196,0.0944166183,-0.00487058,0.0370404758,0.999982536,-0.0923999101,0.00202182494,-0.035163179,0.999982834,0.138328597,0.381556451,0.0860286504,0.964125812,-0.0586213693,0.30776912,0.0166338421,0.967225969,0.167488,0.684931815,0.318249702,0.977788866,-0.0885196254,0.675495923,0.227945179,0.984043837,0.152794227,0.719742715,0.345816165,0.826959968,-0.0902924165,0.706896722,0.208323985,0.794409156,0.198053807,0.75225234,0.30051738,0.969647706,-0.0964908302,0.730724752,0.123541042,0.97067976
566.6666666666667,-0.011932211,-0.631382048,-0.365666926,0.999898136,0.00666595949,-0.649376154,-0.351092696,0.999715269,0.00852554664,-0.648642838,-0.338866442,0.99965322,0.00708840508,-0.648441494,-0.343047917,0.999752939,-0.0188476723,-0.65877372,-0.365242928,0.999823689,-0.0181669351,-0.657322168,-0.378538221,0.99984771,-0.012315413,-0.64515835,-0.357992291,0.999888659,0.0628857687,-0.626598537,-0.235849455,0.999774277,-0.0827236101,-0.582216,-0.249017119,0.999645054,0.0223366674,-0.619271815,-0.312416703,0.99991715,-0.0144476769,-0.586211264,-0.343759626,0.999926627,0.152690172,-0.455606937,-0.102247782,0.999983311,-0.162378341,-0.502829075,-0.0813912824,0.999972522,0.196394354,-0.241838917,-0.0479184054,0.976795137,-0.192170575,-0.214725107,-0.108344972,0.98165226,0.211747393,-0.0111341905,-0.0228552129,0.981214523,-0.173217133,-0.0082781408,-0.190052107,0.989861786,0.201544255,0.0420172848,-0.016485719,0.970345199,-0.145134613,0.0390405,-0.241562,0.980993629,0.166456,0.0540634915,-0.0429306515,0.973588228,-0.100888051,0.0120087313,-0.25910309,0.982843101,0.201838419,0.0243243109,-0.0302536767,0.963454545,-0.14970763,-0.00415695645,-0.207043305,0.974075258,0.0945214257,-0.00487912539,0.0374245085,0.999982059,-0.0925235078,0.00202929275,-0.0355066359,0.999982476,0.138255835,0.381362319,0.0952538773,0.963584244,-0.058318913,0.307777703,0.0188968461,0.967160046,0.167626455,0.684963942,0.331370622,0.977546453,-0.0890068859,0.675770521,0.22829859,0.983977079,0.152918458,0.719810963,0.359230727,0.826087415,-0.0909455866,0.707213879,0.208591834,0.793371141,0.198061,0.752233148,0.312606156,0.969319165,-0.0968688428,0.73069948,0.123378985,0.970488369
583.3333333333334,-0.0113084577,-0.630931616,-0.369907707,0.999901235,0.00721627567,-0.648873627,-0.355712682,0.999723792,0.00905695092,-0.648153901,-0.343458503,0.999663115,0.00762846321,-0.647966564,-0.347640485,0.999759793,-0.0183393564,-0.658278525,-0.370067716,0.999829173,-0.0176687799,-0.656841695,-0.3834382,0.999852359,-0.0118385097,-0.644675374,-0.362803817,0.999892116,0.0631696656,-0.626022816,-0.239262521,0.999779105,-0.0826477557,-0.581596,-0.253444314,0.99965483,0.0228229892,-0.618733585,-0.3162705,0.999918878,-0.0139995525,-0.585708,-0.347882956,0.999928296,0.152708828,-0.455421835,-0.103167526,0.99998337,-0.162406892,-0.502692163,-0.0824741647,0.999972761,0.196340665,-0.241838276,-0.0482913963,0.976418555,-0.19372943,-0.214641795,-0.108508967,0.981616676,0.211759031,-0.0110822795,-0.0245736204,0.981056392,-0.176315978,-0.0102232052,-0.190086886,0.989847958,0.201555923,0.0420384333,-0.0186263341,0.970088303,-0.148226172,0.0358940735,-0.241580889,0.980947614,0.166552499,0.0541097894,-0.0453205407,0.973367,-0.104241118,0.00845180824,-0.259151429,0.982807159,0.201871336,0.0243969727,-0.0320260264,0.963114619,-0.152912736,-0.00652908487,-0.207110018,0.973979,0.0945500433,-0.00488092145,0.0374389626,0.999982,-0.0925566,0.00203338196,-0.0355198793,0.999982476,0.138289273,0.381223798,0.0983900577,0.963090062,-0.0583858676,0.307557553,0.0200944077,0.966976047,0.168000236,0.684844911,0.336036295,0.977408,-0.0891011208,0.675646484,0.23069936,0.983894229,0.153247833,0.719684064,0.363964677,0.82508,-0.0910563841,0.707089901,0.211229473,0.792347789,0.198057741,0.751640201,0.316723317,0.969193339,-0.0970569625,0.729899883,0.124945812,0.970371962
600.0,-0.0097839376,-0.630903721,-0.368447959,0.999897,0.00856738072,-0.648855686,-0.354474097,0.999708652,0.0103750462,-0.648139656,-0.342212081,0.999645,0.00901106093,-0.647953808,-0.346439123,0.999747097,-0.0168948,-0.65828371,-0.369006038,0.999819875,-0.0162543207,-0.656844556,-0.382354438,0.999844432,-0.010403608,-0.64467454,-0.361766577,0.999886036,0.0633631796,-0.626024246,-0.238708749,0.999768317,-0.0823631659,-0.581682,-0.253552407,0.99963665,0.0237916913,-0.618720293,-0.315147698,0.999914765,-0.0129813235,-0.58570987,-0.346940368,0.999924719,0.152694017,-0.455460697,-0.103629455,0.999983132,-0.162544101,-0.503166258,-0.0826249719,0.999971867,0.196188167,-0.242509127,-0.0488754697,0.976431191,-0.194878548,-0.216252238,-0.108726613,0.981231809,0.211302549,-0.0112085603,-0.0253813341,0.981164634,-0.177379102,-0.0129195144,-0.190395817,0.989634812,0.200978711,0.0420470349,-0.0193491653,0.970237315,-0.149316758,0.0331592336,-0.241716534,0.98067975,0.165833056,0.0541742,-0.0460450128,0.973498106,-0.105459712,0.00629078411,-0.259276509,0.982569158,0.201389432,0.0243298095,-0.0328294151,0.963321865,-0.154156968,-0.00927085523,-0.207343,0.973683536,0.0945673883,-0.00488071935,0.0374481902,0.999981403,-0.092570439,0.00203571492,-0.0355315246,0.999981701,0.137923792,0.380699843,0.0979985893,0.961853385,-0.0585929118,0.306796938,0.0187813509,0.965784848,0.166676179,0.684261382,0.335028172,0.976596951,-0.0895889103,0.674938321,0.227623478,0.983283401,0.15178211,0.719002724,0.362831354,0.82136023,-0.0915855244,0.706375182,0.207633868,0.78720355,0.197476447,0.749887884,0.315895706,0.968095243,-0.0972952545,0.728190362,0.12084683,0.969255805
616.6666666666666,-0.00926178787,-0.629617035,-0.379465878,0.999902487,0.00911532529,-0.647577524,-0.365730315,0.999724269,0.0109137138,-0.646832943,-0.353393644,0.999663353,0.00951392576,-0.646671474,-0.357515782,0.999759853,-0.016488662,-0.657010198,-0.380193859,0.999829769,-0.0158475246,-0.655623,-0.393770278,0.999852955,-0.0100284629,-0.643451452,-0.37289536,0.999892354,0.0640134588,-0.624940395,-0.247382969,0.999778509,-0.0822969824,-0.580836,-0.262556314,0.999655068,0.024271749,-0.61741823,-0.325174123,0.999918282,-0.0126213878,-0.584569156,-0.357136399,0.999928057,0.15274018,-0.455300957,-0.106677435,0.999983311,-0.162685066,-0.503111243,-0.0869732425,0.999972582,0.196328789,-0.242509007,-0.0502208807,0.975760698,-0.197893739,-0.216160491,-0.111394793,0.981405556,0.21204102,-0.0111318752,-0.0301602166,0.98062557,-0.181148231,-0.0134530626,-0.194707885,0.989716887,0.201800987,0.0420323685,-0.0249992106,0.969357312,-0.152909517,0.0318406299,-0.247577831,0.980739772,0.166956,0.0541593768,-0.0523793772,0.972729683,-0.108489163,0.00433966471,-0.264585108,0.982632875,0.202248231,0.0244259983,-0.0378563665,0.96219784,-0.157644287,-0.00994024519,-0.211893216,0.973626912,0.0945797488,-0.00488274172,0.037492536,0.999981344,-0.0925840437,0.0020393,-0.0355632864,0.999981761,0.137882367,0.3814542,0.0999399871,0.961528599,-0.0582445599,0.307037264,0.0269685276,0.965272,0.167364702,0.686601698,0.338347584,0.976357818,-0.0895888656,0.675788403,0.234957457,0.983146369,0.15252316,0.721437335,0.366271198,0.820182085,-0.0915930569,0.707263708,0.21514079,0.785853684,0.197497398,0.750705,0.318669,0.967953384,-0.0974483788,0.727931261,0.126627088,0.969111621
633.3333333333333,-0.00624743057,-0.628541112,-0.379341453,0.999905884,0.0121285943,-0.64664191,-0.365629137,0.999733746,0.0138703063,-0.645920753,-0.353294104,0.999674618,0.0125253163,-0.645781,-0.357422173,0.999767959,-0.0132810939,-0.656207442,-0.380069077,0.999835432,-0.0126459347,-0.654823661,-0.393635333,0.999857724,-0.00683698338,-0.642598927,-0.372780055,0.999895871,0.0658914894,-0.624471605,-0.247528195,0.999785364,-0.0800125673,-0.580571592,-0.262969,0.99966538,0.026755942,-0.616388,-0.325149715,0.999920547,-0.00993724726,-0.583656728,-0.357094079,0.999930084,0.153604642,-0.455094218,-0.106763147,0.999983609,-0.162224,-0.503115058,-0.087303333,0.999972939,0.197771966,-0.242525578,-0.0506457575,0.976139307,-0.19802472,-0.216602281,-0.111442745,0.981671333,0.212394297,-0.0108899288,-0.0303498469,0.981043577,-0.183668628,-0.0140611278,-0.193973467,0.989794791,0.201968342,0.0424996205,-0.0251265578,0.969894111,-0.156163454,0.0313216858,-0.246341795,0.980828643,0.16699557,0.0547288656,-0.0524639115,0.973208785,-0.112121753,0.00416867342,-0.263519466,0.982718349,0.202464,0.0247271378,-0.0380189717,0.962829,-0.160413146,-0.0104074515,-0.21114713,0.973761916,0.0946264043,-0.00486564,0.0375355929,0.999981463,-0.0926320255,0.00202724244,-0.0356134027,0.999981821,0.138601407,0.381488234,0.10067609,0.961574316,-0.058090698,0.307029277,0.0272829551,0.965355814,0.168973237,0.686375916,0.339486867,0.976398349,-0.0896175876,0.675777078,0.237791389,0.983166814,0.154145598,0.721170425,0.367478341,0.820095778,-0.0916377,0.707258224,0.218303487,0.785337925,0.198340222,0.750734806,0.320167303,0.968104184,-0.0973632783,0.72813952,0.130238533,0.969178
649.9999999999999,-0.00584627036,-0.62855041,-0.369543731,0.999908626,0.0125911534,-0.646650553,-0.355963916,0.999741197,0.0143752694,-0.645937383,-0.343797922,0.999683917,0.0130642019,-0.645794451,-0.347790629,0.99977529,-0.0126230875,-0.656243,-0.3703,0.999839604,-0.012008111,-0.654856,-0.383612514,0.999861062,-0.00615485059,-0.642620623,-0.3630566,0.999898374,0.0663894117,-0.62449646,-0.240670606,0.999791801,-0.0791280195,-0.580817282,-0.255460232,0.999671817,0.0271612816,-0.616395652,-0.316560417,0.999922931,-0.00942658447,-0.583671,-0.348046273,0.999932,0.154074162,-0.454831749,-0.105598986,0.999984145,-0.162248343,-0.503624737,-0.0799675584,0.999973357,0.197854742,-0.242385045,-0.0508535244,0.976929188,-0.198740408,-0.218612716,-0.101438753,0.981805146,0.211651191,-0.0104607511,-0.0299769901,0.981821179,-0.19103536,-0.0150028551,-0.181255549,0.989881396,0.200978115,0.043055214,-0.02472708,0.970985055,-0.165873915,0.0305585936,-0.231148183,0.981004298,0.165341407,0.0553598665,-0.0519913,0.974181235,-0.123659477,0.00424027909,-0.250200361,0.982892036,0.201424524,0.025110377,-0.0376232378,0.964108527,-0.168917447,-0.0110137807,-0.198857278,0.974091291,0.0947475955,-0.00479129329,0.037359193,0.999981701,-0.0927245393,0.0019613544,-0.0354551151,0.99998194,0.138638496,0.382200271,0.0909315422,0.962104261,-0.0582982227,0.307122022,0.0242641512,0.965629,0.168979868,0.687291,0.331026196,0.97614044,-0.0908631086,0.676794231,0.233516157,0.983155906,0.154156014,0.722010314,0.359200865,0.817796052,-0.0930947214,0.708454967,0.213611752,0.784011364,0.19834803,0.751463294,0.313254803,0.968045,-0.098904,0.728912771,0.125955775,0.96935147
666.6666666666665,-0.00496078702,-0.628324151,-0.361638159,0.999909401,0.0133224633,-0.64650619,-0.348715752,0.99974215,0.0151376948,-0.645820677,-0.336542934,0.999685526,0.013918939,-0.645674765,-0.34066239,0.999777734,-0.0114489542,-0.65619415,-0.363435835,0.999839723,-0.0108493408,-0.654774845,-0.376578361,0.999860644,-0.00493768649,-0.642492771,-0.356220394,0.999898136,0.0664412901,-0.624505877,-0.236789674,0.999793649,-0.0782197714,-0.580906451,-0.252658218,0.999669075,0.0277388785,-0.616291583,-0.309762716,0.999923289,-0.00846643932,-0.583542168,-0.34137553,0.999932051,0.154084012,-0.454664737,-0.105288304,0.999984622,-0.162076443,-0.503886,-0.0783094168,0.999973476,0.197590992,-0.241730541,-0.0510879084,0.977364838,-0.198722824,-0.219726279,-0.0998911262,0.981718957,0.210352153,-0.00888079591,-0.0259571541,0.982387125,-0.195735633,-0.0151583087,-0.174731076,0.989855707,0.199438468,0.0450163037,-0.0187321454,0.971767187,-0.17236416,0.030504318,-0.22218065,0.981033742,0.163829073,0.0577465221,-0.04584736,0.974880219,-0.131780282,0.00437589688,-0.241964892,0.982934892,0.200159982,0.0265534408,-0.0334543921,0.965054035,-0.174916536,-0.0110525507,-0.192244,0.974295318,0.0947336182,-0.00476189889,0.0371526629,0.999981642,-0.0926834047,0.00193790311,-0.0353216827,0.999981701,0.138730854,0.382861018,0.0847529694,0.96154803,-0.0579928458,0.307373077,0.0202915631,0.964402676,0.168875307,0.688685894,0.312859952,0.975267828,-0.0909161344,0.677799761,0.227727845,0.982437134,0.154050007,0.723270655,0.339334786,0.81288296,-0.0932281613,0.709605157,0.206877828,0.777900934,0.199376166,0.751478672,0.294881612,0.967263103,-0.0994536579,0.729083478,0.121207602,0.968478858
683.3333333333331,-0.00439608889,-0.62822938,-0.361712605,0.999913096,0.0137402266,-0.646442235,-0.348690271,0.999752581,0.0155763151,-0.645772874,-0.336513191,0.999698222,0.014387357,-0.645624876,-0.340611368,0.999787092,-0.0109201539,-0.656149626,-0.363528579,0.999846101,-0.0103074396,-0.654715598,-0.376684695,0.999866,-0.00440225098,-0.642417252,-0.356306911,0.99990207,0.0664941,-0.624505401,-0.236480802,0.999801636,-0.0780689567,-0.580909491,-0.252713233,0.99968034,0.0281049218,-0.616211891,-0.309666127,0.999926031,-0.00800963,-0.583433,-0.341436386,0.999934435,0.153959349,-0.454564899,-0.105101347,0.999985039,-0.162081197,-0.504019618,-0.0783421546,0.999973893,0.196758732,-0.241586402,-0.0510550141,0.977687418,-0.200522915,-0.221578375,-0.0989959612,0.981935382,0.209388331,-0.00860707648,-0.0250172429,0.982833803,-0.203202188,-0.0160913784,-0.171068296,0.989899278,0.198628,0.04519118,-0.0177079793,0.972381532,-0.180888101,0.0294846296,-0.218108654,0.981097162,0.163110182,0.0579994731,-0.0449874848,0.975433588,-0.140834704,0.00436361041,-0.238120466,0.983007491,0.199258924,0.0268017389,-0.0326194465,0.965815,-0.18279551,-0.0117168231,-0.188701406,0.9745152,0.0947455,-0.00475194398,0.0371548459,0.999981761,-0.0926925763,0.00192759628,-0.0353270844,0.999981761,0.13876158,0.38331297,0.0841811299,0.961778879,-0.0579953454,0.307835907,0.0191403832,0.96452862,0.16841507,0.690101147,0.312516034,0.975005567,-0.0911052227,0.681366682,0.223308071,0.982431114,0.153464288,0.724725127,0.339169472,0.811219394,-0.0934630558,0.713554621,0.2020576,0.77655828,0.199129596,0.753126144,0.294382244,0.967184246,-0.0994419903,0.733214617,0.115095548,0.9686113
699.9999999999998,-0.00394927803,-0.627801597,-0.360774487,0.999914706,0.0142878573,-0.645961106,-0.347775936,0.999756,0.0161306281,-0.645327687,-0.335624188,0.999702334,0.0149493022,-0.645163298,-0.339678079,0.999790668,-0.0101846326,-0.655864239,-0.362584442,0.999848187,-0.00958177261,-0.654430389,-0.3757357,0.999867558,-0.00364263402,-0.6420874,-0.355364323,0.999903381,0.0667950585,-0.624017775,-0.2360892,0.999804318,-0.0772189274,-0.580913544,-0.252231061,0.999682844,0.0284241959,-0.61571604,-0.308911681,0.999927044,-0.00753874332,-0.583132088,-0.340643048,0.999935329,0.154016271,-0.453629553,-0.105166435,0.999985337,-0.162094846,-0.504299402,-0.0777045861,0.999974191,0.196928784,-0.24102208,-0.0518108159,0.978122234,-0.200970352,-0.222096696,-0.0979699939,0.981951892,0.209145591,-0.00805633329,-0.0252538621,0.983203948,-0.208394825,-0.0165854394,-0.169732645,0.989987493,0.198337838,0.0457665548,-0.0180180036,0.972823679,-0.187275991,0.0287817437,-0.216576681,0.981253326,0.162342966,0.0585253537,-0.0452625565,0.975824296,-0.14801167,0.00434754696,-0.236864239,0.98316437,0.19883278,0.0272910409,-0.0328526497,0.966337383,-0.188525438,-0.0120343855,-0.18748346,0.974829,0.0947597697,-0.00468963524,0.0370368771,0.999981761,-0.0927024707,0.00187022332,-0.0352337547,0.999981642,0.138764888,0.384032518,0.0833842307,0.961346388,-0.057377506,0.308998406,0.0185499024,0.963721156,0.168432176,0.692083716,0.312099576,0.974245429,-0.0912672877,0.682863116,0.223409384,0.98185873,0.153484419,0.726856828,0.338876188,0.806713521,-0.0937884897,0.715092301,0.202276081,0.771442711,0.199125782,0.756087184,0.294338971,0.966440678,-0.0998054892,0.734678745,0.115338273,0.967826545
716.6666666666664,-0.0030259029,-0.627704799,-0.360937834,0.999917388,0.0151348226,-0.645895183,-0.347969651,0.999762893,0.0169936419,-0.645264149,-0.335847,0.999710858,0.0158291906,-0.645107448,-0.339849472,0.999796748,-0.00931559689,-0.655814171,-0.363034159,0.999852538,-0.0087024821,-0.654375255,-0.376182079,0.999871254,-0.0027669468,-0.642017484,-0.355794609,0.999906063,0.0672520101,-0.624014258,-0.236341506,0.999809384,-0.0768516734,-0.580938518,-0.253140926,0.999690473,0.0291587021,-0.615647316,-0.309078127,0.999928653,-0.0067622182,-0.583057,-0.340940088,0.999936819,0.15416044,-0.453572035,-0.105828837,0.999985576,-0.162008077,-0.504932642,-0.0779597908,0.999974489,0.196979523,-0.241017625,-0.0534186028,0.978556871,-0.20145686,-0.22528775,-0.0984148085,0.982181907,0.209397063,-0.00787151791,-0.0256224032,0.983607,-0.215271935,-0.020043252,-0.170491129,0.990168691,0.198783696,0.0458784662,-0.018193569,0.973332226,-0.196400911,0.0245419294,-0.217803553,0.981559694,0.162851304,0.0586978085,-0.0455264114,0.976290166,-0.158054948,0.00195577,-0.237631485,0.983461559,0.199129865,0.0274981372,-0.033336807,0.966985703,-0.196235731,-0.0150471944,-0.188069135,0.975328088,0.0947786495,-0.00465560425,0.0370351523,0.999981642,-0.0927136615,0.00182687375,-0.0352382846,0.999981463,0.138845861,0.38462007,0.0835430175,0.961573422,-0.0568678714,0.309741,0.0178014636,0.963908553,0.168287709,0.695022404,0.312799752,0.974170804,-0.0915515423,0.686788201,0.217875,0.981912196,0.153267965,0.729980648,0.339471072,0.805946767,-0.0942589417,0.719293952,0.196026266,0.770700157,0.199120685,0.757184088,0.29428333,0.96652776,-0.100400031,0.736334443,0.106696501,0.968057513
733.333333333333,-0.00232028402,-0.627236,-0.36287877,0.999920785,0.0161981862,-0.645422161,-0.350015879,0.99977237,0.0180509165,-0.644807935,-0.337891281,0.999722421,0.0168657694,-0.64465183,-0.341795743,0.999804854,-0.00831235666,-0.655523539,-0.365049899,0.999858439,-0.00769723253,-0.654089928,-0.378200054,0.99987632,-0.00175435306,-0.641712546,-0.35774824,0.999909759,0.0685918,-0.623552203,-0.23813504,0.999816537,-0.0757742301,-0.580970287,-0.254774809,0.99970156,0.0298207402,-0.615139961,-0.310792685,0.999931,-0.00608849153,-0.582769573,-0.342688531,0.999938965,0.154784918,-0.452949286,-0.108190626,0.999985874,-0.161980227,-0.505625308,-0.0785123184,0.999975,0.197031856,-0.240464851,-0.0564559028,0.979127526,-0.202238202,-0.227978766,-0.0996466056,0.982603312,0.209493503,-0.00732549233,-0.0269760191,0.984047115,-0.221048862,-0.023311859,-0.172466308,0.990430117,0.198998436,0.0462981761,-0.0191020723,0.973888636,-0.20348905,0.0208576024,-0.219503179,0.98197633,0.163155064,0.0590715073,-0.0470203273,0.976796925,-0.165133342,-0.000396649324,-0.240044236,0.98385638,0.199265704,0.0280476566,-0.0348808281,0.967675328,-0.202223316,-0.0178410839,-0.190462545,0.975968182,0.0949175954,-0.00461127935,0.036912702,0.999981821,-0.0928355232,0.00178367936,-0.0351165272,0.999981642,0.13968645,0.38514626,0.0820445865,0.96246624,-0.0567633,0.310564548,0.0162744354,0.964599788,0.168781966,0.696336,0.311853588,0.974295378,-0.0916378871,0.689213455,0.216695234,0.982126534,0.153644726,0.731416225,0.338637471,0.805338323,-0.0944500268,0.721904278,0.195069298,0.771970391,0.199103236,0.759638488,0.293110967,0.966874063,-0.101918697,0.739239514,0.106189579,0.968592167
749.9999999999997,-0.000886553316,-0.627047896,-0.36298728,0.999923408,0.0176632516,-0.645238876,-0.350091726,0.999779522,0.0195097923,-0.644649327,-0.337960809,0.999731,0.0183384232,-0.644502223,-0.341880113,0.999811292,-0.0068158,-0.655414104,-0.365127593,0.999862671,-0.00620876346,-0.653989732,-0.378293484,0.999879718,-0.000281383109,-0.641591311,-0.357829958,0.999912202,0.06956774,-0.623485148,-0.238030449,0.999821723,-0.0746700913,-0.581005752,-0.254752785,0.999707937,0.0310876686,-0.61498481,-0.310827732,0.999932468,-0.00477201538,-0.58264941,-0.342752397,0.999940217,0.155204669,-0.452736974,-0.10816697,0.999986112,-0.161592513,-0.506562054,-0.0784683302,0.999975085,0.197134227,-0.23995322,-0.056483265,0.979382396,-0.203177944,-0.23143445,-0.0998513624,0.982469261,0.209813818,-0.00669293758,-0.0269980542,0.984378278,-0.224500254,-0.0286893081,-0.172784448,0.990345418,0.199433476,0.046957761,-0.0191414598,0.974323153,-0.20731023,0.0151704522,-0.220138416,0.981825,0.163535357,0.0598523133,-0.0470884889,0.977191448,-0.168924302,-0.00522805611,-0.240393117,0.983738422,0.199592471,0.0287382845,-0.0349011719,0.968192339,-0.20583801,-0.0229679346,-0.190644816,0.975895226,0.0949290544,-0.0045626061,0.036875,0.999982,-0.0928403065,0.00173928286,-0.0350859538,0.999981701,0.139876723,0.385441631,0.082308948,0.96243614,-0.0566535071,0.310606599,0.0157010313,0.964348316,0.168490142,0.69690752,0.312123448,0.974340618,-0.0916945,0.68931061,0.216277272,0.98208,0.153209612,0.732008,0.338798404,0.805199862,-0.094569765,0.721993089,0.194718406,0.771566629,0.198961064,0.760111332,0.293070078,0.96708858,-0.102540515,0.739443958,0.106255576,0.968700171
766.6666666666663,0.000216584085,-0.627029538,-0.367003977,0.999926567,0.0190567188,-0.645164728,-0.354234934,0.999788463,0.0208549909,-0.644580424,-0.342053,0.999741733,0.0195972938,-0.64443785,-0.345983267,0.999818921,-0.00545694958,-0.655398965,-0.369233966,0.999868155,-0.00481160916,-0.653981864,-0.382497817,0.999884427,0.00108583109,-0.641583622,-0.361873329,0.999915659,0.0705671459,-0.62289232,-0.242285907,0.999828279,-0.0730215907,-0.581013262,-0.258766323,0.999717891,0.0320004821,-0.614882112,-0.31491366,0.999934733,-0.0036866751,-0.582634091,-0.346925676,0.999942243,0.155674234,-0.451719582,-0.113112643,0.999986351,-0.161287263,-0.506824255,-0.0810604692,0.999975443,0.197359294,-0.238296703,-0.0613933653,0.97987932,-0.20376192,-0.231769353,-0.105548561,0.982590914,0.211059928,-0.00537642697,-0.0305683222,0.984602094,-0.22611104,-0.0317848027,-0.183798924,0.990382969,0.201228693,0.0482346937,-0.0223715901,0.974505424,-0.208790556,0.0115168542,-0.232396558,0.981832802,0.165830031,0.0608886108,-0.0510363579,0.97735846,-0.170041963,-0.00949867722,-0.252838373,0.983756304,0.201070979,0.03012456,-0.038663175,0.96840328,-0.207182139,-0.026251981,-0.202252075,0.975973845,0.0949410573,-0.00454640808,0.0367259346,0.999982417,-0.0928495303,0.00172446307,-0.0349270627,0.999982119,0.140195355,0.38671425,0.0849797,0.963087201,-0.0566433594,0.311784029,0.015156474,0.964951873,0.168502435,0.70086956,0.314412206,0.974882305,-0.0915658697,0.691985369,0.215291217,0.982482135,0.15321207,0.736484289,0.341090709,0.807386816,-0.0944702402,0.724802136,0.193833888,0.775702119,0.198972717,0.765790045,0.294997901,0.967765093,-0.103485674,0.742568851,0.105264299,0.969449818
783.3333333333329,0.00249050045,-0.627310634,-0.366624027,0.999929368,0.0216022152,-0.64535147,-0.353759199,0.999796391,0.0234515723,-0.644781768,-0.341605961,0.999751449,0.0221084766,-0.644639611,-0.345485568,0.999825835,-0.00281629525,-0.655684114,-0.368819892,0.999873042,-0.00217944,-0.654310942,-0.382059216,0.999888599,0.00374818314,-0.641901851,-0.361434817,0.999918759,0.0726156086,-0.622893333,-0.24179849,0.999834239,-0.0705681816,-0.581577182,-0.258455276,0.999726355,0.0339471959,-0.615016878,-0.314544916,0.999936819,-0.00159206335,-0.582909286,-0.346621513,0.999944091,0.156531394,-0.451367259,-0.11309351,0.999986589,-0.160650089,-0.508147955,-0.0799040273,0.999975801,0.19834207,-0.237638816,-0.061752025,0.980210125,-0.203759164,-0.234649628,-0.103355989,0.982451797,0.212237448,-0.00424869219,-0.0313377343,0.984633327,-0.227812484,-0.037098892,-0.181320027,0.990337193,0.202660769,0.0493491404,-0.0233091451,0.974404871,-0.210924894,0.00550686382,-0.229428202,0.981740773,0.167098179,0.0618157275,-0.0520612337,0.97726053,-0.173287481,-0.0155256176,-0.25036186,0.983679712,0.202176765,0.0312452354,-0.039502468,0.968274355,-0.209257126,-0.0317217633,-0.200004071,0.975930631,0.094977513,-0.00447998708,0.036523018,0.999982834,-0.0928738862,0.00165992975,-0.0347187817,0.999982476,0.140805855,0.387401968,0.0844922587,0.963888705,-0.0566351078,0.312868983,0.0148770716,0.965590596,0.168515518,0.703104436,0.314248294,0.975078881,-0.0916101784,0.69503057,0.212638259,0.982794881,0.153209165,0.738861859,0.341002673,0.807798743,-0.0945805386,0.72799021,0.191011488,0.778691649,0.198534563,0.768509567,0.295133889,0.968063235,-0.105125576,0.745075464,0.102880202,0.97002691
799.9999999999995,0.00364806456,-0.628054559,-0.366632104,0.999932468,0.0230384618,-0.64587003,-0.353729934,0.999805331,0.0248691197,-0.645326257,-0.34159106,0.999762654,0.0234632753,-0.645174623,-0.345440954,0.999833524,-0.0014874331,-0.656235874,-0.368722439,0.999878407,-0.000849475,-0.654961824,-0.381960839,0.999893427,0.00511252973,-0.64254123,-0.361334026,0.999922216,0.0745210201,-0.623004436,-0.241676643,0.999841332,-0.0686590746,-0.582264185,-0.25789851,0.999736488,0.0352638103,-0.615499377,-0.314552754,0.999939442,-0.000277712708,-0.583609939,-0.346598923,0.999946356,0.158004254,-0.451227665,-0.113077104,0.999986887,-0.160229579,-0.509286463,-0.0784285739,0.999976277,0.199257687,-0.23698242,-0.0628672913,0.980673432,-0.20374833,-0.23509793,-0.101997308,0.982498944,0.21391207,-0.00382430386,-0.0382074,0.984891355,-0.22886692,-0.0422713086,-0.182285801,0.990500689,0.20479618,0.0496923588,-0.0318004414,0.974717,-0.212330222,-0.00105904834,-0.231006399,0.982069135,0.169418469,0.0619834661,-0.0610288233,0.977535963,-0.175295129,-0.0237581264,-0.252325,0.983983517,0.203884616,0.0316460617,-0.0467545427,0.968610585,-0.210522175,-0.0375209823,-0.201255396,0.976365685,0.0950506106,-0.00438142382,0.0364149809,0.999983191,-0.0929338485,0.00156100164,-0.0345840417,0.999982834,0.141013116,0.38849315,0.0834031105,0.96487093,-0.0564222969,0.313424647,0.0151827978,0.96635747,0.169107974,0.706752777,0.313791424,0.975548625,-0.0904232189,0.696017385,0.213007078,0.983085454,0.153908059,0.742766,0.340694606,0.810046077,-0.0932463333,0.728930354,0.191439122,0.781591415,0.198782206,0.772787631,0.294816136,0.968755543,-0.103746347,0.746377766,0.103773788,0.970600188
816.6666666666662,0.00597991562,-0.62870419,-0.342623293,0.999929249,0.0258260425,-0.646437526,-0.329319686,0.999793828,0.0276687313,-0.646021903,-0.317309469,0.999749959,0.0263911393,-0.64583236,-0.321321934,0.999825656,0.00150101678,-0.657206,-0.343949229,0.9998703,0.00209343573,-0.655922413,-0.356787175,0.999886155,0.00814581849,-0.643398106,-0.336734056,0.999916553,0.0771535,-0.623505116,-0.219908521,0.999833286,-0.065418452,-0.5841676,-0.234945461,0.999715626,0.0375687256,-0.616139174,-0.291969121,0.999935567,0.00205728901,-0.584387302,-0.323009729,0.999942541,0.159728855,-0.450376362,-0.102711856,0.999986827,-0.157641068,-0.512173116,-0.0599125065,0.999975622,0.199394047,-0.233633965,-0.0564826354,0.980815828,-0.20338887,-0.243542746,-0.0878672078,0.982008636,0.213949338,-0.000728665851,-0.022121219,0.985122502,-0.228249401,-0.0520492047,-0.168109074,0.990441918,0.20481509,0.0540931448,-0.0132458592,0.975051284,-0.211671859,-0.00907933619,-0.213928133,0.982126713,0.169667438,0.0663855,-0.0415890515,0.977838039,-0.174536645,-0.0305380486,-0.236063272,0.984043,0.203997254,0.034505,-0.0300677679,0.969052494,-0.210161522,-0.0470509492,-0.186820656,0.976612687,0.0950643271,-0.00414660294,0.0351845548,0.999983251,-0.0929357931,0.00135284057,-0.0334600359,0.999982655,0.141069084,0.389196038,0.0670236349,0.964230061,-0.056519106,0.313436806,0.00945622288,0.964690447,0.169081,0.707922518,0.279043496,0.975266039,-0.0889999866,0.695828497,0.210138172,0.982423842,0.153851718,0.743769884,0.303789288,0.807619274,-0.0916014835,0.728728473,0.188242689,0.777311146,0.199476525,0.77321589,0.257867217,0.968544364,-0.103283912,0.747193933,0.102977701,0.969840527
833.3333333333328,0.00829017814,-0.628871858,-0.344914734,0.999930143,0.0283491481,-0.646547198,-0.331563115,0.999796271,0.0302108899,-0.646158814,-0.319540352,0.999753296,0.0289111324,-0.645971119,-0.323491067,0.999828041,0.00386243919,-0.65742,-0.346230835,0.999871433,0.00448394334,-0.656146646,-0.359153152,0.999887228,0.0105014462,-0.643640578,-0.338983804,0.99991715,0.0797948763,-0.62351352,-0.220869914,0.999835491,-0.0633891374,-0.584698081,-0.236217,0.99971658,0.0397865772,-0.616249204,-0.293757319,0.999936163,0.00410625152,-0.584610045,-0.325036317,0.999942958,0.161624223,-0.449761569,-0.101450801,0.999986887,-0.156580687,-0.514627516,-0.0600386225,0.999975622,0.200945616,-0.232403681,-0.0537207425,0.981214702,-0.203520089,-0.251090109,-0.0880558342,0.981956601,0.215048879,0.000900964485,-0.0198130086,0.98546952,-0.227654919,-0.0612452552,-0.168912321,0.990514,0.205628708,0.0557771921,-0.0113638733,0.975569427,-0.21070531,-0.0186835974,-0.214734569,0.982343376,0.170602396,0.0678331777,-0.0399254933,0.978304267,-0.173117355,-0.0400681756,-0.236654758,0.984243393,0.205057785,0.0361172892,-0.0277511887,0.969675303,-0.209352762,-0.0562181845,-0.187554151,0.976952732,0.0951814,-0.00396921393,0.0350456499,0.99998349,-0.0930267125,0.00117801141,-0.0333081037,0.999982834,0.142080277,0.389814883,0.0671035722,0.965311468,-0.0566048808,0.313409805,0.00532046938,0.965684533,0.170293048,0.708304,0.283896744,0.975996912,-0.0886552781,0.695830405,0.205278143,0.98294127,0.154916957,0.744080663,0.309372276,0.811193287,-0.0912367,0.728726804,0.183445409,0.781979799,0.200246021,0.773955286,0.26295349,0.969488561,-0.103068881,0.747665942,0.0967605114,0.970763206
849.9999999999994,0.00889821444,-0.629468322,-0.339378893,0.999930322,0.0290429983,-0.647013307,-0.325505495,0.999795914,0.0308608636,-0.646724582,-0.313628316,0.999753416,0.029594291,-0.646543,-0.317476332,0.999827802,0.00431164308,-0.657985806,-0.339902043,0.999871135,0.00496681733,-0.656757057,-0.352742672,0.999887347,0.0109701566,-0.644272506,-0.332686514,0.999916911,0.0808758736,-0.623657525,-0.213587672,0.999835372,-0.0628744438,-0.585055,-0.228044257,0.999715686,0.0406341515,-0.616733789,-0.288129151,0.999936223,0.00475043058,-0.585096478,-0.319216669,0.999943,0.163243145,-0.448798269,-0.096045725,0.999986887,-0.156182513,-0.515576363,-0.0525678135,0.999975681,0.201080367,-0.230714425,-0.0496604554,0.981440187,-0.205350637,-0.254695594,-0.0876588523,0.98196876,0.214967147,0.00220493716,-0.01715298,0.98571831,-0.228788108,-0.073827,-0.178423956,0.990758061,0.205407485,0.0575900711,-0.00891044922,0.975983,-0.211864442,-0.0330817103,-0.22787568,0.982923865,0.170582116,0.0692206547,-0.0375509,0.978678048,-0.17367658,-0.0564902723,-0.249544606,0.984766603,0.205007583,0.0372581892,-0.0250622313,0.970191479,-0.210467532,-0.069947511,-0.197255552,0.977728367,0.0954734311,-0.00375910033,0.034646444,0.999983609,-0.0932736099,0.000948535,-0.0328603275,0.999982893,0.142446026,0.390563,0.0629661232,0.965460777,-0.0589502268,0.313408941,-0.00407577446,0.965913892,0.17041336,0.708809316,0.277324557,0.976330161,-0.0896919817,0.696007907,0.195483923,0.983074367,0.154976234,0.744493604,0.302617222,0.81253022,-0.0921315178,0.72892195,0.173345745,0.78305006,0.200470775,0.774389327,0.254040211,0.970059752,-0.103410393,0.749341488,0.0848159,0.971189857
866.6666666666661,0.00981985684,-0.629395366,-0.334858507,0.999930739,0.0302032717,-0.646930397,-0.321504921,0.999795616,0.0319524631,-0.646675706,-0.309640199,0.999753594,0.03071432,-0.646501541,-0.313544273,0.999827921,0.00535551738,-0.657986522,-0.33559534,0.999870658,0.00604621414,-0.656760037,-0.348406523,0.999887109,0.0120232413,-0.644273341,-0.328414112,0.999916375,0.0820808113,-0.623593271,-0.210797086,0.999835432,-0.0612365231,-0.585317969,-0.22430785,0.999713063,0.0415818319,-0.616688967,-0.28414464,0.999935806,0.00572268246,-0.585091472,-0.314799607,0.999942482,0.16442433,-0.447682232,-0.0950470641,0.999986887,-0.155207306,-0.517665744,-0.0484230444,0.999975622,0.202146664,-0.229072258,-0.0495388582,0.981639922,-0.20852524,-0.259580284,-0.0882012,0.981674731,0.214960054,0.00396403624,-0.0160344206,0.985753715,-0.229003266,-0.083471559,-0.188313738,0.990795,0.205181122,0.0601596944,-0.00779095711,0.976038575,-0.211489454,-0.0432457738,-0.239758506,0.983204,0.170483768,0.0715013817,-0.0361069962,0.978714764,-0.172869235,-0.0676742271,-0.260065973,0.98501,0.205002233,0.0388641506,-0.0236478969,0.970235348,-0.210406408,-0.0801800936,-0.206786036,0.97811991,0.0955033079,-0.00347996084,0.0336994641,0.999983788,-0.0932892859,0.000678612036,-0.0318861343,0.999982953,0.142547876,0.392394245,0.0572418533,0.965642214,-0.0603363179,0.313464403,-0.00748344883,0.965663433,0.17034404,0.712031782,0.266697824,0.976745665,-0.0895134732,0.696219444,0.193435699,0.983107746,0.154809058,0.747618,0.291415572,0.814197898,-0.0918312222,0.729146838,0.171206564,0.78433609,0.200363055,0.777159333,0.242825255,0.970653057,-0.103426754,0.750159919,0.0841639265,0.971468031
883.3333333333327,0.0113567654,-0.629333496,-0.333986044,0.999932766,0.0320283361,-0.646898448,-0.320406586,0.999800563,0.03361471,-0.646660328,-0.308579922,0.999759257,0.0324002169,-0.646493912,-0.312449038,0.999831,0.00649399683,-0.657982469,-0.33428061,0.999874234,0.00727891829,-0.65676105,-0.347110569,0.999890745,0.0131796068,-0.644276738,-0.327141523,0.999918818,0.0843326226,-0.623562217,-0.207942367,0.999838769,-0.0602129214,-0.585325599,-0.221069857,0.99972254,0.04330533,-0.616646886,-0.282867312,0.999937356,0.00708630495,-0.585053921,-0.313486934,0.99994415,0.167677552,-0.446423352,-0.0903492272,0.999986649,-0.154478312,-0.518389225,-0.0464242883,0.999976099,0.205765709,-0.227127299,-0.0460471734,0.981827378,-0.215467513,-0.262427509,-0.0964503437,0.982230544,0.217255935,0.00643633213,-0.0154752275,0.985919535,-0.228739455,-0.0955776796,-0.232134268,0.991303325,0.206448182,0.0633513257,-0.00776911527,0.976374686,-0.21104522,-0.0574190468,-0.290877789,0.984214902,0.172079101,0.0745293647,-0.0362583473,0.979012072,-0.169932723,-0.0844942182,-0.30817467,0.985907495,0.207136512,0.0414389931,-0.0230676308,0.970664084,-0.210063025,-0.0932953283,-0.250131279,0.979372561,0.0955931321,-0.00327344774,0.0336084887,0.999983788,-0.0933855474,0.000440044474,-0.0317177884,0.999983072,0.142703235,0.39520821,0.0530615039,0.966449261,-0.0622961223,0.31352067,-0.0126044992,0.966393769,0.170340851,0.71234113,0.263226867,0.977455616,-0.0895980299,0.696501434,0.189122245,0.983486056,0.154768944,0.747685969,0.288368493,0.818274915,-0.0918395892,0.729401708,0.166806445,0.787433684,0.200249866,0.776965,0.237584352,0.971641302,-0.102563836,0.751891792,0.0772975311,0.972214699
899.9999999999993,0.0116116926,-0.631294906,-0.330409437,0.999932647,0.0323608555,-0.648858547,-0.316573232,0.999799192,0.0338085666,-0.648763716,-0.304819345,0.99975729,0.0326409563,-0.648716152,-0.308671266,0.999828339,0.00650896644,-0.660119712,-0.330376685,0.999873698,0.0073452387,-0.658982158,-0.343277484,0.999891162,0.013197233,-0.646562934,-0.323379159,0.999918699,0.0847008675,-0.624697924,-0.203338981,0.999837279,-0.0601310953,-0.586502314,-0.21654278,0.999724209,0.0435722508,-0.618470132,-0.279176265,0.999937177,0.0072415648,-0.586748421,-0.310038894,0.99994421,0.168807223,-0.446264356,-0.083358027,0.999985754,-0.154094502,-0.520199835,-0.0458489209,0.999975801,0.208203614,-0.226941496,-0.0396230705,0.98148042,-0.22504282,-0.27001524,-0.114946328,0.982485354,0.21982269,0.0073219575,-0.0137878442,0.985567689,-0.229000613,-0.116983399,-0.276702106,0.991612613,0.208233759,0.0645431131,-0.00718127,0.975998759,-0.210626751,-0.082497023,-0.340867341,0.984939158,0.174571946,0.0757922083,-0.036004819,0.978689551,-0.167099491,-0.112709053,-0.354992688,0.98654449,0.209805846,0.042452231,-0.0215709265,0.970313251,-0.209699288,-0.11640133,-0.293994963,0.980217576,0.0955901,-0.00322541874,0.0337253064,0.999983609,-0.0933894,0.000352373027,-0.0317502506,0.999983,0.142189637,0.396698087,0.0544662438,0.967226505,-0.0639296547,0.315629125,-0.0122126946,0.967051804,0.169999972,0.714674413,0.261107922,0.978332877,-0.0922656581,0.70027864,0.188465819,0.983953834,0.154309526,0.749967933,0.28601864,0.823684752,-0.0940755,0.733074665,0.165786624,0.790248871,0.200179815,0.777603865,0.230436832,0.972815216,-0.102420956,0.757513165,0.0716766566,0.973037958
916.666666666666,0.0120513346,-0.633540928,-0.329716712,0.999929905,0.0330219455,-0.65091449,-0.315579534,0.999789536,0.034322679,-0.650963664,-0.303831667,0.999744534,0.0331301838,-0.650938213,-0.30767715,0.99981755,0.00666487589,-0.662308753,-0.328981221,0.999868095,0.00755671738,-0.6613428,-0.34194991,0.999887526,0.0133572072,-0.648954272,-0.322030485,0.999915659,0.0861248821,-0.625667036,-0.201389953,0.999828577,-0.0597151071,-0.58776623,-0.213261187,0.99971664,0.0443144068,-0.620395422,-0.278428793,0.999934733,0.00765803037,-0.588786781,-0.309012413,0.999942422,0.171586275,-0.446005791,-0.0801060125,0.999984205,-0.153685823,-0.52374,-0.0444469638,0.999975145,0.211250022,-0.226815954,-0.0351833068,0.980436444,-0.232236043,-0.281839877,-0.121634372,0.982406497,0.222716421,0.00746571505,-0.011333433,0.984402716,-0.228815541,-0.135647237,-0.289658844,0.991800606,0.210238352,0.0647641271,-0.00564910611,0.97458744,-0.209702209,-0.101314142,-0.355345219,0.985473752,0.176909968,0.0760339424,-0.0347824246,0.97742331,-0.160734624,-0.132567734,-0.36859861,0.987003386,0.212569639,0.0426934138,-0.0190972667,0.968695104,-0.208902061,-0.135174826,-0.306761771,0.980768442,0.0956093296,-0.00304283,0.033747416,0.999983609,-0.0934280157,0.000146704144,-0.0317395702,0.999983132,0.142201304,0.397079527,0.0547784604,0.968049645,-0.0649520755,0.315651178,-0.0112985335,0.967729092,0.17001228,0.714790523,0.263847291,0.979338348,-0.0926622301,0.700470686,0.188889861,0.984555244,0.154303536,0.750038147,0.289221615,0.830067396,-0.0943026,0.733298123,0.16631864,0.795078456,0.200339347,0.778972447,0.234318107,0.974032342,-0.102121636,0.760446846,0.0739028379,0.973964393
933.3333333333326,0.0126762195,-0.633833706,-0.31576851,0.999928832,0.0337503552,-0.651583254,-0.303727806,0.999785721,0.0349286348,-0.651700079,-0.292186618,0.999740243,0.0338764377,-0.651823699,-0.296408653,0.99981463,0.00753354328,-0.663326919,-0.317419559,0.999865055,0.00845050532,-0.662195,-0.330120474,0.999885201,0.0142616266,-0.649705172,-0.310507506,0.999913633,0.086454846,-0.626974702,-0.195928633,0.999825478,-0.0568360947,-0.588505149,-0.207091734,0.999712229,0.044844076,-0.620940804,-0.266567081,0.999932468,0.00861764606,-0.589045644,-0.296474516,0.999940276,0.172075942,-0.445516109,-0.0764544383,0.999983311,-0.148712382,-0.526098132,-0.0412831493,0.999974728,0.213146538,-0.226184696,-0.0332611501,0.979625046,-0.236380145,-0.292900324,-0.120078303,0.982503116,0.226140499,0.012740504,-0.00747738918,0.983921826,-0.225355953,-0.158917278,-0.273637325,0.992059171,0.213440359,0.071675,-0.00217666,0.974112511,-0.199940279,-0.128003076,-0.335947633,0.98618,0.181437403,0.0841512159,-0.0306627173,0.976959407,-0.145662144,-0.160983562,-0.349308938,0.987607241,0.216413364,0.0481551625,-0.0150223915,0.968233049,-0.202535599,-0.161027879,-0.290206701,0.981625438,0.095402196,-0.00274148886,0.0337335393,0.999983191,-0.0932004079,-0.000205074059,-0.0317200571,0.999982774,0.142284304,0.400093257,0.0496429168,0.967094719,-0.0648958758,0.32031545,-0.015257353,0.967217445,0.171232179,0.717630565,0.245077431,0.978971899,-0.0917010754,0.70415628,0.17872,0.984405577,0.15541999,0.75224483,0.268953085,0.829072,-0.0932413712,0.736738,0.154593125,0.79488939,0.203212693,0.778888941,0.219912216,0.973892927,-0.100369282,0.763024688,0.0687995404,0.974056423
949.9999999999992,0.0126182018,-0.633817315,-0.301402599,0.999924779,0.0334582403,-0.651861191,-0.291498631,0.999774098,0.0345563106,-0.652060568,-0.280156672,0.999726176,0.0336153954,-0.65232259,-0.2847583,0.999806464,0.00745258853,-0.663760066,-0.305739582,0.999856353,0.00835764129,-0.662469268,-0.318170816,0.999877393,0.014169462,-0.649897218,-0.298788816,0.999907911,0.0850240141,-0.629404902,-0.18888244,0.999815345,-0.0564405471,-0.588814914,-0.200146973,0.999695599,0.0447340049,-0.621356368,-0.253428966,0.999926507,0.00862835068,-0.589040637,-0.282970876,0.999934256,0.171825886,-0.445569724,-0.0686803833,0.999982119,-0.145361185,-0.529282212,-0.0384599231,0.999974,0.213242173,-0.224964947,-0.0272157546,0.97641623,-0.24532561,-0.301001757,-0.118822493,0.981983542,0.226700395,0.0199262835,-0.0014475846,0.98227644,-0.224825069,-0.18035841,-0.263733804,0.992139101,0.213869274,0.0791777149,0.00320120878,0.97241962,-0.196287021,-0.154424563,-0.324526489,0.986717761,0.182525009,0.0925969,-0.0239320733,0.975345,-0.139878482,-0.189271182,-0.337915093,0.988043308,0.217215821,0.0550154634,-0.00858402532,0.966290832,-0.20108518,-0.18505834,-0.280169129,0.982236683,0.0947368443,-0.00217636046,0.0341122709,0.999982536,-0.0924588218,-0.000805802119,-0.0320896544,0.999982119,0.142297149,0.404564857,0.0465605073,0.963227391,-0.0648413748,0.323578,-0.0238962583,0.965292037,0.170633197,0.721049845,0.232937738,0.977401435,-0.0919465497,0.706139505,0.164598569,0.98376286,0.154417366,0.754859567,0.256074,0.824293673,-0.0936971903,0.738560796,0.139907643,0.79304111,0.203003198,0.779318273,0.213731974,0.972738504,-0.100361317,0.765615046,0.0634221062,0.973682106
966.6666666666658,0.0128334435,-0.633744,-0.303064108,0.999922037,0.033635281,-0.651831,-0.292237341,0.999765873,0.0346992314,-0.652035713,-0.280793,0.999717653,0.0337441452,-0.652293146,-0.285190493,0.999800444,0.00749160862,-0.663732231,-0.305829734,0.999847889,0.00843690615,-0.662441134,-0.318523854,0.999870718,0.0142234834,-0.649873,-0.298931837,0.999901712,0.0854695737,-0.629413307,-0.187451139,0.999811411,-0.0562083386,-0.588806331,-0.197697371,0.999675,0.0452156216,-0.621351779,-0.254855692,0.999923289,0.00906078145,-0.589024544,-0.284329295,0.999929845,0.172959849,-0.445352882,-0.0648453385,0.999981642,-0.144368783,-0.530513704,-0.0353516974,0.99997282,0.214046106,-0.224555761,-0.0135875251,0.97454381,-0.250487417,-0.304241449,-0.123700343,0.979494214,0.230075672,0.0194916055,0.0172410756,0.981642,-0.217327386,-0.213573262,-0.300996751,0.991955221,0.21675013,0.0783850923,0.0227962,0.971999049,-0.182492644,-0.194908559,-0.371457785,0.98701179,0.186246708,0.0913342,-0.00420123292,0.974966526,-0.122474827,-0.239448428,-0.377928764,0.988268435,0.221009791,0.0545901507,0.0106635485,0.965753496,-0.190038711,-0.222804412,-0.315320402,0.982413173,0.0945380852,-0.00203755195,0.0347202271,0.999981523,-0.0922789127,-0.000980625162,-0.032542184,0.999980688,0.143143296,0.403963029,0.0476344116,0.960537672,-0.0637059063,0.322535127,-0.0283748731,0.963246882,0.170280725,0.719910264,0.237963676,0.97698319,-0.0914913714,0.70348984,0.164909884,0.983387589,0.153791443,0.753548622,0.261745065,0.824483216,-0.0932063609,0.735637248,0.14099063,0.791573584,0.202852666,0.778409779,0.217972696,0.972453177,-0.0989870653,0.763053119,0.0624479353,0.973157048
983.3333333333325,0.0123108141,-0.633549154,-0.305547625,0.999914169,0.0332828313,-0.65172565,-0.294828296,0.999742,0.0341470614,-0.651973665,-0.283315331,0.999694109,0.0332456157,-0.652242362,-0.287608534,0.999782741,0.00690141134,-0.663648069,-0.307899147,0.999825835,0.00796546,-0.662392259,-0.320821345,0.999854088,0.0137226237,-0.649823487,-0.301106,0.999885678,0.0854332596,-0.62940371,-0.189080849,0.999801517,-0.0560370609,-0.588763,-0.199440703,0.999631286,0.0450698212,-0.621311247,-0.257547647,0.999916077,0.00900152884,-0.588950932,-0.286820322,0.999919951,0.17400226,-0.444763541,-0.0665650442,0.999980927,-0.142899111,-0.530634224,-0.0359783843,0.9999699,0.214795887,-0.221634403,-0.016542742,0.974206686,-0.248211011,-0.305302083,-0.146823436,0.977384448,0.231578261,0.0214608,0.0135997292,0.982037187,-0.211560979,-0.238425449,-0.344015419,0.992011,0.218301162,0.0809666067,0.0194293056,0.972894251,-0.176709279,-0.22512497,-0.417442828,0.987555563,0.187488705,0.0928049535,-0.00801643,0.975794494,-0.117419466,-0.272082478,-0.421869218,0.988738894,0.222433761,0.0565246791,0.00671882229,0.966843367,-0.183975816,-0.249385044,-0.357931912,0.983027399,0.0944349468,-0.00201391056,0.0350607075,0.999980271,-0.0921919048,-0.00104076567,-0.0327986442,0.999978602,0.144359156,0.403107435,0.0483282693,0.958450735,-0.0617486313,0.322607279,-0.0271899849,0.961069763,0.172084183,0.718430281,0.23899442,0.977089167,-0.0915268958,0.70218116,0.170867458,0.982954562,0.155740559,0.752018094,0.263162941,0.82602644,-0.0932356,0.733969092,0.147980154,0.788733363,0.20741424,0.777657807,0.217203677,0.972746968,-0.0977993235,0.762726784,0.0712084472,0.97258538
999.9999999999991,0.0110762771,-0.633327603,-0.30764389,0.999904275,0.0318097919,-0.651527762,-0.296669781,0.999714613,0.0324230529,-0.65182656,-0.285110384,0.999668598,0.0314571783,-0.652095795,-0.289365351,0.999763668,0.00535807433,-0.66333431,-0.309820861,0.999800265,0.00663944846,-0.662202775,-0.322808355,0.999835193,0.0121353818,-0.649665,-0.303028524,0.99986738,0.0848810449,-0.62885052,-0.192887053,0.99979353,-0.0558493026,-0.586966753,-0.200988278,0.999584377,0.0446056947,-0.621039,-0.259062499,0.999909878,0.0087853577,-0.588500261,-0.28882122,0.999910474,0.174875751,-0.443707496,-0.0697365627,0.999980748,-0.142985329,-0.52846849,-0.03737,0.999966323,0.21626246,-0.221630141,-0.017189512,0.97385484,-0.252171218,-0.301804543,-0.162660152,0.974238336,0.232483879,0.0209003109,0.00975012407,0.982299626,-0.199753106,-0.260874152,-0.364354432,0.991749644,0.218671069,0.0803726315,0.0152662769,0.973700225,-0.157191858,-0.256939083,-0.436539829,0.987715065,0.187364429,0.0911347345,-0.00915755797,0.976524532,-0.101565234,-0.309157729,-0.437930614,0.988806248,0.222964019,0.0556282215,0.00433957437,0.967759192,-0.171644256,-0.275601178,-0.376893282,0.98298645,0.094388023,-0.00198849151,0.0351862088,0.999979734,-0.0921673,-0.00106756948,-0.0328747779,0.999977171,0.144223318,0.397902071,0.0492080823,0.957307935,-0.0612853654,0.3189044,-0.0263616852,0.959691703,0.171660647,0.71031481,0.242979616,0.97776252,-0.0894393474,0.688966751,0.19007875,0.983001769,0.155384153,0.743854165,0.268640429,0.830869615,-0.090551883,0.719868243,0.169738874,0.790571928,0.206739202,0.772063553,0.223718181,0.973477602,-0.0948508605,0.750979304,0.094148241,0.972450376
1016.6666666666657,0.00919404905,-0.631862104,-0.307547063,0.999894798,0.0304110218,-0.650378525,-0.297538042,0.999688208,0.0308054648,-0.650801122,-0.285986543,0.99964571,0.0298214406,-0.651051879,-0.29020682,0.999746561,0.00375352358,-0.662288547,-0.309744686,0.999773443,0.00517082633,-0.66136986,-0.323101074,0.999815345,0.0104270848,-0.648847401,-0.303171724,0.999846697,0.0847978219,-0.627513349,-0.194092453,0.999787867,-0.0557216145,-0.585633516,-0.201328754,0.999536276,0.0436669029,-0.619493,-0.260365278,0.999902248,0.00789429247,-0.586958826,-0.289295167,0.999898553,0.175229236,-0.442105025,-0.0714991093,0.999980509,-0.142928302,-0.526622534,-0.0377476364,0.999961257,0.217441574,-0.221349612,-0.0189959873,0.973604918,-0.256998658,-0.304257184,-0.171913192,0.971329749,0.233146206,0.0211590063,0.00651921704,0.98276186,-0.196530029,-0.298482805,-0.3686077,0.991667569,0.219089583,0.0807384625,0.0130200284,0.974776864,-0.151686952,-0.301366717,-0.43900013,0.988021553,0.187152654,0.0915162712,-0.010432208,0.977505744,-0.0979721248,-0.352769613,-0.438005596,0.989007771,0.223209575,0.0560101345,0.00258670445,0.969036281,-0.168861791,-0.314212233,-0.38006863,0.983231068,0.0943883,-0.00196878775,0.0352074429,0.999978721,-0.0921708345,-0.00109448435,-0.0328860208,0.999974847,0.143409699,0.397007078,0.0496597663,0.954846919,-0.0613504872,0.317566901,-0.0257950276,0.956681788,0.171694741,0.7061795,0.24417305,0.977986395,-0.0892172828,0.681721091,0.202418402,0.982605338,0.155583143,0.739424646,0.270744473,0.833042324,-0.0901654437,0.711952448,0.182480723,0.789300501,0.207232371,0.765949905,0.226950184,0.973716617,-0.0948527828,0.740293324,0.108214155,0.971628845
1033.3333333333323,0.00626498414,-0.629599631,-0.3028135,0.99984324,0.0281408671,-0.648355603,-0.296668082,0.999556184,0.0282596964,-0.648977757,-0.285262913,0.999513268,0.0275548194,-0.649324775,-0.289457083,0.99966234,0.00242824247,-0.661143601,-0.308052808,0.999658644,0.00359982322,-0.660090506,-0.321433902,0.999722421,0.008848303,-0.647394717,-0.301617891,0.999767721,0.0834213868,-0.626853526,-0.197346747,0.999729931,-0.0537729785,-0.585409,-0.201798052,0.999342,0.0410497077,-0.617659688,-0.258860171,0.999863684,0.00664437888,-0.585162103,-0.285219491,0.999850094,0.17455177,-0.441998452,-0.0737309232,0.99997884,-0.141816676,-0.526276052,-0.0384462252,0.999951839,0.216842115,-0.219211623,-0.0230731443,0.968809545,-0.255483389,-0.304169297,-0.163957626,0.966675758,0.231044516,0.0280255247,-0.00264092325,0.98159492,-0.195765674,-0.325388104,-0.347620279,0.991560698,0.217242986,0.0862476528,0.00289285253,0.974200666,-0.151521698,-0.340948552,-0.416423678,0.988351107,0.184948072,0.0981417671,-0.0163174812,0.976936638,-0.102537736,-0.391121715,-0.427170426,0.989219606,0.22090742,0.0624614656,-0.00572411064,0.968255341,-0.170482785,-0.343891859,-0.363045812,0.98356241,0.0944490135,-0.00182979088,0.0350364707,0.99997741,-0.0922066718,-0.00132930651,-0.0327345654,0.999972343,0.142525777,0.399644107,0.0499389544,0.944594622,-0.0613456517,0.319386363,-0.0171123762,0.94784528,0.17231141,0.706283,0.245578751,0.975945413,-0.0889502093,0.682070732,0.2140605,0.980726,0.156375438,0.73941958,0.271952659,0.82463944,-0.0900066793,0.712269187,0.193472698,0.782216966,0.207431242,0.765242219,0.227866769,0.971929312,-0.0945232734,0.739400566,0.124676995,0.9694736
1049.999999999999,-0.00396833057,-0.629633605,-0.301912576,0.999829233,0.0198945738,-0.648380816,-0.296560019,0.999517798,0.019917747,-0.649037242,-0.285225272,0.999480784,0.0190561954,-0.64935565,-0.289304733,0.999637127,-0.00589408865,-0.661151707,-0.305743307,0.99961859,-0.00448184973,-0.660172284,-0.319476277,0.999694765,0.000430469547,-0.647471786,-0.299543709,0.99973923,0.0827510506,-0.626664698,-0.201363713,0.999721289,-0.0537903421,-0.585380435,-0.197115272,0.999277532,0.0345156677,-0.617601335,-0.259460658,0.999855101,0.000253174512,-0.585146129,-0.284076542,0.999836206,0.174738646,-0.441390812,-0.0785978213,0.999978364,-0.141684249,-0.525232,-0.0361326039,0.999945462,0.217875645,-0.218837112,-0.0317542143,0.968752921,-0.260795534,-0.311758697,-0.160710782,0.965078712,0.231039107,0.0273438841,-0.0144998422,0.982199848,-0.196561262,-0.357755452,-0.346366614,0.991882205,0.217210427,0.0855010599,-0.00900413282,0.975408256,-0.151106119,-0.374847025,-0.413868606,0.988956213,0.184262082,0.0972801745,-0.0262740105,0.978025138,-0.103568822,-0.428299159,-0.416822433,0.989732087,0.220823035,0.0618648157,-0.0171627142,0.969637156,-0.171437144,-0.37702179,-0.35880968,0.984307587,0.0944966674,-0.00182666129,0.0344918482,0.999975801,-0.0922573581,-0.00135578727,-0.0321934223,0.999969363,0.141857028,0.395459533,0.0494426787,0.940538406,-0.0622950606,0.317369878,-0.00628232956,0.943940938,0.172724023,0.701540172,0.247807816,0.975844562,-0.0896354243,0.679373801,0.233532742,0.980003476,0.157026783,0.734546721,0.27530846,0.824218392,-0.0904330686,0.709460616,0.214107916,0.777826071,0.20764038,0.760289133,0.229837,0.971778452,-0.0945790038,0.737771213,0.141691074,0.968071759
1066.6666666666658,-0.00816090126,-0.627804935,-0.299001664,0.9998281,0.01579904,-0.646923363,-0.29479754,0.99951607,0.0158421602,-0.647723258,-0.283639431,0.999481618,0.0149925314,-0.648050666,-0.28764382,0.999638557,-0.0100003444,-0.659838438,-0.302960128,0.999611,-0.00864579715,-0.658958256,-0.316800535,0.999688685,-0.00376155693,-0.646189511,-0.296888202,0.999731839,0.081512019,-0.626246333,-0.201737598,0.999725103,-0.0539630689,-0.584618151,-0.194010869,0.9992612,0.0313355811,-0.615999103,-0.258278102,0.999853075,-0.00312753208,-0.583338737,-0.2809349,0.999830961,0.174243763,-0.440924168,-0.0787710249,0.999978423,-0.141511053,-0.525195777,-0.035635855,0.999942362,0.21780473,-0.217862964,-0.0319362171,0.967632174,-0.272375166,-0.330527216,-0.160274521,0.964586198,0.231124,0.0288828723,-0.0143634146,0.982566833,-0.196058288,-0.386511385,-0.338362068,0.992204428,0.217271835,0.0869657,-0.00889919,0.976346135,-0.146459132,-0.405126661,-0.404329509,0.989506662,0.183945328,0.0989616662,-0.0256412197,0.978864551,-0.0994282663,-0.45592919,-0.408541828,0.9901793,0.220743433,0.063488178,-0.0169037431,0.970700681,-0.170894474,-0.40516609,-0.350415498,0.98499018,0.0944880471,-0.00184058829,0.0344173685,0.99997437,-0.09224464,-0.00137815322,-0.0321296379,0.999967098,0.13969028,0.395426244,0.048781544,0.932498276,-0.06578926,0.317557544,-0.00355764967,0.937233031,0.172697559,0.700874567,0.24875626,0.974349558,-0.0954950303,0.680033624,0.232344121,0.978516221,0.15703012,0.733738124,0.275900692,0.820329487,-0.096604906,0.710220754,0.212415814,0.772366405,0.207618937,0.759000838,0.230760142,0.970633626,-0.100318857,0.738079309,0.14130722,0.966240227
1083.3333333333326,-0.0107881092,-0.626012623,-0.299982905,0.999820411,0.0134831481,-0.644742,-0.295214564,0.999494672,0.0135393636,-0.645729899,-0.284004837,0.999465823,0.0124616176,-0.645987451,-0.288034379,0.99962461,-0.0130831487,-0.657660425,-0.303556412,0.999583602,-0.0114797391,-0.657193,-0.317487985,0.99966985,-0.00691194413,-0.644491613,-0.297502458,0.999709368,0.0814868286,-0.623544276,-0.204290897,0.999724448,-0.0543211102,-0.583024323,-0.19336471,0.999218464,0.0296610724,-0.613944113,-0.258485258,0.99984777,-0.0056855334,-0.581764221,-0.281854093,0.999820709,0.17443572,-0.438278,-0.0815366954,0.999977887,-0.141570613,-0.525538206,-0.0360382311,0.9999367,0.217782035,-0.216091082,-0.0402779542,0.967710078,-0.280540735,-0.35217917,-0.173192844,0.964202225,0.231351301,0.0284076445,-0.0253737438,0.982992232,-0.194247067,-0.422271162,-0.363977581,0.992496312,0.21734643,0.086454764,-0.019486839,0.977356613,-0.139869437,-0.442141771,-0.431670934,0.989979744,0.183728144,0.0988015905,-0.0357377,0.979796052,-0.0917457119,-0.495126098,-0.427562773,0.990563035,0.22072719,0.063046433,-0.0277924314,0.971875489,-0.167858526,-0.441382706,-0.373496979,0.98553896,0.0944901779,-0.00185913465,0.0342371054,0.999970675,-0.092253,-0.00139906816,-0.0319542512,0.999961913,0.13557823,0.388324529,0.0518563613,0.926092,-0.0659874529,0.313429892,0.00121209444,0.932732403,0.170640677,0.689147532,0.26185438,0.973589957,-0.0953628346,0.672837794,0.241561756,0.977071643,0.155354097,0.721798,0.290381163,0.819406331,-0.0965332836,0.702304,0.222723126,0.766203642,0.20421119,0.744561493,0.245943964,0.969594896,-0.100250281,0.729088247,0.150978789,0.963325381
1099.9999999999993,-0.0181919727,-0.625615835,-0.300668657,0.999825776,0.00638250401,-0.644515693,-0.295374453,0.999512196,0.00641218433,-0.645576894,-0.284142911,0.999486864,0.00519841,-0.645830035,-0.288152397,0.999638557,-0.0214938428,-0.657198966,-0.30397,0.999590755,-0.0196122956,-0.656886935,-0.317993462,0.999675393,-0.0153797753,-0.644149,-0.297954947,0.999709845,0.0801491514,-0.623559177,-0.207304344,0.999738038,-0.058168631,-0.582420886,-0.191749424,0.999227405,0.0248899534,-0.613628089,-0.259161443,0.999850452,-0.0119242705,-0.581252217,-0.282491475,0.999819636,0.174370691,-0.438010842,-0.0842297748,0.999977827,-0.141566649,-0.526426315,-0.036241442,0.999930203,0.216573,-0.215036765,-0.0503348783,0.967950284,-0.287124217,-0.377482533,-0.184196413,0.964333057,0.231315777,0.0282558072,-0.0377484113,0.983628869,-0.19425939,-0.461207896,-0.370626599,0.9927333,0.217341185,0.0864152,-0.0320227109,0.978578091,-0.138725415,-0.48133263,-0.436330795,0.990347147,0.18322134,0.0984019563,-0.048373621,0.980914056,-0.090064548,-0.532985508,-0.429882854,0.990837514,0.220640481,0.0628956,-0.0403292663,0.973342657,-0.16756779,-0.479825288,-0.379138947,0.985980511,0.0944847912,-0.00193514558,0.0339229815,0.999968,-0.0922505632,-0.00140540849,-0.0316848494,0.99995786,0.133555621,0.385918409,0.0524098463,0.920027554,-0.068815574,0.311557978,0.0087821,0.92868048,0.170623407,0.68448776,0.26332441,0.973299801,-0.0977940038,0.669545352,0.249579474,0.976153255,0.155395344,0.71696651,0.291959703,0.820201695,-0.098486416,0.698703647,0.230698317,0.763189316,0.204464167,0.740485728,0.247599989,0.969205678,-0.102538072,0.72754544,0.161164358,0.961505115
1116.666666666666,-0.0218969658,-0.62567848,-0.301178694,0.999830604,0.00319075445,-0.644728,-0.295820832,0.999530494,0.00316839083,-0.645859599,-0.284733772,0.999506474,0.00206363807,-0.64616,-0.288691849,0.999653757,-0.0247825924,-0.65740478,-0.304309517,0.999600351,-0.0231280178,-0.657086611,-0.318287939,0.999680817,-0.0186934955,-0.644285679,-0.298245817,0.999713123,0.0785298124,-0.624140143,-0.210651234,0.999750078,-0.0601601638,-0.582427,-0.192171976,0.999240339,0.0216384605,-0.61366576,-0.26003322,0.999852955,-0.0153656052,-0.581252515,-0.282964945,0.99981904,0.174117297,-0.437700033,-0.0861418694,0.99997735,-0.141476914,-0.527674854,-0.0389350802,0.9999246,0.216318488,-0.212959126,-0.053242024,0.966779053,-0.287856728,-0.394369125,-0.183443114,0.964870811,0.231501222,0.0293653701,-0.0402711667,0.983864784,-0.194709793,-0.495078057,-0.36148417,0.993069768,0.217582464,0.0872112662,-0.0348806158,0.979354799,-0.141111,-0.522144079,-0.428326786,0.990835309,0.183149695,0.0989296436,-0.0521178469,0.98161453,-0.0922380462,-0.571585655,-0.428483099,0.99124068,0.220610604,0.0637420714,-0.0435058847,0.974273741,-0.168522209,-0.514814615,-0.371984631,0.986648262,0.09454377,-0.00197337708,0.03381579,0.999966145,-0.0922939405,-0.0014181626,-0.031619098,0.999955475,0.133306473,0.386581272,0.0509617664,0.911975682,-0.069567211,0.311702728,0.00800914783,0.922891855,0.170742676,0.684825897,0.260758072,0.971745253,-0.0976522565,0.669504046,0.245358348,0.974531054,0.15567036,0.717011213,0.289326549,0.81720227,-0.0983666182,0.698554218,0.225975141,0.760283,0.205644414,0.740743,0.246902213,0.967980862,-0.102938205,0.727764606,0.158828616,0.959657371
1133.3333333333328,-0.0286422279,-0.63051635,-0.295830071,0.999842346,-0.00250438554,-0.649719,-0.290975422,0.999565303,-0.00249803788,-0.65124923,-0.280098438,0.999543667,-0.00375259505,-0.651550472,-0.283923775,0.999680042,-0.0308233853,-0.661770463,-0.296098083,0.999627,-0.0290676374,-0.661867,-0.3105416,0.999701321,-0.0247400664,-0.648851216,-0.290369332,0.999730051,0.0775747523,-0.627448678,-0.209180713,0.999769866,-0.0620829,-0.583684504,-0.178923264,0.999286115,0.0172525514,-0.617201388,-0.257672757,0.999862552,-0.0204551909,-0.584169149,-0.276800156,0.999828696,0.174144298,-0.437567443,-0.0863067806,0.999978125,-0.141333893,-0.530368149,-0.033617992,0.999922693,0.216209128,-0.211427569,-0.0571281612,0.967716157,-0.291002184,-0.422040343,-0.179969445,0.965900838,0.231649667,0.0291675478,-0.0432422943,0.984756231,-0.197328284,-0.537492156,-0.356260329,0.99344933,0.21772258,0.087018311,-0.0373606943,0.980712652,-0.142015621,-0.563667536,-0.423475891,0.991343439,0.183093116,0.0986722857,-0.0548580587,0.982837081,-0.0934264734,-0.61370641,-0.426686496,0.991676867,0.220582321,0.0636532158,-0.0464728288,0.975919306,-0.170677692,-0.557077348,-0.367638856,0.98735559,0.0946162194,-0.00218876172,0.0326654874,0.999965668,-0.0923550129,-0.00132027874,-0.0305588227,0.999954641,0.133046463,0.385797,0.0473915376,0.910802782,-0.0703608766,0.310892344,0.00811503455,0.922543228,0.170865417,0.68104738,0.257782817,0.97227937,-0.0965831652,0.665518522,0.24734956,0.974371135,0.156015277,0.712905586,0.286629587,0.821376264,-0.0967298076,0.694021344,0.228496253,0.763132632,0.206026554,0.737134695,0.245611265,0.968612134,-0.102883853,0.726900697,0.16633454,0.959465
1149.9999999999995,-0.0331088,-0.633971691,-0.296427548,0.999852717,-0.00601527607,-0.653111696,-0.291397929,0.999596179,-0.00591752259,-0.654852271,-0.280525059,0.999576151,-0.00728653092,-0.655153155,-0.284335107,0.999703109,-0.0351125188,-0.664916158,-0.296144158,0.999650359,-0.0331560783,-0.66523838,-0.310644388,0.999718964,-0.0290112,-0.652198136,-0.29043287,0.999744594,0.077255629,-0.629198849,-0.209174484,0.999786675,-0.0650561824,-0.585061789,-0.176088586,0.999323547,0.0140483892,-0.619673669,-0.258032262,0.999870241,-0.0246359594,-0.586534858,-0.277092814,0.999835789,0.174198791,-0.437431216,-0.0863057598,0.999978065,-0.141202435,-0.532431066,-0.0336820371,0.99991715,0.216227233,-0.209573641,-0.0603720807,0.968191624,-0.290676624,-0.440172046,-0.182770699,0.966859937,0.232361764,0.0293210316,-0.0494807847,0.985432148,-0.203640208,-0.569171727,-0.355382353,0.993755698,0.21867241,0.0871523768,-0.0432509854,0.981813371,-0.148977503,-0.597894669,-0.4204593,0.99172008,0.183316112,0.0985914394,-0.0620402582,0.983838677,-0.10057871,-0.647675157,-0.420677364,0.991983116,0.220826402,0.0638041869,-0.0532865711,0.977261066,-0.17737332,-0.589035,-0.3653799,0.987870812,0.0946373492,-0.00247660605,0.0325473845,0.999964297,-0.0923724174,-0.00117526762,-0.0304553919,0.999952793,0.130942181,0.385991365,0.0456292517,0.906909525,-0.0705987141,0.310242057,0.00361120747,0.921154559,0.170830086,0.681239069,0.251441658,0.972305954,-0.0964911059,0.665938437,0.241797566,0.973837614,0.156040952,0.713089347,0.279611409,0.82345438,-0.0965129957,0.694560289,0.223354131,0.762563109,0.206431121,0.73633647,0.236564741,0.968716681,-0.102817759,0.727379441,0.164793178,0.958650231
1166.6666666666663,-0.0393744148,-0.636539698,-0.295763195,0.999862432,-0.0104298899,-0.655306637,-0.290769875,0.99962604,-0.0103817312,-0.657249272,-0.279958814,0.999607325,-0.0117876772,-0.657572508,-0.283707947,0.999725461,-0.0397421457,-0.667458415,-0.294105023,0.999673128,-0.0377369821,-0.667957544,-0.308722019,0.999736,-0.0338007547,-0.654841661,-0.28846994,0.999759,0.0768988952,-0.629769385,-0.209119901,0.999802947,-0.0665546,-0.586989105,-0.170480683,0.999360144,0.00897889212,-0.621141315,-0.258146733,0.999878,-0.0302502755,-0.588452578,-0.275730222,0.999843359,0.17409344,-0.437170237,-0.0864264742,0.999978125,-0.141216591,-0.534747,-0.031580139,0.999911785,0.216204464,-0.209378168,-0.0637835115,0.968347549,-0.290983617,-0.463000059,-0.181594476,0.968050718,0.232602075,0.029145183,-0.0524406508,0.985939562,-0.208914772,-0.609264374,-0.35297,0.994069874,0.219230518,0.0866601318,-0.0456202589,0.982693791,-0.155072942,-0.642798483,-0.417871684,0.992077589,0.183456168,0.0983498171,-0.0649368241,0.984637797,-0.107230209,-0.691458941,-0.420026153,0.992277861,0.220878348,0.0637015104,-0.0565094166,0.978294671,-0.183061942,-0.629469275,-0.363182,0.988366365,0.0947009772,-0.00299985521,0.0317708626,0.999962866,-0.0924291313,-0.000876352482,-0.0297226757,0.999951065,0.130729303,0.385531873,0.045777224,0.8994174,-0.0717677101,0.309536546,0.00495686475,0.917355597,0.171158448,0.681371629,0.250681192,0.971673489,-0.0957775712,0.66636,0.240892142,0.972542942,0.156547412,0.713368535,0.278468639,0.822158158,-0.0953570381,0.695096254,0.222074956,0.759349585,0.207075059,0.736210108,0.2334124,0.968167841,-0.101747282,0.727731645,0.160277605,0.956958294
1183.333333333333,-0.0424235053,-0.639974117,-0.289756715,0.99987179,-0.0129370186,-0.658789396,-0.285702944,0.999654293,-0.0128099145,-0.660844922,-0.275265485,0.999636352,-0.0140809203,-0.661337078,-0.278874576,0.999746799,-0.0416068137,-0.671608746,-0.28823,0.999695361,-0.0398350284,-0.671833336,-0.302389681,0.999752223,-0.0357289165,-0.658515453,-0.282459795,0.999773741,0.0762802437,-0.632419646,-0.207605168,0.99981761,-0.0668276623,-0.590634882,-0.164106965,0.999396503,0.00617408613,-0.624057174,-0.254417479,0.99988538,-0.0325815603,-0.591341496,-0.268990546,0.999851,0.173721686,-0.437230796,-0.0852915496,0.999978125,-0.140912428,-0.539090097,-0.0277774055,0.999908864,0.216207936,-0.208970204,-0.0629179254,0.967559636,-0.294763058,-0.478243709,-0.172405973,0.96948725,0.233462855,0.0294226259,-0.0506507605,0.986226857,-0.221533552,-0.637900472,-0.314582944,0.994424641,0.220820516,0.0865353122,-0.0440026522,0.983301,-0.17049852,-0.677915275,-0.373303562,0.992494524,0.184383735,0.0985305086,-0.0634893253,0.985170245,-0.125594497,-0.725458145,-0.367744625,0.992636,0.221288636,0.0640073642,-0.0548685081,0.979000688,-0.198127612,-0.659748495,-0.32229495,0.98896569,0.0947085768,-0.00335931405,0.0314362533,0.999962032,-0.0924274847,-0.000666550361,-0.0294636115,0.999950528,0.130693451,0.387457609,0.0428872518,0.889700413,-0.0718998611,0.312883168,0.0034355619,0.912626624,0.171757177,0.682588756,0.239130214,0.969238758,-0.0948559493,0.67372328,0.228531465,0.970307171,0.157457799,0.71416235,0.265763164,0.816536963,-0.094415687,0.702594221,0.208149627,0.754261255,0.211902529,0.736922383,0.22341384,0.966241956,-0.101071969,0.734297514,0.150932625,0.954779
1199.9999999999998,-0.0458377898,-0.641886353,-0.284881085,0.999880254,-0.0155726317,-0.6604774,-0.281313688,0.99968,-0.0154352402,-0.662629545,-0.271056116,0.999662697,-0.0166312624,-0.663179,-0.274527669,0.999766052,-0.0437270664,-0.67360431,-0.282874197,0.999715447,-0.0419108346,-0.673863,-0.296933562,0.999767,-0.0377558433,-0.660437286,-0.277129829,0.999787211,0.0755942,-0.633219242,-0.206393883,0.999830902,-0.0668644607,-0.592806041,-0.159089193,0.999429882,0.0031019561,-0.625382245,-0.251226246,0.999892235,-0.0351132937,-0.592995763,-0.264267534,0.999858,0.173442155,-0.436678,-0.0849209949,0.999978125,-0.140590519,-0.543236136,-0.0250333566,0.999906719,0.21617274,-0.207746908,-0.063725248,0.96674931,-0.294255078,-0.496855944,-0.169826776,0.970818043,0.233925521,0.0293680727,-0.0513103791,0.986439943,-0.227638051,-0.661030531,-0.310335726,0.994754374,0.221918568,0.085764274,-0.044662524,0.983785331,-0.179581299,-0.700879335,-0.369088471,0.992871046,0.185036629,0.0980259702,-0.0643976331,0.985605419,-0.135218501,-0.748209894,-0.362599969,0.992969215,0.221542031,0.0638896897,-0.0558345839,0.979539633,-0.20489566,-0.68253386,-0.318057179,0.989507854,0.0947157368,-0.00371390115,0.0311021637,0.999960601,-0.0924286544,-0.000485660159,-0.0292120129,0.999949396,0.130498767,0.386887044,0.0422732681,0.875364244,-0.0725328401,0.314151496,0.00193615106,0.905375,0.171906978,0.6827479,0.229690701,0.966416955,-0.0947986767,0.676628828,0.22164166,0.966773,0.157690674,0.714374065,0.254928529,0.809663534,-0.0943805054,0.705499887,0.200628594,0.743452787,0.213367596,0.737256348,0.208851293,0.964163184,-0.100293636,0.738231182,0.140163645,0.951156497
1216.6666666666665,-0.0475140475,-0.643116057,-0.274473518,0.999887526,-0.0173496325,-0.661471844,-0.27092272,0.999702096,-0.0171604268,-0.663741827,-0.260873824,0.999685287,-0.018326072,-0.664319754,-0.264234364,0.999783,-0.0450784303,-0.674582899,-0.271593124,0.999731839,-0.0432306156,-0.674918175,-0.285497755,0.99977845,-0.0390249155,-0.661406279,-0.265871,0.999797761,0.075033851,-0.634012818,-0.198957816,0.999842346,-0.0669222176,-0.593911052,-0.147600263,0.999452591,0.00180191488,-0.626459301,-0.242209271,0.999897897,-0.0362102315,-0.594050169,-0.253978431,0.99986285,0.173573419,-0.436421722,-0.0802609548,0.999978364,-0.140247107,-0.546856701,-0.0171534047,0.999903917,0.216671795,-0.207234114,-0.0627283752,0.966328919,-0.29326269,-0.513341665,-0.161372483,0.971824467,0.234995067,0.0290595181,-0.0489562936,0.986645,-0.232805356,-0.685604393,-0.299817026,0.994959772,0.223393232,0.0848785117,-0.0414855145,0.984138072,-0.187876359,-0.726207614,-0.358091176,0.993037581,0.186363176,0.0972780585,-0.0618312508,0.985926628,-0.145053893,-0.7742275,-0.351455539,0.993088,0.222361311,0.0635288209,-0.053899169,0.9799,-0.211119473,-0.707544684,-0.307708472,0.989756763,0.0947904661,-0.00405229814,0.0309072472,0.999960184,-0.0924794078,-0.000281248736,-0.0290697981,0.999949217,0.130830452,0.385942966,0.0420777239,0.858993411,-0.0731931627,0.3144252,-9.80175537e-005,0.897232831,0.17351383,0.68308562,0.22611244,0.962472439,-0.0948318467,0.677738428,0.21420297,0.962342381,0.159576938,0.714785874,0.250792831,0.79921031,-0.094379589,0.70674026,0.192544386,0.7290833,0.218633175,0.735595644,0.202991441,0.961088479,-0.0997462571,0.739315271,0.128415897,0.946550786
1233.3333333333333,-0.0489882,-0.643855214,-0.262818366,0.999890506,-0.0191170275,-0.66219753,-0.260309368,0.999716222,-0.0189432707,-0.664577067,-0.250432819,0.99969852,-0.0200318862,-0.665259361,-0.253953397,0.99979496,-0.0460068025,-0.675767124,-0.261849254,0.999738872,-0.0443310291,-0.675919652,-0.275268376,0.999779761,-0.0399841219,-0.662268281,-0.255985022,0.999800324,0.0724586919,-0.635635376,-0.190052852,0.999849916,-0.0669892281,-0.596245229,-0.140562341,0.999456882,-0.000122795405,-0.62762624,-0.230902687,0.999900818,-0.0373824574,-0.595160365,-0.242637202,0.999863088,0.173114792,-0.436648458,-0.069076471,0.999977887,-0.140212178,-0.554492116,-0.014101116,0.999898791,0.216623202,-0.207123041,-0.0512827635,0.965297461,-0.294262141,-0.527480841,-0.154358223,0.973244607,0.235521406,0.0289936271,-0.0383145772,0.986907721,-0.239258707,-0.704724431,-0.28130874,0.995185494,0.22431545,0.083934769,-0.0305543542,0.984524548,-0.195996314,-0.748425245,-0.338020444,0.99324888,0.188358083,0.0967980176,-0.0526124761,0.986256957,-0.154221579,-0.794878423,-0.33107549,0.993246436,0.222981468,0.0634068549,-0.0443943813,0.980334461,-0.219200045,-0.727264941,-0.288573235,0.99007,0.0948342383,-0.00407817075,0.0309629757,0.999959946,-0.0924971923,-0.00026734476,-0.0291456375,0.999949217,0.130877897,0.388596982,0.0416881368,0.847810209,-0.0740936,0.316527039,-0.00636152597,0.893849969,0.174943715,0.685623109,0.226749,0.958605,-0.0942473561,0.679981768,0.208528146,0.959099352,0.161034554,0.716979206,0.251763552,0.787641644,-0.0937273577,0.709281504,0.187069356,0.719647229,0.22041364,0.738344908,0.20603627,0.958119333,-0.0981618315,0.74354744,0.12735711,0.94387275
1250.0,-0.049388621,-0.644042253,-0.261245936,0.999891281,-0.01959938,-0.662336409,-0.258603305,0.999724269,-0.0194244683,-0.664730608,-0.248703897,0.999705374,-0.0205001775,-0.665445328,-0.25227952,0.999802709,-0.0462002493,-0.676087916,-0.260490596,0.999739349,-0.0445783064,-0.676160038,-0.273824424,0.99977529,-0.0401563905,-0.662464,-0.254547209,0.999797583,0.0716439486,-0.636122465,-0.187855974,0.999854267,-0.0669835135,-0.597319841,-0.139528185,0.999447405,-0.000781923241,-0.628060281,-0.229017362,0.999901056,-0.0377797745,-0.595633805,-0.241049901,0.999859,0.173077464,-0.436725378,-0.0661833063,0.999976873,-0.14009957,-0.558691859,-0.0138023086,0.999891222,0.216618538,-0.207244769,-0.0472080633,0.964209,-0.294779599,-0.536044657,-0.151935026,0.974377513,0.236810699,0.0287958328,-0.0316385068,0.986980736,-0.242735296,-0.711727321,-0.274644107,0.99533546,0.226135939,0.0832508132,-0.0232282504,0.984680772,-0.200473,-0.754797161,-0.330855906,0.993337,0.190977216,0.0967350826,-0.0463920608,0.986384392,-0.1583267,-0.800722837,-0.323869228,0.993278563,0.224375635,0.0633307695,-0.0382104181,0.980497181,-0.222930476,-0.733881176,-0.281732768,0.990213275,0.0948688462,-0.00409054,0.030968355,0.999959528,-0.0925112888,-0.000260088156,-0.0291617792,0.9999488,0.130810514,0.390018642,0.0399753712,0.840950489,-0.0749772489,0.317975968,-0.0103605418,0.891882658,0.176509187,0.688950181,0.221183345,0.956493914,-0.0942196101,0.681661189,0.203419089,0.956783235,0.162758499,0.720348716,0.245786771,0.78049475,-0.0937281623,0.711181343,0.181929186,0.713108778,0.22211808,0.741867542,0.20239833,0.956316769,-0.0986437872,0.745824456,0.124703668,0.941863418
1266.6666666666667,-0.0516615622,-0.643649876,-0.263818622,0.999895096,-0.0207942352,-0.661715567,-0.260791779,0.999737442,-0.0205805376,-0.664218187,-0.250793427,0.999719083,-0.0217499863,-0.664924204,-0.254339904,0.999813378,-0.0475869328,-0.675631404,-0.262328565,0.999746382,-0.0458925627,-0.67583251,-0.27582,0.999778688,-0.0415074155,-0.662043214,-0.256419629,0.999800324,0.0717991665,-0.635124862,-0.188711271,0.999861717,-0.0669996,-0.597188413,-0.138870955,0.99945116,-0.00204346073,-0.627400041,-0.231052846,0.999903381,-0.0395347811,-0.595367,-0.243328065,0.999858677,0.173720166,-0.435745358,-0.0664626285,0.999976516,-0.1398938,-0.558637679,-0.0111036589,0.999884,0.216832399,-0.206622824,-0.0515641682,0.964601517,-0.294425666,-0.544188619,-0.145112976,0.975167096,0.237063944,0.0279153828,-0.0346494094,0.987167835,-0.249869138,-0.724786401,-0.269846499,0.995375931,0.226428092,0.0818493366,-0.026381433,0.984922886,-0.209519193,-0.76678282,-0.326485634,0.993236423,0.191601381,0.0950438306,-0.0496029481,0.98660022,-0.166444927,-0.814094841,-0.320012867,0.993132174,0.224655062,0.0624466054,-0.0412601046,0.980754,-0.229588985,-0.746895134,-0.27756238,0.990147769,0.0950244367,-0.00419766596,0.0299402699,0.999959469,-0.0926313251,-0.000172814835,-0.0281935632,0.9999488,0.13081637,0.390006632,0.0314301327,0.839811206,-0.0750516653,0.317861855,-0.0102066249,0.891602814,0.177004442,0.68788296,0.217289403,0.955893159,-0.0903533176,0.681292117,0.204620749,0.955665,0.163307339,0.719076574,0.242395937,0.778055,-0.0892203748,0.710818648,0.183276728,0.71002537,0.221841976,0.740460813,0.197689369,0.955563724,-0.0968756378,0.745689154,0.125011981,0.940521598
1283.3333333333335,-0.0588041134,-0.643333733,-0.263070285,0.999891222,-0.0260985941,-0.661205351,-0.261036426,0.999736309,-0.0258981604,-0.663769066,-0.251063555,0.999717176,-0.027071517,-0.664503217,-0.254554927,0.999815166,-0.05194,-0.675410092,-0.261057973,0.999735057,-0.0503112562,-0.675667703,-0.27443552,0.999764,-0.0458416417,-0.661780238,-0.255048543,0.999787867,0.0711676776,-0.634265184,-0.189544886,0.99986285,-0.066697143,-0.597199738,-0.136495173,0.999414861,-0.00754015567,-0.626931369,-0.23161225,0.999900222,-0.044010926,-0.595228076,-0.242115453,0.999848127,0.173856616,-0.435475498,-0.0700570568,0.999975145,-0.138775304,-0.558955669,-0.00697608246,0.999871135,0.21825175,-0.20642525,-0.0579972453,0.964271665,-0.292637318,-0.546698213,-0.137701377,0.975585043,0.237378731,0.0279024392,-0.0382443033,0.986737251,-0.25375697,-0.73259294,-0.265474766,0.995335877,0.22673963,0.0818220675,-0.0302241594,0.984360814,-0.215338707,-0.777947426,-0.32310617,0.993008733,0.192316145,0.0949896,-0.0532634333,0.986046255,-0.173908338,-0.825772226,-0.317223132,0.992846787,0.225058928,0.0624894202,-0.0449874289,0.979926586,-0.23444888,-0.755478,-0.273835808,0.98988235,0.0950920805,-0.00432849675,0.0277091451,0.999959886,-0.0926768258,-6.65846455e-005,-0.0259962939,0.999949396,0.131155685,0.389994472,0.025881391,0.842308402,-0.074957557,0.319804668,-0.0076880143,0.892759085,0.179301888,0.688036919,0.212139204,0.956322849,-0.0863449648,0.684193552,0.20477666,0.955621243,0.165600061,0.719155,0.237015858,0.777654469,-0.0851681828,0.714087248,0.183024228,0.711087465,0.223169893,0.740386128,0.189729631,0.95555,-0.0968846083,0.747360528,0.123498984,0.94062829
1300.0000000000002,-0.0598608628,-0.641702712,-0.264443,0.999882817,-0.0274307784,-0.65915215,-0.262148827,0.999723,-0.0272571407,-0.661782563,-0.252114087,0.999703288,-0.0284607802,-0.662505448,-0.255624235,0.999810338,-0.0531688519,-0.673343956,-0.262385637,0.999706507,-0.0514857955,-0.67374748,-0.275813878,0.999731839,-0.0471040979,-0.659745395,-0.25640282,0.999760151,0.0709548742,-0.631956935,-0.191164941,0.999858141,-0.0667236298,-0.596170425,-0.137597531,0.999326885,-0.00837259833,-0.625055373,-0.232382536,0.999892056,-0.0449707285,-0.593699872,-0.24353613,0.999826849,0.173933595,-0.434682906,-0.0718119442,0.999973476,-0.138201058,-0.558365881,-0.00670611439,0.999851286,0.218686387,-0.206059009,-0.0591686107,0.963805,-0.293310732,-0.554171503,-0.130093858,0.975749373,0.237573639,0.0272133965,-0.0381271616,0.986214697,-0.262788236,-0.7463485,-0.248001352,0.995003,0.226917624,0.0799265429,-0.029964732,0.983633399,-0.224405721,-0.792847335,-0.304739177,0.992170513,0.193073392,0.0924607217,-0.0528919064,0.985375881,-0.182357073,-0.84163928,-0.298012257,0.991918,0.225353822,0.0616935194,-0.0448648036,0.9789294,-0.242967412,-0.769760549,-0.256171912,0.988891184,0.0951319039,-0.00449567102,0.0271992702,0.999958336,-0.092704542,7.38595e-005,-0.0255196802,0.999947608,0.131275356,0.389969617,0.0258042626,0.839143753,-0.0749682263,0.319231093,-0.00762228761,0.890752614,0.180990487,0.688076437,0.211393297,0.955658913,-0.0848511606,0.683638,0.205029711,0.953721762,0.167599812,0.719230771,0.23604098,0.774408102,-0.08345557,0.713609099,0.183413669,0.704899609,0.223470062,0.740065753,0.186239883,0.95426023,-0.095385462,0.746587753,0.122331239,0.937963545
1316.666666666667,-0.061445985,-0.639750123,-0.265214354,0.999878705,-0.0288766697,-0.657070458,-0.262873,0.999719441,-0.0286826082,-0.659747601,-0.252829611,0.999699235,-0.0299402,-0.660465956,-0.256324828,0.999810517,-0.0545592196,-0.671289861,-0.262815714,0.999691725,-0.0528530292,-0.671802402,-0.276240379,0.99971354,-0.0485374629,-0.657737076,-0.256845802,0.999744475,0.0707928836,-0.630574584,-0.191581279,0.999857068,-0.0667655319,-0.595759332,-0.136708677,0.999273539,-0.00953466352,-0.62322551,-0.233135208,0.999886811,-0.0462620109,-0.592190444,-0.244098246,0.999812,0.174103126,-0.434593171,-0.072110042,0.999972045,-0.137901589,-0.558748126,-0.00557720941,0.999836147,0.219413817,-0.205840662,-0.0592500456,0.963499188,-0.293942094,-0.559804797,-0.126330882,0.976316273,0.238022879,0.0255609713,-0.0378209241,0.985911906,-0.266346037,-0.753137708,-0.241806328,0.994820058,0.227337688,0.0766235963,-0.0296342224,0.983185947,-0.227984,-0.799579799,-0.298940957,0.991584957,0.194044739,0.088315174,-0.0525424294,0.984954715,-0.184990346,-0.848449945,-0.291846126,0.991259694,0.225902572,0.0597780608,-0.0445758179,0.978252,-0.246055245,-0.776326418,-0.249963284,0.988198936,0.0951928496,-0.00472323503,0.0267314985,0.999957383,-0.0927539617,0.00029368003,-0.0250584297,0.999946594,0.131695479,0.388597488,0.0250945725,0.840239,-0.0750786215,0.318768412,-0.00744459825,0.891676128,0.183258623,0.688008845,0.207954049,0.956469655,-0.0839573219,0.683554709,0.204887286,0.953684568,0.169989377,0.719226301,0.232091308,0.776346862,-0.0825523734,0.713533163,0.183366254,0.706268191,0.223709852,0.739822388,0.180229604,0.954678953,-0.0953169391,0.746542156,0.121381611,0.937849581
1333.3333333333337,-0.0671071261,-0.639048219,-0.262195855,0.999876,-0.0344240814,-0.656514347,-0.260605812,0.999716401,-0.0341254175,-0.659212053,-0.250701398,0.999695361,-0.0353392,-0.659969509,-0.254190177,0.999810815,-0.0594994202,-0.670728862,-0.259255916,0.999678731,-0.0577656142,-0.671244085,-0.272506922,0.999696732,-0.0535025261,-0.657106,-0.25326848,0.999730468,0.067927517,-0.630370915,-0.191944227,0.999854922,-0.0677636266,-0.595693,-0.132330969,0.999221683,-0.0142157096,-0.622650504,-0.231681079,0.99988091,-0.0505117737,-0.591611445,-0.240781009,0.999795914,0.173196688,-0.434524477,-0.072419405,0.999970555,-0.137571827,-0.559550464,-0.00183851272,0.999820113,0.219439283,-0.205831483,-0.0616889186,0.963527,-0.295089573,-0.565840364,-0.121833131,0.97667706,0.238626197,0.025008481,-0.0401702747,0.985847831,-0.270872176,-0.758378386,-0.233720258,0.994588196,0.228432193,0.0753878281,-0.0324899033,0.982982218,-0.233237088,-0.804399788,-0.289955169,0.990933418,0.195285574,0.0873336419,-0.0553225316,0.984754264,-0.190095365,-0.852815032,-0.283195972,0.990531266,0.226602644,0.0592524856,-0.0470230579,0.977922,-0.250726819,-0.781400084,-0.24210082,0.987431765,0.0950975865,-0.00488337735,0.0260498263,0.999955654,-0.0926274061,0.000443819154,-0.0244109742,0.999944508,0.131571293,0.388473094,0.0219967961,0.836296558,-0.0748672411,0.318749309,-0.00738682318,0.888759196,0.185431659,0.689349413,0.195336312,0.95545882,-0.083384648,0.687312961,0.195642903,0.951780081,0.172601476,0.720508456,0.218033224,0.772102594,-0.0821395218,0.718072772,0.17279245,0.700904787,0.225590825,0.739618659,0.16548948,0.953362226,-0.0956015959,0.748328,0.109663956,0.935681939
1350.0000000000005,-0.0670200288,-0.638088346,-0.261122376,0.99987483,-0.0349566452,-0.65592581,-0.259732842,0.999718547,-0.0346262194,-0.65865612,-0.249891683,0.999696314,-0.0357884876,-0.659495175,-0.253456026,0.999814153,-0.0600053817,-0.670300782,-0.25866881,0.999674797,-0.0583842546,-0.670644164,-0.271766931,0.999687552,-0.0541490838,-0.656428039,-0.252593756,0.999723494,0.0662037,-0.630418658,-0.191441298,0.999855876,-0.0690064505,-0.59566772,-0.131594166,0.999201,-0.0146473935,-0.622283399,-0.23039034,0.999878407,-0.0510347746,-0.591139674,-0.239167064,0.999787867,0.1728037,-0.434745133,-0.072301276,0.999969304,-0.137798324,-0.56206888,-0.00117184862,0.99980551,0.219456121,-0.205155104,-0.063353546,0.963647485,-0.297440827,-0.567440808,-0.121923625,0.977411211,0.239235029,0.0252452847,-0.0473674536,0.986087918,-0.273241669,-0.758612216,-0.230996773,0.994539142,0.22960864,0.0753795207,-0.0410377197,0.983229935,-0.236132145,-0.805465221,-0.286595076,0.990698,0.196969539,0.087438859,-0.0644135103,0.984950304,-0.19332999,-0.852738619,-0.280235171,0.990232944,0.22741051,0.0594937056,-0.0547572374,0.978248417,-0.254002213,-0.782010794,-0.239266187,0.987173855,0.0951064527,-0.00492965,0.0255075246,0.999954879,-0.0926206112,0.000514761428,-0.0238312911,0.999943554,0.131644309,0.389432579,0.0189223904,0.837487936,-0.0750348568,0.321286082,-0.0096918093,0.890302241,0.186326101,0.690284908,0.193808541,0.954609931,-0.0832062662,0.690919,0.186964393,0.951094091,0.173457325,0.721173346,0.217194244,0.768039048,-0.0820663646,0.721802235,0.163723946,0.700676441,0.226074859,0.739989579,0.169429138,0.952000916,-0.0978115201,0.752037406,0.106069066,0.9350214
1366.6666666666672,-0.0687326044,-0.636755764,-0.259849578,0.999862432,-0.0371759348,-0.654967308,-0.259085268,0.999698341,-0.036788445,-0.657753646,-0.249274939,0.999672,-0.0379054211,-0.658691227,-0.252950341,0.999805212,-0.0617878288,-0.669495046,-0.257929564,0.999640822,-0.0602947921,-0.669619858,-0.270855606,0.999643743,-0.0561387576,-0.655306816,-0.251765966,0.999689,0.06375698,-0.630438089,-0.191571236,0.999844968,-0.0699063,-0.595603406,-0.130519956,0.999101043,-0.0162801482,-0.621734798,-0.229352891,0.999864817,-0.052399125,-0.590328693,-0.23731558,0.999758542,0.172448456,-0.435151279,-0.0725031346,0.999967158,-0.137800798,-0.563741386,0.000535464264,0.999783933,0.219480157,-0.204190239,-0.065804787,0.961848795,-0.301428825,-0.571446478,-0.117582403,0.97761482,0.239726886,0.0254549738,-0.0510998555,0.985632,-0.277148306,-0.76357615,-0.219263822,0.994225204,0.230333716,0.0752132311,-0.0452144891,0.982700109,-0.240171671,-0.811187,-0.273865104,0.989956558,0.198582217,0.0874757394,-0.0683806539,0.984428048,-0.196865529,-0.857782,-0.267349064,0.989383578,0.22825636,0.0596437678,-0.0585185029,0.977575541,-0.258393645,-0.787156641,-0.227413416,0.986279786,0.0950795189,-0.00497155776,0.0241173767,0.999953568,-0.0925501063,0.00058259489,-0.022407515,0.999942183,0.13150692,0.39270851,0.0158717167,0.832120776,-0.075545013,0.323803633,-0.0124360006,0.887568712,0.186448917,0.692103565,0.189541057,0.952114761,-0.0814657956,0.692063808,0.179995865,0.948219061,0.173516124,0.72239846,0.212807134,0.758288085,-0.0803217515,0.722785711,0.156613603,0.695378,0.225783244,0.74014014,0.168301851,0.948709,-0.0994930863,0.752459347,0.10306412,0.932079911
1383.333333333334,-0.076773271,-0.635625243,-0.257170826,0.9998613,-0.0446587503,-0.654013693,-0.257148296,0.999699414,-0.0441078097,-0.656808555,-0.247420356,0.999671578,-0.0452327877,-0.657781601,-0.251092762,0.999807417,-0.068691887,-0.668643594,-0.254891545,0.999635756,-0.0671476126,-0.668717265,-0.267642289,0.999634385,-0.0629801,-0.65440309,-0.248650461,0.999682665,0.0600984618,-0.630260348,-0.191644862,0.999844193,-0.071996145,-0.595565081,-0.125564829,0.999073446,-0.0227662362,-0.620895684,-0.227613151,0.999860764,-0.0584327839,-0.589560509,-0.233988211,0.999747515,0.170795128,-0.435211599,-0.0724445134,0.999965727,-0.137722775,-0.564322531,0.0061313943,0.999771535,0.218945965,-0.203639343,-0.0659181476,0.961332083,-0.304073393,-0.570317805,-0.10813465,0.9777897,0.239751622,0.0254930221,-0.0506239422,0.985468328,-0.283057541,-0.761237442,-0.211766094,0.993925154,0.230643511,0.0749511,-0.0446321703,0.982396662,-0.24632597,-0.80862695,-0.266662389,0.989202797,0.199359432,0.087438494,-0.0676572695,0.984123647,-0.202930242,-0.856633186,-0.260423511,0.988553405,0.228417143,0.0596782863,-0.0579018518,0.9771384,-0.264086545,-0.78505224,-0.220118567,0.98536396,0.0947492644,-0.00499294326,0.0231321864,0.999952793,-0.0921844542,0.00060601352,-0.0213900264,0.999941528,0.130820677,0.392884672,0.0136358254,0.827374279,-0.0761749297,0.323686659,-0.0134285558,0.885036,0.185641408,0.692199,0.185776278,0.950128198,-0.0832653716,0.691809535,0.17629987,0.945660293,0.172568291,0.722451508,0.208842561,0.752784967,-0.0825303048,0.722488582,0.152965054,0.690022886,0.22307308,0.740128696,0.163470954,0.946455896,-0.104245,0.752376318,0.0976134,0.929644883
1400.0000000000007,-0.0789000764,-0.632563353,-0.260883659,0.999864161,-0.0464679487,-0.651204824,-0.261226088,0.999708414,-0.0459339842,-0.653944731,-0.251460642,0.999681,-0.047135409,-0.654848456,-0.255058885,0.999813735,-0.0710683092,-0.66547,-0.257631838,0.999641478,-0.0694213361,-0.665738821,-0.270477355,0.999638379,-0.0653192326,-0.651510775,-0.251418263,0.999686062,0.0596245416,-0.629250944,-0.197124735,0.999847949,-0.0735232905,-0.594331086,-0.126195475,0.999072611,-0.0243705325,-0.618285239,-0.231878087,0.999860585,-0.060554374,-0.586890817,-0.236779645,0.999743938,0.170201316,-0.435432523,-0.0748135149,0.999964893,-0.137592092,-0.564070702,0.0053635505,0.999765158,0.218949541,-0.204213515,-0.0665536299,0.96100688,-0.308565438,-0.568734527,-0.110288739,0.978291512,0.240666449,0.0246626846,-0.0495336875,0.985108495,-0.284870207,-0.760311067,-0.219322801,0.993844211,0.231746644,0.073424615,-0.0430650525,0.981845081,-0.246566296,-0.807732821,-0.274838477,0.988848031,0.200858027,0.086109817,-0.0658911541,0.983603358,-0.201862231,-0.8567788,-0.268678397,0.988148868,0.229594186,0.0590184443,-0.0566259697,0.976287484,-0.264512241,-0.783935606,-0.227660015,0.984896898,0.0945426,-0.00509359548,0.0225698873,0.999952,-0.091975905,0.000699960627,-0.0208271947,0.99994117,0.130199656,0.39214924,0.0147019867,0.828911602,-0.0774113,0.322352201,-0.00878436398,0.886669457,0.185065463,0.69144392,0.187482268,0.951552451,-0.0839656666,0.691198,0.182117701,0.946793318,0.172028407,0.721836567,0.210970148,0.758516133,-0.083213523,0.722035766,0.159257054,0.69612,0.222521394,0.739732325,0.1659116,0.947769701,-0.105210826,0.752217829,0.101654224,0.931044579
1416.6666666666674,-0.0823440701,-0.629231691,-0.260926396,0.999866664,-0.0501515903,-0.648536861,-0.261245042,0.999715209,-0.0496013314,-0.65124929,-0.251478404,0.999688387,-0.0507512316,-0.652177155,-0.255067974,0.999818861,-0.0749951,-0.662846088,-0.257766396,0.999645531,-0.0734215304,-0.662968934,-0.270605683,0.99964112,-0.0692444146,-0.648735762,-0.251550436,0.999687493,0.0568821914,-0.629035234,-0.197050557,0.999851227,-0.0775913373,-0.594002187,-0.125971645,0.999073207,-0.0273377262,-0.616241276,-0.231700957,0.999860883,-0.0639178455,-0.584642231,-0.236674637,0.999741495,0.169881016,-0.436485022,-0.0744171515,0.999964833,-0.138674185,-0.56488061,0.00607556058,0.999759674,0.219436795,-0.204625428,-0.0662119,0.962141752,-0.3098405,-0.569133937,-0.111362644,0.978726506,0.243300468,0.0246879812,-0.048209358,0.985729337,-0.291788489,-0.760097623,-0.222697258,0.993889093,0.235604644,0.0734462216,-0.0417113714,0.982524276,-0.256227732,-0.807210445,-0.278776318,0.98886466,0.204184756,0.0864105225,-0.0649698749,0.984218538,-0.21194461,-0.855354369,-0.272608131,0.988149941,0.232242957,0.0591607727,-0.0554690845,0.97717905,-0.272286177,-0.783476233,-0.231197,0.984972715,0.0945854858,-0.00513615971,0.0225033276,0.999952257,-0.091998592,0.000760270923,-0.0207332987,0.999941289,0.12996842,0.392654687,0.0145050362,0.832715929,-0.0774411336,0.322463632,-0.0104896193,0.889710307,0.183956683,0.691803515,0.188658312,0.95234406,-0.0845851898,0.691053867,0.181305513,0.947610378,0.170773923,0.722203135,0.212237477,0.760848522,-0.0839159861,0.721869946,0.158471733,0.699709117,0.221352175,0.740720153,0.167238042,0.948564,-0.105931133,0.752113879,0.101357937,0.932330072
1433.3333333333342,-0.085485734,-0.625307679,-0.261073768,0.999869823,-0.0529476441,-0.645017684,-0.261315972,0.99972415,-0.0524311028,-0.647635698,-0.251547188,0.99969852,-0.0536032692,-0.648492098,-0.255141526,0.999824762,-0.0776814,-0.658998549,-0.257943749,0.999652803,-0.0760370567,-0.659311771,-0.270832539,0.99964869,-0.0718488693,-0.645168543,-0.251742929,0.999692738,0.0550909303,-0.627625406,-0.198054492,0.999855757,-0.0786369815,-0.592483222,-0.126442194,0.999084532,-0.0301869977,-0.612861693,-0.231764153,0.999861717,-0.0664526597,-0.581286907,-0.236946613,0.999740303,0.168979213,-0.436698884,-0.0747791305,0.999964714,-0.138647199,-0.564666331,0.00619625207,0.999756277,0.219667152,-0.205404684,-0.0661467835,0.962550104,-0.309698373,-0.56662631,-0.112422116,0.978753626,0.245646819,0.0244955253,-0.0467075557,0.985910833,-0.291004032,-0.754922748,-0.22729975,0.993903756,0.238927469,0.0732685775,-0.0400327519,0.982695103,-0.255923569,-0.801300406,-0.285625279,0.988849,0.206683949,0.0863148272,-0.0630835593,0.984374285,-0.211583704,-0.84939307,-0.278892279,0.988126695,0.234724298,0.0590912662,-0.0538879633,0.977329969,-0.271279,-0.778112352,-0.236424059,0.984969616,0.0945655555,-0.00522497529,0.0223104525,0.999951899,-0.0919754356,0.000825967698,-0.0205094125,0.999940872,0.130239025,0.390882254,0.0147244586,0.835169256,-0.0774667263,0.320726275,-0.00854947325,0.891346,0.183917895,0.691438377,0.189849898,0.953632,-0.084313482,0.690442443,0.182283208,0.94889766,0.170712128,0.722022235,0.213380173,0.765784502,-0.0836137384,0.721449137,0.159566268,0.706550956,0.220452756,0.740526497,0.166732788,0.949868202,-0.105836518,0.751576364,0.101519927,0.934010148
1450.000000000001,-0.0888940096,-0.61993,-0.262965769,0.999872506,-0.055838041,-0.640220225,-0.26493296,0.999731898,-0.055362802,-0.642717719,-0.255109966,0.999708,-0.0565051734,-0.643584609,-0.25864163,0.999829948,-0.0803601742,-0.654502,-0.260313123,0.999658942,-0.0787925348,-0.654701173,-0.273197889,0.999655664,-0.0745562837,-0.640544295,-0.254060954,0.999696851,0.053815756,-0.625975668,-0.204616293,0.999860466,-0.0790786818,-0.591354728,-0.127576753,0.999100626,-0.0329997391,-0.608657777,-0.234207675,0.999863148,-0.0688615739,-0.577336252,-0.238087445,0.999740899,0.168886513,-0.437863499,-0.0792549,0.999964952,-0.138643965,-0.56455189,0.00588468369,0.999755085,0.221079826,-0.206652895,-0.0706731081,0.96383518,-0.309419096,-0.565851748,-0.113195509,0.979138851,0.248868302,0.0244452395,-0.0502907522,0.986524,-0.294333667,-0.752143145,-0.227786973,0.99410826,0.243184596,0.0732204318,-0.0440119058,0.983419,-0.260003924,-0.797850251,-0.28649509,0.989225268,0.210404977,0.0863481537,-0.0666022748,0.985024273,-0.215840131,-0.845918596,-0.280068874,0.988520861,0.238125741,0.0590951145,-0.0572190545,0.978243,-0.274832785,-0.775232852,-0.237033844,0.98549217,0.094615221,-0.00524852844,0.0216310844,0.999952197,-0.0920082256,0.000848106283,-0.0197559316,0.99994117,0.130269498,0.390871853,0.014104262,0.842880607,-0.0787318945,0.32017082,-0.00735843321,0.896472275,0.183856651,0.691505253,0.19046995,0.955936253,-0.0844495222,0.689809918,0.182758376,0.951357603,0.17057018,0.722130239,0.214035884,0.774122238,-0.0837201253,0.72086966,0.159848973,0.718467057,0.218863949,0.741728365,0.167319059,0.952193141,-0.10743212,0.751487255,0.103015147,0.937158763
1466.6666666666677,-0.0934447721,-0.616704822,-0.268989593,0.999870479,-0.0603380501,-0.637306631,-0.272591829,0.999729156,-0.0599594787,-0.639682,-0.26271233,0.999707103,-0.0610565506,-0.640525877,-0.266083747,0.999828577,-0.0848607421,-0.651415229,-0.266755521,0.999649286,-0.08321473,-0.651578367,-0.279769093,0.999648571,-0.0788969696,-0.637406945,-0.260550439,0.999687135,0.0514709391,-0.625058353,-0.214699462,0.999860704,-0.0806947351,-0.590142488,-0.133042186,0.999079347,-0.0365687124,-0.606103957,-0.240692496,0.999859929,-0.0721627101,-0.574707806,-0.243442103,0.999730706,0.168853626,-0.43929109,-0.08473,0.999964654,-0.138634592,-0.564541817,0.00258992845,0.999748468,0.221834674,-0.209273636,-0.0740532205,0.965066791,-0.309089303,-0.564593315,-0.115576051,0.979158938,0.251089305,0.0225395914,-0.0523059294,0.987084925,-0.298948556,-0.750436187,-0.236501366,0.99416858,0.246100962,0.0713177919,-0.0459263436,0.984076083,-0.266073018,-0.795892239,-0.295983702,0.989366055,0.213385299,0.0847106948,-0.0686013475,0.985625625,-0.222547,-0.843860447,-0.29021138,0.988677204,0.240600318,0.0575205758,-0.0591976233,0.97909081,-0.279750496,-0.773525238,-0.246417,0.985736549,0.0946640745,-0.00525602093,0.021652054,0.999951541,-0.0920492187,0.000843293,-0.0197724197,0.999940157,0.130005613,0.389781952,0.0149387764,0.848282278,-0.0812947452,0.316590279,-0.00552038755,0.900710344,0.182138801,0.691240609,0.192523763,0.95785743,-0.0911873281,0.686716378,0.186369017,0.953380287,0.168632805,0.721988738,0.216126814,0.781548321,-0.0905036405,0.717864692,0.163455263,0.726615548,0.217330962,0.741944432,0.167930827,0.954177141,-0.11008177,0.750616193,0.104618154,0.939631283
1483.3333333333344,-0.0949661806,-0.611606061,-0.273789763,0.999863088,-0.0616602749,-0.632268608,-0.278184772,0.999714255,-0.0613100938,-0.634553432,-0.268202513,0.999694049,-0.0624545366,-0.635289,-0.271535337,0.9998191,-0.086073041,-0.646364391,-0.271842659,0.999623775,-0.084353283,-0.646623254,-0.284954935,0.999628305,-0.0800160691,-0.63253361,-0.265656769,0.99966526,0.0503548719,-0.621828496,-0.221377045,0.999855399,-0.0810545534,-0.587502301,-0.138496935,0.999028206,-0.0382015854,-0.601506472,-0.245864406,0.999850452,-0.0734344,-0.570404112,-0.248321459,0.999709964,0.168762058,-0.439577937,-0.089270629,0.999963522,-0.138625592,-0.564214706,-0.000380232465,0.99974215,0.222920209,-0.210555822,-0.0759095401,0.965742052,-0.310190409,-0.560420036,-0.118836865,0.979251504,0.253095776,0.021976443,-0.0520253927,0.987327754,-0.305439,-0.743347824,-0.248544231,0.994294703,0.248341456,0.0709272847,-0.0456306711,0.984336,-0.273115903,-0.789002895,-0.309428722,0.989608705,0.215777069,0.0842758715,-0.0682615712,0.985868394,-0.228400305,-0.837960184,-0.30349648,0.98894304,0.242819414,0.0571619347,-0.0588746,0.97941488,-0.285729527,-0.766179562,-0.258744806,0.986080825,0.0946426168,-0.0052668578,0.0216282494,0.99995023,-0.0920252055,0.000844081049,-0.0197388045,0.999938726,0.128266662,0.388986319,0.0164315421,0.852129221,-0.0816077292,0.313890785,-0.00523459492,0.903942049,0.177849263,0.691239715,0.194752216,0.959696889,-0.0918556899,0.684937119,0.187854692,0.955229282,0.163951099,0.722047031,0.218182206,0.78894949,-0.0911928117,0.716227829,0.165116727,0.734859109,0.211749598,0.743655622,0.168518797,0.956007361,-0.110579275,0.75039959,0.104986899,0.941831529
1500.0000000000011,-0.0964562595,-0.605967402,-0.279109955,0.99985522,-0.0630524531,-0.626965582,-0.284533441,0.999695957,-0.0628024414,-0.629213214,-0.274448812,0.999679,-0.0639537722,-0.629817903,-0.277730137,0.99980706,-0.0874425173,-0.641107857,-0.277893037,0.999595225,-0.0857232735,-0.641421437,-0.291199952,0.999608397,-0.0813510716,-0.627352893,-0.271791905,0.999641657,0.0490227342,-0.618881881,-0.228401735,0.99984926,-0.0815906525,-0.584824145,-0.145691842,0.998978853,-0.0396641493,-0.596617103,-0.251179308,0.999840498,-0.074661687,-0.565686166,-0.253654808,0.999689639,0.168757468,-0.440043062,-0.0935268849,0.999962568,-0.13888678,-0.563848853,-0.00521064736,0.999738,0.225159019,-0.211792454,-0.0776212662,0.96655,-0.312163472,-0.552384138,-0.127413407,0.979229927,0.255806863,0.0206326023,-0.0520777553,0.987746477,-0.311031938,-0.727980077,-0.267897516,0.994490802,0.25114724,0.0696555749,-0.0455503464,0.984864533,-0.279144228,-0.772646,-0.330570489,0.990009904,0.217514485,0.0821908191,-0.0680824295,0.986363828,-0.23323451,-0.821104169,-0.324372619,0.989379287,0.245330721,0.0558156706,-0.058818236,0.980091751,-0.290759683,-0.749611318,-0.278260291,0.986628532,0.094758004,-0.00527488394,0.0216745678,0.999948561,-0.0921402276,0.000838435139,-0.0197694879,0.9999367,0.127130553,0.388201118,0.0197207667,0.857052922,-0.081645757,0.31267646,-0.0023177939,0.907294333,0.175559044,0.691334367,0.201824278,0.96184057,-0.0942074209,0.684672356,0.197453752,0.9574489,0.161419094,0.722349942,0.225317881,0.797232211,-0.0939397588,0.716068268,0.175259992,0.744563878,0.20799537,0.745549858,0.171846226,0.958232045,-0.113928422,0.750356376,0.110805683,0.944520652
1516.6666666666679,-0.103317961,-0.603429615,-0.279646128,0.999848247,-0.0703769252,-0.624869347,-0.285990804,0.999678075,-0.0702232569,-0.627071679,-0.275920123,0.999664545,-0.0712878406,-0.627696455,-0.279203385,0.999795377,-0.0940508693,-0.638827324,-0.279028088,0.999569654,-0.0922884718,-0.639061689,-0.292358577,0.999592185,-0.0878191218,-0.624981105,-0.27294004,0.999622,0.042751126,-0.618001342,-0.23346673,0.999843478,-0.0835372433,-0.582857,-0.148606688,0.998944521,-0.0455005392,-0.594641626,-0.252427369,0.999833703,-0.0792978182,-0.563302696,-0.254517347,0.99967581,0.168528676,-0.440701216,-0.0979285166,0.999962509,-0.139193,-0.563786626,-0.00830692332,0.999740243,0.227565214,-0.21302788,-0.082022056,0.967195153,-0.313741267,-0.546980083,-0.133377865,0.978660882,0.258860856,0.0204680804,-0.0554975905,0.98817265,-0.314854532,-0.711966336,-0.278948337,0.994664967,0.254582822,0.0696273521,-0.0492331944,0.985447,-0.283845305,-0.754217148,-0.341706753,0.990417242,0.219078332,0.0821360126,-0.0712373853,0.986907661,-0.237304986,-0.800409496,-0.336110473,0.9898206,0.247923434,0.0556843281,-0.0619781688,0.980854928,-0.294519514,-0.732047081,-0.289615452,0.987183392,0.0947969556,-0.00524755521,0.0217528567,0.999947488,-0.0921763852,0.000771852618,-0.01983108,0.999935448,0.126409784,0.388112485,0.0220284238,0.857374728,-0.0817540362,0.312525094,-0.00229183142,0.908301,0.17185615,0.691491485,0.203549683,0.962894201,-0.0950161144,0.684363782,0.197558,0.958415866,0.157401428,0.72258389,0.226868957,0.802019417,-0.0947559923,0.715722799,0.175307944,0.749262273,0.204520568,0.74600631,0.172729492,0.959500313,-0.114584699,0.750230312,0.110795595,0.945898116
1533.3333333333346,-0.106083535,-0.599348,-0.279911578,0.999835,-0.0730524808,-0.621265054,-0.286509067,0.999647319,-0.0729180649,-0.62340188,-0.276401907,0.999637485,-0.074036926,-0.623998344,-0.279717445,0.999774098,-0.0966919214,-0.635038495,-0.279386312,0.999525726,-0.0949071646,-0.635316789,-0.292756796,0.999561548,-0.0903709382,-0.621314049,-0.273299277,0.999587119,0.040448375,-0.616558135,-0.233940199,0.999832749,-0.084811151,-0.580921471,-0.149172112,0.998880267,-0.0480501801,-0.591500759,-0.25276196,0.999820471,-0.0816516653,-0.560062826,-0.254810303,0.999649644,0.16853562,-0.441524923,-0.0980600566,0.999961495,-0.139774382,-0.563636363,-0.00958747696,0.999738038,0.229968905,-0.214547485,-0.0818945691,0.968225121,-0.314092,-0.538127422,-0.139788523,0.978467703,0.263089418,0.0198610742,-0.0552531704,0.988689899,-0.315906942,-0.694830179,-0.2946302,0.99486196,0.259497553,0.0694065,-0.0489448272,0.986092865,-0.285630494,-0.734543443,-0.358949214,0.990836203,0.222875044,0.0818649605,-0.0710059702,0.987505436,-0.238171726,-0.780965626,-0.353557527,0.990275681,0.251967847,0.0553155169,-0.0617336966,0.981692255,-0.295219302,-0.714163125,-0.305497706,0.987736583,0.0949125737,-0.0052318708,0.021893261,0.999946296,-0.0923007205,0.000739020703,-0.0199281462,0.999933958,0.12548618,0.387438864,0.0261018164,0.861631393,-0.0817991,0.311540157,-0.00235027727,0.911837578,0.170626074,0.691534221,0.211467147,0.964688182,-0.0959370658,0.683279157,0.197889537,0.960306525,0.156095102,0.722798645,0.235026807,0.809035659,-0.0957583487,0.71470958,0.175669208,0.757915378,0.202448294,0.747912288,0.179495409,0.961318254,-0.116367429,0.750192,0.110882416,0.948201716
1550.0000000000014,-0.110439621,-0.593288541,-0.280067623,0.999835551,-0.0783433169,-0.616598427,-0.287533611,0.999644816,-0.0781675726,-0.618628383,-0.277436078,0.999637663,-0.0791489929,-0.619318545,-0.280789942,0.999771714,-0.101705253,-0.630298793,-0.280262589,0.999523103,-0.100023963,-0.630277574,-0.293589413,0.999564588,-0.0954705477,-0.616298854,-0.274149746,0.999585748,0.035582304,-0.615849853,-0.235866472,0.999833167,-0.0879226923,-0.578650236,-0.150338516,0.998894,-0.0517091118,-0.587421954,-0.252877891,0.999820173,-0.0849818289,-0.55522877,-0.254796952,0.999649584,0.16825667,-0.443519026,-0.0987008661,0.999962449,-0.141154036,-0.563548148,-0.00975146797,0.999745667,0.232805893,-0.216671407,-0.082523,0.969558,-0.319517672,-0.523536384,-0.141918153,0.978190362,0.26703009,0.0198601335,-0.0561535545,0.989407718,-0.319601029,-0.667413056,-0.298265517,0.995117784,0.26409021,0.0694986209,-0.0504438803,0.986995518,-0.289015859,-0.705293536,-0.362307698,0.991373777,0.225202829,0.0821522325,-0.072032392,0.988327265,-0.240775213,-0.750250638,-0.357085466,0.990849912,0.255442411,0.0553499348,-0.0623843186,0.982877195,-0.298668176,-0.68595767,-0.309195876,0.988445222,0.095019,-0.00518062245,0.0220590383,0.999945879,-0.0923936,0.000665862171,-0.0200480819,0.999933124,0.12430463,0.387620181,0.0261176247,0.865846038,-0.0819605514,0.312203795,-0.00372029492,0.915125906,0.169458881,0.694539368,0.210507527,0.966400921,-0.0978702679,0.685077906,0.194492534,0.962136388,0.15493679,0.726204,0.233766258,0.816298366,-0.0978059769,0.716553926,0.17173335,0.766242743,0.201694623,0.751659155,0.178114966,0.963267326,-0.118238695,0.752648771,0.106480628,0.950662136
1566.666666666668,-0.11301817,-0.589539647,-0.280583918,0.999833941,-0.0811677575,-0.613446832,-0.288943291,0.999639928,-0.0809325352,-0.61535877,-0.278752893,0.999636412,-0.081970945,-0.616055131,-0.28216362,0.99976778,-0.104148895,-0.626730204,-0.281263888,0.999514878,-0.10239508,-0.626821,-0.294668555,0.999563575,-0.0978286266,-0.612896085,-0.275115699,0.999579191,0.0324335396,-0.615156412,-0.239220873,0.999834239,-0.0889311209,-0.576596737,-0.152434438,0.998896658,-0.054245349,-0.584722102,-0.253841788,0.999818861,-0.0868731514,-0.552181542,-0.255429059,0.999645591,0.168168172,-0.445843518,-0.102030903,0.999963522,-0.141367927,-0.563179255,-0.0104403561,0.999752343,0.234916702,-0.21899651,-0.0858380795,0.970825553,-0.320237458,-0.51299876,-0.148076087,0.977448702,0.268131167,0.0197400842,-0.0580785088,0.989984512,-0.321425229,-0.651591659,-0.3172234,0.995273829,0.264567018,0.069557108,-0.0526698306,0.987718165,-0.291750163,-0.687702,-0.383569,0.991769969,0.22533074,0.0821992829,-0.0740062371,0.988985717,-0.242507339,-0.733487248,-0.378081769,0.99127692,0.256401062,0.0553359762,-0.0641688183,0.983796418,-0.300231218,-0.669895709,-0.328648716,0.988947809,0.0949844345,-0.00511803152,0.0219594445,0.999946475,-0.0923589766,0.000586747774,-0.0198969692,0.999933362,0.122854695,0.387672246,0.026564125,0.871979356,-0.0818193257,0.311533183,-0.00382026494,0.91906327,0.163732797,0.695210159,0.21108678,0.968385279,-0.0976296961,0.684414566,0.191062078,0.964357078,0.148767337,0.727056682,0.234294906,0.825374246,-0.0975989401,0.715950906,0.167573765,0.778123915,0.194889501,0.753343582,0.179762945,0.965388894,-0.120326109,0.751585126,0.103111841,0.953540921
1583.3333333333348,-0.112777323,-0.584801435,-0.28127116,0.999841511,-0.0816701278,-0.609568596,-0.290180922,0.999653757,-0.0813824683,-0.611374199,-0.27990669,0.999652207,-0.0823689327,-0.61213237,-0.283408791,0.999776244,-0.104637891,-0.622757614,-0.283030093,0.999534309,-0.10288056,-0.62264204,-0.296441942,0.99958396,-0.0983393416,-0.608786702,-0.276842,0.999595225,0.029296916,-0.614151776,-0.239361927,0.99984175,-0.0916549787,-0.574176729,-0.155829847,0.998947,-0.0546235368,-0.581296086,-0.254214644,0.999825597,-0.0872767866,-0.54833889,-0.256178409,0.999658585,0.167303681,-0.447118163,-0.102274008,0.99996537,-0.142354593,-0.562821031,-0.011074149,0.999762118,0.235962644,-0.220995426,-0.0859965608,0.972577,-0.321469516,-0.503071249,-0.152516916,0.976597965,0.271641672,0.0193730239,-0.0584365278,0.990735114,-0.322195888,-0.629662,-0.322928876,0.995394051,0.268595725,0.0695344657,-0.0533421412,0.988636672,-0.292837441,-0.662216544,-0.388820499,0.992135644,0.228335947,0.0822260827,-0.0747287646,0.989820063,-0.243122429,-0.706116199,-0.38363862,0.991672456,0.259919524,0.0551676154,-0.0645330921,0.985007048,-0.300962329,-0.646775305,-0.33437255,0.989429712,0.0948682129,-0.00503177848,0.0219468381,0.999947071,-0.0922277719,0.000503655174,-0.0198590644,0.999933124,0.121713571,0.389167309,0.026322512,0.877086,-0.0811394677,0.311503053,-0.00792757142,0.921797,0.158920616,0.69788152,0.209416151,0.969821393,-0.097222738,0.684606135,0.180733398,0.965972424,0.143573195,0.729728341,0.232242137,0.832396209,-0.0972707942,0.716142058,0.156125814,0.786787093,0.189462736,0.753735542,0.1790023,0.967056513,-0.121511646,0.749897957,0.0923848301,0.955775619
1600.0000000000016,-0.1121374,-0.581651032,-0.282273382,0.999846935,-0.0819201,-0.607267559,-0.29176268,0.999661744,-0.081610769,-0.609017372,-0.281470358,0.999662519,-0.0824806169,-0.609839082,-0.285040498,0.999781489,-0.104871534,-0.619990051,-0.285095245,0.999545753,-0.103197724,-0.619641483,-0.298399389,0.999597,-0.0986617804,-0.605733573,-0.278864622,0.999604106,0.0278376564,-0.614162922,-0.239628583,0.999846399,-0.0936632454,-0.571898878,-0.157694668,0.998977423,-0.0541042,-0.579277217,-0.254562736,0.999829352,-0.0869149193,-0.545312762,-0.256679952,0.999665558,0.167241365,-0.449617,-0.102097034,0.999967098,-0.142544,-0.562306464,-0.0105242133,0.999769151,0.23806785,-0.222556591,-0.0857590958,0.974205196,-0.326800287,-0.492895663,-0.150513723,0.975366056,0.274756402,0.0193736479,-0.058059521,0.991455078,-0.328058809,-0.60883826,-0.315425813,0.995429099,0.271970809,0.0696121529,-0.0531716868,0.989511,-0.298653752,-0.63978529,-0.379947454,0.99238205,0.231202528,0.0824587867,-0.0745771527,0.990611553,-0.248000354,-0.683470964,-0.374445945,0.991944671,0.263067037,0.0552103482,-0.063985832,0.986158729,-0.306557983,-0.625710368,-0.326335609,0.989768088,0.0948406085,-0.00479009328,0.0218752399,0.999947548,-0.0921885297,0.000290955679,-0.0197437201,0.999932706,0.121633552,0.393679053,0.0257723574,0.882250845,-0.0809642226,0.312077492,-0.00817870349,0.924519539,0.159225345,0.703359485,0.207827494,0.971408069,-0.0981154218,0.687451959,0.178422585,0.967767358,0.143920243,0.73506391,0.230438337,0.839654565,-0.0983834118,0.719292104,0.153626606,0.795536101,0.188962683,0.758612573,0.177203923,0.968869925,-0.12445686,0.751301587,0.0886181,0.958244324
1616.6666666666683,-0.112343326,-0.576824248,-0.283100486,0.999848485,-0.082964465,-0.603018641,-0.293120086,0.999659896,-0.0826915577,-0.60460788,-0.282778651,0.999664485,-0.0834544,-0.605464518,-0.286330611,0.99978,-0.105688252,-0.615127802,-0.286507815,0.999543667,-0.103955217,-0.614777684,-0.299841762,0.999600828,-0.0993602425,-0.600958,-0.280301332,0.999601901,0.0258710589,-0.612919629,-0.241330445,0.999848187,-0.0945959687,-0.568066776,-0.160382867,0.998985,-0.0543392599,-0.575443804,-0.255178034,0.99983108,-0.0869327933,-0.540897191,-0.257539243,0.999667525,0.167161673,-0.450110227,-0.102496646,0.999968767,-0.142590314,-0.55996263,-0.0109960316,0.999775469,0.240040362,-0.223573476,-0.0853743702,0.975818336,-0.326369345,-0.478645265,-0.152022511,0.973210454,0.277661115,0.0194317885,-0.0560288019,0.99212265,-0.327475429,-0.582005918,-0.326679409,0.995343864,0.27523461,0.0701868609,-0.0515835062,0.99031651,-0.298833132,-0.609716296,-0.3929497,0.992504358,0.233708426,0.0830014572,-0.072797507,0.991341829,-0.248437151,-0.653760493,-0.389055043,0.992099583,0.26595822,0.0553954,-0.0617626943,0.9872154,-0.306034893,-0.598024845,-0.338646173,0.989949346,0.0948696285,-0.00465577329,0.0222817305,0.999948,-0.0922147483,0.000146923427,-0.020061411,0.999932,0.121784128,0.394635886,0.025593726,0.887186,-0.0810792446,0.312097102,-0.013505172,0.927628577,0.159392774,0.704644263,0.20747298,0.972895265,-0.10016536,0.687405109,0.173275605,0.969409,0.144124389,0.736439824,0.229962781,0.845894754,-0.100359753,0.719214439,0.148417532,0.802179396,0.189750686,0.760221601,0.174667,0.970569849,-0.124285817,0.75128144,0.0791437328,0.960426092
1633.333333333335,-0.113141626,-0.573644102,-0.28927505,0.999842584,-0.0843511224,-0.600000083,-0.298688859,0.999639034,-0.0841228068,-0.601447105,-0.288010865,0.999649882,-0.0849538147,-0.602202475,-0.291684479,0.999764681,-0.107674234,-0.611456931,-0.291905,0.999515772,-0.105834939,-0.611290336,-0.305552185,0.999586463,-0.101289526,-0.597704053,-0.285749197,0.99957633,0.0243901946,-0.611480296,-0.243428543,0.999844253,-0.0984542221,-0.56484586,-0.164148793,0.998940527,-0.0549788736,-0.572975039,-0.259888977,0.999825239,-0.0879437104,-0.53812927,-0.263104677,0.999652386,0.167132989,-0.451439738,-0.102407217,0.999969542,-0.143068835,-0.555689275,-0.013334617,0.999773443,0.242764071,-0.227807134,-0.0811959505,0.977249682,-0.323622555,-0.4585132,-0.166284636,0.970166862,0.280585468,0.0179376919,-0.0466659777,0.99266839,-0.32653138,-0.551775,-0.369005322,0.995003641,0.277553111,0.0695563555,-0.0417072177,0.990968525,-0.29736194,-0.57705909,-0.441715449,0.992348433,0.236597836,0.0821861625,-0.0637272522,0.991939366,-0.247398391,-0.622466624,-0.436763853,0.991972864,0.269247502,0.0544499718,-0.0525677055,0.988069475,-0.305424273,-0.567162573,-0.381758094,0.989730477,0.0948374346,-0.00457672589,0.0226701442,0.999947548,-0.0921937823,7.75449444e-005,-0.0203108247,0.999929726,0.120557979,0.39455992,0.0306911021,0.89307189,-0.0811146721,0.31008,-0.0130129037,0.931093037,0.156644091,0.70441556,0.219361886,0.974488854,-0.102352798,0.686671078,0.175895274,0.971295893,0.141130984,0.736256242,0.242500544,0.852489889,-0.102707095,0.718706608,0.150862247,0.810862124,0.186279565,0.759956181,0.18556127,0.972184777,-0.128372967,0.749322236,0.0807785094,0.962637246
1650.0000000000018,-0.112933278,-0.566950679,-0.287708491,0.999833763,-0.0850549266,-0.59405,-0.298387825,0.999601185,-0.0847086,-0.59527117,-0.28762719,0.99962,-0.0854948685,-0.595971763,-0.29138267,0.999738812,-0.107750535,-0.60498786,-0.291637838,0.999474466,-0.105915405,-0.604692876,-0.305286348,0.999563515,-0.101299778,-0.591224849,-0.285502404,0.99954617,0.0202312097,-0.609430134,-0.242808342,0.999832749,-0.0991900191,-0.560720861,-0.164524868,0.998888493,-0.0552280061,-0.568046272,-0.258277506,0.99981612,-0.0877679586,-0.532592773,-0.262178481,0.999636352,0.166136071,-0.452894837,-0.100167193,0.999970675,-0.143306836,-0.553135037,-0.0128731495,0.999780536,0.243878633,-0.230452269,-0.0740892515,0.978071868,-0.323349237,-0.438968062,-0.165826514,0.96672678,0.281671196,0.0178254172,-0.0409906581,0.993096113,-0.325729936,-0.513674676,-0.352711171,0.99483943,0.278355807,0.0695896745,-0.0372122042,0.991485417,-0.296556383,-0.535976529,-0.422552586,0.992406428,0.236782208,0.0822391734,-0.0584433265,0.992414832,-0.246561408,-0.579944193,-0.418015778,0.992061675,0.270134658,0.0544372462,-0.0467674434,0.988737524,-0.304551631,-0.528014,-0.364950716,0.989767075,0.0945936218,-0.00427101878,0.0230719596,0.999946892,-0.0919487104,-0.000215278502,-0.0206289701,0.999927819,0.11995101,0.394532859,0.029797744,0.895606041,-0.0798355341,0.308553755,-0.0168600474,0.932261944,0.153696984,0.705493927,0.216157809,0.975246906,-0.10323748,0.686637163,0.165365458,0.972328722,0.137890175,0.737417758,0.238319293,0.855928957,-0.104083531,0.71864593,0.139438301,0.814696908,0.183200836,0.759747148,0.18123135,0.973078668,-0.131484017,0.74552536,0.0674556196,0.963938057
1666.6666666666686,-0.112920851,-0.564141273,-0.296671778,0.999833,-0.0861399919,-0.591587842,-0.306076378,0.999592185,-0.0857647061,-0.592714,-0.295218587,0.999615252,-0.0865694433,-0.593436718,-0.299028635,0.999731481,-0.10917715,-0.601752102,-0.300826102,0.999464095,-0.10727983,-0.60151881,-0.314688146,0.999560416,-0.102720708,-0.588218093,-0.294693738,0.999536097,0.017698938,-0.608408272,-0.246480674,0.999830663,-0.104575992,-0.557162941,-0.17430903,0.99886781,-0.0554276221,-0.56579,-0.265050203,0.999814272,-0.0881454423,-0.529783189,-0.270908773,0.999631941,0.163789392,-0.454600334,-0.101008125,0.999971747,-0.145979747,-0.550411642,-0.0163721628,0.99978286,0.243751049,-0.234621495,-0.0741475299,0.978915572,-0.331398547,-0.432759106,-0.166140899,0.9621346,0.281060785,0.0151463412,-0.0414823517,0.993454039,-0.33037746,-0.491849,-0.362984806,0.993977785,0.277667671,0.0673496276,-0.0373305604,0.991920888,-0.300713748,-0.510194242,-0.436100245,0.991722286,0.23647812,0.0798981488,-0.0587212853,0.992818177,-0.247665629,-0.554706454,-0.431527823,0.991411,0.269530505,0.0522385873,-0.0472806878,0.989289701,-0.307109863,-0.50538,-0.375758618,0.988825917,0.0945472047,-0.00416842662,0.0240655262,0.999945164,-0.091916807,-0.000298359897,-0.021464061,0.999924064,0.1191044,0.394288778,0.033608593,0.899621308,-0.0810664147,0.306470245,-0.0175361801,0.934844851,0.149006695,0.705396414,0.221746773,0.976409614,-0.108079769,0.683817089,0.16688545,0.973741353,0.132659405,0.737407923,0.244317308,0.861320198,-0.109120041,0.715772688,0.141478717,0.820826232,0.175671563,0.759798944,0.18712078,0.974234462,-0.133990571,0.741767824,0.069690071,0.965493739
1683.3333333333353,-0.113886498,-0.564070106,-0.299215913,0.999817967,-0.0886191726,-0.591674,-0.309013188,0.999541759,-0.0882417038,-0.592754066,-0.29816857,0.999575,-0.0890004858,-0.593533933,-0.302038491,0.999697864,-0.111200094,-0.6011554,-0.30363214,0.999397278,-0.109237067,-0.60092926,-0.317471921,0.999515057,-0.10460797,-0.587587178,-0.297464609,0.999478757,0.0145566249,-0.608350754,-0.252357215,0.999815524,-0.105515912,-0.554136515,-0.178798959,0.998750865,-0.0562415645,-0.565531909,-0.268229663,0.999800682,-0.0885039642,-0.528878,-0.273755431,0.999601126,0.162870273,-0.455058634,-0.107943855,0.999972343,-0.145973146,-0.548331618,-0.0181443654,0.999779046,0.243618354,-0.235039651,-0.0830821,0.979800284,-0.333109379,-0.433666676,-0.164435178,0.956706285,0.280812949,0.0147933299,-0.050509695,0.993765831,-0.335674584,-0.477743953,-0.356167555,0.992581427,0.277233958,0.0672097355,-0.0488492586,0.99228406,-0.307767361,-0.490257859,-0.427805096,0.990448773,0.234876573,0.0797446668,-0.069768846,0.993151665,-0.25213629,-0.533104181,-0.424485445,0.990192473,0.26917994,0.0520140566,-0.0562072806,0.989728749,-0.311341584,-0.489514679,-0.369197786,0.987242699,0.0943241119,-0.00392098352,0.0240602549,0.999944568,-0.0917167664,-0.000517713372,-0.0214551035,0.999922156,0.118420839,0.394024789,0.0334774777,0.904227495,-0.0845277905,0.30540365,-0.0181377269,0.937858462,0.149432242,0.705865562,0.221117213,0.977781713,-0.115963086,0.683363259,0.163797349,0.975342393,0.133276612,0.738064468,0.243762732,0.867359281,-0.117556021,0.715398,0.138367087,0.828842521,0.1762072,0.761329651,0.186987087,0.975556314,-0.143931523,0.741541624,0.0630839616,0.967404306
1700.000000000002,-0.114923574,-0.556147218,-0.313017905,0.999795139,-0.0901677087,-0.584307134,-0.323375016,0.999462783,-0.0897500366,-0.585031867,-0.312350035,0.999509275,-0.0905706286,-0.585801542,-0.316253811,0.999639571,-0.112733006,-0.593580723,-0.317866713,0.999307096,-0.110821836,-0.593316376,-0.331839234,0.999459088,-0.106054179,-0.58010006,-0.311566085,0.999411881,0.0131048635,-0.603392303,-0.266060829,0.999791324,-0.107172266,-0.549080491,-0.193257898,0.998628795,-0.0574010275,-0.558633506,-0.281288296,0.99978,-0.0894237086,-0.522318721,-0.287142873,0.999565423,0.162042379,-0.454675019,-0.118545756,0.999972165,-0.146867022,-0.546589255,-0.025904322,0.99978137,0.243415236,-0.234770462,-0.0905665904,0.980405569,-0.334320188,-0.421596259,-0.163729295,0.952296317,0.27921167,0.0147136115,-0.0566187128,0.993937433,-0.339101255,-0.446916968,-0.364072174,0.99221307,0.274328738,0.0672023073,-0.0561629869,0.992500424,-0.312249571,-0.457490385,-0.439139932,0.990342,0.230297163,0.0795399472,-0.0764415711,0.993351281,-0.254027247,-0.500025749,-0.437654197,0.99014163,0.26719895,0.0519309454,-0.0619554892,0.989960551,-0.313747972,-0.457928151,-0.378424913,0.987076938,0.0943110138,-0.00334922387,0.0242891721,0.999942303,-0.0917104334,-0.00105202408,-0.0216432065,0.999919057,0.118421055,0.39357394,0.0343618579,0.909226358,-0.0859585777,0.302703381,-0.0190804619,0.941194654,0.145207733,0.704549611,0.231048748,0.979099274,-0.120468602,0.678252578,0.164499119,0.976929128,0.128377602,0.736707389,0.25481987,0.873844564,-0.122508004,0.71009922,0.139382,0.837155104,0.171241805,0.760946035,0.197249964,0.976805151,-0.1491891,0.735094666,0.0634279475,0.969207346
1716.6666666666688,-0.117458932,-0.557608485,-0.295908809,0.999763191,-0.0925072,-0.585466146,-0.307666838,0.999357402,-0.0919574,-0.586276,-0.296744466,0.999418139,-0.0927070081,-0.58702445,-0.300568938,0.999563396,-0.11416252,-0.595065117,-0.300849766,0.999190032,-0.112402551,-0.594783425,-0.31402877,0.999386787,-0.107247025,-0.581511,-0.294295,0.999332786,0.0117977,-0.603591323,-0.255335897,0.999756098,-0.106773742,-0.550107,-0.177838951,0.998479962,-0.0597478189,-0.559742272,-0.265353948,0.999757,-0.0906403884,-0.523688078,-0.269642,0.999525964,0.162192315,-0.455482811,-0.111234456,0.999972165,-0.146781966,-0.546887577,-0.0109504974,0.999787569,0.243744746,-0.234523222,-0.081062153,0.981368542,-0.322321057,-0.414729148,-0.135878861,0.950083435,0.278869748,0.0153431771,-0.0437598117,0.994269073,-0.341254503,-0.42224142,-0.357389569,0.992276728,0.274093181,0.0692440197,-0.0443099588,0.992864192,-0.32127589,-0.427418768,-0.437506855,0.990630031,0.229958639,0.081257388,-0.0662293062,0.993677437,-0.263604492,-0.469106048,-0.430066437,0.990492404,0.266939819,0.0527717806,-0.0497798696,0.990412474,-0.317200899,-0.432063073,-0.376148134,0.987475,0.0945321396,-0.00266161468,0.0242894422,0.999943137,-0.0919465721,-0.00170230516,-0.0216205828,0.999920368,0.118772276,0.394004911,0.0311033037,0.914227664,-0.0904597491,0.302400231,-0.027730165,0.944768846,0.145337701,0.704750776,0.229431018,0.980143726,-0.130918413,0.678343236,0.149659112,0.978368223,0.128199816,0.736929059,0.253070861,0.87795788,-0.13346301,0.710180342,0.123680145,0.844031751,0.17035459,0.762921631,0.196240023,0.977850616,-0.158839017,0.735681593,0.0436961278,0.971034
1733.3333333333355,-0.118067831,-0.558746457,-0.270589858,0.999728084,-0.0928109884,-0.586422861,-0.283001572,0.999257207,-0.0921497643,-0.587291241,-0.272203118,0.999328077,-0.0928695574,-0.588029087,-0.276064783,0.999492347,-0.113934882,-0.596360743,-0.275842458,0.999076486,-0.112215132,-0.596066535,-0.288362026,0.999310553,-0.107012987,-0.582757,-0.269024044,0.99924773,0.0115472674,-0.60405761,-0.234693021,0.999722242,-0.104987986,-0.552731097,-0.155243531,0.998299,-0.0606914498,-0.560632,-0.240714714,0.999725461,-0.0907760859,-0.524723768,-0.244281009,0.999465525,0.161991611,-0.458112568,-0.0979113653,0.999972165,-0.144087553,-0.54869324,0.00650549447,0.999788642,0.243854299,-0.234431118,-0.072350584,0.982469738,-0.289020866,-0.398427963,-0.122847572,0.947233737,0.27817291,0.0161216855,-0.032134451,0.994617283,-0.34160158,-0.381890327,-0.346510231,0.991885304,0.27391538,0.0711977631,-0.0318888277,0.99322015,-0.330835283,-0.381625921,-0.423693597,0.990416884,0.229886651,0.0838804543,-0.0556441545,0.993994594,-0.281037301,-0.418268234,-0.427949071,0.99038285,0.266762704,0.0539657809,-0.0390210561,0.990865052,-0.32139796,-0.388709873,-0.368002266,0.987287223,0.0945275724,-0.00215990795,0.0240825452,0.999945104,-0.0919377208,-0.00210067607,-0.0212818328,0.999922633,0.120210804,0.394633025,0.0188590307,0.919553936,-0.0944748223,0.303178698,-0.0398615561,0.948386,0.14585419,0.705782115,0.216581836,0.981032133,-0.134131745,0.681708574,0.12182036,0.979643345,0.128813311,0.738034189,0.239651978,0.880761147,-0.136587232,0.714260519,0.0936216414,0.849911571,0.171245858,0.764266312,0.180587396,0.978672147,-0.162716627,0.741297,0.0148652466,0.972681642
1750.0000000000023,-0.123693347,-0.560088456,-0.257533818,0.999639034,-0.0975144804,-0.587960899,-0.271346778,0.999013,-0.0967525244,-0.588677883,-0.260481954,0.999100447,-0.0974526,-0.589358449,-0.264516622,0.999319613,-0.116125859,-0.598385513,-0.262687117,0.998808563,-0.114550695,-0.597968638,-0.274936855,0.99912715,-0.108969115,-0.584571719,-0.255728543,0.999062657,0.00798840728,-0.605323553,-0.230757147,0.999646604,-0.10247799,-0.557331324,-0.145622164,0.997957587,-0.0661893263,-0.562281072,-0.230669558,0.999671221,-0.0933524594,-0.527197123,-0.232492849,0.999367058,0.16145888,-0.459016085,-0.0969814584,0.99997139,-0.143073693,-0.550462484,0.0103888363,0.999788,0.243875712,-0.235758439,-0.072306864,0.983478487,-0.276180565,-0.394412726,-0.120730683,0.945485711,0.276072,0.0156474113,-0.0289935246,0.994899631,-0.342127979,-0.354355186,-0.338460535,0.991356909,0.272622645,0.0711498931,-0.026987683,0.993463874,-0.336592436,-0.346471131,-0.410698414,0.98986721,0.228787377,0.0840257555,-0.052183833,0.994208,-0.289384902,-0.377532721,-0.422341973,0.989959776,0.265133113,0.0538028069,-0.036423523,0.991146743,-0.324038029,-0.357202441,-0.360942602,0.986698687,0.0945355743,-0.00162611844,0.0233347323,0.999947071,-0.0919537842,-0.00250867056,-0.020391738,0.999924958,0.120221056,0.394890934,0.011156939,0.924363315,-0.0977939442,0.303257793,-0.0417156592,0.951142311,0.14544408,0.708005846,0.208184883,0.98180151,-0.134988919,0.682608545,0.123290583,0.980503857,0.127822548,0.74046278,0.230589181,0.881540418,-0.13736856,0.715615511,0.0954127312,0.852991,0.169187799,0.76849705,0.166151389,0.979281604,-0.16677466,0.742678,0.016853353,0.973847568
1766.666666666669,-0.123261094,-0.559038,-0.257939428,0.999569178,-0.0972952321,-0.587014854,-0.270760268,0.99879247,-0.0964988098,-0.587729812,-0.259874433,0.998886347,-0.097182706,-0.588395834,-0.263916075,0.999162,-0.115898736,-0.597245634,-0.263174,0.998586893,-0.11432898,-0.596705735,-0.275518835,0.998970449,-0.108763307,-0.583257854,-0.256256044,0.998905957,0.00654824,-0.605436683,-0.226906389,0.999562204,-0.102394082,-0.557170689,-0.145872027,0.997595191,-0.0658367202,-0.561992347,-0.229533225,0.999619186,-0.093263723,-0.526698411,-0.232804477,0.99927938,0.161231831,-0.459420562,-0.0929324701,0.999971092,-0.142316878,-0.550505936,0.0097530866,0.999790847,0.244627044,-0.235684127,-0.0701601952,0.984300375,-0.268933743,-0.386262208,-0.122872286,0.945133388,0.275763094,0.0157033559,-0.025331784,0.995160639,-0.341586024,-0.326746374,-0.338102102,0.991123736,0.272218972,0.0714584738,-0.0231134351,0.993690491,-0.33605808,-0.313740075,-0.410507202,0.989605784,0.227990657,0.0847191736,-0.0491632111,0.994412661,-0.288771302,-0.341239721,-0.41918689,0.989807427,0.264744908,0.0539959855,-0.0330211148,0.991420507,-0.323297054,-0.327054501,-0.359153867,0.986416936,0.0944619328,-0.00117745472,0.0233149305,0.999948144,-0.0918884,-0.00287550176,-0.0203358382,0.999926388,0.120255247,0.396702081,0.00658103498,0.927721202,-0.0976743,0.304250032,-0.0451625511,0.953297496,0.144894615,0.712315202,0.199352667,0.982182562,-0.138038084,0.684798062,0.113224365,0.981162608,0.126946971,0.744787037,0.220994,0.880587459,-0.141078353,0.718123138,0.084523581,0.853831,0.16941385,0.771920562,0.155158252,0.979511917,-0.16903621,0.744740129,0.0030350259,0.974742651
1783.3333333333358,-0.122964226,-0.558667719,-0.257414848,0.999523282,-0.0974408761,-0.586697042,-0.270592,0.998645306,-0.0965970308,-0.587392926,-0.259702861,0.998744786,-0.097290121,-0.588017285,-0.263781428,0.999049902,-0.115711831,-0.59688741,-0.26337719,0.998456538,-0.114141047,-0.596298814,-0.27566579,0.99888742,-0.108600974,-0.582827032,-0.256419718,0.998832226,0.0045112283,-0.605536819,-0.227236792,0.999509275,-0.100776866,-0.557204187,-0.147006959,0.997465491,-0.0658154041,-0.561896503,-0.229047537,0.999594808,-0.0931839943,-0.526522577,-0.232774541,0.999249876,0.160535142,-0.460191667,-0.0923863575,0.999971092,-0.140875712,-0.55088222,0.00960330479,0.999800086,0.245625421,-0.236696362,-0.0678109899,0.98522681,-0.272627532,-0.377379179,-0.118439525,0.947469056,0.275602937,0.013866879,-0.0184047297,0.99542892,-0.343174487,-0.29716447,-0.328133,0.991446674,0.272104293,0.0692658871,-0.0154048419,0.993926227,-0.339606136,-0.280375302,-0.398008525,0.989909351,0.227875128,0.0824730769,-0.0416983403,0.994619131,-0.291899681,-0.306336462,-0.410222173,0.990153491,0.264561683,0.0522482432,-0.0261690654,0.991703808,-0.325698495,-0.295914888,-0.349042475,0.986817479,0.0942599252,-0.000565549068,0.0230444912,0.999949872,-0.0917128,-0.00336960121,-0.0199868418,0.999929309,0.120434023,0.399453878,0.00496349949,0.933014035,-0.0991678908,0.306691706,-0.0453509726,0.956671417,0.14443472,0.716833234,0.199264541,0.983177,-0.138287276,0.690420568,0.117254205,0.982291222,0.126044333,0.749381125,0.221140042,0.883918047,-0.141308352,0.724585712,0.0894091949,0.859336376,0.167792842,0.78192997,0.157095134,0.980436265,-0.171928018,0.75488615,0.0101235332,0.976203263
1800.0000000000025,-0.126900494,-0.557148576,-0.267732829,0.999499559,-0.103984967,-0.5855,-0.2833215,0.998546898,-0.102703936,-0.586014688,-0.272419959,0.998649955,-0.10348729,-0.58665067,-0.27685228,0.998976409,-0.119496353,-0.595002472,-0.276759058,0.998391032,-0.117924593,-0.594207585,-0.288686037,0.998847842,-0.112249747,-0.580792785,-0.269259036,0.99881,-0.00417683134,-0.604586363,-0.24657701,0.999468088,-0.101158164,-0.553323805,-0.166762948,0.997439384,-0.0704072639,-0.560383737,-0.240395904,0.999589264,-0.0953011066,-0.524205387,-0.244741052,0.999256909,0.156331077,-0.460135788,-0.105607897,0.999971628,-0.14114511,-0.547404051,-3.60518134e-005,0.999812663,0.245203763,-0.237760752,-0.0795402601,0.98606956,-0.281017452,-0.363659978,-0.110505097,0.950885355,0.273104757,0.0116628418,-0.0277217031,0.995643198,-0.355785,-0.258481503,-0.287523359,0.991844833,0.268743336,0.0657670647,-0.0242837612,0.994072497,-0.349922031,-0.235780284,-0.350914896,0.990199864,0.225084186,0.0786522925,-0.0512442812,0.99474138,-0.300471574,-0.260851443,-0.36459139,0.99048245,0.26203534,0.0498639047,-0.0361310914,0.991852582,-0.337063521,-0.256290793,-0.307132393,0.987213731,0.0939373747,8.77832e-005,0.0227780491,0.999951363,-0.0914279521,-0.00394865638,-0.0197620504,0.999932528,0.120335355,0.401586443,0.00318714976,0.937491238,-0.103957914,0.306462228,-0.0504162572,0.959951937,0.140155286,0.71920228,0.199796855,0.983904302,-0.142252803,0.692970335,0.0966256261,0.983403862,0.120669827,0.751339614,0.221765369,0.885888755,-0.145662293,0.727633595,0.0681618,0.865118563,0.158901587,0.784325898,0.158632636,0.980999589,-0.180800855,0.756353319,-0.0134182312,0.977637827
1816.6666666666692,-0.138202354,-0.552164,-0.280346334,0.999468565,-0.118037261,-0.580925465,-0.29725197,0.998440385,-0.11651665,-0.581090331,-0.286232412,0.998541,-0.117413901,-0.581741154,-0.290582955,0.998890519,-0.131140932,-0.589112878,-0.290492624,0.998319924,-0.129519939,-0.588276088,-0.302589,0.99880743,-0.123524018,-0.575048268,-0.282762,0.998788953,-0.0196434259,-0.601804674,-0.264262736,0.999425,-0.106528491,-0.546797931,-0.183556616,0.997405589,-0.0818507671,-0.556189358,-0.254123867,0.999586046,-0.103816181,-0.519031107,-0.258723915,0.999264538,0.147680372,-0.460184813,-0.118644655,0.999972463,-0.146137387,-0.543031871,-0.0160316806,0.999825537,0.239973143,-0.243821189,-0.087368466,0.986794114,-0.28287077,-0.345321953,-0.112807959,0.953867,0.267632097,0.00176331447,-0.0324706957,0.995792687,-0.359535813,-0.224520415,-0.292290181,0.992151,0.26362,0.0532955788,-0.0284089744,0.994080067,-0.354903817,-0.200363219,-0.356803477,0.990325391,0.220134556,0.0663014203,-0.0563057661,0.994739234,-0.307725281,-0.224097803,-0.369348,0.990667403,0.256628186,0.0400295295,-0.041369684,0.99177295,-0.341567069,-0.220915809,-0.311456412,0.987358809,0.0937443152,0.000327555172,0.0228341911,0.999952912,-0.0913074389,-0.0041692676,-0.0198246259,0.999935865,0.118587568,0.402001947,0.0106648924,0.940781951,-0.109441355,0.306310236,-0.0489485413,0.962721288,0.132335022,0.720442832,0.218204588,0.98411274,-0.148778334,0.693312109,0.0994044319,0.984129131,0.112373397,0.752819896,0.24069,0.885252535,-0.152469411,0.728073299,0.0712909475,0.868079185,0.152889609,0.785848141,0.17967692,0.981022596,-0.184905872,0.756476104,-0.0111538218,0.978620172
1833.333333333336,-0.142492667,-0.546782732,-0.282049835,0.999471128,-0.122116931,-0.576248527,-0.299369,0.998441458,-0.120398074,-0.576304197,-0.288427025,0.998536527,-0.12117327,-0.576923788,-0.292831838,0.998891,-0.134210199,-0.584813237,-0.292584449,0.998348296,-0.13268517,-0.583646476,-0.304547429,0.998828173,-0.12668325,-0.570416033,-0.284840792,0.998823762,-0.0220090915,-0.598114729,-0.266704947,0.999417186,-0.107114144,-0.543869853,-0.185373083,0.997480869,-0.0861784369,-0.550969183,-0.25574255,0.999594569,-0.107293047,-0.513896167,-0.260055691,0.999291062,0.144538656,-0.459854364,-0.119784802,0.999973714,-0.146609128,-0.538502753,-0.0170069952,0.999838412,0.239603341,-0.243886739,-0.0898127258,0.987483621,-0.283085,-0.329820722,-0.0998179913,0.95683217,0.265773475,0.00168086402,-0.0351631679,0.996005595,-0.357958406,-0.190325797,-0.248038024,0.992492735,0.261870563,0.0530724,-0.0301075075,0.994252682,-0.352073699,-0.161675736,-0.304951698,0.990530729,0.218527675,0.0666161627,-0.0576112829,0.994884789,-0.305715531,-0.181964904,-0.320374131,0.990918219,0.254995674,0.0398155153,-0.0437384881,0.991961122,-0.340060979,-0.185393795,-0.267007858,0.98766917,0.093627,0.00088579976,0.0228425786,0.999955058,-0.0911881179,-0.00465418072,-0.0198612306,0.999939382,0.117194392,0.402874351,0.00660667475,0.943951428,-0.111443989,0.306360066,-0.0619135574,0.965443969,0.128890291,0.721112549,0.212723404,0.984479666,-0.150124267,0.692706108,0.088787809,0.984810472,0.108462639,0.753306,0.234591246,0.884759545,-0.15385659,0.727332771,0.0616219901,0.870100915,0.147497758,0.786257684,0.174705446,0.981321394,-0.183882535,0.756299376,-0.0177563988,0.979607
1850.0000000000027,-0.143891692,-0.541266203,-0.293509036,0.999450743,-0.123422347,-0.570791245,-0.311122626,0.998373449,-0.121481091,-0.570583284,-0.300008386,0.99846971,-0.122341096,-0.571118772,-0.304443896,0.998842776,-0.135227963,-0.579250276,-0.30493331,0.998308897,-0.133740604,-0.577934802,-0.31686011,0.998804331,-0.127665803,-0.564852953,-0.297032207,0.998817861,-0.0236862171,-0.593234479,-0.277487129,0.999386907,-0.108052284,-0.539827526,-0.198237106,0.997465312,-0.0879865512,-0.545594752,-0.266596586,0.999590814,-0.108881161,-0.508790791,-0.271516532,0.999297082,0.142111,-0.459656447,-0.12733151,0.999974728,-0.148253128,-0.5339486,-0.024315102,0.999849319,0.237897664,-0.246896416,-0.0954623893,0.988175392,-0.277989686,-0.314784974,-0.0949710384,0.959094763,0.26125446,-0.0050779907,-0.0408226624,0.996195495,-0.356829,-0.164298549,-0.232165694,0.992669463,0.256945312,0.0451409593,-0.0352424569,0.994388521,-0.35066545,-0.133971661,-0.287111431,0.990491569,0.213732898,0.0585904345,-0.0623730831,0.994998455,-0.307144254,-0.152907372,-0.304904133,0.99094981,0.250439048,0.032636,-0.049470488,0.992090523,-0.339222908,-0.158613473,-0.25203076,0.987698734,0.0935593843,0.00118033984,0.0228389148,0.99995631,-0.0911255479,-0.00488350121,-0.0198777374,0.999941766,0.115609117,0.402797282,0.00691120559,0.946502566,-0.115276881,0.304636538,-0.0631275401,0.967605591,0.118922345,0.72082293,0.212557271,0.984341264,-0.151253656,0.692580223,0.0845011398,0.985167146,0.0975746587,0.753023,0.234496057,0.882517219,-0.155064985,0.727144718,0.0570730343,0.871337116,0.136665657,0.785523891,0.175006509,0.980953515,-0.18823263,0.754234672,-0.0212580021,0.980111361
1866.6666666666695,-0.152460992,-0.542192936,-0.29256776,0.99938041,-0.133013055,-0.571606636,-0.309723616,0.998149097,-0.130629897,-0.571466148,-0.298672408,0.998267233,-0.131588235,-0.571986914,-0.302995116,0.998701,-0.142481163,-0.580046117,-0.303441316,0.998126209,-0.140989736,-0.578757942,-0.315580517,0.998683155,-0.134822175,-0.565693915,-0.295798063,0.998728514,-0.0349341817,-0.593358696,-0.275883794,0.999309063,-0.110960364,-0.539707124,-0.195845827,0.99728632,-0.0970311463,-0.546208441,-0.265744686,0.999569237,-0.115595303,-0.50931251,-0.270566583,0.999274313,0.134033158,-0.460874349,-0.128054798,0.99997592,-0.151784629,-0.530258894,-0.0235948917,0.999858856,0.231516585,-0.253716439,-0.0980239511,0.988671064,-0.274098486,-0.300547302,-0.0794473216,0.960181653,0.255224198,-0.0156101594,-0.0459927507,0.996322334,-0.356077194,-0.138549358,-0.198906302,0.992372334,0.252281517,0.0334057659,-0.0402555726,0.994429767,-0.349401802,-0.105193198,-0.24963589,0.989705622,0.209662125,0.0468003079,-0.0666534,0.99502492,-0.308129966,-0.123100832,-0.269285679,0.990313709,0.245142788,0.0216478445,-0.054762736,0.992073357,-0.338544726,-0.132327646,-0.219144464,0.986905038,0.0935276747,0.00126043952,0.0228346158,0.999958,-0.0910899788,-0.00494056335,-0.0198998097,0.999944389,0.114474192,0.402737647,0.00710797496,0.947701454,-0.116662972,0.302374601,-0.0705173239,0.969335258,0.116579808,0.720815,0.21242772,0.983643949,-0.151769713,0.692407072,0.0633225963,0.985288501,0.095246613,0.752980053,0.234419584,0.87620455,-0.155639827,0.726999819,0.0347289443,0.870449543,0.133413449,0.785064,0.175215214,0.979882658,-0.1898873,0.751731277,-0.0444617085,0.980357826
1883.3333333333362,-0.161222845,-0.541132808,-0.300227761,0.999287188,-0.142059371,-0.570727885,-0.318045437,0.997877836,-0.139496326,-0.570509374,-0.306897461,0.998007834,-0.140431166,-0.570935071,-0.31134522,0.998525202,-0.1516473,-0.578706145,-0.311672419,0.997885764,-0.150258571,-0.577287614,-0.323628,0.998508751,-0.144030169,-0.564318657,-0.303854,0.998600066,-0.0410618708,-0.592970729,-0.286008298,0.999191403,-0.119013183,-0.538503,-0.203863785,0.996974707,-0.104536183,-0.545292258,-0.273408622,0.999528646,-0.123632871,-0.508105,-0.277648956,0.999219477,0.128023759,-0.463294744,-0.132652059,0.999976575,-0.157212719,-0.525759697,-0.0298513789,0.999865532,0.226355717,-0.261037797,-0.101146691,0.988878667,-0.272660285,-0.289061099,-0.0709988847,0.960788608,0.250379533,-0.0223896466,-0.0510881692,0.996379435,-0.355950534,-0.11528369,-0.169959784,0.991921,0.248727366,0.0257738195,-0.0456779152,0.994358659,-0.349936038,-0.0807733312,-0.217236012,0.988499045,0.205150515,0.0412541628,-0.0709925815,0.994952083,-0.312165141,-0.0970972627,-0.238038287,0.989324927,0.240215123,0.0154732428,-0.0595785528,0.991872609,-0.33947736,-0.108232573,-0.190114245,0.985652864,0.0935224518,0.00127998227,0.0232314952,0.999958754,-0.0910813957,-0.00495690852,-0.0205154456,0.999945879,0.113698289,0.402689964,0.00902793556,0.947845578,-0.117680185,0.300975323,-0.0702457726,0.970578492,0.114377432,0.720763206,0.213484883,0.983104646,-0.153346688,0.689890921,0.0729443058,0.985003173,0.0932677314,0.753047764,0.235052392,0.871139228,-0.157305285,0.724500954,0.0444651768,0.866432846,0.133817181,0.785353541,0.175384596,0.979050577,-0.18865642,0.750837088,-0.0340774618,0.980066359
1900.000000000003,-0.170205936,-0.535832584,-0.307112753,0.99919194,-0.151506826,-0.565940559,-0.326390505,0.997604311,-0.148487583,-0.565511942,-0.315319896,0.997741938,-0.149479255,-0.565883636,-0.31978187,0.99836266,-0.160108045,-0.573491812,-0.319750637,0.997644,-0.158736765,-0.571807742,-0.331548303,0.998320043,-0.152518809,-0.559036553,-0.311650604,0.998471856,-0.0478698201,-0.589853346,-0.298273236,0.999066114,-0.124413542,-0.534374833,-0.212925956,0.996612906,-0.11268913,-0.540633559,-0.280839324,0.999489248,-0.131323233,-0.502974808,-0.284334123,0.999167681,0.120685957,-0.46410206,-0.143226787,0.999977767,-0.161281273,-0.52031368,-0.0339462198,0.999873579,0.218878239,-0.267315,-0.109361336,0.988919199,-0.270937949,-0.27861625,-0.0562744364,0.960131347,0.244174778,-0.0261980109,-0.0554570295,0.996367,-0.355585247,-0.0923075601,-0.132745206,0.991074502,0.244281948,0.020925954,-0.0494650118,0.994134724,-0.349457175,-0.0563326105,-0.175885558,0.986544609,0.199805111,0.0380086042,-0.0736212432,0.994735897,-0.313436121,-0.070690304,-0.198192716,0.987692773,0.234233513,0.0121650407,-0.0633405447,0.991416276,-0.339481741,-0.0847188458,-0.153118163,0.983541608,0.0935333,0.00129659264,0.0235541388,0.999959528,-0.0910809785,-0.00497301,-0.0210967883,0.999947488,0.113328859,0.402652502,0.011917796,0.944505095,-0.118744604,0.300994,-0.0745941326,0.971398711,0.115058556,0.721693873,0.220163763,0.980956852,-0.156781,0.691928208,0.0588814877,0.984599531,0.0942779183,0.754117429,0.241175801,0.858735919,-0.161114335,0.726799607,0.0309925023,0.859992683,0.135405049,0.785188794,0.182043642,0.976521313,-0.188939452,0.751641452,-0.053748589,0.979690492
1916.6666666666697,-0.174395084,-0.526581109,-0.345809,0.999191821,-0.156425953,-0.556620359,-0.364100724,0.997625053,-0.153306499,-0.55585,-0.352783412,0.997751117,-0.154496565,-0.556121111,-0.3570638,0.998373926,-0.166383535,-0.562956035,-0.3582986,0.997685909,-0.164963052,-0.561158836,-0.37032935,0.998342276,-0.158752263,-0.548752964,-0.349865466,0.998509705,-0.0522212125,-0.582683861,-0.32760036,0.999054849,-0.13539502,-0.524245203,-0.245966718,0.996658266,-0.116544977,-0.532238424,-0.316195846,0.999498,-0.13653405,-0.494035453,-0.321036637,0.999190748,0.115480855,-0.464264691,-0.161309063,0.99997896,-0.167719379,-0.509391546,-0.0587397,0.999882638,0.210838765,-0.269729048,-0.121402159,0.989043117,-0.269135177,-0.258468568,-0.0635408,0.96149224,0.240940183,-0.0290878061,-0.0711156279,0.996382236,-0.355384052,-0.0716679767,-0.144556761,0.991197407,0.242190242,0.0167464186,-0.0650323629,0.993993402,-0.349525899,-0.0372671038,-0.189779103,0.986278594,0.198779121,0.0342635177,-0.0897584185,0.994604349,-0.314767778,-0.0523789972,-0.212108925,0.987530708,0.231497779,0.00967506506,-0.0791986883,0.99112767,-0.33958149,-0.0645617,-0.165207714,0.983260155,0.0935975313,0.00125143724,0.0241965465,0.999960423,-0.0911522582,-0.00491180224,-0.0218830779,0.999949694,0.113230772,0.403183699,0.0202560294,0.945304811,-0.1195888,0.301010609,-0.0747562647,0.97315973,0.115795515,0.721600115,0.242883325,0.98054564,-0.161165133,0.692132175,0.0647521392,0.985073388,0.0952654406,0.754076242,0.265482843,0.854824305,-0.166135535,0.726994,0.0379662588,0.860845506,0.135036185,0.786799312,0.209227964,0.976006448,-0.192822769,0.752566516,-0.0463749766,0.980303824
1933.3333333333364,-0.175963148,-0.523593485,-0.353593469,0.999185622,-0.159688339,-0.553440452,-0.372327,0.997626364,-0.156527877,-0.552562892,-0.361020237,0.997744739,-0.157756045,-0.552862406,-0.365214467,0.998375058,-0.169540748,-0.558577776,-0.366803974,0.997708857,-0.168005079,-0.556830466,-0.378949672,0.998351514,-0.161768705,-0.544485152,-0.358403921,0.998537838,-0.0575647466,-0.581130624,-0.336372674,0.999039531,-0.139818549,-0.518381476,-0.255820125,0.996695,-0.118243121,-0.529987037,-0.324004799,0.99951005,-0.137865245,-0.490779459,-0.329375982,0.999217153,0.111740507,-0.466337919,-0.167521313,0.999980271,-0.170677215,-0.50361222,-0.0675169453,0.99989146,0.202618167,-0.274629772,-0.127804786,0.989052,-0.268114179,-0.248146296,-0.065233849,0.962595046,0.236854836,-0.0328669325,-0.086546354,0.996388,-0.355175644,-0.0543354228,-0.140809968,0.991214812,0.239185095,0.0124431057,-0.0823626369,0.993861854,-0.349247694,-0.0177521668,-0.185764849,0.985841036,0.196695134,0.0306980889,-0.107223466,0.994485,-0.313933074,-0.0324370675,-0.209269941,0.987213671,0.227923959,0.00642467663,-0.0949682295,0.990846336,-0.339399397,-0.0465981066,-0.162028477,0.982729495,0.0936017185,0.001130266,0.0249530543,0.999961555,-0.0911619738,-0.00478806254,-0.0227698162,0.999952078,0.112958923,0.405096501,0.0272325817,0.945334435,-0.119283438,0.301265538,-0.0733340606,0.974602938,0.11650832,0.722139418,0.255520016,0.97976923,-0.161083922,0.693361521,0.0677113,0.985373437,0.0960731581,0.754686356,0.278687537,0.848698795,-0.165906176,0.728242278,0.0414431728,0.859656453,0.135215238,0.788752854,0.223243132,0.975210786,-0.19193314,0.753842115,-0.0438119546,0.980742753
1950.0000000000032,-0.182612732,-0.515756845,-0.370920539,0.999184132,-0.16611287,-0.546087861,-0.38972047,0.997647166,-0.162984028,-0.545118451,-0.378094077,0.99775517,-0.16418846,-0.545355678,-0.382521421,0.998390555,-0.176727578,-0.551207125,-0.383535564,0.997742474,-0.175230592,-0.549269319,-0.395795584,0.998364091,-0.168998659,-0.536931515,-0.375134826,0.99856472,-0.0616707392,-0.576359153,-0.351067245,0.99903363,-0.147480428,-0.512991,-0.268664449,0.996727228,-0.123906597,-0.523192406,-0.340381771,0.999517143,-0.144279674,-0.483937204,-0.344803,0.999233902,0.10861142,-0.466594487,-0.177757815,0.999981225,-0.175576434,-0.497800082,-0.07932771,0.999898255,0.199904859,-0.276451856,-0.137471467,0.989204168,-0.266651392,-0.238381028,-0.0678708404,0.964023948,0.233024091,-0.0373510607,-0.0932754576,0.996434212,-0.352032691,-0.0360228159,-0.14400892,0.99126786,0.235042915,0.00661566667,-0.0890432447,0.993823,-0.345936239,0.00241919886,-0.18868117,0.985436559,0.192259446,0.0257946532,-0.113648556,0.994450569,-0.312618911,-0.0114515796,-0.211892009,0.986923575,0.224124312,0.00203279243,-0.101557933,0.990722775,-0.336567611,-0.0275860708,-0.165002748,0.982303083,0.0935912207,0.00097632606,0.0250218883,0.999962151,-0.0911556706,-0.00459393766,-0.0228990894,0.999953628,0.111439951,0.405072451,0.0266420078,0.946136475,-0.12119212,0.302202195,-0.0727033392,0.975801408,0.111494116,0.722057402,0.250808895,0.979498744,-0.160737351,0.693672717,0.0776946917,0.985561371,0.090870671,0.754642,0.273632228,0.845152259,-0.165451825,0.728502691,0.0538859,0.859469652,0.128531441,0.788920701,0.217282116,0.974825084,-0.19328706,0.754618824,-0.0302962,0.981013834
1966.66666666667,-0.183879569,-0.503861129,-0.412305474,0.999218881,-0.168943524,-0.534456372,-0.429044694,0.997761428,-0.166011989,-0.533284187,-0.417019963,0.997855902,-0.167155266,-0.533481479,-0.421223938,0.998465896,-0.181502074,-0.53831321,-0.424449086,0.997863,-0.180020079,-0.536290467,-0.437135428,0.998443604,-0.17387411,-0.523942709,-0.416037887,0.998641789,-0.066412583,-0.569162846,-0.377632767,0.999067783,-0.162415966,-0.501074374,-0.303855211,0.996866167,-0.125466079,-0.512850225,-0.376735538,0.999539852,-0.147699565,-0.472681731,-0.383935422,0.999272883,0.103860974,-0.466623157,-0.196658328,0.999982297,-0.185689151,-0.48690024,-0.106612697,0.999904871,0.196422875,-0.278316528,-0.151046798,0.98949188,-0.26506719,-0.22270149,-0.0885678232,0.96579504,0.230452776,-0.038360808,-0.106004037,0.996510446,-0.349812627,-0.0209790058,-0.157839581,0.991517246,0.232614279,0.00541647244,-0.101500392,0.99382329,-0.344204932,0.0157842245,-0.205011785,0.985439599,0.189572126,0.0252717622,-0.127103537,0.994461179,-0.312266171,0.00181026151,-0.226543471,0.986995935,0.221525088,0.00141572324,-0.114406958,0.990695238,-0.33462432,-0.0126573471,-0.178370431,0.982302785,0.0936721191,0.000530970749,0.025593942,0.999961853,-0.0912851244,-0.00414258847,-0.0235248394,0.999954283,0.11145556,0.404870957,0.0298293978,0.94692111,-0.122614749,0.302985609,-0.0568718389,0.9767313,0.111394227,0.720689416,0.254904091,0.979296923,-0.16736877,0.693631411,0.102890916,0.985785902,0.09105625,0.753547132,0.278019279,0.842587471,-0.172576144,0.728459358,0.0804824308,0.858203292,0.12734291,0.788817644,0.218137458,0.974716187,-0.195941687,0.754647076,-0.0108326944,0.98129642
1983.3333333333367,-0.192110866,-0.504068792,-0.399692804,0.999233,-0.178053096,-0.534899116,-0.416526794,0.997817099,-0.174893618,-0.533751249,-0.404759765,0.997898936,-0.176059321,-0.533961177,-0.40906018,0.998502851,-0.190428361,-0.538690269,-0.411706299,0.997933269,-0.188926801,-0.536738634,-0.424221545,0.998486698,-0.182651356,-0.524533927,-0.403297246,0.998689175,-0.0756697208,-0.568974316,-0.369052678,0.999077737,-0.169975162,-0.500215709,-0.293161839,0.996938884,-0.133605793,-0.512978137,-0.365928799,0.999554157,-0.155608237,-0.472562522,-0.372571796,0.999299347,0.0965046063,-0.468009889,-0.191875324,0.999983251,-0.19219701,-0.483256191,-0.100217529,0.99991107,0.191397443,-0.284163386,-0.148496583,0.989641309,-0.265082449,-0.216532469,-0.0886101574,0.966974437,0.228453279,-0.0436752848,-0.105061308,0.996574521,-0.346625328,-0.0119746923,-0.155228063,0.991627455,0.231355757,0.000298756,-0.101099186,0.993831277,-0.340257704,0.0259630252,-0.201116502,0.985263288,0.188066348,0.0216240827,-0.126211494,0.994471848,-0.308885664,0.0120969228,-0.224234924,0.986900389,0.219669983,-0.00311417459,-0.11342226,0.990660369,-0.331298411,-0.00355763477,-0.176457554,0.98205322,0.0936785638,-0.000163533929,0.0264101084,0.999962389,-0.0913029388,-0.00346047571,-0.0244147126,0.999955654,0.111211576,0.403901726,0.0350070894,0.946462393,-0.122264139,0.30347389,-0.057555344,0.977690279,0.109132938,0.719865918,0.261541843,0.978778422,-0.167803958,0.693642855,0.0947656184,0.986050487,0.0890823752,0.752990186,0.284640729,0.840232491,-0.173271373,0.728406787,0.0717531,0.857594728,0.12810266,0.786829054,0.224907458,0.974291086,-0.195856422,0.754326522,-0.0234795064,0.981671214
2000.0000000000034,-0.198521599,-0.501421809,-0.419057101,0.999264061,-0.185251072,-0.53201431,-0.436298579,0.997923732,-0.182197228,-0.530674279,-0.424130917,0.997996569,-0.1835,-0.530895114,-0.428510845,0.998573184,-0.197868824,-0.535064936,-0.43113026,0.998043656,-0.196423963,-0.533196807,-0.443992317,0.998562336,-0.190042049,-0.52103281,-0.422564507,0.998760045,-0.0836545378,-0.566732466,-0.387907952,0.999118507,-0.177179888,-0.49537304,-0.311160386,0.997086406,-0.139897898,-0.510814786,-0.385050416,0.999578118,-0.161519572,-0.470064104,-0.391674638,0.99933809,0.0903493166,-0.468899,-0.207491204,0.999984145,-0.197548,-0.478156447,-0.113192856,0.999916911,0.185117364,-0.287816405,-0.163133204,0.989965618,-0.26422739,-0.209041163,-0.0954302549,0.968597293,0.22570695,-0.0459926464,-0.123120353,0.996611536,-0.344043761,-0.00160892203,-0.160282269,0.991857231,0.229091808,-0.00199333695,-0.12081404,0.993782759,-0.337466538,0.0373767391,-0.206819192,0.985301316,0.186303958,0.0201596785,-0.146591738,0.994432,-0.306676835,0.0231049173,-0.229783982,0.986968517,0.217424259,-0.00483383611,-0.132202074,0.990549266,-0.328832209,0.00722921593,-0.181616664,0.9820382,0.0935805961,-0.000981881283,0.0263301712,0.999963582,-0.091257371,-0.0026107321,-0.0243276302,0.99995774,0.111274458,0.402961224,0.0396213718,0.949295163,-0.121824816,0.306454778,-0.032129582,0.979069173,0.108424783,0.717251301,0.273187459,0.97946924,-0.16717732,0.697189033,0.114294857,0.986848533,0.0885368735,0.750739157,0.297284,0.843738,-0.172404319,0.73208493,0.0905003,0.863885224,0.126718566,0.785946786,0.239268243,0.97501725,-0.201088,0.755877614,-0.00132274092,0.982638299
2016.6666666666702,-0.203201592,-0.491828024,-0.431406677,0.999296963,-0.190167382,-0.522394598,-0.449777,0.998032928,-0.187308863,-0.520971477,-0.43747896,0.998098135,-0.188569561,-0.521161139,-0.441868573,0.998646557,-0.202704161,-0.525170386,-0.444067299,0.998154163,-0.201207191,-0.523228228,-0.456970662,0.998639107,-0.194744483,-0.511068404,-0.435499936,0.998830378,-0.0886649713,-0.559956312,-0.401858211,0.999162197,-0.180391133,-0.487044275,-0.323581129,0.99723959,-0.144539,-0.502546608,-0.397189289,0.999603,-0.165414646,-0.461561173,-0.403328776,0.999377906,0.0877162591,-0.468868703,-0.216721326,0.999985099,-0.201419055,-0.471780568,-0.122818872,0.999922574,0.183363602,-0.287611932,-0.170191348,0.99030596,-0.264215738,-0.200150982,-0.104172409,0.970414221,0.223946422,-0.0465450771,-0.130112022,0.996682286,-0.340552211,0.010502439,-0.162945017,0.992161095,0.226991281,-0.00291978568,-0.128138572,0.993814111,-0.332838356,0.0500883609,-0.210633069,0.985515535,0.184806719,0.0193268582,-0.154154792,0.994466543,-0.301362306,0.0355067439,-0.232096791,0.987192273,0.216106206,-0.00544744637,-0.139293402,0.990558743,-0.325038791,0.0195382684,-0.183560967,0.98224926,0.0935632214,-0.00149923319,0.0259994548,0.999964714,-0.09125828,-0.00207717693,-0.0239763316,0.999959648,0.111311495,0.402937591,0.0371636525,0.952467859,-0.121828981,0.309741378,-0.0248275883,0.980360389,0.10860531,0.717303038,0.268733114,0.980454743,-0.16755195,0.699664414,0.129446283,0.987611413,0.0887011,0.750890195,0.292310715,0.848158896,-0.173316762,0.734548569,0.106219694,0.869939744,0.12410064,0.787888169,0.236528039,0.976142704,-0.209845871,0.757992208,0.0157776251,0.983618557
2033.333333333337,-0.2083406,-0.490050286,-0.432945192,0.999340475,-0.195703551,-0.520347416,-0.450800747,0.998168707,-0.192947194,-0.518899381,-0.438465238,0.998226643,-0.194260925,-0.519032955,-0.442791402,0.998738408,-0.208299845,-0.522900701,-0.44493103,0.99828577,-0.206902906,-0.521086097,-0.457940668,0.998733342,-0.200179964,-0.5089432,-0.436443597,0.998913765,-0.09479063,-0.558122814,-0.402168632,0.999218404,-0.185777098,-0.484633505,-0.324058294,0.997428954,-0.149703965,-0.501000524,-0.398831278,0.999632,-0.170111969,-0.460118711,-0.405077785,0.999423087,0.0840182379,-0.469170481,-0.216329202,0.999986053,-0.207394093,-0.468827456,-0.124616086,0.999928057,0.179614753,-0.288857043,-0.169497892,0.990711868,-0.263043076,-0.194177628,-0.106073789,0.972173,0.223150849,-0.0482849702,-0.134893581,0.996796191,-0.33582285,0.0133482814,-0.165258318,0.992520928,0.226646349,-0.00496464502,-0.134180486,0.993952334,-0.327536702,0.0520522445,-0.21321097,0.98592639,0.184768349,0.0180576444,-0.160674155,0.994594812,-0.296139538,0.0358262882,-0.233742774,0.987574637,0.215669408,-0.00689107133,-0.144469067,0.990727901,-0.320460528,0.0219224636,-0.185474992,0.982643604,0.0935262442,-0.0021224278,0.0258962959,0.999966204,-0.0912536383,-0.00142201257,-0.0238411427,0.999961734,0.111322746,0.402247369,0.037030302,0.955764592,-0.121753767,0.311536729,-0.0109065603,0.981607914,0.107055306,0.716724396,0.269678175,0.981548786,-0.167318583,0.70012635,0.158633232,0.988309085,0.0872566402,0.750585437,0.293837577,0.854675293,-0.173230335,0.734932184,0.137068182,0.876010418,0.123260379,0.787134886,0.235685781,0.977424,-0.213436306,0.757929146,0.0516858101,0.984505534
2050.0000000000036,-0.212053031,-0.484785825,-0.4436526,0.999381125,-0.199558631,-0.515452564,-0.461498469,0.998293281,-0.196706429,-0.513966262,-0.449194908,0.998345196,-0.197987393,-0.514117777,-0.453572392,0.99882412,-0.212410405,-0.51792413,-0.455746949,0.998404801,-0.210812777,-0.515985489,-0.468695164,0.998818099,-0.20411326,-0.504171908,-0.447139621,0.998988152,-0.0979693606,-0.554510653,-0.411326498,0.999269783,-0.189528406,-0.480296046,-0.332818508,0.997594237,-0.153258622,-0.496555924,-0.408580303,0.999658704,-0.173549011,-0.455399483,-0.414939642,0.999464512,0.0813579708,-0.469152,-0.221125364,0.999987,-0.211434796,-0.463990867,-0.13053745,0.999933064,0.17943415,-0.288437933,-0.170677051,0.991233349,-0.263234556,-0.185629502,-0.1108739,0.973913431,0.223671347,-0.0481387749,-0.13357386,0.996980786,-0.33298102,0.0278289579,-0.166082546,0.992874682,0.227093875,-0.00498798816,-0.132325858,0.994238377,-0.323624104,0.0673237145,-0.213564411,0.986324966,0.18518047,0.0181926545,-0.15873453,0.994855285,-0.291560441,0.0511749201,-0.236079186,0.987953722,0.216176018,-0.00673552323,-0.142947763,0.991134107,-0.317021281,0.0363478959,-0.18737267,0.983069956,0.0935548469,-0.00280902581,0.0259575434,0.999967396,-0.0913227871,-0.000761313946,-0.0239024013,0.999963403,0.11181137,0.4028247,0.0365228392,0.958661556,-0.123086683,0.314579308,-0.0121491728,0.982904,0.107195243,0.721128106,0.267663121,0.982643425,-0.169179827,0.706947744,0.150686249,0.989056289,0.0875246823,0.75603354,0.291679829,0.860954,-0.175342336,0.741989791,0.127282634,0.881966889,0.125375405,0.792062104,0.232562885,0.978742182,-0.215587482,0.765129268,0.050656531,0.985486925
2066.66666666667,-0.214438394,-0.483333617,-0.440906048,0.999420762,-0.201801047,-0.513830721,-0.458326936,0.99841404,-0.199139297,-0.512390196,-0.446076125,0.998459816,-0.200345233,-0.512519598,-0.450445235,0.99890548,-0.215039879,-0.516238868,-0.452251077,0.998521268,-0.213458106,-0.51431495,-0.465117186,0.998902261,-0.206627667,-0.502449632,-0.443787634,0.999062121,-0.0993704349,-0.553408086,-0.407817721,0.999319375,-0.191676572,-0.478593647,-0.328466654,0.997768044,-0.155348763,-0.495243728,-0.405715674,0.999684393,-0.175622359,-0.453989595,-0.411712259,0.999504626,0.0810553432,-0.469313592,-0.217314124,0.999987781,-0.213993937,-0.461716086,-0.128710806,0.999937654,0.180623293,-0.289707601,-0.167577639,0.991665542,-0.263342679,-0.182780325,-0.109857991,0.975761354,0.224160805,-0.0500397831,-0.13169302,0.997122943,-0.329753846,0.0299317036,-0.166047,0.993311286,0.227437183,-0.00718529243,-0.130649239,0.994455874,-0.319197744,0.069019936,-0.213233292,0.98696059,0.185497493,0.0164735895,-0.156855062,0.99505353,-0.286639124,0.0518068522,-0.236650258,0.988526,0.216582701,-0.00874721073,-0.14091292,0.991440177,-0.313391626,0.0381370075,-0.187662125,0.983798444,0.0937195569,-0.00308942189,0.0259606782,0.999968648,-0.0915722623,-0.000470796716,-0.0239046421,0.999965131,0.111975804,0.402903259,0.0347378813,0.961916447,-0.126934409,0.315867096,-0.0162450913,0.984237313,0.107371569,0.721232355,0.265919924,0.983958542,-0.169855341,0.706657231,0.164765015,0.989817,0.0877205133,0.756301165,0.290257424,0.868990898,-0.175882325,0.741607845,0.144794315,0.888382554,0.124717705,0.793378115,0.223578066,0.980311,-0.21484822,0.768020809,0.060479302,0.986474633
2083.3333333333367,-0.215698898,-0.478929102,-0.446705133,0.999448359,-0.202999145,-0.509503245,-0.46355772,0.998503268,-0.200402603,-0.508095622,-0.451144695,0.998543441,-0.201566696,-0.508164823,-0.45569247,0.99896574,-0.217035219,-0.511984289,-0.457711399,0.998607755,-0.215516254,-0.509954631,-0.47059,0.9989627,-0.208642289,-0.498038143,-0.449290156,0.999116182,-0.100456849,-0.551348627,-0.409183621,0.999354899,-0.196246818,-0.475839198,-0.331593215,0.99789083,-0.156578839,-0.491856128,-0.410047561,0.999703288,-0.177583873,-0.450503975,-0.416357547,0.999533474,0.0808592215,-0.469485313,-0.216395512,0.999988317,-0.218042,-0.460066974,-0.130912855,0.999940932,0.181601822,-0.290296495,-0.166518331,0.992012739,-0.263519466,-0.181583539,-0.109970666,0.977304399,0.225391284,-0.0520760342,-0.13167423,0.997239053,-0.327058554,0.0311962329,-0.167009786,0.993617296,0.228975102,-0.00968223158,-0.130565763,0.994627714,-0.315208882,0.0703060552,-0.214219376,0.987316132,0.187957555,0.014043536,-0.15690203,0.995213628,-0.281966478,0.0527150482,-0.23772189,0.988854647,0.218601212,-0.0110118901,-0.140954539,0.991688,-0.310233,0.0391184688,-0.188681096,0.9841941,0.0938243493,-0.00330219674,0.0259032026,0.999969244,-0.0917279199,-0.000233751576,-0.0238436237,0.999966085,0.111856423,0.402897447,0.0341237597,0.964623034,-0.130231202,0.315746635,-0.0169200078,0.985313475,0.106420986,0.72130847,0.265454829,0.985056102,-0.170989081,0.706465542,0.172183692,0.99043256,0.086592555,0.756532609,0.289592445,0.875424683,-0.177015901,0.741484165,0.152929768,0.893588662,0.12119282,0.793974221,0.22005938,0.981597066,-0.218088865,0.767626,0.0675860941,0.987256587
2100.000000000003,-0.217229694,-0.477447748,-0.444302976,0.999479771,-0.204729259,-0.508263409,-0.461117804,0.998595893,-0.201973,-0.506863892,-0.44881174,0.998629749,-0.203167364,-0.506967664,-0.453313082,0.999027729,-0.218959466,-0.510693908,-0.455374837,0.998698235,-0.217349604,-0.50866878,-0.468156934,0.999027789,-0.210473374,-0.4968777,-0.446911931,0.99917388,-0.102155417,-0.550966561,-0.406626672,0.999389768,-0.198503628,-0.475200951,-0.328964829,0.99801755,-0.158220053,-0.490843475,-0.407540739,0.999722064,-0.179236919,-0.449324518,-0.41393888,0.999562919,0.0792770833,-0.470134318,-0.214338705,0.999988914,-0.221230149,-0.46003139,-0.127700329,0.999944568,0.182304338,-0.292457789,-0.165153906,0.992265,-0.265271753,-0.180707112,-0.108687192,0.978512943,0.227993622,-0.0537132099,-0.1311488,0.997311592,-0.327076674,0.0343650244,-0.165898308,0.993862748,0.232273012,-0.0114760306,-0.130172625,0.994705856,-0.314837337,0.0734913871,-0.213090464,0.987578154,0.191347107,0.0125636021,-0.156415313,0.995289862,-0.281452984,0.0552366972,-0.237116724,0.989101648,0.221739948,-0.0126545886,-0.140353635,0.991777599,-0.310113221,0.0419776142,-0.187905043,0.984427392,0.0938712284,-0.00350256497,0.0259479359,0.999969721,-0.091805838,-5.08867706e-005,-0.0238931067,0.999966919,0.111695834,0.404803574,0.0338010788,0.966409326,-0.131008014,0.315582156,-0.0180419609,0.986131966,0.106097668,0.729849279,0.259789348,0.985764921,-0.171895042,0.706230164,0.165234774,0.990831,0.0863116831,0.766126,0.282883078,0.878961086,-0.177892849,0.741195202,0.144427866,0.896211922,0.121117361,0.798406303,0.209424496,0.982470036,-0.217649937,0.76734972,0.0623453781,0.987796307
2116.6666666666697,-0.216220587,-0.476853967,-0.445903689,0.999507487,-0.203511834,-0.507425249,-0.462488055,0.998677969,-0.200743437,-0.506026864,-0.45015797,0.998706043,-0.201938227,-0.506130397,-0.454663098,0.999083817,-0.217690393,-0.510051548,-0.456997246,0.998778343,-0.21609053,-0.508014619,-0.469732881,0.999084473,-0.209212184,-0.496269047,-0.448498696,0.999224424,-0.101446778,-0.549729884,-0.406828463,0.999421418,-0.197594091,-0.474526644,-0.330248058,0.998126388,-0.157545239,-0.490144074,-0.408764362,0.999739528,-0.178478733,-0.448825657,-0.415443957,0.999590039,0.0795671791,-0.470308036,-0.213791028,0.99998951,-0.222287595,-0.458634824,-0.127141982,0.999947846,0.183841273,-0.29501608,-0.16421926,0.992553115,-0.265264124,-0.177430451,-0.108506419,0.979601204,0.231685624,-0.0559379421,-0.13071698,0.997395754,-0.322864562,0.0399000756,-0.16581881,0.994051039,0.235698923,-0.0134970602,-0.129939228,0.99480933,-0.309336036,0.0796832219,-0.213010803,0.987733126,0.194641143,0.0110087758,-0.156351045,0.995388925,-0.275909603,0.0613401085,-0.237278298,0.989254475,0.225596204,-0.0147880176,-0.139963,0.991910338,-0.305631161,0.0476772748,-0.187944159,0.98452729,0.0939122289,-0.00366437552,0.0258439127,0.999970555,-0.0918752924,0.000119031152,-0.023790434,0.999967933,0.11184594,0.405061662,0.0265143365,0.96833235,-0.131441042,0.315497279,-0.0200751349,0.986818492,0.106362373,0.731306851,0.24690114,0.986494958,-0.172198921,0.706017733,0.159994274,0.991214633,0.08662422,0.767665267,0.269358426,0.882464767,-0.178310454,0.740960121,0.139027566,0.899094701,0.121381037,0.798486352,0.193888023,0.983357906,-0.220190778,0.765038,0.0538452081,0.988321304
2133.333333333336,-0.217883095,-0.476113468,-0.448050082,0.999535918,-0.204938412,-0.506614447,-0.465610117,0.998763561,-0.202285782,-0.505173683,-0.453201115,0.998788834,-0.203465581,-0.505299151,-0.457760066,0.999143422,-0.218764648,-0.509435177,-0.459415019,0.998857915,-0.2171776,-0.507412314,-0.472272485,0.999141812,-0.210174546,-0.495598823,-0.450957924,0.999273419,-0.10290949,-0.548636556,-0.413499027,0.999459386,-0.196477696,-0.473825723,-0.334111959,0.998241425,-0.159212515,-0.489343435,-0.4121508,0.999757707,-0.179292321,-0.448285282,-0.418091863,0.999617219,0.0790534839,-0.470422626,-0.219947219,0.999990106,-0.222063318,-0.457982779,-0.130244985,0.999950767,0.183976635,-0.296857506,-0.170314819,0.992918491,-0.2648063,-0.177885056,-0.10970851,0.980606914,0.232506588,-0.0591224506,-0.138291582,0.997509956,-0.317867458,0.0392754748,-0.167771295,0.994205475,0.236359507,-0.0165394321,-0.138167396,0.994995415,-0.303327441,0.0798361599,-0.214855567,0.987877786,0.195242301,0.00842903368,-0.164445356,0.995556295,-0.269711316,0.0612730198,-0.239793912,0.98939079,0.226561263,-0.0179630909,-0.147494197,0.992167354,-0.300515682,0.0472977608,-0.190224797,0.984643221,0.093861565,-0.00378866191,0.0253503956,0.999971747,-0.0918543562,0.000255299266,-0.0233125053,0.999969184,0.11161156,0.404951185,0.0239287782,0.970659554,-0.131757334,0.314621061,-0.014417626,0.987634361,0.106011689,0.731047,0.241855249,0.987469614,-0.17144762,0.705903292,0.17345348,0.99173075,0.086291261,0.76730746,0.26426509,0.889003932,-0.177522376,0.740779281,0.153256238,0.904109597,0.121399961,0.798344135,0.190300792,0.984520435,-0.22004655,0.764868379,0.0698771924,0.989002526
2150.0000000000027,-0.218260452,-0.473315567,-0.460468382,0.999563694,-0.204830751,-0.503531694,-0.477538228,0.998845696,-0.202224135,-0.50200659,-0.465049982,0.99886626,-0.203426808,-0.502129078,-0.469451845,0.999198854,-0.218978941,-0.50669539,-0.471132278,0.998935878,-0.21740894,-0.504692793,-0.484129727,0.999198139,-0.210378513,-0.492889702,-0.462667108,0.999322534,-0.102194108,-0.545363069,-0.421613336,0.999492645,-0.196595594,-0.472104877,-0.34252128,0.998353481,-0.159606367,-0.486459672,-0.42330873,0.999774098,-0.179893211,-0.446056336,-0.42930302,0.99964273,0.0791497827,-0.469869107,-0.223227724,0.999990582,-0.222806081,-0.45673424,-0.136846572,0.999953568,0.185688034,-0.296787024,-0.171794251,0.993129849,-0.26365608,-0.176307619,-0.113916859,0.981571257,0.235082448,-0.0595670827,-0.142558694,0.9975546,-0.315085977,0.0411902703,-0.174755,0.994390905,0.238515064,-0.01736046,-0.143243819,0.99503535,-0.300902694,0.0811437443,-0.222377658,0.988066852,0.197286531,0.00757306907,-0.169932783,0.995598197,-0.267253548,0.0625844374,-0.247438759,0.989568472,0.229152381,-0.0185026769,-0.151936471,0.992204785,-0.297791,0.049408067,-0.197423369,0.984783173,0.093870528,-0.00388703169,0.0253165644,0.999972403,-0.0918909237,0.000360463891,-0.0232644305,0.99997,0.111940652,0.404713809,0.0223476421,0.972476,-0.132296756,0.31452921,-0.00880651362,0.98822,0.107521906,0.7304672,0.241847187,0.988147676,-0.17133455,0.705727518,0.185813814,0.992065966,0.0879578143,0.76687026,0.26441443,0.892819524,-0.177389607,0.74059236,0.166615859,0.906949341,0.121515371,0.79764396,0.190985575,0.985343099,-0.220174879,0.764734,0.0812181085,0.989442766
2166.6666666666692,-0.217693776,-0.466607362,-0.476745814,0.999593377,-0.204026118,-0.496909171,-0.493062794,0.998927236,-0.201413333,-0.495308429,-0.480568439,0.99894309,-0.202613279,-0.495478839,-0.484726608,0.999254,-0.21820879,-0.499628246,-0.487789214,0.999013901,-0.216609731,-0.497585,-0.500845969,0.999255,-0.209625781,-0.48594889,-0.47926569,0.999372,-0.101604901,-0.541227877,-0.430287033,0.99952358,-0.198428556,-0.466529071,-0.356231809,0.998461127,-0.15891704,-0.480947524,-0.4366889,0.999789476,-0.179259956,-0.440198213,-0.444292337,0.999667287,0.0787407905,-0.469421178,-0.22779654,0.999991059,-0.22425808,-0.454376638,-0.144428819,0.999956489,0.185957,-0.296470642,-0.173877493,0.993279815,-0.263588965,-0.172233939,-0.120405264,0.982361257,0.237593234,-0.0591115318,-0.144821867,0.997537613,-0.314017773,0.0479645021,-0.186010972,0.994478047,0.241516113,-0.0170191769,-0.145262063,0.994916856,-0.299908847,0.0873836353,-0.234929904,0.988018,0.201145872,0.0083336,-0.17249696,0.995508432,-0.266086817,0.0689457208,-0.259493858,0.989550054,0.232205987,-0.0177627541,-0.15419437,0.9920187,-0.296569169,0.0561551228,-0.208916053,0.984595776,0.0938646048,-0.0040074666,0.0254408978,0.999972463,-0.0918992,0.000462798751,-0.0233662948,0.999970376,0.112216495,0.405825615,0.0206704699,0.973257244,-0.132178545,0.314482272,-0.00912113488,0.988417625,0.108657613,0.731980681,0.240429193,0.98823452,-0.171610698,0.705709577,0.179703772,0.992054939,0.0894816369,0.768215179,0.26315558,0.892418385,-0.1776537,0.740508676,0.159591436,0.905593693,0.122433461,0.797532856,0.188839018,0.985561609,-0.220045194,0.762559652,0.0803118199,0.989478
2183.3333333333358,-0.21547991,-0.467167228,-0.480360299,0.999617815,-0.202357367,-0.497340947,-0.495391428,0.998996615,-0.199654296,-0.495715261,-0.482875139,0.999007702,-0.201008812,-0.495878339,-0.487060636,0.999299705,-0.217628941,-0.499784946,-0.490509897,0.999081314,-0.215967551,-0.497848898,-0.503621221,0.999304056,-0.208933771,-0.486260325,-0.481925249,0.99941504,-0.10071227,-0.541004717,-0.430128336,0.999549,-0.197941363,-0.465567857,-0.357465774,0.998555958,-0.157284021,-0.481217593,-0.439666331,0.999802768,-0.178331226,-0.440403163,-0.44780913,0.999688804,0.0793856755,-0.46912241,-0.228588551,0.999991417,-0.224019676,-0.453634828,-0.144804925,0.99995923,0.188319504,-0.296261966,-0.175291464,0.993353903,-0.262292176,-0.17114751,-0.120123275,0.983051956,0.245632872,-0.058934927,-0.150605246,0.997482777,-0.310542822,0.0489660203,-0.187786445,0.994617105,0.250540018,-0.0168037619,-0.151977524,0.994755864,-0.296425283,0.0893686414,-0.236940652,0.988153636,0.211058095,0.00898841769,-0.179815695,0.995376766,-0.261965722,0.0708447,-0.261785328,0.989677072,0.24055475,-0.0172535647,-0.160273209,0.991758227,-0.292683959,0.0573944673,-0.21100843,0.984645605,0.0940108448,-0.00408491725,0.02543802,0.999973178,-0.0921131596,0.000532487116,-0.0233484972,0.999971509,0.115536295,0.40710938,0.0209345073,0.974504352,-0.131225616,0.313854337,-0.00988854747,0.988933742,0.113841049,0.732405126,0.244782984,0.988675058,-0.170517474,0.705652595,0.176185474,0.992373884,0.0952061638,0.768649161,0.268339276,0.894809783,-0.176580578,0.740448058,0.155402765,0.908219397,0.126698732,0.799139857,0.195663691,0.986103535,-0.219828591,0.76249,0.0763012543,0.989878953
2200.0000000000023,-0.214515045,-0.468374521,-0.474156737,0.999628663,-0.201893821,-0.498209029,-0.490199804,0.999030948,-0.199218377,-0.496543676,-0.477746814,0.999037862,-0.200558394,-0.496702462,-0.482008427,0.999321043,-0.21744743,-0.500168264,-0.484740376,0.999118626,-0.215778053,-0.498271495,-0.497772187,0.999330342,-0.208742082,-0.48673594,-0.476183712,0.999439776,-0.100246079,-0.541810811,-0.429489762,0.999559939,-0.19768402,-0.466389865,-0.353659332,0.998609,-0.156860203,-0.48250246,-0.435044318,0.999810636,-0.178010091,-0.441366822,-0.442344576,0.99970156,0.0796380192,-0.469578117,-0.228168011,0.999991655,-0.224201947,-0.454255283,-0.143363908,0.999961,0.188458651,-0.29731378,-0.174848,0.993439615,-0.260420591,-0.17281118,-0.11734651,0.983526409,0.247552261,-0.0592896789,-0.148738682,0.997438,-0.309200108,0.0459333062,-0.183770597,0.994699955,0.253133059,-0.0170090608,-0.149739102,0.99463135,-0.295796216,0.0861056,-0.231892154,0.988217175,0.213860586,0.00901441555,-0.177311599,0.995273352,-0.262161851,0.0679262131,-0.257651389,0.989739537,0.242604658,-0.017513277,-0.158323616,0.991569698,-0.291826278,0.0542874858,-0.207041115,0.984670758,0.094164148,-0.00410367595,0.0254236907,0.999973953,-0.0923056751,0.000550729339,-0.0233307295,0.999972463,0.117660515,0.407309324,0.0217433386,0.976058841,-0.130176961,0.312375873,-0.0115445945,0.989572,0.116521329,0.732211292,0.248430654,0.989310503,-0.169389158,0.704770386,0.174271151,0.992766678,0.0980120599,0.768404245,0.272454351,0.898687899,-0.175469115,0.739639461,0.15399842,0.911530375,0.129628912,0.799173951,0.199776977,0.98682791,-0.218669489,0.762285411,0.0701740533,0.990357101
2216.666666666669,-0.211229548,-0.468662947,-0.471222937,0.999647737,-0.198786393,-0.498690158,-0.486510843,0.999082625,-0.196009338,-0.497057855,-0.474125713,0.999085069,-0.197329432,-0.497196674,-0.478375971,0.99935472,-0.215370655,-0.500922918,-0.48150751,0.999170542,-0.213615283,-0.499028236,-0.494492203,0.999368131,-0.206558913,-0.487352759,-0.472978085,0.999473631,-0.0980463848,-0.542178214,-0.428076744,0.99957639,-0.197347656,-0.467114121,-0.350750774,0.998682916,-0.15410088,-0.482710153,-0.431724817,0.999820828,-0.176106989,-0.441742033,-0.439478368,0.999718666,0.0813316554,-0.469206,-0.225618109,0.999991894,-0.224372283,-0.454354823,-0.141792774,0.999963224,0.190357208,-0.295987338,-0.172780752,0.993535042,-0.260112345,-0.172589198,-0.116050951,0.98423,0.250877708,-0.0582226776,-0.147623554,0.997447848,-0.308728784,0.0458478034,-0.183232144,0.994906664,0.256406456,-0.0159018841,-0.148551971,0.99461925,-0.295462906,0.0859715939,-0.23148644,0.988566518,0.217164963,0.00997620914,-0.176180109,0.99527353,-0.26183176,0.0674230307,-0.257512629,0.990054548,0.245713517,-0.0166192092,-0.157218069,0.991559565,-0.291262954,0.0539151169,-0.206600219,0.985056698,0.0945591107,-0.00412205048,0.0256862026,0.99997443,-0.0927589238,0.000567740819,-0.0236039497,0.999973297,0.118887179,0.408935279,0.0218767207,0.977024198,-0.128498912,0.312358707,-0.0236793291,0.990074277,0.121923208,0.734727,0.24728626,0.989750683,-0.169079959,0.705651641,0.160538197,0.993063331,0.103957221,0.771188378,0.270912141,0.900900841,-0.175227746,0.740537584,0.140452236,0.913265,0.135987133,0.80058,0.195919901,0.987396717,-0.217039913,0.762350857,0.0451042615,0.99074918
2233.3333333333353,-0.204206109,-0.469208717,-0.472377568,0.999667525,-0.190711528,-0.499244928,-0.486575723,0.999137044,-0.187829018,-0.497643203,-0.474191666,0.999135554,-0.189124689,-0.497809708,-0.478481203,0.999391198,-0.2085125,-0.501676559,-0.482186586,0.999222696,-0.206729501,-0.499738753,-0.495091289,0.999405324,-0.19968231,-0.488084882,-0.473644346,0.999506354,-0.0892495587,-0.542234421,-0.425558329,0.999595404,-0.195603848,-0.467397958,-0.349759102,0.998755872,-0.147223681,-0.482985198,-0.431507379,0.999829948,-0.170630991,-0.442100406,-0.439809173,0.999733746,0.0867686123,-0.467865586,-0.224638775,0.999992073,-0.224093616,-0.454273283,-0.140810773,0.999964952,0.193915054,-0.294052154,-0.170587391,0.993621,-0.258981407,-0.173378035,-0.11563278,0.984848619,0.253303587,-0.0575625673,-0.144907981,0.99747169,-0.307504565,0.0452194251,-0.179609194,0.995040596,0.258216441,-0.0152359484,-0.144860789,0.994643927,-0.294214308,0.0858003,-0.226780951,0.988744795,0.219371676,0.0103341062,-0.173102,0.995304465,-0.260280609,0.0673142225,-0.25308162,0.990219295,0.248122618,-0.016262142,-0.154504344,0.991623,-0.289899677,0.0532598756,-0.202770844,0.985272169,0.0948691294,-0.00410757633,0.0257503502,0.999974608,-0.0930885,0.00055631937,-0.023688538,0.999973655,0.11943461,0.40890637,0.0193581861,0.977839053,-0.128380731,0.310220271,-0.033383552,0.990453362,0.123922192,0.734537601,0.236464575,0.990120709,-0.168025509,0.704678178,0.15251644,0.993258417,0.105811656,0.770952404,0.258830041,0.902424335,-0.174177587,0.739595,0.132639155,0.91435951,0.136634707,0.800486267,0.182993621,0.987867475,-0.216248363,0.761166394,0.0385443345,0.991017282
2250.000000000002,-0.19662793,-0.470056981,-0.470802248,0.999685764,-0.183590248,-0.500031233,-0.485855848,0.999186337,-0.180751592,-0.498489648,-0.4734433,0.999181151,-0.18199648,-0.498658955,-0.477647901,0.9994241,-0.202131465,-0.50243,-0.48114574,0.999270141,-0.20043765,-0.500456393,-0.494073719,0.999439359,-0.193364337,-0.488826543,-0.472578168,0.999536335,-0.0843498409,-0.543487549,-0.414756358,0.99961251,-0.194916412,-0.467870295,-0.347655416,0.998821139,-0.140396371,-0.48400411,-0.430176228,0.999837816,-0.164990038,-0.442894548,-0.439103156,0.999746799,0.0895283371,-0.46787703,-0.215008199,0.999992251,-0.223980397,-0.454738528,-0.138374627,0.999966443,0.195359439,-0.293494403,-0.159184799,0.99364078,-0.25597918,-0.173593879,-0.113343053,0.985222816,0.255714297,-0.0573704801,-0.129158407,0.997458458,-0.305698901,0.0439261347,-0.17693609,0.99510026,0.2606076,-0.014973456,-0.127041489,0.994591951,-0.293149978,0.0844127759,-0.223704815,0.988791,0.222342953,0.0105121899,-0.155750781,0.995270789,-0.259599298,0.0660926551,-0.249899909,0.990270197,0.25074321,-0.0160467681,-0.138499424,0.991582274,-0.288422883,0.0519703701,-0.199854657,0.985321403,0.0951152146,-0.00409664679,0.025919022,0.999975085,-0.0933449417,0.000552456069,-0.0238746367,0.999974251,0.120915182,0.408877969,0.0193365198,0.978680193,-0.126850978,0.309918463,-0.0351370759,0.990801811,0.126312062,0.734427,0.23637186,0.990497053,-0.165764973,0.703136146,0.152645558,0.993449688,0.108135685,0.770775795,0.258833259,0.904256284,-0.171771124,0.737888455,0.132896379,0.915261686,0.138689518,0.800403595,0.183679879,0.988343418,-0.210847095,0.759559155,0.0387323312,0.991269827
2266.6666666666683,-0.193159908,-0.475780845,-0.465083659,0.999696553,-0.178927615,-0.505486846,-0.477521837,0.999218583,-0.176168352,-0.503961504,-0.465239,0.999208927,-0.177407786,-0.504202247,-0.469399929,0.999443769,-0.197616875,-0.508608043,-0.473856419,0.999302745,-0.195971161,-0.506679058,-0.486766756,0.999462,-0.18883194,-0.495045632,-0.465452939,0.999556959,-0.078865476,-0.546352,-0.404119074,0.999621332,-0.19145675,-0.473058224,-0.339033335,0.998868287,-0.13698259,-0.488498241,-0.422959745,0.999842525,-0.161793917,-0.44816336,-0.432655215,0.999755442,0.0924452767,-0.467922807,-0.207276478,0.999992251,-0.222997084,-0.456901,-0.134295687,0.999967515,0.195750549,-0.292614281,-0.155945554,0.99353981,-0.25439927,-0.176364988,-0.111567147,0.985517502,0.255640537,-0.0570937842,-0.128248915,0.997383296,-0.304780215,0.0430007391,-0.175476804,0.995135188,0.2605941,-0.0145871397,-0.126246,0.99445349,-0.292574197,0.0842018,-0.222172186,0.988809,0.222581312,0.0107488586,-0.154811144,0.995156765,-0.258997083,0.065862827,-0.248309478,0.99029237,0.250690758,-0.0159394071,-0.137580931,0.991404951,-0.287633091,0.0512211956,-0.19822681,0.985341132,0.0955062285,-0.00409241347,0.0261488594,0.999975443,-0.0937603712,0.000551434292,-0.0241243746,0.999974787,0.121940933,0.408483416,0.0193951614,0.979587078,-0.126645669,0.308183104,-0.0363993905,0.991180599,0.128882587,0.734118044,0.236062661,0.990945101,-0.164540648,0.7007249,0.152770624,0.993655264,0.110764027,0.770608783,0.258510768,0.906986237,-0.170345575,0.735327244,0.133095086,0.916466177,0.142301783,0.800104082,0.183319986,0.988875926,-0.206746578,0.758210123,0.0390523262,0.991525888
2283.333333333335,-0.187393174,-0.4779194,-0.465031266,0.999712706,-0.172459513,-0.507422388,-0.477150738,0.999262094,-0.169737026,-0.505888224,-0.464841336,0.999249697,-0.171046421,-0.506146967,-0.469014347,0.999472141,-0.19167085,-0.510809183,-0.473610759,0.999344409,-0.190063953,-0.508897722,-0.486536592,0.999492586,-0.182950467,-0.497296542,-0.465205282,0.999583364,-0.072496362,-0.54715389,-0.40353623,0.999637365,-0.18801719,-0.474809766,-0.338869184,0.998929858,-0.131488919,-0.490161031,-0.422669202,0.9998492,-0.15687336,-0.450180829,-0.432400912,0.999766886,0.0962912887,-0.467341363,-0.207037687,0.999992192,-0.220875666,-0.458145946,-0.134118572,0.999968648,0.197636113,-0.288666755,-0.155514166,0.993624091,-0.251595795,-0.177653074,-0.111557275,0.986058235,0.256403565,-0.0539014749,-0.12666747,0.99734056,-0.304653168,0.0417549871,-0.176192164,0.995267928,0.260934323,-0.0109567391,-0.124457575,0.994347572,-0.292838246,0.0833915919,-0.222974122,0.989037395,0.223156586,0.0132052628,-0.153194398,0.995071292,-0.259305418,0.0648790896,-0.249095082,0.990492642,0.251396835,-0.0133359479,-0.136048764,0.991289616,-0.287744522,0.0500378571,-0.198970169,0.985635936,0.0955771729,-0.00403220952,0.0261007883,0.999976039,-0.0938435569,0.000506785873,-0.0240829475,0.999975562,0.123081937,0.408457845,0.0188990869,0.980735838,-0.124869555,0.308228,-0.0362113081,0.991624,0.130795076,0.733997047,0.234118626,0.991436,-0.158489689,0.70071131,0.153828382,0.993942082,0.112616703,0.770502567,0.256550968,0.910428822,-0.16409497,0.735312164,0.134235576,0.91939044,0.144098029,0.800235629,0.182068273,0.989442825,-0.204092741,0.758120358,0.0414399356,0.991880476
2300.0000000000014,-0.187130094,-0.485183299,-0.46449253,0.999734163,-0.171091244,-0.514170706,-0.476929575,0.999318898,-0.168411359,-0.512649238,-0.464573443,0.999305785,-0.169784442,-0.512955844,-0.468723327,0.999511302,-0.19041267,-0.518488228,-0.473369896,0.999396086,-0.188851833,-0.516651869,-0.486325026,0.999531746,-0.181764871,-0.505106866,-0.464977235,0.999616,-0.0687324777,-0.549582243,-0.402137,0.999662578,-0.185137868,-0.480964333,-0.336566985,0.999010623,-0.130901858,-0.495490313,-0.422394514,0.999859631,-0.156317845,-0.456703901,-0.432060182,0.999783516,0.0978330448,-0.466531277,-0.206791252,0.999992311,-0.21946381,-0.460589558,-0.131703421,0.999970198,0.197736666,-0.285530418,-0.155281723,0.993809879,-0.25112766,-0.180117697,-0.11064963,0.986668944,0.25614363,-0.051076185,-0.126412436,0.997361481,-0.304691106,0.0390274115,-0.176378235,0.995421886,0.260706693,-0.00736525329,-0.124437444,0.994376957,-0.292987347,0.0815623477,-0.223338455,0.989328206,0.222690746,0.0161956865,-0.153220251,0.995099723,-0.259470969,0.0626216754,-0.249449208,0.990743935,0.251070142,-0.0108187813,-0.135811821,0.991351068,-0.287786931,0.0474387407,-0.199192569,0.986011147,0.0956348702,-0.00397818489,0.0258059986,0.999977112,-0.0939158574,0.000471755484,-0.0237843134,0.999976754,0.123223118,0.408160686,0.017894933,0.982038498,-0.124486707,0.308186233,-0.0334911533,0.992137313,0.132288992,0.733896911,0.232868284,0.991996944,-0.15503189,0.700719178,0.161232665,0.994299,0.114058807,0.77039814,0.255442053,0.914627075,-0.160462499,0.735321,0.142017335,0.923325,0.143873245,0.800224245,0.181059092,0.990114,-0.20257856,0.758167684,0.0522097647,0.992343605
2316.666666666668,-0.187707677,-0.492557794,-0.460172683,0.999748647,-0.171466723,-0.521441817,-0.470883787,0.999358833,-0.168799415,-0.519935489,-0.458445221,0.999343336,-0.170198336,-0.520216942,-0.462634742,0.999537051,-0.19069545,-0.526252508,-0.466897577,0.999434,-0.189148441,-0.524481654,-0.47984907,0.999560177,-0.182060629,-0.512996376,-0.458513558,0.999640286,-0.0676213056,-0.553162813,-0.396660477,0.999678373,-0.184066549,-0.487224936,-0.328292459,0.999070942,-0.131305024,-0.501464844,-0.418284327,0.999866128,-0.156571865,-0.463376731,-0.427262962,0.999794602,0.0990332067,-0.466261089,-0.204053402,0.999992073,-0.218692079,-0.462878585,-0.127888337,0.999971151,0.197965607,-0.284816772,-0.151808143,0.993863583,-0.249846756,-0.182750359,-0.110204309,0.987165093,0.25589627,-0.0505525544,-0.119600862,0.997290432,-0.304525912,0.0342975296,-0.176570341,0.995568633,0.260261029,-0.00627997192,-0.117044717,0.994234562,-0.293110698,0.0771811754,-0.223676383,0.989612341,0.222386077,0.017064603,-0.146016091,0.994973361,-0.259627074,0.0577150211,-0.249651283,0.990986049,0.250758171,-0.0103723388,-0.128924921,0.991168,-0.287736118,0.0426695868,-0.199358746,0.986380219,0.0957930088,-0.00394067541,0.0257424358,0.999978065,-0.0941053405,0.000444495759,-0.0237208642,0.999977827,0.123976938,0.407784849,0.0179784279,0.983151555,-0.122953609,0.307848543,-0.0334350392,0.992588937,0.133845478,0.733578324,0.232353151,0.992511809,-0.150504187,0.700374484,0.16226083,0.994614661,0.115493275,0.770276725,0.254884332,0.918601453,-0.155755371,0.735017,0.14311187,0.926878929,0.145227343,0.80036819,0.180652097,0.990711868,-0.198759466,0.758368373,0.0543648489,0.99274236
2333.3333333333344,-0.186185241,-0.495659381,-0.451693267,0.999753594,-0.168623537,-0.524356902,-0.462354749,0.999377251,-0.16600351,-0.522947729,-0.449791223,0.999357641,-0.167458564,-0.52313292,-0.454157799,0.999547601,-0.187413782,-0.529722393,-0.458140731,0.999453187,-0.185998708,-0.527979374,-0.471004874,0.999573052,-0.178791896,-0.51639539,-0.449789315,0.999652803,-0.0645218864,-0.554584563,-0.391609937,0.999684,-0.178180277,-0.491114736,-0.322040647,0.999101877,-0.129797652,-0.504009902,-0.410974085,0.999868453,-0.154611886,-0.466566622,-0.419349045,0.999799371,0.10109327,-0.466046065,-0.201993406,0.999991775,-0.21637474,-0.465363234,-0.123213083,0.999971688,0.197999731,-0.283517689,-0.14896071,0.993750095,-0.248087049,-0.18750833,-0.106277868,0.987470567,0.253617942,-0.0499745645,-0.11282967,0.997155368,-0.304278791,0.0270449538,-0.171700954,0.995649576,0.257155389,-0.00523185544,-0.109518625,0.993986189,-0.293080419,0.0700499564,-0.218161985,0.989766121,0.219543934,0.0178783312,-0.13804169,0.994748831,-0.259609699,0.0510740429,-0.243968457,0.991112888,0.248329014,-0.00991254952,-0.121954143,0.990808,-0.287628502,0.0356034376,-0.194331706,0.986587763,0.0958409607,-0.00387246977,0.0252005253,0.99997896,-0.0941603333,0.000405100262,-0.0231985282,0.999978781,0.123639062,0.406940043,0.0141954441,0.984146118,-0.121843509,0.306530893,-0.0328627266,0.992901504,0.133615181,0.732602656,0.22649,0.992975473,-0.14374949,0.696903706,0.168595284,0.994847834,0.115277372,0.769487441,0.248950765,0.922165811,-0.148755893,0.731538832,0.150055304,0.929787815,0.145008728,0.800461948,0.176138416,0.991236806,-0.195578575,0.757722318,0.0667416304,0.993030965
2350.000000000001,-0.186416447,-0.502458334,-0.447011292,0.999765754,-0.168257058,-0.531072199,-0.456783652,0.999410689,-0.165628612,-0.529617608,-0.444325775,0.999388695,-0.167120486,-0.529883802,-0.448539555,0.999568582,-0.187199742,-0.536842287,-0.452129334,0.999485493,-0.185794,-0.535137177,-0.465013325,0.999597549,-0.178609908,-0.523594379,-0.443762869,0.999673963,-0.0616009235,-0.558710456,-0.386554778,0.999696,-0.176244125,-0.497391254,-0.314149648,0.999154508,-0.129701331,-0.509675443,-0.406557769,0.9998734,-0.154612496,-0.472708702,-0.414257109,0.999808669,0.10325177,-0.465717465,-0.19847919,0.999991477,-0.214353532,-0.468733758,-0.118637018,0.999972761,0.198005721,-0.280093729,-0.146821797,0.993483961,-0.246860087,-0.189896479,-0.103873894,0.987707615,0.252645433,-0.0478018709,-0.110510677,0.996878862,-0.304259449,0.0243327841,-0.170952156,0.995732,0.255964458,-0.00293933833,-0.107219167,0.993496239,-0.293152541,0.0672917739,-0.217676684,0.989922643,0.218544751,0.0194563698,-0.135673717,0.994310677,-0.259700298,0.0480887517,-0.243343279,0.991242766,0.247281536,-0.00819803309,-0.119512729,0.990108073,-0.287673,0.0328383036,-0.193598047,0.986794055,0.0960368738,-0.00381660159,0.0252161883,0.999979913,-0.0943867788,0.000348588976,-0.0232177842,0.999979913,0.123739861,0.405868,0.0203507338,0.984945714,-0.118356712,0.304983377,-0.0328084715,0.993268251,0.134271771,0.732176423,0.22806789,0.993400872,-0.143804803,0.696089447,0.167797968,0.995117545,0.115883894,0.76927489,0.250131279,0.92551738,-0.149026275,0.730716825,0.14907226,0.932798803,0.145427406,0.80050379,0.176493093,0.991739929,-0.193811491,0.757397532,0.0649168789,0.993380666
2366.6666666666674,-0.185442045,-0.502236605,-0.441457331,0.999778152,-0.165751904,-0.531138599,-0.451716572,0.999443829,-0.163121566,-0.529703796,-0.439347237,0.999420166,-0.164523259,-0.530024707,-0.443634272,0.999591,-0.18464765,-0.5374915,-0.446748018,0.999515712,-0.183206409,-0.535666585,-0.459538609,0.99962,-0.176033229,-0.524096191,-0.438399762,0.999693155,-0.0564849637,-0.558904231,-0.383993238,0.999709606,-0.170721844,-0.499643117,-0.309677809,0.999203086,-0.128273338,-0.509561062,-0.401636869,0.999878466,-0.153206706,-0.472801179,-0.40856725,0.999817491,0.106371067,-0.463751316,-0.195188224,0.999991357,-0.210747615,-0.470553309,-0.116199367,0.999973595,0.198170498,-0.275336176,-0.141355321,0.993538141,-0.246432275,-0.19264251,-0.103683844,0.988095105,0.250890642,-0.0414843373,-0.096726656,0.996908665,-0.304157525,0.0216967873,-0.170142367,0.995848715,0.253705919,0.00409245258,-0.0911613,0.993551195,-0.293176115,0.0642779917,-0.216724098,0.990151405,0.216009766,0.0265237335,-0.119396321,0.994356453,-0.259712934,0.0451053903,-0.242106602,0.991441429,0.245303959,-0.00217356719,-0.105218068,0.990214,-0.287584931,0.0299593955,-0.192537025,0.987126231,0.0961534604,-0.00370713742,0.0254226122,0.999980569,-0.0945131928,0.000250787154,-0.0235009883,0.999980569,0.124125,0.405709982,0.0203261822,0.985466838,-0.116921768,0.30498147,-0.0373284034,0.993500233,0.135798797,0.732101679,0.222054452,0.993692219,-0.142285839,0.697715104,0.160252377,0.99525708,0.117161654,0.769188,0.242969587,0.927266955,-0.14744322,0.732693672,0.140554398,0.933829546,0.148950517,0.800490677,0.16783528,0.99209851,-0.18857114,0.760409355,0.0551348738,0.99358058
2383.333333333334,-0.183920667,-0.513557196,-0.433125377,0.999790668,-0.16287145,-0.541989,-0.442064196,0.999476373,-0.160236403,-0.540601254,-0.429805309,0.999451518,-0.161667883,-0.541031,-0.43393141,0.99961257,-0.182237655,-0.549192965,-0.437265754,0.999545395,-0.180790991,-0.547474146,-0.450091124,0.99964267,-0.173663855,-0.535984516,-0.42900759,0.99971211,-0.0522863232,-0.565294802,-0.373734593,0.9997226,-0.167857885,-0.510081351,-0.299393058,0.999249697,-0.12660709,-0.519015968,-0.393285,0.999883592,-0.151946113,-0.483316392,-0.400439382,0.999826312,0.107339412,-0.463636667,-0.188902155,0.999991179,-0.209106535,-0.476463884,-0.109473146,0.99997431,0.198224366,-0.273914605,-0.137281835,0.993546724,-0.244835272,-0.197205588,-0.102169096,0.988270938,0.24911797,-0.0390622839,-0.0955700427,0.99685055,-0.303274691,0.0165501051,-0.170171008,0.995893896,0.251841336,0.00720155286,-0.0911257342,0.993436635,-0.292718768,0.0589662641,-0.216842949,0.990235865,0.213104844,0.0293576457,-0.119284205,0.994252145,-0.259584039,0.0389925838,-0.242204249,0.99151516,0.243030623,0.000151211396,-0.104080565,0.990056634,-0.286864102,0.0245547295,-0.192572638,0.987252176,0.0962326303,-0.00367886573,0.0258080959,0.999981105,-0.094604671,0.000215899287,-0.0239533521,0.999981165,0.124228343,0.405163795,0.0245635062,0.985726655,-0.114528321,0.305067509,-0.0371427909,0.993633389,0.141084388,0.733018458,0.222148582,0.993904114,-0.138223529,0.698748171,0.158865303,0.995314121,0.123028316,0.770546138,0.242836133,0.928472,-0.142740965,0.733643413,0.138790369,0.933959067,0.156155601,0.800933,0.166786268,0.992372811,-0.174820185,0.761065841,0.0516703762,0.993668854
2400.0000000000005,-0.177312881,-0.531096339,-0.410185635,0.999801576,-0.154562846,-0.559392,-0.416375071,0.999505341,-0.151998088,-0.55828917,-0.404101849,0.999479413,-0.15340732,-0.558571041,-0.408424467,0.99963212,-0.175184503,-0.566854537,-0.412628263,0.999571383,-0.174008206,-0.565154254,-0.425337672,0.999661922,-0.166845024,-0.553384185,-0.404602051,0.999728084,-0.0443339199,-0.578638434,-0.344309807,0.999735,-0.164397195,-0.523818612,-0.274625659,0.999289393,-0.120081306,-0.53470546,-0.36999011,0.999887109,-0.147212833,-0.499087185,-0.377787471,0.999832392,0.111702912,-0.464677483,-0.170249656,0.999990702,-0.207153752,-0.482652038,-0.0900247246,0.999974,0.200244,-0.274165273,-0.125767902,0.993388116,-0.243261769,-0.206066251,-0.0894705653,0.988181233,0.248227343,-0.0394617319,-0.0875828713,0.996729612,-0.300430417,0.00289628375,-0.160670429,0.99581033,0.250180274,0.00682359096,-0.0835643709,0.993274748,-0.289788902,0.046183,-0.207116336,0.990128517,0.210847676,0.0291119069,-0.111106724,0.994095922,-0.256680906,0.0255212262,-0.231645271,0.991409302,0.241667166,-0.000529662415,-0.0959810168,0.989840209,-0.284148484,0.0104089854,-0.182368338,0.987191081,0.0963392,-0.00362615148,0.0256323181,0.999981761,-0.0946892053,0.000185642974,-0.0238083489,0.999981761,0.124218248,0.402285218,0.0243993532,0.986085176,-0.111586235,0.304638594,-0.0344443768,0.993668,0.140704706,0.731243908,0.221167982,0.994108379,-0.129928812,0.695667803,0.166115686,0.99533534,0.122529469,0.769020557,0.24201642,0.929809868,-0.133937567,0.730178,0.14627184,0.934681416,0.155750722,0.800800502,0.167761803,0.992583334,-0.168509156,0.759645164,0.0673728436,0.993672609
2416.666666666667,-0.165756181,-0.540306628,-0.412669569,0.999811232,-0.14306809,-0.567963958,-0.418584704,0.999530256,-0.140607119,-0.566731632,-0.40626663,0.999502957,-0.142120913,-0.567093432,-0.410595834,0.999648392,-0.164606318,-0.574879944,-0.41550073,0.999594,-0.163496584,-0.573387802,-0.428378701,0.999678493,-0.156434923,-0.561574519,-0.407448739,0.999741912,-0.0365144163,-0.584631562,-0.345088899,0.999744713,-0.158865362,-0.528569877,-0.278357059,0.999321103,-0.109736145,-0.543039083,-0.372005016,0.99988997,-0.137788504,-0.507126451,-0.380754411,0.999837399,0.115977742,-0.465089381,-0.171705216,0.999990225,-0.20414798,-0.485932052,-0.0914208815,0.999973714,0.202562764,-0.274047673,-0.127778679,0.993126154,-0.241840824,-0.209829,-0.0898120403,0.987810314,0.246740758,-0.0388600565,-0.0893720239,0.996389091,-0.297499537,-0.00534860138,-0.165985405,0.995568454,0.247061446,0.00898675341,-0.0851662904,0.99268955,-0.286699802,0.0372254364,-0.214100212,0.989690781,0.206677288,0.0305614825,-0.113001347,0.993554592,-0.253273159,0.0155313667,-0.237783983,0.991006851,0.239391699,0.00010909776,-0.0980401114,0.988958657,-0.281116903,0.00193143566,-0.187760681,0.986641586,0.096362181,-0.00362039288,0.0256330576,0.999982357,-0.0947152376,0.000185426572,-0.0238125846,0.999982297,0.126535356,0.400708288,0.0323382281,0.986285806,-0.106576785,0.304724187,-0.025000101,0.993584275,0.146990404,0.731250405,0.221668676,0.994341075,-0.123161145,0.695794225,0.169826552,0.995373487,0.129328817,0.769089401,0.24229683,0.931814969,-0.126932308,0.730270624,0.149337396,0.935530543,0.166728824,0.800319076,0.168271095,0.992841184,-0.163399845,0.759407,0.0691947,0.993694
2433.3333333333335,-0.155751884,-0.542975426,-0.415311068,0.999822617,-0.13443175,-0.570209503,-0.4212327,0.999558806,-0.132046759,-0.569014609,-0.408935577,0.999531507,-0.13340646,-0.569417298,-0.413231581,0.999668896,-0.15614371,-0.576681256,-0.418686837,0.999619424,-0.154886529,-0.575033903,-0.431577206,0.999697566,-0.148022041,-0.563260257,-0.410625786,0.999757707,-0.0311308205,-0.586256504,-0.346416116,0.999757648,-0.154822841,-0.528187394,-0.28234452,0.99935776,-0.100731634,-0.545493126,-0.374164641,0.999895632,-0.129149243,-0.508857429,-0.383576512,0.99984622,0.120217957,-0.465092838,-0.172188669,0.999990284,-0.201619565,-0.485526174,-0.0933896527,0.999974,0.206538841,-0.273657,-0.12658529,0.993217,-0.241643921,-0.209842339,-0.0905403569,0.987906873,0.243582085,-0.0369807109,-0.0897833854,0.996397316,-0.294267744,-0.00532834185,-0.166350111,0.99551028,0.240823776,0.0126029626,-0.0861343294,0.9927,-0.282031476,0.036923755,-0.214808628,0.989598215,0.198370203,0.0332289264,-0.113721095,0.993557572,-0.247945905,0.0150743304,-0.238220423,0.990921915,0.234607056,0.00179575779,-0.0981557816,0.988980472,-0.277167529,0.00158710137,-0.187961474,0.98654741,0.0965099633,-0.00361651438,0.0259380825,0.999982834,-0.094858706,0.000183108685,-0.0241840109,0.999982655,0.131497428,0.400692761,0.0327723362,0.986328959,-0.102051876,0.305834413,-0.0252210498,0.993520737,0.15468286,0.732117534,0.221861541,0.994453311,-0.118196949,0.699537814,0.169495225,0.995366514,0.137157097,0.770008564,0.24244377,0.932157516,-0.12141376,0.734143436,0.149124354,0.934619069,0.17409,0.800776958,0.168386891,0.992984772,-0.150546566,0.763142467,0.067370832,0.993671894
2450.0,-0.144952625,-0.557636678,-0.404936552,0.999833047,-0.1238373,-0.583481729,-0.406460851,0.99958545,-0.121482864,-0.582586348,-0.394150853,0.999557316,-0.123002142,-0.582678854,-0.39830938,0.999687672,-0.146929,-0.589569867,-0.405960739,0.999643505,-0.145962194,-0.588131964,-0.418739647,0.999715269,-0.139070854,-0.57626313,-0.398060232,0.999772787,-0.0232746098,-0.594932199,-0.321668953,0.999769211,-0.152801558,-0.535926461,-0.267329901,0.999391317,-0.0908667,-0.558136404,-0.361335874,0.999900639,-0.121310361,-0.521234572,-0.373186857,0.999854147,0.124602549,-0.465530932,-0.156441972,0.999990046,-0.200536489,-0.487857461,-0.0790401101,0.999974132,0.209064677,-0.273338348,-0.110801727,0.992998302,-0.240590662,-0.212012351,-0.0778316408,0.987727046,0.241333425,-0.0366671979,-0.0797191486,0.99611932,-0.290086806,-0.0118596414,-0.159103215,0.995384157,0.236981899,0.0138981696,-0.0772827789,0.992192268,-0.276954144,0.03030077,-0.20839636,0.989399195,0.194409281,0.0338358432,-0.104825042,0.993086338,-0.242005512,0.00806015823,-0.231327236,0.99073118,0.231534794,0.00200705417,-0.0879019,0.98823154,-0.272463799,-0.00516621908,-0.18036975,0.986288071,0.0967716575,-0.00357995182,0.0258508567,0.99998343,-0.0950804,0.000167007966,-0.0240820535,0.999983251,0.132906482,0.399748772,0.0325631872,0.986621201,-0.0959714651,0.30718857,-0.0172747821,0.993418217,0.155775368,0.731428385,0.222577617,0.994630039,-0.115353204,0.699530423,0.188116014,0.995413125,0.138231352,0.769475937,0.243732482,0.933095157,-0.118915036,0.734117627,0.169243857,0.934838355,0.172905877,0.801306188,0.171913981,0.993173301,-0.148205876,0.763366044,0.0868869498,0.993678212
2466.6666666666665,-0.141523466,-0.563850284,-0.397368878,0.999839187,-0.120259061,-0.589238524,-0.399181217,0.99960053,-0.117964342,-0.588383138,-0.386919171,0.999570787,-0.119494431,-0.588485,-0.39111504,0.999698,-0.142469808,-0.595753372,-0.3987436,0.999657869,-0.14147158,-0.594293118,-0.411464185,0.999725223,-0.134604752,-0.582388043,-0.390869707,0.999781847,-0.0207515862,-0.598212063,-0.318937033,0.999774814,-0.147164017,-0.540587246,-0.26371336,0.999409258,-0.0878224373,-0.563434184,-0.355116338,0.999903619,-0.11725352,-0.526930749,-0.367119223,0.999859273,0.127015889,-0.465681344,-0.155590475,0.999989867,-0.198533818,-0.489538372,-0.0774400458,0.999973953,0.211836353,-0.273198575,-0.108913913,0.992900908,-0.240474492,-0.214188278,-0.0774617195,0.987548888,0.239361584,-0.0364171937,-0.0756320283,0.99592495,-0.287577212,-0.0147341629,-0.157932,0.995159686,0.23386462,0.0149355829,-0.073106721,0.99181807,-0.273347318,0.027962584,-0.207084253,0.988962829,0.190228358,0.0342743061,-0.100357927,0.992729723,-0.237757817,0.00538537418,-0.229757518,0.990329504,0.228767321,0.00215004501,-0.0836710781,0.987668455,-0.269399703,-0.00812451076,-0.178994238,0.985764384,0.0968716368,-0.00357436365,0.0258433484,0.999983907,-0.0951646045,0.000167257123,-0.0240775626,0.999983668,0.135331735,0.398933649,0.032373514,0.986594558,-0.0908819884,0.308244199,-0.0160332136,0.993155,0.161391541,0.73136735,0.22213909,0.994680226,-0.110889032,0.699735,0.186703667,0.995331824,0.144057378,0.769443035,0.243302628,0.932560742,-0.114451423,0.734285414,0.167478412,0.933781087,0.176283747,0.801675916,0.171705782,0.993187964,-0.143321723,0.763673484,0.084396489,0.99351877
2483.333333333333,-0.136039406,-0.571742415,-0.388799042,0.99984479,-0.114496134,-0.596762061,-0.389690906,0.999614477,-0.112165883,-0.595970094,-0.377489746,0.999583185,-0.113694414,-0.596061826,-0.381673902,0.999707699,-0.136858076,-0.603602052,-0.389985383,0.999671,-0.135951415,-0.602184713,-0.402656227,0.999734,-0.129115626,-0.590288818,-0.382155687,0.999789834,-0.0164350159,-0.603268266,-0.308252692,0.999779522,-0.143898681,-0.547160447,-0.255931228,0.999422312,-0.0830398,-0.570386291,-0.34631741,0.999905825,-0.112925909,-0.534222305,-0.359109789,0.999863148,0.128585875,-0.466388792,-0.150054783,0.999989629,-0.19729583,-0.492726296,-0.0697328821,0.999973297,0.213048562,-0.273238778,-0.105494745,0.992802382,-0.239517376,-0.217177168,-0.0718948916,0.986978889,0.234386846,-0.0365107544,-0.0737896264,0.995725811,-0.286617279,-0.0191068538,-0.153092042,0.99476707,0.22707583,0.0148768201,-0.0718466341,0.991444588,-0.272513956,0.0233478807,-0.20216009,0.988254845,0.182011649,0.0341061614,-0.0985783488,0.992373586,-0.237523228,0.000868719944,-0.224780634,0.989686906,0.222649246,0.00207176688,-0.0816343054,0.987090826,-0.26864484,-0.0126496488,-0.173984185,0.984912694,0.0970673114,-0.00357089913,0.0257789791,0.999984324,-0.095322594,0.000173947978,-0.0240210667,0.999984,0.13654308,0.398445398,0.0325828865,0.986410856,-0.0912510306,0.312153637,-0.0156015195,0.992874205,0.163254425,0.73136121,0.225245416,0.994635,-0.110477619,0.70112437,0.185349897,0.995224953,0.145909652,0.769449949,0.24672012,0.931049943,-0.113987379,0.735438585,0.165893778,0.932457745,0.177673,0.801694036,0.17688188,0.993079782,-0.143888354,0.763811171,0.0824107602,0.993317485
2499.9999999999995,-0.126240805,-0.573119938,-0.388073802,0.999853194,-0.104656242,-0.598014057,-0.389404446,0.999634564,-0.102328442,-0.597264826,-0.377162367,0.999604225,-0.103727207,-0.597438335,-0.381368935,0.999722719,-0.126613125,-0.605336607,-0.390493602,0.999688506,-0.125556782,-0.603837192,-0.403235406,0.999747276,-0.118904807,-0.591927111,-0.382623404,0.999800384,-0.0105544534,-0.603672266,-0.308410466,0.999789476,-0.136369228,-0.549172163,-0.258615166,0.999445736,-0.0753139406,-0.571459651,-0.345449597,0.99990958,-0.104675435,-0.53560257,-0.359258056,0.999869049,0.130393267,-0.466284275,-0.150601417,0.999989748,-0.194753394,-0.494019479,-0.0713708922,0.99997288,0.213464886,-0.272221953,-0.107159249,0.992829859,-0.23727414,-0.218330234,-0.0734138563,0.986453176,0.232826293,-0.0365047,-0.0758961365,0.995689034,-0.283437371,-0.0204323456,-0.153870106,0.994196057,0.225559041,0.0150858518,-0.0738764405,0.991362393,-0.269103378,0.0223198477,-0.202767,0.98723495,0.180787086,0.0339739621,-0.100754224,0.992294073,-0.235414922,-0.000303015287,-0.225309238,0.988783658,0.22120367,0.00200620713,-0.0838794559,0.986974835,-0.265927672,-0.0141059142,-0.174635515,0.98374927,0.0971105546,-0.00356507185,0.0257148705,0.999984682,-0.0953508914,0.00017075878,-0.0239822417,0.999984145,0.137030035,0.397838056,0.0279438663,0.98607862,-0.0885950625,0.313951,-0.0149329808,0.992242217,0.16788289,0.732779801,0.204850763,0.994471133,-0.103803165,0.708770931,0.175605431,0.994975805,0.150653243,0.770911396,0.223858297,0.928257406,-0.106855147,0.743606567,0.15296416,0.92972672,0.181669593,0.802096963,0.151698112,0.992882252,-0.138370097,0.767108858,0.0681924075,0.992982388
2516.666666666666,-0.120593071,-0.576111376,-0.385658741,0.999859512,-0.0989693254,-0.600360632,-0.386521876,0.999649405,-0.0966020226,-0.599715948,-0.374307394,0.999619126,-0.0980530083,-0.59984529,-0.378546149,0.999734223,-0.120598,-0.608121,-0.388392299,0.99970156,-0.11955899,-0.606625199,-0.401108146,0.999756396,-0.112938181,-0.594740808,-0.380514771,0.999808,-0.00721126143,-0.603829563,-0.305046737,0.999796689,-0.13210912,-0.550824404,-0.258577049,0.999459267,-0.0706246942,-0.573513329,-0.343091369,0.999912798,-0.0998692364,-0.538121223,-0.357803404,0.999874115,0.131662026,-0.465698779,-0.149623275,0.999989867,-0.193823174,-0.494985,-0.0708765611,0.999972582,0.213977203,-0.270792127,-0.105570674,0.992889106,-0.236953795,-0.220074743,-0.0737312138,0.985958517,0.229915485,-0.0363400951,-0.0751162,0.995676696,-0.282065481,-0.0234916564,-0.153392538,0.993726075,0.221663773,0.0156825744,-0.0734545514,0.991314411,-0.267235696,0.019374907,-0.201896235,0.986383319,0.176238984,0.0339034274,-0.100339338,0.992239356,-0.233747646,-0.00324649364,-0.224823639,0.988025606,0.217797324,0.00197263551,-0.0832921788,0.986891866,-0.264458299,-0.017305227,-0.174244478,0.982770085,0.0972408205,-0.00355971884,0.0257202461,0.99998492,-0.0954455957,0.000169857114,-0.0239987839,0.999984145,0.139427468,0.397734255,0.0278912261,0.985322714,-0.0857076049,0.315043628,-0.0150551,0.991454065,0.170204014,0.733900905,0.207004562,0.994114637,-0.0995851085,0.709859788,0.170646697,0.994563401,0.152987599,0.77211374,0.226474851,0.924009,-0.102549553,0.744645953,0.147685096,0.925651133,0.1847471,0.803160727,0.154555485,0.992412567,-0.134260163,0.767553627,0.0635048822,0.992394328
2533.3333333333326,-0.107133418,-0.580277622,-0.382168829,0.999866843,-0.0857648924,-0.603816032,-0.381416291,0.99966681,-0.0833673552,-0.603284359,-0.369214326,0.999636829,-0.0848512128,-0.603332281,-0.373475134,0.999747574,-0.107745372,-0.611991465,-0.385007501,0.999717236,-0.106816,-0.610507727,-0.397658825,0.99976778,-0.100270264,-0.598600864,-0.377109528,0.999817312,9.9303e-005,-0.604618847,-0.295523435,0.999805272,-0.12678352,-0.553059578,-0.257226974,0.9994784,-0.0597801879,-0.57658422,-0.33854723,0.999916673,-0.0898027048,-0.541559041,-0.355162114,0.999880314,0.133112609,-0.465199053,-0.14667283,0.999990106,-0.192974791,-0.495452344,-0.0682751536,0.999972522,0.213916302,-0.269998759,-0.103202328,0.992948592,-0.236729279,-0.221303642,-0.0726227462,0.985552788,0.225217804,-0.0361700617,-0.0736041591,0.995666564,-0.280655593,-0.0258165579,-0.150362194,0.993357897,0.215848133,0.0165584236,-0.0719387829,0.991270244,-0.265375882,0.0174211133,-0.197821707,0.985742629,0.16995433,0.0340870805,-0.0987053066,0.99218756,-0.231803551,-0.00478391256,-0.221287638,0.987448335,0.212537274,0.00198936416,-0.0817790478,0.986826241,-0.262995631,-0.0196278635,-0.171091974,0.982043386,0.0973846912,-0.00357461697,0.0256229676,0.999985337,-0.095529981,0.00020406711,-0.0239189845,0.999984384,0.140666559,0.397090554,0.027430661,0.984746635,-0.082793504,0.31573084,-0.0155979209,0.990759313,0.170150727,0.733671963,0.207366198,0.993761063,-0.0976015776,0.710719109,0.165956497,0.994332254,0.152839437,0.771867454,0.226839602,0.919359505,-0.10085731,0.745536387,0.142792746,0.923100531,0.184395239,0.803202629,0.15925537,0.991949797,-0.134395823,0.76824528,0.0590925962,0.992043316
2549.999999999999,-0.0961296558,-0.585944593,-0.384467393,0.999868333,-0.075543493,-0.608382821,-0.383044571,0.999669433,-0.0731636137,-0.607827365,-0.370748848,0.999637842,-0.0748268366,-0.607778609,-0.374964058,0.99975,-0.0985337272,-0.616249084,-0.387102157,0.999720693,-0.0978143364,-0.614902377,-0.399830282,0.999768,-0.0913192332,-0.602976382,-0.379192859,0.999818265,0.0060724467,-0.606514215,-0.291804492,0.999805391,-0.125176027,-0.554974,-0.258719534,0.999467492,-0.0503774583,-0.581412733,-0.340199143,0.99991709,-0.0819376931,-0.546509624,-0.357134342,0.999881625,0.135004833,-0.465112299,-0.145764336,0.99999,-0.192772686,-0.496301919,-0.0684273466,0.99997133,0.214066073,-0.269911736,-0.100791574,0.99282676,-0.234650046,-0.222059086,-0.0725372732,0.984366477,0.223262683,-0.0361992903,-0.0721512809,0.995367825,-0.276958972,-0.0286254827,-0.150474742,0.992463648,0.212980404,0.01656962,-0.0708077177,0.990672112,-0.2617535,0.0142262699,-0.198119983,0.984211504,0.167272016,0.0338217393,-0.097683616,0.991633117,-0.228642404,-0.00817575,-0.221667349,0.986062586,0.210360333,0.00185638759,-0.0804419443,0.985984564,-0.259562135,-0.0225228928,-0.171348363,0.980182946,0.097492747,-0.00358263776,0.0255358983,0.999985576,-0.0956077129,0.000231219441,-0.0238093119,0.999984443,0.142477259,0.396926671,0.0345176123,0.98432225,-0.0780671462,0.315830737,-0.00732020289,0.990000784,0.17271097,0.733248,0.233206883,0.993454456,-0.0925922617,0.710527301,0.17098546,0.994159162,0.156003579,0.771456599,0.255217463,0.915735126,-0.0959414765,0.745323896,0.147842482,0.921426356,0.186758146,0.803206,0.193769202,0.991444767,-0.132912546,0.767724931,0.064559862,0.991649091
2566.6666666666656,-0.0914886,-0.589100182,-0.380813837,0.999875426,-0.0706161633,-0.611489356,-0.377532542,0.999687076,-0.0682743788,-0.611013293,-0.365314364,0.99965626,-0.0697834268,-0.610980809,-0.369390756,0.99976337,-0.0938364714,-0.619651258,-0.38295421,0.99973619,-0.0931252688,-0.618239,-0.395737857,0.999779761,-0.086675778,-0.606274,-0.375167757,0.999827683,0.0106627075,-0.60857904,-0.282884687,0.999814868,-0.123037659,-0.558190942,-0.255200386,0.999489844,-0.046066761,-0.584103882,-0.334982783,0.999921083,-0.0782974,-0.549469829,-0.353909791,0.999887884,0.135970816,-0.465058774,-0.138501436,0.999990165,-0.192446083,-0.497673452,-0.0654515624,0.999971271,0.213837489,-0.269314498,-0.0942119136,0.992901444,-0.233388618,-0.22392647,-0.0705789924,0.9841398,0.218755618,-0.0361912139,-0.0686373487,0.99540776,-0.274953,-0.0302122664,-0.14854157,0.992254436,0.207871139,0.0166571829,-0.0675096,0.990745902,-0.259857595,0.0124709355,-0.196298718,0.983907402,0.162204236,0.0337538421,-0.0942291543,0.991694808,-0.227016479,-0.00966321584,-0.220027909,0.985800624,0.20562537,0.00181365944,-0.0768424198,0.986113787,-0.257669836,-0.0242209155,-0.169306204,0.979857206,0.0977056846,-0.00361513533,0.0257631615,0.999985695,-0.0957762375,0.000280743756,-0.0240542237,0.999984384,0.14529264,0.395930082,0.0373248868,0.983946383,-0.0755943879,0.315783381,-0.00766720716,0.989507318,0.174498513,0.730964839,0.241778821,0.993069768,-0.0913505703,0.710256934,0.174714833,0.993882,0.157679051,0.768986,0.264542907,0.911525488,-0.0944543853,0.744944513,0.152120426,0.91765511,0.188925952,0.801011562,0.202875912,0.990960181,-0.124253541,0.767271101,0.0680859163,0.991187334
2583.333333333332,-0.0809024051,-0.590444267,-0.377416611,0.999884546,-0.060046874,-0.61289233,-0.372142702,0.999709487,-0.0577377938,-0.612525403,-0.35993591,0.999680042,-0.0590484478,-0.612419844,-0.364006251,0.999780178,-0.0841613486,-0.621364832,-0.379121304,0.999755681,-0.0834951475,-0.619850099,-0.391796172,0.999795198,-0.0771108,-0.607838452,-0.371436179,0.999839902,0.0185829047,-0.60938561,-0.271818,0.99982661,-0.120341189,-0.559878349,-0.251228482,0.999521673,-0.0368575715,-0.58507961,-0.329619348,0.999925852,-0.0706473514,-0.550528228,-0.350361645,0.999895275,0.137630776,-0.464171261,-0.129767314,0.999990404,-0.191376343,-0.497809261,-0.0608558953,0.999971569,0.213527843,-0.267496228,-0.0852776393,0.993046165,-0.233042389,-0.224019095,-0.0655100942,0.98437494,0.214753076,-0.035533756,-0.0598158687,0.995514631,-0.274236,-0.029117858,-0.139417455,0.992253721,0.203192577,0.0181062985,-0.0583695732,0.990937412,-0.259043515,0.0135582015,-0.185607076,0.983926296,0.158044145,0.0345259495,-0.0850006789,0.99186784,-0.225935116,-0.00870486442,-0.209446967,0.985824823,0.201514617,0.00213854364,-0.0679031387,0.986440361,-0.256941259,-0.0230146144,-0.159611031,0.979974687,0.097869046,-0.00362115819,0.0257622283,0.999985695,-0.0958767757,0.000304690766,-0.0240581203,0.999984145,0.147170469,0.395938933,0.031880524,0.983278632,-0.0744739,0.316530854,-0.00952189323,0.988424361,0.177798063,0.729938209,0.237291753,0.992244363,-0.0898175538,0.709966779,0.177424282,0.993105352,0.161049262,0.767720342,0.26060611,0.903378844,-0.0926937759,0.74445504,0.155757859,0.909678698,0.192574829,0.800417244,0.201001838,0.989988446,-0.119646609,0.767017066,0.0747313052,0.990091622
2599.9999999999986,-0.0741836727,-0.591447353,-0.375340134,0.999892414,-0.052891355,-0.613714755,-0.369262278,0.999728382,-0.0504549108,-0.613372505,-0.357126802,0.999699891,-0.051846575,-0.613227189,-0.361167431,0.999794304,-0.0769242421,-0.62255919,-0.377039403,0.99977237,-0.0762194172,-0.621046722,-0.389638215,0.999808252,-0.0698550269,-0.609045208,-0.369336963,0.999850273,0.0241534319,-0.609305441,-0.267736,0.999836326,-0.116038226,-0.56117177,-0.249707609,0.999548316,-0.0310622174,-0.585558176,-0.326892138,0.999929965,-0.0650523528,-0.551371217,-0.348602623,0.999901831,0.139358684,-0.462782204,-0.126491159,0.999990642,-0.189919814,-0.497998476,-0.0590702482,0.999972045,0.21346131,-0.265431434,-0.0832131878,0.993190408,-0.231462032,-0.223857343,-0.06355533,0.984527111,0.213078424,-0.0352447219,-0.0596702844,0.995625496,-0.272965223,-0.0283926111,-0.135359451,0.99229306,0.201388046,0.0188884549,-0.0582837835,0.991136312,-0.257747501,0.0143416198,-0.180381447,0.984035134,0.156086385,0.0346367806,-0.0849741846,0.992045045,-0.224782646,-0.00800808519,-0.204909042,0.98592627,0.199609488,0.00220404589,-0.0678641349,0.986771047,-0.255739689,-0.0222045947,-0.155583233,0.980180085,0.0980863646,-0.00362559524,0.0259021781,0.999985695,-0.0960219875,0.000320719788,-0.0242189281,0.999983907,0.148517504,0.395929456,0.0298752934,0.98222816,-0.0731645674,0.316874951,-0.0158907957,0.987268507,0.180010572,0.729677916,0.236733869,0.991202056,-0.0903900564,0.709835351,0.17149058,0.992338121,0.16338791,0.767401516,0.260367095,0.894053936,-0.093377,0.744355917,0.149711862,0.901498318,0.195270106,0.800425,0.198390633,0.988765,-0.119296342,0.76675576,0.0690212622,0.988984764
2616.666666666665,-0.0704917386,-0.597517312,-0.367002308,0.999898732,-0.0494102053,-0.619320214,-0.359264851,0.999743342,-0.0469228849,-0.619107306,-0.347195745,0.999715388,-0.048322849,-0.618925273,-0.351292789,0.99980557,-0.0735837296,-0.628225088,-0.368025661,0.9997859,-0.0728758,-0.626728296,-0.380521148,0.999818563,-0.0666078329,-0.614763737,-0.360352755,0.999858499,0.0268503819,-0.61223048,-0.255541295,0.999843419,-0.114199325,-0.564530551,-0.240874141,0.999567688,-0.0275841616,-0.590666473,-0.317977756,0.999933,-0.0619520545,-0.556267083,-0.340735316,0.999906898,0.140876159,-0.462631047,-0.117489822,0.999990821,-0.188569263,-0.498781145,-0.0526836254,0.999972165,0.213384837,-0.265104473,-0.0743758753,0.993156433,-0.231356025,-0.224385396,-0.0589800961,0.984325945,0.211952776,-0.0355097838,-0.0511707962,0.995637298,-0.271887511,-0.0286636725,-0.131327569,0.992091119,0.199967921,0.0188502073,-0.0494993813,0.991174221,-0.256435812,0.0147034898,-0.176172197,0.983744562,0.155309528,0.0340542309,-0.0762879848,0.992079735,-0.2230625,-0.00737052737,-0.200812176,0.985668361,0.198609874,0.00154053851,-0.0594363771,0.986883402,-0.254550278,-0.0224835947,-0.151489064,0.979916513,0.0982385054,-0.00364281051,0.026033381,0.999985695,-0.0961127356,0.00035524508,-0.0243713669,0.999983788,0.148718148,0.39498654,0.0298299957,0.980856597,-0.0732464418,0.317201495,-0.0195381064,0.986081064,0.179657176,0.727918625,0.235387728,0.990384459,-0.0888525471,0.709726095,0.164615244,0.991760135,0.162973881,0.765478551,0.258767039,0.886941791,-0.0914345905,0.744279265,0.142255545,0.895375669,0.195267141,0.79853183,0.197163835,0.987802804,-0.115959235,0.766708,0.0605415516,0.988126755
2633.3333333333317,-0.0668698102,-0.599761307,-0.36790067,0.999906182,-0.0459524095,-0.621392548,-0.359771103,0.99976176,-0.0433395915,-0.621163666,-0.347751409,0.999734938,-0.0448894314,-0.620991766,-0.351734,0.99981916,-0.0708741173,-0.630022705,-0.368680567,0.999801934,-0.0702094659,-0.628606796,-0.381232053,0.999831498,-0.0640043914,-0.6166659,-0.360970914,0.999868751,0.0298966561,-0.613568,-0.253178239,0.999853075,-0.11415197,-0.565600872,-0.239985287,0.999595642,-0.0240270142,-0.592560589,-0.318316936,0.999937117,-0.0595291257,-0.558096528,-0.341281772,0.999913216,0.141956493,-0.462271512,-0.113736175,0.999991,-0.18805939,-0.499460697,-0.0515744165,0.99997288,0.213215426,-0.263742387,-0.0736569092,0.993050516,-0.230976909,-0.224804237,-0.0571471788,0.984353423,0.210739508,-0.0363498926,-0.0531724356,0.99556303,-0.271295041,-0.0294451267,-0.129493326,0.992107153,0.198379844,0.0176816378,-0.0511796586,0.991070211,-0.255978346,0.0143825738,-0.174864814,0.983827412,0.15366219,0.0305135418,-0.0780184567,0.991985142,-0.222499266,-0.00753958151,-0.199767113,0.985740542,0.197151795,-0.00023517813,-0.0614249147,0.986792445,-0.253921717,-0.0232828856,-0.149830848,0.980050266,0.0983741358,-0.00365524576,0.0265442934,0.999985695,-0.0962103903,0.000379749283,-0.0248876922,0.999983847,0.148651391,0.392942518,0.0350435376,0.979840934,-0.0695674792,0.317183912,-0.0198392626,0.985465348,0.179170862,0.724487603,0.243375972,0.989668846,-0.0882939845,0.709623516,0.161904186,0.991477728,0.162448481,0.761953592,0.266841322,0.881413758,-0.0911216438,0.744173646,0.139474571,0.891803622,0.194671944,0.796429396,0.208735764,0.987004578,-0.11461103,0.766527474,0.0563475527,0.987652361
2649.999999999998,-0.0650337338,-0.604670405,-0.369294196,0.999912858,-0.0441644,-0.625445426,-0.36140427,0.999778569,-0.0416762345,-0.62519753,-0.3494142,0.9997527,-0.043296434,-0.625021756,-0.35330084,0.999831498,-0.0693507195,-0.633883238,-0.370033175,0.999816656,-0.068683289,-0.632638514,-0.382649392,0.999843419,-0.0625214726,-0.620741248,-0.362328082,0.999878287,0.0317626074,-0.615356863,-0.254451483,0.999861717,-0.113359042,-0.567903817,-0.240738466,0.999621451,-0.0221079905,-0.596454263,-0.319852769,0.999941051,-0.0578987114,-0.562295914,-0.342492372,0.999919236,0.142648354,-0.462257296,-0.112160377,0.999991119,-0.187173501,-0.500606596,-0.0526332371,0.999973774,0.213025227,-0.262859046,-0.072880283,0.992684305,-0.230800375,-0.225461438,-0.0577898212,0.984371364,0.209506705,-0.0370918177,-0.0555009134,0.995274,-0.271318,-0.0300385393,-0.130131245,0.992091358,0.196832225,0.0161865819,-0.0556824133,0.990590155,-0.256099015,0.0138036087,-0.176853791,0.983783662,0.152907163,0.0266948305,-0.0825740919,0.991559863,-0.222502917,-0.00830944441,-0.201820925,0.985710382,0.195993021,-0.00188844523,-0.0640147477,0.98616153,-0.253928602,-0.0239148587,-0.150434688,0.979951262,0.0984489918,-0.00371293118,0.0275960397,0.999985635,-0.0962818712,0.000453481713,-0.0258363523,0.999983907,0.149538293,0.392025977,0.0427712537,0.978500664,-0.0680665076,0.317264259,-0.0174879711,0.984614909,0.180015504,0.719953179,0.258678347,0.988718152,-0.0887137353,0.707969606,0.171485633,0.990896583,0.16357781,0.757158339,0.283353418,0.875015914,-0.0915780589,0.74191916,0.150624961,0.885444105,0.195260778,0.792266667,0.225469947,0.986018717,-0.111523814,0.765067,0.065155454,0.986764491
2666.6666666666647,-0.057832513,-0.607644081,-0.363079101,0.99991858,-0.0370724909,-0.628372133,-0.353485495,0.999792695,-0.0345853381,-0.628197908,-0.341610074,0.999767661,-0.0360869579,-0.627983034,-0.345499635,0.999842,-0.0620637424,-0.637068093,-0.363531381,0.999829113,-0.061317753,-0.63571465,-0.376098335,0.999853432,-0.0552488454,-0.623832226,-0.355937868,0.999886215,0.0361442938,-0.616921425,-0.24504301,0.999869108,-0.109434456,-0.570039809,-0.236129209,0.999643624,-0.0162348486,-0.598971486,-0.312788218,0.99994427,-0.0521739312,-0.564775348,-0.337085873,0.999924362,0.144147083,-0.462052971,-0.105023116,0.999991298,-0.184326097,-0.501004934,-0.0513056517,0.99997443,0.212474152,-0.261185348,-0.0650889948,0.99255228,-0.229571134,-0.225627437,-0.0568456873,0.984538496,0.208272532,-0.0372479521,-0.0503207892,0.995252788,-0.268694669,-0.02992169,-0.128442481,0.99209106,0.195298135,0.0160403773,-0.0497131199,0.990620255,-0.253287822,0.0146331107,-0.17420873,0.983841717,0.152426898,0.0262962766,-0.0765430704,0.991589367,-0.219184041,-0.00687730359,-0.199180841,0.985763192,0.194989488,-0.002348023,-0.0587963872,0.986279488,-0.251259506,-0.0238042548,-0.148501113,0.980102062,0.0985383,-0.00373895513,0.0283324383,0.999985874,-0.0963308737,0.00050149794,-0.0266101118,0.999984205,0.15077208,0.392142177,0.0420563929,0.978398502,-0.0671429932,0.317797,-0.0259736925,0.984526157,0.180620372,0.71802634,0.255265653,0.988548577,-0.088756822,0.70770961,0.168777704,0.990775764,0.164198801,0.754874,0.279312283,0.873457968,-0.0915490165,0.741481721,0.148199186,0.882306755,0.198316231,0.791031599,0.220575556,0.985818207,-0.108455405,0.765508056,0.0627468601,0.986504138
2683.333333333331,-0.0505520292,-0.609962463,-0.363669246,0.999922514,-0.0303805936,-0.629947424,-0.353543371,0.999802589,-0.0279780943,-0.629819334,-0.341694802,0.999777317,-0.0295307394,-0.629523516,-0.345532805,0.999849081,-0.0556373596,-0.638574421,-0.364014149,0.999838471,-0.0549563132,-0.637294829,-0.376631796,0.999860466,-0.0488928258,-0.625395119,-0.356462181,0.999892175,0.0394717939,-0.617505908,-0.242792487,0.999873161,-0.107413203,-0.570913732,-0.236757055,0.999658465,-0.0102902967,-0.600901604,-0.312828571,0.999946713,-0.0466954447,-0.566909194,-0.337734491,0.999928594,0.144780889,-0.462044358,-0.101738267,0.999991357,-0.183844581,-0.501112282,-0.0519926623,0.999974966,0.211413935,-0.260504723,-0.0619793385,0.991993546,-0.229344979,-0.225458905,-0.0570086166,0.984673798,0.205928624,-0.0384827368,-0.0516425408,0.994966805,-0.266381681,-0.0297490787,-0.129146799,0.99213171,0.192422077,0.0138610685,-0.0507869497,0.990210414,-0.250258178,0.0147314984,-0.175214,0.983919084,0.150445953,0.0227396619,-0.0776818171,0.991226494,-0.21537894,-0.00671149837,-0.200072706,0.985841155,0.192723259,-0.00432388484,-0.0600968339,0.985758901,-0.248666,-0.0236777328,-0.149227098,0.980164,0.0986103714,-0.00382558396,0.0296215713,0.999985695,-0.0963857,0.000620634295,-0.0278303437,0.999984205,0.151755229,0.391932935,0.0455301143,0.97728765,-0.0671601444,0.317789,-0.0257596802,0.983594239,0.181799784,0.715784848,0.266344309,0.987849176,-0.0889142826,0.702645481,0.181197256,0.990050077,0.165695295,0.752578795,0.291903883,0.868551612,-0.0915993601,0.735449553,0.162922099,0.873507082,0.201223388,0.789863765,0.236122951,0.985054195,-0.103734821,0.763222158,0.0774928257,0.985346
2699.9999999999977,-0.0513857119,-0.612534821,-0.361896038,0.999926269,-0.0307310708,-0.632328689,-0.351098359,0.999812245,-0.0283696409,-0.632221818,-0.339247853,0.999787,-0.0299092978,-0.631876528,-0.3431153,0.999855757,-0.0560370348,-0.641099632,-0.361899376,0.999847472,-0.0553802177,-0.639853954,-0.374547839,0.999867499,-0.0493163466,-0.627930164,-0.354406685,0.999897897,0.0398236178,-0.618772388,-0.239394262,0.999877334,-0.107233398,-0.572953105,-0.234633848,0.999674559,-0.0108663971,-0.603058636,-0.310599387,0.9999488,-0.0472915135,-0.569276333,-0.336074859,0.999932289,0.144811645,-0.462087184,-0.0979969054,0.999991238,-0.183382884,-0.501426,-0.0519178882,0.999975204,0.209453136,-0.260314524,-0.0603154115,0.991495132,-0.227926329,-0.225220218,-0.057210438,0.984776318,0.204085156,-0.0394589193,-0.0522851795,0.994764745,-0.264166266,-0.0290861987,-0.129797801,0.9922,0.190675721,0.0127075613,-0.0510588773,0.989982367,-0.248196676,0.0156747159,-0.175962403,0.984088719,0.149507061,0.0215044059,-0.0780146345,0.991027236,-0.213101625,-0.00551753258,-0.200760394,0.98599267,0.191142425,-0.00549686933,-0.0606152676,0.98550576,-0.246473715,-0.0229856186,-0.149923071,0.980373621,0.0986936241,-0.00386697729,0.0302275922,0.999985635,-0.0964452922,0.000687133521,-0.0283867829,0.999984264,0.151668668,0.39199087,0.0482289232,0.976905286,-0.0674461946,0.317958713,-0.0256038178,0.983300865,0.181991681,0.714572489,0.270888895,0.987580776,-0.089123942,0.700990081,0.186466247,0.989742935,0.165925309,0.751331,0.296629161,0.865873754,-0.0918079466,0.733497679,0.16858089,0.868902624,0.201090321,0.789776802,0.242004991,0.984709561,-0.104099691,0.763157368,0.0855116174,0.984771848
2716.6666666666642,-0.0470479056,-0.613884807,-0.362597883,0.99993068,-0.0265760478,-0.63351512,-0.351892978,0.999823391,-0.0241813529,-0.633402526,-0.340018064,0.999798775,-0.025725916,-0.633080244,-0.343899816,0.999863923,-0.0521449037,-0.642315686,-0.36270389,0.999857306,-0.0514376052,-0.641054094,-0.375378072,0.999875486,-0.0454931855,-0.629192114,-0.355194211,0.999904215,0.0423719399,-0.619375348,-0.23958458,0.999882877,-0.105673969,-0.573776484,-0.235336155,0.999692202,-0.00729936035,-0.604276657,-0.311208159,0.999951422,-0.0440594405,-0.570493,-0.33672452,0.999936402,0.145501912,-0.46208486,-0.0972851217,0.999991357,-0.182667539,-0.501557648,-0.0522128195,0.999975801,0.208848134,-0.259807676,-0.0592812151,0.991103947,-0.227231577,-0.224825919,-0.0581235811,0.98485446,0.203978851,-0.040333353,-0.0530543886,0.994629741,-0.260477722,-0.0277550388,-0.132132277,0.992191553,0.190637112,0.0114161903,-0.0517312102,0.989837229,-0.243715435,0.017493695,-0.17919004,0.984104633,0.149704516,0.0197208226,-0.0785454288,0.990908086,-0.207636327,-0.0039404016,-0.203724891,0.986012578,0.191158101,-0.00668454729,-0.0613654368,0.985357761,-0.242265,-0.0217519552,-0.152069986,0.980371654,0.0987268537,-0.00397229148,0.0309250522,0.999985754,-0.0964769423,0.000815865817,-0.0290612783,0.999984503,0.151947051,0.391992211,0.053088,0.976313353,-0.0677117,0.318055362,-0.0254566502,0.982939243,0.184746623,0.713654637,0.272387952,0.987319946,-0.0891734213,0.700601757,0.185397968,0.989524484,0.169087395,0.750332534,0.297602326,0.863606393,-0.0917074606,0.733012438,0.167076632,0.864958346,0.205536008,0.787840664,0.242087692,0.984464228,-0.10323666,0.762588322,0.0841145068,0.984404385
2733.3333333333308,-0.0466012768,-0.617795408,-0.35377717,0.999934673,-0.0264165755,-0.637012124,-0.341514111,0.999833107,-0.0240744185,-0.636984169,-0.329645246,0.999808729,-0.0255790912,-0.636581719,-0.333542973,0.999871075,-0.0517736375,-0.646017075,-0.352973461,0.999866128,-0.0511801392,-0.644748211,-0.365628213,0.999882579,-0.04515744,-0.632739544,-0.34558323,0.999909937,0.0422104038,-0.621503592,-0.228567451,0.999887526,-0.105533324,-0.576191723,-0.227284789,0.999707758,-0.00680353,-0.607775331,-0.302356184,0.999953747,-0.0435940735,-0.573957384,-0.328665853,0.999940097,0.145427942,-0.46218431,-0.0898167565,0.999991417,-0.182264388,-0.502066672,-0.0497263446,0.999976456,0.206260055,-0.26004678,-0.0473065861,0.990532517,-0.226274431,-0.224776626,-0.0575115606,0.98485297,0.203427628,-0.0420677513,-0.0372630544,0.994404137,-0.257976502,-0.0270987377,-0.131574512,0.992213726,0.190401092,0.00958043,-0.0352315716,0.989511371,-0.241322428,0.0185274594,-0.178599507,0.98416388,0.149722293,0.01863572,-0.0624909066,0.990625858,-0.204799622,-0.00264017866,-0.202809587,0.986066103,0.190831825,-0.00836352911,-0.045727253,0.98499918,-0.239738926,-0.0209882893,-0.151280746,0.980413437,0.0986936,-0.00406550756,0.0315524787,0.999985754,-0.09642791,0.000946989283,-0.0296850745,0.999984562,0.151887849,0.390815914,0.0555895381,0.974195719,-0.0645561442,0.318059951,-0.0169458818,0.980689704,0.184554785,0.709450543,0.274025917,0.985972166,-0.0870677382,0.69826597,0.19938153,0.988224447,0.168944404,0.745824575,0.299301565,0.856277823,-0.0893,0.730524659,0.180977911,0.853201509,0.20567365,0.780884206,0.245986789,0.983052433,-0.0979222581,0.759459317,0.0990218893,0.982498646
2749.9999999999973,-0.044702746,-0.620574296,-0.352242351,0.999938905,-0.0239038,-0.63956517,-0.339885145,0.999844,-0.0215621144,-0.639565289,-0.328003198,0.99982053,-0.0230499208,-0.639122665,-0.331930459,0.999879181,-0.0492098294,-0.649000823,-0.351660669,0.999875486,-0.0486892,-0.647735119,-0.36433664,0.999890387,-0.0426663458,-0.635741234,-0.344264805,0.999916,0.043663729,-0.622657478,-0.226604,0.999893785,-0.104125865,-0.57927531,-0.226422504,0.999726236,-0.00561331259,-0.609953165,-0.300605625,0.999956429,-0.0424433388,-0.576739132,-0.327357,0.999944091,0.145380184,-0.462334633,-0.0880110338,0.999991536,-0.182062045,-0.502759,-0.0492753871,0.999977112,0.203702196,-0.260118961,-0.0476141684,0.990208685,-0.225092173,-0.224639848,-0.0573409721,0.985179603,0.202526927,-0.0439746603,-0.0398270302,0.994355559,-0.25567314,-0.0255677756,-0.131465346,0.992413044,0.189888343,0.00746783428,-0.0379608572,0.989522278,-0.238990307,0.020523835,-0.178455189,0.984579325,0.149626479,0.0170849655,-0.0650905892,0.990637124,-0.202482447,-0.000108662207,-0.202718943,0.986434937,0.190206811,-0.0102066305,-0.0482539907,0.985054255,-0.23752746,-0.0192542505,-0.151134893,0.980904162,0.0987157524,-0.00416348409,0.0317701399,0.999986112,-0.0964386836,0.00108741596,-0.029886432,0.99998492,0.152199939,0.390814722,0.0547094047,0.974597692,-0.0646904856,0.318347275,-0.0159968827,0.980604529,0.184921727,0.708236039,0.272204518,0.986092031,-0.0858555213,0.697385669,0.201771915,0.988163,0.169304788,0.744538307,0.297400087,0.857255578,-0.0878386199,0.729516745,0.183399618,0.851493239,0.208042145,0.780222654,0.244004548,0.983218133,-0.0967190787,0.759194851,0.102095753,0.982352674
2766.666666666664,-0.0411977768,-0.622998595,-0.35256353,0.999942303,-0.0207071677,-0.641643703,-0.341425687,0.999852538,-0.0184586141,-0.641556144,-0.329528302,0.999829531,-0.0200096946,-0.641156197,-0.333467931,0.999885261,-0.0460931733,-0.651011944,-0.352202982,0.999883115,-0.045536425,-0.649804175,-0.36476177,0.999896705,-0.0395652801,-0.637870431,-0.344754905,0.999921,0.0450007804,-0.623522341,-0.229684979,0.999898255,-0.102593139,-0.580398798,-0.22811982,0.999741137,-0.00292094052,-0.61202091,-0.301648378,0.999958515,-0.0397155657,-0.5789451,-0.328372836,0.999947369,0.145401344,-0.46252203,-0.090009585,0.999991536,-0.181554586,-0.503157735,-0.053654138,0.999977648,0.203261182,-0.260137826,-0.0494753569,0.989684641,-0.223882556,-0.223992586,-0.0655320063,0.985312819,0.202642113,-0.0441120751,-0.0402995087,0.994044363,-0.252952456,-0.0242573284,-0.143557802,0.992476285,0.190007925,0.00719516305,-0.0387731306,0.989087641,-0.236232653,0.0215915758,-0.19230029,0.984706879,0.150498137,0.0167870168,-0.0655187,0.990255773,-0.199489176,0.000608376,-0.215852216,0.986548066,0.190418929,-0.0103330743,-0.0486375727,0.984531045,-0.234701186,-0.0180586334,-0.16305472,0.980988562,0.0987097844,-0.00431455625,0.0326760449,0.999986291,-0.0964295641,0.00126373908,-0.0307318289,0.999985158,0.152480155,0.390792876,0.0639465228,0.974493802,-0.0630527362,0.318731487,-0.0144224297,0.980405211,0.186004817,0.708234,0.284185946,0.986029565,-0.0847750381,0.697206318,0.202885851,0.987999678,0.170686737,0.744647,0.31000331,0.857381165,-0.0866890922,0.729298592,0.184550762,0.848999739,0.211291522,0.780386448,0.257905364,0.983120799,-0.0953591093,0.759029746,0.102181815,0.981975615
2783.3333333333303,-0.0393244475,-0.625344157,-0.353186578,0.999946058,-0.0190186203,-0.64366287,-0.342723578,0.999862,-0.0168077108,-0.643573403,-0.33081764,0.999839783,-0.0184527338,-0.643112183,-0.334755272,0.999892116,-0.0446313843,-0.652952969,-0.353141874,0.999891341,-0.0441546477,-0.651874602,-0.365679771,0.999903679,-0.0381414369,-0.639973938,-0.345674098,0.999926448,0.0457734056,-0.624378324,-0.230178699,0.99990344,-0.102335848,-0.581515,-0.228686437,0.999757588,-0.00123648834,-0.614034116,-0.302745372,0.99996084,-0.0383728929,-0.581096113,-0.328710616,0.999950826,0.145347446,-0.463003665,-0.0895655528,0.999991536,-0.181441978,-0.503545463,-0.0541255847,0.999978364,0.201652691,-0.260245025,-0.0468767919,0.989017606,-0.223660097,-0.223063529,-0.0671976283,0.985469699,0.202788845,-0.0441886745,-0.0418648757,0.993736804,-0.251615763,-0.0239227265,-0.148233369,0.992634535,0.190194383,0.00712929619,-0.0406535193,0.988625467,-0.234530717,0.0218725298,-0.1976877,0.984986186,0.151573077,0.0168228038,-0.0675908253,0.989860117,-0.197098911,0.000631152943,-0.220652193,0.986793816,0.190560475,-0.0103253154,-0.0503661,0.983959913,-0.233134657,-0.0177889857,-0.167463064,0.981205106,0.0987095237,-0.00441488205,0.0329473466,0.999986351,-0.0964296311,0.00141792395,-0.0309248865,0.999985337,0.151807249,0.390408188,0.0629027486,0.973812044,-0.062712647,0.318686396,-0.010228863,0.979410112,0.185870811,0.704090118,0.290318,0.985239804,-0.0829849169,0.692249537,0.211084083,0.987326,0.170572683,0.740341425,0.317449898,0.853402555,-0.0847785696,0.723942697,0.193602428,0.844028175,0.210866943,0.777660131,0.267972946,0.982211411,-0.0952858254,0.753627777,0.114063211,0.980883718
2799.999999999997,-0.0371189825,-0.625838459,-0.353892177,0.9999488,-0.0169846024,-0.644169927,-0.343634337,0.999868929,-0.0148419887,-0.644113,-0.331704527,0.999847114,-0.0164805837,-0.643606901,-0.335642278,0.999897063,-0.0425805189,-0.65353018,-0.353975862,0.999897659,-0.0421779491,-0.652433157,-0.366506845,0.999909,-0.03617125,-0.640504837,-0.346483827,0.99993062,0.0463689603,-0.624649286,-0.22989513,0.999907434,-0.102043733,-0.581939936,-0.22897163,0.999770522,0.000236034393,-0.614476621,-0.303586543,0.999962509,-0.0370722525,-0.581627071,-0.329053164,0.999953568,0.14510183,-0.462992668,-0.0896262228,0.999991477,-0.18150723,-0.503693283,-0.0550145917,0.999978781,0.1985728,-0.260108083,-0.0411076769,0.988572955,-0.222498745,-0.22277,-0.0690566,0.985745,0.20293279,-0.0440487415,-0.0307993069,0.993528843,-0.24684146,-0.0229040924,-0.149699,0.992768168,0.19031243,0.00719611393,-0.0281007085,0.988312125,-0.229273289,0.0229345225,-0.199033782,0.985236585,0.152517766,0.0170409195,-0.0561225526,0.9895913,-0.191314623,0.00173694454,-0.221659824,0.987015784,0.190643638,-0.0100758178,-0.0396740884,0.983629763,-0.228014916,-0.0167002045,-0.168769911,0.981456161,0.0987243205,-0.00448566,0.0331323817,0.99998647,-0.0964425,0.00152937137,-0.0310709588,0.999985516,0.152042493,0.390154392,0.0624118224,0.97418654,-0.0618598387,0.318600655,-0.00525355944,0.979139864,0.18602179,0.701766789,0.294995636,0.985034287,-0.0824230462,0.689583719,0.222204238,0.987108648,0.170707554,0.737937033,0.322829247,0.852009833,-0.0842637,0.721259892,0.205202267,0.841392,0.210561469,0.776912212,0.274277985,0.981860399,-0.095299527,0.751759827,0.126059428,0.980372071
2816.6666666666633,-0.0328416787,-0.626386106,-0.352784663,0.999951124,-0.0128148356,-0.644732237,-0.341172755,0.999874651,-0.0106988261,-0.644725084,-0.329092801,0.999853134,-0.0122243613,-0.644175589,-0.333123058,0.999901295,-0.0380053073,-0.65444541,-0.353032202,0.999902964,-0.037640769,-0.653256118,-0.365632176,0.999913394,-0.0316251591,-0.641320229,-0.345579118,0.999934077,0.047400184,-0.624728,-0.226017103,0.999910951,-0.100412332,-0.582856238,-0.229543105,0.999781191,0.00283533265,-0.614828825,-0.301522404,0.999963939,-0.0341577567,-0.582194388,-0.328723699,0.999956,0.144465119,-0.462738931,-0.0892684907,0.999991536,-0.181523547,-0.503725648,-0.0550180115,0.999979079,0.196444616,-0.259719461,-0.0364073217,0.988594711,-0.221487895,-0.222729743,-0.0689660311,0.986184597,0.202833056,-0.0419975296,-0.0154016344,0.993562341,-0.243661895,-0.0215989631,-0.148529589,0.992954969,0.19054544,0.00988105685,-0.00996099506,0.988354146,-0.225505456,0.0244263224,-0.19719401,0.985600114,0.152776,0.0211409349,-0.0383884534,0.989631832,-0.187522471,0.00400132546,-0.219460294,0.987337351,0.190801084,-0.0074635474,-0.0241601486,0.983776271,-0.224794015,-0.0152747929,-0.167302296,0.981910586,0.0987204,-0.00459802803,0.0331287608,0.999986649,-0.096433416,0.00168087485,-0.031067865,0.999985695,0.153236106,0.389771521,0.059450727,0.974778116,-0.0620554797,0.318484962,-0.00558931055,0.978916764,0.186034,0.700441658,0.293735236,0.984934866,-0.0827737153,0.689355493,0.21931152,0.986947298,0.170640275,0.736524224,0.320536,0.85113591,-0.0846394598,0.721151948,0.201880708,0.838922501,0.210855573,0.77588886,0.269179553,0.981668353,-0.0955825225,0.751779318,0.122111037,0.980006158
2833.33333333333,-0.0314115509,-0.628054202,-0.350880206,0.999953687,-0.0116630653,-0.646347702,-0.33786574,0.999881148,-0.00950855203,-0.646424413,-0.325789481,0.99986,-0.0110105481,-0.645819128,-0.329816073,0.999906123,-0.0368747152,-0.656078398,-0.35082373,0.999908745,-0.0365078561,-0.654873967,-0.363417208,0.999918282,-0.0304731615,-0.642970681,-0.34340027,0.999937952,0.0477544554,-0.625150442,-0.220524177,0.999914527,-0.10025607,-0.583255291,-0.228523493,0.999792695,0.00401725341,-0.61605072,-0.298776358,0.999965608,-0.0330583602,-0.58330369,-0.327236295,0.999958575,0.144048557,-0.462442487,-0.0853702202,0.999991655,-0.181650281,-0.503462315,-0.053633038,0.999979556,0.195270747,-0.25912869,-0.0276043806,0.988237798,-0.221348807,-0.221827433,-0.0676057413,0.986342192,0.202903941,-0.0404264852,-0.00568074221,0.993460894,-0.242458567,-0.020862639,-0.145707503,0.993047655,0.190657899,0.0116950534,0.000163475881,0.988188446,-0.223977014,0.0249232315,-0.193950117,0.985789835,0.153378472,0.0236270018,-0.0282549169,0.98949194,-0.186078236,0.00435621198,-0.215930626,0.987507,0.190890968,-0.00561417127,-0.0142837213,0.983638644,-0.223595336,-0.0147369578,-0.164214969,0.982112885,0.0987308919,-0.00470958976,0.0333135836,0.999986887,-0.0964416489,0.00183129415,-0.0312414709,0.999985933,0.15411225,0.389731228,0.0587250441,0.97429651,-0.0621125698,0.318208277,-0.00967559777,0.977903247,0.186211258,0.699802339,0.291061491,0.984270751,-0.0824941769,0.687256157,0.217011,0.986272037,0.170756564,0.735774338,0.317760795,0.847053826,-0.0842767954,0.718885958,0.199418694,0.831818,0.21218,0.77433449,0.266940802,0.980956495,-0.0938578472,0.749411225,0.119127318,0.979018033
2849.9999999999964,-0.0305797216,-0.628682196,-0.349103808,0.999954879,-0.0109247677,-0.647035599,-0.335516959,0.99988389,-0.00874417648,-0.647143424,-0.323368937,0.999862432,-0.0101988129,-0.64650929,-0.327480257,0.99990809,-0.0359801576,-0.656914234,-0.3491925,0.999911964,-0.0356193036,-0.655653536,-0.361772388,0.999920785,-0.029578533,-0.643774,-0.341780692,0.999940038,0.0476585664,-0.625404537,-0.217822269,0.999915719,-0.100175567,-0.583799481,-0.228352591,0.999798894,0.00438583316,-0.616610169,-0.296610922,0.999966204,-0.0325583406,-0.58387357,-0.326011688,0.99996,0.142833039,-0.461979151,-0.0842678547,0.999991596,-0.182072982,-0.503388643,-0.0531042181,0.999979556,0.193193406,-0.257997751,-0.0245779175,0.988001227,-0.221123278,-0.221586704,-0.0670241788,0.986526906,0.202966303,-0.0371419117,0.00261390186,0.993381381,-0.242328882,-0.0190685764,-0.14258945,0.99311614,0.190949127,0.0150926178,0.00981086865,0.988041699,-0.224062532,0.0265350714,-0.189995855,0.985933065,0.154624417,0.0280599575,-0.0187920742,0.989368856,-0.186415881,0.00654159253,-0.212097406,0.987634361,0.191090047,-0.00190333824,-0.00603042962,0.983546257,-0.223621219,-0.0129160034,-0.161087692,0.982291102,0.0987144038,-0.0047869673,0.0333327837,0.999987,-0.0964131653,0.00193796388,-0.0312622339,0.999986053,0.154259086,0.390282393,0.0575308241,0.974317849,-0.0630874261,0.3182832,-0.012644032,0.977324963,0.185970113,0.700034142,0.29073137,0.98391974,-0.0827697,0.68746531,0.215880796,0.985859513,0.170429915,0.736000419,0.317122668,0.844757855,-0.0845193341,0.719153166,0.198089182,0.827018857,0.212414175,0.773700595,0.264960259,0.980518401,-0.0941341668,0.749573052,0.117435411,0.978331745
2866.666666666663,-0.0292696822,-0.629595,-0.348810822,0.999956667,-0.00964115374,-0.647976577,-0.334624857,0.999888122,-0.00746213505,-0.648117423,-0.322401434,0.999866605,-0.00898330752,-0.647415876,-0.326570481,0.999910951,-0.0349280685,-0.657912254,-0.348605931,0.999916196,-0.0346625,-0.656662166,-0.361204058,0.999924302,-0.0285704751,-0.64474982,-0.341177672,0.999942839,0.0480972789,-0.62587,-0.21532093,0.999917746,-0.100226432,-0.58429724,-0.22788924,0.999807417,0.00555522926,-0.617423177,-0.295922577,0.99996686,-0.0317382067,-0.584681928,-0.325651914,0.999961555,0.142093316,-0.46190539,-0.082195349,0.999991357,-0.182233334,-0.50337857,-0.0526709594,0.999979734,0.19133006,-0.257670522,-0.0186473094,0.987124205,-0.220668241,-0.221329704,-0.0669516101,0.986685157,0.203727886,-0.0366596617,0.0152784176,0.992891967,-0.240502521,-0.0167207196,-0.141041294,0.993215799,0.193180248,0.0155672748,0.024038624,0.987243176,-0.222138837,0.0297089536,-0.188091859,0.986103296,0.15850383,0.0288202371,-0.00477586733,0.988663554,-0.183779404,0.010018508,-0.209886044,0.987780213,0.192952111,-0.00124052,0.00665160082,0.982663155,-0.22163564,-0.010210583,-0.159375489,0.98247987,0.0986909121,-0.00492231268,0.0333384946,0.999987,-0.0963871181,0.00213992735,-0.0312652774,0.999986112,0.156074896,0.389027327,0.0572927743,0.973848224,-0.0626388937,0.318213522,-0.0112935947,0.97579354,0.186597049,0.696136713,0.289066672,0.983072698,-0.0818795711,0.685030878,0.219169572,0.98491925,0.170934245,0.731925,0.315487266,0.840661645,-0.0837763846,0.716673,0.201732814,0.821103275,0.214202344,0.77074945,0.266122699,0.979338109,-0.0943398178,0.747234702,0.125658795,0.9767645
2883.3333333333294,-0.0290993452,-0.629933357,-0.353305429,0.999959469,-0.00952687301,-0.648169398,-0.338369936,0.999895513,-0.007366037,-0.648295462,-0.326101869,0.99987489,-0.00892954,-0.647591352,-0.330213875,0.999916494,-0.0349012539,-0.657997608,-0.352697223,0.999922276,-0.034627,-0.656782508,-0.365382373,0.999929607,-0.0285201203,-0.644898474,-0.345225602,0.999946952,0.048495736,-0.625841856,-0.216394454,0.999922276,-0.100104764,-0.584189236,-0.231272295,0.99982059,0.00600071531,-0.617598295,-0.299487948,0.999968827,-0.0313047394,-0.584823728,-0.329877377,0.999964178,0.141961336,-0.461620718,-0.0827422,0.999991477,-0.182254091,-0.50264746,-0.0550703444,0.999980628,0.190526813,-0.257090092,-0.018572852,0.98623997,-0.220336869,-0.218504399,-0.0680252612,0.987031877,0.205050945,-0.0363508798,0.0101075815,0.992481768,-0.239448085,-0.0133171929,-0.143278062,0.993438423,0.195918962,0.0155575881,0.0176185947,0.986556888,-0.220825627,0.0325412937,-0.191288009,0.986481726,0.162838191,0.0287350826,-0.0113526648,0.988072813,-0.182063013,0.011986563,-0.212956265,0.988116622,0.1953675,-0.000971987552,0.00134954136,0.981858492,-0.22031787,-0.00701287203,-0.16175124,0.982854843,0.0986957103,-0.0050009694,0.0335892066,0.999987304,-0.0963983685,0.00224863389,-0.0314621627,0.999986529,0.15648213,0.388780832,0.0572037883,0.973620474,-0.0626924485,0.318152279,-0.00948625058,0.975097775,0.186900645,0.695659816,0.292327702,0.982596755,-0.0817744061,0.682911456,0.225267857,0.984432101,0.171244383,0.731492519,0.319935,0.838415146,-0.0836477876,0.714341879,0.208893776,0.816706717,0.214441344,0.770445883,0.272055715,0.978891,-0.0943213478,0.744836807,0.13098444,0.976093531
2899.999999999996,-0.0281716902,-0.630067,-0.356714666,0.999961376,-0.00863253232,-0.64821583,-0.341275066,0.99990046,-0.00652224803,-0.648319662,-0.328940481,0.999880195,-0.0081348978,-0.647609651,-0.333055526,0.999919951,-0.0340921246,-0.65801841,-0.35582298,0.999926686,-0.0338386595,-0.656826913,-0.368604779,0.999933481,-0.0277058575,-0.64493984,-0.348330498,0.99995,0.0492109284,-0.625802457,-0.217844531,0.999924898,-0.0997453,-0.584096253,-0.234601915,0.999830186,0.00690489123,-0.61764133,-0.302489042,0.999969959,-0.0304595269,-0.584890068,-0.333351552,0.999965966,0.14188686,-0.461175561,-0.0829305053,0.999991417,-0.18226999,-0.502180755,-0.058339987,0.999981165,0.190295249,-0.25660789,-0.0185545851,0.98531872,-0.219677165,-0.216669992,-0.0701162666,0.987267494,0.209770083,-0.0353733078,0.0117786638,0.991883755,-0.238484904,-0.0106725739,-0.144193664,0.993586063,0.203208476,0.0161507092,0.0201846957,0.985529304,-0.219774336,0.0349045694,-0.192176387,0.98670119,0.171611264,0.0294900797,-0.0091990456,0.987176299,-0.181007668,0.0137626762,-0.213754952,0.988309383,0.20160155,0.000162574026,0.00292932661,0.980694473,-0.219242051,-0.00448980089,-0.162708133,0.983052433,0.0986982957,-0.00508978264,0.0338633321,0.999987483,-0.0964045,0.00237700739,-0.0316985622,0.999986768,0.158066943,0.388434172,0.0590247661,0.973547637,-0.061922811,0.31814605,-0.00320224138,0.974386692,0.188666821,0.695366919,0.296497643,0.982239842,-0.0796354413,0.682689428,0.234633937,0.983966351,0.173158526,0.731303036,0.324608356,0.837109566,-0.0813145787,0.714197457,0.218620762,0.812757134,0.217274964,0.77031374,0.278106809,0.978402853,-0.0925812051,0.74478209,0.140655369,0.975248039
2916.6666666666624,-0.0286466181,-0.630473137,-0.355743974,0.999962091,-0.00906773,-0.648833275,-0.34042567,0.999901891,-0.00694840355,-0.648915052,-0.328084409,0.999881327,-0.00856149942,-0.648218632,-0.332240701,0.999920726,-0.0344994143,-0.658610761,-0.354818046,0.999928713,-0.0342332497,-0.657372892,-0.367588699,0.999935091,-0.0281026904,-0.645424187,-0.347352654,0.999951363,0.0491217896,-0.626584649,-0.218458533,0.999925,-0.0998545736,-0.584424734,-0.233939126,0.999834478,0.00662037311,-0.618143439,-0.301787943,0.999969959,-0.0306893587,-0.585232317,-0.332434654,0.999966681,0.141693801,-0.46110329,-0.0833132789,0.999991238,-0.182236969,-0.502132177,-0.0583031736,0.999981284,0.189278662,-0.255578876,-0.0199287497,0.98497504,-0.219121441,-0.216265008,-0.070123516,0.987519801,0.210275963,-0.0339356773,0.0108563639,0.991754115,-0.236744523,-0.00680903392,-0.142882928,0.993710041,0.204148546,0.0177482013,0.0195688922,0.985343635,-0.21784842,0.0405487083,-0.189964,0.986936569,0.172664762,0.0314126536,-0.00978876278,0.987024546,-0.178655311,0.0201828722,-0.211696059,0.988516748,0.202453673,0.00164697517,0.00203224784,0.980591595,-0.217318073,-0.000282102876,-0.161370561,0.983369052,0.0986645594,-0.00512888283,0.0338751785,0.999987423,-0.0963676721,0.00242514396,-0.0317223333,0.999986768,0.158047661,0.38836062,0.0588092878,0.973364294,-0.0616987571,0.317938834,-0.00294937775,0.973735452,0.188690543,0.695506632,0.293655246,0.982045293,-0.079682149,0.682796836,0.232031301,0.98374629,0.173168272,0.731436133,0.321141362,0.83579874,-0.0813766792,0.714385211,0.215758696,0.809530497,0.217424721,0.770270169,0.275919646,0.978151739,-0.0928029,0.745350063,0.137284145,0.974854171
2933.333333333329,-0.0287373271,-0.631943822,-0.355663866,0.999963045,-0.00895662233,-0.650134861,-0.340385407,0.999904275,-0.00683400827,-0.650166929,-0.328038394,0.999883592,-0.00844232272,-0.649481952,-0.332210213,0.999922097,-0.0344007835,-0.660037637,-0.354720294,0.999931276,-0.0341220386,-0.658812881,-0.36749056,0.999937356,-0.0279880986,-0.646863282,-0.347248077,0.999953151,0.049342107,-0.626906216,-0.219068214,0.999925733,-0.0995514095,-0.585243285,-0.233919695,0.9998402,0.00652988,-0.619310379,-0.301808119,0.999970198,-0.0307110399,-0.586567402,-0.332403302,0.999967635,0.141446,-0.460945278,-0.0835652277,0.99999094,-0.182017818,-0.502106428,-0.0586688407,0.999981463,0.188606039,-0.254917592,-0.020861987,0.984284937,-0.217291683,-0.21599263,-0.0713103414,0.987697601,0.213457301,-0.0315799303,0.00881294534,0.991238654,-0.234731361,-0.00528867217,-0.143234625,0.993787408,0.209191605,0.0204571858,0.0173213966,0.984539866,-0.215984121,0.042395819,-0.190146774,0.98706162,0.178997695,0.0351447389,-0.0122020412,0.986320853,-0.176891863,0.0222614,-0.21196574,0.988621473,0.20671165,0.00452381792,-0.00012023704,0.979735732,-0.215416402,0.00144494476,-0.161820114,0.98351419,0.0985190347,-0.00526930159,0.0338828191,0.999987602,-0.0962215737,0.00258649583,-0.0317312069,0.999987,0.158100039,0.387224,0.0586636439,0.973583102,-0.0613793358,0.317904204,-0.00229622796,0.973345816,0.188668266,0.695105851,0.290035963,0.982151806,-0.0771266,0.682841182,0.230326399,0.98363167,0.173136026,0.731097,0.31692934,0.837102175,-0.078575626,0.714431584,0.213758066,0.808800459,0.217802703,0.768793285,0.271873951,0.978223801,-0.0914782509,0.744970798,0.135082379,0.974601567
2949.9999999999955,-0.0281019,-0.634302914,-0.355834752,0.999964476,-0.00847771671,-0.652611554,-0.34047845,0.999908,-0.00633430388,-0.652594566,-0.328128308,0.999887705,-0.00792049058,-0.651927531,-0.332298279,0.999924779,-0.0338871516,-0.66217953,-0.354998142,0.999934554,-0.0335778669,-0.660966516,-0.367760897,0.999940276,-0.0274482295,-0.649064898,-0.347515,0.999955416,0.0493485034,-0.628443718,-0.219477057,0.999927878,-0.0994395167,-0.586145759,-0.234694257,0.999847531,0.00684541324,-0.621369839,-0.301914304,0.999971151,-0.0302648731,-0.588353753,-0.332759351,0.999969065,0.141243085,-0.461068332,-0.0837839842,0.99999094,-0.182028204,-0.50197041,-0.0592763238,0.999981821,0.188383102,-0.254920423,-0.0215601288,0.984068334,-0.216636091,-0.21492216,-0.0713501945,0.987968504,0.216545954,-0.0313355252,0.00742204441,0.991089702,-0.233668536,-0.00381476572,-0.143226072,0.993906677,0.213540241,0.020584859,0.0154233165,0.984291553,-0.214715436,0.0435871892,-0.190154314,0.987279892,0.184256136,0.0352974,-0.0137199135,0.986118138,-0.175894991,0.0231064111,-0.212063283,0.988815188,0.210489,0.00481895,-0.00134424,0.979534268,-0.214345455,0.00271437922,-0.161871597,0.983754516,0.0985104516,-0.00541580841,0.0339642,0.999987841,-0.0962132961,0.00273700664,-0.0318167321,0.999987304,0.158121765,0.387197971,0.0586276092,0.974231899,-0.0613867603,0.317954391,-0.00250003068,0.973718107,0.188858911,0.695226729,0.289572924,0.982526302,-0.0768895894,0.683320224,0.229609177,0.983901381,0.173405305,0.731215894,0.316398948,0.8400352,-0.0782424957,0.714847326,0.212670952,0.809742749,0.219513282,0.768194139,0.27036652,0.978704751,-0.0902638733,0.74506247,0.131127238,0.974967778
2966.666666666662,-0.0270941127,-0.634510458,-0.355817676,0.999965131,-0.00754959416,-0.652900219,-0.34046939,0.999909401,-0.00545439683,-0.652889669,-0.328122,0.999888957,-0.00699507212,-0.652211428,-0.332296908,0.999925315,-0.0329847373,-0.662457108,-0.355012804,0.99993664,-0.0326841027,-0.661223352,-0.367766768,0.999942183,-0.0265389923,-0.649315894,-0.3475281,0.999956965,0.0494663715,-0.628607929,-0.219587848,0.999928,-0.0993408114,-0.586167455,-0.234879225,0.999853194,0.00739162834,-0.62156111,-0.301875591,0.99997133,-0.029676538,-0.588468432,-0.332765281,0.999969959,0.140975013,-0.460828215,-0.0836261734,0.999990642,-0.181996137,-0.501389921,-0.0597159751,0.999982119,0.187693194,-0.253970355,-0.0192453582,0.983294427,-0.215759784,-0.21353054,-0.0721395388,0.988359451,0.218114302,-0.0295174308,0.0139416093,0.990607381,-0.231590524,-0.00168794103,-0.143969744,0.994135559,0.215277016,0.0221584924,0.0241996143,0.983563542,-0.212644041,0.0453562178,-0.190942883,0.987725317,0.18739529,0.037032593,-0.00605836697,0.985490561,-0.173569635,0.0249842517,-0.212829396,0.989204824,0.212731123,0.006650934,0.00484769512,0.978818119,-0.212278813,0.00476699416,-0.162574157,0.984294057,0.0985104144,-0.00547247846,0.0339738838,0.999988079,-0.0962135047,0.00280983583,-0.03182742,0.999987602,0.15825963,0.387105793,0.0583041646,0.975245893,-0.0613806,0.318499744,-0.00280031771,0.974444151,0.189458,0.69526577,0.288156092,0.983228,-0.0769539252,0.683919728,0.228877187,0.984439492,0.173932523,0.731268167,0.314939618,0.844490647,-0.0783195421,0.715480745,0.211840197,0.81310004,0.219728395,0.768209875,0.267824143,0.9795,-0.090845257,0.74589926,0.13028039,0.975723624
2983.3333333333285,-0.0272743925,-0.634616137,-0.354687124,0.999963164,-0.0077083949,-0.652968526,-0.339384735,0.999902964,-0.00560658192,-0.652964413,-0.327056319,0.999880373,-0.00714405,-0.652269125,-0.331249446,0.999919236,-0.0331349224,-0.662582576,-0.354028046,0.999934256,-0.0328270271,-0.661319,-0.366661102,0.999940217,-0.0266803317,-0.649425209,-0.346514821,0.999955833,0.0493310951,-0.628581166,-0.219101697,0.999921799,-0.0994356349,-0.58616,-0.234599873,0.999850094,0.00732136704,-0.621617675,-0.300862074,0.999969542,-0.029753726,-0.588535905,-0.33191666,0.999969244,0.140566051,-0.459730268,-0.0837477446,0.999990165,-0.182641879,-0.500879169,-0.0593229048,0.999982178,0.187404156,-0.252049744,-0.0196869168,0.982675314,-0.215644807,-0.211992338,-0.0706790462,0.988593578,0.218172088,-0.0265646931,0.0148430541,0.989975512,-0.23037599,0.00171579781,-0.141521424,0.994318366,0.21513547,0.0253938418,0.0256267451,0.982555151,-0.210877255,0.0488977022,-0.187527031,0.988104641,0.186971277,0.040114902,-0.00448284438,0.984603,-0.172118291,0.0286786258,-0.210173756,0.989539206,0.212717742,0.00940090232,0.00579998828,0.977766216,-0.211080879,0.00794780347,-0.16026561,0.984777927,0.0985425487,-0.00549980439,0.0338888541,0.999988139,-0.0962374061,0.00284022419,-0.0317620113,0.999987781,0.158306032,0.387501746,0.0523816943,0.975788832,-0.0614025369,0.318961918,-0.010781087,0.97478354,0.189462677,0.695970416,0.276847243,0.983569086,-0.07754004,0.685811698,0.219879434,0.984712243,0.173935652,0.731946886,0.303167254,0.846135557,-0.0790608,0.717528582,0.202428296,0.813410044,0.219952464,0.768569,0.253789902,0.979870856,-0.0912604257,0.748482347,0.117104329,0.976069808
2999.999999999995,-0.0273461901,-0.634521425,-0.354772031,0.999964058,-0.0077781966,-0.652884841,-0.339433968,0.999905348,-0.0056818719,-0.652882278,-0.327106833,0.999882638,-0.00721192034,-0.652187,-0.331304133,0.999920547,-0.0332289226,-0.662496269,-0.354086161,0.999936759,-0.0329142809,-0.661232889,-0.366712928,0.999942541,-0.0267643407,-0.649339437,-0.346576422,0.99995774,0.0492982157,-0.628563285,-0.219110712,0.999922335,-0.099597685,-0.586135447,-0.234615877,0.999856353,0.00723243644,-0.621557415,-0.300899923,0.99997,-0.0298317131,-0.588474154,-0.331962526,0.999970317,0.140045643,-0.459587336,-0.0825792924,0.999989927,-0.182995826,-0.500521541,-0.0594561435,0.999982655,0.187054813,-0.251826465,-0.015961023,0.981420696,-0.215141699,-0.211729467,-0.0706955045,0.988898754,0.219093248,-0.0253756214,0.0171545837,0.989191413,-0.228751,0.00176533672,-0.141683578,0.994531035,0.216534868,0.0263117738,0.027668111,0.98134923,-0.209098041,0.0486467592,-0.187916,0.988503158,0.188390911,0.0415003113,-0.00271950709,0.983558655,-0.169922739,0.0283524636,-0.210393801,0.989890337,0.213746756,0.0108160162,0.00803656597,0.97644788,-0.20920296,0.00800374616,-0.160388529,0.985225618,0.0986198634,-0.00555530842,0.0341868848,0.999988317,-0.0963297337,0.00289334427,-0.0320259593,0.999988079,0.158383936,0.387423962,0.0523690954,0.976130664,-0.06192711,0.319010496,-0.0102937594,0.975024164,0.18972896,0.69560957,0.27779457,0.98375088,-0.0795374364,0.685867727,0.223803207,0.984885,0.174174,0.731583,0.304511607,0.846960366,-0.0810817629,0.717594624,0.206961975,0.812129557,0.219904408,0.768595,0.25419274,0.980151415,-0.0913124308,0.748883486,0.119755559,0.97629565
3016.6666666666615,-0.0267997477,-0.634461582,-0.352204233,0.999963,-0.00740842149,-0.65281409,-0.336934209,0.999901712,-0.00534417853,-0.652812064,-0.324577808,0.999877572,-0.00680901855,-0.652117848,-0.32885918,0.99991703,-0.0328053907,-0.662424564,-0.35187602,0.999935567,-0.0324912146,-0.661160767,-0.364481091,0.999941468,-0.026322687,-0.649269581,-0.344431758,0.999957204,0.0492624,-0.628632,-0.21700792,0.999918342,-0.0996068791,-0.586110651,-0.233855784,0.99985522,0.0073995553,-0.621508598,-0.298354715,0.999968529,-0.0295952298,-0.588421166,-0.329767585,0.999969602,0.139637113,-0.459355146,-0.0820330828,0.99998951,-0.18300055,-0.50028491,-0.0594113059,0.999982536,0.186242193,-0.251025587,-0.015690593,0.980638266,-0.21431379,-0.21168229,-0.070745185,0.989036,0.220186546,-0.0217215028,0.0210965555,0.988668323,-0.224879339,0.00321783102,-0.140289038,0.994585097,0.218228415,0.0306416918,0.0326575786,0.980524957,-0.2045708,0.050786,-0.185907528,0.988602102,0.190561026,0.0471167527,0.00227093766,0.982849061,-0.164383724,0.0311141461,-0.207989484,0.989971638,0.215202704,0.0149891796,0.0120835816,0.975633681,-0.204919308,0.00974943768,-0.158710405,0.985349178,0.0986176878,-0.00558755128,0.034168154,0.999988377,-0.0963263363,0.00293626077,-0.0320186429,0.999988198,0.158021629,0.387433857,0.051726222,0.976357877,-0.0620590039,0.319421053,-0.00916766,0.974868476,0.189732894,0.695372224,0.276316524,0.983883262,-0.0797387958,0.686754286,0.224438652,0.985012293,0.174181923,0.731261611,0.302926183,0.847150266,-0.0813144147,0.718622,0.207318485,0.811274827,0.219854802,0.768237948,0.252563059,0.980279624,-0.0917009041,0.75012213,0.120522708,0.976406276
3033.333333333328,-0.026217768,-0.63454622,-0.353362322,0.999963105,-0.00686661247,-0.652947605,-0.33793512,0.999901831,-0.00485337619,-0.652944267,-0.325547636,0.999877512,-0.00630909111,-0.652244508,-0.329814583,0.999916673,-0.0323079303,-0.662563801,-0.353104353,0.999936461,-0.0319950692,-0.661293685,-0.365732789,0.999942422,-0.0258096624,-0.649378777,-0.345664531,0.999958,0.0492408909,-0.628706396,-0.217397273,0.999917924,-0.0996164829,-0.586137295,-0.23576355,0.99985826,0.00760117173,-0.621574461,-0.299276322,0.99996841,-0.0293594506,-0.588485181,-0.331117451,0.99997,0.139305905,-0.459259689,-0.0824007243,0.999989271,-0.183409482,-0.500031412,-0.0615067147,0.999982595,0.186095819,-0.250578821,-0.0158222411,0.980196059,-0.214052469,-0.211423516,-0.073409766,0.98928982,0.222064242,-0.0204050504,0.0214628633,0.988315582,-0.223085582,0.00327894208,-0.141973,0.994696259,0.220557973,0.0319807604,0.0332018696,0.979941726,-0.202398226,0.0507372,-0.187761381,0.988802433,0.193373904,0.0483346,0.00250962493,0.982351542,-0.162031382,0.0308405142,-0.209425256,0.990144849,0.21741277,0.0163802337,0.0123590315,0.97508806,-0.202898324,0.0097536454,-0.160241097,0.9855811,0.0986672714,-0.00567393843,0.0342092626,0.999988437,-0.0963835567,0.00303632929,-0.0320598297,0.999988317,0.158585653,0.387327224,0.0517910607,0.976960421,-0.0621811301,0.319424391,-0.00625567557,0.97513926,0.191520929,0.695235789,0.277471811,0.984201252,-0.0797295272,0.68667376,0.229150504,0.985255837,0.175966665,0.73112452,0.304288238,0.848559916,-0.0812980607,0.71851939,0.212124467,0.81185329,0.219950691,0.768108428,0.253553778,0.980609953,-0.0916720852,0.74986887,0.12635158,0.976691961
3049.9999999999945,-0.0257645044,-0.634370327,-0.353987575,0.999963641,-0.00659819786,-0.65283376,-0.338587493,0.999903202,-0.00460272375,-0.652825952,-0.326184511,0.999879062,-0.00602993183,-0.652131557,-0.330457538,0.999917507,-0.0320455581,-0.662420809,-0.353971243,0.999937952,-0.0317228213,-0.661142111,-0.36662674,0.999943852,-0.02553837,-0.649225771,-0.346539468,0.999959111,0.0491089858,-0.62867552,-0.217729434,0.999918818,-0.0996846557,-0.585907102,-0.237364352,0.999862254,0.00773014454,-0.621423364,-0.299694806,0.999968767,-0.0291855428,-0.588275909,-0.331900805,0.999970675,0.138686493,-0.458957583,-0.0830207616,0.999989212,-0.183878765,-0.499760866,-0.0621327721,0.999982774,0.186090842,-0.249853387,-0.0160767063,0.980329,-0.213584319,-0.210970029,-0.0740788,0.989585161,0.223169401,-0.0179774351,0.0208456069,0.988299489,-0.222204909,0.00442274287,-0.143258512,0.994867206,0.221738383,0.0344816074,0.0323634073,0.979847252,-0.201515555,0.0516546108,-0.189285934,0.989141345,0.194319233,0.0507948063,0.00176110945,0.982276797,-0.161386088,0.0317188576,-0.211031884,0.990442097,0.218510166,0.0188577157,0.0117710717,0.975062549,-0.201984659,0.0108607179,-0.161591098,0.985990703,0.0986794606,-0.00570530398,0.0342182964,0.999988496,-0.096399188,0.00306905014,-0.0320722833,0.999988437,0.158806339,0.387406498,0.0546191297,0.977801383,-0.0624349117,0.319483161,-0.00507518835,0.975957513,0.191870645,0.69558835,0.281615049,0.984749615,-0.0800817311,0.687621355,0.229549527,0.985800326,0.176312342,0.731556,0.308624148,0.852107465,-0.0816725567,0.719616,0.212388113,0.815572202,0.220059663,0.7684986,0.257249683,0.981241107,-0.0917925388,0.751123309,0.126296893,0.977459252
3066.666666666661,-0.0256360956,-0.634176373,-0.358522415,0.999964595,-0.00658054929,-0.652714968,-0.343049318,0.999906063,-0.00459162891,-0.652699,-0.330582261,0.99988234,-0.00602736184,-0.651997864,-0.334827244,0.999919534,-0.0320355408,-0.662188113,-0.35855484,0.999940217,-0.0317114294,-0.660932243,-0.371300846,0.999946,-0.0255285855,-0.649042904,-0.351092041,0.999960721,0.0487634353,-0.628613293,-0.220734239,0.999920964,-0.0999244377,-0.585357964,-0.241698116,0.999867618,0.00774363661,-0.621256828,-0.303741366,0.999969602,-0.0291570462,-0.588015854,-0.336417913,0.999971688,0.138141155,-0.458937109,-0.084289819,0.999989212,-0.184464291,-0.499008387,-0.0646739751,0.999983072,0.186599225,-0.249691322,-0.0158564616,0.980050147,-0.213061243,-0.208658174,-0.077012375,0.989744425,0.225411773,-0.0177146439,0.0212726686,0.987915576,-0.220436171,0.00525830872,-0.149817228,0.994943857,0.223703861,0.0345430672,0.0326358378,0.979178071,-0.199432611,0.0519295707,-0.197148949,0.989280105,0.196087033,0.0506069362,0.00211656163,0.981683552,-0.159484491,0.0316079445,-0.218325481,0.990555942,0.220651478,0.0190761629,0.0122286612,0.974307954,-0.200113118,0.0114706485,-0.16820769,0.986095726,0.0987013951,-0.00579632306,0.0342650674,0.999988794,-0.0964319408,0.00318198605,-0.0321013704,0.999988794,0.15885444,0.38757664,0.0561603755,0.978777885,-0.062594831,0.320218742,-0.00430745212,0.976908267,0.191986978,0.695452809,0.290921271,0.985356629,-0.0798849,0.687639713,0.232008666,0.986391187,0.176481456,0.731445253,0.319142342,0.85672754,-0.0814291909,0.719622672,0.215299621,0.820899963,0.220098868,0.768691421,0.26880914,0.981898546,-0.091806,0.75126797,0.129167959,0.978252769
3083.3333333333276,-0.0256592,-0.63428241,-0.359670073,0.999964833,-0.00661047921,-0.652943969,-0.344182193,0.999906898,-0.00461901538,-0.652901709,-0.331689656,0.999883473,-0.00605526194,-0.652215421,-0.335928291,0.999919951,-0.0320634395,-0.662330925,-0.359762251,0.99994117,-0.0317386314,-0.661084,-0.372586071,0.999946952,-0.0255556684,-0.649198353,-0.352300197,0.999961376,0.0480241552,-0.628947735,-0.222023785,0.999922276,-0.100374185,-0.585379124,-0.243544042,0.999870598,0.00765777845,-0.621394575,-0.304956406,0.999969959,-0.0292156916,-0.588108301,-0.337867498,0.999972165,0.137104437,-0.459065348,-0.087423943,0.999989152,-0.185340673,-0.498806804,-0.0664994493,0.999982953,0.186591774,-0.249789938,-0.0197526924,0.980449319,-0.21222876,-0.208057806,-0.0818599,0.989944756,0.225600332,-0.0178532321,0.0176146552,0.98792845,-0.218689486,0.00523703592,-0.158290938,0.995022297,0.223807231,0.0344133489,0.0290898513,0.979153395,-0.19770512,0.0517974,-0.206620067,0.989451706,0.196002424,0.0503569208,-0.00146895612,0.981653154,-0.1580486,0.0314585343,-0.227629811,0.990699589,0.220783859,0.0189200938,0.00852400903,0.974333286,-0.198428825,0.0113881771,-0.176780745,0.986290395,0.0987074897,-0.00592280412,0.0342382081,0.999988914,-0.0964419395,0.00330660399,-0.032071013,0.999988914,0.158705905,0.38760227,0.061080955,0.979815423,-0.0626197904,0.320290208,-0.00196177838,0.9780038,0.191950098,0.694967747,0.299462497,0.985970259,-0.0797703192,0.688323259,0.232195988,0.98704648,0.176461518,0.73095578,0.32801643,0.8611871,-0.0812991932,0.720390141,0.215274692,0.827152848,0.219877288,0.768494725,0.279289722,0.982526302,-0.0918652341,0.752282739,0.12938492,0.97913152
3099.999999999994,-0.0255086496,-0.634193063,-0.359665811,0.999964714,-0.00655556098,-0.652907,-0.344273806,0.99990648,-0.00455785124,-0.652862847,-0.331790805,0.999883294,-0.00597902155,-0.652181625,-0.336019188,0.999919713,-0.0319253355,-0.66227144,-0.359877795,0.99994123,-0.0315777399,-0.661013961,-0.372687638,0.999947071,-0.0253907312,-0.649120867,-0.352407455,0.999961436,0.0477311537,-0.62896347,-0.222744659,0.999922276,-0.100351721,-0.585309505,-0.244335786,0.999870777,0.00764825335,-0.621345818,-0.30502367,0.9999699,-0.0291142315,-0.588014185,-0.337948948,0.999972284,0.136664182,-0.45900622,-0.0898990259,0.999989331,-0.185541734,-0.498452485,-0.0665541589,0.999982953,0.186573237,-0.249482289,-0.0234674048,0.980853856,-0.211658373,-0.207310319,-0.0817408115,0.990011096,0.226437137,-0.0171511453,0.0142714661,0.988101363,-0.218191132,0.00572797563,-0.156761959,0.995039284,0.225086704,0.0352157094,0.02572833,0.979376137,-0.197040364,0.052124083,-0.204070777,0.989515,0.197388962,0.0510907844,-0.00484364573,0.981854439,-0.158011124,0.0315106027,-0.225719959,0.990756273,0.221774,0.0195786413,0.00508214766,0.97466141,-0.198105529,0.0116423145,-0.1754601,0.986380875,0.098709017,-0.00600539427,0.0341413468,0.999989,-0.096441552,0.00338326511,-0.0320023261,0.999989,0.159009501,0.387750924,0.0603865609,0.980317831,-0.0619189329,0.320501864,-0.00191377301,0.978398085,0.192476779,0.695971966,0.294467658,0.986195922,-0.0790089294,0.690230548,0.229208425,0.987345219,0.177037284,0.73196733,0.322153151,0.862340152,-0.0805353522,0.722379446,0.21141769,0.828694224,0.220267534,0.768730164,0.273003548,0.982807159,-0.0909917951,0.752990246,0.124797814,0.979560196
3116.6666666666606,-0.0255140457,-0.634102345,-0.360188931,0.999964893,-0.00657163328,-0.652858257,-0.34516716,0.999907,-0.00457325298,-0.652807,-0.332675159,0.999884427,-0.00598946586,-0.652133822,-0.336906165,0.999920428,-0.0319115184,-0.662214816,-0.360766351,0.999941647,-0.0315558612,-0.660936654,-0.373563915,0.999947488,-0.0253658891,-0.649035752,-0.35328722,0.999961674,0.0475333,-0.628965139,-0.22492601,0.999923468,-0.100311093,-0.585257888,-0.246076599,0.999871731,0.00761475321,-0.621289611,-0.305768311,0.999970257,-0.0291086268,-0.587939918,-0.338674873,0.999972641,0.136566103,-0.458967358,-0.0938454,0.999989569,-0.185676366,-0.498200744,-0.0667704865,0.999982893,0.186615959,-0.249346,-0.0281649213,0.981609643,-0.211184055,-0.206833899,-0.0808255598,0.990118444,0.226919,-0.0168827493,0.00971572287,0.988528788,-0.217012182,0.0064160726,-0.153393358,0.995039403,0.225624382,0.0356317796,0.0207514241,0.980035901,-0.195208713,0.0528990738,-0.199466273,0.989559591,0.197906792,0.0515018851,-0.00963638257,0.982437968,-0.156855553,0.0320343673,-0.221840873,0.990794659,0.222283095,0.0198069569,0.000480780029,0.975491464,-0.196970269,0.0121111525,-0.172234803,0.986469328,0.0987186283,-0.00605538953,0.0337330922,0.999989092,-0.0964477509,0.00343550299,-0.0316597261,0.999989033,0.159074679,0.387866825,0.0575873628,0.981205821,-0.061814025,0.320845962,-0.00179343938,0.97918874,0.192862555,0.696394503,0.288459241,0.986652851,-0.0785401613,0.691433549,0.228593141,0.987811,0.177489564,0.732373774,0.315672845,0.8651191,-0.0800743178,0.723597586,0.210565984,0.832611084,0.220342338,0.768805921,0.26649797,0.983313322,-0.0910308063,0.753504157,0.124366432,0.980224729
3133.333333333327,-0.025615029,-0.634062588,-0.360899329,0.999966,-0.00684394268,-0.652836144,-0.345971167,0.999910474,-0.00484093092,-0.652784109,-0.333483398,0.999888897,-0.00625391956,-0.652112424,-0.337667882,0.999923408,-0.0320887826,-0.662169337,-0.361503512,0.999943912,-0.0317414515,-0.660895765,-0.374304056,0.999949574,-0.0255287159,-0.648998916,-0.353993714,0.999963224,0.0469411649,-0.629149556,-0.225803778,0.999926627,-0.100461535,-0.585023463,-0.246595755,0.999876916,0.00748602254,-0.621266901,-0.306509227,0.999971449,-0.029160494,-0.587901533,-0.339373708,0.999973774,0.136385933,-0.459070325,-0.0938745365,0.999989867,-0.185770184,-0.497788101,-0.0667694137,0.999983311,0.186672106,-0.249434277,-0.0276887845,0.982167959,-0.209185615,-0.205640852,-0.0773817226,0.99035871,0.227208629,-0.017079832,0.00967216492,0.988911271,-0.215321124,0.00704349671,-0.148509979,0.995182931,0.225848615,0.0352607407,0.0204541627,0.980641842,-0.193559125,0.0532762595,-0.194523558,0.989856541,0.197888523,0.0510637611,-0.00988413673,0.982975662,-0.155704692,0.0322008617,-0.217243239,0.991056263,0.222435161,0.0195821356,0.000426315208,0.97622937,-0.195356503,0.0126019558,-0.16745,0.986828208,0.0987836,-0.00608539488,0.0337026641,0.999989331,-0.0965256765,0.00346783875,-0.0316282697,0.999989271,0.159001023,0.387894183,0.0576022379,0.982142508,-0.0617998689,0.320866078,0.00049656519,0.980193734,0.192817807,0.695547581,0.293245,0.987112939,-0.0786975473,0.690823138,0.233645424,0.988321364,0.177451476,0.731476188,0.321501493,0.868488193,-0.0802837238,0.722897649,0.216487586,0.837475359,0.21893248,0.768825829,0.274196446,0.983846366,-0.0914360136,0.753389478,0.132695332,0.980956674
3149.9999999999936,-0.0259259474,-0.634645343,-0.360612094,0.999965608,-0.00718008494,-0.653396785,-0.345764667,0.999909401,-0.00514690392,-0.653341532,-0.333283246,0.999887705,-0.00656218175,-0.652672529,-0.337467,0.999922633,-0.0323975086,-0.66258049,-0.361177325,0.999943495,-0.0320475176,-0.661300838,-0.373945504,0.999949157,-0.0258158222,-0.649391949,-0.353655875,0.999963,0.0467813537,-0.62984246,-0.225794479,0.999925852,-0.100511163,-0.585179687,-0.245983467,0.999875844,0.00730222091,-0.621944964,-0.306336731,0.999971211,-0.0292752553,-0.58839196,-0.339001864,0.999973595,0.13636446,-0.459320843,-0.0939610153,0.999989867,-0.185768425,-0.497779518,-0.0655513331,0.999983251,0.186985582,-0.249577969,-0.0282837357,0.982250273,-0.208053425,-0.205656141,-0.0729786,0.990286529,0.229095742,-0.0174799263,0.0083808424,0.988822281,-0.214509398,0.00716974866,-0.142815456,0.995130837,0.22826606,0.0347059146,0.0188771356,0.980457366,-0.192655161,0.0535366237,-0.188286081,0.989773631,0.20067279,0.050474681,-0.0114415502,0.98281467,-0.155111611,0.0323739573,-0.211685836,0.990982234,0.22459121,0.019108491,-0.000940828293,0.976034641,-0.19465737,0.0127184307,-0.162053317,0.986729681,0.0987789556,-0.0061297752,0.0333707482,0.99998939,-0.096516788,0.00351457647,-0.031331379,0.999989331,0.159097537,0.387899935,0.0568521209,0.982432485,-0.0617535524,0.321123093,0.000993513386,0.980358243,0.193645611,0.695648849,0.288952857,0.987209737,-0.0782972723,0.690965,0.233495668,0.988408566,0.178502724,0.731573224,0.31652993,0.868792772,-0.0798709542,0.723013341,0.216335088,0.838006377,0.220695257,0.768455148,0.269032,0.983928084,-0.0914680287,0.753314257,0.1324009,0.981050491
3166.66666666666,-0.0261122528,-0.634626508,-0.360587448,0.999966204,-0.00739918463,-0.653402388,-0.345761061,0.999911249,-0.00534220645,-0.653346539,-0.333280802,0.999890268,-0.00674453098,-0.652677715,-0.337463975,0.999924362,-0.0325362869,-0.662570179,-0.361156046,0.999944746,-0.0321817808,-0.661284804,-0.373921722,0.999950349,-0.0259421133,-0.649373889,-0.353634268,0.99996382,0.0464738347,-0.629986167,-0.225982204,0.99992764,-0.100549251,-0.585180759,-0.245919287,0.999878526,0.00706077646,-0.621952355,-0.306330472,0.999971807,-0.0293995272,-0.588377535,-0.338973045,0.999974251,0.13616766,-0.459350377,-0.0945539922,0.999990106,-0.185815081,-0.497637898,-0.0652522072,0.99998349,0.187031448,-0.249594927,-0.028693812,0.982728124,-0.206959426,-0.20470199,-0.0700756162,0.990377724,0.230113566,-0.0175323244,0.00805247203,0.989103,-0.213454798,0.0100614168,-0.13744621,0.995174229,0.229608566,0.0346375369,0.0185050853,0.980890334,-0.191466868,0.0570159033,-0.181954786,0.989887714,0.202324361,0.0504042394,-0.0117708519,0.983199418,-0.154373452,0.0358026549,-0.205903411,0.991082609,0.225802138,0.0190437604,-0.00127552531,0.976589322,-0.193739325,0.0155080976,-0.156829804,0.986892104,0.0987753794,-0.00616243761,0.0330334939,0.999989629,-0.0965079,0.00355241261,-0.0310283508,0.999989569,0.159106076,0.388077,0.0559077822,0.983113706,-0.061673332,0.321424276,0.00158478715,0.981028,0.193639517,0.695718348,0.287868738,0.98755461,-0.0775677487,0.692172766,0.23324877,0.988815308,0.178495273,0.73162,0.315413147,0.870985746,-0.0790768266,0.724309146,0.216050461,0.841631532,0.220619,0.768553793,0.268545061,0.984354734,-0.0912931,0.754937828,0.132184863,0.981672943
3183.3333333333267,-0.0261058751,-0.634786665,-0.357265592,0.999965429,-0.00742078479,-0.653703034,-0.342436433,0.999909043,-0.00536339,-0.653648674,-0.330018,0.999887645,-0.00676320586,-0.652990043,-0.334142774,0.999922335,-0.0325450338,-0.662783384,-0.358004123,0.999943733,-0.0321860574,-0.661485612,-0.370698631,0.999949574,-0.0259456486,-0.649554551,-0.350497693,0.999963284,0.0462605506,-0.63094157,-0.223077834,0.999925733,-0.100583285,-0.585536122,-0.243487716,0.999877095,0.00703774625,-0.622227252,-0.303055584,0.999971032,-0.0294074081,-0.588527203,-0.335814655,0.999973774,0.135928497,-0.459943444,-0.0916902,0.999990046,-0.18575719,-0.497751355,-0.0643777251,0.99998337,0.187132016,-0.250426352,-0.0263577178,0.982495666,-0.204924792,-0.204717085,-0.0696639195,0.990265429,0.232035711,-0.0180193912,0.0102939606,0.988874674,-0.212358162,0.010918281,-0.136073604,0.995104373,0.232258439,0.0340983383,0.0209391657,0.98052752,-0.19083558,0.0582378767,-0.180230632,0.989768207,0.205234244,0.0500562191,-0.00941705238,0.982893467,-0.153930411,0.0373403579,-0.203882277,0.990974367,0.227977335,0.0185737982,0.000896263577,0.976271331,-0.192866743,0.0165539291,-0.155218646,0.986751795,0.0987788066,-0.00619153772,0.0330717117,0.999989569,-0.0965103358,0.00358555326,-0.0310749952,0.999989569,0.158999771,0.388128161,0.0558046736,0.983273804,-0.0612767451,0.321483552,0.00157744426,0.981197655,0.193644702,0.695732534,0.285474747,0.987573206,-0.0776473,0.692394197,0.231456399,0.988936543,0.178491488,0.73163265,0.312590629,0.870598435,-0.079195641,0.724530935,0.213784516,0.84154,0.219559371,0.768617153,0.2643767,0.984365404,-0.0910532176,0.75516963,0.129128024,0.981795371
3199.999999999993,-0.0260938089,-0.634783685,-0.356595367,0.999964833,-0.00743475789,-0.653726041,-0.341822654,0.999906719,-0.00537435105,-0.653666079,-0.329450577,0.999885,-0.00676619541,-0.653016269,-0.333574772,0.999920309,-0.032558661,-0.662787199,-0.357357323,0.999942601,-0.0321924612,-0.661480784,-0.370028585,0.99994868,-0.0259529874,-0.649546266,-0.349862039,0.999962568,0.0462578423,-0.631149471,-0.222724631,0.999923706,-0.100589298,-0.585537195,-0.242738515,0.999875,0.00706308475,-0.622279346,-0.302417815,0.999970198,-0.0293665491,-0.588525057,-0.335038215,0.999973238,0.136064634,-0.459975541,-0.0914169103,0.99999,-0.185241356,-0.497760981,-0.0641640425,0.999983251,0.187903434,-0.250348061,-0.0268833395,0.982608259,-0.204251081,-0.204779446,-0.0696812868,0.990214527,0.235058084,-0.0180835817,0.00876050908,0.988935173,-0.211177021,0.0116280783,-0.136120632,0.995056808,0.235758021,0.0340501964,0.019380983,0.9806391,-0.189471662,0.0595226064,-0.180234417,0.989703298,0.209062934,0.0499875396,-0.0109849358,0.983007073,-0.152706519,0.0386328436,-0.203897655,0.990918756,0.23122,0.0185216442,-0.000684091181,0.976488769,-0.1917274,0.0172972437,-0.155235171,0.986706257,0.0987650305,-0.00621899916,0.0330884,0.99998945,-0.0964876637,0.0036159216,-0.0311122593,0.99998945,0.159056246,0.38829565,0.0549991243,0.98328644,-0.0611479655,0.321478158,0.000111540568,0.98122561,0.194243953,0.696729541,0.278703362,0.987532139,-0.0776553825,0.693342924,0.223568395,0.988946438,0.179222718,0.732587337,0.30488196,0.870157719,-0.0792009905,0.725554049,0.204651818,0.840055108,0.222129136,0.768624306,0.255072743,0.984311521,-0.090169929,0.75546664,0.117896758,0.981769502
3216.6666666666597,-0.0261017848,-0.634719968,-0.35733512,0.999966145,-0.00744988536,-0.653672516,-0.342508912,0.999910355,-0.0053882706,-0.653608322,-0.3301422,0.999889433,-0.00678009074,-0.652965784,-0.334257483,0.999923348,-0.0325723775,-0.662709296,-0.35799402,0.999944925,-0.0322050974,-0.661408544,-0.370675534,0.999950707,-0.0259652641,-0.649478495,-0.350467652,0.999964058,0.0462357365,-0.631116867,-0.223111719,0.999926567,-0.100600757,-0.585416436,-0.242950678,0.999879718,0.00705274846,-0.622206151,-0.303092688,0.999971271,-0.0293714385,-0.588441551,-0.335660517,0.999974251,0.136050746,-0.459926635,-0.0914127529,0.999990225,-0.185282171,-0.497687578,-0.0641621128,0.999983609,0.189319253,-0.25043124,-0.026482258,0.983006477,-0.204109386,-0.204645544,-0.0694414601,0.990380704,0.236831412,-0.0186494943,0.00877233688,0.989223719,-0.210041925,0.0120462188,-0.136172161,0.995155632,0.237325162,0.0332401544,0.0193408355,0.981078088,-0.18789576,0.059967313,-0.180460572,0.989893258,0.209877744,0.0489611551,-0.0110415509,0.983400047,-0.150555387,0.0388926677,-0.204059243,0.991087317,0.232637584,0.0178661402,-0.000670922163,0.977021515,-0.190174237,0.0177546162,-0.15527761,0.986927152,0.0987732634,-0.00624832744,0.0331236348,0.99998951,-0.0964998,0.00364681659,-0.0311492197,0.99998951,0.159053609,0.388309121,0.0567742847,0.983576655,-0.0610906668,0.32149002,0.00239080354,0.981555521,0.194381982,0.697184861,0.283652246,0.987686217,-0.0777098462,0.693352282,0.225881323,0.989158571,0.179377258,0.733145475,0.310356021,0.871447682,-0.0792688057,0.725560188,0.207236588,0.841996551,0.22206369,0.769113123,0.261077344,0.984528542,-0.0902195498,0.755357802,0.120980829,0.982089818
3233.333333333326,-0.0259837341,-0.633832812,-0.3533324,0.999965191,-0.00745384535,-0.653212905,-0.339234054,0.999906659,-0.00538849179,-0.653140187,-0.326942801,0.999885321,-0.00675367238,-0.652550042,-0.331146926,0.999920547,-0.0325252078,-0.662192106,-0.355110556,0.999942899,-0.0321191512,-0.660815835,-0.36776188,0.999949,-0.0258871429,-0.648863137,-0.347667754,0.999962807,0.045793239,-0.631145477,-0.221696258,0.999923527,-0.100606874,-0.585278809,-0.242075279,0.999875963,0.00704489229,-0.621706307,-0.299507469,0.999970138,-0.0292826779,-0.587660372,-0.33231619,0.999973357,0.13598454,-0.459882975,-0.0907492414,0.999990284,-0.184982,-0.497590482,-0.0640945807,0.99998343,0.189846322,-0.249895453,-0.0280149132,0.983288348,-0.203664482,-0.204647914,-0.0703388453,0.990331829,0.237445548,-0.0168708917,0.00548759755,0.989498496,-0.209623188,0.013036,-0.136262447,0.995142579,0.238041833,0.0358075425,0.0156529956,0.981532216,-0.187580615,0.0615140088,-0.180593342,0.989908814,0.210135907,0.0521280281,-0.0144015132,0.983818054,-0.150029689,0.0409450866,-0.204106376,0.991104126,0.233071581,0.0197743513,-0.00387771032,0.977621913,-0.18976678,0.0188171789,-0.155361429,0.986981273,0.0987464637,-0.00627033506,0.0331515931,0.999989331,-0.0964600816,0.00367320306,-0.0312145557,0.999989271,0.158785954,0.389064223,0.054725498,0.982985318,-0.0610384308,0.322263211,-0.00680063199,0.981165171,0.194418266,0.697858036,0.27216351,0.987156451,-0.0782206357,0.696804404,0.209827572,0.98889035,0.179408565,0.733630598,0.297489107,0.867058516,-0.0797932446,0.729124486,0.189995721,0.836931944,0.222151801,0.769063652,0.247004539,0.983997524,-0.0902067944,0.757664859,0.101866521,0.981710911
3249.9999999999927,-0.0258863624,-0.633840919,-0.353367507,0.999966621,-0.00744375447,-0.653265238,-0.339089483,0.999910593,-0.00537006231,-0.653190672,-0.326819807,0.99988991,-0.00673655607,-0.652603328,-0.33098346,0.999923646,-0.0325185917,-0.662193716,-0.354976743,0.999945462,-0.0321065299,-0.660824478,-0.367634207,0.999951303,-0.0258741099,-0.648876905,-0.347529,0.999964535,0.0457721911,-0.631466627,-0.220582142,0.99992615,-0.100730889,-0.585293055,-0.241351128,0.999881387,0.00709641911,-0.621734202,-0.29939422,0.999971271,-0.0292423237,-0.587656498,-0.332233727,0.99997443,0.135910064,-0.460130781,-0.086193487,0.999990463,-0.184984177,-0.497611791,-0.0640307292,0.999983847,0.190176085,-0.250031233,-0.021707911,0.98312664,-0.20345825,-0.204622865,-0.0703629777,0.990431249,0.238175943,-0.0170824155,0.00768124685,0.989551783,-0.209140807,0.013531331,-0.13642171,0.995221853,0.23878777,0.0352601446,0.0172958188,0.981637895,-0.18719855,0.0618827753,-0.181021571,0.990039527,0.210527,0.0515569709,-0.0128949182,0.983923793,-0.149364501,0.0412330031,-0.204331219,0.991218507,0.233627439,0.0195536055,-0.0017443666,0.977763236,-0.189124316,0.0194163024,-0.155463129,0.987091243,0.0987718254,-0.00631312095,0.0341429599,0.999989331,-0.0964914933,0.00370926061,-0.0321792476,0.999989271,0.158861414,0.389095426,0.0574292541,0.982815623,-0.0610071719,0.322291017,-0.00657217158,0.981251717,0.194578156,0.697885,0.281188846,0.986946106,-0.0782902166,0.696778476,0.210278139,0.988863051,0.179568782,0.73366785,0.307695061,0.866177499,-0.0798305273,0.729083776,0.19032599,0.835170567,0.222167656,0.769120097,0.257607937,0.983838618,-0.0880829692,0.757731855,0.103551425,0.981641889
3266.6666666666592,-0.0262105,-0.634123147,-0.352253646,0.999967873,-0.00789198931,-0.653544128,-0.337669909,0.999913931,-0.00580199622,-0.653469443,-0.32545802,0.999893963,-0.00715310499,-0.652887702,-0.329535812,0.999926388,-0.0329734869,-0.662402153,-0.353375047,0.999947608,-0.0325543284,-0.661035359,-0.366042227,0.99995321,-0.0263018664,-0.649071038,-0.345962405,0.999965906,0.0454971194,-0.631987512,-0.2189392,0.999928713,-0.101179145,-0.585492313,-0.238916695,0.999885738,0.00685548177,-0.622065365,-0.298238218,0.999972284,-0.0295154266,-0.587916255,-0.330900073,0.999975383,0.135585949,-0.46050033,-0.0843821168,0.999990642,-0.185057804,-0.497795761,-0.0628838912,0.999984145,0.190397367,-0.250799417,-0.0207551755,0.983243406,-0.203362942,-0.204862952,-0.0692440569,0.99048388,0.23817651,-0.0183529034,0.00789541,0.989715159,-0.208958611,0.0135001801,-0.13523519,0.995279193,0.238701329,0.0336441509,0.0173766036,0.981909811,-0.187013626,0.061832834,-0.180040628,0.990156054,0.210322767,0.0498455688,-0.0127727892,0.98416996,-0.14926967,0.041081097,-0.20328404,0.991322458,0.233543351,0.0181201044,-0.00151747442,0.978106558,-0.188971728,0.0193721782,-0.154183745,0.987219,0.0987109616,-0.00634605065,0.0344088301,0.999989152,-0.0964321569,0.00373415,-0.0324740633,0.999989152,0.157771438,0.388406962,0.0586946681,0.982464969,-0.0609102026,0.322184861,-0.00101892662,0.980910122,0.193761513,0.697415054,0.281738222,0.986553907,-0.078500405,0.696426868,0.217893735,0.988533854,0.178821385,0.733192265,0.308227718,0.864367664,-0.0799976587,0.728658676,0.198444664,0.830946088,0.221563727,0.767594278,0.258481652,0.983484328,-0.0865109041,0.757044435,0.112632364,0.981128812
3283.3333333333258,-0.0262759347,-0.634139895,-0.352505922,0.999969423,-0.00803616364,-0.653565,-0.337824255,0.999918103,-0.00595568772,-0.653490424,-0.32561022,0.99989897,-0.00730282255,-0.652908742,-0.329681605,0.999929845,-0.0331163406,-0.662405431,-0.353508443,0.999950171,-0.0326933041,-0.66103971,-0.366185606,0.999955475,-0.0264344271,-0.649069726,-0.346103966,0.999967515,0.04526392,-0.632101834,-0.218977898,0.999931812,-0.101402715,-0.585486472,-0.23896566,0.999890864,0.0067910268,-0.622102439,-0.298435748,0.999973536,-0.0295681208,-0.587928176,-0.331090897,0.999976516,0.13524507,-0.460800916,-0.0841514915,0.99999088,-0.185028389,-0.497792065,-0.0633666962,0.999984503,0.190915465,-0.251455784,-0.0195230283,0.983303666,-0.203081012,-0.205071092,-0.071079284,0.99059242,0.238985375,-0.0188370142,0.00958751887,0.989890754,-0.207700089,0.0134703089,-0.137009472,0.995324969,0.239390209,0.0331256576,0.0191331133,0.982194543,-0.185571462,0.0617881492,-0.182053789,0.990221083,0.210722521,0.0494877249,-0.0111686932,0.984428227,-0.147406429,0.0410148241,-0.204838485,0.991378784,0.234253824,0.0177007169,0.000168382045,0.978458345,-0.187561497,0.0193608683,-0.155741334,0.987269282,0.098578617,-0.00641661976,0.0346798524,0.999989092,-0.0963103324,0.00380336051,-0.0327419527,0.999989033,0.157741487,0.388033867,0.0591143332,0.982207716,-0.0602977648,0.321970671,0.00453693327,0.980342925,0.193757772,0.697293103,0.282236755,0.986271739,-0.0784282386,0.695763171,0.229059324,0.988219917,0.178812638,0.733084,0.308780879,0.863001883,-0.0799198747,0.727951,0.210568368,0.827222347,0.221491888,0.767463863,0.25927937,0.983247936,-0.0853741467,0.756391764,0.126457691,0.980673
3299.9999999999923,-0.0262815859,-0.634267747,-0.352566034,0.99997,-0.00805529766,-0.653671861,-0.337886363,0.999919713,-0.00597305037,-0.653589785,-0.32566911,0.999900877,-0.00732031325,-0.653007388,-0.329742163,0.999931157,-0.0331334621,-0.66246146,-0.353554904,0.999951243,-0.0327092186,-0.66110146,-0.366232276,0.999956429,-0.0264479611,-0.64912492,-0.346147746,0.999968231,0.0452407859,-0.632244408,-0.219025746,0.999933064,-0.101417504,-0.585493922,-0.238915324,0.999893,0.0067841704,-0.622239828,-0.298497349,0.999974132,-0.0295651052,-0.588026762,-0.331138521,0.999977052,0.135251731,-0.460964799,-0.0842100382,0.999991059,-0.185027823,-0.49778989,-0.0630983636,0.999984682,0.192179039,-0.251947939,-0.0195810869,0.983520389,-0.202835485,-0.205009267,-0.0707487836,0.990605593,0.23941271,-0.0191631392,0.00943050068,0.990013182,-0.207631364,0.0142659647,-0.136991367,0.995334268,0.239599496,0.0328866281,0.0188632533,0.98236984,-0.185550973,0.0628777593,-0.182023659,0.990239561,0.210695863,0.0492482781,-0.011395256,0.984584033,-0.147464439,0.042181056,-0.20485054,0.991394281,0.234499112,0.0173999202,2.62450394e-005,0.978666425,-0.18753837,0.0203352384,-0.155739188,0.987280488,0.0985644087,-0.00644001178,0.0346822217,0.999989152,-0.0962946266,0.00382653554,-0.0327454843,0.999989092,0.157782972,0.3881028,0.0588862263,0.982412398,-0.0598946512,0.322021902,0.0050045019,0.980442643,0.193828955,0.697353363,0.282349586,0.986331761,-0.0784651,0.695621729,0.229901865,0.988282084,0.178892851,0.733141184,0.308950931,0.863198876,-0.0799759775,0.727765501,0.211524308,0.827059805,0.221483529,0.767484963,0.259416074,0.983333588,-0.0854107365,0.755991817,0.127119929,0.980766654
3316.666666666659,-0.0263700187,-0.634150147,-0.353378564,0.999970853,-0.00825240929,-0.653560638,-0.338707119,0.999922,-0.00616492564,-0.653476417,-0.326515675,0.9999035,-0.00750525296,-0.652895,-0.33051461,0.999932945,-0.0333035402,-0.66227597,-0.354371428,0.999952793,-0.0328611471,-0.66092819,-0.367059857,0.9999578,-0.026600983,-0.648944378,-0.346981972,0.999969304,0.0449848324,-0.632246315,-0.219567448,0.999934554,-0.101633571,-0.585397243,-0.239457592,0.999896169,0.00666003348,-0.622144938,-0.299104244,0.999974906,-0.0296524111,-0.587906957,-0.331818938,0.999977827,0.134969816,-0.461135447,-0.0842625722,0.999991238,-0.185202017,-0.497731805,-0.063376829,0.999985039,0.192374215,-0.252630949,-0.0196565967,0.983434439,-0.202782661,-0.204529241,-0.0707471892,0.990653634,0.239308447,-0.0201210715,0.00697235903,0.989995301,-0.207571492,0.0149142016,-0.137062326,0.995367348,0.239409491,0.0316098109,0.015446132,0.982319,-0.185433269,0.0632102266,-0.182160586,0.990286469,0.210132957,0.0477945581,-0.0146062551,0.984547377,-0.147455335,0.0423651375,-0.204970524,0.991439939,0.23426564,0.016316358,-0.00243535126,0.978594124,-0.187482417,0.0209171679,-0.155803844,0.987295747,0.0985629633,-0.00646249298,0.0349878259,0.999989,-0.0962960571,0.00385070033,-0.0330623947,0.999989,0.156777412,0.388255805,0.0588487461,0.981871068,-0.0598957539,0.322027862,0.00537059223,0.979897,0.193716615,0.697654188,0.283119887,0.985729814,-0.0789141431,0.695223212,0.23153539,0.987793446,0.178825453,0.733428061,0.309898943,0.85937345,-0.0803450868,0.727222085,0.213534594,0.820416152,0.220721081,0.767571926,0.259695619,0.982779622,-0.0834140852,0.755088806,0.127670348,0.980029643
3333.3333333333253,-0.0263492744,-0.632966816,-0.354089946,0.999971032,-0.00822210684,-0.652328193,-0.339701593,0.999922037,-0.0061267619,-0.652185738,-0.327524722,0.9999035,-0.007455057,-0.65168184,-0.331543028,0.999932945,-0.0332363,-0.661251426,-0.355309963,0.999953,-0.0327636078,-0.659830511,-0.367997915,0.999958038,-0.0265170783,-0.647883177,-0.347898155,0.999969482,0.0450067036,-0.631056309,-0.221547797,0.999934435,-0.101294667,-0.58473134,-0.240893185,0.999896646,0.006654453,-0.621010244,-0.299967676,0.999975,-0.0296052881,-0.586920202,-0.332618594,0.999978065,0.134976938,-0.460383058,-0.0869969428,0.999991357,-0.184858397,-0.497437507,-0.0645707175,0.999985278,0.193001211,-0.252216429,-0.024953885,0.983801901,-0.202166378,-0.204162136,-0.0730603337,0.990690529,0.239323542,-0.0197991095,0.00301318336,0.990233362,-0.206226379,0.0162595864,-0.140078247,0.995416403,0.239345536,0.0320863575,0.011792317,0.982694924,-0.183892712,0.06480138,-0.185070559,0.990398824,0.210059479,0.0481571034,-0.0180861503,0.984881341,-0.14595513,0.0440847352,-0.208205834,0.991542578,0.234229475,0.016571274,-0.00619058684,0.979054749,-0.186095551,0.0222541876,-0.158835769,0.987449,0.098521769,-0.00648512691,0.0349957496,0.999988914,-0.0962504819,0.00387321785,-0.0330812447,0.999988914,0.156637564,0.388393879,0.0589178056,0.981483102,-0.0597298443,0.32203415,-0.000262322312,0.979842722,0.19369787,0.698010325,0.282490939,0.985483825,-0.0794120282,0.696783543,0.21613729,0.987794816,0.17880778,0.733766913,0.308982104,0.857270181,-0.0809449479,0.728947282,0.196792498,0.818909943,0.22067216,0.767603636,0.258195,0.982561767,-0.0835923478,0.756288767,0.106463976,0.980064273
3349.999999999992,-0.0262871664,-0.63303715,-0.355473459,0.999971747,-0.00818255823,-0.652368188,-0.340999335,0.999924064,-0.00608494319,-0.652221441,-0.328790963,0.999906,-0.0074193,-0.651712954,-0.332787812,0.999934673,-0.0331762619,-0.661267817,-0.356614351,0.999954224,-0.0327114612,-0.659857869,-0.369356602,0.999959171,-0.0264601,-0.647912443,-0.349188119,0.999970317,0.0449686609,-0.631045103,-0.222443581,0.999936283,-0.101300843,-0.584701419,-0.242071986,0.999899149,0.00665736105,-0.621031,-0.301321179,0.999975741,-0.0295824818,-0.586961269,-0.334097713,0.999978721,0.134780273,-0.460439682,-0.0880961642,0.999991536,-0.185154602,-0.497216254,-0.064774923,0.999985516,0.193032488,-0.252962619,-0.0259409,0.984017193,-0.201548144,-0.2034771,-0.0730571896,0.990644574,0.238926828,-0.0204589367,0.000223726674,0.990319,-0.205638289,0.0163392518,-0.14070715,0.995405138,0.238699988,0.0315580294,0.00833112933,0.982799351,-0.183280334,0.0647817105,-0.186146647,0.990387201,0.208886877,0.0476436056,-0.0215257406,0.984968603,-0.145505562,0.0440230519,-0.209221914,0.991531789,0.233615577,0.0160381719,-0.00902535,0.979134321,-0.18554011,0.0223154966,-0.15954721,0.987391114,0.0985155329,-0.00652788859,0.0349650234,0.999989092,-0.0962460488,0.00391980633,-0.0330434516,0.999989033,0.156380042,0.388394922,0.0597360171,0.981750965,-0.0597428381,0.321876377,0.00393846631,0.979972,0.193690419,0.697812438,0.289082259,0.985579312,-0.079701215,0.694553077,0.224126279,0.987896621,0.178816512,0.73357445,0.316407472,0.858076632,-0.0812972188,0.726408124,0.205479562,0.819993258,0.220658585,0.767139196,0.266762108,0.982667565,-0.0851208866,0.75180465,0.116942577,0.980202
3366.6666666666583,-0.0267992727,-0.633047342,-0.35911119,0.999972641,-0.00864820182,-0.652359545,-0.344313413,0.999926507,-0.00657087844,-0.652208865,-0.332038,0.999908864,-0.00792670529,-0.651695728,-0.336025357,0.99993664,-0.0337677822,-0.661241293,-0.359478265,0.999955773,-0.0333070233,-0.659836292,-0.372249454,0.999960542,-0.0270491783,-0.647890627,-0.35203,0.99997133,0.0449327976,-0.630803645,-0.224761665,0.99993819,-0.101603776,-0.584326208,-0.243328586,0.999902248,0.00639360491,-0.621020138,-0.304796278,0.999976575,-0.0299294814,-0.586953402,-0.337117195,0.999979436,0.134790137,-0.460175067,-0.0895207152,0.999991655,-0.185202777,-0.49675259,-0.0653982908,0.999985754,0.193186909,-0.252830714,-0.0259394385,0.984291673,-0.201545894,-0.202963844,-0.0738270134,0.990738511,0.238549948,-0.0203223247,0.000441925222,0.990449131,-0.205132,0.0167204849,-0.143534198,0.995431721,0.237828478,0.0317554772,0.00847771391,0.98296541,-0.18246679,0.0651678741,-0.189471692,0.990416288,0.207551152,0.0478028283,-0.0213760175,0.985112369,-0.14444609,0.0443003699,-0.212238401,0.991555452,0.232999146,0.0161870047,-0.00879118871,0.979314208,-0.184840232,0.0227618795,-0.162344828,0.987406373,0.0985105783,-0.00655060448,0.0349545814,0.999989092,-0.0962432772,0.00394049194,-0.0330244191,0.999989033,0.156317294,0.38838315,0.0591275133,0.981935501,-0.0596832074,0.321791679,0.00552988797,0.979928,0.193188578,0.697728336,0.28935352,0.985487521,-0.0802623853,0.693765104,0.229549527,0.987833202,0.178291976,0.733502805,0.316852957,0.85730654,-0.0820155144,0.72560513,0.211543992,0.819257379,0.219302,0.767145336,0.267187208,0.982517481,-0.0866822079,0.751023293,0.124335766,0.980061769
3383.333333333325,-0.0266488437,-0.633269966,-0.359092236,0.99997288,-0.00856828503,-0.65258,-0.344300032,0.999927,-0.00649083452,-0.652409077,-0.33202529,0.99990952,-0.0078195231,-0.651916265,-0.336012751,0.999937057,-0.0336597264,-0.661413491,-0.359474272,0.999956131,-0.0331598073,-0.660001218,-0.372247845,0.999960959,-0.0269196387,-0.648048699,-0.35202986,0.999971628,0.0449481532,-0.630963922,-0.224924028,0.999938309,-0.101434194,-0.58441931,-0.243528202,0.999902844,0.00644697621,-0.621194184,-0.304783344,0.999976814,-0.0297871549,-0.587089241,-0.337118804,0.999979675,0.134806648,-0.460200816,-0.0897339657,0.999991715,-0.185099,-0.496735334,-0.0660840869,0.999985814,0.193183705,-0.25284645,-0.0272890236,0.98439616,-0.201351419,-0.202983662,-0.0745764449,0.990668356,0.237329,-0.0199108087,-0.00226086634,0.990449369,-0.205105051,0.0171118081,-0.143588051,0.99532038,0.236421451,0.0324052796,0.00551649928,0.982935607,-0.182446763,0.0656557456,-0.189453721,0.990188062,0.205748796,0.0485335849,-0.0243512094,0.985096276,-0.144483104,0.0447697826,-0.212222457,0.991357803,0.231547594,0.0166172199,-0.0115182037,0.979299784,-0.184824497,0.0231511742,-0.162407517,0.987112761,0.0985003412,-0.00658683712,0.0351859331,0.999989033,-0.0962366611,0.00395936053,-0.0332969278,0.999989,0.155561343,0.388615429,0.0604465902,0.981423616,-0.0595672,0.321486801,0.00627285382,0.979504585,0.193354055,0.699376583,0.288266271,0.985065818,-0.0799288154,0.694418252,0.227683127,0.98758322,0.178643882,0.735211372,0.315174669,0.854504,-0.0813816562,0.726325,0.20887655,0.814254,0.220257804,0.767267525,0.262861252,0.98217088,-0.0810110569,0.751303554,0.117648251,0.979699612
3399.9999999999914,-0.026565602,-0.633270502,-0.359731644,0.999973297,-0.00847530551,-0.652567565,-0.345061779,0.999928236,-0.00638350286,-0.652385533,-0.332803547,0.99991107,-0.00769947283,-0.651899874,-0.33676818,0.99993819,-0.0335256904,-0.661403298,-0.360307455,0.999956906,-0.0329914242,-0.659989834,-0.373120904,0.999961674,-0.026764445,-0.6480425,-0.352858722,0.999972105,0.0450639613,-0.630781174,-0.226482883,0.999939263,-0.10107182,-0.584388375,-0.244880557,0.999904096,0.00647651451,-0.621158183,-0.305535376,0.999977291,-0.0296851266,-0.587076128,-0.338013351,0.999980092,0.134920269,-0.459945083,-0.0914872363,0.999991894,-0.185028136,-0.496522516,-0.0674729496,0.999986,0.193285272,-0.252741158,-0.0305275638,0.984709918,-0.200420395,-0.202456221,-0.0761840194,0.990579903,0.236291647,-0.0196281634,-0.00636260118,0.990624726,-0.204914108,0.0181287229,-0.145203978,0.99526155,0.235039353,0.0327503383,0.00126444153,0.983194172,-0.182362512,0.066517964,-0.191097215,0.990082502,0.203746423,0.048780825,-0.028616773,0.985327482,-0.144502893,0.0456094928,-0.214029655,0.991269588,0.230177179,0.0168648735,-0.0156036364,0.979594827,-0.18468678,0.0241186842,-0.164183795,0.986966848,0.0984939337,-0.00661704224,0.0353400111,0.999989033,-0.0962326825,0.00397744449,-0.0334738083,0.999989,0.15519397,0.388705254,0.062706843,0.981096685,-0.0594122931,0.321302891,0.0059464206,0.979388177,0.193346053,0.699738801,0.288342893,0.984779894,-0.0799390078,0.694806874,0.221531615,0.987513959,0.178656742,0.735579848,0.315152109,0.852794051,-0.0813874602,0.726740241,0.201898158,0.811834395,0.220669225,0.7670874,0.262835532,0.981973708,-0.080725871,0.751326501,0.108239539,0.979636967
3416.666666666658,-0.0263833739,-0.634105444,-0.359019935,0.999973893,-0.00819809083,-0.653186917,-0.344215184,0.999929965,-0.00608168216,-0.653005302,-0.331980526,0.999913096,-0.00742061576,-0.652511239,-0.335920334,0.999939561,-0.0332467444,-0.662077725,-0.359433472,0.999958,-0.0327207409,-0.660703778,-0.372248769,0.999962628,-0.0264825374,-0.648762405,-0.351988196,0.99997282,0.0453913361,-0.630984783,-0.225335598,0.999940395,-0.10072691,-0.584914565,-0.243675515,0.999906063,0.00662300084,-0.621827364,-0.304844528,0.999977827,-0.0295268781,-0.587895,-0.337310076,0.999980569,0.13495551,-0.460118413,-0.0903585628,0.999992,-0.184975818,-0.496935725,-0.0665532053,0.999986231,0.193203047,-0.252948821,-0.029990362,0.984519482,-0.200284466,-0.202935949,-0.0758532882,0.990454793,0.234857351,-0.0204955898,-0.00634660153,0.99058491,-0.204242483,0.0172176361,-0.145460799,0.995224237,0.232982472,0.0317208469,0.00108119054,0.983153224,-0.181604668,0.0655572414,-0.191723511,0.990027726,0.201560304,0.0474027656,-0.0288508702,0.985294938,-0.1436055,0.0443401746,-0.214569837,0.991222143,0.228575394,0.0158652663,-0.0156125845,0.979500592,-0.183964193,0.0232185461,-0.164452627,0.98684,0.098439239,-0.00664547505,0.0353772864,0.999989,-0.0961828604,0.0040025292,-0.0335052833,0.999988914,0.153140575,0.387880832,0.0628507882,0.980350614,-0.0598544106,0.320784152,0.00713593466,0.978546083,0.192325875,0.699593782,0.28898403,0.984161437,-0.0798691139,0.693786383,0.221872509,0.987050653,0.177795902,0.735442936,0.315802515,0.849520862,-0.081243515,0.725545406,0.202160165,0.807553589,0.219854087,0.765248716,0.263988197,0.981403232,-0.0808647946,0.747494,0.109041974,0.979007
3433.3333333333244,-0.0256522186,-0.634406924,-0.361147732,0.999975,-0.00748253893,-0.653493047,-0.345961213,0.999933243,-0.00540436385,-0.653293431,-0.333752662,0.999917,-0.00678717159,-0.652820408,-0.337652266,0.999942183,-0.0326809771,-0.662279069,-0.361306816,0.99996,-0.0321549065,-0.66096,-0.374217868,0.999964416,-0.0259155892,-0.649029136,-0.353829414,0.999974132,0.0459262282,-0.631099105,-0.226364911,0.99994278,-0.100368902,-0.584938407,-0.245057493,0.999910355,0.00729020732,-0.621985614,-0.306746602,0.999978781,-0.0289442576,-0.588058829,-0.339420229,0.999981463,0.135242924,-0.460192084,-0.090197,0.999992073,-0.184673369,-0.496928304,-0.0690814331,0.999986589,0.19342196,-0.25306344,-0.0299216397,0.984087348,-0.199856743,-0.202937156,-0.0792562366,0.990540922,0.233712062,-0.0214696825,-0.0100525497,0.990301371,-0.202838227,0.0167814288,-0.152963057,0.995275259,0.230991364,0.0303213876,-0.00374024198,0.982756,-0.179996759,0.0647734627,-0.201613486,0.990103245,0.198936909,0.0455325879,-0.0337922387,0.984945953,-0.141291365,0.0431259237,-0.223286405,0.991287768,0.226961136,0.0147340288,-0.0193709843,0.978957176,-0.182188243,0.0227714311,-0.17170307,0.986847758,0.0984423161,-0.00668116892,0.0360010639,0.999989,-0.0962037593,0.0040307641,-0.034088321,0.999989033,0.152972847,0.387880981,0.070145689,0.980106056,-0.0602636524,0.320928365,0.0110563021,0.978516,0.19230409,0.699503541,0.302375913,0.984130502,-0.0812394395,0.693564117,0.233346745,0.986996531,0.177789584,0.735373855,0.330076516,0.850239038,-0.0825812221,0.725243449,0.215154856,0.806901038,0.219846666,0.765161753,0.278809547,0.981427908,-0.0815681443,0.747379482,0.123760641,0.9788782
3449.999999999991,-0.0256471783,-0.634355843,-0.362078726,0.999975622,-0.00749107217,-0.653401792,-0.346847832,0.999934912,-0.00541553088,-0.653186858,-0.334671348,0.999918938,-0.00679484196,-0.652719259,-0.338540077,0.999943554,-0.0326921605,-0.662130833,-0.362118363,0.999961,-0.0321605653,-0.660817683,-0.375077397,0.99996531,-0.0259223841,-0.648891747,-0.354691863,0.999974787,0.0459629036,-0.630950689,-0.227239192,0.999944031,-0.100353204,-0.584558964,-0.245639727,0.9999125,0.00731731439,-0.621906459,-0.307653844,0.999979436,-0.0289180465,-0.587967813,-0.340304196,0.999982059,0.135397047,-0.460153848,-0.090347074,0.999992192,-0.184653133,-0.496620715,-0.0700843707,0.999986827,0.193494633,-0.253206491,-0.0302607678,0.98423624,-0.199685261,-0.202676579,-0.0807184,0.990593672,0.230420306,-0.0216330718,-0.0125439204,0.990430832,-0.201589167,0.0170056242,-0.155309886,0.995309114,0.226255894,0.0302423127,-0.0068140151,0.982957304,-0.178400487,0.0649686307,-0.20413281,0.990146577,0.192315102,0.0454201549,-0.036408484,0.985118091,-0.139467895,0.0432452522,-0.225793928,0.991327703,0.222654626,0.0145667521,-0.0216888916,0.979134381,-0.180666238,0.0230017435,-0.173965484,0.98684895,0.0984398872,-0.00670243241,0.0365161039,0.999988735,-0.0962083936,0.00404686853,-0.034606304,0.999988794,0.151909024,0.388090104,0.0723824501,0.979343712,-0.0602706708,0.320880741,0.0110396091,0.977995574,0.1921359,0.699551642,0.3049891,0.983524799,-0.0829700902,0.692836285,0.233894408,0.986465633,0.177725956,0.735424519,0.332672268,0.846983492,-0.0843569934,0.724396169,0.215831965,0.800707459,0.219850779,0.765145838,0.280676931,0.980808556,-0.0816502571,0.746641278,0.124208108,0.97805196
3466.6666666666574,-0.0254320875,-0.634131432,-0.365122229,0.999976277,-0.00728502218,-0.653097928,-0.34996143,0.9999367,-0.00519786915,-0.652841508,-0.337831169,0.999920964,-0.00658911839,-0.652409852,-0.341627419,0.999945,-0.0325401574,-0.661792636,-0.365100235,0.999962091,-0.0319748782,-0.660492361,-0.378148854,0.999966264,-0.0257586669,-0.648601651,-0.357662946,0.999975502,0.0465839393,-0.630499244,-0.230145156,0.999945343,-0.0999505296,-0.584073365,-0.247790113,0.999914646,0.00764313946,-0.621622324,-0.310545623,0.999980092,-0.028645413,-0.587726,-0.343113065,0.999982595,0.136002928,-0.460004091,-0.091883488,0.999992371,-0.184375197,-0.496449143,-0.0718847066,0.999987125,0.193919256,-0.25320062,-0.031997174,0.984469175,-0.199445531,-0.201971948,-0.0832704231,0.990611076,0.229204699,-0.0219812654,-0.016387213,0.990600228,-0.199879169,0.0173694268,-0.160410881,0.995334148,0.224516019,0.0297644641,-0.0111143626,0.983225882,-0.176159218,0.0652346909,-0.209668294,0.990194142,0.189801663,0.0445416681,-0.040419206,0.985351801,-0.136981875,0.0433103032,-0.231377989,0.991375089,0.220966414,0.0140866078,-0.0252974574,0.979409397,-0.178584829,0.0232626405,-0.179167077,0.986864328,0.0984361544,-0.00672063138,0.0371762738,0.999988616,-0.0962126181,0.00406257482,-0.0352648571,0.999988735,0.151675045,0.388180107,0.07594046,0.978364944,-0.060334187,0.320396304,0.010542389,0.977752388,0.191785574,0.699565411,0.314009368,0.982772827,-0.0840684175,0.692220092,0.228603363,0.986242,0.177480161,0.735434473,0.342339218,0.843449593,-0.0852683559,0.723676205,0.210024178,0.796750903,0.21984531,0.765156567,0.291077703,0.980095565,-0.0808220878,0.745933,0.115189947,0.977680326
3483.333333333324,-0.0249924883,-0.633976161,-0.366071552,0.999976635,-0.00681708334,-0.65291959,-0.351053387,0.999937832,-0.00472220639,-0.652644277,-0.338874668,0.999922276,-0.00613071583,-0.652225196,-0.342691839,0.999946,-0.0320587493,-0.6615749,-0.366047859,0.999962687,-0.0315123126,-0.660285175,-0.379101574,0.999966741,-0.0252936799,-0.648383796,-0.358571917,0.99997586,0.0472382903,-0.630396605,-0.231330588,0.999946415,-0.0991524681,-0.583794355,-0.248558372,0.9999156,0.00820490438,-0.621479332,-0.311607212,0.999980509,-0.0280644558,-0.587579548,-0.343960494,0.999982893,0.136599675,-0.459962428,-0.0933985785,0.99999249,-0.183495209,-0.496297866,-0.0720012709,0.999987185,0.193931684,-0.253099859,-0.0336698443,0.984760165,-0.197294459,-0.201283276,-0.0831614584,0.990602612,0.226616606,-0.021978071,-0.017384259,0.990809619,-0.196571872,0.0176359899,-0.15985854,0.995331,0.220938414,0.0297899079,-0.0121147111,0.983565748,-0.172678784,0.0655330196,-0.208794758,0.99019891,0.185873851,0.0445421822,-0.0413309522,0.985642195,-0.133581221,0.0435587279,-0.230601117,0.991378844,0.218029276,0.0140857585,-0.0262531266,0.979762495,-0.175232425,0.0235393625,-0.17861931,0.986843169,0.0983984396,-0.00673553068,0.0371359102,0.999988556,-0.0961853564,0.00407326641,-0.0352244154,0.999988675,0.151451111,0.388139278,0.0757154,0.978339612,-0.0593512319,0.320002317,0.0126867378,0.977701426,0.19163394,0.69882077,0.312663,0.982578337,-0.0837998,0.690883338,0.229788944,0.986275494,0.177346081,0.734565258,0.340926349,0.842098117,-0.0851055384,0.722361863,0.211129203,0.797498167,0.218471259,0.764904857,0.290759146,0.979853928,-0.0816193074,0.744328618,0.11896386,0.97769767
3499.9999999999905,-0.0246425755,-0.632404804,-0.375498116,0.999977291,-0.00646501221,-0.651325166,-0.361350715,0.999939919,-0.00438205432,-0.650936782,-0.34906742,0.999924839,-0.00579855,-0.650565207,-0.352879196,0.999947786,-0.0316993296,-0.65972209,-0.375935048,0.99996388,-0.0311205424,-0.658460557,-0.389221638,0.999967754,-0.0249174554,-0.646551549,-0.36850825,0.999976575,0.047920987,-0.62911588,-0.2429104,0.999948323,-0.0981166363,-0.581868112,-0.258246422,0.999918103,0.00864004716,-0.619925499,-0.321265876,0.999981225,-0.0274797659,-0.58607614,-0.353368551,0.99998343,0.137325779,-0.459483057,-0.102975734,0.999992669,-0.182631448,-0.494800061,-0.0784444064,0.999987364,0.193769902,-0.252051979,-0.04750989,0.984969556,-0.195505187,-0.198053822,-0.0867021,0.990605116,0.222741902,-0.0217209626,-0.0394047052,0.990837872,-0.194069207,0.0180740897,-0.162927017,0.995280385,0.21611771,0.0300123654,-0.0363115445,0.983624697,-0.169682652,0.0656448677,-0.212122932,0.990094483,0.181240842,0.0445625484,-0.064855285,0.985676289,-0.13094233,0.0434955247,-0.233789474,0.991283,0.213934734,0.0142499944,-0.0482836328,0.979724884,-0.172694668,0.0237287041,-0.18179372,0.986657798,0.0983824,-0.00674301386,0.0370929316,0.999988616,-0.096179761,0.00407308433,-0.0351829901,0.999988794,0.15047352,0.388465822,0.0763929635,0.978677213,-0.0593469068,0.319543183,0.0149563383,0.978146195,0.191597641,0.698659599,0.317607015,0.982715309,-0.0835432112,0.68925041,0.236278936,0.986421406,0.177341789,0.734358549,0.346351087,0.842595339,-0.0848176703,0.720563471,0.218464226,0.79898119,0.217846826,0.764876544,0.297114581,0.979949,-0.0816652626,0.74276793,0.129151151,0.977875054
3516.666666666657,-0.0244111307,-0.632434666,-0.370396823,0.999976754,-0.00628457265,-0.651372135,-0.356101394,0.999938786,-0.00422143796,-0.650986433,-0.34379223,0.999923348,-0.00561325205,-0.65061748,-0.347673774,0.999946773,-0.0315202624,-0.659763277,-0.37041527,0.999963045,-0.0309552811,-0.658498943,-0.383685112,0.999967,-0.0247389432,-0.646576941,-0.363130599,0.999976,0.048157379,-0.629556477,-0.238000602,0.999947608,-0.0978551954,-0.58199954,-0.253104,0.999916553,0.00895580463,-0.620040596,-0.316425681,0.999980927,-0.0271947701,-0.586149871,-0.348112673,0.999983072,0.137517542,-0.459736258,-0.100077689,0.999992669,-0.181321546,-0.495325029,-0.0762129351,0.999987185,0.192759767,-0.25176841,-0.0445741862,0.984905303,-0.193230167,-0.198819131,-0.0863343552,0.990471542,0.218225345,-0.0206726268,-0.0327010453,0.990831733,-0.189923912,0.0176564772,-0.162741929,0.995194077,0.210754156,0.0316993967,-0.0293214377,0.983675778,-0.165693581,0.0654186904,-0.211915433,0.989966691,0.176092654,0.0463792235,-0.0564471632,0.985710084,-0.126754239,0.0433012098,-0.233177885,0.991163492,0.209393412,0.0153219,-0.0407365561,0.979740262,-0.168736726,0.0233701039,-0.181413755,0.986479819,0.0983358696,-0.00672279298,0.0370648466,0.999988496,-0.0961428881,0.00405195262,-0.0351565853,0.999988675,0.149505034,0.388090491,0.0759818703,0.97871834,-0.0599147566,0.318764865,0.0154346367,0.978163302,0.190273643,0.694810271,0.316201329,0.982678533,-0.0841088071,0.684191108,0.240226775,0.986389935,0.176011592,0.730190396,0.344814181,0.842497349,-0.0853885263,0.71523124,0.222632512,0.79908222,0.215651467,0.763261676,0.295844585,0.979806244,-0.0825837553,0.740377843,0.136062682,0.977735877
3533.3333333333235,-0.0233687647,-0.631172836,-0.37171191,0.999977112,-0.00513630779,-0.650206268,-0.35753414,0.99994,-0.00310354121,-0.649769068,-0.345230103,0.9999246,-0.00446747942,-0.649432421,-0.349099606,0.999947667,-0.0303409752,-0.658640683,-0.371844083,0.99996376,-0.0297270473,-0.657349527,-0.385119051,0.999967575,-0.0235198345,-0.645399749,-0.36457479,0.999976456,0.0495725,-0.628863692,-0.239396229,0.999948442,-0.0961812511,-0.581382692,-0.254665375,0.999918222,0.00997591577,-0.618926048,-0.317648053,0.999981284,-0.0260173045,-0.585116923,-0.349391222,0.99998343,0.138645306,-0.45932135,-0.100116439,0.999992728,-0.179294825,-0.495105535,-0.0783973113,0.999987364,0.192879289,-0.25058496,-0.0441518687,0.984886229,-0.190412059,-0.198810965,-0.0900769383,0.990559101,0.217602149,-0.0196690075,-0.0315696597,0.99084729,-0.18611452,0.0177903976,-0.166310802,0.995202363,0.209823459,0.0326571129,-0.0275582466,0.983735919,-0.161829025,0.0655694455,-0.215603068,0.9899652,0.175395101,0.0470061,-0.0553068072,0.985756,-0.122384191,0.0434312485,-0.236430436,0.99115777,0.208773613,0.0161724295,-0.0398222134,0.979754806,-0.164792895,0.0235364232,-0.184721678,0.98642993,0.0982945114,-0.00670056697,0.0371176638,0.999988496,-0.0961168557,0.00402139,-0.0352075174,0.999988735,0.149464607,0.388546854,0.0753342733,0.978764236,-0.059964329,0.318700314,0.0153230103,0.978204787,0.190523893,0.694593,0.315215141,0.982575715,-0.084652923,0.683746278,0.240773693,0.986332,0.176296934,0.729858041,0.343708605,0.841370106,-0.0860424638,0.71476078,0.223264143,0.797697067,0.215603769,0.762824059,0.294602245,0.979708314,-0.083529979,0.739434779,0.136193037,0.977662206
3549.99999999999,-0.0231731832,-0.63126862,-0.36860016,0.999974906,-0.00495024445,-0.650244355,-0.354112685,0.999934077,-0.0029231573,-0.649807692,-0.341799527,0.99991715,-0.00430737203,-0.649477363,-0.345749944,0.999942541,-0.0301640965,-0.658675313,-0.368301868,0.999960065,-0.0295781679,-0.657398105,-0.381530017,0.999964237,-0.0233635791,-0.64544636,-0.3609263,0.999974191,0.0497410633,-0.628944337,-0.235988438,0.999944091,-0.0959067792,-0.581424475,-0.250968754,0.99991107,0.0102611613,-0.619071364,-0.31482169,0.999979794,-0.0257923361,-0.585256338,-0.346285462,0.999982059,0.138851419,-0.459391683,-0.098507531,0.99999243,-0.179105893,-0.495413214,-0.0763880312,0.999986887,0.192859903,-0.250720203,-0.0425061136,0.984673083,-0.189835757,-0.199021935,-0.0885349587,0.990354896,0.216127291,-0.0199079048,-0.0284458678,0.990577459,-0.184668168,0.017684713,-0.164471954,0.995081961,0.20813708,0.0324881896,-0.0247667655,0.983306766,-0.160164088,0.0655448288,-0.213614762,0.989734352,0.172588766,0.0467377268,-0.0517620295,0.98535943,-0.120837763,0.0433534607,-0.234296843,0.990946531,0.206884757,0.0159217548,-0.036414817,0.979172111,-0.163280189,0.0234644096,-0.182728052,0.98609817,0.0982658863,-0.006699597,0.0371247083,0.999988198,-0.096098505,0.00401790347,-0.0352155268,0.999988437,0.149007633,0.388298839,0.0759916306,0.978260577,-0.0597462282,0.318088979,0.0176371299,0.977840781,0.190148681,0.694195271,0.31686154,0.982320309,-0.0844128728,0.682163119,0.241070211,0.986175716,0.175992429,0.729530752,0.345413625,0.84018296,-0.0858094916,0.713280082,0.223347858,0.797771871,0.214750811,0.762737691,0.296539426,0.979226649,-0.0836854577,0.738253534,0.136628568,0.977227926
3566.6666666666565,-0.0219404921,-0.631270766,-0.36854279,0.999974191,-0.00367149338,-0.650238037,-0.354020953,0.999932408,-0.00165742903,-0.649801791,-0.341724753,0.999914944,-0.00310516031,-0.649472713,-0.345669091,0.999940753,-0.0289860144,-0.658652246,-0.368209124,0.999959052,-0.0283717196,-0.65738982,-0.381449223,0.999963343,-0.0221537426,-0.645441055,-0.360830545,0.999973536,0.0507860221,-0.628959298,-0.235772237,0.999942482,-0.0947898775,-0.581428289,-0.250802606,0.99990952,0.0114514148,-0.619083226,-0.314763814,0.999979317,-0.0246170554,-0.585265398,-0.34623009,0.999981701,0.139321372,-0.459515154,-0.097920537,0.999992251,-0.178025737,-0.495509356,-0.0763755664,0.999986827,0.192677766,-0.250615627,-0.0422089957,0.98417455,-0.18866837,-0.1990446,-0.0899462327,0.99031508,0.215185449,-0.0201261472,-0.030653771,0.99023366,-0.182422563,0.0170732178,-0.167548567,0.995084763,0.207216516,0.0322148651,-0.0270844549,0.982861459,-0.157830268,0.0648918748,-0.217257619,0.989733219,0.172002524,0.0460847728,-0.0545069352,0.984953582,-0.118087269,0.0421431884,-0.237745285,0.990940571,0.206020772,0.0156273339,-0.0388738364,0.978544474,-0.160915047,0.0227815043,-0.185693741,0.986034,0.0982584432,-0.00670036068,0.0372474529,0.99998796,-0.0960965678,0.00401417725,-0.0353234224,0.999988258,0.148950338,0.388463348,0.07578,0.977960348,-0.0598201416,0.318064034,0.01569671,0.977809608,0.190620452,0.694490314,0.316818506,0.982245147,-0.0847631916,0.682149351,0.240411669,0.986077,0.17654103,0.729901373,0.34541592,0.839526355,-0.0862125754,0.713277221,0.222898796,0.797443926,0.214787111,0.764202416,0.296583146,0.979038894,-0.0848056898,0.738330543,0.136350214,0.977004
3583.333333333323,-0.019986691,-0.63124758,-0.368461132,0.999973893,-0.00148819829,-0.65020138,-0.353927672,0.99993211,0.000505401578,-0.649765313,-0.341635197,0.999914467,-0.000921002298,-0.649432778,-0.345577419,0.999940395,-0.0266726613,-0.658628941,-0.368148893,0.999958873,-0.0260675028,-0.657371879,-0.381381273,0.999963164,-0.0198303666,-0.645421147,-0.360770315,0.999973416,0.0522626378,-0.628901839,-0.235645711,0.999942303,-0.0926189,-0.581434309,-0.250892669,0.999909461,0.0129699074,-0.619034708,-0.314661652,0.999979258,-0.0228747353,-0.585253298,-0.346171111,0.999981701,0.139789909,-0.459425718,-0.0978547335,0.999992192,-0.176665097,-0.49544245,-0.0765585,0.999986827,0.192413419,-0.25024882,-0.043000713,0.98399204,-0.183995143,-0.198982611,-0.0902875587,0.990355313,0.21288991,-0.0201346409,-0.0325040035,0.990107715,-0.17947647,0.0170459766,-0.167662263,0.995133281,0.204477087,0.0322183855,-0.0289132707,0.982732713,-0.1555347,0.0648512244,-0.217168137,0.989840269,0.169519633,0.0460705347,-0.0565349311,0.984822094,-0.116171271,0.0421245024,-0.237868443,0.991031051,0.20371291,0.0156170027,-0.0408474542,0.978311777,-0.158334181,0.0227646641,-0.185880855,0.986140907,0.0982382819,-0.00669308519,0.0372150913,0.999988079,-0.0960818827,0.00400302932,-0.0352859497,0.999988377,0.14888218,0.388461769,0.0751867294,0.978197634,-0.0599538051,0.317881346,0.0156232435,0.978007317,0.190448776,0.694259465,0.316377759,0.98247093,-0.0847346038,0.681610644,0.241127312,0.986221313,0.176342502,0.729679406,0.344920427,0.840842724,-0.0861852467,0.712719142,0.223699123,0.799313247,0.214395866,0.764308512,0.296010166,0.979260862,-0.0851393342,0.738377571,0.137368321,0.977211535
3599.9999999999895,-0.0193964988,-0.632868469,-0.364089519,0.999972641,-0.00101027847,-0.651675522,-0.348744,0.999928951,0.000980809447,-0.651275873,-0.336567104,0.999910295,-0.000468023674,-0.650919914,-0.340492487,0.999937356,-0.0262370612,-0.659972429,-0.363367826,0.999957,-0.0256509166,-0.658825278,-0.376521677,0.999961555,-0.0193929393,-0.646918893,-0.355938584,0.999972284,0.052365426,-0.629868329,-0.229719713,0.999939561,-0.0924817696,-0.582262814,-0.246604651,0.999906182,0.0134622455,-0.620492816,-0.310272038,0.999978602,-0.0224285573,-0.586643159,-0.342202514,0.999981105,0.139920413,-0.459929973,-0.0930526182,0.999992,-0.176661044,-0.495708078,-0.0749530569,0.999986708,0.192424089,-0.250465512,-0.0397200286,0.983525753,-0.183986142,-0.199126184,-0.0901163593,0.990335524,0.211991593,-0.0205851104,-0.0323042497,0.989821076,-0.179006219,0.0160854496,-0.168305606,0.99519372,0.20335564,0.0319028534,-0.028178161,0.982352555,-0.155092791,0.063750267,-0.218222111,0.98995918,0.167781577,0.0455115624,-0.0560550652,0.984475493,-0.115497895,0.0406619608,-0.238806739,0.991132498,0.202511579,0.0151254507,-0.0406207293,0.977757156,-0.15781039,0.0217948891,-0.186454833,0.986227393,0.0982702672,-0.00669533713,0.037345238,0.99998796,-0.0961276442,0.00400179764,-0.0353936926,0.999988317,0.14803791,0.38846755,0.0750323907,0.977852881,-0.0603759512,0.317602694,0.0143088829,0.977848351,0.189445868,0.694325387,0.316326082,0.982456267,-0.085462451,0.681217432,0.239418432,0.986207962,0.175358981,0.729793787,0.34491244,0.841299117,-0.08698266,0.712370396,0.221979499,0.800146222,0.21371448,0.764742315,0.295736283,0.979213178,-0.0870940387,0.738282144,0.13475953,0.977161
3616.666666666656,-0.0190386735,-0.632823348,-0.363915235,0.999972165,-0.000504116586,-0.651609302,-0.348630041,0.999927878,0.00150136463,-0.65120846,-0.336449772,0.999908924,2.68191925e-005,-0.650860429,-0.340379506,0.999936283,-0.0257481076,-0.659940481,-0.36321798,0.99995625,-0.0251387488,-0.658798337,-0.37637642,0.99996084,-0.0188901927,-0.646898031,-0.355790555,0.999971747,0.0529693365,-0.629829884,-0.229698896,0.999938667,-0.0916879773,-0.582322419,-0.246423528,0.999904752,0.0138105424,-0.620467305,-0.31013006,0.999978304,-0.0220467485,-0.58664149,-0.3420268,0.999980807,0.140136763,-0.459914893,-0.0930648148,0.999991953,-0.176370353,-0.495881259,-0.0748297572,0.999986649,0.192341462,-0.250163794,-0.0401770957,0.983451962,-0.183972821,-0.199142754,-0.0902470127,0.990242183,0.210942373,-0.0204220247,-0.032611616,0.989750862,-0.17797038,0.0156380795,-0.169108853,0.995166361,0.202216819,0.0322218426,-0.028757181,0.98228687,-0.153543979,0.0633215904,-0.219113827,0.989921749,0.166461065,0.0456517078,-0.0565647967,0.984407127,-0.113724895,0.0397008248,-0.239645228,0.991094232,0.201388732,0.0152578671,-0.0409428142,0.977602661,-0.156551689,0.0211833976,-0.187240079,0.986132443,0.098255,-0.00669817533,0.0373487435,0.999987781,-0.0961159542,0.00400159415,-0.035397578,0.999988139,0.147152573,0.388259828,0.0749612078,0.977343202,-0.0607302524,0.317593753,0.0133338599,0.977673411,0.189374745,0.694476187,0.316205084,0.982226551,-0.0855785236,0.681246638,0.237210289,0.986051738,0.175297365,0.730042458,0.344777673,0.839384317,-0.0870951936,0.71239531,0.21965231,0.799652874,0.212616757,0.765274405,0.295604736,0.978892207,-0.0876823589,0.73832953,0.133528098,0.976902
3633.3333333333226,-0.0189110804,-0.632087767,-0.365231633,0.999971747,-0.000412231253,-0.650844812,-0.350140929,0.999926746,0.00158263347,-0.650389254,-0.337947667,0.999907255,0.000116496543,-0.650082231,-0.341887653,0.999935031,-0.0256639663,-0.659258842,-0.364690542,0.999955654,-0.0250395276,-0.658092141,-0.377913982,0.999960303,-0.0187946279,-0.646186054,-0.3573156,0.99997139,0.0530675277,-0.629137456,-0.231757626,0.999937475,-0.09156847,-0.581708908,-0.248481646,0.999904,0.0139447777,-0.619804442,-0.311496,0.999977946,-0.0218911543,-0.586034417,-0.343506277,0.999980569,0.140160143,-0.459285229,-0.0941340849,0.999991834,-0.175857916,-0.495724827,-0.0778389573,0.999986649,0.192129523,-0.249138758,-0.0405428112,0.98295933,-0.18335633,-0.199025,-0.096599184,0.990106642,0.2096394,-0.0187959969,-0.0320971459,0.989360392,-0.175947428,0.0156241609,-0.176008418,0.995125771,0.200430334,0.0341585912,-0.0282905754,0.98173064,-0.151322097,0.063239485,-0.226234376,0.989858508,0.164605141,0.0473411791,-0.0563430972,0.983900368,-0.111284792,0.0394927263,-0.246137545,0.991030514,0.199993581,0.0167827494,-0.0405550636,0.976893187,-0.154456243,0.0211321823,-0.193900213,0.985992551,0.0981460288,-0.00669347635,0.0376892835,0.999987543,-0.0960345492,0.00398971,-0.0357432291,0.99998796,0.146491438,0.388261408,0.0783385634,0.976336241,-0.060802754,0.31761536,0.0132765127,0.977020502,0.189048335,0.694438756,0.317970902,0.98167634,-0.0870249346,0.681262791,0.23698771,0.985612273,0.175024077,0.730004311,0.346388,0.836835682,-0.0886655226,0.712399423,0.219383657,0.795288,0.212510303,0.76503247,0.297303766,0.978255332,-0.0880297869,0.738257647,0.132825449,0.976165235
3649.999999999989,-0.0181926284,-0.631518602,-0.367385119,0.999972284,0.000220847069,-0.650247395,-0.352399588,0.999928117,0.00223785895,-0.649757087,-0.340221137,0.999908745,0.000745994912,-0.649453521,-0.344133079,0.999935865,-0.0250825342,-0.658678353,-0.367168278,0.999956667,-0.0244176853,-0.657526433,-0.380420208,0.999961257,-0.0181852654,-0.64564395,-0.359788448,0.999972105,0.053370066,-0.628647149,-0.233239353,0.999938,-0.0913556367,-0.58132273,-0.251038283,0.999906361,0.0144830514,-0.6193133,-0.313228607,0.999978244,-0.0213352256,-0.585581422,-0.345709831,0.999980927,0.140220195,-0.459226519,-0.0941816121,0.999991834,-0.175682485,-0.495664805,-0.079943426,0.999986947,0.192118108,-0.249046147,-0.0405039676,0.982262433,-0.182623073,-0.198470294,-0.100663133,0.990030348,0.209690839,-0.0188130029,-0.0330390893,0.988940835,-0.173975185,0.0156314541,-0.182088539,0.995167494,0.200530514,0.0341367163,-0.0294402111,0.981170416,-0.149086729,0.0632218644,-0.232898846,0.989949465,0.164844364,0.0471409187,-0.0574082732,0.983400226,-0.108865649,0.0392966792,-0.252768368,0.991103947,0.200088009,0.0167404134,-0.041478835,0.976159036,-0.152350396,0.021120429,-0.200084627,0.986017704,0.0981284,-0.00668963278,0.0381602645,0.999987483,-0.0960251912,0.00398058118,-0.0361667052,0.999988,0.146207318,0.388566703,0.0804019,0.975676656,-0.0608071685,0.317520082,0.0123760123,0.976676702,0.189008936,0.69532752,0.320314407,0.98135829,-0.0873862,0.681288898,0.233895436,0.985432804,0.174994394,0.730987072,0.348666549,0.835393965,-0.0890977234,0.712425351,0.216112971,0.793168128,0.212344959,0.765843332,0.299391299,0.977983952,-0.0884446576,0.737964511,0.127984792,0.975943804
3666.6666666666556,-0.0180365946,-0.631579399,-0.366126508,0.999971807,0.000264703413,-0.65032208,-0.35104838,0.999926805,0.00227743015,-0.649830282,-0.338864326,0.999907136,0.000795929169,-0.64952594,-0.342815429,0.999934614,-0.0249936506,-0.658744,-0.365983546,0.999955833,-0.0243241936,-0.657578111,-0.379251838,0.999960542,-0.0180927422,-0.645691,-0.358658761,0.999971569,0.0533051789,-0.628812551,-0.232277095,0.999936938,-0.0913548619,-0.581353486,-0.250653327,0.999905,0.0145641007,-0.619418,-0.312090933,0.999977827,-0.0212162305,-0.585641623,-0.344767302,0.999980569,0.140063822,-0.459328711,-0.0930959,0.999991775,-0.175388,-0.495687097,-0.0798790902,0.999986768,0.191565201,-0.249010742,-0.0380342305,0.981995046,-0.182455346,-0.198534027,-0.100189544,0.989944696,0.208176419,-0.0186225101,-0.0275671221,0.988817394,-0.172617584,0.0156206945,-0.181491688,0.995079,0.198531881,0.0343816876,-0.0233342219,0.981029391,-0.147342205,0.0632176101,-0.231960461,0.989771426,0.162948042,0.047304973,-0.0507646687,0.983269155,-0.107195348,0.0392312184,-0.251098305,0.990933537,0.198557228,0.0168868434,-0.0357883163,0.975985944,-0.151009396,0.0210734829,-0.199048325,0.985736,0.0979920104,-0.00669174176,0.0383860916,0.999987245,-0.0959034562,0.00397989433,-0.0364059322,0.999987721,0.145565525,0.388542473,0.0809604526,0.97527,-0.0608558394,0.317531914,0.0128180757,0.976303577,0.188289106,0.695362926,0.320096433,0.981038511,-0.0879236162,0.681354165,0.234237462,0.985172868,0.174253613,0.731035411,0.348418623,0.834080338,-0.089688085,0.712500274,0.216386333,0.790881693,0.211767688,0.765844405,0.299241781,0.977504432,-0.0892849788,0.737984657,0.128622025,0.975421965
3683.333333333322,-0.0180271193,-0.63165158,-0.368296,0.999971449,0.000268617383,-0.650372922,-0.353331,0.999926209,0.0022851238,-0.649867237,-0.341189593,0.999906063,0.000804788724,-0.649574757,-0.345055819,0.999933779,-0.0249977279,-0.658771157,-0.368244171,0.999955595,-0.0243222304,-0.6576069,-0.381586641,0.999960363,-0.0180947129,-0.6457268,-0.360920161,0.999971509,0.0534223244,-0.628811657,-0.234759405,0.999935567,-0.0913083851,-0.581333935,-0.252407372,0.999904454,0.0145892361,-0.619459391,-0.314151555,0.999977529,-0.0211799275,-0.585672855,-0.3468858,0.99998045,0.140289232,-0.459276646,-0.0943502113,0.999991655,-0.175143942,-0.495621204,-0.0815395117,0.999986827,0.191559702,-0.24856624,-0.0423083641,0.981087446,-0.182376668,-0.198414624,-0.10229069,0.989672422,0.207647175,-0.0183605086,-0.0377281718,0.98811537,-0.172504514,0.0155991325,-0.18434757,0.994983792,0.197926164,0.0344903134,-0.034763556,0.98005569,-0.147229373,0.0630399063,-0.235766813,0.989602208,0.162279,0.0472949408,-0.0622321256,0.982399821,-0.107116669,0.0386506468,-0.255268961,0.990781963,0.19795844,0.0170366485,-0.0460099652,0.974716604,-0.150887907,0.0209559165,-0.20235534,0.985415041,0.0979407504,-0.00669558439,0.0387446173,0.999987185,-0.0958672836,0.00397267099,-0.0367696807,0.999987721,0.145561665,0.388809,0.0870382264,0.974007845,-0.0601232797,0.317364573,0.0127992248,0.975700676,0.188366234,0.696506202,0.322251916,0.980646908,-0.0879592746,0.681896269,0.230204538,0.984980047,0.174356207,0.732185841,0.350149304,0.832152486,-0.089731425,0.713027358,0.211651459,0.787608624,0.212471411,0.765865207,0.299902022,0.977208197,-0.0885092393,0.737949133,0.119344972,0.975211859
3699.9999999999886,-0.0180347562,-0.63175261,-0.368240088,0.99997,0.000265446375,-0.650425196,-0.353302747,0.999922514,0.00227878522,-0.649917305,-0.341161638,0.999901831,0.000799702771,-0.649617553,-0.345027894,0.99993062,-0.0249920394,-0.658847511,-0.368180186,0.99995321,-0.0243197717,-0.657676,-0.381526113,0.999958336,-0.0180889368,-0.645780563,-0.360863924,0.999969959,0.0534397773,-0.628865659,-0.234871835,0.999933422,-0.0911328718,-0.581451595,-0.252372593,0.999900222,0.0145955207,-0.619576931,-0.314122528,0.999976754,-0.0211639684,-0.585843801,-0.346855,0.999979675,0.140450552,-0.459363043,-0.0954417735,0.999991596,-0.175032303,-0.495912701,-0.0814333409,0.999986589,0.191466391,-0.248665914,-0.0428625047,0.981254041,-0.181744069,-0.198669672,-0.102100417,0.989613116,0.205846578,-0.0185391363,-0.0370319337,0.98816067,-0.171611503,0.0153135248,-0.183726624,0.994964361,0.195298269,0.0344707966,-0.0338798948,0.980156541,-0.146306679,0.0629266277,-0.234644622,0.989594579,0.159238711,0.0472145118,-0.0615265369,0.982474,-0.106432863,0.0385152064,-0.254145652,0.990768373,0.195892364,0.0168334115,-0.0453722477,0.974802256,-0.150083259,0.0206520911,-0.201615155,0.985401094,0.0979282409,-0.00666017,0.0386085175,0.999987125,-0.0958578512,0.00393946283,-0.0366342328,0.999987602,0.145304725,0.388580292,0.0852276757,0.97452271,-0.0605992079,0.3172867,0.0147731928,0.975970387,0.187760681,0.696001768,0.322078377,0.980955,-0.088768065,0.681024,0.236664742,0.985142291,0.173704669,0.731691778,0.3499493,0.833681643,-0.0906857699,0.71211344,0.21868366,0.789984405,0.210557714,0.765864968,0.299802184,0.97741586,-0.0926063657,0.737344146,0.13124682,0.975387
3716.666666666655,-0.017245464,-0.631768465,-0.368494749,0.999969304,0.00112668157,-0.65044266,-0.353588909,0.999920845,0.00312947296,-0.649928927,-0.34144637,0.999899745,0.00163247238,-0.649634957,-0.345306426,0.99992907,-0.0241290592,-0.658868134,-0.36842224,0.999952197,-0.0234343,-0.6577,-0.381768435,0.999957502,-0.0172127709,-0.645808101,-0.361085683,0.999969423,0.0543682687,-0.628849506,-0.235477701,0.99993211,-0.0898947492,-0.581458151,-0.252742201,0.999898612,0.0153636644,-0.619580448,-0.314488888,0.999976397,-0.0203149,-0.585855365,-0.347158074,0.999979377,0.141510114,-0.459243834,-0.0960897356,0.999991536,-0.17420733,-0.495923072,-0.0818359,0.999986589,0.192461863,-0.248447374,-0.0433472618,0.9812693,-0.181524992,-0.198678613,-0.102291122,0.989612103,0.205913514,-0.0183421969,-0.0366961434,0.988066316,-0.170925051,0.0151595725,-0.183905184,0.994975805,0.195556387,0.0346520022,-0.0333444327,0.980035722,-0.145482481,0.0626424402,-0.234919757,0.989625752,0.159571186,0.0472460613,-0.0609970279,0.982355297,-0.105369821,0.038041003,-0.254392415,0.990792334,0.196038723,0.016979849,-0.0449843034,0.974617958,-0.149236217,0.0204131212,-0.201800451,0.985409617,0.0979167297,-0.00665159477,0.0386888571,0.999987125,-0.0958518609,0.003923,-0.036713995,0.999987662,0.145468786,0.388605952,0.0854133219,0.974630535,-0.0605908,0.317166507,0.0143657112,0.976366282,0.187911794,0.695960939,0.32573688,0.981105626,-0.0882853,0.681043446,0.235862434,0.985382855,0.173839465,0.731638253,0.354210734,0.834523,-0.0900519192,0.712133825,0.217896238,0.792031705,0.210577711,0.765851915,0.304926962,0.977545083,-0.0914101,0.737346649,0.129955977,0.975713134
