time,X_LEFT_WRIST,Y_LEFT_WRIST,Z_LEFT_WRIST,X_LEFT_THUMB_CMC,Y_LEFT_THUMB_CMC,Z_LEFT_THUMB_CMC,X_LEFT_THUMB_MCP,Y_LEFT_THUMB_MCP,Z_LEFT_THUMB_MCP,X_LEFT_THUMB_IP,Y_LEFT_THUMB_IP,Z_LEFT_THUMB_IP,X_LEFT_THUMB_TIP,Y_LEFT_THUMB_TIP,Z_LEFT_THUMB_TIP,X_LEFT_INDEX_FINGER_MCP,Y_LEFT_INDEX_FINGER_MCP,Z_LEFT_INDEX_FINGER_MCP,X_LEFT_INDEX_FINGER_PIP,Y_LEFT_INDEX_FINGER_PIP,Z_LEFT_INDEX_FINGER_PIP,X_LEFT_INDEX_FINGER_DIP,Y_LEFT_INDEX_FINGER_DIP,Z_LEFT_INDEX_FINGER_DIP,X_LEFT_INDEX_FINGER_TIP,Y_LEFT_INDEX_FINGER_TIP,Z_LEFT_INDEX_FINGER_TIP,X_LEFT_MIDDLE_FINGER_MCP,Y_LEFT_MIDDLE_FINGER_MCP,Z_LEFT_MIDDLE_FINGER_MCP,X_LEFT_MIDDLE_FINGER_PIP,Y_LEFT_MIDDLE_FINGER_PIP,Z_LEFT_MIDDLE_FINGER_PIP,X_LEFT_MIDDLE_FINGER_DIP,Y_LEFT_MIDDLE_FINGER_DIP,Z_LEFT_MIDDLE_FINGER_DIP,X_LEFT_MIDDLE_FINGER_TIP,Y_LEFT_MIDDLE_FINGER_TIP,Z_LEFT_MIDDLE_FINGER_TIP,X_LEFT_RING_FINGER_MCP,Y_LEFT_RING_FINGER_MCP,Z_LEFT_RING_FINGER_MCP,X_LEFT_RING_FINGER_PIP,Y_LEFT_RING_FINGER_PIP,Z_LEFT_RING_FINGER_PIP,X_LEFT_RING_FINGER_DIP,Y_LEFT_RING_FINGER_DIP,Z_LEFT_RING_FINGER_DIP,X_LEFT_RING_FINGER_TIP,Y_LEFT_RING_FINGER_TIP,Z_LEFT_RING_FINGER_TIP,X_LEFT_PINKY_FINGER_MCP,Y_LEFT_PINKY_FINGER_MCP,Z_LEFT_PINKY_FINGER_MCP,X_LEFT_PINKY_FINGER_PIP,Y_LEFT_PINKY_FINGER_PIP,Z_LEFT_PINKY_FINGER_PIP,X_LEFT_PINKY_FINGER_DIP,Y_LEFT_PINKY_FINGER_DIP,Z_LEFT_PINKY_FINGER_DIP,X_LEFT_PINKY_FINGER_TIP,Y_LEFT_PINKY_FINGER_TIP,Z_LEFT_PINKY_FINGER_TIP,X_RIGHT_WRIST,Y_RIGHT_WRIST,Z_RIGHT_WRIST,X_RIGHT_THUMB_CMC,Y_RIGHT_THUMB_CMC,Z_RIGHT_THUMB_CMC,X_RIGHT_THUMB_MCP,Y_RIGHT_THUMB_MCP,Z_RIGHT_THUMB_MCP,X_RIGHT_THUMB_IP,Y_RIGHT_THUMB_IP,Z_RIGHT_THUMB_IP,X_RIGHT_THUMB_TIP,Y_RIGHT_THUMB_TIP,Z_RIGHT_THUMB_TIP,X_RIGHT_INDEX_FINGER_MCP,Y_RIGHT_INDEX_FINGER_MCP,Z_RIGHT_INDEX_FINGER_MCP,X_RIGHT_INDEX_FINGER_PIP,Y_RIGHT_INDEX_FINGER_PIP,Z_RIGHT_INDEX_FINGER_PIP,X_RIGHT_INDEX_FINGER_DIP,Y_RIGHT_INDEX_FINGER_DIP,Z_RIGHT_INDEX_FINGER_DIP,X_RIGHT_INDEX_FINGER_TIP,Y_RIGHT_INDEX_FINGER_TIP,Z_RIGHT_INDEX_FINGER_TIP,X_RIGHT_MIDDLE_FINGER_MCP,Y_RIGHT_MIDDLE_FINGER_MCP,Z_RIGHT_MIDDLE_FINGER_MCP,X_RIGHT_MIDDLE_FINGER_PIP,Y_RIGHT_MIDDLE_FINGER_PIP,Z_RIGHT_MIDDLE_FINGER_PIP,X_RIGHT_MIDDLE_FINGER_DIP,Y_RIGHT_MIDDLE_FINGER_DIP,Z_RIGHT_MIDDLE_FINGER_DIP,X_RIGHT_MIDDLE_FINGER_TIP,Y_RIGHT_MIDDLE_FINGER_TIP,Z_RIGHT_MIDDLE_FINGER_TIP,X_RIGHT_RING_FINGER_MCP,Y_RIGHT_RING_FINGER_MCP,Z_RIGHT_RING_FINGER_MCP,X_RIGHT_RING_FINGER_PIP,Y_RIGHT_RING_FINGER_PIP,Z_RIGHT_RING_FINGER_PIP,X_RIGHT_RING_FINGER_DIP,Y_RIGHT_RING_FINGER_DIP,Z_RIGHT_RING_FINGER_DIP,X_RIGHT_RING_FINGER_TIP,Y_RIGHT_RING_FINGER_TIP,Z_RIGHT_RING_FINGER_TIP,X_RIGHT_PINKY_FINGER_MCP,Y_RIGHT_PINKY_FINGER_MCP,Z_RIGHT_PINKY_FINGER_MCP,X_RIGHT_PINKY_FINGER_PIP,Y_RIGHT_PINKY_FINGER_PIP,Z_RIGHT_PINKY_FINGER_PIP,X_RIGHT_PINKY_FINGER_DIP,Y_RIGHT_PINKY_FINGER_DIP,Z_RIGHT_PINKY_FINGER_DIP,X_RIGHT_PINKY_FINGER_TIP,Y_RIGHT_PINKY_FINGER_TIP,Z_RIGHT_PINKY_FINGER_TIP
0,0.593213439,0.473547727,-8.25295885e-008,0.575424612,0.467556238,0.000927992689,0.558485627,0.465163589,-0.00085012411,0.543097734,0.465047508,-0.00371714169,0.53089571,0.464905232,-0.00628616381,0.544833124,0.473083735,-9.22059335e-005,0.53017962,0.476670533,-0.00446072174,0.535686553,0.475921959,-0.00795094855,0.542728782,0.474498242,-0.00963234063,0.54784584,0.479517698,-0.00266232598,0.530929327,0.483035803,-0.00525431288,0.536080778,0.481769025,-0.00657532504,0.543475449,0.480336338,-0.00725100562,0.553405523,0.485135436,-0.0052733277,0.537314415,0.488852501,-0.00666757952,0.541522682,0.487449825,-0.00473395875,0.548202515,0.485758454,-0.00339222583,0.559923828,0.489914119,-0.00786236,0.547575235,0.493255198,-0.00767248729,0.549554586,0.492079943,-0.00439572148,0.55428493,0.490814656,-0.00168265635
0,0.592982531,0.521658719,1.68411347e-008,0.610409856,0.527879775,0.00208664057,0.619937718,0.537099302,0.00141694,0.622399867,0.545097947,8.17724285e-005,0.622808754,0.551310241,-0.000909438415,0.621961772,0.5415411,-0.00509185111,0.628614,0.554340363,-0.0089593,0.629280746,0.56091392,-0.0098933,0.627924681,0.563903272,-0.0093192989,0.611138105,0.543400526,-0.00828614272,0.616083086,0.558128595,-0.011511079,0.615663171,0.562922239,-0.0106096724,0.613656759,0.563045144,-0.0087869335,0.599333942,0.544026494,-0.0109756636,0.601779044,0.558380485,-0.0129024843,0.602474213,0.561144412,-0.00947657,0.602057934,0.559711277,-0.0061053806,0.588029563,0.543510914,-0.0135370987,0.589757681,0.555346727,-0.0135990642,0.591640294,0.557516634,-0.0094212573,0.592426479,0.556026876,-0.00537549704
16.666666666666668,0.588066876,0.474310368,-2.13376445e-008,0.573383689,0.467294872,-0.00057516736,0.555914581,0.464933932,-0.00217702403,0.540479302,0.464854509,-0.00423297146,0.528432727,0.464592069,-0.00591699,0.542851,0.473680586,-0.00117431942,0.526962578,0.476510555,-0.00483709,0.530766428,0.475436181,-0.00755514298,0.537402809,0.474180162,-0.00858274568,0.545978904,0.48015362,-0.00235126447,0.529075921,0.482906342,-0.00404110737,0.533273339,0.481105804,-0.00474573299,0.540143967,0.479624659,-0.00506164553,0.551388621,0.485677868,-0.00365825952,0.535618067,0.48848325,-0.00460527278,0.538842916,0.48661375,-0.00266019092,0.544962347,0.485035151,-0.00136444322,0.557443142,0.490228623,-0.00498397602,0.544316649,0.492837101,-0.0048576328,0.545993328,0.491135538,-0.001793,0.550522149,0.489830315,0.00077839283
16.666666666666668,0.59220016,0.52221185,6.028516e-008,0.609816849,0.528258502,0.00264505693,0.61864841,0.537664592,0.00183258264,0.619910777,0.545864582,0.000607471913,0.619795263,0.551991522,-0.000214549058,0.621387661,0.541490495,-0.00684983423,0.62758112,0.554870546,-0.0100573264,0.627302408,0.561082721,-0.00982866809,0.624718547,0.563508451,-0.00827080105,0.610164404,0.543400526,-0.00972741749,0.615276098,0.557709098,-0.0119314296,0.614682376,0.56298089,-0.00989519432,0.611839771,0.563567519,-0.00742492918,0.597854793,0.544189095,-0.01183003,0.600725234,0.557961941,-0.0126596168,0.600363195,0.561236,-0.00853717607,0.599054813,0.560428679,-0.00491517177,0.586037695,0.543938041,-0.0136800716,0.58797586,0.555175602,-0.012903885,0.588838935,0.557565,-0.00835250691,0.588712513,0.55681169,-0.0040231524
33.333333333333336,0.584676206,0.47460109,-2.84907742e-008,0.571224332,0.467682362,-0.00107668294,0.55430007,0.465262651,-0.00263959682,0.539433181,0.465476841,-0.00451791473,0.528152883,0.46545,-0.00603654515,0.541831255,0.473643273,-0.0024559556,0.525376141,0.476671308,-0.00644811755,0.529211819,0.475828141,-0.008973266,0.535795867,0.474452853,-0.00980247278,0.545057297,0.479890287,-0.00345681747,0.527861059,0.482759595,-0.00589162949,0.532589078,0.481295466,-0.00654803589,0.539544523,0.479879975,-0.00655587297,0.550328791,0.485288322,-0.00459289132,0.5345608,0.48803857,-0.006137833,0.538250566,0.486437321,-0.00410744036,0.544396043,0.484961569,-0.00252214866,0.556414783,0.489802837,-0.0057692728,0.543501318,0.492353141,-0.00614443608,0.545477033,0.490871102,-0.00329396757,0.549987376,0.489689261,-0.000756434747
33.333333333333336,0.591305912,0.522598922,5.22791836e-008,0.608927071,0.528849423,0.00277957669,0.617267728,0.538248897,0.0020181986,0.617784917,0.546133161,0.000784574717,0.616928697,0.551982284,-8.11738864e-005,0.619997561,0.542109609,-0.0063099796,0.625619233,0.554971516,-0.00933917705,0.625313044,0.560830951,-0.00924801454,0.622915,0.562971771,-0.00792103447,0.608632684,0.543871462,-0.00934155937,0.613146365,0.557825863,-0.0115527594,0.612362742,0.562498212,-0.00971199665,0.609758615,0.562659502,-0.00744310394,0.596287727,0.544427812,-0.0116051026,0.598787308,0.557976842,-0.0123741888,0.598616838,0.560966611,-0.00840244349,0.597799838,0.56001848,-0.00497865304,0.584384263,0.543836296,-0.0136092873,0.586069167,0.555043817,-0.0125920447,0.587198675,0.557179689,-0.00795542728,0.587439239,0.556158602,-0.00372620416
50.0,0.582475722,0.474978715,-3.39487336e-008,0.56985724,0.467820972,-0.00127724314,0.553141952,0.465341687,-0.0027630846,0.53882283,0.465817243,-0.00458268309,0.527599871,0.466244072,-0.00601374265,0.539704323,0.473425418,-0.0017202124,0.525369823,0.47686851,-0.00583273591,0.530067325,0.475827605,-0.00872915424,0.536960185,0.474201322,-0.00987509452,0.543018222,0.479898751,-0.00276225945,0.527440071,0.482931107,-0.00541957,0.532518804,0.481621176,-0.00643905206,0.539746642,0.480218649,-0.00666776858,0.548309505,0.485580951,-0.00404380402,0.534112811,0.488344282,-0.00587242423,0.538221598,0.486911893,-0.00398696028,0.544460773,0.48541984,-0.00242602522,0.554392755,0.490351856,-0.00541483518,0.542452574,0.492785037,-0.00595667725,0.545135498,0.491437018,-0.00311573152,0.549978316,0.490222931,-0.000530843798
50.0,0.589582622,0.522894,5.28984927e-008,0.607191682,0.529016793,0.00260199583,0.615284383,0.538440883,0.0017993903,0.615175903,0.546398163,0.000548010925,0.613825619,0.552186131,-0.000362456951,0.618400276,0.542194545,-0.00634255446,0.623724639,0.555156469,-0.008996116,0.623092711,0.561062336,-0.00874936953,0.620477617,0.563245654,-0.0074791573,0.606800556,0.543921649,-0.00932291429,0.611192644,0.558065891,-0.0111782076,0.610461116,0.562477469,-0.0094266152,0.608098328,0.562485158,-0.00745079061,0.594372809,0.544534385,-0.0115223713,0.596849501,0.558340967,-0.0119165573,0.596932173,0.560847,-0.00818900391,0.596288204,0.559533,-0.00521593448,0.582492352,0.544054747,-0.0134843607,0.584280312,0.555213,-0.0122210179,0.585607708,0.556642,-0.00768183358,0.585873127,0.554987729,-0.00375907426
66.66666666666667,0.580866158,0.475294381,-3.30426069e-008,0.568994343,0.467971385,-0.00134075561,0.552752435,0.465519398,-0.0026564009,0.538510084,0.465923041,-0.00429866696,0.527334154,0.466382653,-0.0055392608,0.539063692,0.473780215,-0.00174259429,0.52443552,0.477187395,-0.00584602822,0.529230177,0.476214349,-0.00867241714,0.536203325,0.474585205,-0.00975185726,0.54197526,0.480034322,-0.00268875412,0.526414096,0.483150333,-0.0052711186,0.531409264,0.481902391,-0.00621857913,0.538314641,0.480426133,-0.00641289353,0.547014654,0.485519856,-0.00390145741,0.533001661,0.488358796,-0.00583498552,0.537117422,0.487029076,-0.00402277522,0.543074727,0.485534787,-0.00245954283,0.553004622,0.490117311,-0.00520126848,0.541045249,0.492481798,-0.00587464729,0.543695927,0.491182894,-0.00314942165,0.548464835,0.489930838,-0.000628539303
66.66666666666667,0.588255823,0.523412883,5.57658701e-008,0.605627537,0.529580474,0.00318142259,0.613516748,0.538663447,0.00243963208,0.613645,0.54632324,0.00122212782,0.612359405,0.551965773,0.000308683637,0.616507173,0.542258441,-0.0068409387,0.622175276,0.555295765,-0.00972300302,0.621742904,0.56116873,-0.0093295984,0.619317949,0.563381255,-0.00779177155,0.605202675,0.543963552,-0.00997324754,0.609619856,0.558093,-0.0119885476,0.608845949,0.56287539,-0.00984781701,0.606316149,0.563084424,-0.00740327314,0.592841327,0.544503152,-0.0122327162,0.594898283,0.558095932,-0.0127543993,0.594891429,0.561409473,-0.0087535372,0.594352901,0.560649,-0.00537234033,0.580924809,0.543942034,-0.0141693028,0.582265437,0.555054367,-0.0128026325,0.583339036,0.557148099,-0.00800518878,0.583699465,0.555979252,-0.00372239668
83.33333333333334,0.578895569,0.475145638,-2.8468726e-008,0.567085683,0.468071342,-0.000841206929,0.551245809,0.465549469,-0.00197735545,0.53728646,0.465763569,-0.00349703152,0.526477396,0.466080487,-0.00472216,0.537093461,0.473932087,-0.00143649045,0.522985876,0.477364331,-0.00500478828,0.527108848,0.476801,-0.00754180737,0.533462584,0.475299239,-0.00853182189,0.540184498,0.480191439,-0.00253280066,0.525175,0.483102709,-0.00459356932,0.529821157,0.482058972,-0.00537352497,0.536405385,0.480716437,-0.00558260595,0.545470178,0.485619038,-0.0037919227,0.531994462,0.488233149,-0.00529044541,0.535855472,0.48706165,-0.00353650562,0.541748405,0.485676795,-0.00215587695,0.551788628,0.490233809,-0.00508804386,0.539866388,0.492704391,-0.00550323259,0.542384863,0.491436213,-0.00273370091,0.547137856,0.490219772,-0.000251156656
83.33333333333334,0.586671531,0.523627698,5.87110378e-008,0.604117393,0.529676735,0.00313993986,0.611930966,0.538505852,0.00259617064,0.612158537,0.545879781,0.00160703261,0.611416161,0.551295161,0.000898334139,0.614505887,0.542636633,-0.00614387868,0.62024051,0.555307388,-0.00880347472,0.620018899,0.561161518,-0.00836452469,0.617788911,0.56362325,-0.00683892565,0.603124559,0.544456184,-0.00913375337,0.607569516,0.558104217,-0.010979983,0.607147694,0.563079059,-0.00885849912,0.604777634,0.563789666,-0.00640084594,0.590941429,0.544958651,-0.0113072554,0.592822134,0.55804348,-0.0118580656,0.593208611,0.561647832,-0.00793998595,0.592965543,0.561388671,-0.0045449324,0.579371691,0.544225216,-0.0131612094,0.580645561,0.554870725,-0.0117537184,0.582008839,0.557103574,-0.00691503752,0.582631648,0.556213856,-0.00255955104
100.00000000000001,0.57823658,0.4750292,-3.30841665e-008,0.566113174,0.467892706,-0.00129281846,0.549781501,0.465459287,-0.00238724425,0.535840213,0.465542674,-0.00378941395,0.525050938,0.466272652,-0.00483432412,0.53612721,0.473976791,-0.00122388627,0.522941053,0.477248818,-0.00473976042,0.527370632,0.476300061,-0.00747124152,0.534047604,0.474771231,-0.00858751778,0.539392412,0.480266392,-0.00205482612,0.525486469,0.48309043,-0.00373065728,0.530118167,0.481769651,-0.00454797084,0.536627591,0.480396837,-0.0049608713,0.544897676,0.485698789,-0.00316262664,0.53169775,0.488266706,-0.00454616453,0.535292566,0.487043411,-0.00308898254,0.541158259,0.485657096,-0.00198667,0.551207781,0.490285277,-0.00434763636,0.539125144,0.492879838,-0.00487255957,0.541305959,0.491753638,-0.00236666575,0.546042085,0.49059391,-0.000100609315
100.00000000000001,0.585276067,0.523928344,5.81797721e-008,0.602835178,0.529759049,0.00275099417,0.610452235,0.538960755,0.00222385139,0.610925734,0.546770573,0.00135488017,0.610973299,0.552557528,0.000807448931,0.612970114,0.542907953,-0.0067328508,0.619071782,0.555949211,-0.00966717489,0.618492901,0.561796784,-0.0092804255,0.615629673,0.563973784,-0.00760409,0.601476789,0.544746459,-0.00942625,0.605940402,0.558537543,-0.0113261603,0.605659902,0.563366175,-0.00918992609,0.603239238,0.563560069,-0.00662738038,0.589416802,0.545214117,-0.011325472,0.591423094,0.558568418,-0.0121866763,0.591934919,0.562002599,-0.0084777046,0.591546297,0.561197877,-0.00506096939,0.578198969,0.544517219,-0.0128894523,0.579363704,0.555272043,-0.0120622506,0.580658853,0.557253957,-0.00758766104,0.581177,0.555844784,-0.00329880323
116.66666666666669,0.57689482,0.47475192,-2.28373427e-008,0.565146208,0.467811733,-0.00181771419,0.549188733,0.465332955,-0.00343969208,0.535350323,0.465346366,-0.00522670243,0.524398327,0.466223,-0.00664925,0.535182238,0.47378087,-0.0025087758,0.52177006,0.477176607,-0.00645617349,0.52608341,0.476251781,-0.00928789191,0.532641,0.474745125,-0.0104358979,0.538449168,0.480111569,-0.00332403486,0.524059296,0.483110398,-0.00546963746,0.528472602,0.481745094,-0.00640182523,0.534979165,0.480341136,-0.00682880543,0.544066668,0.485623538,-0.00440363726,0.530774593,0.488326609,-0.00609494653,0.534325838,0.487009943,-0.00459885458,0.540176749,0.485554188,-0.00344307651,0.550597608,0.490286678,-0.005588728,0.538782358,0.493047595,-0.00635828543,0.541107237,0.491791546,-0.00385705126,0.545894921,0.49056375,-0.00155736483
116.66666666666669,0.583785117,0.523338735,5.24202e-008,0.601358116,0.529212296,0.00329728751,0.608893156,0.538652956,0.00309876073,0.609320402,0.546362102,0.00244765682,0.60916543,0.551945448,0.00211670436,0.611400962,0.543028235,-0.0057796794,0.617239237,0.556086,-0.00866560172,0.616364598,0.561922193,-0.00824583322,0.613552213,0.564159453,-0.00649482897,0.599685431,0.544731557,-0.00872293953,0.604423523,0.558679938,-0.0107870651,0.604303598,0.563517213,-0.00852758624,0.602324367,0.56382525,-0.00566671602,0.587507367,0.545058072,-0.0108711375,0.589856327,0.558563054,-0.0117278593,0.591031075,0.562304795,-0.00753350602,0.591504872,0.561879,-0.00356402923,0.576137841,0.544119418,-0.0126750162,0.577623785,0.55545342,-0.0116721224,0.579743147,0.558555424,-0.00689184,0.581391573,0.558273,-0.00224679802
133.33333333333334,0.576148748,0.474701971,-3.20751816e-008,0.564557135,0.467685133,-0.00166859291,0.549057722,0.465342939,-0.00320398691,0.535394728,0.465522051,-0.00493252138,0.524597406,0.466894835,-0.00628048275,0.53436327,0.473680735,-0.00202867016,0.5216102,0.477014542,-0.00591394864,0.526477814,0.476228714,-0.0088469293,0.533206344,0.474752039,-0.0100965872,0.537484705,0.480070561,-0.00286639435,0.523689091,0.483066887,-0.00477336114,0.528545082,0.481851637,-0.00561417313,0.535109937,0.480455,-0.00608398393,0.543059,0.485679865,-0.00398566807,0.530164719,0.488282353,-0.00553756,0.533941567,0.4870193,-0.00393937388,0.539849162,0.48558268,-0.00277275802,0.549620569,0.49042204,-0.00520750321,0.537704945,0.493014187,-0.00583268609,0.540187776,0.491775721,-0.00316693028,0.545171082,0.490573138,-0.000804806419
133.33333333333334,0.582649589,0.523564041,5.80274566e-008,0.600524485,0.529832,0.00306782126,0.608300865,0.539202,0.00256812875,0.608181238,0.546853185,0.00155583443,0.607216954,0.552336276,0.000889693969,0.610601544,0.543239295,-0.0061043012,0.616165519,0.556189954,-0.00938646775,0.615317941,0.562144458,-0.00927207619,0.612370551,0.564466417,-0.00770843308,0.598944485,0.544872701,-0.00912597403,0.602980435,0.558799684,-0.0117049171,0.602342308,0.563686967,-0.00959060155,0.599722326,0.563815176,-0.00671873754,0.586651,0.545244575,-0.0113953119,0.588312685,0.558739066,-0.0126406457,0.588944077,0.562194228,-0.00840323139,0.588816762,0.561397314,-0.00425988203,0.575094938,0.544440866,-0.0133707132,0.576176107,0.555784762,-0.0126250247,0.578029811,0.55846405,-0.00781721435,0.579081476,0.557725787,-0.0030415107
150.0,0.574625134,0.474511087,-2.44453684e-008,0.563355505,0.467756778,-0.00127263553,0.548718154,0.465289384,-0.0028898851,0.536227584,0.465062529,-0.00480927061,0.526399,0.466596216,-0.00640843203,0.53261,0.473594427,-0.00214511272,0.520646334,0.477119267,-0.00602533156,0.525439203,0.476327568,-0.00902378652,0.531829298,0.474703848,-0.0103390487,0.535822451,0.479879618,-0.00328148366,0.52212888,0.483089954,-0.00541027,0.526771247,0.482063621,-0.00644795783,0.533418775,0.48058641,-0.00693038,0.541712165,0.4854711,-0.0046005547,0.5289855,0.488311172,-0.00617848709,0.532480419,0.487194717,-0.00469488325,0.53832,0.485645,-0.00352806295,0.54879725,0.490218043,-0.00599077716,0.537569404,0.49298209,-0.00657637557,0.539360762,0.491889417,-0.00397764333,0.543653548,0.490628302,-0.0015985053
150.0,0.581901908,0.523600578,5.87709046e-008,0.599496,0.529656,0.00340782199,0.607305348,0.53861028,0.00309006288,0.607412815,0.546045244,0.00229267054,0.606430471,0.551465809,0.00174424506,0.608978748,0.543291092,-0.00607968494,0.61441505,0.556110203,-0.00872963481,0.614251077,0.562072,-0.00816799514,0.612042546,0.564659834,-0.00643022126,0.597302794,0.544979692,-0.00903959386,0.601526856,0.558805943,-0.0110814776,0.601462841,0.563768327,-0.00868499372,0.599347174,0.564234138,-0.00579454657,0.585118234,0.545283854,-0.0111448169,0.586913407,0.558581412,-0.0120633524,0.587691784,0.562042415,-0.007945925,0.587689877,0.56138891,-0.00403675903,0.573785245,0.544317365,-0.0128732165,0.574794471,0.5554685,-0.0117041608,0.576395214,0.55795294,-0.00678698579,0.577243268,0.557050645,-0.00210454874
166.66666666666666,0.573185265,0.474927932,-2.79495271e-008,0.561850786,0.467906058,-0.00180843368,0.546651244,0.465370268,-0.00355079141,0.533321679,0.465713978,-0.00548127759,0.522681415,0.467116922,-0.00699971,0.5324,0.473496258,-0.00239973865,0.519235253,0.476875126,-0.00661511905,0.524042249,0.476032078,-0.00959665701,0.530835,0.474387825,-0.0107942969,0.535547078,0.479842722,-0.00319213234,0.521191776,0.483114749,-0.0057195,0.525813401,0.481961906,-0.00675002253,0.532461584,0.480363786,-0.0071286438,0.541059196,0.485452086,-0.00427028211,0.528203964,0.488406807,-0.00609798916,0.531613469,0.487121,-0.00452731131,0.537276328,0.485453278,-0.00322796521,0.547476351,0.490127027,-0.00546308095,0.536125898,0.49293381,-0.00604511285,0.537896693,0.491689,-0.00345048076,0.542168081,0.490254879,-0.00109706272
166.66666666666666,0.581413269,0.524036229,5.98400334e-008,0.598803103,0.530329108,0.00285160611,0.606361806,0.53938,0.00225975481,0.606100142,0.546818495,0.00125368289,0.605214,0.552086115,0.000524149917,0.608167231,0.543382406,-0.00626842771,0.613425791,0.555815756,-0.00897840597,0.613469064,0.561677933,-0.00870263949,0.611508369,0.564352155,-0.00731520262,0.596476376,0.544927239,-0.00911106262,0.600617528,0.558583379,-0.0111143552,0.600820124,0.563657701,-0.00913547073,0.598959148,0.564565957,-0.00680532,0.584436357,0.545276046,-0.0111657539,0.586051106,0.558601737,-0.0119856652,0.587065876,0.561821163,-0.00824406929,0.587167203,0.561225235,-0.00485522905,0.573204815,0.544444084,-0.0129311,0.573780894,0.555647,-0.0118609359,0.575547755,0.557951,-0.00732687302,0.576533139,0.557031035,-0.00313282618
183.33333333333331,0.572738826,0.474903,-3.13205391e-008,0.561669528,0.467718095,-0.00130816211,0.54599005,0.465500116,-0.00253831479,0.532622397,0.465933055,-0.00403750222,0.522268057,0.467449933,-0.0051457868,0.531460464,0.473763198,-0.00152167724,0.518203616,0.477149218,-0.00538861612,0.522756219,0.476151288,-0.008253037,0.529765368,0.474531442,-0.00937179,0.534644842,0.479935795,-0.00234588911,0.520659506,0.483245254,-0.00441812025,0.524843454,0.48191309,-0.00541371899,0.531402,0.480318,-0.00583947264,0.540130556,0.485386848,-0.00344406161,0.527436674,0.488418549,-0.0049691326,0.53027761,0.487072736,-0.00361394859,0.535735607,0.485438943,-0.00250649429,0.546632648,0.489971548,-0.00461885,0.535416543,0.493014723,-0.00502579892,0.536760569,0.491847038,-0.00262146047,0.540815592,0.490469873,-0.000440444943
183.33333333333331,0.58106643,0.524443805,6.3682343e-008,0.598819613,0.530462563,0.00259254477,0.606278,0.53963238,0.00197193236,0.605742037,0.54717207,0.00109832606,0.604751706,0.552535594,0.00045948007,0.607275069,0.543676078,-0.00706067588,0.612646163,0.55608958,-0.00981641375,0.612521648,0.562057793,-0.00941611547,0.610433459,0.56476748,-0.00790251326,0.595255733,0.5452618,-0.00976732932,0.59941864,0.558850765,-0.0119310431,0.600111723,0.563926935,-0.00982045662,0.598879,0.564803302,-0.00727086654,0.583107889,0.545523405,-0.0116648283,0.584935784,0.55885005,-0.0127042066,0.586339891,0.562416852,-0.00888860226,0.586871922,0.562127054,-0.00534018734,0.57195431,0.544488847,-0.0132411756,0.572975457,0.555364788,-0.0123164663,0.574960351,0.557684124,-0.00766895851,0.576155663,0.556869864,-0.0033117421
199.99999999999997,0.571806848,0.474715352,-1.08746168e-008,0.559969723,0.468121558,-0.000888261362,0.544675708,0.466065377,-0.0022665821,0.531060457,0.466658235,-0.00383052207,0.520831823,0.467507,-0.00509542786,0.533083,0.47402215,-0.00277884398,0.517852247,0.476514369,-0.0062196916,0.520298183,0.475843787,-0.00839188695,0.526489198,0.474875838,-0.0090351766,0.535925,0.480237365,-0.00359198521,0.520061791,0.482958376,-0.00506374612,0.522004604,0.481603146,-0.00558603695,0.527613044,0.480246961,-0.00589494687,0.540977895,0.485621542,-0.00446750131,0.526482165,0.488465607,-0.00524799526,0.527614474,0.486872733,-0.004001325,0.532359064,0.485165864,-0.00329424441,0.547009468,0.490032285,-0.0053317314,0.535169542,0.493016362,-0.00537683535,0.534925163,0.491781145,-0.00324498047,0.5379619,0.490389973,-0.0014465258
199.99999999999997,0.579727888,0.523967087,5.53660939e-008,0.597254455,0.529708207,0.00244394317,0.60506767,0.538676381,0.00189559418,0.605176,0.54621774,0.0010923699,0.604128778,0.55147,0.000607382739,0.605849743,0.543238342,-0.00668480527,0.612244785,0.556092501,-0.00970150065,0.611600876,0.561676085,-0.00933895,0.608567238,0.563390672,-0.00767645938,0.593823254,0.545036793,-0.00922695827,0.598917902,0.558600128,-0.0113539314,0.599189878,0.563890815,-0.00941395108,0.597469,0.564916968,-0.00703296578,0.581771433,0.545433402,-0.0110440301,0.584093094,0.558486104,-0.0120596485,0.584861636,0.561865866,-0.0083942879,0.584724307,0.561437845,-0.00498151686,0.570678949,0.544537723,-0.0125528602,0.572173119,0.555054188,-0.011720431,0.573612154,0.556883693,-0.00712629315,0.574016273,0.555641949,-0.00276906486
216.66666666666663,0.57144624,0.474753261,-9.02040842e-009,0.559658468,0.468326926,-0.00119438465,0.54413867,0.466350019,-0.00264462456,0.530549109,0.467363119,-0.00430229027,0.519955933,0.468902856,-0.00562840141,0.531702399,0.474239469,-0.00185363868,0.51692456,0.476828456,-0.00538214762,0.519014895,0.476112068,-0.00783229806,0.524757147,0.475106627,-0.00867257081,0.534751296,0.480291367,-0.00268849381,0.51936233,0.482851744,-0.00426195888,0.521188438,0.481534421,-0.00509772729,0.526628,0.480249733,-0.00556981796,0.540047824,0.485609561,-0.00371000031,0.526022911,0.488405824,-0.00468529155,0.527113855,0.486828,-0.00357428263,0.531692803,0.485098302,-0.00288711675,0.546312094,0.490037739,-0.00478235,0.534312308,0.492985219,-0.00506984675,0.534262121,0.491669208,-0.00298855104,0.537564754,0.49021256,-0.00114070019
216.66666666666663,0.579595625,0.52361542,5.9927082e-008,0.597366095,0.530116796,0.00226261024,0.604764104,0.539699137,0.0015915574,0.603953958,0.547227621,0.000613240583,0.60244149,0.55243212,-3.39991152e-006,0.60579139,0.543501318,-0.00689495774,0.61129266,0.556446254,-0.0102836769,0.610509694,0.562225,-0.0102226986,0.607344031,0.563700736,-0.00865592808,0.593568683,0.544943511,-0.00957042724,0.598548412,0.558789849,-0.0121548846,0.598670483,0.564049363,-0.0104804244,0.596398771,0.564539075,-0.00815522484,0.581255913,0.545150816,-0.0115639511,0.583729625,0.558942258,-0.0130877914,0.584486425,0.562357187,-0.00967285316,0.584159911,0.561490893,-0.00627258,0.569836855,0.544173062,-0.0132565303,0.571126282,0.555334,-0.0129853468,0.572785497,0.557251155,-0.00865546148,0.573369563,0.555699706,-0.0043526045
233.3333333333333,0.570659101,0.475139797,-1.62894835e-008,0.559053779,0.46834445,-0.00102352316,0.543571055,0.466295779,-0.00213694642,0.529876888,0.467550606,-0.00343188574,0.519398868,0.469367534,-0.00437297,0.531172216,0.474285364,-0.00163016142,0.516495824,0.476703823,-0.00481408369,0.51903,0.476224,-0.00704161543,0.524934769,0.475388944,-0.00779602025,0.533969104,0.480458051,-0.00235368847,0.518803895,0.48280856,-0.00364202866,0.520924,0.481691897,-0.00426874356,0.52631408,0.480500787,-0.00465652719,0.539020061,0.485800952,-0.00323810824,0.525024235,0.488444984,-0.00400855392,0.526177108,0.48703289,-0.00284913904,0.530698299,0.485425681,-0.00217442075,0.545090437,0.490207553,-0.00415327866,0.533096433,0.492953658,-0.00420367392,0.532834649,0.491690397,-0.00209063641,0.535815954,0.490295023,-0.000289163378
233.3333333333333,0.579263151,0.524054229,5.70959813e-008,0.596927762,0.530704677,0.00233088853,0.604533494,0.540334642,0.00151150476,0.603763223,0.547873139,0.000337238831,0.602325201,0.553270459,-0.000442814082,0.605773,0.543885171,-0.00732852239,0.610828042,0.556995213,-0.0110770119,0.609736621,0.562596381,-0.011112785,0.606468439,0.563625872,-0.00945341308,0.593702197,0.54523164,-0.0100834649,0.597673476,0.559275806,-0.0127876233,0.597523868,0.564148962,-0.0107780909,0.595522225,0.563988,-0.00813043,0.58134222,0.545326173,-0.0121652763,0.583075583,0.559229732,-0.013676485,0.583996952,0.561977,-0.00970200356,0.584232271,0.560409904,-0.00587418536,0.569815278,0.544276297,-0.0139623592,0.570638835,0.555401325,-0.0136500737,0.572289,0.5568555,-0.00902878679,0.573105,0.554859221,-0.00444560498
249.99999999999994,0.57105279,0.475116372,-1.16956098e-008,0.559452713,0.468542129,-0.00151866081,0.543726861,0.466487139,-0.00281447824,0.529998958,0.467806935,-0.00423278799,0.51918143,0.469300747,-0.00524954451,0.530901372,0.474332809,-0.00122352503,0.516594172,0.476887107,-0.00435341429,0.518916249,0.476341695,-0.00664733117,0.524439,0.475403607,-0.00751241157,0.533694804,0.480457366,-0.00178000133,0.518958,0.482995421,-0.00304484181,0.520967782,0.481867403,-0.00385382026,0.526166618,0.480641931,-0.00437673694,0.53880465,0.485752523,-0.00259374548,0.52525264,0.488473,-0.00347091234,0.526486,0.487160951,-0.00242136559,0.530919731,0.485597521,-0.00178295793,0.544935226,0.4900783,-0.00349406316,0.533075,0.492944628,-0.00366215059,0.533011734,0.491831064,-0.00159261725,0.536041856,0.49055028,0.000226260687
249.99999999999994,0.578784049,0.523631513,4.86820539e-008,0.596418917,0.530440569,0.00255575357,0.603968382,0.540219426,0.00203654892,0.603289485,0.547707081,0.00103209913,0.601955354,0.553129196,0.000405827683,0.6057266,0.543975174,-0.00599331222,0.61034286,0.556690872,-0.00952667929,0.609167635,0.562280715,-0.00974887516,0.605991304,0.563592,-0.0084072873,0.59379822,0.545273364,-0.00895173289,0.597536862,0.55900991,-0.0116313361,0.59685117,0.563537419,-0.00991871208,0.594532549,0.563297749,-0.00751299551,0.581380546,0.545274496,-0.0113136712,0.582815,0.55896765,-0.0129441805,0.583122909,0.562020838,-0.00936736166,0.583042622,0.560890317,-0.00585655123,0.569612205,0.544122756,-0.0133866007,0.569862306,0.555210412,-0.0132142231,0.571288943,0.556867659,-0.00888018217,0.572201133,0.555091202,-0.00458654528
266.66666666666663,0.570536137,0.474800169,-2.4924125e-008,0.559063733,0.468379259,-0.00130502973,0.54297334,0.46653986,-0.0024511104,0.52936095,0.467789084,-0.00388150616,0.518785715,0.469213963,-0.00488799345,0.530141473,0.474087954,-0.000812833139,0.516162872,0.4768942,-0.00450601662,0.519561648,0.47657308,-0.00722856168,0.526167452,0.475595981,-0.00823550858,0.532985747,0.480163455,-0.0016193022,0.518577218,0.4830378,-0.00356869912,0.521754205,0.482168347,-0.00457697967,0.527747273,0.480871826,-0.0049895132,0.538006306,0.48552531,-0.00275932858,0.524666786,0.48857066,-0.00418162206,0.526996195,0.48746267,-0.00307767163,0.532106698,0.485886574,-0.00217690761,0.544005215,0.490038514,-0.00399272796,0.532280743,0.492979616,-0.00432641059,0.533500135,0.491974294,-0.00214386801,0.537560344,0.490660191,-0.000162568074
266.66666666666663,0.578061581,0.52366066,5.31006208e-008,0.595751822,0.530355811,0.00273179426,0.603596151,0.53989768,0.0022006419,0.603160918,0.547394097,0.00113919307,0.601698875,0.552866042,0.000415802206,0.605672717,0.543703735,-0.00608168403,0.610265434,0.556621969,-0.00958763342,0.60898447,0.562241,-0.00972976629,0.60569489,0.563604116,-0.00834010821,0.593889296,0.545150876,-0.00907836854,0.597182393,0.558908224,-0.0115178898,0.596258044,0.563421488,-0.00967433117,0.593872666,0.56311208,-0.00725422893,0.581537843,0.545230329,-0.01144836,0.582531869,0.558782,-0.0128011508,0.582763314,0.561745048,-0.00921606924,0.582844377,0.560473,-0.00581838144,0.569801033,0.544142187,-0.0135236485,0.569613755,0.554911,-0.0132497381,0.570817,0.556402087,-0.00899381656,0.571755409,0.554474533,-0.00478979154
283.3333333333333,0.569939911,0.474682838,-1.09780949e-008,0.557469547,0.468600899,-0.000260845234,0.541497648,0.466941208,-0.00110550248,0.528025568,0.468127191,-0.00235068123,0.517559171,0.469014049,-0.00327790133,0.529846668,0.474286944,3.62503597e-005,0.516129196,0.476846367,-0.00267559686,0.518280208,0.476305336,-0.00481054932,0.523634672,0.475212425,-0.00562136248,0.532920182,0.480368406,-0.00104869681,0.518338382,0.483156592,-0.00189287227,0.519881606,0.482185662,-0.00254234252,0.52475214,0.480865955,-0.00304300501,0.538116097,0.485669523,-0.00230049831,0.524528265,0.488733083,-0.00285163731,0.525599658,0.487474442,-0.00171041663,0.529852271,0.485723555,-0.00107889681,0.544307053,0.489978969,-0.00355121749,0.532575071,0.493140131,-0.00337269553,0.532442629,0.492079377,-0.00115674897,0.535421133,0.490586311,0.000678967219
283.3333333333333,0.577648759,0.5235098,5.619669e-008,0.595402181,0.529990911,0.00245171227,0.603411734,0.539464056,0.00183130172,0.603309631,0.547123909,0.000723353471,0.602229536,0.552666903,-1.78439841e-005,0.60509187,0.543406069,-0.00600118376,0.610210776,0.556265354,-0.00958802458,0.609002709,0.561920166,-0.00996949058,0.605624497,0.563584089,-0.00879652705,0.593303263,0.544903457,-0.00888217613,0.597277224,0.558604419,-0.0113910446,0.596729934,0.563412726,-0.00971559156,0.59450525,0.563552618,-0.00747722108,0.581043959,0.545015275,-0.0111957481,0.582303762,0.558500051,-0.01271025,0.582742155,0.561772287,-0.00926775672,0.582904816,0.560800433,-0.00595004717,0.569385409,0.543923378,-0.0132398074,0.56949842,0.554692566,-0.0130487932,0.570872,0.556582,-0.00886635855,0.571914315,0.554959059,-0.00474883802
300.0,0.569805324,0.474680305,-2.07716777e-008,0.557463765,0.46826914,-0.000788238947,0.541360199,0.466395825,-0.00192033919,0.527627766,0.467600644,-0.00328568276,0.516961932,0.469036937,-0.00425858889,0.529445589,0.474275351,-0.00149567402,0.515146077,0.476888299,-0.00469440501,0.518856704,0.476225913,-0.00697726663,0.52539438,0.475176513,-0.00775985,0.532536,0.48046279,-0.00237256987,0.517623782,0.483064204,-0.00360025349,0.520588338,0.481893599,-0.00408446789,0.526451528,0.480586559,-0.0043545072,0.537841,0.485807925,-0.00338578876,0.523970485,0.488598824,-0.00409360323,0.525975525,0.487162292,-0.00258810981,0.531043172,0.485508233,-0.00163370569,0.544101655,0.490176111,-0.0044191503,0.531878054,0.492887139,-0.00436061295,0.532551,0.491574824,-0.00187694642,0.536344469,0.490152478,0.000238883586
300.0,0.57728368,0.523962557,5.51502097e-008,0.595680416,0.530046105,0.00234508282,0.603832066,0.539340377,0.00166068471,0.603404701,0.547028482,0.000551559438,0.602144301,0.552520335,-0.000196832203,0.605230331,0.543305039,-0.00664625969,0.610337317,0.556617856,-0.0102778263,0.608886063,0.561983466,-0.0104742786,0.605246186,0.563057363,-0.00905976724,0.593150139,0.544911146,-0.00933641475,0.597280443,0.558666348,-0.0117470836,0.596771717,0.563314199,-0.00982015952,0.594517648,0.563149,-0.00741376774,0.580799937,0.54513377,-0.0114428643,0.582422256,0.558624923,-0.0129592419,0.583126,0.561861455,-0.00950229261,0.583354354,0.560730338,-0.00615171529,0.56922704,0.544195116,-0.0132407686,0.569879115,0.5548715,-0.0131099969,0.571296155,0.55675751,-0.00895952433,0.572177887,0.555070102,-0.0048066075
316.6666666666667,0.569718957,0.474620104,-2.34930404e-008,0.557343364,0.468302429,-0.000714369584,0.541292191,0.466441035,-0.00194728829,0.527529478,0.467809319,-0.00341293612,0.516897082,0.468995333,-0.00443912,0.529674292,0.474327415,-0.00169742992,0.514582098,0.476798147,-0.00508903433,0.518306077,0.475826025,-0.00733621232,0.525058329,0.474835843,-0.00804452132,0.53267467,0.480518192,-0.00264542899,0.51714623,0.482982278,-0.00396909844,0.520382345,0.481508017,-0.00428640796,0.526542544,0.48036164,-0.00442272285,0.537738681,0.485821366,-0.00372260856,0.52351135,0.488539904,-0.00448898459,0.526037872,0.486805707,-0.00267006783,0.531515896,0.485263199,-0.00149822282,0.543782234,0.490134686,-0.00480978657,0.531594396,0.492855638,-0.00480629923,0.532798,0.491326421,-0.00216072705,0.536994,0.489942282,8.96741112e-005
316.6666666666667,0.57707274,0.523449421,5.75094781e-008,0.594959438,0.529532671,0.0022061856,0.603082776,0.53907156,0.00149547763,0.602793515,0.546775043,0.000352638803,0.601566,0.552183688,-0.000379547826,0.604930341,0.542883456,-0.00647127116,0.610305905,0.556052566,-0.0101282829,0.608908296,0.56165868,-0.010443002,0.605443776,0.563131213,-0.00916895,0.593139231,0.544448614,-0.00925749354,0.597525239,0.558367252,-0.0118600614,0.596748054,0.563183844,-0.0101662921,0.594253361,0.563191473,-0.00788654853,0.580846429,0.544665813,-0.0114818104,0.582703471,0.558170855,-0.0130115459,0.583173573,0.561438382,-0.00956097618,0.583201587,0.560359359,-0.00623120787,0.569274902,0.543752313,-0.0134632234,0.569872,0.554588556,-0.0132600581,0.57134521,0.556548357,-0.00911667477,0.572287142,0.554869175,-0.0050373422
333.33333333333337,0.569779575,0.474782169,-2.32669137e-008,0.55729866,0.468337685,-0.00085849053,0.541527867,0.466657579,-0.00219184044,0.527555466,0.467867494,-0.00377591536,0.516749263,0.468922347,-0.00490449974,0.529631555,0.474431247,-0.00167914259,0.514286101,0.477036595,-0.00525968196,0.517893374,0.476220667,-0.00767039414,0.524769366,0.475299925,-0.0084273722,0.532512665,0.480596483,-0.00256380299,0.516965389,0.483084261,-0.00398327,0.520179272,0.481638521,-0.00440129172,0.526384175,0.4805035,-0.00459410483,0.537630916,0.485909879,-0.00362183386,0.523355126,0.488567412,-0.00443736,0.525697887,0.486884087,-0.00272773812,0.53109467,0.485380203,-0.00163164246,0.543663621,0.490242362,-0.00470620766,0.531330287,0.492888063,-0.00469812611,0.532442153,0.491395622,-0.0020854515,0.536703587,0.490035,0.000131108885
333.33333333333337,0.57705754,0.523296535,5.78263979e-008,0.595096648,0.52944392,0.00208547222,0.60346818,0.538848,0.00130959798,0.603060186,0.546524763,6.13244847e-005,0.60159117,0.551985323,-0.000799650035,0.604869246,0.542650163,-0.00624143472,0.61021632,0.555606186,-0.00996234734,0.608917594,0.561121643,-0.010480931,0.605273366,0.562454402,-0.00936909951,0.593070924,0.544330716,-0.00899948925,0.597475,0.55810529,-0.0114805801,0.59687,0.562999,-0.00996182766,0.594223142,0.563203156,-0.00792353787,0.580830336,0.544618785,-0.0112339649,0.582856119,0.558196068,-0.0127480784,0.5832057,0.561255038,-0.00949777383,0.582841933,0.560119689,-0.00640861178,0.569256425,0.543759525,-0.0132366037,0.569720089,0.554547668,-0.0131372437,0.571207,0.556169629,-0.00913999882,0.57194519,0.554311931,-0.00521597965
350.00000000000006,0.569062829,0.47515884,-3.23782707e-008,0.555927515,0.468886018,-0.000671946502,0.540481687,0.466507852,-0.00206854125,0.527008832,0.467282295,-0.00375814969,0.516426146,0.468799859,-0.00500110025,0.528972149,0.474147141,-0.00159333984,0.514816344,0.476526976,-0.00536639336,0.519323766,0.475778431,-0.00798053294,0.526270926,0.474852473,-0.00886547472,0.531743884,0.480348796,-0.00270517939,0.517015934,0.482918799,-0.00438076816,0.52089572,0.481828749,-0.00491826329,0.527375,0.480683059,-0.00512315659,0.536515355,0.485814482,-0.00397624634,0.523298204,0.488451928,-0.00495820679,0.526479661,0.487128824,-0.00312203,0.532112479,0.485717028,-0.00186241989,0.542149365,0.490297288,-0.0052754581,0.530348897,0.492780387,-0.00517882453,0.532661617,0.491422713,-0.0022277995,0.537505805,0.490103692,0.000258778426
350.00000000000006,0.577202916,0.523414969,5.95482561e-008,0.595187962,0.52955085,0.00210047606,0.603548944,0.538887799,0.0012428778,0.603164256,0.546476245,-4.52218155e-005,0.601562262,0.551933646,-0.000977318,0.604703605,0.542591274,-0.00676800637,0.610343516,0.555376291,-0.0104127787,0.609301448,0.560954154,-0.0107547641,0.605727,0.562465489,-0.00956378877,0.593006313,0.544188619,-0.00953705423,0.597782433,0.558008194,-0.0121097555,0.597186804,0.562801301,-0.0104987239,0.594336152,0.563011587,-0.00836664345,0.580808759,0.544455588,-0.0116963601,0.583454609,0.558135033,-0.0131741259,0.583610773,0.560835123,-0.00961322803,0.582851112,0.559484,-0.006310408,0.569269836,0.543599188,-0.013623911,0.570119798,0.554410815,-0.0133994808,0.571587503,0.555689931,-0.00914559141,0.57205,0.553575277,-0.00505677611
366.66666666666674,0.569342792,0.474619061,-2.63565898e-008,0.556639969,0.468384206,-0.000462944707,0.540468395,0.466476917,-0.00156800693,0.526786506,0.467565626,-0.00292021804,0.516143739,0.468743593,-0.00387892406,0.529109418,0.474131703,-0.00150825,0.514965594,0.476431608,-0.00486364122,0.51886034,0.475669324,-0.00710911117,0.52556318,0.474855512,-0.00778280618,0.531935394,0.480431229,-0.00255635707,0.516760945,0.482880205,-0.00389461452,0.520277381,0.481582493,-0.00416452298,0.526770592,0.480543464,-0.00421444,0.53678292,0.485877901,-0.00370213832,0.52298075,0.488502,-0.00447828742,0.525847435,0.486911267,-0.00262802071,0.531577229,0.485504657,-0.00137436343,0.542541146,0.490243495,-0.00481627788,0.530149162,0.492896825,-0.00463630445,0.53192693,0.491449386,-0.00173158548,0.536625,0.490084589,0.0007095529
366.66666666666674,0.576856732,0.523633182,5.62590294e-008,0.594703138,0.529391229,0.00194880739,0.603076577,0.538469613,0.00093335344,0.603059888,0.546148539,-0.000495500397,0.60198766,0.55168283,-0.0016233956,0.60467124,0.542130291,-0.00703677535,0.610604107,0.554966271,-0.0108593851,0.609303653,0.560664892,-0.0115311155,0.60558635,0.562404692,-0.0106059266,0.593035221,0.543868184,-0.00973680709,0.597872198,0.557459295,-0.0120587694,0.597418666,0.562357366,-0.0105901174,0.594935238,0.562724233,-0.008787008,0.580865264,0.544305921,-0.0118567934,0.583421,0.557778955,-0.0132121667,0.583739758,0.560877383,-0.01003836,0.583256245,0.559745312,-0.00717739388,0.569363296,0.543704927,-0.0137533192,0.570378,0.554419696,-0.0137037514,0.571700752,0.556130707,-0.00985654444,0.572326183,0.554341137,-0.00613831682
383.3333333333334,0.569302857,0.474771798,-2.79250916e-008,0.557007611,0.468072593,-0.000744129124,0.540731966,0.466227829,-0.00167913851,0.526675045,0.467609346,-0.00285145012,0.516056061,0.468748838,-0.0035442377,0.52844882,0.474328756,-0.000864325848,0.514298618,0.47676158,-0.00393808633,0.518233597,0.476016253,-0.00615728786,0.524808645,0.474976212,-0.00692935148,0.531422198,0.480539769,-0.00167321297,0.516508,0.483084232,-0.00283032493,0.519627154,0.481876969,-0.00325265294,0.525505364,0.480608046,-0.00343527226,0.536484718,0.485826224,-0.0026523741,0.522931635,0.488484472,-0.00329276966,0.525093257,0.487080425,-0.00172320439,0.530106723,0.485524118,-0.000692514412,0.542500138,0.490057737,-0.00366425375,0.530810475,0.492790252,-0.00343129598,0.531489372,0.491552174,-0.000893429,0.535106301,0.490148872,0.00126286235
383.3333333333334,0.576905131,0.523424745,5.4054361e-008,0.594715655,0.529002607,0.00225855643,0.603200197,0.538066924,0.0015196969,0.603954494,0.545817554,0.000367752626,0.603826582,0.55145961,-0.000475398585,0.604571164,0.542021692,-0.00637266831,0.610922515,0.555009544,-0.00995283946,0.609790683,0.560616732,-0.010584753,0.606216431,0.562155187,-0.00962416735,0.592995167,0.543818772,-0.0090865083,0.597895622,0.557215154,-0.011070217,0.597911596,0.562212348,-0.00951289665,0.596054196,0.562676191,-0.00769714732,0.580976129,0.544261515,-0.0112305218,0.583279,0.557411611,-0.0123302247,0.583993614,0.560804367,-0.00922619272,0.584118485,0.559971213,-0.00646455819,0.569567919,0.543587685,-0.0131092528,0.570654213,0.554094672,-0.0128319366,0.572022498,0.555948138,-0.00891646836,0.573015213,0.554332852,-0.00518225925
400.0000000000001,0.569194436,0.474614888,-2.79994268e-008,0.556428611,0.468253523,-0.000524060917,0.540229201,0.466501355,-0.00159942464,0.526342928,0.467461169,-0.00294659985,0.516098738,0.468726903,-0.00393144973,0.529609501,0.473830283,-0.0019682548,0.514511764,0.476678669,-0.0054946267,0.518134177,0.476130217,-0.00771514932,0.524645925,0.474905819,-0.00839778222,0.532479465,0.480085969,-0.00304575916,0.51623261,0.483061373,-0.00497858645,0.519755661,0.482109159,-0.00544187706,0.526214361,0.480698347,-0.00543583,0.537253737,0.485621125,-0.00421099504,0.522348046,0.488737464,-0.00538366335,0.525104284,0.487393171,-0.00368396356,0.530699372,0.485736549,-0.00243010442,0.543007195,0.490204722,-0.00534669589,0.530679941,0.493021399,-0.00551225292,0.532355726,0.491737068,-0.0029420713,0.536755085,0.490268439,-0.000717952265
400.0000000000001,0.576692164,0.52316457,6.09268795e-008,0.595464766,0.528773904,0.00233224966,0.60414958,0.537787616,0.00158646295,0.604163885,0.545448542,0.000392913469,0.603317201,0.550776,-0.000479313283,0.604760051,0.541938722,-0.00647723814,0.611215413,0.55470103,-0.010106436,0.610622823,0.560245693,-0.0105687911,0.607339442,0.561877966,-0.00944944471,0.592879415,0.543906,-0.00928174332,0.598437726,0.557411253,-0.0117068971,0.598967373,0.562615,-0.0101595828,0.596951962,0.563411057,-0.00814919546,0.58072716,0.544475317,-0.0114802951,0.583591759,0.557793558,-0.012872031,0.584773779,0.560746372,-0.00950856786,0.584755182,0.559644163,-0.00632339297,0.569352508,0.543786287,-0.0134262545,0.570898831,0.554451644,-0.0129573196,0.572981298,0.556231141,-0.00870518759,0.574002862,0.554620385,-0.00462887343
416.6666666666668,0.568952,0.47480303,-3.13077e-008,0.556714475,0.468383193,-0.000494776119,0.540200293,0.466650814,-0.00125898083,0.526289761,0.467613906,-0.00243839622,0.516039431,0.468889296,-0.00326959533,0.527753174,0.474138141,-0.000602128799,0.513799727,0.476990938,-0.00407463079,0.517638266,0.476713568,-0.0065593482,0.524147,0.475775898,-0.00745448703,0.531063259,0.48021397,-0.00178539241,0.515869617,0.483149439,-0.00376966549,0.519569337,0.482362747,-0.00457414845,0.525981665,0.481152713,-0.00477947667,0.536387324,0.485605061,-0.00317440019,0.522408307,0.488628328,-0.00447546178,0.525214136,0.487529159,-0.00300371344,0.530681551,0.486020803,-0.00184604037,0.542711854,0.490185142,-0.00458902214,0.531042874,0.493042588,-0.00478381757,0.532471,0.491984874,-0.00235014735,0.536463261,0.490656,-0.000199919145
416.6666666666668,0.57659024,0.523201406,5.99909313e-008,0.59508425,0.528431118,0.00215535657,0.603780568,0.537131846,0.00112796912,0.604169667,0.544875562,-0.000224882024,0.603599,0.550275683,-0.00123628101,0.604809284,0.541286647,-0.00777641404,0.611597478,0.554558635,-0.0114697069,0.610713124,0.560132325,-0.0117977206,0.607331574,0.561660469,-0.0105361436,0.592926919,0.543251395,-0.0104222875,0.598682761,0.557232,-0.0129447142,0.598955691,0.56220144,-0.0111826463,0.596895278,0.562769234,-0.00904803071,0.580657423,0.543855965,-0.0123566519,0.583776,0.557354927,-0.0135648083,0.584811866,0.559951603,-0.00987957511,0.58451122,0.558612227,-0.00655354513,0.569141805,0.543190062,-0.014040458,0.571173489,0.554222822,-0.0132049285,0.573246241,0.555732071,-0.00862158835,0.573892951,0.553808689,-0.0044034617
433.3333333333335,0.569299817,0.47443226,-3.56350043e-008,0.556747258,0.468271315,-0.000372811657,0.539446354,0.466760933,-0.000951537,0.525393486,0.468057156,-0.001940922,0.515227795,0.468716592,-0.00260617724,0.527316213,0.4741337,-6.05112473e-006,0.514213622,0.477188557,-0.00318242819,0.517963,0.47691986,-0.00560905505,0.524284363,0.475748241,-0.00652381359,0.530703,0.480211377,-0.00109790661,0.516282141,0.483511597,-0.00275202049,0.52001363,0.482673764,-0.00349829532,0.526375413,0.481183201,-0.00369194103,0.535888672,0.485631824,-0.00239401823,0.522534788,0.488946021,-0.00349885761,0.525683582,0.487734109,-0.00208192342,0.531240165,0.486020386,-0.000977748656,0.542105198,0.490210891,-0.00371266087,0.530788481,0.493172109,-0.00385109335,0.532703757,0.492037445,-0.00147837272,0.536916614,0.490589976,0.000626890163
433.3333333333335,0.576208532,0.523354053,6.35323332e-008,0.595007181,0.528462708,0.00207075384,0.604046047,0.53742075,0.00100672303,0.604669333,0.545394182,-0.000287707022,0.604206562,0.551043153,-0.00123861898,0.604955494,0.541577637,-0.00815093424,0.611987531,0.5549106,-0.0116743799,0.611379,0.560503304,-0.0117813386,0.608171165,0.562044144,-0.0103826765,0.592999,0.543494463,-0.0106886812,0.598720074,0.557438195,-0.0130183958,0.599227726,0.562456787,-0.0111483233,0.597259402,0.563007236,-0.00896735396,0.580713034,0.544058204,-0.0124765635,0.583827317,0.557493031,-0.0134667763,0.585146,0.560318589,-0.00976775214,0.585042655,0.559100628,-0.00650076,0.569272101,0.54343164,-0.0140037388,0.571431696,0.554359734,-0.0130789019,0.573586226,0.556049228,-0.00852802861,0.574311435,0.554308832,-0.00434548035
450.00000000000017,0.56883949,0.474890441,-3.27702807e-008,0.556286275,0.468666285,-0.000241411297,0.540030777,0.466835231,-0.00106437167,0.526139438,0.4678379,-0.00234106579,0.515743315,0.468819082,-0.00333507312,0.527173936,0.474291146,-0.000228230972,0.513923764,0.477028847,-0.00356531912,0.517530322,0.476736158,-0.0061237039,0.523879945,0.47581771,-0.00712064188,0.530235648,0.480381578,-0.00145311991,0.515993595,0.48337549,-0.00314284349,0.51931262,0.482493073,-0.00400749827,0.525507092,0.481126398,-0.004388473,0.535246372,0.485798538,-0.00285879592,0.522199094,0.488889426,-0.00397044048,0.524806,0.487675428,-0.00270031695,0.530204177,0.486019224,-0.00176377734,0.541138828,0.490350276,-0.00426498847,0.529895604,0.493231803,-0.0044441158,0.531530559,0.491965652,-0.00211378979,0.535811961,0.490469098,-4.0524108e-005
450.00000000000017,0.57592231,0.522637665,5.78276165e-008,0.594342351,0.527848303,0.00252075936,0.603144765,0.536751032,0.00179895211,0.60381484,0.544622958,0.000755491783,0.603245,0.550290525,6.71405287e-005,0.605210066,0.541265607,-0.00699604396,0.61177218,0.554507077,-0.0101617165,0.611050606,0.560089827,-0.0101014031,0.60802,0.561817586,-0.00864473358,0.593118727,0.543337643,-0.0096686231,0.598841846,0.557223499,-0.0116977869,0.599157929,0.562301159,-0.0097426,0.597221494,0.563109457,-0.00748519134,0.580685496,0.544004917,-0.0115960548,0.58399266,0.557211339,-0.0123535655,0.585267782,0.560353875,-0.00861632451,0.585293591,0.559661388,-0.00531911431,0.569068968,0.543360233,-0.0132357031,0.571505666,0.554203928,-0.0119555788,0.573651612,0.556085765,-0.00721131777,0.574436367,0.554676771,-0.00291732745
466.66666666666686,0.568320036,0.475009412,-3.60112509e-008,0.555807412,0.468476,-0.000535619038,0.539310813,0.466685474,-0.00138422579,0.525670052,0.467971921,-0.00256975042,0.515604,0.469010234,-0.00345296925,0.527148902,0.474493444,-0.00149482244,0.513136566,0.477475613,-0.00493896613,0.517316759,0.476792812,-0.00732923113,0.523907363,0.47565186,-0.00820324291,0.530634284,0.480553091,-0.00262129609,0.515567,0.483564764,-0.00447816029,0.519457281,0.482379884,-0.00519113056,0.525992,0.480948418,-0.00542848883,0.535982192,0.485788107,-0.00387318316,0.522335887,0.488956302,-0.00510914391,0.52534467,0.487542063,-0.00372520345,0.53097415,0.485856116,-0.00271693757,0.542298853,0.490171194,-0.00512589375,0.531066775,0.493184268,-0.00553150382,0.532970607,0.491907239,-0.00329023087,0.537329912,0.49044624,-0.00128904625
466.66666666666686,0.576131463,0.52279669,5.80663517e-008,0.594376,0.52855891,0.00219245651,0.603457034,0.537540495,0.00136732589,0.604782701,0.545372903,0.0002043758,0.605179965,0.550996065,-0.000564997201,0.605249941,0.541595638,-0.00665877899,0.61168009,0.554622054,-0.00986613147,0.611129582,0.56027621,-0.0101521863,0.608323812,0.562015593,-0.00904929172,0.593280911,0.543561161,-0.00931761414,0.599003,0.557233572,-0.011215644,0.599269,0.562300682,-0.00971167628,0.597364902,0.563136101,-0.00801670644,0.581003726,0.544238389,-0.0112972418,0.584141731,0.557350457,-0.0120055489,0.584926665,0.560090661,-0.00871028379,0.584695816,0.559040487,-0.00597188529,0.569456041,0.543725789,-0.013050328,0.571461678,0.554280818,-0.0120681459,0.573135495,0.555816948,-0.00781236729,0.57369256,0.554170728,-0.00402375776
483.33333333333354,0.568902,0.47481063,-3.47334925e-008,0.556620955,0.468275279,-0.000515400374,0.540220857,0.466749161,-0.00140492909,0.526489615,0.467985868,-0.00264349533,0.516192198,0.469023645,-0.00350669655,0.526990891,0.47454682,-0.000942236162,0.513259,0.477220446,-0.00440009777,0.517303765,0.476337284,-0.00694065215,0.524013042,0.475176841,-0.00791464094,0.530105114,0.48067078,-0.0020512708,0.515249491,0.483447731,-0.00387344509,0.518959939,0.482153594,-0.00462048873,0.525530279,0.480765849,-0.00485538738,0.535345078,0.485949337,-0.00333219324,0.52166003,0.48892355,-0.00447531184,0.524267554,0.487468749,-0.00312043307,0.529832959,0.485826939,-0.00210753293,0.541723609,0.49025327,-0.00462819636,0.530644894,0.493269563,-0.00490452722,0.531793237,0.49202913,-0.00267591863,0.535708725,0.490643352,-0.000653142342
483.33333333333354,0.576006055,0.522912502,6.19431049e-008,0.59424895,0.528494179,0.00214784988,0.603105605,0.537530601,0.00123114896,0.60400486,0.545460224,2.25585209e-005,0.603859305,0.55107218,-0.000797800894,0.605749846,0.541563928,-0.00715708919,0.611771107,0.554632246,-0.0103244213,0.611151397,0.560361207,-0.0104589015,0.608288288,0.562237,-0.00925106835,0.593631506,0.5435642,-0.00976340473,0.599075496,0.557355821,-0.0116650015,0.599247754,0.56242013,-0.00992881786,0.597289383,0.563197076,-0.00801737793,0.581126034,0.544292867,-0.0116522172,0.583899558,0.557483613,-0.012255989,0.584717572,0.560189366,-0.00871769432,0.584623754,0.559066951,-0.00577397598,0.569444299,0.54382205,-0.0133183189,0.571367681,0.554371893,-0.012147476,0.573076487,0.555848718,-0.00770645728,0.573705792,0.554163098,-0.00374535564
500.0000000000002,0.568724811,0.47487703,-3.82100254e-008,0.555376709,0.468890727,0.000646282162,0.539224565,0.467398643,-2.65916024e-005,0.525613308,0.468459934,-0.00133967889,0.515424073,0.4690409,-0.0023435012,0.527153969,0.47453621,-4.92642794e-005,0.512861311,0.477488458,-0.00349884946,0.516834,0.476814866,-0.00598942675,0.523657203,0.475471169,-0.00684295828,0.530266583,0.480543882,-0.0017402427,0.515168488,0.483569115,-0.00353661,0.518991709,0.482555896,-0.00424884772,0.525442421,0.481089294,-0.00438776845,0.535362124,0.485854357,-0.00350717921,0.521205425,0.48894462,-0.00444248877,0.523823142,0.487822562,-0.00285969977,0.529252231,0.486202776,-0.00166048307,0.541574419,0.490249306,-0.00520692859,0.529970407,0.493454933,-0.00511673279,0.530527771,0.492473811,-0.00258210883,0.533848703,0.491103619,-0.000337381265
500.0000000000002,0.57555753,0.522788405,5.98490146e-008,0.593764961,0.528153181,0.00209166203,0.603104413,0.537252963,0.00111981679,0.60479641,0.545274794,-9.36054348e-005,0.605153441,0.55117929,-0.000872498204,0.605297387,0.54116559,-0.00775976712,0.611854076,0.554633379,-0.0112405689,0.611104727,0.560363948,-0.0113522625,0.607988596,0.561881065,-0.00995055214,0.593324304,0.543172538,-0.0103506,0.599004567,0.557324111,-0.0125186434,0.599036157,0.562402964,-0.0105758635,0.596944928,0.56291163,-0.00838706549,0.580801904,0.543914557,-0.0122248,0.5839203,0.557410121,-0.0130207734,0.584791362,0.560333252,-0.0092148371,0.584703,0.559252083,-0.00598542625,0.569035232,0.543465912,-0.0138617605,0.57134366,0.554334283,-0.0128380703,0.573087156,0.555940151,-0.00823186524,0.573650599,0.554211676,-0.00406115968
516.6666666666669,0.567721307,0.475126624,-3.67053765e-008,0.554838896,0.468836546,3.69567933e-005,0.539244056,0.467347354,-0.000967135129,0.525350809,0.468354821,-0.00241614622,0.515035391,0.469126284,-0.00356088835,0.527047,0.474623054,-0.00128187088,0.512605429,0.477446169,-0.00480298372,0.516977608,0.476652682,-0.00725970184,0.52392143,0.475380719,-0.00810061209,0.530061901,0.480746418,-0.00255121454,0.515027821,0.483684361,-0.00423891237,0.518839896,0.482442319,-0.00482627191,0.52517873,0.480876476,-0.0050263931,0.535135269,0.486126095,-0.00388766383,0.521192074,0.489250362,-0.00479517598,0.523529,0.487833709,-0.0033467114,0.528822303,0.486069918,-0.00236186897,0.541122437,0.490523964,-0.00516623911,0.529398918,0.493648529,-0.00518392,0.530047,0.492365777,-0.00277317339,0.53363651,0.490809232,-0.00068420358
516.6666666666669,0.575906217,0.522997916,5.20542827e-008,0.594143391,0.528919101,0.00246455101,0.602945089,0.538361132,0.00158459903,0.603913486,0.546398461,0.000349568814,0.604043245,0.552275121,-0.000407657208,0.605553389,0.541630208,-0.00736725517,0.612352,0.554853,-0.010957079,0.6111601,0.560477316,-0.0111254063,0.607582331,0.561718404,-0.00970708765,0.593746245,0.543520451,-0.0102034854,0.599406719,0.557557046,-0.0124755315,0.599198043,0.56222564,-0.0105385,0.596904635,0.56226331,-0.00830872916,0.581274867,0.544283688,-0.0123274289,0.584239185,0.558087766,-0.0132160736,0.585116088,0.560861409,-0.00934570935,0.584991097,0.559601128,-0.00605022395,0.56930685,0.54394871,-0.0141950725,0.571302354,0.555128396,-0.0132687055,0.573065281,0.556569219,-0.00866109133,0.573681653,0.554704785,-0.00447817519
533.3333333333335,0.566698134,0.47530216,-3.05899555e-008,0.553931355,0.46908465,-0.000644775573,0.538333952,0.467443854,-0.00205853628,0.524836421,0.468206435,-0.00384800811,0.514478803,0.468922526,-0.0052813394,0.526315391,0.474625915,-0.00204876764,0.512059033,0.477588207,-0.00599234644,0.51678282,0.476694345,-0.00864281319,0.523591,0.475315362,-0.00960911438,0.529487,0.48079887,-0.00328545598,0.514309168,0.483728945,-0.00548966415,0.51823175,0.482535,-0.00623678556,0.524595201,0.480936706,-0.00645142561,0.534857154,0.486191124,-0.00466132723,0.520789921,0.489269495,-0.00604622299,0.523184538,0.487907737,-0.0045610182,0.528300047,0.486094952,-0.00345032,0.541151166,0.490613282,-0.00604991335,0.529487669,0.493706971,-0.00640342617,0.530073643,0.492495626,-0.00400685146,0.533478558,0.490959287,-0.00186385016
533.3333333333335,0.575651,0.522913218,4.71059494e-008,0.593855202,0.528751612,0.00230726856,0.603122294,0.538075626,0.00141661277,0.604538679,0.546141565,0.000138031872,0.60485357,0.552009523,-0.000728000712,0.605475843,0.541677594,-0.00679520052,0.612034202,0.554933608,-0.0103254095,0.610563278,0.56032443,-0.0108532934,0.606925249,0.561356723,-0.00978630874,0.593468308,0.5435974,-0.00955089927,0.598965764,0.557539821,-0.0113483407,0.598539174,0.562092781,-0.00979101844,0.596264958,0.562111139,-0.00811635889,0.580915511,0.5443,-0.0116501618,0.583935499,0.557779491,-0.0121615184,0.584786832,0.56053108,-0.00890713092,0.584728539,0.559304297,-0.00633502332,0.569004714,0.543890595,-0.0135137243,0.571084,0.554735839,-0.0124834478,0.57288152,0.556123614,-0.00829541497,0.573593616,0.554271281,-0.00462364033
550.0000000000001,0.567402661,0.475551456,-3.11333217e-008,0.555604577,0.468856812,-0.000877027807,0.539722085,0.466950595,-0.00193524815,0.525965512,0.468052357,-0.0031872408,0.515628159,0.469225377,-0.00404155953,0.52769,0.474581897,-0.00211799284,0.5123806,0.477459818,-0.00556113059,0.516043186,0.476876348,-0.0077250842,0.522484601,0.475677401,-0.0084149437,0.53042984,0.4806979,-0.00297529623,0.514560819,0.483697355,-0.00490898825,0.517558515,0.482618541,-0.00557974866,0.52337116,0.481083959,-0.00574778393,0.53521508,0.485988379,-0.00395884598,0.521219075,0.489181042,-0.00511141354,0.522892,0.487878591,-0.00393809518,0.527488351,0.486076832,-0.00308249495,0.541075051,0.490299404,-0.00495422166,0.529745936,0.493669063,-0.00524080545,0.529697,0.492631257,-0.00319397473,0.53250587,0.491107136,-0.00133599213
550.0000000000001,0.575564146,0.522947669,5.45738779e-008,0.593479514,0.528836846,0.00225881953,0.602035642,0.538068,0.00131225097,0.602410913,0.5460639,-1.5040664e-005,0.601595581,0.551862478,-0.000964968523,0.605042338,0.54166615,-0.00690472452,0.611437678,0.554666877,-0.0103520136,0.610839248,0.5602808,-0.0106357308,0.607985318,0.561962,-0.00949756149,0.593461275,0.543784797,-0.00969058275,0.599043787,0.557675123,-0.0119726164,0.598707378,0.562394917,-0.0103131691,0.596398294,0.562774241,-0.00831417274,0.581070781,0.544602,-0.011801227,0.583923876,0.557893097,-0.0126834391,0.584612,0.560546577,-0.00912186224,0.584614277,0.559427381,-0.00611258904,0.569146395,0.544177592,-0.0136931874,0.570979178,0.554695368,-0.0126478039,0.572617948,0.556087255,-0.00817520265,0.57333535,0.554383516,-0.00419847807
566.6666666666667,0.568006635,0.475285143,-2.26638104e-008,0.555721164,0.468752861,-0.000499559334,0.539414108,0.467172146,-0.00140096,0.525812268,0.468417525,-0.00267675729,0.515413821,0.469385386,-0.00366063323,0.527342141,0.474926412,-0.00123831676,0.512293637,0.477753967,-0.00468266569,0.514417708,0.47703743,-0.0070408606,0.520450711,0.475721955,-0.00782394782,0.530386806,0.480873674,-0.0023346825,0.514585257,0.483928442,-0.00420300243,0.516774595,0.482711375,-0.00514357816,0.52271539,0.48111856,-0.00550143374,0.535497606,0.485956967,-0.00357477483,0.52138406,0.489385456,-0.00471408432,0.522444785,0.488065928,-0.00382635533,0.527104139,0.486161083,-0.00316306413,0.541681111,0.490094393,-0.00480519328,0.530368,0.493781388,-0.00519929966,0.52940774,0.492825717,-0.00346540567,0.531684399,0.491218895,-0.00181755773
566.6666666666667,0.575097561,0.523459911,5.29595674e-008,0.593321502,0.528815091,0.00251640682,0.602236032,0.537853062,0.00179277768,0.603505671,0.545802474,0.000800492824,0.603518188,0.551690161,0.00016055975,0.604302108,0.541935265,-0.0074434015,0.611161292,0.555164814,-0.0104221124,0.611140549,0.560702085,-0.010026237,0.608610928,0.562185645,-0.00833953544,0.592596591,0.544036925,-0.0100337332,0.598751307,0.558070958,-0.0118545881,0.599164724,0.562692344,-0.00967653375,0.597209513,0.56282711,-0.00729152607,0.580375552,0.544821799,-0.0118094897,0.58395642,0.558434784,-0.0124223633,0.585088313,0.561153293,-0.00866326876,0.585033119,0.559851527,-0.00547313411,0.568904877,0.544318259,-0.0132756466,0.571140349,0.554973,-0.0122300722,0.572924733,0.556431592,-0.00781424157,0.573541045,0.554662347,-0.00377328391
583.3333333333334,0.567308486,0.475613713,-2.96161691e-008,0.555572033,0.468677789,-0.0014982532,0.539323866,0.467143834,-0.00290803961,0.525309,0.46864894,-0.00450609066,0.514590144,0.469444185,-0.00570406346,0.525962,0.475294679,-0.00225478853,0.511576116,0.477850586,-0.00616981462,0.515696883,0.476454198,-0.00894292,0.522416055,0.475058198,-0.0100571308,0.529025197,0.481509984,-0.00306906784,0.51357466,0.483954877,-0.0052483324,0.516974151,0.48227039,-0.00617917208,0.523378909,0.480772287,-0.00655835727,0.53441906,0.486740351,-0.00412464701,0.519990861,0.489688635,-0.00572824432,0.522057,0.48787567,-0.00463309046,0.527355433,0.486012101,-0.00377887394,0.540872574,0.490988523,-0.00525701,0.528928578,0.494060636,-0.00616585044,0.529474735,0.49258998,-0.00425040303,0.533234596,0.491007626,-0.00238846359
583.3333333333334,0.575463831,0.523598,4.84450204e-008,0.593356729,0.529278338,0.00227688253,0.602102697,0.538538396,0.00151456,0.602668881,0.546482384,0.000447717408,0.602230251,0.55223906,-0.000271236349,0.604327261,0.542060614,-0.00720523251,0.611221194,0.555012941,-0.010266657,0.610584438,0.560519755,-0.010216712,0.607662439,0.562081456,-0.00890044589,0.592788756,0.544100344,-0.00984996744,0.598726392,0.557893038,-0.0116898306,0.598520517,0.562246621,-0.0098445937,0.596268058,0.562358558,-0.00786238443,0.580676854,0.544868827,-0.0117495144,0.583660662,0.558184385,-0.0122949034,0.584495187,0.560573757,-0.00881810859,0.584275365,0.559262574,-0.00604192121,0.569154859,0.544433951,-0.0134010045,0.57091409,0.554918289,-0.0122706,0.572516441,0.555875123,-0.00792478118,0.572808743,0.553778231,-0.00415196316
600.0,0.56808883,0.475725263,-2.91251521e-008,0.555434763,0.468975186,-0.000817495806,0.539158463,0.467104435,-0.00206564134,0.524760306,0.468005329,-0.00352247059,0.514206648,0.46942544,-0.00454992,0.526701808,0.47506234,-0.00240231957,0.511132598,0.477603287,-0.00585793843,0.515376449,0.476508856,-0.00809453521,0.522225797,0.475449681,-0.00881730299,0.529776752,0.481380016,-0.00337432465,0.513510764,0.48374337,-0.00490082707,0.516925573,0.482191473,-0.00529852649,0.523439825,0.480981171,-0.00549936481,0.535014272,0.486860424,-0.00444659032,0.520205557,0.489438921,-0.0052522975,0.522416711,0.487603128,-0.00370692881,0.528056324,0.485978663,-0.00277993968,0.541130483,0.491390884,-0.00553007517,0.528594732,0.494053781,-0.00561772753,0.529525638,0.492507041,-0.00316143525,0.533780634,0.491105467,-0.00108832959
600.0,0.575713038,0.523902,5.72977683e-008,0.593798876,0.529710531,0.00205202028,0.60226512,0.539018869,0.000985351391,0.602231622,0.546924472,-0.000426998275,0.601095,0.552742362,-0.00144083088,0.604824841,0.542445481,-0.00739254383,0.61049813,0.555486,-0.0108556533,0.609642088,0.561132669,-0.0111007094,0.606485844,0.562768817,-0.0100127598,0.593329072,0.544182062,-0.0101615181,0.597987652,0.557943225,-0.0125460802,0.59725225,0.562106967,-0.0107658561,0.594667912,0.562064409,-0.00875834096,0.581021965,0.544725657,-0.01225885,0.583225191,0.558161199,-0.0134100774,0.583620131,0.56008631,-0.00964608137,0.583176076,0.558416188,-0.00650995225,0.569148779,0.544164538,-0.0141328508,0.570324302,0.55495435,-0.0134456288,0.571850657,0.555730283,-0.0089856647,0.572210491,0.553408623,-0.00502920384
616.6666666666666,0.567529559,0.475624144,-2.96598053e-008,0.554722965,0.468940824,-0.000105544335,0.538411677,0.467269927,-0.000944056723,0.524748385,0.468502551,-0.0021313373,0.514692366,0.469499886,-0.00298835407,0.526420355,0.475068897,-0.00192300335,0.510780275,0.477945894,-0.00527861901,0.514078617,0.477082521,-0.00746812159,0.520943046,0.475928515,-0.00808408391,0.529769421,0.481308192,-0.00299924961,0.514028192,0.48399505,-0.00432406832,0.516732037,0.482637376,-0.00475453818,0.522913456,0.481235355,-0.00503676105,0.535122037,0.486721933,-0.00410661381,0.520763099,0.489573807,-0.00471877959,0.522256792,0.488014936,-0.00345692155,0.527504,0.48626706,-0.00278730341,0.541298747,0.491242617,-0.00515042804,0.529147804,0.494126618,-0.00508687878,0.529293895,0.492782295,-0.00290031894,0.532891512,0.491286695,-0.00107090734
616.6666666666666,0.575392783,0.523999214,5.10527336e-008,0.593688488,0.529895306,0.00267273095,0.602092624,0.539172113,0.00208921102,0.602086067,0.546896517,0.00102170382,0.601571381,0.552506328,0.00037040934,0.60412395,0.542624235,-0.00636325125,0.611004651,0.555662096,-0.00997483637,0.609458387,0.561176121,-0.0102430293,0.605534673,0.562389612,-0.00888185389,0.592558086,0.544604421,-0.00926167332,0.597933233,0.558308,-0.0116225015,0.597329,0.562616527,-0.00976089109,0.594759464,0.562371254,-0.00743027776,0.58052963,0.545202672,-0.0115220947,0.582918882,0.558630049,-0.0126551921,0.583707869,0.561272204,-0.00886469614,0.583625734,0.559942663,-0.00542348344,0.569059253,0.544563532,-0.0135080796,0.570454538,0.55552119,-0.0127797797,0.572179794,0.557038307,-0.00823238306,0.572952569,0.555171371,-0.00395446038
633.3333333333333,0.567725539,0.475857794,-3.12276462e-008,0.555209279,0.468940854,-0.000684952713,0.539047778,0.467138,-0.00172829966,0.524730265,0.468303174,-0.00303570158,0.514117777,0.469388306,-0.00393365556,0.526256,0.475310594,-0.0017945508,0.510796785,0.477875441,-0.00513076456,0.514913559,0.476806611,-0.0074205217,0.521902919,0.475721776,-0.00818376709,0.529396653,0.481549,-0.0027176952,0.513624,0.484056622,-0.00409210054,0.516894519,0.482512563,-0.00462478,0.523172736,0.481133223,-0.00494939042,0.534734607,0.486898631,-0.00376724126,0.520389616,0.489600927,-0.00447157864,0.522122383,0.487927824,-0.00317128119,0.527288795,0.486223489,-0.00243227347,0.54088223,0.491329104,-0.00482710032,0.528626502,0.494134277,-0.00481559103,0.528786,0.492704839,-0.00257033156,0.532235503,0.491211295,-0.000686007843
633.3333333333333,0.575041711,0.524212539,5.31170912e-008,0.593324304,0.529978454,0.00255329581,0.601870954,0.53902781,0.00193494,0.601817846,0.546728492,0.000766557176,0.600790143,0.552174747,-9.35078933e-005,0.604329109,0.542707086,-0.00592053263,0.610973597,0.555655241,-0.00948876049,0.609316766,0.561223626,-0.00999933854,0.60532248,0.562696099,-0.00890870113,0.592757761,0.544829071,-0.00879829656,0.597835362,0.558396816,-0.0108713852,0.597014248,0.562869132,-0.00926138274,0.594355106,0.562782347,-0.00725163566,0.580615222,0.545470119,-0.0110810529,0.58307445,0.558593452,-0.0119984932,0.583566904,0.561206043,-0.00855839346,0.583270669,0.559805572,-0.00548696192,0.569120526,0.544860899,-0.0131238261,0.57062757,0.555386543,-0.0124250595,0.572051227,0.55689913,-0.00817991514,0.572565138,0.555068,-0.00417698268
649.9999999999999,0.568359137,0.475895703,-3.95175199e-008,0.555678487,0.469157904,-0.000244636176,0.538904846,0.467468143,-0.00108274561,0.524503469,0.468670696,-0.00226190267,0.513895869,0.469425797,-0.00303596,0.526179612,0.475283265,-0.00123624294,0.510839939,0.477821201,-0.0044824644,0.515213907,0.476779222,-0.00675808452,0.522276342,0.475766569,-0.00751564093,0.529343605,0.481494665,-0.00233901851,0.513780773,0.484024942,-0.0037450688,0.51746273,0.482496619,-0.00432613678,0.524008095,0.481151849,-0.00458579278,0.534497619,0.48683095,-0.00352811301,0.520464599,0.48953709,-0.00419831462,0.522597253,0.487891674,-0.00284839491,0.528006434,0.486235,-0.00200796966,0.540509641,0.491224766,-0.00470036408,0.528551519,0.494063586,-0.00463925768,0.528995275,0.492665172,-0.00235794764,0.532520115,0.491175383,-0.000404624
649.9999999999999,0.574903786,0.524070501,5.20433083e-008,0.593060315,0.529638827,0.00255048275,0.601596236,0.538916647,0.00195215223,0.60188961,0.546742201,0.000912164163,0.601074398,0.552367568,0.000221010239,0.603975892,0.542856097,-0.00650949962,0.61084497,0.555718839,-0.00992868282,0.609685421,0.561382473,-0.0100447834,0.60609144,0.563001633,-0.00866883,0.592558205,0.544863462,-0.00934244785,0.597900033,0.558435,-0.0116578853,0.597314715,0.56281805,-0.009681141,0.594736218,0.562620699,-0.00721664494,0.580447733,0.545439959,-0.0115241585,0.582892895,0.558654547,-0.0126271667,0.583662152,0.561457038,-0.00881771278,0.583630204,0.560176253,-0.0053275926,0.568885505,0.544751883,-0.0134444833,0.57019788,0.555502236,-0.0127470875,0.571799576,0.557130933,-0.00826683827,0.572561622,0.555322707,-0.00399381947
666.6666666666665,0.568837345,0.475728065,-3.426128e-008,0.555536866,0.469080716,-0.000110904817,0.538771272,0.467613816,-0.000946241606,0.524363458,0.468787491,-0.00218715,0.513639629,0.469631642,-0.00309401,0.526327074,0.475194067,-0.00108090055,0.51148051,0.478042156,-0.00429766392,0.515503109,0.476884812,-0.00661280844,0.522073865,0.475538731,-0.00744995475,0.529466748,0.481406152,-0.00237545371,0.513625085,0.484065771,-0.00383564481,0.516957581,0.482478976,-0.0044654943,0.52335006,0.481026143,-0.00476702815,0.534688652,0.486792058,-0.00374927954,0.520189881,0.489682883,-0.00458209636,0.522085845,0.48788625,-0.00329155033,0.527447,0.486085951,-0.00245523569,0.540742278,0.491253138,-0.00508948462,0.528045475,0.494332403,-0.00521872519,0.528363645,0.492806137,-0.00290453387,0.532086074,0.491221696,-0.000892341719
666.6666666666665,0.575345278,0.524310291,4.94417058e-008,0.593371689,0.530121922,0.00252786954,0.601612031,0.539158702,0.00167412905,0.60155654,0.546956062,0.000386703876,0.600590765,0.552512527,-0.000572016,0.604171336,0.542651236,-0.00726044597,0.611098409,0.556014359,-0.0109675815,0.609324038,0.561427057,-0.011343128,0.605298102,0.562471,-0.010086284,0.592419684,0.544732213,-0.0100636482,0.59788096,0.558612645,-0.0121614952,0.596991301,0.562914848,-0.0102876,0.594478786,0.562525332,-0.00817302149,0.580129921,0.545438588,-0.0121824238,0.582828283,0.558751583,-0.0129094664,0.583265185,0.561393559,-0.00930878427,0.58312,0.559929192,-0.00627444591,0.56854105,0.544929564,-0.0140335094,0.570327938,0.555508,-0.0129924081,0.571534038,0.556780159,-0.00853152573,0.571945548,0.554666936,-0.00450800452
683.3333333333331,0.568676,0.475720495,-3.8825636e-008,0.555255175,0.469018161,0.000146621023,0.538580656,0.467434406,-0.000625662506,0.524306595,0.468689531,-0.00182016764,0.513607621,0.469866782,-0.00262056291,0.526848257,0.475128472,-0.00148225413,0.510933638,0.477872074,-0.00486621819,0.515354574,0.476917535,-0.00705996715,0.522556901,0.475749582,-0.00771216257,0.529877841,0.481445432,-0.00284306821,0.513489,0.484125614,-0.00437169,0.517098904,0.482636154,-0.00471296208,0.523728609,0.481220901,-0.00480261678,0.534891844,0.486901462,-0.00424167607,0.520156622,0.489735454,-0.00494887074,0.522402525,0.488006413,-0.00325704506,0.527972758,0.486292094,-0.00217362819,0.540654719,0.491362125,-0.00559432758,0.527763188,0.494249165,-0.00544186356,0.528274,0.492764026,-0.00282541,0.532155812,0.491275877,-0.000643352745
683.3333333333331,0.574854851,0.5240556,5.18331191e-008,0.592775166,0.529728651,0.00279242056,0.601080894,0.538707197,0.0021687753,0.601075768,0.546165228,0.00107399479,0.600151837,0.551476538,0.000309049268,0.603821874,0.542818725,-0.00660393434,0.610491872,0.555943549,-0.00995876454,0.609480739,0.561463952,-0.0100313267,0.60607177,0.562747121,-0.00861250795,0.592330694,0.54487282,-0.00953259598,0.597753167,0.558697581,-0.0116143283,0.597175956,0.563030779,-0.00955457147,0.594605803,0.562885106,-0.00715545844,0.580084264,0.545456052,-0.0117549114,0.582581937,0.558688104,-0.0124454526,0.583205,0.561180949,-0.00852358807,0.58288157,0.559798479,-0.00515401,0.568484545,0.54470861,-0.0137068843,0.570117176,0.555172324,-0.0124279773,0.571623862,0.556292832,-0.0075999652,0.571937859,0.554102123,-0.00325520872
699.9999999999998,0.568428516,0.476035446,-3.8028773e-008,0.555823565,0.469097793,-0.000192531777,0.539345682,0.467366397,-0.00109748403,0.524824142,0.468624651,-0.00233359961,0.513936281,0.469351828,-0.00314693293,0.526496291,0.475378454,-0.00159151584,0.510342896,0.478035063,-0.00479813479,0.514867187,0.477069885,-0.00688994955,0.522004247,0.476001084,-0.00752387522,0.529477596,0.481661916,-0.00269097881,0.513350725,0.48419407,-0.00395162357,0.516982913,0.482656062,-0.00428754324,0.523351073,0.481234282,-0.00444001285,0.5345577,0.487042874,-0.00384649565,0.520175815,0.489762634,-0.00436020968,0.522190869,0.487984627,-0.00285702385,0.527432799,0.486199081,-0.00199568714,0.540449,0.49149254,-0.00497939764,0.52807653,0.494368762,-0.00479305536,0.528528154,0.49282968,-0.00238081207,0.532135069,0.491252065,-0.000373449438
699.9999999999998,0.574893653,0.524075449,5.14518277e-008,0.592873394,0.529720724,0.00257360702,0.601300538,0.538587868,0.00174288254,0.601544857,0.546257079,0.00054082775,0.600536525,0.551866353,-0.000319079438,0.603741169,0.542717695,-0.00725934654,0.610051692,0.555837572,-0.01046413,0.609269261,0.561461806,-0.0101739392,0.606081367,0.562939048,-0.00852341671,0.592180967,0.544750392,-0.0100143095,0.59763217,0.558468521,-0.0121016465,0.597124,0.562852144,-0.00986668374,0.594488919,0.562648714,-0.00729198102,0.579898,0.545407832,-0.0120102707,0.583014786,0.558586,-0.012810193,0.58343184,0.561405778,-0.0087779453,0.582851768,0.560131967,-0.00525440462,0.56836158,0.544796705,-0.0137195615,0.570456624,0.555284202,-0.0127725136,0.571700513,0.556917608,-0.0081044212,0.571799219,0.555177271,-0.0037459603
716.6666666666664,0.568841159,0.476092845,-3.37933486e-008,0.556188703,0.46915856,-0.000719702686,0.539751053,0.467402309,-0.00183015503,0.525092483,0.468657285,-0.00321824988,0.514028,0.46943593,-0.00415942539,0.526516736,0.47546488,-0.00146914,0.511058748,0.477873892,-0.00483861472,0.515358388,0.476979285,-0.00717323367,0.522253,0.475877,-0.00800573174,0.52943182,0.481775641,-0.00241041812,0.513794482,0.484118074,-0.00385126867,0.51723814,0.482740849,-0.00437847292,0.523432851,0.481369406,-0.00465887738,0.534533501,0.487212241,-0.00350114447,0.520603836,0.489728749,-0.00425122958,0.5226174,0.488084465,-0.0028015736,0.527731061,0.486334413,-0.00193435501,0.540497541,0.491677523,-0.00462847482,0.528527439,0.494380504,-0.00459935563,0.529051185,0.492900938,-0.00220896211,0.532597184,0.491390556,-0.000180614705
716.6666666666664,0.574891,0.523793399,4.945203e-008,0.592778,0.529482484,0.00296239299,0.601077795,0.538652241,0.00248988112,0.601385117,0.54632622,0.0015870654,0.600683451,0.552034378,0.00106315222,0.604014933,0.542929053,-0.00641699694,0.610285521,0.555919051,-0.00938054174,0.609563112,0.561514199,-0.00890435651,0.606503487,0.56298852,-0.00715452386,0.592520416,0.544851482,-0.0093544,0.59779191,0.558433533,-0.0114361616,0.597133636,0.56276226,-0.0091446545,0.594468951,0.562674105,-0.00646561524,0.580230355,0.545433164,-0.0115417149,0.582857668,0.558579743,-0.0123670846,0.583112895,0.561397433,-0.00824765861,0.582606,0.560345411,-0.00461365376,0.568569362,0.544746578,-0.0134095177,0.57042855,0.555255294,-0.0122534642,0.57153219,0.556721568,-0.0073493477,0.57166779,0.55499357,-0.00283496967
733.333333333333,0.569180667,0.475873709,-3.3679548e-008,0.556379914,0.469076276,-0.000389553083,0.539556324,0.467434287,-0.00131996162,0.524941206,0.468642473,-0.00256688683,0.514041781,0.469656587,-0.00334304152,0.52608645,0.4755162,-0.00118401379,0.510832429,0.477810055,-0.00444203755,0.515205741,0.476813883,-0.0067331763,0.522329032,0.475856721,-0.00749545172,0.529040813,0.481803298,-0.00227421592,0.513340175,0.48416,-0.00360242231,0.516887665,0.482608974,-0.0040804809,0.523434639,0.481309116,-0.00427274,0.534223616,0.487256885,-0.00347802695,0.520074964,0.489766687,-0.00408899691,0.522070646,0.48807019,-0.00260673,0.527424455,0.486435,-0.00167523499,0.540333629,0.491725743,-0.00468988949,0.527914405,0.494625717,-0.0045241788,0.528071463,0.49319911,-0.00208677654,0.531512439,0.49167341,-2.47595864e-007
733.333333333333,0.57481122,0.523994803,5.1276146e-008,0.592857838,0.529773,0.00282588555,0.601210237,0.538857341,0.00223194831,0.601344824,0.546500206,0.00118365756,0.600515068,0.552080214,0.000475678738,0.603652894,0.54268086,-0.00674116798,0.610561192,0.555798173,-0.010029505,0.609619856,0.561406255,-0.00997052435,0.606226265,0.562918901,-0.00846842,0.592227399,0.544710457,-0.00963478629,0.597890615,0.55853951,-0.0117820436,0.597421169,0.563067198,-0.00976287387,0.594762,0.563008189,-0.00735179754,0.58009553,0.545380652,-0.0117948679,0.582972109,0.55877924,-0.0126139177,0.583411694,0.561736107,-0.00888214074,0.58289963,0.560633,-0.00558366068,0.56859374,0.544800103,-0.0136595583,0.570324,0.555411279,-0.0126026263,0.571587503,0.55688417,-0.00801700819,0.571835935,0.554998338,-0.0037834642
749.9999999999997,0.569989145,0.475634694,-3.59611469e-008,0.557002842,0.468993783,0.000291909208,0.540047,0.467460275,-0.000325699511,0.525271297,0.468617648,-0.00137059938,0.514537454,0.46973595,-0.00196041423,0.526731968,0.475128263,-0.000476455141,0.510995209,0.477915406,-0.0035712102,0.514942586,0.477318823,-0.00576289417,0.522064209,0.476264387,-0.00643123407,0.529564202,0.481477439,-0.00176935305,0.513759375,0.484244794,-0.00295083458,0.517246604,0.483109891,-0.00327897794,0.523753583,0.481802106,-0.00336368848,0.53462863,0.487110496,-0.00312246173,0.520653069,0.489927799,-0.00356695964,0.52305764,0.488470674,-0.00183883309,0.528577805,0.486857206,-0.000744988909,0.540726423,0.491756022,-0.0044302945,0.528185904,0.494381458,-0.00394037366,0.529280066,0.493000507,-0.00114082766,0.533458114,0.491532296,0.00117239647
749.9999999999997,0.574798465,0.52395457,5.20998675e-008,0.592983961,0.529588342,0.00285987323,0.60126549,0.53876245,0.00215225038,0.600981474,0.546485305,0.00100335095,0.599748,0.552039087,0.000157768358,0.603615224,0.542642653,-0.00713359285,0.610857189,0.555923879,-0.0105832824,0.609858751,0.561525404,-0.0105702141,0.606443703,0.562809467,-0.00903066806,0.591976285,0.544724464,-0.0100743249,0.597782195,0.55876,-0.0123101175,0.597309411,0.563093603,-0.0101477792,0.594904304,0.562734425,-0.00758447591,0.579759419,0.545389116,-0.0122610759,0.582891226,0.558870494,-0.0130160032,0.583559215,0.561613321,-0.00894143432,0.583439469,0.560273051,-0.00537528424,0.568354785,0.544764161,-0.0141571769,0.570475101,0.555491865,-0.0129862158,0.571778417,0.557085633,-0.00818020571,0.572177827,0.555358112,-0.0037621879
766.6666666666663,0.569734812,0.475815892,-3.45068436e-008,0.556676,0.469035327,0.000144670819,0.540193677,0.467556983,-0.000569285243,0.525427878,0.468734175,-0.00174023479,0.514529407,0.469959021,-0.00251854258,0.527180314,0.475120425,-0.000914745207,0.511197329,0.477920502,-0.00422941474,0.514948666,0.47704798,-0.00646336,0.521922052,0.475721896,-0.0071459068,0.529886723,0.481416583,-0.00223782985,0.513544917,0.484211296,-0.003633257,0.51684612,0.482857347,-0.00402813777,0.523248434,0.481373608,-0.00415273057,0.534896076,0.486935288,-0.00363431475,0.520240307,0.489824712,-0.0042938632,0.522289753,0.488222688,-0.00265481859,0.527636886,0.486472219,-0.00159746932,0.540891409,0.49149859,-0.00499206921,0.527953565,0.494404107,-0.00475251442,0.528242648,0.492966563,-0.00209277915,0.531974554,0.491416246,0.000137090843
766.6666666666663,0.574717939,0.524088502,5.13132363e-008,0.592826962,0.529697478,0.00254876306,0.601178169,0.538705766,0.00171541283,0.601060569,0.546324909,0.000441145326,0.599674582,0.551798165,-0.000576634367,0.603547394,0.542745054,-0.00715115061,0.610677302,0.555839062,-0.010700684,0.609601438,0.561380088,-0.0109525807,0.606158078,0.56279552,-0.00968802813,0.592157304,0.544777215,-0.00999308098,0.597815096,0.558680475,-0.0122657716,0.597058237,0.562930822,-0.0104161846,0.59444803,0.562688112,-0.00821504,0.580046356,0.545370102,-0.0121087814,0.583034039,0.558688,-0.012878892,0.583487,0.561082,-0.00909316,0.583115876,0.559590697,-0.00587966898,0.568625212,0.544686675,-0.0139757404,0.570642769,0.555208743,-0.0128206853,0.571871161,0.556433141,-0.00817552395,0.572009206,0.554448545,-0.00401756819
783.3333333333329,0.569614053,0.475809783,-3.25889467e-008,0.5558002,0.469292313,0.00070026092,0.538875282,0.467793256,0.000232205333,0.524469137,0.468938053,-0.000764537719,0.51392436,0.470009118,-0.00141139759,0.527191937,0.475209951,-0.000490809674,0.511151969,0.477964252,-0.003491421,0.514459848,0.477266878,-0.00553631876,0.521076679,0.476136208,-0.00613417523,0.529984891,0.481502891,-0.00200113631,0.513456464,0.484215826,-0.00317766494,0.516504645,0.482932925,-0.00348701351,0.52285248,0.481618464,-0.00358718727,0.534814835,0.487057537,-0.00350706978,0.519966066,0.48981902,-0.00390724232,0.522118092,0.488208741,-0.00218644296,0.527606905,0.486598819,-0.0011372118,0.540555298,0.491641551,-0.0049289884,0.527518153,0.494328052,-0.00448725885,0.528273046,0.492823154,-0.00172077958,0.532419324,0.491369635,0.000535785803
783.3333333333329,0.57508111,0.524044931,5.30480193e-008,0.592850804,0.529701829,0.00246814522,0.601099491,0.538696587,0.00153621635,0.601349056,0.546480477,0.000233732178,0.600533843,0.552085161,-0.000752905966,0.603483677,0.542191267,-0.00785128307,0.610727489,0.555579722,-0.0114793321,0.609760046,0.561265886,-0.0114945946,0.606304526,0.56267,-0.00997925922,0.592296779,0.544304252,-0.010593785,0.598172545,0.558447719,-0.0129059274,0.597521544,0.562857389,-0.0108096013,0.59491688,0.562648773,-0.0083886385,0.580300748,0.545102656,-0.0125763491,0.583486497,0.558636963,-0.0133335143,0.583831728,0.561056733,-0.009388,0.583251715,0.559518099,-0.00605221465,0.568842232,0.544652343,-0.0143068172,0.570708275,0.55520457,-0.0131858829,0.57192868,0.556157649,-0.0085263541,0.571956038,0.553889811,-0.0043293261
799.9999999999995,0.568713844,0.476279646,-2.81913728e-008,0.555835128,0.46942836,0.000573922473,0.539767921,0.467659891,-3.62509636e-005,0.525337696,0.468940526,-0.000983874663,0.514537632,0.469546884,-0.0015905425,0.529222667,0.475419939,-0.00215893518,0.511372,0.477959871,-0.00518485298,0.513698816,0.477604926,-0.00659321761,0.519847,0.476801693,-0.00666179927,0.53193,0.481541872,-0.00336509128,0.513775408,0.484333217,-0.00467819301,0.515793324,0.483264714,-0.00446627755,0.521418,0.482015,-0.00421221321,0.536496878,0.486795217,-0.0044679339,0.520669758,0.489869714,-0.0049431161,0.521677077,0.488535583,-0.00313871237,0.526420295,0.486980796,-0.00204438856,0.541889906,0.491093248,-0.00542969676,0.528683543,0.494431436,-0.00493737357,0.527920306,0.493190974,-0.0024111059,0.530830681,0.491689265,-0.000392776565
799.9999999999995,0.575103581,0.5238837,5.16982439e-008,0.59321183,0.529255688,0.00288359239,0.60163331,0.53821,0.00221373467,0.601980805,0.545938313,0.00111444166,0.600514591,0.551575124,0.000319110084,0.60397,0.542758524,-0.00680516846,0.610949159,0.555950224,-0.0101907244,0.610036075,0.56145364,-0.0101990495,0.606714,0.562779,-0.00875441823,0.592478514,0.544801176,-0.00971542764,0.598118246,0.55866003,-0.0119405547,0.597777843,0.563036084,-0.00991755,0.595561385,0.5628317,-0.00750653492,0.580390334,0.545413554,-0.0118841659,0.583177805,0.558759511,-0.0127398763,0.583975613,0.561633587,-0.00891420431,0.584164858,0.560474634,-0.00555591,0.568974793,0.54470396,-0.0137448134,0.570478678,0.555306792,-0.0126582636,0.571753144,0.556942403,-0.00802654214,0.572431564,0.555261672,-0.00377795449
816.6666666666662,0.568318725,0.47628969,-2.03164436e-008,0.555651724,0.4694525,0.000286898605,0.539571285,0.467778802,-0.000405796949,0.525324,0.468794048,-0.00149120088,0.514614761,0.469562382,-0.00236853585,0.528598607,0.474791467,-0.00180839701,0.511722624,0.477897286,-0.00502982037,0.512415826,0.478056729,-0.00684509,0.51774627,0.477289319,-0.00724476855,0.531375051,0.480843186,-0.00316037983,0.513817608,0.484265983,-0.00492210407,0.515265703,0.483617246,-0.00528321182,0.520894825,0.482430875,-0.00532675115,0.536067188,0.486229956,-0.0044874805,0.520565152,0.489965826,-0.00553208916,0.5218606,0.48894459,-0.00398591068,0.526856244,0.487396568,-0.00292266556,0.541639805,0.490792215,-0.00570401456,0.528593779,0.494208,-0.00576767139,0.528943956,0.49314785,-0.00333576906,0.532746315,0.491699219,-0.00129009108
816.6666666666662,0.574422359,0.523602784,4.76055853e-008,0.592935324,0.52868247,0.00281212735,0.601604342,0.537513256,0.00229795463,0.601564527,0.545001864,0.00122099195,0.600390732,0.550197363,0.000383597246,0.60359633,0.542930603,-0.00547529,0.610712171,0.55559051,-0.00879090186,0.609592557,0.560890079,-0.00928141177,0.605985701,0.562278807,-0.00823040307,0.592229605,0.545027733,-0.00841387268,0.598328292,0.558495939,-0.0103646191,0.597998202,0.563029766,-0.0088295741,0.5954144,0.56322974,-0.00687689567,0.580307424,0.545615554,-0.010735984,0.583402514,0.558670521,-0.0116024902,0.58419311,0.561629951,-0.00845326,0.583961725,0.560663819,-0.00561461132,0.5690611,0.544889271,-0.0127793597,0.570580661,0.55531615,-0.0117718875,0.5718925,0.556915522,-0.00746437442,0.572364211,0.555223107,-0.00351868919
833.3333333333328,0.567807674,0.476242065,-3.30676042e-009,0.555342853,0.469378203,-0.000259522494,0.538988054,0.467510134,-0.0010766543,0.524343848,0.468194544,-0.00222516269,0.513301849,0.468919903,-0.00315574533,0.528026462,0.474944085,-0.00143035827,0.511632442,0.477924526,-0.00464439532,0.511667728,0.477662921,-0.00667463,0.516712785,0.476635337,-0.00718649663,0.530976892,0.481054515,-0.00241874787,0.514216363,0.484170973,-0.00385112246,0.514849424,0.483227879,-0.00442500832,0.519675076,0.481838226,-0.00470264256,0.535978138,0.486457,-0.00348985032,0.520821214,0.489865273,-0.00419856794,0.520726562,0.488760799,-0.00296872435,0.524337053,0.487000406,-0.00225115428,0.541812,0.490956753,-0.00453384034,0.529514372,0.494326174,-0.00446143281,0.528191864,0.493451804,-0.00235174922,0.530217946,0.49205485,-0.000554329599
833.3333333333328,0.574443936,0.523756146,5.27060173e-008,0.592899263,0.528996825,0.00235505262,0.601701915,0.537947536,0.00162566022,0.60213393,0.545649946,0.000448793755,0.601474285,0.551178,-0.000450183084,0.604066372,0.542870879,-0.00624535512,0.610922217,0.555547655,-0.00943583529,0.610012,0.561116636,-0.00974341109,0.606667697,0.562878966,-0.00869225897,0.59268254,0.544848502,-0.00903750304,0.598650038,0.558368146,-0.0110286381,0.59827584,0.562940359,-0.00949553587,0.595665,0.563376248,-0.00768584944,0.580592692,0.545449197,-0.0111799352,0.583721697,0.558599591,-0.011989872,0.584098876,0.561125338,-0.008696937,0.583378792,0.559981346,-0.00593606802,0.568996131,0.544841468,-0.0130898021,0.570874691,0.555209398,-0.0120975617,0.572076142,0.556354463,-0.00776115805,0.572119,0.554444969,-0.00392947765
849.9999999999994,0.569202363,0.475844264,3.51401841e-009,0.556764364,0.46920976,-0.000228614605,0.539683044,0.467623085,-0.000876288628,0.525092423,0.468352377,-0.00180790154,0.514197648,0.468486637,-0.00263664802,0.529288471,0.474889427,-0.0012729367,0.513689578,0.477523535,-0.00423322478,0.511243105,0.4777008,-0.00616977783,0.514243186,0.477160543,-0.00670983084,0.531897247,0.480918765,-0.00228902139,0.515311658,0.483949542,-0.00363568775,0.514637,0.483223915,-0.00426484225,0.518754721,0.482137084,-0.00453938777,0.536509514,0.486234963,-0.00336777419,0.521334171,0.489657044,-0.00407094,0.520777762,0.488610983,-0.0030423759,0.524270773,0.487042904,-0.00240181084,0.54219532,0.490678042,-0.00440883636,0.529501915,0.494192094,-0.00447547063,0.527576149,0.493357718,-0.00260177068,0.529247165,0.4919734,-0.000948368164
849.9999999999994,0.574405611,0.523559451,4.88664718e-008,0.592799664,0.528238595,0.00252609933,0.60187012,0.537066758,0.00191654812,0.602606356,0.544872522,0.00089293276,0.602045,0.550513744,0.000152274719,0.60410893,0.542420685,-0.00648992602,0.611218631,0.555689931,-0.00963085331,0.610149682,0.561101675,-0.00970358495,0.606660843,0.562389851,-0.00836693868,0.592735648,0.544604301,-0.00919022411,0.598799646,0.558453381,-0.0110057211,0.598256,0.56272614,-0.00917511899,0.595649421,0.562700808,-0.0071008103,0.580630958,0.545310318,-0.0112011824,0.583646834,0.558622479,-0.0118196737,0.584049225,0.561186671,-0.00837961305,0.583380342,0.559989035,-0.00549134752,0.569101691,0.544697523,-0.0129373418,0.570912242,0.555219948,-0.0117772873,0.57213515,0.55634582,-0.00736085279,0.572151601,0.554297,-0.00343711325
866.6666666666661,0.56851548,0.475781679,1.2500796e-008,0.555859804,0.469294906,-0.000436012633,0.539229512,0.46762535,-0.00127239572,0.52476573,0.468450606,-0.00238153921,0.5140329,0.468734443,-0.00333502167,0.528480947,0.475110829,-0.00103606237,0.513102353,0.477866024,-0.00403643725,0.511205614,0.47792241,-0.00610251399,0.514634669,0.477223605,-0.00667441171,0.531315565,0.481116891,-0.00188948133,0.515056133,0.484082341,-0.00297606247,0.513689518,0.483502775,-0.00366961281,0.517329872,0.48243767,-0.00404573558,0.536164463,0.486354381,-0.00286398944,0.521432936,0.489638984,-0.00338458549,0.519764304,0.488953203,-0.00254075066,0.522336245,0.487526774,-0.00207346259,0.542057931,0.490658194,-0.00384380319,0.529711604,0.494070083,-0.00388362329,0.527057767,0.493539244,-0.00220075436,0.5279724,0.49230355,-0.000677464239
866.6666666666661,0.574563742,0.523405313,5.22000754e-008,0.592991829,0.528775752,0.00260305544,0.602060497,0.537968755,0.00205545267,0.602870584,0.545810461,0.00108360534,0.602317452,0.551522493,0.000408589665,0.603979409,0.542352796,-0.00644587493,0.61104095,0.555354238,-0.00949739479,0.610531271,0.561035037,-0.00943935104,0.607667148,0.56284976,-0.00806917902,0.592830598,0.544349551,-0.00927455,0.59909904,0.558300734,-0.011356757,0.598833144,0.562981546,-0.00957086682,0.596297741,0.563191712,-0.00737902522,0.58085084,0.545018554,-0.0113979168,0.583915293,0.558639526,-0.0123209264,0.584387541,0.561727047,-0.00898568705,0.583820522,0.560765207,-0.00600893889,0.56936872,0.544446409,-0.0132334344,0.571044147,0.555115581,-0.0123760793,0.57220906,0.556484163,-0.00810596067,0.572267532,0.554473639,-0.00418078061
883.3333333333327,0.568618774,0.475599527,1.8839053e-008,0.556165755,0.469150543,0.000222386196,0.539842784,0.467771828,-0.00032440346,0.525428474,0.468380809,-0.00120266993,0.514694214,0.468937308,-0.00192741631,0.528410137,0.475078732,-0.000527766941,0.513152361,0.477706522,-0.0031013377,0.510755897,0.477842271,-0.00479048491,0.51358211,0.477354974,-0.00514325,0.531185,0.481018782,-0.00159768399,0.514926314,0.48403275,-0.00258533447,0.513173759,0.483466238,-0.00300714513,0.516407609,0.482479364,-0.00313056447,0.536242962,0.486328602,-0.00272529665,0.521446884,0.489759386,-0.003155082,0.51926434,0.489029199,-0.00211126171,0.521416247,0.487582207,-0.00143321196,0.542400599,0.49076131,-0.00378326327,0.529888451,0.494337618,-0.00360437669,0.526668787,0.493850231,-0.00174468837,0.527206779,0.492564172,-6.0231e-005
883.3333333333327,0.574933887,0.523042679,5.97201222e-008,0.59317565,0.528706312,0.0025580388,0.601732492,0.53815192,0.00199406734,0.601954162,0.545908034,0.000997927389,0.601240873,0.551387489,0.000315800396,0.604369104,0.542369962,-0.00619227858,0.611495078,0.555390239,-0.0093170749,0.611156702,0.561249375,-0.00940853264,0.608086824,0.563174725,-0.00815140922,0.592900455,0.54429692,-0.00906297751,0.599125683,0.558037639,-0.0111130262,0.599202573,0.563017488,-0.00948289782,0.59672606,0.563626409,-0.0074547641,0.5807212,0.544920504,-0.0112719396,0.583977222,0.558465838,-0.0121888388,0.584520161,0.561607063,-0.00891279429,0.583855629,0.560791969,-0.00598005811,0.569137931,0.544337392,-0.0132166473,0.571043849,0.554846466,-0.0123665212,0.572250783,0.556360602,-0.00813172664,0.572214305,0.554627299,-0.00421462767
899.9999999999993,0.568025053,0.475765377,2.38666917e-008,0.555552185,0.469167411,-4.65942212e-005,0.539719522,0.46766305,-0.000814899278,0.525254,0.468197584,-0.00186347868,0.514518,0.468399346,-0.00274434383,0.529065371,0.475070477,-0.00061966083,0.513697088,0.477464408,-0.00304311258,0.510961592,0.477549046,-0.00463807723,0.512954772,0.477069318,-0.00505953794,0.531739771,0.481119365,-0.00153581984,0.515689194,0.483776152,-0.0023321833,0.513120711,0.483447045,-0.00262506912,0.515020669,0.482734799,-0.00276007946,0.536542,0.486437351,-0.00253510103,0.522143722,0.489469349,-0.00269869785,0.519005775,0.489085078,-0.00146042253,0.519678295,0.488019496,-0.000817716937,0.542288244,0.490747422,-0.00352346944,0.53029561,0.493917018,-0.00317982049,0.526513278,0.493750423,-0.00122222712,0.525860965,0.492914915,0.00043030185
899.9999999999993,0.574801862,0.523134828,5.8090631e-008,0.593555212,0.528740168,0.00254034903,0.602032363,0.53802979,0.00189618545,0.601776958,0.545738578,0.000799963309,0.600569665,0.55103457,-6.40573e-005,0.604507804,0.542468131,-0.00656368863,0.611883819,0.555569947,-0.00991254672,0.610919,0.561256349,-0.0101446304,0.60720253,0.562954366,-0.008914534,0.592864454,0.544447899,-0.00939884316,0.599233627,0.558172643,-0.0113962032,0.599093258,0.563044786,-0.00973032229,0.596413434,0.563535392,-0.00772472145,0.580631673,0.545025826,-0.0115665654,0.584372818,0.558443487,-0.0124070542,0.584936619,0.561526716,-0.0091617126,0.584166765,0.560721338,-0.00631263852,0.569070101,0.544347823,-0.013461479,0.571434,0.554735482,-0.0124990335,0.572551608,0.556105673,-0.00816530827,0.572323084,0.554364622,-0.00421057
916.666666666666,0.566709399,0.475859284,1.76770143e-009,0.554786325,0.46939373,-0.000210396043,0.539387,0.467663,-0.00128959643,0.525891423,0.468066931,-0.00268407282,0.515700638,0.46865961,-0.00396824861,0.52824837,0.475234032,-0.00264191395,0.512742758,0.477928162,-0.0059905909,0.512542,0.477720797,-0.00794026535,0.516948342,0.476815045,-0.00843266118,0.531179,0.481279016,-0.00377788628,0.514443755,0.484196573,-0.00553308614,0.51465559,0.483276814,-0.00601382833,0.51950866,0.482054263,-0.00617676042,0.536274433,0.486551076,-0.0048894193,0.521037459,0.489960581,-0.00596796488,0.520899713,0.48876521,-0.00477891508,0.525013447,0.48707971,-0.00397027284,0.542391419,0.490916103,-0.00592065277,0.529441595,0.494491816,-0.00626486167,0.527720213,0.493607044,-0.00432334701,0.529903233,0.492211282,-0.00259810104
916.666666666666,0.574703336,0.523099542,5.71884975e-008,0.593614697,0.528562844,0.0028008942,0.602336407,0.537755907,0.00223183748,0.602070451,0.545573592,0.00119567721,0.600602388,0.55090332,0.00040590248,0.60488236,0.542209923,-0.00647211028,0.611623228,0.555322,-0.00948297419,0.610741377,0.560955584,-0.00944446679,0.607372463,0.562669933,-0.00806896202,0.59324,0.544326544,-0.00933549087,0.599284589,0.55836004,-0.0112363547,0.599068522,0.563196301,-0.0094460519,0.596449375,0.563574255,-0.00730876112,0.58098191,0.54509443,-0.0114557315,0.584100068,0.558617592,-0.0120818168,0.584580302,0.561667502,-0.00876684207,0.583885968,0.560779393,-0.00585477753,0.5694471,0.54453826,-0.0132795917,0.571356356,0.555231273,-0.0119511047,0.572406113,0.556638241,-0.00747382781,0.572239935,0.554841757,-0.00345050683
933.3333333333326,0.566671252,0.476286501,-1.07687477e-008,0.554749906,0.469416231,-0.000901510357,0.53936553,0.467707366,-0.00234783557,0.525633872,0.46846047,-0.00400856603,0.51495266,0.469559908,-0.00546228793,0.52793771,0.475378335,-0.00306429924,0.512063205,0.4781757,-0.00676185731,0.513163507,0.477416545,-0.00899474882,0.518514454,0.47626251,-0.00967131928,0.530918539,0.481455207,-0.00407882873,0.5138641,0.484314173,-0.00609992957,0.515407205,0.482852817,-0.00673591904,0.521228,0.481472611,-0.00701269694,0.536148548,0.486682832,-0.00516395038,0.520489752,0.490023226,-0.00661034696,0.521585107,0.488333344,-0.00531508168,0.526753664,0.48655504,-0.00439247536,0.542260945,0.490986705,-0.00621800777,0.528944,0.494469166,-0.00694853859,0.528428733,0.493074834,-0.00490242802,0.53195,0.491494536,-0.00305286725
933.3333333333326,0.574881434,0.523138285,6.13273698e-008,0.593702137,0.52871722,0.00273413653,0.602306485,0.537894,0.00218755403,0.60189563,0.545619547,0.00115465478,0.600373209,0.550935,0.000378047524,0.604852676,0.542198598,-0.00626738928,0.611880362,0.555255592,-0.00943280198,0.610913396,0.560945928,-0.00954434,0.607284248,0.562723577,-0.00826118421,0.593271613,0.544313312,-0.00911538862,0.599287391,0.55814743,-0.0111180292,0.598997653,0.563079,-0.00951722637,0.59613657,0.56353128,-0.0074917064,0.581096113,0.545045137,-0.011257709,0.584163368,0.558372378,-0.0119758816,0.584674656,0.561673582,-0.00887949113,0.584002137,0.560985506,-0.00609987136,0.569643676,0.544495881,-0.0131216738,0.571220338,0.554974735,-0.0120040067,0.572362602,0.556700349,-0.00781389419,0.572401464,0.555210769,-0.00395474071
949.9999999999992,0.56747663,0.47633934,-2.60950301e-008,0.555776656,0.469438523,-0.000771607098,0.539902806,0.467775643,-0.00200792844,0.525801539,0.468823314,-0.00352185918,0.515035748,0.469338775,-0.00477067335,0.527798176,0.475083828,-0.00268457574,0.511953115,0.477876782,-0.00633916911,0.514851213,0.477199376,-0.00854918174,0.520840049,0.476041585,-0.00928851,0.530730128,0.481159627,-0.00383361173,0.513670266,0.484114647,-0.00613465719,0.516109169,0.482897878,-0.00683426764,0.522226334,0.481492341,-0.00696981046,0.535900414,0.486392409,-0.00507049914,0.520326078,0.489838123,-0.00667510321,0.521936,0.488377243,-0.00529228663,0.527141035,0.486625552,-0.00416187057,0.542135656,0.490725428,-0.00628634961,0.529210687,0.494230539,-0.00703316741,0.528911471,0.493112177,-0.00493372558,0.532074809,0.491670191,-0.00296153617
949.9999999999992,0.575006723,0.523259938,6.03138162e-008,0.593486309,0.528689742,0.00274032471,0.602064073,0.537524939,0.0020038744,0.601893961,0.545059,0.000848633121,0.600339413,0.550232172,-3.00904667e-005,0.604690731,0.542155862,-0.00706604403,0.611647367,0.555229545,-0.0102756759,0.610891521,0.560851514,-0.0100964159,0.60749048,0.562438488,-0.00851041451,0.593184352,0.544359148,-0.00988590159,0.599203229,0.558265746,-0.011998388,0.59900409,0.563200951,-0.00997003913,0.59631741,0.563458502,-0.00751901,0.581044853,0.545130253,-0.0119392835,0.584235251,0.558532059,-0.0127650695,0.584675252,0.561782956,-0.0091737872,0.583995,0.560859501,-0.00590471085,0.569597602,0.544523835,-0.0136894369,0.57131362,0.555089176,-0.0126769552,0.572345138,0.55680871,-0.00820560101,0.572274685,0.555174708,-0.00398288202
966.6666666666658,0.568691194,0.476482689,-3.4108453e-008,0.556064367,0.469336599,-0.000443344121,0.539298475,0.467679858,-0.00144127023,0.524976,0.468657374,-0.00282652653,0.513903856,0.469223529,-0.00386855,0.528050721,0.474928439,-0.0022594519,0.511925578,0.47792542,-0.00601404626,0.516073823,0.476962954,-0.00827589072,0.523019075,0.475654423,-0.00896954816,0.531055331,0.481159657,-0.00357003417,0.513905287,0.484218448,-0.00571485795,0.517113388,0.482838929,-0.00624416489,0.523676,0.481426865,-0.00630231388,0.536200166,0.48660773,-0.00498891342,0.520374715,0.489913344,-0.00641904678,0.522821248,0.48837927,-0.00466306275,0.528492451,0.486729681,-0.00331042055,0.542180359,0.491137803,-0.0063883788,0.528701901,0.494302392,-0.00679787,0.529289246,0.493100286,-0.00424526166,0.533210456,0.49176082,-0.00199257978
966.6666666666658,0.574942768,0.523100436,5.93769478e-008,0.593274355,0.528379142,0.00261779246,0.602212,0.537297785,0.00198211428,0.60268271,0.545024514,0.000951847294,0.60159272,0.550488055,0.000214262356,0.604624748,0.542148948,-0.00657792902,0.611623764,0.555084705,-0.00964637566,0.611045182,0.560777545,-0.00947102811,0.607825041,0.562483668,-0.00795785524,0.593174338,0.54432106,-0.00930063706,0.599159181,0.558025837,-0.0111900968,0.599037051,0.56301564,-0.00926853437,0.596467257,0.563591957,-0.00700230477,0.581130207,0.545072496,-0.011303083,0.584463716,0.558301389,-0.0119802309,0.584797561,0.561516225,-0.00847816281,0.584029198,0.560795665,-0.00540193496,0.569882333,0.544477463,-0.0130311772,0.571715057,0.554751277,-0.0119956816,0.572604537,0.556502461,-0.00766582135,0.572435856,0.555144787,-0.0036387553
983.3333333333325,0.569161952,0.476137489,-2.06040252e-008,0.556415,0.469346,-0.000694568444,0.53987658,0.467672139,-0.00189736439,0.52550143,0.468667358,-0.0034918075,0.514371753,0.468994,-0.00479047885,0.527765,0.475052625,-0.001659228,0.51201874,0.47788009,-0.00540649053,0.514663935,0.477079958,-0.00793009624,0.520772159,0.475903749,-0.00884245057,0.53075254,0.481134653,-0.00290756044,0.513790965,0.484117121,-0.00495314877,0.516000152,0.482882559,-0.00586919766,0.522044778,0.481579,-0.00629899604,0.535962343,0.486450166,-0.00434474042,0.520369649,0.489824474,-0.00578823453,0.521745086,0.488468707,-0.00460054493,0.526835859,0.486864328,-0.00371383713,0.542007685,0.49091506,-0.00578468107,0.528815746,0.494350314,-0.00633895583,0.528482735,0.493182868,-0.00423137844,0.531709194,0.491777748,-0.00232974603
983.3333333333325,0.575019956,0.523195565,5.92390919e-008,0.593696356,0.528614402,0.00257497444,0.60268265,0.537832916,0.00205348898,0.602960944,0.545671821,0.00119058148,0.601964176,0.55119586,0.000660149206,0.604770541,0.542306066,-0.00658685,0.611632407,0.555161834,-0.00938355178,0.611315787,0.560880125,-0.00900655799,0.608407557,0.562775493,-0.00745820394,0.59318614,0.544428,-0.00923678093,0.599261284,0.557975769,-0.0110295815,0.599401712,0.562933385,-0.00901736,0.596937776,0.563676,-0.00676118257,0.581106782,0.545208693,-0.0111522712,0.584330618,0.558337271,-0.0117635867,0.584792912,0.56139487,-0.00815579202,0.584027708,0.560730517,-0.00506290933,0.569783926,0.544714689,-0.0127974609,0.571603417,0.555043221,-0.0116547812,0.572604835,0.556658447,-0.00721889222,0.572438657,0.55529964,-0.00318626664
999.9999999999991,0.569244504,0.47616449,-1.16601964e-008,0.556517303,0.46935612,-5.69427502e-005,0.540187955,0.467648029,-0.000698095828,0.526188076,0.468851626,-0.00169524888,0.515781224,0.470012277,-0.00245087803,0.529503644,0.475083798,-0.00179523148,0.51300472,0.477882475,-0.0051231985,0.51318574,0.477458477,-0.00712721422,0.518230796,0.476525635,-0.00757890474,0.532222807,0.481178373,-0.00285672955,0.515192,0.484152347,-0.00432394305,0.515743,0.483115762,-0.00475251,0.520660758,0.481901258,-0.00494935783,0.536836922,0.486549854,-0.00395846087,0.521528423,0.489717633,-0.00465172669,0.52150625,0.488514483,-0.0033317483,0.525482059,0.486993879,-0.00254330062,0.542310655,0.491036981,-0.00501013221,0.529322684,0.494082898,-0.00485697761,0.527800262,0.493072122,-0.00262900861,0.530054748,0.491835743,-0.000774431275
999.9999999999991,0.575424314,0.523786902,5.57252235e-008,0.593963087,0.529485881,0.00292552658,0.602787852,0.538435817,0.00228484557,0.603429139,0.546166718,0.00113848213,0.602633059,0.551803887,0.000374945346,0.605066299,0.542747796,-0.00642780215,0.612110913,0.55580169,-0.00974930171,0.611286879,0.561329722,-0.0096300086,0.607935607,0.562796772,-0.00804346334,0.593627036,0.544657171,-0.00932017,0.599365,0.558257282,-0.0113009093,0.599401355,0.563104451,-0.00920206774,0.597055316,0.563334107,-0.00676561613,0.581515372,0.545292854,-0.0115067298,0.584566593,0.558582,-0.0123248547,0.585217834,0.561740756,-0.00848504435,0.584839165,0.560687184,-0.00505002681,0.569947481,0.544803,-0.0134027041,0.571577191,0.555411577,-0.012616056,0.572934568,0.557570696,-0.00823292,0.573522866,0.556396365,-0.00402282039
1016.6666666666657,0.568596,0.475586772,2.04545159e-009,0.556167305,0.468880415,0.000159469142,0.539482296,0.467563629,-0.000313950295,0.525530815,0.468653,-0.00113355636,0.515467346,0.469617516,-0.00176521135,0.529069304,0.475114465,-0.00176728517,0.513092518,0.477827638,-0.00497599877,0.512592793,0.47752285,-0.0068413429,0.517028451,0.476624966,-0.00718305912,0.532200873,0.481207,-0.00287602399,0.515300632,0.484138787,-0.00432625972,0.514376283,0.483317375,-0.00463237287,0.518244386,0.482084721,-0.00459278515,0.537296534,0.486469597,-0.00401922083,0.522201717,0.489840478,-0.00459134346,0.520152926,0.489056826,-0.00331072696,0.522319496,0.487566233,-0.00248105498,0.543385506,0.490744501,-0.00511646131,0.53088057,0.494168103,-0.00492431456,0.52725929,0.49373585,-0.00301404367,0.527205527,0.492558569,-0.00135057257
1016.6666666666657,0.57515949,0.523671567,4.70987658e-008,0.593446195,0.529067338,0.0027366553,0.602449834,0.537893057,0.00205653068,0.603352904,0.5456568,0.000850576034,0.602114141,0.551153183,-6.78011493e-005,0.604637086,0.542703211,-0.00603028713,0.61196208,0.555461109,-0.00917806,0.611102462,0.560887218,-0.00935522094,0.607790112,0.562570095,-0.00818487722,0.593477,0.544644892,-0.00892268866,0.599459469,0.558151722,-0.0107433805,0.599429727,0.562791288,-0.00898515526,0.597110152,0.563025773,-0.00697116274,0.581440032,0.545213223,-0.0111468872,0.584527,0.55847466,-0.0119075272,0.58525461,0.561728895,-0.00862867944,0.584913909,0.560834885,-0.00578638911,0.569789648,0.544580102,-0.0130879758,0.571549535,0.555192649,-0.0122127021,0.57294935,0.557123184,-0.00803705,0.573488712,0.555657685,-0.00419908576
1033.3333333333323,0.567242146,0.475666851,1.00387454e-009,0.554625154,0.469412208,-0.000291129283,0.539089322,0.46762833,-0.00135722791,0.525727689,0.468410939,-0.00273278565,0.51549989,0.469713449,-0.00385086401,0.528803945,0.475334585,-0.00222253636,0.51278609,0.478102118,-0.00557606947,0.513122618,0.477685302,-0.00755146518,0.517855167,0.4766877,-0.00799541734,0.531716526,0.481390357,-0.00327539956,0.514986,0.484369874,-0.00491583534,0.515205085,0.483405918,-0.00541053386,0.519674,0.482040584,-0.00555763068,0.536645412,0.486703455,-0.00436348,0.521576107,0.490046054,-0.00505814562,0.520708263,0.488978386,-0.00383316074,0.523808241,0.487279296,-0.00308066024,0.542383254,0.491029948,-0.00542617962,0.529676914,0.494384974,-0.00523563381,0.527413964,0.493554831,-0.00309872138,0.528807044,0.492135644,-0.0013002652
1033.3333333333323,0.57509011,0.523715496,5.35844649e-008,0.5936566,0.529025912,0.00245994283,0.602520049,0.537821054,0.00160163851,0.603032649,0.54563117,0.00032517311,0.601476967,0.551181257,-0.000651658804,0.604703665,0.542656481,-0.0067700753,0.611869872,0.55548209,-0.0100153731,0.611089945,0.56098938,-0.0101027619,0.607761741,0.562708,-0.0088522071,0.593232751,0.544650197,-0.00954306498,0.599135,0.558181882,-0.0115894508,0.599311829,0.562896132,-0.00981135946,0.59706,0.563131869,-0.00774229458,0.581116557,0.54525286,-0.0116263051,0.584383786,0.558457613,-0.0125278616,0.585279703,0.561667264,-0.00920507312,0.585009813,0.560702682,-0.00628661085,0.569659591,0.54462266,-0.0134418141,0.571582675,0.555190384,-0.0126694264,0.572978616,0.557028234,-0.00849741232,0.573392034,0.555509865,-0.00461907312
1049.999999999999,0.567672849,0.475772738,4.32745662e-009,0.555695713,0.469132632,-0.000492419,0.540001214,0.467743307,-0.00151769922,0.526142657,0.468454093,-0.00272789365,0.515761435,0.469604611,-0.00369551452,0.529085517,0.475146472,-0.00267290627,0.512963474,0.477729112,-0.00594867906,0.511993527,0.477373451,-0.00776251405,0.516127646,0.476486772,-0.00809684768,0.531713,0.481218815,-0.00353877572,0.514881194,0.484091341,-0.00507009123,0.514472485,0.483139306,-0.00528250495,0.518791318,0.481914073,-0.00523452694,0.536566377,0.486546427,-0.00444555422,0.521428049,0.489815563,-0.00513026491,0.520269096,0.488756537,-0.00383272255,0.523299336,0.487172425,-0.00301798573,0.542445838,0.490881443,-0.00533103896,0.529615,0.494295239,-0.00527377287,0.52703625,0.493508369,-0.0032343294,0.528377891,0.492144257,-0.00146940071
1049.999999999999,0.574969172,0.523575425,4.95434307e-008,0.59328407,0.528868794,0.00276235677,0.602142334,0.537579477,0.0020777157,0.602984309,0.545093954,0.000808687357,0.602013528,0.550417304,-0.000224631047,0.604526579,0.542817652,-0.00555757387,0.611683309,0.555092931,-0.00889527611,0.611032,0.560611486,-0.0093790032,0.607860625,0.562582433,-0.00841526221,0.593264759,0.544826627,-0.00857557077,0.59910357,0.55802381,-0.0107342433,0.599377036,0.562792599,-0.00920524076,0.597180724,0.563155174,-0.00721750269,0.581273854,0.545380354,-0.0109792938,0.584313929,0.558450103,-0.0121396575,0.585413873,0.56178385,-0.00897520408,0.585393846,0.560903907,-0.00598894386,0.569713175,0.544655204,-0.0131029105,0.57131815,0.555332184,-0.0125581883,0.573004365,0.557612658,-0.00847707,0.573927701,0.556463182,-0.0045487592
1066.6666666666658,0.56788224,0.475753188,5.04304265e-010,0.556245148,0.469149172,-0.000506396056,0.540588796,0.467585027,-0.00150194915,0.526684463,0.468456954,-0.00268446654,0.51633513,0.469565123,-0.00360511942,0.528995693,0.475123137,-0.00219751499,0.513397574,0.477465868,-0.00532070408,0.512911201,0.477268308,-0.00713904714,0.517034233,0.476621628,-0.00755052688,0.531539202,0.481215775,-0.00310926815,0.514829934,0.483862102,-0.00469659967,0.514921665,0.482969075,-0.00501471851,0.519486487,0.481807798,-0.00496385526,0.536342442,0.486556292,-0.00408626301,0.521167159,0.489695,-0.00483031152,0.520061851,0.488736361,-0.00359658781,0.52308917,0.48724395,-0.00276667322,0.542298555,0.490934938,-0.00504110847,0.529606819,0.494172037,-0.00497061806,0.526908755,0.4934991,-0.00297996495,0.527939081,0.492274821,-0.00123366818
1066.6666666666658,0.574672818,0.523544431,5.35171942e-008,0.592795551,0.528457403,0.00285605504,0.601823807,0.536820233,0.00217786524,0.602842331,0.544256687,0.000953892304,0.602102876,0.549510062,-2.09270165e-005,0.604807854,0.54269892,-0.00547623867,0.612042725,0.555064738,-0.00869119633,0.611676812,0.560597479,-0.00885894895,0.608630896,0.56253773,-0.00763268163,0.593436241,0.544835508,-0.00840164442,0.599472463,0.557912827,-0.0104753254,0.599665105,0.562850952,-0.00873893779,0.597275376,0.563499868,-0.00652603665,0.581366718,0.545482576,-0.0106838243,0.584850669,0.558374166,-0.011753995,0.585535705,0.561974227,-0.00831255782,0.585197449,0.561473489,-0.00506806793,0.569708288,0.544828355,-0.0126696862,0.571414948,0.555394411,-0.0120891389,0.572947085,0.558395147,-0.0079473462,0.573952138,0.558160782,-0.0038818731
1083.3333333333326,0.56888938,0.47558111,1.18500934e-008,0.557168663,0.468782932,-0.000301889289,0.541161,0.467375606,-0.000915076584,0.527302384,0.468597114,-0.00170584768,0.516884387,0.469594032,-0.00236257771,0.529201627,0.474733412,-0.00101720763,0.514181435,0.477466494,-0.00341310096,0.510477126,0.478298217,-0.00493984157,0.511910498,0.478570461,-0.0053006676,0.531683922,0.480828434,-0.00185526349,0.515943,0.483829886,-0.00277519389,0.514400542,0.483387828,-0.00286358688,0.517196178,0.482623458,-0.00272149546,0.536384344,0.486257434,-0.0027855963,0.521661699,0.489640087,-0.00319350325,0.519663393,0.488904953,-0.00180471607,0.52156508,0.487677276,-0.000875379075,0.542274594,0.490822792,-0.00371546787,0.529350102,0.494212359,-0.00361440447,0.526492238,0.493548423,-0.00155002752,0.527325094,0.492358565,0.000303156266
1083.3333333333326,0.574939191,0.523389697,4.3049e-008,0.593094587,0.528590262,0.00292138988,0.601940453,0.537358582,0.00233326829,0.603369176,0.545193613,0.00126118993,0.60336405,0.550835669,0.000535198662,0.604789436,0.542041957,-0.00612630509,0.612642348,0.555014491,-0.00959324278,0.611922,0.560361385,-0.00977136567,0.608628,0.561706901,-0.00835465826,0.593272746,0.544260561,-0.00893604755,0.599635243,0.557872236,-0.011024151,0.599988282,0.562592864,-0.0090988148,0.598115802,0.562562704,-0.00671760365,0.581300616,0.545046329,-0.0110907499,0.584495962,0.558503151,-0.012226331,0.585868835,0.562409043,-0.00894705,0.586581767,0.561767042,-0.00576756662,0.569857538,0.544539034,-0.0128986752,0.570926368,0.555785656,-0.0126851061,0.572911441,0.559290111,-0.00897957385,0.575059056,0.559181035,-0.00514705107
1099.9999999999993,0.568916082,0.475522935,1.89732834e-008,0.55694145,0.468821764,5.11653452e-005,0.540210366,0.467568547,-0.000320882653,0.526125669,0.468446046,-0.000916891906,0.515832782,0.469440311,-0.0014056504,0.52880615,0.474565059,-0.000683458231,0.513639033,0.477636099,-0.00277556595,0.509575725,0.478894025,-0.00412174,0.510534585,0.479505569,-0.0044203056,0.531637251,0.480592519,-0.00157074386,0.516058326,0.483894378,-0.00230220426,0.513910115,0.483807206,-0.00238456856,0.516053677,0.483207554,-0.00230415259,0.53647536,0.486075342,-0.00250953925,0.521931171,0.489741,-0.0027304159,0.519256294,0.489352137,-0.0014173917,0.52056,0.488202929,-0.000607961,0.542176962,0.490712613,-0.00342433713,0.529711366,0.494176209,-0.00318607176,0.526276946,0.493862599,-0.0013095896,0.526228666,0.492817938,0.000337871577
1099.9999999999993,0.574755251,0.523718536,4.75723e-008,0.593224347,0.528706968,0.00266234111,0.602259457,0.537130415,0.00192922982,0.603379667,0.544628382,0.000667258748,0.602448404,0.549718,-0.000310157513,0.604790747,0.54215306,-0.00628721341,0.613156319,0.554809868,-0.0101243593,0.612083375,0.560205579,-0.0106217898,0.608130753,0.561834514,-0.0093832789,0.593101799,0.54451561,-0.00903368741,0.600054622,0.557772815,-0.0113501009,0.600346148,0.562549829,-0.00951120909,0.597917,0.562527359,-0.00708440226,0.581059,0.545377672,-0.0111883786,0.584929287,0.558606923,-0.0127314413,0.586420715,0.562624,-0.00955918245,0.586794198,0.561925948,-0.00622186298,0.569626,0.544980884,-0.0130259413,0.570636,0.556076467,-0.0132843899,0.572896957,0.559683204,-0.0097974129,0.575072825,0.559549391,-0.00591130462
1116.666666666666,0.568742275,0.475420207,1.11636158e-008,0.556209445,0.468660742,0.00029279734,0.539316475,0.467426568,5.84492e-005,0.525353789,0.468402892,-0.000550262746,0.515201569,0.469315976,-0.00102150673,0.528837383,0.474287,-0.00074045459,0.513239682,0.4775832,-0.00345128705,0.510677755,0.478141516,-0.00504547218,0.513423145,0.477794796,-0.00528935948,0.532009482,0.480225295,-0.00187641184,0.516002059,0.483914822,-0.00313856057,0.513881326,0.483739108,-0.00350085134,0.516603172,0.482801586,-0.00346118258,0.537053227,0.485541731,-0.00309599307,0.522443235,0.489485621,-0.00372676086,0.519359112,0.489329427,-0.00261545251,0.520412087,0.488130093,-0.00178265746,0.542894065,0.490028948,-0.00426149927,0.530469298,0.493844092,-0.00426612748,0.5263381,0.493905157,-0.00255610025,0.525522232,0.492936552,-0.000940846861
1116.666666666666,0.574959338,0.524222,4.22523705e-008,0.59331131,0.529282928,0.0025881452,0.602562785,0.537585139,0.00163431838,0.60400939,0.545079827,0.000166907615,0.603518069,0.550310075,-0.00100348971,0.605103254,0.541837215,-0.00660905289,0.613402665,0.554464281,-0.0106954081,0.612489522,0.559882283,-0.0114590963,0.60892427,0.561335087,-0.0104287844,0.59347564,0.544251382,-0.00941829756,0.60025382,0.557667792,-0.0119653,0.600794733,0.56222409,-0.0102810366,0.599038064,0.561927915,-0.0080404887,0.581388354,0.545259833,-0.0116472933,0.584837496,0.558753312,-0.0131356763,0.586614966,0.562874138,-0.0100453962,0.587592363,0.562284231,-0.00695254,0.569722652,0.544993937,-0.013575213,0.570648849,0.556087,-0.0138102295,0.573229,0.559854388,-0.0104637705,0.576020837,0.5599702,-0.00684974948
1133.3333333333328,0.568666458,0.475386232,2.21423306e-008,0.556560636,0.468716115,-0.000265774725,0.540391684,0.467088,-0.000804956,0.52711755,0.467610627,-0.00158673804,0.517098904,0.468967885,-0.00229615881,0.528286576,0.474298984,-0.00142707676,0.513370216,0.477094322,-0.00392860314,0.509301901,0.478015572,-0.00546356849,0.510052204,0.478243232,-0.00582475727,0.531107068,0.480261594,-0.00244615111,0.515317321,0.483666509,-0.00378929917,0.512965858,0.483554959,-0.00403459324,0.515172184,0.482885152,-0.0038911833,0.536170065,0.485614717,-0.00352557679,0.521424294,0.489322901,-0.00432467368,0.518776119,0.489022344,-0.00294488925,0.520121098,0.487905115,-0.00184413965,0.542353451,0.490083486,-0.00461418834,0.529448211,0.493811786,-0.00481714169,0.525577545,0.493673056,-0.00286488328,0.525271356,0.492667168,-0.000980011537
1133.3333333333328,0.57484144,0.523870468,3.60767913e-008,0.592670739,0.5286116,0.00268274453,0.601725638,0.53686142,0.00167625688,0.603483438,0.544317842,0.000105218227,0.603253901,0.549571514,-0.00114630803,0.605092,0.541312099,-0.00610415172,0.613537192,0.553990126,-0.0104176179,0.613047123,0.559271097,-0.0114858365,0.60987705,0.560279548,-0.0106439656,0.593815267,0.543694079,-0.00913524069,0.600728154,0.556984484,-0.0118930871,0.601251781,0.561583281,-0.0106685543,0.599619448,0.561243057,-0.00878702383,0.581732035,0.544727325,-0.011667598,0.585212052,0.558296144,-0.0134940417,0.587180555,0.563099682,-0.0112195043,0.588487446,0.563087881,-0.00875643641,0.569714129,0.544552147,-0.0138396062,0.570587695,0.555769563,-0.0145386262,0.573425,0.559930444,-0.0118480986,0.576754,0.560435,-0.00877184793
1149.9999999999995,0.569866419,0.474770755,7.8302953e-010,0.557554424,0.468624622,0.000638997299,0.54072386,0.466919065,0.000172991728,0.527166545,0.467560261,-0.000679106102,0.517029762,0.46825254,-0.00149916939,0.529698,0.473847538,-0.00166001066,0.513997316,0.477119684,-0.00463484973,0.511150241,0.477895111,-0.00635655224,0.51393038,0.477682292,-0.00661958475,0.532666266,0.479756355,-0.00307809678,0.515368521,0.483784944,-0.00475053024,0.514451683,0.483558625,-0.00522970688,0.518775761,0.482550353,-0.00519573875,0.53745985,0.485120088,-0.00438482827,0.521403,0.48928076,-0.00536366133,0.520640969,0.488851815,-0.00416932069,0.524462104,0.487565935,-0.00314831431,0.543455064,0.489774734,-0.00553874811,0.529738843,0.49380669,-0.00565339671,0.527298,0.493449867,-0.0036547319,0.52879,0.492272407,-0.00177054387
1149.9999999999995,0.574047863,0.52343148,4.49488198e-008,0.592445076,0.528143108,0.00279941317,0.601807356,0.536711574,0.00182326254,0.603625357,0.544444323,0.000344735454,0.603441954,0.549846411,-0.000773641863,0.605101645,0.540271163,-0.00690740161,0.613785088,0.553308904,-0.0113900332,0.613632202,0.558980227,-0.0122157549,0.610724211,0.560218275,-0.0110419458,0.593571365,0.542585373,-0.00992669724,0.601177037,0.55645746,-0.013115637,0.602294445,0.561491251,-0.0117510948,0.600975215,0.561334908,-0.00957166776,0.581493497,0.543829203,-0.0123768793,0.585144639,0.558003783,-0.0145125212,0.587767065,0.563276291,-0.0123359393,0.589560628,0.563471913,-0.00974968076,0.569671,0.543964446,-0.0144204,0.570446849,0.555773556,-0.0152625926,0.573752165,0.560299754,-0.0127949137,0.577663481,0.561105967,-0.00979152415
1166.6666666666663,0.570448875,0.474739045,-2.50410235e-008,0.558192372,0.468617886,0.000663354585,0.541042566,0.467184097,-6.44914398e-005,0.526806831,0.468315423,-0.00122613623,0.516196191,0.468209386,-0.00220815954,0.529525757,0.473641574,-0.00236796518,0.512772918,0.477770239,-0.00592346769,0.513517737,0.47835207,-0.00775311235,0.51924926,0.47743392,-0.00796663,0.532802224,0.479819745,-0.0038874147,0.514805317,0.484244168,-0.00605485309,0.51652056,0.484007955,-0.00641637342,0.522637367,0.482804686,-0.00621816237,0.53772682,0.485407382,-0.00526980404,0.52130872,0.489717841,-0.00656066369,0.522636473,0.48917383,-0.00494417222,0.528163791,0.487736017,-0.00355491252,0.543671608,0.490321159,-0.00647736434,0.529512286,0.494298398,-0.00664559333,0.528750479,0.493745893,-0.00429300591,0.531957388,0.492510855,-0.0021074668
1166.6666666666663,0.573286831,0.522957444,4.26973088e-008,0.591806948,0.52766037,0.00267645228,0.601847589,0.536011934,0.00168746931,0.604563832,0.543545842,0.000197383561,0.605276644,0.548857868,-0.000990596251,0.604953647,0.53971535,-0.00620857487,0.613964379,0.552327394,-0.0101775965,0.614283383,0.557981551,-0.0110838292,0.611872673,0.559657931,-0.0103066033,0.593206584,0.542036,-0.00925807562,0.601594865,0.555573463,-0.0121941315,0.603397369,0.560681283,-0.0114486516,0.602830291,0.561168134,-0.0100334361,0.581088126,0.543345392,-0.0117461933,0.585592866,0.557492435,-0.0138023403,0.58876425,0.562994897,-0.0125087602,0.591111,0.563768566,-0.0108560957,0.569162726,0.543528676,-0.0138011603,0.570609272,0.555379033,-0.0147224022,0.574342608,0.55996263,-0.0127599221,0.578730822,0.560988247,-0.0104268687
1183.333333333333,0.572202325,0.474459201,1.24153177e-008,0.558812797,0.468379259,0.00134930725,0.541921735,0.467240751,0.0011233344,0.528193653,0.468525857,0.000463931792,0.517908335,0.468497336,-0.000161376855,0.531079054,0.473731399,-0.00144431251,0.514503777,0.477501512,-0.00420953799,0.510507464,0.479056865,-0.0054540867,0.51184392,0.479534924,-0.00536181405,0.534194469,0.479771823,-0.00306996,0.516900957,0.484288663,-0.00437129335,0.513063431,0.485218436,-0.00407645386,0.514528394,0.485091507,-0.00339422468,0.539326549,0.485236853,-0.00457164878,0.523820698,0.489924401,-0.00515909726,0.51913476,0.490920246,-0.00337702525,0.51873368,0.490604699,-0.00190254208,0.545541108,0.489956498,-0.00589940231,0.532215595,0.494462967,-0.00585990259,0.526386857,0.49544239,-0.00380895496,0.523681223,0.495119333,-0.00174695742
1183.333333333333,0.572111905,0.522941172,2.64579985e-008,0.591332197,0.526685715,0.00254129176,0.602197647,0.53422457,0.00203003781,0.606424272,0.541614,0.00113625277,0.609229326,0.546873,0.000469792576,0.603791773,0.5392434,-0.00493735634,0.613540411,0.551173329,-0.00787954405,0.615496159,0.556379259,-0.00831475481,0.614829063,0.558418095,-0.00764300954,0.592246771,0.542191327,-0.00764160883,0.601632595,0.554486156,-0.00972806569,0.604695618,0.558958352,-0.00906204432,0.605513215,0.559929848,-0.00810361933,0.580636919,0.543798745,-0.00986077264,0.585707486,0.556840599,-0.0116968611,0.589734554,0.562327445,-0.0112272808,0.593041122,0.563957,-0.0105440328,0.56925571,0.543951273,-0.0116137881,0.570319355,0.554671526,-0.0127930613,0.574030817,0.55913341,-0.0117032491,0.578865469,0.560666859,-0.0103315143
1199.9999999999998,0.572313428,0.47498253,1.36236249e-008,0.558589339,0.468608201,0.00153685827,0.541771293,0.46784547,0.00142318,0.527888417,0.469421268,0.000853951555,0.517585754,0.469969362,0.00022591083,0.531598926,0.473653078,-0.001720011,0.514887869,0.477779508,-0.00457856525,0.509475768,0.480658114,-0.00574057503,0.509762108,0.482367039,-0.00559780328,0.53477,0.47967121,-0.00337236049,0.517664671,0.484629899,-0.00499381684,0.513691127,0.486334801,-0.00443522632,0.515018,0.486765,-0.00341062015,0.540128887,0.485098273,-0.00485824607,0.524326801,0.490244925,-0.00567561621,0.519776106,0.491765022,-0.00337505294,0.519667923,0.491853267,-0.00137016876,0.546690464,0.489764631,-0.00614076154,0.533629656,0.494425446,-0.00633214,0.527863801,0.495950073,-0.00417571934,0.525098,0.496281087,-0.00187128468
1199.9999999999998,0.571160913,0.522135258,3.66364361e-008,0.590618312,0.52552712,0.00125787954,0.602691829,0.533259392,0.000298666157,0.6094715,0.541111112,-0.000738101371,0.615553558,0.546608388,-0.00153762044,0.602755308,0.538401783,-0.00645920495,0.613227427,0.549725652,-0.00971129816,0.615374327,0.555262089,-0.0103632761,0.614875138,0.558022559,-0.00997915864,0.5912202,0.541212261,-0.00885131583,0.601260304,0.553310931,-0.0115446914,0.604946136,0.558309436,-0.0114802551,0.606561899,0.560196,-0.0110346284,0.579801321,0.542784154,-0.0108078485,0.585362,0.555905223,-0.0132643161,0.589808047,0.561785817,-0.0135194855,0.593736708,0.564236522,-0.0134340888,0.568594337,0.54292,-0.0123488428,0.569883406,0.553765655,-0.0141999284,0.573608041,0.558482885,-0.0137530901,0.578575373,0.560580969,-0.0129377972
1216.6666666666665,0.573011696,0.474824697,2.08793676e-008,0.559288383,0.468597233,0.00111737486,0.542418838,0.46761477,0.000747984101,0.528900862,0.468958229,3.9807288e-005,0.518535495,0.469843358,-0.000812736398,0.531966805,0.47348395,-0.00288235606,0.51543057,0.477445424,-0.0061370139,0.508926511,0.480768204,-0.00770268776,0.507742405,0.483324826,-0.00789473392,0.535541236,0.479638934,-0.00461201649,0.518923163,0.484579623,-0.00698366528,0.513492167,0.486808687,-0.00694038346,0.513438463,0.488018632,-0.00621874817,0.541202068,0.485130131,-0.00616360502,0.525620103,0.490551174,-0.00758310733,0.519708037,0.492397249,-0.00569956657,0.518332243,0.492812246,-0.00385899469,0.547835112,0.48972705,-0.00754544465,0.534747,0.494753093,-0.00822831877,0.527918756,0.496578962,-0.00637088344,0.524003685,0.496996,-0.00419940334
1216.6666666666665,0.569665968,0.522196829,4.37359375e-008,0.589767337,0.524842918,0.000697602576,0.602728605,0.53223592,-0.000537304615,0.610091,0.540083945,-0.00168087555,0.616854548,0.545834482,-0.00253274199,0.601435483,0.537771881,-0.00724043744,0.612705648,0.549124,-0.0107008209,0.615438223,0.554646254,-0.0113564217,0.615544,0.557520628,-0.0109495036,0.589662611,0.540777683,-0.00933357142,0.600924909,0.552836478,-0.0121380463,0.605635524,0.558058,-0.0121115437,0.607979059,0.560440302,-0.0117403772,0.578337312,0.542436838,-0.0110121574,0.584842801,0.555406034,-0.0138040921,0.589836657,0.561412454,-0.0142323226,0.594175518,0.564108789,-0.0142049668,0.567511559,0.542646825,-0.0122823995,0.568971038,0.553391576,-0.0144644268,0.573168814,0.558011591,-0.0142126596,0.578721225,0.559909344,-0.0135045974
1233.3333333333333,0.57514447,0.474935681,1.53425042e-008,0.562343597,0.468632877,0.00149545644,0.545163572,0.467553586,0.00115504733,0.531383097,0.469043463,0.000556804123,0.520843327,0.469558537,-0.000105702515,0.533672035,0.47311002,-0.00327734044,0.51636678,0.477264285,-0.0065807444,0.510413051,0.480946034,-0.00786095951,0.510123,0.483646721,-0.00770483771,0.537210882,0.47930932,-0.00496880803,0.519672,0.484710038,-0.00733470684,0.513973117,0.487282544,-0.00682730414,0.513787329,0.48875165,-0.00568581652,0.542694092,0.484942645,-0.00640548579,0.526405752,0.490606904,-0.00775372796,0.520261407,0.492563486,-0.00540094823,0.518724382,0.493222088,-0.00310195074,0.549297392,0.489757717,-0.00760887284,0.535321653,0.494660437,-0.00797336642,0.528362632,0.496439695,-0.00572900428,0.524408758,0.497009337,-0.00322794192
1233.3333333333333,0.568862617,0.520721316,3.8808615e-008,0.589356601,0.522729456,0.000650526,0.603052914,0.53066361,-0.000353242707,0.611081183,0.538883328,-0.00116124679,0.61881119,0.544781685,-0.0017525974,0.600663543,0.536864936,-0.00730092032,0.61186713,0.547879159,-0.010283066,0.615264118,0.553317904,-0.010581051,0.615876615,0.556128621,-0.00998347905,0.58884424,0.539829314,-0.0092977332,0.600507617,0.551851451,-0.0117900437,0.605783522,0.556811512,-0.0115264365,0.608208716,0.559039831,-0.010990533,0.577454627,0.541442037,-0.0108593181,0.584216595,0.554668128,-0.0133323148,0.589944303,0.560620606,-0.0137471659,0.594546616,0.563301086,-0.0137599381,0.566638231,0.541577578,-0.0119950958,0.568621099,0.552524924,-0.0137175256,0.573150039,0.557242095,-0.0133927064,0.578814447,0.55924952,-0.0127368281
1250.0,0.576163828,0.474399418,8.92302054e-009,0.56192261,0.468902797,0.00334594375,0.54563719,0.46807307,0.00352105848,0.533270478,0.469340324,0.00297896471,0.523882031,0.469917864,0.00235907012,0.534505725,0.47258991,-0.00257032202,0.515887439,0.476974547,-0.00625197589,0.510566413,0.481119961,-0.0074681663,0.51176554,0.483693212,-0.00699093845,0.537965178,0.478878766,-0.00517470762,0.519749939,0.484885931,-0.00771101145,0.514655828,0.487857878,-0.00677082175,0.515515149,0.489160597,-0.00517030759,0.543465912,0.484748334,-0.00737661496,0.526524663,0.490693629,-0.00866069645,0.520333469,0.493082792,-0.00570747675,0.519136906,0.493815124,-0.00289344974,0.550333917,0.489724964,-0.00918357447,0.535796583,0.494752586,-0.00935035851,0.528235316,0.49673754,-0.00646365155,0.523880482,0.49736619,-0.0033666722
1250.0,0.567229867,0.519973159,3.14235535e-008,0.587635577,0.522043586,0.000170609826,0.602137148,0.529674649,-0.000770218379,0.61081177,0.537891924,-0.0015068989,0.61858356,0.543989301,-0.00194099941,0.598594308,0.535814643,-0.00628991798,0.610499382,0.546641886,-0.00916521717,0.614573717,0.552134693,-0.00955091137,0.615941346,0.555078626,-0.00906692911,0.587108612,0.539109,-0.00798445754,0.599667549,0.550733507,-0.0103301844,0.605306625,0.555799365,-0.0102416296,0.608310342,0.558271825,-0.00989199895,0.576129258,0.540982485,-0.00937494356,0.583438218,0.553765297,-0.0120129632,0.589466035,0.559676349,-0.0126137948,0.59468472,0.562377036,-0.0126980701,0.56553632,0.541359901,-0.0103900852,0.56801641,0.551853418,-0.0122650005,0.572801411,0.556301832,-0.0120053357,0.57902807,0.558024406,-0.0113605084
1266.6666666666667,0.579056561,0.474516779,8.7199945e-009,0.563928246,0.469113767,0.00329826772,0.547683358,0.468831867,0.00359008368,0.536243,0.470189631,0.00306964968,0.527620375,0.470773876,0.00236481754,0.536062062,0.47300458,-0.00159561099,0.51902318,0.476640582,-0.00467617577,0.512381673,0.480012327,-0.00600853795,0.510962784,0.482524931,-0.00614142511,0.539285779,0.479199022,-0.00447100773,0.521805525,0.484866261,-0.0070141959,0.515494525,0.487956315,-0.00691578351,0.514363,0.489822239,-0.00619367231,0.544901729,0.484962493,-0.00699638063,0.528624415,0.490924627,-0.00840914901,0.52156949,0.493572712,-0.00692437915,0.51874733,0.494817019,-0.00547552621,0.551893651,0.489777774,-0.00913675595,0.538270473,0.494886309,-0.00976277608,0.530630529,0.497135848,-0.00805642363,0.525612,0.498233616,-0.00615774468
1266.6666666666667,0.566168606,0.518954933,3.56766456e-008,0.586205304,0.520863652,-0.000323227956,0.601511359,0.528144956,-0.00192056084,0.610910416,0.536181092,-0.00306816655,0.618493557,0.542581916,-0.00380871189,0.597251,0.533888042,-0.00896486,0.609709561,0.545263469,-0.0121004367,0.614818692,0.550859869,-0.011848893,0.617175,0.55390358,-0.0108665256,0.585473478,0.53739804,-0.0104818428,0.598942101,0.549806237,-0.0134705538,0.605622828,0.554884,-0.0128654968,0.609704614,0.557355583,-0.0120374318,0.57446754,0.539578557,-0.0115328114,0.583349526,0.553181469,-0.0145455692,0.590101182,0.558817506,-0.0144690331,0.595958352,0.561149716,-0.0139513649,0.564016521,0.540164888,-0.0122019071,0.567256093,0.551198602,-0.0143369352,0.572447479,0.555619776,-0.0138625018,0.579000175,0.557055354,-0.0129555808
1283.3333333333335,0.579600513,0.473813593,2.13412807e-008,0.563235283,0.468859285,0.00335726771,0.546770394,0.469248086,0.00338287652,0.534838498,0.47164917,0.00264909212,0.525450945,0.473758638,0.00164736365,0.536666214,0.472813308,-0.00254861405,0.519302309,0.477747351,-0.00574701,0.512370348,0.48192209,-0.00701084966,0.510508358,0.484947383,-0.0070290044,0.540771663,0.479070783,-0.0054779849,0.522715926,0.485392958,-0.00800376385,0.515737891,0.48881954,-0.0078866845,0.513764083,0.490991861,-0.00718116853,0.546978056,0.48483783,-0.00792826,0.530355871,0.491234034,-0.00911757,0.523104668,0.493995,-0.00730839139,0.52007556,0.49530077,-0.00567820296,0.554383039,0.489614725,-0.00997577142,0.540663362,0.49498716,-0.0102579109,0.533061087,0.497356862,-0.00816217624,0.527947903,0.498521805,-0.00597704295
1283.3333333333335,0.565182686,0.519094884,3.27388321e-008,0.585539281,0.520744085,-0.000731655455,0.60126847,0.527230501,-0.00261835963,0.610915184,0.535125852,-0.00393011654,0.618148506,0.541390479,-0.0047640088,0.5952999,0.533023417,-0.00986033119,0.608839035,0.544569,-0.0132858204,0.61513555,0.549901962,-0.0129683381,0.618736565,0.552584112,-0.0118076866,0.583633244,0.536819041,-0.0110933045,0.598483205,0.549262106,-0.014537055,0.606526136,0.554172933,-0.0138471285,0.611896098,0.556364298,-0.0127732577,0.573126554,0.539264679,-0.0118525401,0.583052456,0.552435,-0.0150013017,0.590766728,0.557947457,-0.0147795044,0.597566485,0.560222864,-0.0140489377,0.56340909,0.540011168,-0.0122740259,0.566861808,0.550565124,-0.0144347697,0.57227242,0.554864228,-0.0139460759,0.579054534,0.556279659,-0.0129561303
1300.0000000000002,0.581677914,0.47453934,1.72236732e-008,0.564270556,0.469485223,0.00362560689,0.547689259,0.470302343,0.00381492474,0.537534058,0.473719746,0.00319532235,0.531268716,0.477476388,0.00213088351,0.539586484,0.473085344,-0.00274653058,0.521998525,0.478170902,-0.00581445545,0.514353633,0.481957942,-0.00704401778,0.511557102,0.484803885,-0.0071776039,0.543703,0.479408473,-0.00593546685,0.525617421,0.485792,-0.00831207819,0.51859796,0.489155114,-0.00832593627,0.516520798,0.491209894,-0.00782432593,0.549888372,0.485080928,-0.00860943273,0.53293556,0.491505474,-0.00967470277,0.525342,0.494359434,-0.00850792509,0.521831214,0.495733917,-0.00751165394,0.556889474,0.489705741,-0.0108457124,0.542931736,0.494938344,-0.0113214198,0.534983397,0.497307271,-0.00982626155,0.529289246,0.4986476,-0.00824903604
1300.0000000000002,0.56422478,0.518633425,2.3586157e-008,0.584769487,0.519823849,-0.000979735167,0.60081929,0.526101708,-0.00273315515,0.610569239,0.533745587,-0.00388970459,0.617945731,0.539633393,-0.00461410964,0.593855321,0.532133102,-0.00956987496,0.608231843,0.543354869,-0.0130917858,0.615374804,0.54830879,-0.0131546659,0.619340718,0.550651073,-0.0123604983,0.582373619,0.536090672,-0.0107500032,0.597613871,0.54801476,-0.0142206736,0.606375217,0.552659154,-0.014015343,0.612466693,0.554774761,-0.0134195574,0.572099,0.538588405,-0.0115426015,0.583051264,0.551314294,-0.0148240505,0.591650367,0.556547284,-0.0151966596,0.599379599,0.558751225,-0.015048462,0.562710643,0.539277434,-0.0120195383,0.565629,0.549250662,-0.0145053174,0.571272969,0.553467453,-0.0146381855,0.57842648,0.5550524,-0.014243437
1316.666666666667,0.583093524,0.474597454,2.12730882e-008,0.565751731,0.470353246,0.00390117639,0.549664676,0.471653283,0.0040497873,0.539210379,0.475131214,0.0032902346,0.531897306,0.478521615,0.00213790988,0.540890753,0.473691106,-0.00206964673,0.524034739,0.478187442,-0.00491817389,0.516176701,0.481960922,-0.00607537245,0.51293391,0.484942436,-0.0062962072,0.544569969,0.479699761,-0.00548291951,0.526602924,0.4854936,-0.00772731844,0.519417405,0.488571644,-0.00765993446,0.516945839,0.490531892,-0.00717205135,0.550541043,0.485307187,-0.00837932527,0.533565342,0.491422951,-0.00943615753,0.526116788,0.493959248,-0.00810472108,0.522588432,0.495096594,-0.00704037445,0.557587862,0.490097255,-0.0108325826,0.543797731,0.4951123,-0.0113660255,0.535885096,0.497342885,-0.00986119732,0.530237615,0.498588324,-0.00830354728
1316.666666666667,0.562359,0.517997205,6.74920342e-009,0.582802832,0.518852353,-0.00118499179,0.59884429,0.524963796,-0.00276385364,0.60912776,0.532252252,-0.003724813,0.617052853,0.537829578,-0.00420323387,0.591643929,0.531448066,-0.00884877332,0.607339084,0.541830838,-0.0118618812,0.614916682,0.546198547,-0.0116198529,0.619012475,0.548211336,-0.0106990691,0.580580294,0.535483718,-0.00986376498,0.596536815,0.546731591,-0.0132078538,0.606130183,0.550585151,-0.0128966961,0.612659037,0.551843166,-0.0121413795,0.570816,0.537973285,-0.0105813723,0.58193481,0.550130129,-0.0137665654,0.59102416,0.555076718,-0.0141723361,0.598721147,0.557023525,-0.013986703,0.56211859,0.538685203,-0.0110150529,0.565343916,0.548455954,-0.0133826956,0.570976317,0.552630603,-0.0135791712,0.577832043,0.554241359,-0.0132520078
1333.3333333333337,0.584523201,0.474776477,2.82819599e-008,0.56727308,0.470282882,0.00371491397,0.551032,0.471560985,0.00395733863,0.539771199,0.47459203,0.00340929511,0.531391859,0.476985425,0.00248647202,0.542698622,0.474363506,-0.00236665295,0.525658,0.478309155,-0.00509489188,0.518070161,0.48202464,-0.00610298896,0.515407383,0.484870702,-0.00618432881,0.546456754,0.480376661,-0.00550121628,0.528217733,0.486115068,-0.0076094619,0.520768583,0.489209086,-0.00748545025,0.518037498,0.491253406,-0.00703193108,0.552509189,0.485906899,-0.00809541345,0.535312951,0.49188441,-0.00908348896,0.527431786,0.4944354,-0.00786828902,0.523454964,0.495785028,-0.00698572071,0.559707224,0.490528464,-0.0102053983,0.546238244,0.495515466,-0.0106783081,0.538257957,0.497759,-0.00916616712,0.532320678,0.499058425,-0.00767516252
1333.3333333333337,0.56058526,0.51742661,1.8971138e-009,0.580916405,0.517897367,-0.00197877502,0.5967381,0.523276925,-0.00387929846,0.607560933,0.530342638,-0.0051160017,0.616068602,0.536039889,-0.00576709863,0.589847565,0.53073442,-0.0075222929,0.605392456,0.54072994,-0.0105065703,0.61349982,0.544500709,-0.0108642438,0.617967546,0.54587388,-0.0103905676,0.579133928,0.534881473,-0.00814858638,0.594997346,0.545569479,-0.0113251712,0.605524302,0.549128711,-0.0117191682,0.613002658,0.550163388,-0.0115400581,0.569779634,0.537275195,-0.00867697224,0.580767035,0.549004853,-0.0118201766,0.590384662,0.553804696,-0.012788496,0.598616302,0.555786073,-0.0130434586,0.561577141,0.537950516,-0.00900132,0.565017641,0.547305882,-0.01133049,0.570700765,0.551351607,-0.0117366454,0.577564061,0.553037226,-0.0116052022
1350.0000000000005,0.58617425,0.475462645,4.01913489e-008,0.568451643,0.471133202,0.00289385486,0.553248286,0.471878827,0.00205272483,0.542238653,0.474852085,0.000574634818,0.534085453,0.477712065,-0.00138841558,0.544920206,0.474565834,-0.00463382248,0.527197778,0.478606969,-0.00829518773,0.519559622,0.482091844,-0.00990841724,0.516454935,0.484833539,-0.0103792157,0.548807442,0.480728567,-0.0078306105,0.529747546,0.486076891,-0.0106202867,0.521313429,0.48893255,-0.0110398084,0.517488301,0.49099049,-0.0110811014,0.555089593,0.486301333,-0.0104855904,0.537009716,0.491972297,-0.0121338731,0.5281021,0.494511306,-0.0115750758,0.523146629,0.495978326,-0.0111906137,0.562296748,0.490900725,-0.0126753086,0.547572911,0.495688051,-0.0138292592,0.538918197,0.497874409,-0.0128237111,0.532418668,0.499204248,-0.0117181884
1350.0000000000005,0.558421969,0.516819298,-9.98972904e-010,0.578523695,0.516918123,-0.00234659598,0.594341278,0.521943271,-0.00458839582,0.605690479,0.52891773,-0.00604307652,0.614943147,0.534606397,-0.00678473804,0.587175727,0.529478073,-0.00831424631,0.603897512,0.539290845,-0.0112870811,0.612257242,0.542801559,-0.011303803,0.616498411,0.543881714,-0.0104899015,0.576920152,0.533985078,-0.00867510214,0.593823612,0.544586182,-0.011649779,0.604489565,0.547976255,-0.0115765007,0.611667037,0.54883194,-0.011018604,0.568022668,0.53670764,-0.00893347245,0.580405533,0.548204124,-0.0117095122,0.590304077,0.552738249,-0.0121132936,0.598518491,0.554673672,-0.012003229,0.560445368,0.537683129,-0.0090386,0.565043807,0.546698511,-0.0110595124,0.570979178,0.550599635,-0.0111560496,0.577891529,0.552323759,-0.0107838009
1366.6666666666672,0.588509262,0.475562245,4.38347065e-008,0.570750117,0.471157908,0.00268495199,0.554281533,0.472290844,0.00211716257,0.542007864,0.475601971,0.00118290039,0.533373117,0.478584647,-8.357771e-005,0.547873676,0.474876493,-0.00517035555,0.529461324,0.478373259,-0.00846465118,0.522405386,0.481646985,-0.00950831547,0.520321727,0.483972579,-0.00946935639,0.551634133,0.481120467,-0.00784849841,0.531625271,0.486273438,-0.0103797261,0.522868872,0.488899678,-0.0102603249,0.519077122,0.490713865,-0.00989361946,0.557476163,0.486901,-0.0099714268,0.537849,0.492195606,-0.0114994114,0.528132439,0.494310528,-0.0110135134,0.522783399,0.49548164,-0.010687612,0.56398344,0.491601318,-0.0115538314,0.548346162,0.496107399,-0.0125958081,0.539308608,0.497950166,-0.0117614912,0.532670498,0.499040186,-0.0108453492
1366.6666666666672,0.556537,0.515967309,-8.49130899e-009,0.576088488,0.515973389,-0.00270070974,0.592416346,0.520805,-0.00538196,0.604021668,0.527511418,-0.00729912892,0.613162458,0.53321743,-0.00853393413,0.584674954,0.528284669,-0.00954933837,0.602433562,0.537986159,-0.0133942105,0.611233532,0.54121834,-0.0140121114,0.615428329,0.541963875,-0.0134779047,0.574920058,0.532946229,-0.00986961555,0.592945039,0.543549299,-0.0134184426,0.603626847,0.546614766,-0.0135269873,0.610419512,0.546864212,-0.0130456006,0.566488266,0.535884082,-0.0100985188,0.580104113,0.54761219,-0.0131261628,0.590227246,0.551815212,-0.0132892663,0.598370373,0.553198755,-0.0129749207,0.559338689,0.536975265,-0.0102285277,0.564907253,0.546172619,-0.0124405939,0.570940316,0.549903572,-0.0124452543,0.577650785,0.551196456,-0.0119578857
1383.333333333334,0.59266752,0.475888371,4.2582375e-008,0.575095236,0.471161157,0.00321707851,0.558900774,0.471907258,0.00352714094,0.54677695,0.474901408,0.00314314314,0.537993431,0.477505356,0.00244120089,0.551216602,0.47497806,-0.00156656455,0.533112407,0.478258342,-0.00404199539,0.524888515,0.481358618,-0.00515144831,0.521446,0.483835608,-0.00536943134,0.554067671,0.481222361,-0.00436785864,0.534664392,0.486002594,-0.00612624269,0.525725424,0.488743633,-0.00653425884,0.521298528,0.49074623,-0.00662163086,0.559039533,0.486861944,-0.00674748467,0.540140271,0.491471618,-0.00761714485,0.530314624,0.493669063,-0.00753904693,0.524359107,0.494951904,-0.00764067424,0.564859033,0.491545409,-0.00866017863,0.55000329,0.49529326,-0.00932515878,0.54106307,0.496917784,-0.008555362,0.534049094,0.497851223,-0.00775192725
1383.333333333334,0.554297864,0.51488173,-2.26092869e-008,0.573867142,0.514787436,-0.00163793413,0.590179205,0.519544184,-0.00374587369,0.601800084,0.525994241,-0.00528243417,0.610496581,0.531683743,-0.00604356546,0.582301378,0.527337849,-0.00809350889,0.601287365,0.536481082,-0.0114525305,0.610433,0.539329112,-0.011520206,0.614475369,0.539636314,-0.0104867825,0.572956,0.532029092,-0.00868800841,0.59201169,0.542351902,-0.0119876014,0.602808535,0.545320749,-0.0116349617,0.60934639,0.545505881,-0.0106910458,0.564780891,0.535130799,-0.00912934262,0.579302073,0.546665192,-0.0119325714,0.589037776,0.550596535,-0.0113919107,0.596545935,0.551665425,-0.010395987,0.557899654,0.536393404,-0.0094151,0.56435132,0.545830727,-0.0110000782,0.570391715,0.549364388,-0.0102492208,0.576894283,0.550263107,-0.00914058927
1400.0000000000007,0.595117748,0.476328,6.08974418e-008,0.579554379,0.470745713,0.00101695524,0.563974261,0.469933033,0.00036976175,0.552594483,0.473625183,-0.00047979143,0.544864714,0.477037549,-0.00150524406,0.55332011,0.47505191,-0.00264809141,0.535256267,0.478469282,-0.00513215,0.526571035,0.48108691,-0.00655411044,0.521948,0.483344942,-0.00709951157,0.556156278,0.481829971,-0.00439127954,0.537198782,0.48609224,-0.00600704411,0.527779281,0.488386065,-0.00684197,0.522302866,0.490226775,-0.00738677569,0.561056256,0.487581402,-0.00585112954,0.542661,0.491739929,-0.00664701033,0.532924354,0.493563801,-0.00690824306,0.526774287,0.494675487,-0.00730551081,0.566738844,0.492098331,-0.00706970878,0.551635742,0.495537549,-0.00783433765,0.542611,0.497119725,-0.0073916954,0.535484195,0.49812597,-0.00679063145
1400.0000000000007,0.552888751,0.513289869,-2.77579808e-008,0.571821749,0.513570845,-0.00268634688,0.588103831,0.518429875,-0.00507662771,0.600023687,0.524991512,-0.00683749747,0.609064043,0.530714512,-0.00781813357,0.579925,0.526261389,-0.00808741525,0.598034143,0.53479296,-0.0121506872,0.607828081,0.537727118,-0.0129883522,0.613133073,0.538223624,-0.0125230579,0.571064234,0.531078696,-0.00843233429,0.589535415,0.541009545,-0.0124770263,0.600997508,0.544005096,-0.0128638251,0.608697355,0.544226646,-0.0123576131,0.563386559,0.534242868,-0.00879892055,0.577653944,0.545185804,-0.0121658817,0.587920129,0.54904449,-0.012075888,0.596078336,0.550024,-0.01124362,0.556798637,0.535501063,-0.00915848371,0.563158453,0.544757903,-0.0113052567,0.569568872,0.548417032,-0.0110147828,0.576276541,0.549412787,-0.0101056863
1416.6666666666674,0.596427858,0.477064788,6.02483823e-008,0.580709517,0.470999241,0.00162944768,0.565198481,0.470310956,0.00133549632,0.553918839,0.47383824,0.000769567443,0.546192527,0.477235407,3.84315608e-005,0.555733144,0.474891931,-0.00312590343,0.537778676,0.478213817,-0.00575925503,0.529510081,0.480659515,-0.00680454494,0.525176704,0.482584894,-0.00700987969,0.558256924,0.4816356,-0.00513251685,0.538921535,0.486050546,-0.00756796869,0.529188335,0.48852995,-0.00807474,0.52308774,0.490496486,-0.00808653608,0.562806606,0.487518817,-0.00676622102,0.544647515,0.491911024,-0.00811821,0.534822047,0.493965536,-0.00797203183,0.528148293,0.495245248,-0.00774744572,0.568353832,0.492202282,-0.00809020177,0.552799702,0.495529652,-0.00879927259,0.543779612,0.497068763,-0.0079319207,0.536783874,0.497986138,-0.00688047102
1416.6666666666674,0.550581872,0.512915909,-4.09758449e-008,0.570171356,0.513036549,-0.00259903539,0.586887956,0.517979145,-0.00489293458,0.598830879,0.524570763,-0.00649991445,0.607414186,0.530118525,-0.0073868013,0.577974856,0.525224328,-0.00895836111,0.596848845,0.533518672,-0.0127503118,0.606912613,0.535954952,-0.013141307,0.611760557,0.536066949,-0.012356149,0.569123924,0.530084848,-0.00928049907,0.588118553,0.540174067,-0.0130423652,0.599615395,0.542713523,-0.0129157417,0.606702626,0.542468846,-0.0121165458,0.56162262,0.533432782,-0.00952819828,0.576237082,0.544942915,-0.0127447061,0.587159812,0.548539877,-0.0123033691,0.595194221,0.549341619,-0.0112568252,0.555487871,0.534850121,-0.00971906912,0.563413143,0.544496,-0.011686841,0.570177078,0.547985315,-0.0110290209,0.576427042,0.548792779,-0.00989811774
1433.3333333333342,0.598049045,0.477546096,5.68150718e-008,0.580455422,0.471858799,0.00202631578,0.563512206,0.471546739,0.00205994281,0.551143944,0.475083202,0.00171465904,0.542714715,0.47820127,0.00117906393,0.556772,0.474907815,-0.00212111743,0.539396703,0.478444934,-0.00431888876,0.531018734,0.480628282,-0.00527964253,0.526200354,0.482240826,-0.00557378819,0.559935272,0.481574,-0.00427078782,0.54186362,0.48563087,-0.00613570167,0.532323539,0.487712353,-0.0067217811,0.526005507,0.489320248,-0.00703415,0.56464833,0.487468094,-0.00607067719,0.54744482,0.49145028,-0.00689520454,0.537819147,0.49321112,-0.0068573351,0.531153619,0.494265527,-0.0069418028,0.569923759,0.492348969,-0.00758667942,0.555017591,0.495638728,-0.00795574766,0.54635787,0.497063875,-0.00722997449,0.539730251,0.497919589,-0.00647085719
1433.3333333333342,0.549053133,0.512233675,-3.16025499e-008,0.568157136,0.512189388,-0.00344934827,0.58472085,0.516795933,-0.00619703671,0.597112417,0.523348451,-0.00799609441,0.605611622,0.529200315,-0.0089311311,0.575744271,0.524221539,-0.0108956639,0.59567982,0.532595,-0.0146247447,0.605637074,0.534885466,-0.0144483224,0.61029017,0.535036,-0.0132695492,0.567015529,0.529260397,-0.0106661031,0.587205231,0.539350688,-0.014695961,0.59888494,0.542207539,-0.0140874498,0.606163621,0.542435586,-0.0129112247,0.559840262,0.532670319,-0.0103121679,0.575386763,0.543834031,-0.0137619553,0.585941434,0.547347784,-0.0128478259,0.593744159,0.548142195,-0.0113959499,0.553975463,0.534110665,-0.00995855872,0.561919153,0.543634832,-0.0120777553,0.568671644,0.547015429,-0.0112491371,0.57495147,0.547673106,-0.00993803144
1450.000000000001,0.602130473,0.477375209,5.82883786e-008,0.585154653,0.472052753,0.00164296036,0.568278849,0.471363574,0.000998477452,0.556244314,0.474227935,-6.58850513e-006,0.548044086,0.477424055,-0.0013101314,0.562697887,0.474253237,-0.00420217169,0.54473263,0.477374822,-0.0077629718,0.535193086,0.479740024,-0.00953560229,0.529609,0.481566936,-0.0101586916,0.56514883,0.480932266,-0.00663185446,0.545677066,0.485116422,-0.00944830943,0.534908175,0.487246215,-0.0104653649,0.528150141,0.488755405,-0.0109417932,0.569252372,0.486933082,-0.00868423097,0.550652325,0.491260022,-0.0100628473,0.540044844,0.49295947,-0.0102680009,0.532939255,0.49375838,-0.0104454029,0.57407707,0.491881937,-0.0104825264,0.558669388,0.495673627,-0.0112423077,0.549322367,0.497208953,-0.0107018901,0.542348623,0.498024613,-0.0100361044
1450.000000000001,0.54781425,0.511561036,-3.36515846e-008,0.567160368,0.511337161,-0.00278008333,0.583484828,0.515815198,-0.00525110727,0.595504344,0.522126913,-0.00689133722,0.603981,0.527620614,-0.00778795453,0.574220061,0.522966802,-0.0105079673,0.593643606,0.531058252,-0.0143394619,0.603674114,0.533639193,-0.0143710952,0.608551562,0.534145474,-0.0133074075,0.565553069,0.527936399,-0.0105854804,0.585564077,0.537985444,-0.0149177052,0.597409606,0.541140258,-0.0144330412,0.604881704,0.541844249,-0.0132698603,0.55830425,0.531446,-0.0104590124,0.573689878,0.542582154,-0.0142424861,0.584668458,0.546150804,-0.0133996923,0.592844188,0.547165632,-0.0118255252,0.552276969,0.533051908,-0.0102411238,0.561024785,0.542623639,-0.0121606756,0.568221152,0.545686424,-0.0108865034,0.574488342,0.546133161,-0.00921220891
1466.6666666666677,0.603524864,0.477353722,6.04718551e-008,0.586753666,0.471685499,0.000984976301,0.569160163,0.471003711,0.000110205183,0.555609763,0.473549,-0.000878172752,0.545523882,0.475722134,-0.0021346854,0.562815607,0.474589884,-0.00498704286,0.544923604,0.477548838,-0.00824817922,0.535947621,0.479909271,-0.00967391487,0.531104803,0.481783181,-0.0100637414,0.566460311,0.481258601,-0.00681846496,0.547643781,0.485324383,-0.00956526306,0.537651181,0.487254649,-0.0102372123,0.531739175,0.488688469,-0.010492106,0.571331799,0.487139493,-0.00827286672,0.552972734,0.491440713,-0.00983077846,0.542800605,0.493042439,-0.00974353869,0.536467373,0.49386397,-0.00965454,0.576684594,0.49185732,-0.00945724919,0.56130749,0.495721728,-0.0104274377,0.552112162,0.497232199,-0.00983057357,0.54552263,0.498100311,-0.00904358458
1466.6666666666677,0.545896053,0.510961235,-2.78415691e-008,0.565124214,0.510447204,-0.00307472097,0.581876814,0.515093863,-0.00538251316,0.594415963,0.521232903,-0.00667565642,0.603839338,0.525983393,-0.00726457406,0.572743833,0.521945357,-0.0113786133,0.592830777,0.529793382,-0.0153722903,0.603214324,0.532706082,-0.015360591,0.608526647,0.533790648,-0.0142560927,0.564122736,0.527009308,-0.011234777,0.584750175,0.536710441,-0.0161030777,0.59710449,0.539865434,-0.0156181213,0.605156302,0.54076159,-0.01423545,0.557123423,0.530557752,-0.0108472714,0.572896719,0.541296482,-0.0150353061,0.584416807,0.544742942,-0.0142786754,0.593162179,0.54585731,-0.0125310011,0.551357746,0.532142043,-0.0103528472,0.560911119,0.541472673,-0.0124115683,0.568330288,0.544375122,-0.0111246984,0.574580312,0.544766665,-0.00931038
1483.3333333333344,0.605488181,0.477535099,6.30311e-008,0.588432491,0.471786767,0.00109733199,0.571776271,0.471072346,-0.000101996578,0.559575379,0.474156678,-0.00150875,0.551230192,0.477505445,-0.00330681447,0.566041648,0.474094838,-0.00578919379,0.547345221,0.476786196,-0.00966042187,0.538065434,0.479414165,-0.0115851332,0.53322494,0.481693923,-0.012217612,0.569269121,0.480988741,-0.00787403248,0.549955249,0.485053778,-0.0105840387,0.539669633,0.487268656,-0.0114390198,0.533645868,0.488975257,-0.0119325742,0.573990762,0.487085313,-0.00953915343,0.555383325,0.491205633,-0.0108287558,0.545092285,0.492949188,-0.0108646927,0.538697779,0.493930072,-0.0110449735,0.579332054,0.491974115,-0.0109367315,0.564246476,0.495425284,-0.0117225144,0.555506885,0.496977448,-0.0110183321,0.549474955,0.498105317,-0.010231779
1483.3333333333344,0.544417083,0.509625733,-1.91828811e-008,0.563292921,0.508997083,-0.00326092797,0.579806507,0.513346851,-0.00577847334,0.592496634,0.519332469,-0.00724593597,0.602069497,0.524422169,-0.00789890625,0.571818411,0.520414114,-0.0112359477,0.590895295,0.528155088,-0.0148829808,0.600970685,0.530871153,-0.014329127,0.606154799,0.531794131,-0.012800131,0.563135087,0.525649726,-0.0109090339,0.583566725,0.535626471,-0.0153592387,0.595267594,0.538669765,-0.0142892832,0.602446854,0.539618134,-0.0124378745,0.55595839,0.529266,-0.0103511326,0.572504401,0.540077567,-0.0142752621,0.583634,0.542964578,-0.0127322804,0.591537058,0.543560088,-0.0103090992,0.550028205,0.53091526,-0.00973324105,0.560481369,0.540492475,-0.011533102,0.568505287,0.543135166,-0.00980866421,0.574926794,0.543232322,-0.00756748533
1500.0000000000011,0.608898342,0.477693766,6.70790214e-008,0.592890203,0.472009212,0.000742323929,0.574104369,0.471120089,-0.000676423952,0.559459388,0.4734644,-0.00192953181,0.548353612,0.475579143,-0.00353195681,0.57051146,0.473838121,-0.00827555731,0.549955904,0.477295369,-0.0123642478,0.539983034,0.480217844,-0.0136842756,0.534765244,0.482705891,-0.0137263266,0.574525297,0.48067832,-0.00997739099,0.553380489,0.484334469,-0.0133861918,0.54224,0.486832798,-0.0138378991,0.535690248,0.488842517,-0.0138108125,0.579010427,0.48695308,-0.0110886581,0.559539139,0.490617573,-0.0125742387,0.548333704,0.49251911,-0.0117301866,0.541170478,0.493745446,-0.0111338934,0.583940625,0.492248178,-0.0119154304,0.567610383,0.495374918,-0.012414163,0.558072746,0.496727169,-0.0110877119,0.551511943,0.497726202,-0.00981000252
1500.0000000000011,0.540822923,0.50795114,-2.80396826e-008,0.559485734,0.50735575,-0.00407186244,0.576671839,0.511889935,-0.00668497197,0.590252697,0.517909348,-0.00826643687,0.600263536,0.523073077,-0.00907046162,0.568798542,0.518837,-0.010744242,0.588027358,0.526323855,-0.0150251538,0.598830223,0.529149234,-0.0155708222,0.604728162,0.530160606,-0.0149095533,0.560519397,0.524193108,-0.0103100305,0.580667913,0.533636868,-0.0149363913,0.593476593,0.536768,-0.0149233239,0.601901829,0.537900627,-0.0141217355,0.553656876,0.527830482,-0.00984129,0.570253432,0.538103461,-0.0140175121,0.582401633,0.541055262,-0.013501063,0.591223478,0.541839719,-0.0120365275,0.548171043,0.52946043,-0.00941223744,0.559306145,0.538443804,-0.011671083,0.568185627,0.541017532,-0.0106594972,0.575148463,0.541146,-0.00908774603
1516.6666666666679,0.613522828,0.47711423,6.87262443e-008,0.59703064,0.472183526,0.000489921658,0.577722132,0.471329808,-0.00117512641,0.562556803,0.473206431,-0.00283668307,0.550879717,0.474573255,-0.00508615328,0.572766185,0.473894179,-0.00787058,0.55266118,0.477133304,-0.0121040531,0.542055428,0.479706317,-0.0140913706,0.535589933,0.481791109,-0.0148771349,0.576981962,0.48037827,-0.0102754468,0.556052,0.484396666,-0.0136334607,0.544309258,0.486958593,-0.0150693581,0.536678433,0.48912257,-0.0159971453,0.582606792,0.486339062,-0.0121358586,0.562874734,0.490851432,-0.014082483,0.551247895,0.49289,-0.0142147206,0.543309808,0.494072,-0.0145029379,0.589057267,0.491516799,-0.0137193725,0.573294461,0.495525807,-0.015007101,0.564173937,0.496823549,-0.0141390795,0.557563543,0.497373849,-0.013285052
1516.6666666666679,0.539402366,0.506934881,-1.60829359e-008,0.558101952,0.505963862,-0.00432038587,0.574595869,0.509581,-0.00743656326,0.587730706,0.515576661,-0.00934818201,0.598260403,0.520610094,-0.0103979586,0.566004217,0.5168944,-0.0121455835,0.586577,0.524532914,-0.016435599,0.597804368,0.52721,-0.0165600721,0.604036033,0.528259277,-0.0154733714,0.557843268,0.522519,-0.0112628993,0.579299629,0.532061,-0.0160707291,0.592264473,0.535194933,-0.0155253103,0.6006217,0.536411166,-0.0141798966,0.551382303,0.526311934,-0.0102014821,0.569243312,0.536263347,-0.0142649692,0.581364274,0.53900075,-0.012841017,0.589819849,0.539602399,-0.0105578387,0.546550453,0.528131068,-0.00918494817,0.558940768,0.536769271,-0.0109765949,0.568147898,0.539063096,-0.00924814213,0.574999332,0.539027929,-0.00704315724
1533.3333333333346,0.617440641,0.47679624,7.85243728e-008,0.600599349,0.471974373,0.00084124587,0.580851555,0.471298754,-0.000830400852,0.565610766,0.472693443,-0.00256291777,0.553866506,0.473700076,-0.00495377136,0.575724781,0.473913401,-0.00839483,0.555170238,0.476785302,-0.0130430171,0.543412447,0.479419678,-0.0151976142,0.535688519,0.481854171,-0.0161064751,0.580367208,0.480384052,-0.0111096641,0.559004724,0.484392554,-0.0153896352,0.546539366,0.487107515,-0.0168738179,0.538235188,0.489526629,-0.0175929666,0.586087942,0.486558139,-0.0132212602,0.566034496,0.491450936,-0.0157859884,0.553688347,0.49368006,-0.01549723,0.54509449,0.495038807,-0.0151608018,0.592410862,0.49203527,-0.0150638493,0.575476408,0.496629,-0.0166021511,0.564999163,0.498314232,-0.0155570647,0.557259381,0.49906373,-0.0143790562
1533.3333333333346,0.536535323,0.505108118,-2.23065122e-008,0.554676414,0.504268348,-0.0041590007,0.570761502,0.507748663,-0.00717282481,0.58381325,0.513273537,-0.00920849387,0.594350457,0.517902493,-0.0105905151,0.564305484,0.515680373,-0.0103250192,0.583510399,0.522542655,-0.0146678481,0.594375849,0.525110781,-0.0157295913,0.600966454,0.526238263,-0.0155108748,0.556542575,0.521179497,-0.00971536618,0.576360464,0.530302167,-0.0140717113,0.588833511,0.53326565,-0.0142973447,0.597326696,0.534325063,-0.0137388967,0.550069034,0.524643898,-0.00905004144,0.566755414,0.534219265,-0.0129953772,0.578491509,0.536920071,-0.0125110317,0.586972415,0.53730613,-0.0110908411,0.545014143,0.526129305,-0.00843973272,0.556700468,0.534384549,-0.0104561942,0.56541121,0.536708474,-0.00933769252,0.572117627,0.53664583,-0.00768251438
1550.0000000000014,0.620628893,0.477910697,9.35901951e-008,0.603720367,0.472197026,0.00110342982,0.584250033,0.470488,-0.000496685971,0.569562912,0.470976442,-0.0020445874,0.55832237,0.47144255,-0.0041715703,0.578449845,0.473903626,-0.00935739558,0.557100117,0.477105707,-0.0136687933,0.54466933,0.47958076,-0.0151458308,0.535977423,0.482061297,-0.0155453775,0.583217561,0.480690241,-0.0119028203,0.56066,0.485093594,-0.0166438129,0.547467411,0.487851888,-0.0176582783,0.538622856,0.490401715,-0.0177937597,0.588610113,0.487171769,-0.0136435069,0.567506969,0.492172927,-0.0164094381,0.554820836,0.494304359,-0.0155902551,0.54638344,0.495550603,-0.0145544466,0.594422042,0.49293229,-0.0150559722,0.575995743,0.497227371,-0.0161807612,0.564971,0.498616576,-0.0145183308,0.557352304,0.499083489,-0.0127203939
1550.0000000000014,0.533574939,0.502725124,-3.07836459e-008,0.551733553,0.501909316,-0.00438659545,0.56843853,0.505441487,-0.00746026961,0.581584275,0.511099577,-0.00954114832,0.591838539,0.515810192,-0.0110355727,0.560029805,0.513023496,-0.0109672165,0.579374135,0.520189106,-0.0161465146,0.5910694,0.523088515,-0.0179434754,0.598578155,0.524327636,-0.0181539282,0.552307367,0.518786132,-0.0105350344,0.571910858,0.527997792,-0.0152985342,0.585001945,0.530977368,-0.0159238521,0.594151258,0.531994462,-0.0156188319,0.546231925,0.52259481,-0.0101006376,0.562805772,0.532162607,-0.0141651342,0.575144947,0.534928918,-0.014000426,0.584260464,0.535390377,-0.0128390435,0.541665912,0.524359465,-0.00979169458,0.553795755,0.532490849,-0.0120733194,0.563123167,0.534797609,-0.0112314839,0.570551753,0.534681797,-0.00977016054
1566.666666666668,0.626615107,0.477977455,7.88824224e-008,0.610313,0.472351909,0.000903754379,0.591389656,0.470749497,-0.00103212835,0.576371729,0.471015543,-0.00300377328,0.564844489,0.470848799,-0.00559895672,0.584842265,0.474064767,-0.00959542114,0.562823296,0.477009177,-0.0143277571,0.550322652,0.47911343,-0.0161592215,0.541208863,0.481181234,-0.0168363899,0.588982582,0.480904728,-0.0123969959,0.565928578,0.485065,-0.0171672516,0.55267179,0.487515897,-0.0183165986,0.543529451,0.489797264,-0.0186288115,0.594363809,0.487371773,-0.0144802406,0.572719693,0.492434591,-0.0175978895,0.559534967,0.494402349,-0.0171747953,0.550605178,0.495601058,-0.0164904762,0.600263238,0.492898762,-0.0162360668,0.581559479,0.497386456,-0.0179670583,0.570816755,0.498695374,-0.0166468192,0.5634799,0.499097914,-0.0151225077
1566.666666666668,0.531177163,0.500413656,-3.61781929e-008,0.548744857,0.499704927,-0.00464752084,0.564649,0.503577471,-0.00773543771,0.57773906,0.509099841,-0.00966820307,0.587491453,0.51345,-0.0110771954,0.555214584,0.510983944,-0.012224365,0.574739099,0.518267453,-0.0171922315,0.586345673,0.521300256,-0.0187611859,0.59409529,0.522683144,-0.0189455319,0.547583938,0.516676307,-0.0115451636,0.567734182,0.525938511,-0.0168939792,0.580780745,0.528937876,-0.0178067721,0.589975834,0.529856324,-0.0176532213,0.541771472,0.520350635,-0.0107203126,0.557866156,0.530576766,-0.0153467627,0.570075452,0.533437669,-0.0156706162,0.579239666,0.533937871,-0.0148094529,0.537766635,0.521750152,-0.0099459365,0.549326956,0.530137122,-0.012606876,0.557934761,0.532297254,-0.01207803,0.564600229,0.531962454,-0.0108825695
1583.3333333333348,0.632700324,0.47825256,8.14454424e-008,0.615674436,0.472650528,0.00108904985,0.596796572,0.470745027,-0.000740340096,0.582016289,0.470837533,-0.0026909844,0.570269585,0.471189946,-0.00524169672,0.591116309,0.474112749,-0.00873399153,0.569909275,0.477330655,-0.0132118706,0.557554781,0.479353368,-0.0150700025,0.548211515,0.481169969,-0.0158394054,0.595285594,0.480844229,-0.0117067806,0.572343349,0.485218853,-0.0161932539,0.559314787,0.487255335,-0.0172553528,0.55033344,0.488859594,-0.0175669473,0.600616693,0.487206697,-0.0139929838,0.579015434,0.492369264,-0.0169177502,0.566042066,0.493931979,-0.0161532816,0.557365716,0.494462311,-0.0152863134,0.606523,0.492675841,-0.0159880556,0.588105202,0.497196674,-0.0174836684,0.577997923,0.497976303,-0.0157137606,0.571442246,0.497641444,-0.0139044933
1583.3333333333348,0.527454436,0.497329146,-3.11531672e-008,0.544998348,0.496604055,-0.0050502792,0.560382128,0.500546277,-0.00833062269,0.573033273,0.506052196,-0.0103745228,0.582557321,0.510415435,-0.0118575357,0.550153732,0.507403135,-0.0130712185,0.567133,0.515730798,-0.0183872469,0.578407407,0.519663,-0.0201459695,0.586729646,0.522101223,-0.0206108559,0.542189121,0.513260722,-0.0125918277,0.560241818,0.523624241,-0.0183584392,0.573790908,0.527334392,-0.0194299016,0.5837273,0.529019177,-0.0194552895,0.536506176,0.517065227,-0.0120074283,0.549251,0.52804029,-0.0170594677,0.561201692,0.532083333,-0.0177871473,0.570643902,0.533817351,-0.0172739513,0.533211052,0.518461347,-0.0115057556,0.542032897,0.527611792,-0.0145825716,0.550106943,0.530876577,-0.0144025628,0.557313681,0.531558156,-0.0135544995
1600.0000000000016,0.637887716,0.47829175,8.22664603e-008,0.620404541,0.472611338,0.00128727709,0.600454867,0.471191108,-0.000421131495,0.585059643,0.471453726,-0.00221196073,0.573498666,0.470826268,-0.0044961283,0.59661293,0.474443585,-0.00916919205,0.575373948,0.477948576,-0.0135021303,0.562930524,0.480064034,-0.0147516401,0.554221869,0.481945246,-0.0149962027,0.60114938,0.481114686,-0.012064022,0.577807605,0.485007882,-0.0170317851,0.564887226,0.486662328,-0.0175475832,0.557142675,0.487824976,-0.0171614755,0.606496811,0.487352908,-0.0142417941,0.584515274,0.492008358,-0.0174351875,0.571461082,0.493220657,-0.0164781865,0.563197672,0.493285239,-0.0152358012,0.612287581,0.492742211,-0.0160778295,0.5934847,0.496910691,-0.0175964721,0.5827142,0.497591555,-0.0160329584,0.575890422,0.497045904,-0.0142987259
1600.0000000000016,0.523505628,0.495355934,-2.591438e-008,0.541026056,0.494599,-0.00504810922,0.556524158,0.498617113,-0.00838934537,0.568505287,0.504278123,-0.0104119275,0.577818573,0.508449256,-0.0118121374,0.545330822,0.505645216,-0.0131787835,0.561694205,0.514545798,-0.0179671291,0.571769893,0.51872015,-0.0193705335,0.578793943,0.521203518,-0.0196831487,0.536893368,0.510875106,-0.0126297586,0.553252578,0.521519363,-0.0176971704,0.56582,0.524948955,-0.0182469171,0.574970245,0.526057363,-0.0180321597,0.530878901,0.514235497,-0.011997316,0.541436672,0.525725067,-0.0165505707,0.552207351,0.529902458,-0.0170409624,0.560664952,0.531681359,-0.01656821,0.527171493,0.515553772,-0.0114509128,0.533100605,0.524728179,-0.0148131587,0.540134132,0.528458178,-0.0150633799,0.54693377,0.529805899,-0.0145558445
1616.6666666666683,0.641810179,0.478797525,7.87778518e-008,0.624186158,0.472582459,0.00109003508,0.604125082,0.471100271,-0.000434185524,0.588248193,0.471764445,-0.00188343669,0.576357663,0.471431017,-0.00371786,0.601794541,0.474668324,-0.0091183316,0.580729067,0.47836861,-0.0128713911,0.569252491,0.480843,-0.0134616178,0.561839521,0.482884496,-0.0131058162,0.606161118,0.481577307,-0.0113075729,0.583336294,0.485428423,-0.0151845291,0.571145833,0.486707032,-0.0146921333,0.564065,0.48745054,-0.0136893336,0.611076593,0.487897903,-0.0127912508,0.590000272,0.492336124,-0.014866096,0.57864958,0.492803246,-0.0128433341,0.57199,0.492249787,-0.010987021,0.616165638,0.493236661,-0.0140168704,0.597873807,0.497076184,-0.0145438742,0.587802827,0.497056097,-0.0123040155,0.581851661,0.495950967,-0.0101555102
1616.6666666666683,0.518143892,0.492498815,-1.98637231e-008,0.535249054,0.491104782,-0.0070333695,0.551857114,0.495607525,-0.0109489663,0.564172387,0.50164783,-0.0130570401,0.573572516,0.505624294,-0.0145846894,0.537646,0.500947356,-0.0166355539,0.551215589,0.510403872,-0.0222151745,0.56137079,0.515233397,-0.0241282023,0.569229305,0.51836127,-0.0248494446,0.529112279,0.506293356,-0.0153795974,0.542928636,0.517067552,-0.0211336967,0.556531,0.52162838,-0.0223280285,0.566619635,0.523564637,-0.0227066614,0.523457587,0.510185122,-0.0140767,0.53164655,0.521812916,-0.0190434493,0.542558968,0.527070701,-0.0205117874,0.551470399,0.529806435,-0.020835923,0.520555735,0.511992157,-0.0130111743,0.524324417,0.521100938,-0.0169560052,0.530343652,0.525669694,-0.0181667898,0.536560476,0.527919412,-0.0184641182
1633.333333333335,0.64748019,0.479332715,8.2094e-008,0.63162291,0.472688556,0.000327108195,0.612875402,0.470925719,-0.0014109913,0.598033309,0.471468598,-0.00290538208,0.586713731,0.471147299,-0.00476742117,0.608414173,0.475193232,-0.00962680113,0.586869359,0.479188025,-0.0130889397,0.574708641,0.4812738,-0.0137472115,0.56608057,0.482789904,-0.013700394,0.611890316,0.482195616,-0.0114560667,0.588929057,0.485901535,-0.0147350421,0.576983809,0.486617923,-0.0145743685,0.569978893,0.486571163,-0.0141291721,0.616348207,0.488255531,-0.012577557,0.594513,0.492226839,-0.0142784193,0.582603633,0.492590308,-0.013170993,0.575292885,0.491785705,-0.0123769306,0.621295214,0.493221223,-0.0134568987,0.603893161,0.497067809,-0.0141515378,0.594224691,0.497194022,-0.0126026841,0.588403463,0.496177524,-0.0111844875
1633.333333333335,0.51382792,0.48798579,-1.82309243e-008,0.530409217,0.48745358,-0.00662641,0.546488643,0.491818666,-0.0105414828,0.558997691,0.497204661,-0.0128180757,0.567911386,0.501242816,-0.0142705441,0.530786693,0.498173118,-0.0147260129,0.544023514,0.507791936,-0.020031983,0.553640485,0.511537492,-0.0219260864,0.560341716,0.513495147,-0.0225528833,0.522376239,0.50282234,-0.013636983,0.535134256,0.513542414,-0.0200461876,0.548647225,0.517743409,-0.0218347609,0.558773816,0.519375443,-0.0224257298,0.517132819,0.506037831,-0.0125929108,0.522195518,0.51767081,-0.0183645282,0.532058597,0.523273945,-0.0205813665,0.540128231,0.52614522,-0.021146927,0.514694,0.507287,-0.0116343945,0.516468108,0.516409,-0.0159064792,0.521694899,0.521033168,-0.0173140503,0.527335703,0.523143888,-0.0176826697
1650.0000000000018,0.654061258,0.478386432,8.83339837e-008,0.638120234,0.472266346,-0.000344828382,0.619276,0.470222294,-0.00286347559,0.603878677,0.470761836,-0.0049384,0.59198904,0.471424073,-0.00742062973,0.616391897,0.473949611,-0.012191169,0.593660951,0.478716731,-0.0166643057,0.581198,0.48092404,-0.0176559314,0.572597504,0.48233965,-0.017572,0.620135605,0.481054664,-0.0139756454,0.595115185,0.485408276,-0.0181155987,0.582160473,0.486540675,-0.0180903971,0.574863493,0.486658126,-0.0175647,0.624499,0.487261772,-0.015024622,0.600631595,0.491952598,-0.0173174683,0.587601244,0.49263,-0.0165101476,0.579685807,0.491900861,-0.0157773588,0.629033864,0.492263973,-0.0158256572,0.610242605,0.496399134,-0.016999457,0.599623,0.496587664,-0.0157419853,0.592817903,0.495508909,-0.0144469524
1650.0000000000018,0.507743061,0.484963506,-4.22925481e-008,0.523684382,0.483955622,-0.00764011033,0.539330423,0.487588823,-0.0125503456,0.551120698,0.492484748,-0.0155358491,0.559605777,0.496090293,-0.017789254,0.522550941,0.493133336,-0.0183112808,0.536107481,0.502736926,-0.0243739188,0.546357632,0.506865501,-0.0264816359,0.553990602,0.509330273,-0.0273871031,0.514578581,0.498423964,-0.0168565288,0.52819407,0.50920403,-0.0237114225,0.542900801,0.512991905,-0.0251066927,0.553955853,0.513964832,-0.0255362913,0.509998918,0.502103,-0.015329673,0.515637875,0.513629436,-0.0213292576,0.525948644,0.518653333,-0.0228102785,0.534359932,0.520884335,-0.0230383892,0.508667886,0.503811121,-0.0140081393,0.510238707,0.512549281,-0.0185967721,0.515355408,0.517393529,-0.0200069584,0.521058857,0.519967318,-0.0204964112
1666.6666666666686,0.660403848,0.478698015,8.80385684e-008,0.644603908,0.471823722,-0.000859583903,0.625802457,0.469734758,-0.00351984147,0.61060816,0.470336348,-0.00566247245,0.598790824,0.470450491,-0.00814925507,0.623437166,0.473436445,-0.0126613788,0.601115704,0.477918714,-0.0176087599,0.588310778,0.480270535,-0.018899288,0.579300046,0.482090116,-0.0190248,0.626492262,0.480945319,-0.0142514464,0.601794,0.485162288,-0.0190916266,0.587951899,0.486711,-0.0193754099,0.579446197,0.487458587,-0.0190188084,0.630042553,0.487472504,-0.015178103,0.606606603,0.491835564,-0.0180504,0.593028903,0.492673278,-0.0175042395,0.58431983,0.492294371,-0.0168468077,0.633657277,0.492740422,-0.0159162786,0.614431381,0.496497124,-0.0175295193,0.603008509,0.496637166,-0.0166962165,0.595225811,0.495703578,-0.0156858675
1666.6666666666686,0.501872897,0.480067223,-5.04178104e-008,0.516676605,0.478879452,-0.00850192551,0.531643569,0.482688516,-0.013777121,0.544691205,0.487377554,-0.0169545244,0.555007875,0.490278423,-0.0197895803,0.515779316,0.489655375,-0.0178644285,0.527790368,0.497385025,-0.0227182414,0.535831213,0.500630081,-0.0248975623,0.541987717,0.503424406,-0.0264826,0.508411646,0.494497508,-0.015527714,0.520344615,0.503131,-0.0207487196,0.53165251,0.506497562,-0.0227202084,0.539976895,0.508197486,-0.0243662391,0.504278,0.497696549,-0.0130323656,0.5093925,0.508268952,-0.0185241941,0.517738104,0.513337731,-0.0212509446,0.525194287,0.516331375,-0.0230104327,0.50313741,0.498983204,-0.0106414938,0.503206193,0.506489754,-0.0156831983,0.506219268,0.510786593,-0.0179636572,0.51036,0.513499141,-0.0193776134
1683.3333333333353,0.666172087,0.477616131,7.26800948e-008,0.649004877,0.471007109,-0.00075172307,0.629291832,0.468876392,-0.00326061342,0.61379236,0.469662309,-0.00533611421,0.601846635,0.470161229,-0.00802027062,0.629944563,0.472547889,-0.0128298523,0.609622538,0.47677663,-0.0181175806,0.597354174,0.479094446,-0.0201041121,0.587746799,0.480757207,-0.0210324656,0.633537412,0.479532659,-0.0149448821,0.610208571,0.483748317,-0.0200780388,0.595262587,0.485853344,-0.0215547569,0.584652841,0.487042248,-0.0225143936,0.63748771,0.485716373,-0.0164050683,0.615300596,0.490258574,-0.0199990552,0.600401103,0.492119312,-0.0211239513,0.589557648,0.492666513,-0.0219681803,0.641617715,0.490876794,-0.0176042914,0.624115705,0.495251894,-0.0205403697,0.612365425,0.496349126,-0.0212754272,0.603387535,0.49634546,-0.0216303598
1683.3333333333353,0.496875465,0.47697717,-6.95588e-008,0.510703743,0.474107593,-0.0100874454,0.525479615,0.476864398,-0.0166481212,0.537509382,0.48077476,-0.020607505,0.547171533,0.483325154,-0.0241773427,0.507690489,0.482112855,-0.023555506,0.516478419,0.489187837,-0.0298382975,0.524381399,0.492877245,-0.0323225595,0.530823708,0.496068686,-0.033725176,0.499883652,0.487066418,-0.0204743631,0.508796096,0.495144218,-0.0257498641,0.520702064,0.498664826,-0.0263803937,0.529451907,0.500069916,-0.027276041,0.496291101,0.49095878,-0.0171936098,0.499601901,0.50081557,-0.0230875034,0.507997334,0.505767643,-0.0251380354,0.515310526,0.508441329,-0.0262592733,0.496150136,0.493340403,-0.0140660219,0.498434544,0.50133431,-0.0191398859,0.503186941,0.505692363,-0.0208165478,0.508660257,0.508063614,-0.02177497
1700.000000000002,0.672300041,0.476246625,7.36864223e-008,0.656370282,0.469756097,-0.000967303466,0.636866152,0.467772245,-0.0037443724,0.621379614,0.468336403,-0.00599703193,0.609202683,0.468566567,-0.00882458,0.636431575,0.471139133,-0.0132532725,0.615908504,0.475264788,-0.0186208785,0.60396111,0.477810115,-0.0203833152,0.595198035,0.479746968,-0.0209795516,0.639892459,0.478248388,-0.0151674114,0.616361558,0.48289445,-0.0202737506,0.602133811,0.484772444,-0.0213981494,0.592851639,0.485808551,-0.0218702909,0.643625259,0.484605074,-0.0164409634,0.620313346,0.489783794,-0.0202496201,0.605592668,0.491093665,-0.0212017726,0.595800757,0.491185516,-0.0216148105,0.647276342,0.489820451,-0.0173991136,0.628178596,0.494901568,-0.020538751,0.61644727,0.495688617,-0.0211680047,0.608065307,0.49513182,-0.0211784821
1700.000000000002,0.492900372,0.472461134,-6.62240254e-008,0.505481184,0.468761712,-0.0103425188,0.519215465,0.469839275,-0.0186574664,0.529824853,0.472908,-0.0244202521,0.538474083,0.475301385,-0.0301049799,0.501865208,0.47489816,-0.027069984,0.507255256,0.479957819,-0.0346879251,0.512469172,0.482742906,-0.0382809415,0.517495692,0.485338062,-0.0405885465,0.494882226,0.479796976,-0.0247037988,0.503749251,0.487223476,-0.0321554281,0.514012933,0.490935236,-0.0342850648,0.522212744,0.492800236,-0.0361648351,0.491096348,0.483782291,-0.021925902,0.495111823,0.492848068,-0.0289465599,0.502607703,0.498034,-0.0316264667,0.509210169,0.501349866,-0.033287067,0.489946663,0.486362785,-0.0192709435,0.492539585,0.493870169,-0.0250384696,0.497042179,0.498547167,-0.0274195764,0.501746953,0.501757205,-0.0289951079
1716.6666666666688,0.677013,0.474307299,7.70244597e-008,0.660995722,0.46838358,-0.000733509194,0.642079294,0.466067135,-0.00374977803,0.627017379,0.466006726,-0.00643403875,0.615383387,0.466249526,-0.00971305184,0.641575813,0.469441772,-0.013747422,0.621097386,0.473345,-0.019833209,0.609325945,0.475666255,-0.0219299,0.601653874,0.477326095,-0.0225037858,0.646287,0.476585269,-0.015925061,0.623176455,0.48135078,-0.0222085044,0.608969092,0.48344487,-0.0236974172,0.599691391,0.484666139,-0.0241685733,0.650817633,0.482865304,-0.0174482316,0.628356457,0.487940431,-0.021921346,0.613710165,0.489916831,-0.0225697812,0.603725374,0.490653336,-0.0225354657,0.654898405,0.487867266,-0.0186569337,0.635990322,0.492250234,-0.021668734,0.623719692,0.493584663,-0.0218504686,0.614944,0.493807077,-0.0214528386
1716.6666666666688,0.482009053,0.46295765,5.5337857e-008,0.494311482,0.459783435,-0.00843400229,0.50973475,0.460705,-0.0130819445,0.522218287,0.462963283,-0.0151385302,0.53127414,0.464706421,-0.0168869663,0.493667305,0.464516,-0.0199732874,0.499358505,0.469404519,-0.0246308986,0.504505932,0.472129792,-0.0260649435,0.509971142,0.474425375,-0.026744701,0.486535,0.469342202,-0.017166499,0.496911496,0.476363808,-0.0212553646,0.508082211,0.479836345,-0.0221470259,0.517515779,0.482039452,-0.0232540388,0.482499093,0.472905219,-0.0140843904,0.489883333,0.480386615,-0.0188002922,0.498712391,0.484651148,-0.0209068675,0.505589485,0.487389296,-0.0219978485,0.481248349,0.474882483,-0.0110228062,0.484870166,0.482685626,-0.0147574358,0.488792896,0.487756819,-0.0165123362,0.492383599,0.49168393,-0.0178399198
1733.3333333333355,0.684715569,0.470216572,4.92260668e-008,0.668150067,0.465455592,2.03794098e-005,0.648973227,0.463537037,-0.00345769827,0.633856297,0.463196367,-0.00671897456,0.622267842,0.462985784,-0.0107653122,0.650588334,0.465385169,-0.0149179474,0.630882919,0.468699634,-0.0217905231,0.620603502,0.471057624,-0.0246424079,0.613830507,0.472890437,-0.0256982278,0.655638576,0.472015172,-0.0178121272,0.632846832,0.477584273,-0.0239146352,0.619751,0.47978121,-0.025448693,0.610943,0.480935156,-0.0262869019,0.660618067,0.478170335,-0.0199305583,0.63834852,0.484419107,-0.0243440662,0.624063909,0.486879259,-0.025004277,0.614034712,0.487871736,-0.0253184363,0.665164173,0.48328042,-0.021616945,0.646919131,0.489051849,-0.0248849932,0.63507551,0.49114117,-0.0251143761,0.626127124,0.491999835,-0.0249473695
1733.3333333333355,0.488308489,0.463608712,9.09642228e-009,0.491016984,0.464169621,-0.000279853179,0.49438557,0.464974523,-0.000316993392,0.496974289,0.465556145,-0.000386957981,0.499085903,0.46601,-0.000336456782,0.493950278,0.466293126,-2.31872455e-005,0.49741739,0.467185199,-0.000797382439,0.500048757,0.467807,-0.00148440152,0.502320051,0.468200445,-0.00191398233,0.494021982,0.466254979,-0.00029389534,0.497512758,0.467222959,-0.000856600469,0.500088513,0.467850059,-0.0014189888,0.502375543,0.468372256,-0.00179634313,0.494415224,0.466072977,-0.000632558658,0.497603536,0.46696946,-0.00106223172,0.500057459,0.467572957,-0.00119685964,0.502229452,0.468090504,-0.00123736763,0.495027035,0.465699196,-0.00103523175,0.497860968,0.466390282,-0.0012775982,0.499781817,0.46687296,-0.00114196329,0.501423597,0.467308164,-0.000976988813
1750.0000000000023,0.691247761,0.466588497,3.49978713e-008,0.67590785,0.461801142,-0.00134672562,0.656297922,0.45992294,-0.00496963598,0.639888048,0.45965454,-0.00795365497,0.628142238,0.458537877,-0.0118371164,0.659219384,0.460715771,-0.016367564,0.642273724,0.463752389,-0.0227461588,0.631411314,0.46623984,-0.0253515728,0.62280941,0.468226373,-0.026769856,0.663395,0.467137694,-0.0185254905,0.643310487,0.47227487,-0.0244064964,0.630399108,0.475243,-0.0260040313,0.620956123,0.477339715,-0.0273016971,0.66750592,0.473446369,-0.0199198537,0.64802593,0.479486138,-0.0244080126,0.634081244,0.482742131,-0.0254168417,0.623846,0.484570295,-0.0262524597,0.671398461,0.479057252,-0.0209991354,0.655073941,0.484845787,-0.0247357395,0.643792629,0.487178952,-0.0257389881,0.634686112,0.488267869,-0.0263618026
1766.666666666669,0.698617041,0.462167382,3.6775063e-008,0.683716714,0.457243949,-0.00184170087,0.663855851,0.455019534,-0.0055885422,0.646608889,0.454760641,-0.00842046831,0.634191036,0.453518569,-0.012040942,0.667210221,0.455278635,-0.0179027151,0.650203407,0.456538707,-0.0243217703,0.638780117,0.459139079,-0.0264085308,0.630196214,0.461548269,-0.0274197552,0.67067188,0.461877376,-0.0196325816,0.650120735,0.466751784,-0.0255153812,0.636956513,0.469500721,-0.0263784975,0.628068745,0.471430123,-0.0272084363,0.673928678,0.46843642,-0.0206041727,0.654211044,0.474667758,-0.0252383184,0.640364826,0.477764457,-0.0260523912,0.631067932,0.479576945,-0.0267010164,0.67688328,0.474078834,-0.021226557,0.65979141,0.479959875,-0.0252030492,0.648238778,0.482210726,-0.0263853278,0.639299929,0.483281016,-0.0270934124
1766.666666666669,0.479998618,0.443360209,-9.53209511e-010,0.488530874,0.442940235,-0.0026797629,0.495429158,0.439046204,-0.00364351366,0.498181611,0.435406387,-0.00442004902,0.498871148,0.432657421,-0.00495943287,0.491366923,0.434395552,-0.00160043687,0.493956298,0.432328522,-0.00434925593,0.495856702,0.432019442,-0.00657354342,0.497225285,0.431951195,-0.00792454835,0.486786366,0.433455139,-0.0013591632,0.489658356,0.431401491,-0.00330949319,0.491561353,0.431670815,-0.00443713227,0.492709875,0.431728452,-0.00521068834,0.481792092,0.432998359,-0.00159054168,0.484640121,0.431083024,-0.00375228631,0.486850172,0.431464881,-0.00348129915,0.487961888,0.431500733,-0.00310188835,0.476411283,0.433157146,-0.00209390232,0.479277045,0.430912346,-0.00362408254,0.481121868,0.430989206,-0.00292990194,0.482003123,0.430930316,-0.00217959401
1783.3333333333358,0.708500147,0.457089335,2.76745933e-008,0.694423,0.451486021,-0.00104329758,0.673995793,0.448925644,-0.0044876528,0.656546056,0.44837755,-0.00731458096,0.643578589,0.446745336,-0.0110043772,0.675427198,0.449969,-0.0152854575,0.657394171,0.44994393,-0.0214931704,0.64634639,0.451604098,-0.0239189751,0.638267756,0.453239352,-0.0251785312,0.678698242,0.455901682,-0.017638037,0.657255411,0.459750324,-0.023065865,0.644538522,0.462380469,-0.024432024,0.635728598,0.464358449,-0.0256556589,0.682227075,0.462223262,-0.0193001535,0.660834908,0.467255801,-0.023495255,0.647482812,0.469575047,-0.024013659,0.63819015,0.470838845,-0.0245389044,0.685816526,0.468039751,-0.0205945708,0.667529106,0.473139226,-0.024278244,0.656514049,0.474882632,-0.0247830842,0.647871315,0.475536197,-0.0249549821
1800.0000000000025,0.716132402,0.450750232,2.04391952e-008,0.701631069,0.445021391,-0.000593225355,0.681285203,0.441696674,-0.00317321648,0.664567411,0.440460801,-0.00559746707,0.652641535,0.439229429,-0.00863629486,0.682620764,0.442539543,-0.0125458864,0.665243804,0.440952778,-0.01946472,0.657571673,0.442018777,-0.0225478485,0.653423488,0.443169564,-0.023839511,0.68586731,0.44877255,-0.0150485355,0.667279661,0.450940251,-0.0204154085,0.655386865,0.452969909,-0.0221589431,0.646721959,0.454599321,-0.0236833598,0.689617336,0.455389291,-0.0172328893,0.670717716,0.458989978,-0.0213807598,0.657535136,0.461065352,-0.0218291264,0.648101211,0.462015897,-0.0222822502,0.693164825,0.461531669,-0.0191300139,0.676313698,0.465329617,-0.0225367397,0.664857686,0.466763347,-0.022934176,0.65551722,0.467072725,-0.0230515767
1800.0000000000025,0.473577142,0.439225554,7.65232855e-008,0.487228721,0.430307329,-0.00193306641,0.496186644,0.420568407,-0.00310995313,0.500093699,0.415126294,-0.00507042,0.50411886,0.414104253,-0.0073088631,0.483053207,0.413039386,-0.0015150304,0.483055532,0.405612916,-0.0060875807,0.487665743,0.404035747,-0.00990214292,0.49317202,0.405190617,-0.012116693,0.472459108,0.415121943,-0.00433981419,0.469343066,0.406135,-0.00753635354,0.475067884,0.403434753,-0.0108462814,0.481952041,0.404449642,-0.013073313,0.463560671,0.419734597,-0.00779444305,0.459735096,0.413189143,-0.012377169,0.466027081,0.411640495,-0.0158851687,0.473459065,0.412493289,-0.0180722121,0.457012653,0.426216543,-0.0113656772,0.453242958,0.423656642,-0.0155239562,0.456359088,0.423127413,-0.0167476386,0.460193455,0.42390427,-0.0172513779
1816.6666666666692,0.725939,0.444035619,2.31801494e-008,0.710586667,0.439071357,0.0010720155,0.691257477,0.436079174,-0.00120641338,0.675408423,0.434676856,-0.00370224775,0.663832366,0.433022648,-0.00678013,0.690625548,0.434886634,-0.00996860117,0.675165474,0.431832194,-0.0169248637,0.666893959,0.432062864,-0.0204508621,0.661795139,0.432286352,-0.0222122371,0.693339348,0.439556241,-0.0135777602,0.675138056,0.440041274,-0.0188734476,0.664231062,0.441834897,-0.0205607414,0.656359375,0.443300188,-0.0219775494,0.697150886,0.445739627,-0.0168772526,0.678829551,0.449165374,-0.0212007873,0.666746795,0.451231629,-0.0215157177,0.657907724,0.452211052,-0.0218946598,0.701617599,0.452341437,-0.0197907146,0.685941696,0.456164867,-0.0234045368,0.675665259,0.457872421,-0.0236629,0.666943491,0.458848357,-0.0237219464
1816.6666666666692,0.461933404,0.416830242,6.37301625e-008,0.474583566,0.409679025,-0.00305313058,0.485379368,0.402019888,-0.00710577471,0.496283174,0.397458881,-0.0115541825,0.506820142,0.395267129,-0.0165918302,0.471255332,0.397756815,-0.0112280827,0.472435057,0.389209151,-0.0194734745,0.477259606,0.386801094,-0.0250684787,0.481626868,0.387098968,-0.0284968875,0.463485956,0.400719732,-0.0145387342,0.461146057,0.39400354,-0.0227986909,0.469490737,0.394407064,-0.0268371552,0.476972878,0.397097349,-0.0295083225,0.45683971,0.40532285,-0.0181404,0.452998698,0.400332153,-0.025279168,0.460302889,0.400412709,-0.0274302959,0.467678547,0.401903152,-0.0288269818,0.451043963,0.410666108,-0.0219852515,0.445986241,0.407466143,-0.0270125885,0.449748099,0.407004654,-0.0282498244,0.454725623,0.407541543,-0.0291843843
1833.333333333336,0.732229471,0.435561746,2.87545667e-008,0.715597928,0.430848867,9.21611863e-005,0.696988881,0.427042753,-0.00231890101,0.681853473,0.424534947,-0.00489634182,0.671999,0.421855897,-0.00803779,0.700426638,0.425404,-0.0101382602,0.687006116,0.421833098,-0.0165556781,0.677450061,0.421225041,-0.0198722705,0.670452952,0.421177298,-0.0216585174,0.703835547,0.429706782,-0.0133707328,0.686412394,0.429016232,-0.018452879,0.673927,0.430088431,-0.0200022794,0.664688885,0.431419373,-0.0214281175,0.707202077,0.43549937,-0.0163464844,0.688275456,0.437192291,-0.0208897479,0.67474544,0.438626111,-0.0212516245,0.664586902,0.439430088,-0.0215888862,0.710776865,0.442076,-0.0190649368,0.694692194,0.444853723,-0.023057187,0.683696091,0.446008205,-0.023419857,0.674198449,0.446532041,-0.0235359389
1833.333333333336,0.462660819,0.403909385,7.69723e-008,0.474864393,0.397668898,-0.00367927761,0.485294819,0.38997069,-0.00692337379,0.494741052,0.385447234,-0.0106135411,0.503969491,0.38328889,-0.014974406,0.469271064,0.384353608,-0.00741640385,0.469561875,0.376071364,-0.0138336169,0.475198835,0.372697651,-0.0189965758,0.481367558,0.371354967,-0.0222132374,0.461579561,0.386309326,-0.00958783645,0.459967077,0.37853539,-0.015963614,0.4664087,0.377269596,-0.0197559856,0.473266482,0.378627926,-0.02215706,0.455007374,0.389650345,-0.0122269,0.452191234,0.382861763,-0.0173539892,0.458164662,0.382193685,-0.0189598855,0.464833677,0.383925408,-0.0198544562,0.449070156,0.393947899,-0.0153844478,0.445034921,0.389024615,-0.0189626403,0.449123323,0.388396829,-0.0195043925,0.454477221,0.389513135,-0.0197573
1850.0000000000027,0.737765312,0.427595854,-6.81308947e-008,0.72250247,0.419395924,0.00140931178,0.704798102,0.413592339,-0.000644646818,0.691544831,0.410405517,-0.00313223433,0.680792749,0.408848107,-0.00636011874,0.710193455,0.409258038,-0.00948904268,0.69928509,0.404265016,-0.0158981271,0.688030124,0.404491,-0.0198352952,0.678742111,0.40580532,-0.0223187208,0.714811206,0.41389,-0.0136574125,0.698071659,0.412763804,-0.0185923353,0.685355365,0.414235055,-0.0201536119,0.676296234,0.416551024,-0.0219979864,0.718109548,0.420877308,-0.0174283702,0.698351145,0.42244789,-0.0220394209,0.68577373,0.424368411,-0.0221833382,0.677061677,0.426010728,-0.0226242505,0.720720351,0.428825706,-0.0208199397,0.70275,0.431463897,-0.0253166258,0.691204548,0.432525218,-0.0259214174,0.682476759,0.433215946,-0.0262098908
1850.0000000000027,0.461353153,0.393318951,6.07231669e-008,0.474218965,0.38659662,-0.00411502877,0.484148502,0.379323334,-0.00856371876,0.492768317,0.374371171,-0.0134131704,0.501343,0.370469749,-0.0188672505,0.469474107,0.372537881,-0.00903786439,0.469546944,0.363913089,-0.016893588,0.475720614,0.361501217,-0.022828171,0.48289758,0.360796601,-0.0263772402,0.462462366,0.374235839,-0.0114815133,0.46175161,0.365725547,-0.0180687346,0.467618495,0.363435358,-0.0223969482,0.474383444,0.363180429,-0.0253561735,0.455948472,0.377477705,-0.0144206826,0.453288287,0.370172024,-0.0195325296,0.457011,0.367734104,-0.0214638729,0.462434053,0.366926163,-0.0228801966,0.450388819,0.381827027,-0.0178696197,0.445780963,0.376321375,-0.0213819277,0.446662,0.373007894,-0.0220362637,0.449413419,0.370809585,-0.0225311723
1866.6666666666695,0.740988195,0.419176489,-9.53228962e-008,0.724442363,0.413182795,-0.000731931359,0.70892638,0.406631172,-0.00338850147,0.697384477,0.402138978,-0.00621195417,0.688259482,0.399640232,-0.00940463133,0.716261446,0.399135739,-0.0112904906,0.705167413,0.392385513,-0.019113116,0.694367945,0.392311871,-0.0243536849,0.685944617,0.393567592,-0.0275621545,0.722851396,0.402483493,-0.0150001515,0.709314,0.398913741,-0.0213451609,0.695108354,0.400295436,-0.0241108648,0.684591,0.40292564,-0.0266973954,0.728100657,0.40848285,-0.0186023749,0.71213603,0.408544481,-0.0247784127,0.698473,0.41105181,-0.0264441222,0.688877523,0.413510233,-0.0277625229,0.73164314,0.41585511,-0.0220578909,0.715275109,0.417714477,-0.0280861463,0.703215182,0.41954118,-0.0298172291,0.694143713,0.42119503,-0.030848952
1866.6666666666695,0.460514933,0.383494198,6.57124701e-008,0.473472148,0.377292395,-0.00424345909,0.483371228,0.369988173,-0.00840219669,0.492302984,0.364788234,-0.0129693514,0.499386191,0.360340804,-0.0181183945,0.467717677,0.362002254,-0.00957737397,0.468553424,0.353148,-0.0179836545,0.475532681,0.350965202,-0.0239956267,0.483263254,0.351083905,-0.0272865575,0.460538596,0.363160253,-0.0120392675,0.458650887,0.353675246,-0.0183299985,0.464671373,0.351286322,-0.0221456718,0.471377462,0.351886243,-0.0244749989,0.454107076,0.366663486,-0.0150368819,0.448340058,0.35855335,-0.0201708339,0.450854212,0.35606873,-0.0220433138,0.455397636,0.355594307,-0.0232494529,0.448972344,0.371684551,-0.018515991,0.441540629,0.367404819,-0.0228351913,0.440811753,0.36516574,-0.0238176,0.44216013,0.364077568,-0.0241345745
1883.3333333333362,0.742586076,0.408083707,-9.83124835e-008,0.727100551,0.40032655,-0.000285931223,0.711659789,0.392385632,-0.00201658858,0.699942,0.387585044,-0.00416476186,0.691044152,0.384602666,-0.00676353276,0.720312774,0.384773731,-0.00882704835,0.708134115,0.378108412,-0.0159372594,0.698321402,0.37829423,-0.0209991336,0.691241,0.37968111,-0.0241638,0.726352692,0.388922065,-0.0131341675,0.712669253,0.384864658,-0.018510865,0.701300323,0.386240035,-0.0208524503,0.694485426,0.388911903,-0.022929579,0.731737554,0.395847499,-0.0173991323,0.7174685,0.394895315,-0.0224988665,0.707807958,0.395946532,-0.0228049066,0.702145457,0.39695847,-0.0232589599,0.736267686,0.404135019,-0.0216094386,0.724648952,0.404454887,-0.026404297,0.718941629,0.404848427,-0.0258488301,0.716314912,0.404980093,-0.0251442641
1883.3333333333362,0.459783316,0.374850422,7.85664085e-008,0.472007841,0.368538499,-0.00398438238,0.4817653,0.360422373,-0.00712319743,0.490878433,0.354732811,-0.0107847061,0.49847731,0.350107223,-0.0146463849,0.466131,0.352300286,-0.00567105506,0.471097589,0.343805403,-0.0131912911,0.478557557,0.342272371,-0.0188226756,0.486587584,0.342711091,-0.0219436828,0.458191454,0.352862567,-0.00791764632,0.457837909,0.343485087,-0.0128494808,0.462314487,0.339611351,-0.0162517652,0.467833906,0.33757934,-0.0186470672,0.451232255,0.355854481,-0.0110742459,0.446729779,0.34817031,-0.015416665,0.447491139,0.344200045,-0.0174719766,0.450423181,0.341443241,-0.0190655831,0.445786297,0.360534906,-0.0148101533,0.44062376,0.356089413,-0.018221911,0.4396303,0.35308969,-0.0189676024,0.440395534,0.350616634,-0.019439714
1900.000000000003,0.748643,0.39766717,-1.13966131e-007,0.731982708,0.38931033,0.00019802904,0.718912363,0.381170452,-0.00160413375,0.709534883,0.376139581,-0.00411169417,0.702476799,0.372901171,-0.00683821272,0.726609588,0.373015106,-0.00832977425,0.716454268,0.364479452,-0.0170702357,0.706009567,0.365191072,-0.0231667869,0.698801279,0.367714912,-0.0265654139,0.732621074,0.376738846,-0.0129929641,0.723697722,0.370446235,-0.0198619515,0.710171223,0.371894926,-0.0227001347,0.70118016,0.375252694,-0.0246750265,0.738458931,0.382962,-0.0178345591,0.728325903,0.37978372,-0.0234871209,0.715633452,0.380535901,-0.0244031,0.706870615,0.382238626,-0.0250785761,0.743202,0.390909433,-0.0227398593,0.732590914,0.390867203,-0.0279741958,0.723993361,0.391544878,-0.0284406561,0.718268275,0.392558694,-0.0283900108
1900.000000000003,0.460586131,0.366217166,7.90287942e-008,0.473471135,0.359837472,-0.0036232234,0.48345232,0.352213174,-0.0069993115,0.491664082,0.346811265,-0.011047842,0.497608364,0.34186995,-0.0151623366,0.467060387,0.342728406,-0.00492956489,0.472588599,0.334237665,-0.0130815953,0.480957985,0.333518445,-0.0193299185,0.489245892,0.334714144,-0.022695573,0.459079027,0.343154848,-0.0076620332,0.457721204,0.33320567,-0.0132373655,0.46279338,0.328445852,-0.0172545519,0.468752801,0.325502872,-0.0199107379,0.452488691,0.34616527,-0.0113648623,0.446665525,0.337959111,-0.016656369,0.447713435,0.3331725,-0.0192505028,0.451215893,0.329738438,-0.0208716448,0.447642088,0.350869834,-0.0155698555,0.442045331,0.345566392,-0.0198283363,0.442728341,0.342372477,-0.0205919482,0.44596231,0.340043873,-0.0207888149
1916.6666666666697,0.750916183,0.38541159,-1.2481398e-007,0.733668685,0.376521975,0.000315507816,0.720935822,0.367381036,-0.00154322758,0.712085724,0.362350076,-0.00404833397,0.705475152,0.359582245,-0.0067136474,0.733258247,0.358854771,-0.00718187168,0.722771823,0.351583,-0.0143798012,0.713094294,0.352001458,-0.0193862729,0.706854165,0.35373348,-0.0223738831,0.739038229,0.363015771,-0.0114396038,0.728848636,0.357908517,-0.016977353,0.715791583,0.359224379,-0.0192515831,0.706824422,0.361876369,-0.0211736914,0.742903411,0.369739026,-0.0157892741,0.730818391,0.367210537,-0.0207727477,0.718440413,0.367712379,-0.0213175043,0.709806621,0.368808508,-0.0218435228,0.745162368,0.377903223,-0.0200892184,0.731830239,0.37753129,-0.0248146728,0.721565485,0.377775252,-0.0250435583,0.714220881,0.378262877,-0.0249326229
1916.6666666666697,0.461791724,0.358406156,7.43573523e-008,0.474823028,0.351813465,-0.00284016272,0.484597683,0.344057083,-0.00533025712,0.492165208,0.338430673,-0.00865102187,0.497574747,0.333361596,-0.0119532952,0.467751682,0.334147185,-0.00264182594,0.474883705,0.325962484,-0.0104167983,0.483667403,0.325391263,-0.0166869424,0.492162764,0.32680589,-0.0201225728,0.459927171,0.334148228,-0.00549007859,0.459907711,0.323951572,-0.0105144111,0.46509248,0.319058895,-0.0145733403,0.470722377,0.315600812,-0.0173568595,0.453405827,0.336758643,-0.00933891442,0.448911428,0.32825765,-0.0140894707,0.449831635,0.323232174,-0.0166228171,0.452602595,0.319205,-0.0183264054,0.448553175,0.341172099,-0.0136702368,0.44375208,0.335862964,-0.0172012709,0.444149613,0.332631141,-0.0175972823,0.44647795,0.329938471,-0.0176826399
1933.3333333333364,0.755351245,0.377734363,-1.01196179e-007,0.735563815,0.369056672,0.00182952161,0.722065806,0.359376043,0.000319634069,0.713059425,0.353437245,-0.00217583263,0.706255257,0.349810243,-0.00456552394,0.738197625,0.34837985,-0.00373036833,0.72942692,0.34000051,-0.00946445391,0.719591558,0.339418411,-0.0130702117,0.71288693,0.340558141,-0.0153061338,0.743874311,0.351403296,-0.00861969404,0.732410789,0.344852179,-0.0143173542,0.72184819,0.347034961,-0.0163214412,0.715732,0.350285321,-0.0174591728,0.746647596,0.357386142,-0.0135021126,0.730623364,0.353711396,-0.018774271,0.722804844,0.355051339,-0.0184000805,0.719455659,0.356333226,-0.0176465139,0.747371614,0.365221947,-0.018197611,0.731733143,0.364088,-0.022231888,0.722447336,0.364610642,-0.0218185931,0.717473447,0.364799738,-0.0211027227
1933.3333333333364,0.463228375,0.350865096,8.43159214e-008,0.476662606,0.344653934,-0.00295069325,0.486409068,0.337085515,-0.00563974865,0.494547069,0.331375808,-0.00906951539,0.500752,0.326553106,-0.0124555184,0.469397634,0.326283962,-0.00214421796,0.476699948,0.31814152,-0.00968553498,0.485660493,0.317195266,-0.0158708822,0.493766427,0.318450451,-0.0191317219,0.461348295,0.325739413,-0.00460290583,0.461981028,0.315904081,-0.00920707826,0.468066275,0.310601,-0.0128704756,0.474201292,0.307176501,-0.0151730813,0.454615921,0.327955425,-0.00808652677,0.449767739,0.319376469,-0.0126076555,0.45122236,0.313762277,-0.0152303614,0.454641551,0.309442878,-0.0168224424,0.449325025,0.332337439,-0.0119916443,0.443875521,0.327531427,-0.0154794585,0.4450939,0.323998541,-0.0159169901,0.448850572,0.32102713,-0.0158431437
1950.0000000000032,0.757261634,0.36916393,-1.19583859e-007,0.738493323,0.35976243,0.00213258644,0.727299273,0.349775404,0.000514371495,0.719476223,0.344098687,-0.00233907648,0.713118553,0.339763254,-0.00503848167,0.744691133,0.338294417,-0.00258887489,0.735887527,0.330177575,-0.00873640552,0.725594461,0.329262793,-0.0132229831,0.718163,0.329950482,-0.0161408726,0.74978292,0.341277301,-0.00779110054,0.740179718,0.334104389,-0.0133590242,0.72859031,0.335231125,-0.01588092,0.721044719,0.337992907,-0.0176497847,0.751510501,0.346958309,-0.0131514249,0.73887217,0.341371745,-0.0184632223,0.727924466,0.342057556,-0.0191557053,0.721077859,0.343645722,-0.019374365,0.750535071,0.354741186,-0.0183160957,0.737763643,0.351828635,-0.0225667022,0.728000939,0.352085978,-0.0227980893,0.721526802,0.352796078,-0.0226239543
1950.0000000000032,0.464287847,0.343966275,7.86695509e-008,0.478444636,0.338120252,-0.00284291897,0.488787055,0.330796182,-0.00568533223,0.497631311,0.32505247,-0.0092021022,0.504190683,0.31992346,-0.0126458379,0.472669423,0.319605052,-0.00295888656,0.478386849,0.310828239,-0.0104182512,0.486768842,0.309507668,-0.016208183,0.495446146,0.310267597,-0.0193627886,0.465131611,0.319044024,-0.0057091536,0.466012925,0.308346123,-0.0107623301,0.472369641,0.302959025,-0.0144323288,0.479241967,0.299579769,-0.0167078134,0.458625555,0.321175724,-0.00942611508,0.453830063,0.311659515,-0.0143842734,0.456018537,0.305633575,-0.0171115808,0.460558653,0.301040083,-0.0188294202,0.453526884,0.325388968,-0.0135382917,0.447978705,0.319780141,-0.0176163893,0.449498445,0.315912336,-0.0185595118,0.453663319,0.312675864,-0.0189250521
1966.66666666667,0.757462919,0.359948874,-1.08116559e-007,0.738575459,0.351238579,0.00257532485,0.728094518,0.341257364,0.00158921815,0.72101748,0.335979134,-0.000952479604,0.717701733,0.331489533,-0.00345885055,0.747993112,0.327787489,0.00107018941,0.741386414,0.320879281,-0.0044048829,0.731078207,0.320739985,-0.0095108645,0.724008322,0.322569758,-0.0128742559,0.752848208,0.331455469,-0.0044466,0.746356428,0.32422927,-0.00919687748,0.734044194,0.325491,-0.0128027601,0.725661099,0.328277469,-0.015332384,0.754736781,0.337558657,-0.0102177598,0.745222747,0.331483513,-0.0151422508,0.733652472,0.33196348,-0.0164265223,0.72633487,0.333449543,-0.0170115549,0.753494442,0.345395207,-0.0157874376,0.743257642,0.341910601,-0.0194867775,0.733768225,0.341672033,-0.0192824565,0.727803,0.342095435,-0.0187907871
1966.66666666667,0.465274215,0.338315248,1.50405924e-007,0.480193287,0.332764655,-0.00376647641,0.491118848,0.325635821,-0.0069408305,0.499973148,0.320002705,-0.0105208829,0.507474,0.315254182,-0.014044065,0.475703359,0.313377202,-0.0027974688,0.480164349,0.303900778,-0.0095954854,0.487719506,0.301161051,-0.0151771149,0.496046484,0.300918758,-0.01817411,0.467835248,0.312770098,-0.00467765145,0.468533844,0.302274585,-0.00899979658,0.474449456,0.296382248,-0.0128035694,0.481322855,0.292799681,-0.0152145447,0.461406797,0.314733237,-0.00751049,0.457500339,0.305140913,-0.0117773898,0.460750729,0.299072474,-0.0146460067,0.46634832,0.29461816,-0.0164543428,0.456453145,0.318822771,-0.0108023416,0.451324403,0.31290859,-0.0145712486,0.453050494,0.308982432,-0.0154577708,0.457551599,0.305951297,-0.0156057552
1983.3333333333367,0.761037529,0.353474677,-9.48276302e-009,0.74633044,0.346489668,-0.000986372586,0.735118449,0.337125897,-0.00342704146,0.726220846,0.331054211,-0.00687666144,0.718906462,0.325752199,-0.00966765173,0.74847281,0.32649,-0.000764478871,0.746795833,0.314357817,-0.00917331688,0.735698223,0.310573339,-0.0154969618,0.725570738,0.310373217,-0.0185402874,0.754004896,0.327821642,-0.00473266654,0.754683614,0.314317703,-0.0122988485,0.740788519,0.312217772,-0.0160805937,0.729859829,0.314409941,-0.0170197953,0.757548928,0.330994278,-0.0096762618,0.753379047,0.320303231,-0.0153981466,0.740396082,0.318053097,-0.0169377,0.730844378,0.318858981,-0.0168049783,0.758628905,0.335802168,-0.0149143916,0.75001359,0.32957077,-0.0184610877,0.74036175,0.327649623,-0.018547589,0.733123243,0.327611893,-0.017714927
1983.3333333333367,0.466995746,0.333352923,1.54177641e-007,0.48187536,0.328367,-0.00416751811,0.494338542,0.320986152,-0.00690776948,0.503813922,0.315514833,-0.0100949602,0.511264443,0.310752094,-0.0132199246,0.479242533,0.307844758,-0.000359293539,0.484229028,0.29847151,-0.00558089186,0.491364211,0.294916481,-0.0105376365,0.49909246,0.29326427,-0.0135355024,0.471765906,0.307080925,-0.00186002592,0.473948419,0.296923399,-0.00511384895,0.479396373,0.291078687,-0.00899249874,0.485986173,0.287397206,-0.0117441416,0.464969188,0.308338344,-0.00442919135,0.46336481,0.298345447,-0.00783324428,0.467004091,0.292448819,-0.0104977069,0.472802639,0.288298935,-0.0123412078,0.458987862,0.311414957,-0.00760779204,0.455898494,0.304451376,-0.0109149767,0.458990484,0.300646663,-0.0116105387,0.464556426,0.298210293,-0.0116970716
2000.0000000000034,0.762939155,0.346589863,-6.48658869e-008,0.747179,0.339614332,0.00100158853,0.735073626,0.33009246,0.000494514359,0.727129936,0.324055225,-0.00155262719,0.719444275,0.319750398,-0.00335012819,0.74997437,0.317988157,0.0039883079,0.746553719,0.30709514,-0.00142424647,0.736798942,0.303942084,-0.00654096762,0.727956772,0.303877264,-0.00972835347,0.755740047,0.318857878,-0.00096209941,0.754310429,0.305238873,-0.00687279,0.741412759,0.303030193,-0.0112074632,0.730787456,0.304837704,-0.0135499109,0.759376347,0.32126081,-0.00680079171,0.756411791,0.309037924,-0.0126080317,0.742649436,0.307166964,-0.015904773,0.731967092,0.308866262,-0.0173764396,0.760048,0.325320095,-0.0127266273,0.752644956,0.318024367,-0.017277034,0.742096245,0.316508949,-0.0190549754,0.733640552,0.317412257,-0.0198474731
2000.0000000000034,0.468962461,0.328840494,1.22464883e-007,0.484550059,0.324175984,-0.00349277956,0.497322142,0.316942394,-0.00566192297,0.506898761,0.311531276,-0.00829659123,0.51553154,0.307281911,-0.0109153558,0.483491272,0.303222954,0.000510223443,0.487196177,0.2940467,-0.00373504916,0.492323697,0.289754182,-0.00797817,0.498378158,0.286888421,-0.0107647777,0.476435959,0.302876413,-0.00104517234,0.478268087,0.293111682,-0.00390613778,0.482530177,0.287893891,-0.00723051233,0.488133401,0.28421858,-0.00968673266,0.469956398,0.304259807,-0.00359404599,0.469259322,0.294644326,-0.00668646442,0.47254619,0.2895329,-0.00873597339,0.477927834,0.285911322,-0.0101607908,0.463871449,0.307160974,-0.00674199779,0.461728305,0.300139934,-0.00954445265,0.464971572,0.29642722,-0.0101148048,0.470440179,0.293817431,-0.0102564264
2016.6666666666702,0.762550235,0.340469509,-4.36873933e-008,0.746671557,0.333939284,0.000216695335,0.73512727,0.324780256,-0.000625036,0.727500677,0.318865,-0.00296093547,0.721829057,0.314328372,-0.00460493891,0.74920541,0.311925679,0.00410641637,0.747889578,0.30043304,-0.00201230519,0.737773,0.296902329,-0.00693772361,0.728842795,0.29674837,-0.00960007869,0.754690349,0.312654406,-0.000274084305,0.755907118,0.298346967,-0.00746467,0.743269384,0.296094149,-0.0110009089,0.733267844,0.297627181,-0.0120028732,0.758524418,0.314450711,-0.00583057711,0.757527709,0.302686095,-0.0120192608,0.744209528,0.300349683,-0.0142013291,0.73417,0.301396072,-0.0142146349,0.760258734,0.317591429,-0.0117262695,0.755760312,0.309086,-0.0157237407,0.745520532,0.306282371,-0.0168935042,0.737129211,0.306386679,-0.0168970656
2016.6666666666702,0.471152544,0.325464636,1.37989815e-007,0.486624509,0.321056068,-0.00458831294,0.499622613,0.313731372,-0.00720793474,0.509417057,0.30832386,-0.0101208519,0.518706203,0.303865463,-0.0130000617,0.486585587,0.300241709,0.000409714878,0.491649598,0.291368604,-0.0038371142,0.496940672,0.286361098,-0.00829495676,0.502258062,0.282571226,-0.0113102878,0.480008364,0.299696296,-0.000942969928,0.484667838,0.290151328,-0.0041417093,0.490702391,0.284677655,-0.0079762945,0.497234285,0.280679792,-0.0107577844,0.473378718,0.300629079,-0.0034327188,0.476589024,0.291046113,-0.0068502184,0.482868791,0.28599602,-0.00927329343,0.490195,0.282478154,-0.0108843651,0.466443688,0.303040802,-0.00661691,0.466087431,0.295533121,-0.00978686847,0.471254081,0.291942477,-0.0105884755,0.478087783,0.28981182,-0.0108512072
2033.333333333337,0.763437867,0.3359496,-5.86818167e-008,0.747579634,0.330184251,0.00130750204,0.736017227,0.321297854,0.00101231725,0.727869391,0.315223604,-0.00115990394,0.720905483,0.310262173,-0.00264267949,0.748301268,0.309638053,0.00772870099,0.748210073,0.299609423,0.00149404432,0.738675654,0.297839284,-0.00407011714,0.730542541,0.299613178,-0.00666421,0.752842724,0.30845347,0.00344943069,0.753435731,0.295868158,-0.00121282227,0.741918147,0.293177336,-0.00392426737,0.732428312,0.294408202,-0.00490247412,0.756989896,0.308712304,-0.00231099571,0.75671196,0.296726972,-0.00563812209,0.74578476,0.293806195,-0.00662992243,0.736914098,0.294464588,-0.00661236048,0.760245144,0.310415715,-0.00852518436,0.757195175,0.301127613,-0.00974137057,0.749389827,0.297611415,-0.00963142,0.741943657,0.296818703,-0.00930813327
2033.333333333337,0.474422932,0.322646856,1.31239958e-007,0.490324706,0.317716449,-0.00372094312,0.503603518,0.310307384,-0.00571655156,0.514045358,0.305382848,-0.00823658798,0.522748828,0.301178038,-0.0106743863,0.490093917,0.29731527,0.00187734899,0.494992912,0.288495421,-0.00209447043,0.5002774,0.283716679,-0.00638374686,0.505766034,0.280212015,-0.00928518083,0.483403444,0.297078043,0.000247500342,0.487218857,0.287752062,-0.00295418967,0.493184388,0.282629669,-0.0068948362,0.499952376,0.279132187,-0.00976102706,0.477014631,0.298212826,-0.00251802313,0.480059594,0.289083391,-0.00591960922,0.4863455,0.284622878,-0.00831217691,0.493760109,0.281937063,-0.00984974951,0.470734864,0.3006531,-0.00594924064,0.471645176,0.293498486,-0.00891108718,0.476619095,0.289834619,-0.00977075659,0.483159721,0.287488461,-0.0101256352
2050.0000000000036,0.761399925,0.330001533,-3.10276747e-008,0.746207595,0.325356901,0.00086663384,0.734206259,0.316981375,0.000813760154,0.726133764,0.311321557,-0.000856516242,0.719916165,0.307362676,-0.00207014731,0.747351766,0.304579228,0.00665396405,0.746108949,0.294738173,0.00186559593,0.737473845,0.29158318,-0.0028865377,0.729687512,0.291524291,-0.00547816744,0.752139628,0.303366721,0.00263908948,0.751766682,0.291339308,-0.00155562325,0.740813375,0.288356841,-0.00456643151,0.731177,0.289186925,-0.00589980651,0.756545484,0.303362489,-0.00257114857,0.756245,0.291384,-0.00559358671,0.74538523,0.288058162,-0.00701363431,0.736018777,0.288465679,-0.00745509425,0.76014,0.304695904,-0.00823043939,0.757845402,0.295387119,-0.0098001454,0.750928402,0.2915968,-0.01009042,0.743899107,0.290688723,-0.010049968
2050.0000000000036,0.478801519,0.319278896,1.50282119e-007,0.494327545,0.314744949,-0.00419332506,0.50729394,0.307749569,-0.00639527803,0.517511427,0.302762836,-0.00912693143,0.526487827,0.298476726,-0.0117877079,0.493598074,0.294485688,0.00216249912,0.499093354,0.285853952,-0.00247523445,0.505515814,0.281035066,-0.00744803855,0.512273371,0.277591884,-0.0106329564,0.487268895,0.294183224,0.000772862928,0.491396636,0.285360962,-0.00259222,0.498374701,0.280580729,-0.00682050409,0.506355107,0.27745527,-0.00989023503,0.480842084,0.295164168,-0.00189264701,0.482985169,0.287137657,-0.00530845253,0.488207489,0.283336937,-0.00755958725,0.494877875,0.281150222,-0.0089895092,0.474272549,0.297312796,-0.0053360262,0.47378841,0.290590554,-0.00811395794,0.477594733,0.287368089,-0.0086696,0.483085543,0.285445541,-0.00879845396
2066.66666666667,0.760730386,0.325342804,-1.65729848e-008,0.745501935,0.321187675,-0.00106060179,0.733683527,0.313954,-0.00267075282,0.725108266,0.30881995,-0.00562697137,0.718207717,0.304310828,-0.00799151137,0.746191382,0.300478697,0.00443906384,0.744757354,0.290696353,-0.00233709882,0.736418843,0.287710726,-0.00843082741,0.728744149,0.288043827,-0.0114949699,0.750908494,0.299142092,0.0010608671,0.751054883,0.287248641,-0.00483419653,0.740829229,0.284113884,-0.00869421,0.731698334,0.284853786,-0.010185807,0.755341947,0.299125731,-0.00370598491,0.754955828,0.287668079,-0.0076431809,0.745389402,0.284451962,-0.00909454,0.737240493,0.284495503,-0.00921937451,0.759180486,0.300610542,-0.00909181777,0.757882297,0.291579932,-0.0109691052,0.752485454,0.28698796,-0.0112884324,0.747091591,0.284628242,-0.0110357115
2066.66666666667,0.482337564,0.316687912,1.35737793e-007,0.497989506,0.312612861,-0.003834676,0.51088655,0.305602491,-0.00591807859,0.521204472,0.300353616,-0.00849172752,0.530457377,0.296088368,-0.0110102585,0.497994214,0.292919844,0.0017626452,0.503129423,0.28446579,-0.00275562843,0.509545863,0.280223429,-0.00734001584,0.51599437,0.277145326,-0.0102197872,0.491759121,0.29222858,0.000378515804,0.497468144,0.283240944,-0.00280920905,0.504324138,0.278631806,-0.00644757831,0.511596262,0.275293022,-0.00896674581,0.485262692,0.29278025,-0.00219558575,0.489564747,0.284217805,-0.00528313452,0.495471776,0.280194253,-0.00684454152,0.502322376,0.277501851,-0.00771562,0.478630185,0.294507235,-0.00549851311,0.480229855,0.287246734,-0.00786912534,0.485191673,0.283432603,-0.00796129741,0.491489738,0.280790567,-0.0077086552
2083.3333333333367,0.759679794,0.321228921,-1.3469978e-008,0.744531393,0.317509919,-0.000461244024,0.73273015,0.31046316,-0.00141260156,0.724117458,0.305625409,-0.00383190834,0.716702759,0.301746517,-0.00572894281,0.74459666,0.296752661,0.00564794522,0.742821932,0.2872262,0.000271650526,0.734970629,0.284021497,-0.00492541213,0.727509856,0.283557624,-0.00783808157,0.748894274,0.295348436,0.0021544781,0.747572899,0.284046173,-0.00295981532,0.737517238,0.280941397,-0.00670968089,0.728362918,0.281170279,-0.00836841,0.753401458,0.295095921,-0.00260846573,0.751444,0.283883512,-0.0065863356,0.740969777,0.28077814,-0.00833630282,0.731774449,0.280633926,-0.00870159082,0.757954359,0.296249926,-0.00787886,0.756682,0.287289739,-0.0100169713,0.751249909,0.282833576,-0.0105399387,0.745484948,0.280449569,-0.0104967421
2083.3333333333367,0.485629141,0.313936651,1.29862386e-007,0.501333714,0.31087023,-0.00459673395,0.514492631,0.304787159,-0.00689553609,0.525118232,0.299590796,-0.00947250891,0.534829557,0.295435429,-0.0119020678,0.502076507,0.29156211,0.0018229665,0.507783711,0.283208281,-0.00197656802,0.51346457,0.278721184,-0.00604461972,0.518907666,0.275391728,-0.00865966175,0.496097,0.290313572,0.000953698182,0.502281606,0.281239659,-0.00182031735,0.508814335,0.276336044,-0.00519605679,0.515588224,0.272856981,-0.00751367304,0.489849329,0.290364593,-0.00115962292,0.494864076,0.2813797,-0.00407446595,0.501422167,0.276625067,-0.00590255251,0.508836,0.273383617,-0.00699053612,0.48301056,0.291615218,-0.00400280952,0.48420313,0.284383208,-0.00628999388,0.48889327,0.280500323,-0.00650882674,0.494999111,0.277885467,-0.00639192807
2100.000000000003,0.759276211,0.317038685,-2.52839278e-008,0.744049788,0.313875288,-0.00043539764,0.731437683,0.307645053,-0.0011547422,0.722670853,0.303372949,-0.00315492926,0.715846717,0.299483925,-0.0048745065,0.742136657,0.293587148,0.00546839274,0.73804754,0.285596728,0.00122024538,0.731102943,0.282415479,-0.00357269822,0.724044323,0.281396,-0.00666555203,0.74715358,0.291757792,0.00204755808,0.744761,0.281170607,-0.00193867006,0.736222,0.278049052,-0.00573310815,0.727382123,0.278079569,-0.00788652,0.752392113,0.291467607,-0.00246170349,0.750249565,0.280255377,-0.00584889622,0.740992188,0.27705276,-0.00788279,0.731969953,0.276977926,-0.00883284211,0.757200539,0.292835057,-0.00741675589,0.753414094,0.284720093,-0.00973038469,0.746989965,0.280909568,-0.010485285,0.739981174,0.279122233,-0.0107428441
2100.000000000003,0.488658667,0.312063396,1.19115803e-007,0.504264653,0.309191167,-0.00372033659,0.517623484,0.303408861,-0.00582913356,0.528583467,0.298447043,-0.00829543173,0.53837806,0.294633716,-0.0106808925,0.505913258,0.290962309,0.00089057209,0.513280451,0.283467889,-0.00337756891,0.519848,0.27925095,-0.00760935154,0.526088715,0.276236832,-0.0102851279,0.499518126,0.288966119,-0.000365723274,0.505686402,0.280022949,-0.00341150537,0.512419581,0.275107235,-0.00652404502,0.519187868,0.271609217,-0.00860646181,0.492982566,0.288555026,-0.00269567431,0.496710151,0.27948156,-0.00582901761,0.502832,0.274638027,-0.00776111381,0.509838641,0.271237165,-0.00896476116,0.486206859,0.289586097,-0.00561137404,0.485864103,0.282703817,-0.00817083474,0.489737,0.278943598,-0.00860958919,0.495293349,0.276238531,-0.00866319519
2116.6666666666697,0.75797081,0.314628273,-4.49718174e-009,0.743010819,0.311271489,-0.000261719979,0.730683625,0.304946601,-0.00106095534,0.721395373,0.301013142,-0.00301461783,0.713954,0.297442138,-0.00481572701,0.742460787,0.290908545,0.00459585385,0.738810778,0.282583803,0.000497645349,0.731469572,0.279194534,-0.00395906949,0.724315,0.278378367,-0.00682078255,0.747537374,0.289657831,0.000976769603,0.746985734,0.278441101,-0.00254537235,0.738480449,0.274277657,-0.00592451449,0.729525745,0.27317366,-0.00801441167,0.752664864,0.290229946,-0.00371330744,0.750540853,0.278505385,-0.00735841878,0.741065085,0.274668455,-0.00994404219,0.731852531,0.273795426,-0.0114408825,0.75672543,0.292437,-0.00867706258,0.751256466,0.28473717,-0.0118130678,0.743917286,0.281062812,-0.0132226795,0.736440539,0.278858125,-0.0140250167
2116.6666666666697,0.492165953,0.310077876,1.34441706e-007,0.507402062,0.307389885,-0.00391491503,0.521229506,0.302200288,-0.00616478175,0.532172501,0.297527581,-0.00865136087,0.541280806,0.29352802,-0.0110767055,0.510576308,0.290425301,-0.000719606935,0.520004272,0.28403616,-0.00564815337,0.527911782,0.280486524,-0.0103256404,0.535200655,0.277804673,-0.0132154282,0.503852189,0.287471294,-0.00202201074,0.511136591,0.278373,-0.00543165347,0.518680751,0.273168,-0.00875697937,0.525839508,0.269102663,-0.0110250963,0.496920764,0.286434591,-0.00430422649,0.500322044,0.277230591,-0.00788906403,0.506350577,0.27232486,-0.0101812119,0.513156235,0.268871218,-0.0115185808,0.489833534,0.287079901,-0.00712497439,0.489064902,0.27955389,-0.0100777559,0.493333429,0.27586621,-0.0105688851,0.499400616,0.273664027,-0.0105549973
2133.333333333336,0.758226395,0.311386883,-1.26711512e-008,0.742692292,0.308461666,-0.00111404934,0.729945302,0.302698165,-0.00253938069,0.720486045,0.299096793,-0.00503488258,0.713009238,0.295497835,-0.00730328215,0.741876721,0.288025588,0.00357983122,0.738298953,0.279734135,-0.00050125143,0.73032254,0.276343077,-0.0046724407,0.72313118,0.275131822,-0.00743187,0.747487068,0.286634415,0.000190473264,0.745432794,0.275629222,-0.00317002647,0.735987782,0.271748364,-0.00617299834,0.727203786,0.270638645,-0.00813366,0.75250721,0.287007511,-0.00438211625,0.749426484,0.275039852,-0.0083936844,0.738588,0.271370709,-0.0112142814,0.72920996,0.27061969,-0.0128385779,0.755820334,0.288966835,-0.00926573854,0.747510254,0.280870587,-0.0131624769,0.737781763,0.277799159,-0.0150931021,0.728986621,0.276480585,-0.016169345
2133.333333333336,0.495892793,0.308093131,1.37056702e-007,0.51124227,0.305660218,-0.00392890815,0.525281727,0.300519139,-0.00615854701,0.536826253,0.296180189,-0.00862906221,0.546265841,0.292777956,-0.011061837,0.514828444,0.289114326,-0.000985396444,0.52554971,0.283099085,-0.00609785458,0.533852875,0.279616416,-0.0107454285,0.54126817,0.277249873,-0.0135534033,0.507878661,0.285921037,-0.00231876248,0.514891684,0.27672857,-0.00590224937,0.522217035,0.271407753,-0.00911566522,0.528997958,0.267359227,-0.0111933993,0.500679135,0.284728259,-0.00461367751,0.50351423,0.275340736,-0.00828191172,0.509136915,0.270180613,-0.0104883974,0.515672147,0.266394585,-0.011742468,0.493360579,0.285428584,-0.00742093334,0.491317332,0.278259099,-0.0102961157,0.494121909,0.274222344,-0.0106855361,0.498891294,0.271334589,-0.0106137609
2150.0000000000027,0.756979227,0.308776736,-9.46015355e-009,0.741732717,0.305689067,-0.0013852776,0.729383,0.300343335,-0.0033357786,0.719679773,0.297215819,-0.00636481121,0.71225059,0.29405427,-0.0090962518,0.740628719,0.285152972,0.00285163522,0.73585093,0.276982248,-0.00233659381,0.727539301,0.274106,-0.00751872966,0.719303429,0.273522407,-0.0107104145,0.745713592,0.283808231,-0.000365378277,0.742981076,0.273285657,-0.00480259676,0.733414233,0.269668937,-0.00862912275,0.723801911,0.268962383,-0.0108949961,0.750712574,0.284248888,-0.00471738959,0.7467978,0.273377597,-0.00889783911,0.735849798,0.270354837,-0.0115683665,0.725775898,0.27011326,-0.0128816599,0.754856408,0.28628397,-0.00947631,0.75015229,0.278451085,-0.0126521559,0.742472827,0.275152534,-0.0140043581,0.734593272,0.27385357,-0.0145958615
2150.0000000000027,0.497600973,0.306940824,1.34924761e-007,0.512789309,0.304794103,-0.00453063333,0.527378559,0.29967472,-0.00728490297,0.539725423,0.295586467,-0.0101906331,0.549910128,0.292368859,-0.0131759895,0.517970324,0.288191229,-0.00274773571,0.528474569,0.282004327,-0.00838176,0.536698163,0.278596342,-0.0133558,0.54408443,0.27606523,-0.0164032839,0.511075377,0.284930795,-0.0041080378,0.518582046,0.275519073,-0.00808696076,0.525878072,0.269983739,-0.0116003677,0.532499552,0.265721291,-0.0139495619,0.503760695,0.283660203,-0.00641221646,0.506939888,0.27417323,-0.0103890486,0.512467623,0.268807739,-0.0128135122,0.518797874,0.264905095,-0.0142518925,0.496066034,0.284209341,-0.00927437469,0.494751602,0.276510686,-0.0124883512,0.498304129,0.272471398,-0.013011585,0.503774,0.26979357,-0.0130590908
2166.6666666666692,0.754835188,0.306017786,-3.50395304e-008,0.740227818,0.303306609,-0.000599941064,0.728232086,0.298497468,-0.00196807552,0.719832242,0.295481175,-0.00460801739,0.713608921,0.292307377,-0.00703634648,0.739093,0.283782512,0.00469233608,0.73378104,0.276089191,6.41501465e-005,0.725449562,0.273650646,-0.00495611364,0.717887878,0.273692936,-0.00790802762,0.744070053,0.282014459,0.00135618437,0.740831077,0.271845758,-0.00138807192,0.731722832,0.268499345,-0.00441984599,0.72297591,0.267811388,-0.00656650448,0.749066055,0.281797141,-0.00322604435,0.746518314,0.270874768,-0.00609120401,0.736919701,0.267314821,-0.00816711,0.72773397,0.266728163,-0.00946720876,0.753430724,0.28298384,-0.00824243575,0.749089777,0.274853766,-0.0105857095,0.74155879,0.271273792,-0.011392789,0.733382761,0.26981312,-0.0118442429
2166.6666666666692,0.500133455,0.305087477,1.26016943e-007,0.514802575,0.303471655,-0.00475811679,0.529159665,0.299160391,-0.00778425,0.541734576,0.295334965,-0.0109617207,0.551834464,0.291679978,-0.014122624,0.522135,0.286712945,-0.00252250652,0.531512082,0.280038297,-0.00817568507,0.538882911,0.276885062,-0.0130669428,0.545785546,0.274786651,-0.0160414409,0.515683115,0.283500165,-0.00377000775,0.523342133,0.274088234,-0.00798706431,0.530444682,0.268722475,-0.0118212169,0.537114859,0.264598578,-0.0144181941,0.508467555,0.282249361,-0.00601661159,0.512278736,0.2728149,-0.0102131777,0.517489672,0.267590463,-0.0129550342,0.523495436,0.263696283,-0.0146314828,0.500691295,0.282649249,-0.00881489273,0.50027281,0.274953157,-0.0121589787,0.503716528,0.270940185,-0.0129939551,0.509014964,0.268150687,-0.0133065861
2183.3333333333358,0.754413128,0.303672522,-4.60702054e-008,0.739378214,0.301250041,-0.000397859782,0.727644742,0.297160268,-0.00180785405,0.719109595,0.294435292,-0.00469744485,0.712910414,0.290708363,-0.00753407925,0.736564338,0.282684594,0.00532360934,0.730964124,0.275844544,0.000422325655,0.722757578,0.273665786,-0.00493840408,0.715169609,0.273595244,-0.00822449196,0.741964519,0.280537546,0.00165115925,0.737985134,0.271053851,-0.00169759442,0.728914082,0.267876923,-0.00532569923,0.719849229,0.267275274,-0.00788502675,0.747420907,0.280047506,-0.00331861153,0.744121253,0.269536704,-0.0070165745,0.734407902,0.265954673,-0.00974379852,0.725007832,0.265369415,-0.0114008533,0.752305388,0.280960292,-0.00864727143,0.746585727,0.273103982,-0.0119592464,0.737969518,0.269979686,-0.0133791007,0.728673518,0.26892218,-0.0141838482
2183.3333333333358,0.502771616,0.304471403,1.11804965e-007,0.517955065,0.302591264,-0.00397296716,0.532279372,0.298308641,-0.00637420686,0.544599354,0.29467389,-0.00913756434,0.553975046,0.291100681,-0.0119898841,0.524150372,0.286193,-0.000994883128,0.533548295,0.280027896,-0.00622440968,0.541083872,0.276245743,-0.0110833766,0.548049688,0.273282498,-0.0142181721,0.518143177,0.282988787,-0.00268774689,0.525487661,0.273824722,-0.00650372077,0.532421172,0.268493921,-0.0102782063,0.539070427,0.264530748,-0.0129469149,0.511432052,0.28153947,-0.00537743326,0.515118957,0.272113532,-0.00934819784,0.520525038,0.266988426,-0.0120349918,0.526737571,0.26341486,-0.0137933185,0.503952444,0.281753957,-0.0086103892,0.502180517,0.274018526,-0.0120217027,0.505825102,0.270018786,-0.0130004548,0.511728942,0.267438024,-0.0134971114
2200.0000000000023,0.752445459,0.302393615,-1.40525476e-008,0.737903416,0.300284535,-0.0015395931,0.725430667,0.295651019,-0.00324769202,0.717568815,0.292640895,-0.00588802528,0.712468684,0.28969425,-0.00824392866,0.735530615,0.281525373,0.00221375446,0.730695724,0.274314255,-0.00333145494,0.722436905,0.272250086,-0.00837686658,0.714899302,0.272566319,-0.0109452531,0.742204964,0.27966249,-0.000433713401,0.740683734,0.269356668,-0.00397749571,0.732419729,0.265231431,-0.0065905489,0.724159539,0.263452888,-0.00808522478,0.748424232,0.27923739,-0.00434024166,0.745511353,0.269208431,-0.00812432077,0.735638618,0.265803039,-0.010186282,0.726388872,0.264814883,-0.0109396689,0.753500581,0.280081481,-0.00862585567,0.747178793,0.272429198,-0.0114099523,0.738639295,0.269333184,-0.0121387281,0.729941607,0.267934084,-0.012217816
2200.0000000000023,0.505067647,0.30270651,1.22551285e-007,0.520023942,0.301177859,-0.00373858027,0.53405726,0.297357947,-0.00617629243,0.545943916,0.29385218,-0.00904277,0.555437326,0.290050954,-0.0120954216,0.526351452,0.284833074,-0.00092510524,0.536154568,0.279556543,-0.00614742516,0.543737948,0.276102304,-0.0109615624,0.550921559,0.273239762,-0.0142372362,0.520595253,0.281297356,-0.00292801298,0.528624,0.273298204,-0.0070308065,0.535846829,0.268338144,-0.0110606439,0.54283911,0.264726967,-0.013879614,0.513465047,0.279748857,-0.00591304293,0.516841948,0.270144701,-0.0107963737,0.521054149,0.263940305,-0.014665965,0.526517391,0.259199739,-0.017215522,0.505488396,0.2800816,-0.00925195776,0.50341326,0.272784412,-0.0138477609,0.506579459,0.268787563,-0.0157621205,0.512120664,0.266083062,-0.0168685094
2216.666666666669,0.751265645,0.301044315,-2.61647131e-008,0.736237764,0.299294174,-0.00181957858,0.723757803,0.294990569,-0.00399643,0.716210067,0.291892529,-0.00725031272,0.713517,0.289033681,-0.0102507658,0.734055459,0.28067,0.00210235198,0.728605688,0.274003297,-0.00425316161,0.719907224,0.272542059,-0.0101596219,0.711891,0.273254484,-0.0132646421,0.740396082,0.278499067,-0.000728489889,0.738360465,0.268427372,-0.00484004198,0.728981376,0.264784694,-0.00789395161,0.719928741,0.263661474,-0.00959746,0.746408284,0.277956545,-0.00489418302,0.743850231,0.267626971,-0.00896486174,0.733846068,0.264402509,-0.0110649578,0.724875212,0.263942361,-0.011747323,0.751640379,0.278853416,-0.00954536628,0.74686718,0.270564139,-0.0124290846,0.738188,0.267431,-0.0131188482,0.729247332,0.266517,-0.0131160421
2216.666666666669,0.5070315,0.302017659,1.15652405e-007,0.521365404,0.301000208,-0.00400522957,0.535058856,0.297452718,-0.00655726,0.546863079,0.294252634,-0.00943409093,0.555952847,0.290660143,-0.0124066742,0.527779,0.28446269,-0.0011724066,0.538855672,0.2793383,-0.00618145522,0.547218263,0.276145697,-0.0109367231,0.554419219,0.273586094,-0.014003682,0.522561252,0.281073093,-0.00273432187,0.531860948,0.273255557,-0.00630778773,0.540265381,0.268790096,-0.00981071591,0.547742903,0.265492737,-0.0122204404,0.515971303,0.279523849,-0.00528949,0.520789564,0.270629287,-0.00912069343,0.527162075,0.265656978,-0.0119375121,0.534133554,0.262060702,-0.0137669798,0.508470416,0.279781759,-0.00833664276,0.505493402,0.272244513,-0.011787205,0.50860095,0.268145025,-0.0129573382,0.514039576,0.265669167,-0.0135266194
2233.3333333333353,0.750614941,0.300872147,-1.89671585e-008,0.735210061,0.299338609,-0.00187940022,0.723275304,0.295288384,-0.0036672384,0.715937,0.292579412,-0.00647643814,0.711737335,0.289831966,-0.00912383199,0.733017504,0.281019747,0.00233190856,0.726907969,0.274711221,-0.00305839488,0.71835506,0.272806317,-0.00819294713,0.71056354,0.272756875,-0.0110860392,0.739296675,0.278717041,-0.000598571962,0.737501562,0.268695056,-0.00410739519,0.729048,0.264564663,-0.00686811702,0.721058965,0.262804329,-0.00857213791,0.745104253,0.27824682,-0.00485733571,0.743083894,0.267724335,-0.00897014141,0.733295739,0.264040828,-0.0114331637,0.724438369,0.263035864,-0.0124921575,0.75022167,0.279163957,-0.00956494,0.74518311,0.271010518,-0.0130217876,0.736232,0.26790607,-0.0141686592,0.726989031,0.266871482,-0.0145361554
2233.3333333333353,0.509644866,0.301005095,1.26206828e-007,0.523653746,0.300307125,-0.00419239746,0.536958456,0.297088116,-0.00674746651,0.548707426,0.29401049,-0.009506898,0.55771631,0.290532529,-0.0122621572,0.529550195,0.28408891,-0.00142916199,0.54083246,0.278868765,-0.00633585732,0.549458385,0.275711209,-0.0108517809,0.55683589,0.273206145,-0.0136652077,0.52454704,0.28066653,-0.00261203479,0.534669638,0.273198098,-0.006018118,0.54356271,0.26902172,-0.00911609,0.551334262,0.265963912,-0.0111649595,0.518119812,0.279010415,-0.0048063267,0.523415864,0.270378,-0.00832341798,0.529940307,0.265376925,-0.0108079351,0.537022769,0.261713654,-0.0123858033,0.510670841,0.279055983,-0.00751657924,0.508492947,0.27167961,-0.0105550354,0.511608779,0.267516762,-0.0115087507,0.516938925,0.264794379,-0.0119337076
2250.000000000002,0.749058604,0.300361723,-3.4857095e-008,0.734827399,0.299608976,-0.00217569363,0.722873867,0.296093822,-0.00397150964,0.715248823,0.293230623,-0.00674511585,0.709694,0.289896786,-0.00933012,0.73299551,0.28152585,0.00242739799,0.726193905,0.275746286,-0.00227929559,0.717472076,0.27381891,-0.00703035714,0.70996052,0.273462504,-0.00984329917,0.738412917,0.278927714,-3.62877327e-005,0.734288871,0.269371152,-0.00300244312,0.725281894,0.265604138,-0.00553520955,0.717050731,0.264056057,-0.00724326586,0.743545771,0.27785638,-0.00380538777,0.740273952,0.268132031,-0.00738176936,0.730013728,0.265017927,-0.00974498689,0.720903337,0.264300406,-0.0108820023,0.748128951,0.278144479,-0.00807285309,0.742826104,0.270523757,-0.0110943075,0.73355943,0.267949194,-0.0123107117,0.724197865,0.267341107,-0.0128543023
2250.000000000002,0.511876523,0.301041514,1.28162853e-007,0.525788844,0.300607979,-0.00442260271,0.539537609,0.297546834,-0.00706182467,0.550628364,0.294373512,-0.00976139586,0.558730841,0.290637612,-0.0124492412,0.53175807,0.284037471,-0.00232655113,0.543479204,0.278695047,-0.00742198341,0.552246809,0.275502831,-0.0118174758,0.559496224,0.273011655,-0.0145010855,0.526809394,0.280669123,-0.00345688802,0.536999106,0.273159623,-0.00726199802,0.546176,0.268974543,-0.0103681749,0.553920805,0.265931606,-0.0123041281,0.52029258,0.279034972,-0.00557598518,0.524883151,0.270279199,-0.00953515805,0.531131625,0.264964759,-0.012304239,0.537964463,0.260939747,-0.0139664523,0.512692332,0.279124022,-0.0081682615,0.509832442,0.271557748,-0.0115895392,0.512657464,0.267239928,-0.0128629887,0.517814457,0.264319181,-0.0134515129
2266.6666666666683,0.750365078,0.301713645,-5.0046026e-008,0.736355662,0.300754517,-0.00265252311,0.724072099,0.297390878,-0.00511251623,0.714871824,0.295053631,-0.0085104052,0.707975745,0.291540563,-0.0116670085,0.733844519,0.283150673,0.00158810895,0.725204766,0.27752474,-0.00415037666,0.715873659,0.275784016,-0.00986974128,0.708421648,0.275679916,-0.0132200252,0.738570511,0.280417681,-0.000747101847,0.732758641,0.271274686,-0.00463609677,0.723237693,0.268012941,-0.00763934478,0.714773655,0.267246366,-0.00943307299,0.743421435,0.279218972,-0.00442681741,0.738313556,0.2696338,-0.00815777,0.72750771,0.266903192,-0.0100985644,0.718375802,0.266503334,-0.0108447,0.747737229,0.279505104,-0.00870060921,0.741543591,0.271816373,-0.0115030175,0.732128918,0.269439846,-0.0122552449,0.723039031,0.269000381,-0.0123388022
2266.6666666666683,0.513647556,0.30082798,1.22424638e-007,0.526740313,0.300476849,-0.00350826979,0.539798677,0.297577053,-0.00594557868,0.55065608,0.294675618,-0.0086355526,0.558632612,0.290928513,-0.0113078197,0.532620847,0.283946157,-0.00113128242,0.544371784,0.279205412,-0.00596907083,0.553474486,0.276410431,-0.0103020165,0.561013639,0.274385422,-0.012965587,0.528110743,0.280330956,-0.00263833068,0.538246214,0.273326486,-0.00614439929,0.547539592,0.26933378,-0.00915087759,0.55542177,0.266620815,-0.0110142361,0.52184397,0.27851072,-0.00510830525,0.526364863,0.269662946,-0.00898965076,0.53282088,0.264137536,-0.0118445829,0.540056884,0.26004827,-0.0135857835,0.514681876,0.278637409,-0.00793948118,0.511145592,0.271218419,-0.0113612656,0.513852775,0.266892254,-0.012623582,0.51919,0.264138818,-0.0131993806
2283.333333333335,0.75003165,0.302656204,-5.49810295e-008,0.735396445,0.301794827,-0.00252872496,0.722726285,0.298636,-0.00461367657,0.713333964,0.296144843,-0.00756301498,0.706360877,0.292360961,-0.0103502646,0.731897,0.284870893,0.00185538665,0.723017633,0.279617727,-0.0027857637,0.71427238,0.277570844,-0.00767683517,0.706927776,0.276777416,-0.0108030364,0.73678869,0.281996578,-0.000278943015,0.729640663,0.273457736,-0.00376380445,0.720748067,0.270277202,-0.00683105411,0.712673128,0.269346029,-0.00886620209,0.741951883,0.280527115,-0.00362023455,0.735920906,0.271701187,-0.00710868649,0.725714624,0.269207329,-0.00952236447,0.716672063,0.26887852,-0.0107766371,0.746963739,0.280385762,-0.00748992153,0.740117848,0.273288488,-0.0103424639,0.730918407,0.27105546,-0.0115940729,0.721868038,0.270648658,-0.0121760042
2283.333333333335,0.512843788,0.301455289,9.54165387e-008,0.526369512,0.30087617,-0.00380704529,0.539433897,0.298065215,-0.00654227939,0.550321,0.295181692,-0.00955526344,0.558616161,0.291584581,-0.0124282008,0.534245074,0.284801394,-0.00136567361,0.546147048,0.280334771,-0.00634734286,0.554543793,0.278314799,-0.0108838091,0.561642766,0.276942223,-0.0138606317,0.530444145,0.281198114,-0.00304867281,0.540677905,0.274371296,-0.00694043236,0.549767554,0.270474583,-0.0101463236,0.557603121,0.267718494,-0.0122500928,0.52444,0.279412568,-0.0058000912,0.528715909,0.270671338,-0.0100806793,0.534645855,0.265382856,-0.0129077472,0.541271448,0.261348635,-0.0146158766,0.517237067,0.279615074,-0.00897411536,0.514497817,0.272209227,-0.0125168115,0.515776813,0.267495602,-0.0136895431,0.518688917,0.264093906,-0.0142939026
2300.0000000000014,0.748780549,0.303694576,-4.59626399e-008,0.734056473,0.303183973,-0.00219327235,0.721628845,0.299972981,-0.00412321649,0.712215602,0.29760614,-0.00705996621,0.704313934,0.294409901,-0.00980244484,0.729952276,0.286192983,0.00291036279,0.721048295,0.280783951,-0.00197097869,0.712340713,0.279061377,-0.00705288257,0.704843163,0.278918594,-0.0100891897,0.734674573,0.283457905,0.000437693408,0.727954149,0.275048852,-0.00284085,0.718898892,0.272098809,-0.00573382201,0.710450649,0.271417916,-0.00759237,0.739936948,0.282184094,-0.0033615767,0.733911455,0.273449242,-0.0067599006,0.72386539,0.271175861,-0.00877686217,0.71491158,0.270977974,-0.00967742782,0.745022357,0.282142162,-0.00772010162,0.73807466,0.274885833,-0.0103586586,0.729416907,0.272983044,-0.0111343,0.721022844,0.272952706,-0.0113273486
2300.0000000000014,0.515261889,0.301992506,1.13529516e-007,0.528390288,0.301659107,-0.00361206755,0.54089576,0.299229175,-0.00611244934,0.551415086,0.296352565,-0.0089783268,0.559613,0.292699903,-0.0117336437,0.53534776,0.285555601,-0.000790868828,0.54767561,0.281379461,-0.00575749064,0.55671531,0.279493183,-0.0101597207,0.56409663,0.278283447,-0.0128468387,0.530936718,0.281798959,-0.00236191321,0.541343212,0.275230259,-0.00626154337,0.550501883,0.271793336,-0.00946003571,0.55805254,0.269477457,-0.0114376126,0.524437249,0.279867,-0.00498962123,0.52879411,0.271526575,-0.00907374173,0.534963369,0.266424358,-0.011900383,0.541483045,0.262660563,-0.0135561293,0.516888916,0.279824883,-0.00803845469,0.515069127,0.27249524,-0.0112704569,0.516998768,0.267833948,-0.0124285528,0.520523787,0.264593393,-0.0129773021
2316.666666666668,0.747194529,0.305594295,-3.53718264e-008,0.732993,0.304940701,-0.00270348322,0.720414758,0.301660776,-0.00517610973,0.710988,0.299242765,-0.00845760386,0.703359723,0.295977652,-0.0115940711,0.729715765,0.287458718,0.000762351323,0.720195,0.282148212,-0.00498907175,0.711348414,0.280861735,-0.0105904331,0.703717828,0.281285614,-0.0138644278,0.73518157,0.284619361,-0.00166820048,0.728649676,0.275802344,-0.00565136829,0.719528854,0.27259481,-0.00923659373,0.710962176,0.271816552,-0.0116087152,0.74090755,0.283692032,-0.00533431303,0.734505653,0.274893552,-0.00956749078,0.723912537,0.272669345,-0.0124813784,0.714612186,0.272650152,-0.0139192762,0.746013641,0.284358382,-0.00945620053,0.7384938,0.277199566,-0.0128061855,0.729534328,0.274897486,-0.0141716748,0.72083956,0.274537712,-0.0147296665
2316.666666666668,0.515304744,0.302983791,1.05288869e-007,0.528374493,0.303053319,-0.00406056736,0.541725934,0.300457895,-0.00676004728,0.552118599,0.297146499,-0.00961831212,0.560102046,0.293301642,-0.0123328865,0.535480857,0.287404209,-0.0022651176,0.547658563,0.283459574,-0.0073313755,0.556738853,0.282072127,-0.0116819581,0.564425409,0.281380087,-0.0143936025,0.531449497,0.283369929,-0.00360541791,0.542820334,0.276717,-0.00747718336,0.552472413,0.273085386,-0.010550512,0.560558081,0.270449907,-0.0125654312,0.525340199,0.281220406,-0.0059705805,0.53053,0.272620261,-0.0102792112,0.537065268,0.267524,-0.0134483604,0.543742061,0.263677478,-0.0153883472,0.518228948,0.280990511,-0.00871933065,0.516495466,0.273469508,-0.012305053,0.51823,0.268957645,-0.0138649354,0.521341801,0.26579228,-0.0147408675
2333.3333333333344,0.7481547,0.306847543,-5.05120248e-008,0.734327674,0.306629539,-0.00301706535,0.721189499,0.303347081,-0.00520731928,0.711266398,0.300963491,-0.00823278446,0.703666151,0.297757,-0.0109496908,0.728849411,0.289458722,0.00211410737,0.719599366,0.283985585,-0.00360630755,0.710290372,0.282821149,-0.00926726125,0.702720642,0.283507705,-0.012450478,0.733555734,0.286469966,0.000223606679,0.727078736,0.277935654,-0.00347858854,0.717967212,0.274927855,-0.00649721408,0.709766269,0.274267048,-0.0083051417,0.738934219,0.285064489,-0.00313337613,0.732826769,0.276263684,-0.00694804545,0.722416639,0.274066031,-0.00922804698,0.713570833,0.273992419,-0.0101444814,0.744247675,0.285027921,-0.00708426815,0.736909866,0.278079301,-0.00998058822,0.727699,0.276429951,-0.0110131241,0.719076216,0.276532561,-0.0112975491
2333.3333333333344,0.51548779,0.304259777,1.15940502e-007,0.528449178,0.304155499,-0.00491119595,0.541642606,0.301668,-0.00811870303,0.552140653,0.298507839,-0.0113478117,0.560460448,0.294903249,-0.0144888815,0.536852777,0.288202196,-0.00352591462,0.549542964,0.284099072,-0.00908572134,0.558666587,0.282497704,-0.0138149122,0.566449046,0.281494766,-0.0167957693,0.532335103,0.284254551,-0.00456717424,0.543512583,0.277845621,-0.00893786922,0.55304116,0.274285,-0.0123385619,0.561096787,0.271759421,-0.0145348776,0.525793731,0.282285601,-0.00663904613,0.530735493,0.273545146,-0.0113206021,0.536889,0.268241614,-0.0145468954,0.543560743,0.26428166,-0.0164891314,0.51832819,0.282283932,-0.00915752351,0.516955674,0.274616331,-0.013093397,0.519408405,0.270088732,-0.0147287743,0.523595035,0.267000824,-0.0156044038
2350.000000000001,0.747501433,0.308836699,-4.65602e-008,0.733450353,0.308489442,-0.00245202659,0.720805,0.305194259,-0.00447836705,0.711500704,0.302708447,-0.00743799657,0.703985095,0.299393952,-0.010117095,0.728847861,0.290844589,0.00244820653,0.720635414,0.285583735,-0.0025583622,0.71175611,0.284261435,-0.00759569649,0.704154611,0.284565181,-0.0106673893,0.734094083,0.287883312,-6.47346824e-005,0.727424324,0.279509515,-0.00386033324,0.718196511,0.276642323,-0.00712220231,0.709821,0.276089072,-0.009261759,0.739787638,0.286559433,-0.00391893461,0.732403,0.278205693,-0.00832008291,0.721154,0.276547492,-0.0111296419,0.711485803,0.277051896,-0.0124467015,0.745295286,0.286641717,-0.00823762175,0.736453354,0.280076116,-0.0119918613,0.726198316,0.278435558,-0.0137120737,0.716564775,0.278567672,-0.0144969961
2350.000000000001,0.516422153,0.30521518,1.1170853e-007,0.529023349,0.305316329,-0.00570067344,0.541731298,0.303117156,-0.00936598703,0.552300334,0.300122619,-0.012960867,0.560509741,0.29628107,-0.0164375845,0.536848843,0.289325148,-0.00438269461,0.549636543,0.285684794,-0.0103618549,0.558894098,0.283961058,-0.0154002486,0.56674695,0.282825857,-0.0186353847,0.532714784,0.285052866,-0.00524513749,0.542906344,0.27882427,-0.00993396807,0.552112401,0.275354177,-0.0134489639,0.560072482,0.273151696,-0.0157404989,0.526413083,0.282938868,-0.00720528839,0.531027198,0.274040431,-0.0122782718,0.537288129,0.268757045,-0.0156110432,0.544286251,0.265028089,-0.0176232979,0.519221961,0.282984465,-0.00966205914,0.516593814,0.275377452,-0.0140120862,0.51876837,0.27084887,-0.0157906357,0.522917747,0.267932117,-0.0167377256
2366.6666666666674,0.748021364,0.310354739,-5.47534533e-008,0.734117389,0.310020566,-0.00282854633,0.721707702,0.306883931,-0.0047676363,0.712423921,0.304573,-0.00749749923,0.705248356,0.301381797,-0.00995598361,0.730646133,0.292411506,0.00254455162,0.722777724,0.28740114,-0.00112147594,0.714432716,0.285856873,-0.00549148163,0.707175434,0.285494685,-0.00859968644,0.735095561,0.289658457,0.000405017025,0.72770822,0.281700134,-0.00239525945,0.717943072,0.278984487,-0.00524895266,0.709102213,0.27863127,-0.00738199428,0.739827573,0.288407058,-0.00301124598,0.732597232,0.279574186,-0.00667597214,0.721523702,0.277688861,-0.00923118927,0.712197304,0.278112024,-0.0107080219,0.744309545,0.288471639,-0.0069570276,0.735957205,0.282031447,-0.0105312429,0.726028621,0.281006664,-0.0121353455,0.717022717,0.281857342,-0.0129966559
2366.6666666666674,0.517853916,0.30697003,1.06864981e-007,0.530637681,0.306842089,-0.00496606808,0.543652654,0.304599136,-0.00825821515,0.554071248,0.301442027,-0.0116850911,0.562218964,0.297460407,-0.0149488235,0.537151814,0.290624887,-0.00249376125,0.550566614,0.287400305,-0.00856332574,0.560472131,0.286028594,-0.0137680843,0.568618178,0.2855165,-0.0169540942,0.533591509,0.286694199,-0.0036524185,0.543884277,0.279895335,-0.00816171151,0.553070605,0.276200742,-0.0116251027,0.560909271,0.274007469,-0.0137948571,0.527882338,0.284727454,-0.00598040177,0.53155452,0.275566459,-0.0110054137,0.537221611,0.270185709,-0.0142830927,0.543682814,0.266398817,-0.0161504187,0.521529317,0.284881145,-0.00877962168,0.518231452,0.277412891,-0.0131228743,0.519685566,0.273080111,-0.0147458389,0.523182034,0.270100296,-0.0155032827
2383.333333333334,0.749050558,0.312546641,-5.05873103e-008,0.734936,0.312374383,-0.00303351297,0.722162068,0.308955103,-0.00530666718,0.712954164,0.306243658,-0.00828874763,0.70550406,0.303087085,-0.0109972889,0.729763448,0.294142932,0.00142551772,0.721752107,0.288153619,-0.00338537013,0.713001788,0.286404759,-0.00844212808,0.705494285,0.28645283,-0.0116761355,0.734685481,0.291591376,-0.000778999529,0.727388918,0.282977104,-0.0042694509,0.717838883,0.280127704,-0.00757097825,0.709260881,0.279985726,-0.00986992661,0.739997804,0.290697634,-0.00424495479,0.73268795,0.281384289,-0.0082002189,0.72158277,0.2793051,-0.0108965738,0.712337494,0.279655546,-0.0124373483,0.745089054,0.291286409,-0.00823476911,0.736551344,0.284394711,-0.0119152348,0.7267434,0.283034,-0.0135540478,0.717965305,0.283534199,-0.0144104511
2383.333333333334,0.518081307,0.308305085,1.07421343e-007,0.531356752,0.307856083,-0.00419760123,0.544478893,0.305705577,-0.00737598,0.554241,0.302707642,-0.0108439745,0.561588526,0.298844,-0.014232913,0.538845181,0.292234331,-0.00281123258,0.552116513,0.288870484,-0.00907748286,0.562014282,0.287836,-0.0143191069,0.56991446,0.28770259,-0.0174762551,0.534965873,0.288248658,-0.00453083869,0.545967042,0.281363398,-0.00920659676,0.555972457,0.277560294,-0.0128344735,0.564312458,0.275303274,-0.0152040105,0.528752,0.286207587,-0.00732179591,0.532840848,0.276851505,-0.0124281161,0.538835227,0.271056205,-0.0161357522,0.545518219,0.26695165,-0.0183993466,0.521495461,0.286254287,-0.0104748253,0.517809689,0.278320313,-0.0147021255,0.519985318,0.273627251,-0.0164995492,0.524440467,0.270529389,-0.0175144132
2400.0000000000005,0.751165807,0.314553618,-5.89327094e-008,0.73673,0.314294487,-0.00210249168,0.723831892,0.310796052,-0.00347212679,0.714273751,0.308063239,-0.00579141965,0.70653218,0.304754883,-0.00771950465,0.73089385,0.296057552,0.00439921906,0.723300576,0.290474,0.00106832129,0.715098917,0.288679093,-0.00310197356,0.708215117,0.288460791,-0.00599601958,0.735276163,0.293690383,0.00196963456,0.727833688,0.285431385,-0.000472133746,0.717958093,0.283227563,-0.00320275757,0.709503412,0.283621877,-0.00517020933,0.740014791,0.292671621,-0.00175847602,0.733258724,0.283467621,-0.00483878748,0.722346067,0.281687289,-0.00692817429,0.713572681,0.28241837,-0.0081097912,0.744597,0.292862505,-0.00603004405,0.736861706,0.28585878,-0.00901886728,0.727211654,0.284466952,-0.0103084,0.718627751,0.285116822,-0.0109917382
2400.0000000000005,0.518874705,0.310226589,1.09280428e-007,0.532196879,0.310044616,-0.00473741256,0.545390844,0.307537287,-0.00786107592,0.555295825,0.304233968,-0.0110347895,0.563199043,0.300778121,-0.0140043749,0.541291714,0.294117242,-0.00333735719,0.555250287,0.290394038,-0.00922666583,0.564741492,0.289390177,-0.0140597373,0.572180092,0.289527476,-0.0168967955,0.536842,0.290029198,-0.00455991691,0.548136353,0.28310585,-0.00895001646,0.558286488,0.279868037,-0.0121524855,0.566815,0.278238922,-0.0141215315,0.53007412,0.288023174,-0.00683278264,0.534939468,0.279076695,-0.0115782293,0.541606486,0.274046928,-0.0148009546,0.549015522,0.270740867,-0.0167038571,0.522054672,0.288134664,-0.00953103136,0.518636763,0.28065291,-0.0135141397,0.520865738,0.276466846,-0.0149984509,0.525366068,0.27391094,-0.0156882517
2416.666666666667,0.752151728,0.316340238,-2.35631532e-008,0.737832129,0.316023409,-0.00294111902,0.725144327,0.31237942,-0.00509125739,0.715661585,0.309629619,-0.00809308887,0.707567811,0.306090802,-0.0105816908,0.731270134,0.297057539,0.00253143115,0.723414898,0.290802956,-0.00208774791,0.714456499,0.288801551,-0.00665252144,0.707376242,0.288348764,-0.00950586237,0.736111164,0.294734776,5.1210558e-005,0.729963481,0.285015732,-0.00372466096,0.719600856,0.282550067,-0.00652255397,0.711134315,0.282715559,-0.00806428492,0.741075456,0.293926448,-0.00380403223,0.734557748,0.284043163,-0.00775084877,0.722735643,0.282462895,-0.00974818319,0.713661,0.283356249,-0.0105012311,0.745697,0.294639379,-0.00827567093,0.738118887,0.287107974,-0.0115771154,0.728131592,0.28587082,-0.0126893222,0.719540298,0.286807984,-0.0130369952
2416.666666666667,0.5195086,0.311367035,1.16349305e-007,0.532586,0.310988277,-0.00437849434,0.545368254,0.308689207,-0.00750588859,0.5557217,0.305726141,-0.0107437102,0.563900888,0.302170366,-0.0138505939,0.540623903,0.295852661,-0.00317915226,0.554625034,0.29335615,-0.00936272182,0.564846575,0.292500287,-0.01450375,0.573105633,0.29232794,-0.0174962636,0.537014663,0.291689366,-0.00470962748,0.549447238,0.28478539,-0.00901044,0.560006082,0.281606823,-0.0121625718,0.568862379,0.279425621,-0.0141886324,0.530847132,0.289410114,-0.0072634737,0.536994278,0.280866027,-0.0119145373,0.543999434,0.276254117,-0.0146347759,0.551229656,0.272844285,-0.0161921978,0.522816539,0.289073467,-0.0102429325,0.520655334,0.281116426,-0.0139365634,0.524082541,0.276761413,-0.0148759019,0.529513061,0.27390334,-0.0152499042
2433.3333333333335,0.752947569,0.318006933,-5.18361318e-008,0.738583088,0.317602158,-0.00341897621,0.725466967,0.314137429,-0.00628284039,0.716093898,0.311203212,-0.00991123077,0.708741963,0.307283789,-0.013141498,0.731399179,0.299108833,0.000555172039,0.722465634,0.292596787,-0.00587387104,0.712620795,0.290956587,-0.0118317287,0.704947531,0.291282773,-0.0153773492,0.736336708,0.296477884,-0.00190457248,0.728883266,0.286721706,-0.00717125321,0.717822909,0.284468859,-0.0110052144,0.708640456,0.285283029,-0.0131854787,0.741675377,0.295459688,-0.00572983222,0.734535754,0.285401,-0.0105844317,0.722483039,0.283919424,-0.0132289985,0.712993324,0.285087109,-0.0143974,0.746961176,0.295945317,-0.010168382,0.738768876,0.288341969,-0.0141532868,0.728441715,0.287023723,-0.0158126056,0.719443142,0.28785339,-0.0165198054
2433.3333333333335,0.520597279,0.312272042,1.13278588e-007,0.533573151,0.312208712,-0.00438914448,0.546668589,0.309861809,-0.00750796078,0.556862652,0.30656606,-0.0106684873,0.565111279,0.303132504,-0.0137516791,0.541914165,0.297602743,-0.00396190304,0.555446,0.295266509,-0.0102563351,0.565160751,0.294674873,-0.0152679272,0.572711647,0.294781029,-0.0181375854,0.538108051,0.293220431,-0.00551389484,0.551238835,0.286289185,-0.010172274,0.561631083,0.282958031,-0.0132985758,0.570224047,0.280473769,-0.015200655,0.531705797,0.290717572,-0.0080182841,0.538376,0.281907588,-0.0132185863,0.545016885,0.27706334,-0.0161726717,0.551898062,0.273465782,-0.0177571923,0.523436,0.290237665,-0.0108627798,0.521141231,0.282184571,-0.014933655,0.524706483,0.277893633,-0.0159877129,0.530437052,0.275227785,-0.0163912531
2450.0,0.754591048,0.319512933,-5.00441786e-008,0.73983717,0.319176137,-0.00335922022,0.726457834,0.315518707,-0.00588854728,0.716872394,0.312556207,-0.00916117709,0.709584475,0.308776945,-0.0120649207,0.732352614,0.300853819,0.000977400574,0.72211349,0.294327885,-0.00564813195,0.712016642,0.292851031,-0.0119779594,0.703716159,0.293400586,-0.0156501345,0.737146676,0.298047394,-0.00123349146,0.729373217,0.288303643,-0.00586726051,0.718476236,0.285468578,-0.00973851047,0.70866853,0.285373598,-0.0121318055,0.742554426,0.296881616,-0.00483801682,0.735472739,0.286666751,-0.00929763075,0.723628461,0.284414828,-0.0121594835,0.713470459,0.284646928,-0.0136157479,0.748013139,0.297334522,-0.00905452855,0.740204871,0.289910138,-0.01275976,0.730166674,0.288517356,-0.014249105,0.720892668,0.289135218,-0.0148950089
2450.0,0.521076918,0.313928545,1.22658491e-007,0.53413,0.313672036,-0.00393304089,0.547500432,0.311377436,-0.00703821471,0.558108151,0.308288127,-0.0103201959,0.566295505,0.30466792,-0.0135172568,0.541789412,0.29931435,-0.00384713,0.554814279,0.296589673,-0.0101806186,0.565041244,0.295903653,-0.0149831744,0.573099375,0.296127379,-0.0176301282,0.538463235,0.295026511,-0.00568145514,0.551609516,0.288252562,-0.0106241209,0.563299537,0.284775376,-0.013880779,0.572831213,0.282338381,-0.015716102,0.53247112,0.292542517,-0.00844021793,0.53792882,0.28311643,-0.0139977057,0.545412421,0.277967244,-0.0173903368,0.553092897,0.274468869,-0.0191383734,0.524744689,0.292046875,-0.0114771388,0.521759689,0.283480525,-0.0159155149,0.525706112,0.278842092,-0.0174022857,0.531918705,0.276128322,-0.0180433374
2466.6666666666665,0.754701734,0.321023911,-5.1305971e-008,0.74006772,0.320485353,-0.00325550488,0.727046192,0.316968441,-0.00572443753,0.71757251,0.314073265,-0.00893011317,0.70989114,0.310452223,-0.0118435677,0.732551575,0.302450031,0.000757943955,0.722176194,0.296094418,-0.00569559122,0.712437809,0.294462085,-0.0120112048,0.70397532,0.29499954,-0.0157007761,0.737391651,0.299601555,-0.00139235065,0.730084419,0.290353745,-0.00570461573,0.72002,0.287446439,-0.00957346242,0.710330665,0.287129432,-0.0121736685,0.742955387,0.298318684,-0.00489095645,0.736522675,0.288539708,-0.00910627283,0.72513938,0.286108911,-0.0120789632,0.714790881,0.286178917,-0.013775209,0.748569131,0.298507065,-0.00897720549,0.741164,0.290976852,-0.0124546289,0.731371105,0.289450884,-0.0138872163,0.721895039,0.290050149,-0.0146118738
2466.6666666666665,0.520418286,0.314957917,1.17898317e-007,0.533284724,0.314839184,-0.00423263106,0.546545863,0.31232357,-0.00765092159,0.557191,0.309364319,-0.0111569809,0.566006839,0.305770248,-0.014479815,0.542554498,0.299627542,-0.0042608995,0.556564033,0.29734996,-0.0108229127,0.566769719,0.297314018,-0.0158887859,0.574425876,0.297893733,-0.0187297445,0.539424241,0.295515418,-0.00592839299,0.552833259,0.289258718,-0.0108750546,0.564464569,0.28631866,-0.0139624225,0.573679626,0.284353524,-0.0157235563,0.533390105,0.29323712,-0.00857109297,0.53921,0.284255445,-0.0140277343,0.546534061,0.279078037,-0.0171215422,0.554127038,0.275216907,-0.0187418349,0.525493801,0.293006808,-0.0115231043,0.522837579,0.284716189,-0.0158405956,0.526005685,0.280114472,-0.0170506407,0.531416297,0.277048111,-0.0175226592
2483.333333333333,0.755735219,0.321997643,-5.92338054e-008,0.741222441,0.321846873,-0.00348241208,0.72789371,0.318443209,-0.00592574477,0.718433619,0.315363705,-0.00900674053,0.71031636,0.311719388,-0.0117665911,0.732344091,0.303993165,0.000558717584,0.722134352,0.297688872,-0.00556179928,0.712803662,0.296071917,-0.011664113,0.704740763,0.296563983,-0.0152826672,0.737068534,0.30108431,-0.00134058238,0.728402555,0.292557448,-0.00536224339,0.718324661,0.290078491,-0.00911411,0.709034145,0.290136307,-0.0116461404,0.742823601,0.299704075,-0.00455386518,0.735752165,0.29011777,-0.00840377808,0.724997461,0.287685126,-0.0110444501,0.715377152,0.287750542,-0.0125845429,0.749108732,0.299790591,-0.00840043649,0.742158,0.292247832,-0.011766294,0.733072639,0.290582567,-0.0130874,0.724289834,0.291215718,-0.013709221
2483.333333333333,0.521437228,0.316263556,1.10699453e-007,0.534629166,0.316143066,-0.00361174555,0.54764843,0.3133623,-0.0064950292,0.558220088,0.310286373,-0.00956368353,0.566666126,0.306575477,-0.0124606108,0.542328954,0.300469637,-0.00334593072,0.556752801,0.298706263,-0.009455611,0.567157149,0.298894554,-0.0141290491,0.575032532,0.299599171,-0.0168042295,0.53937304,0.29643324,-0.00516922073,0.552521944,0.290542156,-0.00990706775,0.563980103,0.288070798,-0.0127420695,0.573221743,0.286503702,-0.0143379169,0.533619821,0.294166774,-0.00793126877,0.539350927,0.285097957,-0.0132306051,0.546638548,0.279705673,-0.0161492154,0.554371178,0.275607705,-0.0177007597,0.526190817,0.293924212,-0.0109731667,0.52377224,0.285371095,-0.0152619565,0.527547657,0.280834913,-0.0164503753,0.533671141,0.277915359,-0.0169334617
2499.9999999999995,0.756487072,0.32298097,-5.37325064e-008,0.741952,0.322916,-0.00420110626,0.728846,0.320004463,-0.00734847598,0.719134033,0.317022473,-0.010965771,0.710681558,0.313611329,-0.014285326,0.732509494,0.305308,-0.000937359757,0.721215487,0.299055755,-0.00737449899,0.711523,0.29734993,-0.0136868032,0.70334357,0.297470778,-0.0175719745,0.737065732,0.302397609,-0.00260013854,0.72618258,0.294178963,-0.00773272524,0.715384901,0.292048097,-0.0123143233,0.70598942,0.292323768,-0.0152017344,0.742973745,0.300861448,-0.00544326473,0.734199,0.291633874,-0.00983043946,0.723479331,0.289187938,-0.012761062,0.714138031,0.289317399,-0.0143595487,0.750130236,0.30079174,-0.00895215943,0.743107319,0.293350518,-0.0125595098,0.734317482,0.291248828,-0.014062684,0.725795031,0.291542292,-0.0147091839
2499.9999999999995,0.522509754,0.317365438,1.08311468e-007,0.53575027,0.316832185,-0.00340574072,0.548624635,0.314014554,-0.00648257183,0.558650136,0.310911536,-0.00995159708,0.567397356,0.307466537,-0.0133282738,0.543015182,0.301114559,-0.00268428214,0.557334125,0.299558967,-0.00919353776,0.567588925,0.299897134,-0.0144222509,0.57545805,0.300899982,-0.0174950026,0.540160716,0.297191441,-0.00485195825,0.553802192,0.291615039,-0.0098428838,0.565347433,0.289480925,-0.0129773943,0.574764,0.288212389,-0.0147733642,0.53442651,0.295020849,-0.00802348368,0.540298343,0.286123604,-0.013493482,0.547565341,0.281074643,-0.016355833,0.555327296,0.277172714,-0.0178412013,0.526915669,0.294923753,-0.0114981458,0.524020851,0.286548764,-0.0157621112,0.527556479,0.28211683,-0.0166786648,0.533597708,0.279191,-0.0169714689
2516.666666666666,0.757749259,0.324227482,-5.23406527e-008,0.743749917,0.324448466,-0.00477136,0.730169892,0.321677744,-0.0083790822,0.719896376,0.318885952,-0.0123194428,0.710903764,0.315508187,-0.0159946326,0.73331219,0.306879938,-0.00221333792,0.721693933,0.300616324,-0.00907196384,0.711826,0.298804045,-0.0156233795,0.703569,0.298779905,-0.0197150819,0.737915516,0.303757161,-0.00373969111,0.726587057,0.295671821,-0.0095088128,0.71538341,0.293493718,-0.014427186,0.70556128,0.293581337,-0.0174896475,0.743867,0.301968,-0.00643809466,0.734885156,0.292691678,-0.0113354791,0.723821044,0.289898604,-0.0145567544,0.714007497,0.289441794,-0.016327817,0.75121671,0.301680386,-0.0098128356,0.744056165,0.294294357,-0.013891113,0.735013,0.291974574,-0.0156440251,0.726130843,0.291888058,-0.0164307225
2516.666666666666,0.522129893,0.3184793,9.57489945e-008,0.535521269,0.317551613,-0.00303630927,0.548569441,0.314845592,-0.00594526157,0.558623314,0.311933249,-0.00933784,0.56676811,0.308280677,-0.0126801338,0.542707622,0.302478015,-0.00224356772,0.557564,0.300949723,-0.00862255,0.56787467,0.301186413,-0.0138849234,0.575804651,0.302134573,-0.0170277804,0.540068626,0.298383,-0.00454726815,0.553441703,0.292943925,-0.00940222759,0.564575791,0.290939122,-0.012488747,0.573413193,0.290027231,-0.0142169259,0.534540713,0.296035141,-0.00779879931,0.5414747,0.286997437,-0.0130586112,0.548830748,0.28195405,-0.0156835504,0.5562343,0.278286636,-0.0169913974,0.527204,0.295787603,-0.0113290055,0.524355173,0.287440807,-0.0155430585,0.528001487,0.283040076,-0.0162613932,0.533977032,0.28039059,-0.0163075961
2533.3333333333326,0.759155273,0.325954378,-4.54614266e-008,0.744937479,0.326039195,-0.00488074729,0.730984032,0.323247731,-0.00834553,0.720611572,0.320482939,-0.0120535614,0.711376,0.317318916,-0.0154684456,0.733361065,0.307965517,-0.00204223394,0.721127808,0.301990896,-0.00825343,0.711416066,0.299939,-0.014402899,0.702893674,0.299391627,-0.0184687246,0.737938941,0.304914236,-0.00355907762,0.725961208,0.29716742,-0.00917254947,0.714993238,0.294825435,-0.0140561778,0.705394208,0.294680744,-0.017118251,0.744102359,0.303262889,-0.0062276423,0.734805048,0.294274807,-0.0111555923,0.724485219,0.291303605,-0.0144575816,0.715416491,0.290567964,-0.0162690803,0.751768351,0.303036422,-0.00957298651,0.74483633,0.295740187,-0.013793841,0.736066461,0.29309085,-0.0157615766,0.727346957,0.292579174,-0.0167026017
2533.3333333333326,0.521259725,0.319453806,9.71478258e-008,0.534740329,0.318600357,-0.00227031414,0.54807955,0.31564346,-0.00492772739,0.5586164,0.31287989,-0.00829936285,0.567079127,0.30957374,-0.0115503604,0.543109059,0.303028,-0.000651932962,0.558026433,0.301853508,-0.00654432178,0.567814827,0.302843481,-0.0115888566,0.574847221,0.304437727,-0.0146377059,0.540412545,0.299217016,-0.00335601275,0.554706216,0.294321775,-0.00804132503,0.566711,0.292934477,-0.0111338757,0.576057196,0.292666048,-0.0128807528,0.534905434,0.297076374,-0.0070725386,0.541091442,0.288180739,-0.0122861499,0.54816252,0.28309086,-0.0150842201,0.555687487,0.279470146,-0.01653843,0.527845144,0.296995372,-0.0110202702,0.525204897,0.288644701,-0.0151612572,0.528476119,0.284164369,-0.0159128364,0.534181297,0.281314582,-0.0160913561
2549.999999999999,0.761174321,0.327529609,-3.51687852e-008,0.746563137,0.327523082,-0.00440865289,0.731716514,0.324742287,-0.00752942264,0.721191943,0.321708292,-0.0108870612,0.712370634,0.31859684,-0.0139876986,0.733322203,0.309503138,-0.00179394451,0.721089959,0.303403884,-0.0075888508,0.711571336,0.300934851,-0.0131659294,0.703241944,0.299983382,-0.0169034377,0.738009334,0.306474835,-0.0034031088,0.724815965,0.298936605,-0.00877097342,0.713877857,0.296532393,-0.0131766079,0.704352498,0.29629007,-0.0158454943,0.744567752,0.304814517,-0.0060865758,0.733559787,0.297039866,-0.010740309,0.723104119,0.294302136,-0.0134880971,0.713893592,0.293503821,-0.0149284704,0.752925932,0.304492444,-0.00942887273,0.74605912,0.297421277,-0.0133308014,0.73799336,0.294561267,-0.0149992872,0.729738474,0.293439716,-0.0157503821
2549.999999999999,0.520917654,0.320984,1.08178433e-007,0.53458333,0.319999099,-0.00251312088,0.548103571,0.316994101,-0.00566011155,0.558826268,0.314082921,-0.0094360467,0.567939162,0.310638487,-0.013056986,0.542953491,0.304612428,-0.00212669838,0.557700276,0.30303064,-0.00827227812,0.567420781,0.304108888,-0.0131513206,0.574624896,0.305504292,-0.0161605626,0.540737748,0.300864637,-0.00491815899,0.555771708,0.296283633,-0.0103088636,0.568772614,0.295342684,-0.0135612972,0.578687668,0.295239389,-0.0153176319,0.535466373,0.298759639,-0.00864209514,0.542008877,0.289679825,-0.0144086136,0.548904538,0.284089088,-0.017571006,0.556110084,0.279957145,-0.0192938279,0.528307676,0.298835099,-0.0125606367,0.525483906,0.290240586,-0.0169414114,0.528592944,0.285577238,-0.0179430861,0.533879459,0.282649279,-0.0183791555
2566.6666666666656,0.762433708,0.329156101,-3.3747142e-008,0.74727869,0.328826845,-0.00395598263,0.732347846,0.325971901,-0.00688294414,0.721826375,0.323041588,-0.0101542063,0.712738,0.320587486,-0.0132368058,0.7338714,0.311142653,-0.00109683443,0.722405672,0.304964125,-0.00671166135,0.713255942,0.302629024,-0.0122038685,0.705374658,0.301744461,-0.0158940721,0.738768458,0.308165103,-0.00294042262,0.726109803,0.300693065,-0.00820174,0.715625644,0.298232824,-0.0126952622,0.706391215,0.297784835,-0.0154699031,0.745472491,0.306455284,-0.00584173622,0.734763861,0.298274308,-0.0103931781,0.724766,0.294897735,-0.0132128261,0.715667367,0.293389797,-0.0147482902,0.753967345,0.306014329,-0.00935484562,0.747131,0.298719734,-0.0130103966,0.739358723,0.295440197,-0.0145274345,0.731094,0.293955356,-0.0152333006
2566.6666666666656,0.521361113,0.321642548,1.19205389e-007,0.534912467,0.320551693,-0.00217612926,0.548263371,0.317557931,-0.00544510549,0.558989346,0.314973265,-0.00947490707,0.568152964,0.311577,-0.0132679753,0.542915285,0.304902,-0.00162961928,0.559144557,0.303822905,-0.00792798307,0.569055,0.305540472,-0.0130043728,0.575804234,0.307677537,-0.016009016,0.541089356,0.301235944,-0.00453749578,0.55620265,0.296635956,-0.010183149,0.56951654,0.296096802,-0.0136137037,0.579402626,0.296834022,-0.0153068919,0.536057293,0.29931289,-0.00835653115,0.542535901,0.289995641,-0.0140995141,0.549564421,0.284489185,-0.0172710177,0.55701381,0.280745804,-0.0189527851,0.529340923,0.299665391,-0.0123358872,0.52660805,0.291419238,-0.0165925026,0.529181898,0.286730289,-0.0174966343,0.533829272,0.283817381,-0.0178303793
2583.333333333332,0.764169574,0.330298722,-3.59544394e-008,0.748671293,0.330051214,-0.00420721294,0.733637035,0.327291846,-0.0073830667,0.722653806,0.324665785,-0.0109474966,0.7131868,0.321999371,-0.0143194962,0.734203279,0.312717408,-0.000957853801,0.722434163,0.307147801,-0.00704197306,0.71327436,0.305084884,-0.0130191417,0.705324769,0.304376304,-0.0169961639,0.738748968,0.309648573,-0.00271898182,0.725709736,0.302913219,-0.00845949072,0.714675725,0.300682664,-0.0134402169,0.704728186,0.300269544,-0.0165807474,0.745340288,0.307783276,-0.00559436,0.734529197,0.300228775,-0.0104187503,0.724752307,0.297249,-0.0133419465,0.715883,0.295915663,-0.0148871839,0.753704906,0.307107747,-0.00912532862,0.745847642,0.299946606,-0.0129557801,0.737804472,0.296517491,-0.0146185551,0.729306579,0.294646591,-0.0153619023
2583.333333333332,0.521150827,0.32258293,1.08501e-007,0.534768641,0.321490586,-0.00166064862,0.548356175,0.318401158,-0.00445749797,0.559435546,0.31563583,-0.00820269,0.568815827,0.312437266,-0.0117251417,0.543195128,0.306672662,-0.000392859947,0.557866573,0.305312157,-0.00656412402,0.567524433,0.306858897,-0.011556006,0.574730337,0.308641165,-0.0146194315,0.541621685,0.303045124,-0.00375530869,0.556797862,0.298502713,-0.00929692201,0.570101559,0.29792,-0.0125741595,0.580100954,0.298441112,-0.0142017892,0.536844313,0.300959021,-0.00810150895,0.543675,0.291577339,-0.0138876894,0.550138116,0.285956115,-0.0167320073,0.557033062,0.282041579,-0.0181114916,0.530035615,0.300964296,-0.0126257669,0.528130829,0.292871058,-0.0166957229,0.531043112,0.288183928,-0.0172759276,0.535764456,0.285113901,-0.0174131412
2599.9999999999986,0.764626324,0.3312805,-1.86033109e-008,0.748812079,0.331246227,-0.00410606433,0.733994782,0.328417152,-0.00737316441,0.723003268,0.32602337,-0.0110089276,0.713493,0.323568344,-0.0145573737,0.73458457,0.313898712,-0.00174611842,0.721592188,0.308005244,-0.0076039033,0.711914241,0.305533,-0.0133665791,0.703398287,0.304283828,-0.0173694417,0.739243329,0.311158329,-0.00357830967,0.725621521,0.304651439,-0.00937211141,0.714303911,0.302591264,-0.0142862853,0.704157,0.301974833,-0.0174513683,0.74588567,0.309475958,-0.00640352629,0.735625327,0.301045954,-0.011320414,0.726363063,0.297092527,-0.0140412925,0.717730582,0.294616312,-0.0155904833,0.75418973,0.309059292,-0.0098133916,0.747090042,0.30157724,-0.0137893939,0.739563346,0.297691882,-0.0151417116,0.731604159,0.295098662,-0.0157300215
2599.9999999999986,0.52033025,0.322735,1.0166211e-007,0.534507751,0.321839184,-0.00214327243,0.54818511,0.31890133,-0.00496086106,0.559177518,0.316162586,-0.00864624,0.568537712,0.313171446,-0.0122323334,0.543867588,0.30694136,-0.000710109365,0.558643937,0.305514604,-0.00718351873,0.568066299,0.30733794,-0.0126116928,0.574735582,0.309583157,-0.0159372333,0.54199779,0.303495526,-0.00381969661,0.556778,0.299236417,-0.009546021,0.569894791,0.299105585,-0.0133567574,0.579968,0.299852759,-0.0154846935,0.537002921,0.301548511,-0.00795467477,0.54466325,0.293034434,-0.0135144396,0.552494049,0.2882,-0.0166554954,0.560643375,0.284679949,-0.0184759162,0.529786825,0.301602066,-0.0123623917,0.528272748,0.29371503,-0.0163521562,0.532325923,0.289364874,-0.0172757823,0.538352132,0.286622375,-0.0177755449
2616.666666666665,0.765496373,0.332390457,-2.36390818e-008,0.750127673,0.33248803,-0.00383400847,0.735258758,0.329532325,-0.00681405328,0.724022865,0.327304,-0.0101532517,0.714583,0.325023115,-0.0133556565,0.736086,0.315277636,-0.00147263496,0.722976327,0.309271812,-0.00728030829,0.712616801,0.307010174,-0.0128807798,0.70376581,0.306098074,-0.0166787244,0.740200222,0.312613249,-0.00335680391,0.725993097,0.306413472,-0.00867684931,0.714255929,0.304573715,-0.0130783757,0.704080343,0.304116488,-0.0158637445,0.74648571,0.310840368,-0.00625474798,0.735818803,0.302364916,-0.010825499,0.726650655,0.298316956,-0.0130461324,0.718222499,0.295604646,-0.0142532634,0.754451931,0.31027016,-0.00973020121,0.747574389,0.302690297,-0.0133851916,0.740658224,0.298550338,-0.014292594,0.733285844,0.295536488,-0.0145448716
2616.666666666665,0.521906853,0.323507041,1.12980103e-007,0.535471082,0.322514147,-0.00259275828,0.548849821,0.319531918,-0.00553912437,0.559147835,0.316615701,-0.00925174,0.568855166,0.31370163,-0.0128263943,0.543130875,0.30725491,-0.000838338514,0.559011936,0.306116432,-0.00737650925,0.568371832,0.308042884,-0.0128065767,0.574724853,0.310583681,-0.016027078,0.541434288,0.304076582,-0.0035273768,0.556610286,0.300124615,-0.0091062095,0.569473386,0.300045937,-0.0129043031,0.579238892,0.300848782,-0.015035457,0.536655188,0.302434355,-0.00729460781,0.543214202,0.2939969,-0.0127578331,0.550273657,0.28930524,-0.0160226226,0.557765424,0.2860367,-0.0179154128,0.529738605,0.302817225,-0.0113544678,0.527825654,0.295158744,-0.0152343074,0.530430138,0.290883571,-0.0162469111,0.534774303,0.288091689,-0.0168082789
2633.3333333333317,0.765057445,0.333311796,-2.53874308e-008,0.750515,0.333526462,-0.00381356478,0.735310197,0.330738276,-0.00681065535,0.724103928,0.328458577,-0.0100314645,0.714491606,0.3261832,-0.0131311174,0.735170782,0.316608489,-0.00192048284,0.722007692,0.311129481,-0.00706908247,0.712049544,0.308884144,-0.0121024074,0.703393221,0.30776605,-0.0157437548,0.739155948,0.313739806,-0.00382262096,0.724126756,0.308329523,-0.00928218476,0.712087274,0.306873828,-0.013648265,0.701874793,0.306631505,-0.016392732,0.745743513,0.311900139,-0.00662733568,0.734937191,0.303177625,-0.0116802864,0.725802124,0.298792928,-0.0141495392,0.717490315,0.295709,-0.0155245094,0.754335225,0.311257303,-0.0098805679,0.747717559,0.303482085,-0.0139804846,0.741507292,0.29912132,-0.0150447898,0.734707952,0.295820147,-0.0154534634
2633.3333333333317,0.522822678,0.324104905,1.07020803e-007,0.536070526,0.323344439,-0.00242225709,0.548976958,0.320370018,-0.00534583395,0.559753716,0.317491859,-0.00908943359,0.569771528,0.314355254,-0.0126827611,0.543643177,0.307987511,0.000391206093,0.559310257,0.306825161,-0.00592962839,0.568687499,0.308609515,-0.0114663048,0.57520467,0.310860783,-0.014776011,0.541859448,0.304779977,-0.00212348392,0.557052255,0.300893962,-0.007304186,0.569856048,0.300759166,-0.011042174,0.57966733,0.301661521,-0.0131210936,0.537083745,0.30305025,-0.00579254469,0.543595493,0.294904292,-0.0108286841,0.551293612,0.290794969,-0.0139503274,0.559421957,0.2881217,-0.0156818219,0.530663788,0.303203583,-0.00977489259,0.528245091,0.295831054,-0.0134532284,0.530244231,0.29174158,-0.0144916419,0.533999503,0.288986534,-0.0149812968
2649.999999999998,0.765814,0.334479749,-3.04910515e-008,0.751094699,0.33461833,-0.00331662339,0.73601383,0.33178547,-0.00626868848,0.724874079,0.329690188,-0.00952087,0.715404272,0.327110261,-0.0126110129,0.736167729,0.317854911,-0.00198008725,0.722404778,0.312406629,-0.00720197475,0.712174535,0.310399115,-0.012086818,0.70342195,0.309390634,-0.0155980606,0.739860415,0.315251708,-0.00413038349,0.724212646,0.310105234,-0.00969048496,0.711967766,0.308943778,-0.0138087338,0.701911867,0.308804423,-0.016365679,0.7461676,0.313480973,-0.00715782,0.735407412,0.304555655,-0.0123677934,0.726101458,0.29993993,-0.014741851,0.717897356,0.296562195,-0.0160583053,0.754333496,0.312849581,-0.0105453664,0.74777627,0.304940432,-0.0147261675,0.741695106,0.300286353,-0.0157318134,0.734975934,0.296532542,-0.016124662
2649.999999999998,0.521198392,0.324960083,8.83898252e-008,0.535332859,0.324390531,-0.00194100814,0.549437404,0.321329206,-0.00435272884,0.560273767,0.318752527,-0.00754803,0.569657505,0.31574434,-0.0105950562,0.544858575,0.309254676,0.000227765049,0.560352921,0.307654738,-0.00611874415,0.569769859,0.309447348,-0.0116934609,0.576321304,0.312073708,-0.0149303814,0.54287684,0.305947125,-0.00252391864,0.557790279,0.301973164,-0.00775179453,0.570660114,0.30210802,-0.0114452271,0.58066,0.303444982,-0.0134204859,0.537785172,0.303996623,-0.00635273149,0.546828568,0.296404362,-0.0112606846,0.556360662,0.292878598,-0.014034356,0.565836489,0.290765911,-0.0155231021,0.530752301,0.303790301,-0.0105012907,0.528866887,0.296396524,-0.0141833257,0.532144904,0.292039812,-0.0152450772,0.537293136,0.28916043,-0.0157203171
2666.6666666666647,0.765976727,0.336073786,-3.64978838e-008,0.751706719,0.336277336,-0.00334764761,0.736625,0.333065152,-0.00622261874,0.725578547,0.33075434,-0.00938362349,0.715825498,0.328211188,-0.0123440539,0.736339509,0.318818599,-0.0017320934,0.722562253,0.313197017,-0.00668670889,0.712364733,0.311344385,-0.0113131646,0.703251362,0.310415089,-0.0147335343,0.740018368,0.316345364,-0.00397212384,0.724241674,0.311342686,-0.0101933461,0.711606503,0.311171025,-0.0146001438,0.701554477,0.311957479,-0.0170443151,0.746219039,0.314754,-0.0070570414,0.73578155,0.305611372,-0.0127933,0.72589612,0.300982386,-0.0155458907,0.717276096,0.297552139,-0.0169816148,0.754301608,0.314279765,-0.0104569588,0.748382747,0.306320518,-0.0149472775,0.742139757,0.301711887,-0.0161911566,0.735301077,0.298021048,-0.0167111382
2666.6666666666647,0.520979464,0.326168656,9.3804772e-008,0.534996271,0.325493723,-0.00219878741,0.548887551,0.322259396,-0.00483750273,0.560697079,0.319809556,-0.00819955207,0.570949733,0.31703037,-0.0113075441,0.545102537,0.310426056,0.00041864111,0.560801804,0.30893451,-0.00564004341,0.570684433,0.310499817,-0.0110882418,0.577847481,0.312930703,-0.0143369222,0.543259,0.307436258,-0.00228620204,0.55850327,0.303468138,-0.00753562106,0.571119487,0.304032922,-0.0113327922,0.5808267,0.305940866,-0.0133941155,0.53848207,0.305615723,-0.00607684907,0.548959076,0.298350275,-0.0108780153,0.559039593,0.295421451,-0.0134430053,0.568689823,0.29399845,-0.01486063,0.531569719,0.305330724,-0.0102326768,0.531168818,0.297749,-0.0136310318,0.534882,0.293061316,-0.0145021919,0.540123641,0.289832532,-0.0149924308
2683.333333333331,0.766954958,0.337572485,-4.33866845e-008,0.752420664,0.337732643,-0.00349677238,0.737672091,0.334630877,-0.00697850529,0.726559758,0.33250463,-0.0107797245,0.71693176,0.329772532,-0.0144663621,0.738181651,0.320058584,-0.00291156094,0.723805964,0.314861298,-0.00849155523,0.712844133,0.313141465,-0.0135744065,0.703249037,0.312310517,-0.0173024349,0.741504371,0.317545,-0.00518356636,0.724792898,0.312745541,-0.0115016066,0.711056769,0.312791944,-0.0158030409,0.699961126,0.313526243,-0.0184147023,0.747565567,0.316142797,-0.00827114563,0.737494886,0.306526572,-0.0141491173,0.7272439,0.30193612,-0.0167646,0.718399405,0.298656851,-0.0182561856,0.755274057,0.316076,-0.0116785616,0.749505103,0.30757311,-0.0164293647,0.742882907,0.302877367,-0.017677702,0.735772371,0.299119502,-0.0182855893
2683.333333333331,0.521217048,0.326982707,7.65311583e-008,0.535448909,0.326598346,-0.00200889,0.549952447,0.323294401,-0.00399511587,0.561621666,0.320453346,-0.00666647125,0.571858466,0.318257153,-0.00920659397,0.546949446,0.311972708,0.00071490166,0.561629951,0.310600787,-0.00471790554,0.571285069,0.311763406,-0.00972911436,0.57828337,0.313605726,-0.0128631517,0.544577479,0.308664799,-0.00197184575,0.559297264,0.304718912,-0.007226808,0.571493,0.305746168,-0.0109997438,0.580634713,0.307844698,-0.0129681872,0.539701402,0.306615323,-0.00566379027,0.550694942,0.299561888,-0.0107079744,0.561621666,0.297200233,-0.0135224275,0.571753681,0.29606089,-0.0150462678,0.532842159,0.305976599,-0.00967331789,0.532980382,0.298254609,-0.0133681325,0.53717947,0.293716431,-0.0145525467,0.542758882,0.290578961,-0.0152689805
2699.9999999999977,0.767665267,0.338818282,-6.0529544e-008,0.753092349,0.338843167,-0.00262352917,0.737939179,0.335319489,-0.00550718838,0.72677362,0.333138347,-0.00886367168,0.717218399,0.330436468,-0.0121334614,0.738292754,0.320795983,-0.00143675634,0.723288357,0.315958411,-0.00698268879,0.712412834,0.314663678,-0.0121984314,0.702859759,0.314270079,-0.0159409977,0.741789699,0.318459153,-0.00425466895,0.725116611,0.313774019,-0.0103581,0.711840332,0.314386934,-0.0146929519,0.701397419,0.315843523,-0.0171826929,0.748069286,0.317309052,-0.00792206172,0.737973511,0.307492495,-0.013575743,0.727752864,0.302766204,-0.0163601283,0.719081342,0.299285948,-0.0179490075,0.75589931,0.317694187,-0.0118382191,0.750115395,0.309420258,-0.016368499,0.743803144,0.304614,-0.0175838154,0.737151384,0.300549775,-0.0181629565
2699.9999999999977,0.52147156,0.327233732,7.67553558e-008,0.535616,0.327519894,-0.00199381239,0.550021827,0.32434988,-0.00352903246,0.561371446,0.321495444,-0.00570605975,0.57113868,0.319235355,-0.00766891893,0.548888505,0.313187331,0.00155273452,0.563203931,0.311726302,-0.00306848204,0.572704613,0.312314093,-0.00732452702,0.579586685,0.313746184,-0.00987359602,0.546305597,0.310001075,-0.000763950695,0.561057687,0.306492656,-0.00469478453,0.572627068,0.307070971,-0.00763284648,0.581503689,0.308689386,-0.0093052974,0.541308343,0.307854325,-0.00413372647,0.553509057,0.301659852,-0.00841639,0.563885,0.299477786,-0.0106688794,0.573379397,0.29845047,-0.0119530149,0.534070551,0.306919962,-0.00782897882,0.535395205,0.299333692,-0.011134278,0.54066211,0.295234412,-0.0121017536,0.547448516,0.292657286,-0.0127023971
2716.6666666666642,0.768851101,0.340233654,-7.20383113e-008,0.753869176,0.339942873,-0.00169144187,0.738422871,0.336423039,-0.00419529062,0.727187216,0.334159076,-0.00746227289,0.717620373,0.331444085,-0.0106525896,0.738927484,0.322420806,0.000443594763,0.724401534,0.317725331,-0.00536322,0.713406146,0.316753924,-0.0109824678,0.704212427,0.317071885,-0.0148077663,0.742244899,0.320026368,-0.00283539132,0.72560662,0.315198034,-0.00911047589,0.712346792,0.316127181,-0.013751192,0.702217102,0.318228811,-0.0163002666,0.748295248,0.318677396,-0.00699916901,0.73837,0.309092432,-0.0124411378,0.728289366,0.304817826,-0.0150137553,0.719917,0.301889032,-0.0163999423,0.755969048,0.318827748,-0.0114031006,0.750126243,0.310757339,-0.0153605482,0.743767083,0.306087673,-0.0161652695,0.73713553,0.30220902,-0.0164709873
2716.6666666666642,0.519649327,0.328204483,7.77916895e-008,0.534454226,0.328476399,-0.00106006605,0.549509227,0.324735701,-0.00177980203,0.561600268,0.322420597,-0.00320643745,0.57164824,0.320594102,-0.00444490137,0.546925128,0.312939674,0.00236377935,0.56132,0.310594618,-0.00174968247,0.572419047,0.310530245,-0.00552738225,0.580764353,0.311630726,-0.00779551035,0.544528782,0.31101194,-0.000480229704,0.560007811,0.307694167,-0.00431855349,0.572482109,0.308315039,-0.00731730461,0.581965208,0.309907675,-0.0090052085,0.540438712,0.309791327,-0.00432398776,0.553906441,0.304449856,-0.00868701749,0.566552699,0.303483725,-0.0109989475,0.577362895,0.303610504,-0.0122049786,0.534825206,0.309441805,-0.00845546834,0.53723222,0.301318854,-0.0122780092,0.543556571,0.297242761,-0.0137521653,0.550972641,0.295122027,-0.0145824421
2733.3333333333308,0.769552946,0.34195888,-6.50435368e-008,0.75419873,0.341299444,-0.00143603445,0.739364326,0.337462,-0.00398370111,0.728277504,0.335270286,-0.00745667703,0.718282819,0.332707703,-0.0109485313,0.739912927,0.323790967,0.000851899618,0.72581929,0.319093168,-0.00532082468,0.714624703,0.318378896,-0.0113568613,0.70527,0.318996817,-0.0153910825,0.743122518,0.321575135,-0.00275430689,0.727331281,0.316489816,-0.00883566774,0.713343382,0.317211688,-0.0134610962,0.70241189,0.319216073,-0.0161209758,0.74911052,0.320557505,-0.00732650189,0.738691,0.310658514,-0.0125520788,0.728309691,0.30616343,-0.015086011,0.719778657,0.302916795,-0.0165838432,0.75645119,0.321183205,-0.0121793905,0.750526667,0.313043118,-0.0160880759,0.743954718,0.308279634,-0.0169053394,0.737334251,0.304227144,-0.0173029285
2733.3333333333308,0.519452572,0.328781545,9.62445412e-008,0.535273671,0.328853,-0.00176265195,0.549622476,0.325800151,-0.00306606619,0.561582446,0.323914,-0.00512391189,0.571475,0.322002679,-0.00699070375,0.547978401,0.314991921,0.00196504639,0.562575936,0.311533064,-0.00274769985,0.573857,0.31143856,-0.00703243,0.582401574,0.312536031,-0.00955009833,0.54572469,0.313168436,-0.000669535948,0.56184715,0.309731036,-0.00516723702,0.574447,0.310304403,-0.00935593,0.58399874,0.31210044,-0.011942992,0.541802227,0.311818182,-0.00433998741,0.557066441,0.30767709,-0.00907597,0.570278645,0.30771333,-0.0123206209,0.580887437,0.308884323,-0.014152036,0.536192477,0.311024,-0.0083373962,0.542126715,0.304534,-0.0119168554,0.549653411,0.300997496,-0.0137123754,0.557368338,0.299068362,-0.0148875583
2749.9999999999973,0.770473421,0.343224734,-7.07597678e-008,0.755192757,0.342739433,-0.00160732935,0.739507556,0.338992059,-0.00391461095,0.728056,0.336651623,-0.00692840246,0.718191147,0.334079057,-0.00994608086,0.739721656,0.325484514,0.00033554752,0.725784421,0.320722908,-0.00597239099,0.715082288,0.320392728,-0.0121686962,0.705851614,0.321397632,-0.0162730943,0.742903054,0.323129505,-0.00305214897,0.727448702,0.317744374,-0.00891719,0.713537753,0.318084329,-0.0135556255,0.702324271,0.31975463,-0.0163702033,0.748995364,0.322239339,-0.0074197,0.738790572,0.31232655,-0.0128292693,0.728506,0.307768703,-0.0157877319,0.719713151,0.30435282,-0.0176019408,0.756508112,0.323102951,-0.0119952662,0.750038803,0.315265566,-0.0160860922,0.743746221,0.310739398,-0.0170869287,0.737226427,0.306931973,-0.0176662263
2749.9999999999973,0.519477,0.328605771,1.35580279e-007,0.534564734,0.329831779,-0.0014517603,0.549834132,0.32711488,-0.00247937674,0.561761498,0.325342447,-0.00438493025,0.573089659,0.323655039,-0.0059378515,0.548643172,0.314174682,0.00518465322,0.563318193,0.312510908,0.00152423675,0.574879885,0.312770903,-0.00257451623,0.583814859,0.313655764,-0.00511949137,0.546216905,0.312147737,0.00294850976,0.562961042,0.309286594,0.000196937384,0.575536251,0.309522271,-0.00264109671,0.586000502,0.310566127,-0.00455030752,0.543202221,0.311297625,-0.000505284697,0.561268,0.308534,-0.00404919358,0.574603915,0.308939368,-0.00609339587,0.585349083,0.310190588,-0.00711661344,0.540397346,0.311593145,-0.00437145773,0.556413,0.309793115,-0.00753357448,0.567932725,0.310199559,-0.00845445413,0.577367425,0.31119439,-0.00870594103
2766.666666666664,0.772993267,0.345973581,-5.90926099e-008,0.757481933,0.345532626,-0.0017761573,0.741415858,0.341057062,-0.00356570794,0.72945112,0.338260591,-0.00621509925,0.718854547,0.335672915,-0.00878841709,0.741145074,0.32818678,0.000707119878,0.726742446,0.323366731,-0.00546447793,0.71492523,0.32259655,-0.0111192809,0.704829,0.323172659,-0.0147045134,0.743962526,0.326081783,-0.00241562608,0.727947414,0.32073462,-0.00860966928,0.714300036,0.320560634,-0.0130624538,0.703077495,0.321929932,-0.0154937152,0.749019146,0.324968338,-0.00655188644,0.735362709,0.317585796,-0.0119996825,0.722512841,0.315196157,-0.0147743588,0.711788297,0.31395182,-0.0160399564,0.755438685,0.324906468,-0.0110902525,0.747028947,0.316881,-0.0153312106,0.738297522,0.312233806,-0.0171552785,0.729681313,0.308760256,-0.0180423222
2766.666666666664,0.51831615,0.330394626,1.35534108e-007,0.53419894,0.331107706,-0.000941890874,0.550124824,0.328519702,-0.00314177945,0.561863899,0.327361852,-0.00619585766,0.572169125,0.325745821,-0.0090621,0.546849072,0.313478231,0.00107153296,0.56223923,0.312321216,-0.00449223164,0.574577391,0.313392609,-0.00974847097,0.58344686,0.315381378,-0.0130394343,0.54331094,0.311853319,-0.0022153561,0.562087774,0.309474558,-0.00634526834,0.575680375,0.310101569,-0.00978330523,0.585703671,0.311794251,-0.0121586854,0.539973,0.312386453,-0.00634762691,0.559123933,0.309966415,-0.0108661475,0.573077261,0.31084922,-0.0130233923,0.583617866,0.31264317,-0.0143025573,0.537099183,0.31522271,-0.0107690347,0.552677214,0.314766407,-0.0149505027,0.56357342,0.316094398,-0.0159073938,0.571957171,0.318008214,-0.0161414184
2783.3333333333303,0.773680031,0.347957879,-3.95911428e-008,0.757801056,0.347409278,-0.00185723149,0.741751313,0.342894256,-0.00336999889,0.729896486,0.339822441,-0.00562781049,0.719265282,0.337401599,-0.00781695079,0.741721869,0.330016255,9.70647743e-005,0.727332294,0.325681567,-0.00554871745,0.715474963,0.324796736,-0.0106457537,0.705681503,0.325276196,-0.0138480682,0.743857563,0.328199267,-0.00265266467,0.727547407,0.323603272,-0.00830550864,0.713452876,0.323164195,-0.0124818617,0.701851308,0.324304,-0.0149789676,0.748203218,0.32726866,-0.0063359132,0.732774377,0.321541667,-0.0118528483,0.719030082,0.320583433,-0.0148549117,0.707868576,0.320686877,-0.0162329786,0.75392276,0.32718572,-0.0103821186,0.74497062,0.318587899,-0.0148616862,0.735890329,0.313613355,-0.0172452107,0.727272749,0.310081482,-0.0185349211
2783.3333333333303,0.516011834,0.331923842,1.32346372e-007,0.533749521,0.331744105,0.000650529808,0.549288094,0.329346776,-0.000614946242,0.561140239,0.328282207,-0.00320948986,0.571566284,0.32660988,-0.00560573209,0.546672881,0.314492226,0.00382988085,0.561684191,0.312779456,-0.000378443248,0.573661268,0.312688291,-0.00477103284,0.583200872,0.313412964,-0.00760632893,0.543055773,0.313271165,-3.7648972e-006,0.561063,0.310432822,-0.00324631925,0.574055254,0.310887933,-0.00646255026,0.584581,0.31249249,-0.00876500085,0.539749384,0.314232916,-0.00452262,0.560116172,0.315029472,-0.00900278054,0.571780801,0.318104744,-0.01114807,0.579894543,0.321330041,-0.0121872136,0.537342787,0.317392677,-0.00919537339,0.554879,0.318976581,-0.012777782,0.564819753,0.321516216,-0.0133662075,0.57218641,0.324151039,-0.0133135552
2799.999999999997,0.773695409,0.350332528,-3.74668687e-008,0.758263648,0.34904325,-0.00214179,0.74292618,0.344517142,-0.00425908575,0.730818212,0.341691226,-0.00706987269,0.719820917,0.338934213,-0.00978089,0.742347658,0.332101732,-0.000108851586,0.726942837,0.327889532,-0.00626467122,0.71497488,0.327088386,-0.0121342167,0.704396784,0.327530205,-0.016056817,0.74486059,0.330248475,-0.00310503528,0.729098558,0.324444711,-0.00932837371,0.71541065,0.32365337,-0.0139746973,0.702875853,0.324433446,-0.0167030208,0.74943769,0.329592675,-0.00700968038,0.737191081,0.321553439,-0.0123095391,0.725533307,0.318451375,-0.0148924505,0.71455127,0.316645831,-0.0162272379,0.755278468,0.330220342,-0.011327086,0.748099744,0.322802,-0.0153204044,0.740330875,0.318654925,-0.0166244,0.731980801,0.315682232,-0.0172445141
2799.999999999997,0.514816523,0.333345294,1.49407654e-007,0.535019696,0.333190411,-0.000358871708,0.551720798,0.33095926,-0.00208687247,0.56463182,0.329950243,-0.00501972111,0.574199915,0.327422261,-0.00751553755,0.547167122,0.315895826,0.00319128,0.562772572,0.314537704,-0.00152503804,0.574801087,0.31487754,-0.00625579245,0.584728956,0.315626264,-0.00925545115,0.543063641,0.314680606,-0.00016456614,0.561379731,0.311974555,-0.003946546,0.574469149,0.312514961,-0.00737732882,0.585840583,0.313820094,-0.00972470269,0.539302289,0.31578514,-0.0043168189,0.559192598,0.317517489,-0.009353064,0.568524539,0.321397662,-0.0110288262,0.574727714,0.324833304,-0.011405387,0.536849856,0.319167107,-0.00876991544,0.553630352,0.320908338,-0.012668293,0.563063741,0.323736131,-0.0130552147,0.570205688,0.326499611,-0.0126637341
2816.6666666666633,0.773558855,0.352240562,-3.51956864e-008,0.757914603,0.35094896,-0.00210562581,0.742379,0.34658429,-0.00429085642,0.730480492,0.343447149,-0.00709204422,0.719463408,0.341040224,-0.00983255915,0.741320908,0.334645301,-0.000127225125,0.725584865,0.329824507,-0.00635919068,0.71418947,0.328907043,-0.0123496344,0.70442915,0.329419285,-0.016337689,0.744427264,0.3323448,-0.00330364937,0.729344,0.325188339,-0.00945126358,0.715876281,0.323889554,-0.0146448892,0.704256237,0.324457407,-0.0178322271,0.749778271,0.331968904,-0.00735764764,0.740305126,0.32205525,-0.0127159469,0.729821503,0.317929268,-0.0164944548,0.720406294,0.315676153,-0.0188777577,0.756435454,0.333392918,-0.0116946828,0.749465048,0.327248693,-0.0160620548,0.741340876,0.324183315,-0.0180182569,0.732954,0.322374642,-0.0192454103
2816.6666666666633,0.514584661,0.334683836,1.51550196e-007,0.536193371,0.334442556,0.000199038914,0.552537,0.332246393,-0.00153513567,0.564893901,0.331157714,-0.00470503,0.573826432,0.329087913,-0.00750668906,0.548043072,0.317086041,0.00304955081,0.562405944,0.315339416,-0.00195343234,0.574441612,0.315145016,-0.00641515898,0.583868086,0.315713674,-0.008996455,0.543374419,0.316043168,-0.000846136885,0.561958,0.312879562,-0.00527421,0.574611485,0.313436836,-0.00860131811,0.58512944,0.31462872,-0.0104047116,0.539097309,0.317317665,-0.00544748968,0.558789,0.320443273,-0.0114315245,0.56706363,0.325088859,-0.0129503235,0.572131693,0.328580976,-0.0125465179,0.535687327,0.320702076,-0.010238342,0.551977754,0.322779477,-0.0140400538,0.56094563,0.325564384,-0.0138454204,0.567546844,0.327975839,-0.0127847502
2833.33333333333,0.775079966,0.353485465,-3.81216516e-008,0.759080887,0.352910906,-0.00182063226,0.742671669,0.348792166,-0.00390247605,0.730859399,0.345750034,-0.0067448942,0.720391095,0.343087882,-0.00949072465,0.740920126,0.336881429,0.000154481619,0.724874794,0.332256347,-0.00614625774,0.712737858,0.331617117,-0.0119114816,0.703452289,0.332463235,-0.0155976033,0.742971957,0.334643513,-0.00298007834,0.726634324,0.328819156,-0.00884724781,0.713089466,0.32803303,-0.0137085617,0.701606274,0.328849107,-0.0168512762,0.746962249,0.333613336,-0.00706674764,0.731783152,0.325843304,-0.0126956794,0.717742145,0.324137777,-0.0163772386,0.70553118,0.323882759,-0.0186288152,0.752169251,0.333820075,-0.0114296293,0.743516684,0.326625288,-0.0160391182,0.73485744,0.322811157,-0.0184324868,0.726149738,0.32015872,-0.019958267
2833.33333333333,0.51416409,0.336670786,1.31322679e-007,0.53446734,0.336366445,-0.00015466068,0.550294,0.334243238,-0.00194385799,0.562680602,0.333355725,-0.0050119,0.573263586,0.33202523,-0.00773715973,0.54802531,0.318822116,0.0029925406,0.56288588,0.316880435,-0.00171980611,0.574136555,0.316990674,-0.00627922732,0.583147407,0.317788929,-0.00926495437,0.543666601,0.317491174,-0.000705890066,0.56163013,0.314370155,-0.00467852503,0.573938668,0.315089047,-0.00828553457,0.584282756,0.31675151,-0.0107379314,0.53928107,0.318483949,-0.00513318554,0.558750868,0.320407331,-0.0104012936,0.569271326,0.324379951,-0.0125393085,0.576819,0.327913821,-0.0133619336,0.535279512,0.321674258,-0.00978610944,0.550736547,0.323678851,-0.0137616117,0.559836924,0.32622543,-0.0143411,0.567199349,0.328588068,-0.0142103527
2849.9999999999964,0.776014864,0.356663823,-9.04043596e-009,0.758828104,0.355226338,-9.59152821e-005,0.742439032,0.350096941,-0.000929068,0.730914533,0.346914053,-0.00273342431,0.720596254,0.34482798,-0.00450982526,0.742833376,0.338128865,0.00216327957,0.727824,0.332821816,-0.00297698705,0.715892375,0.33126232,-0.00793773215,0.705991626,0.331187308,-0.0114737405,0.746675968,0.336110324,-0.00191073865,0.733819306,0.328045249,-0.00673231762,0.720291138,0.325927109,-0.0110805966,0.707838237,0.325506538,-0.0140456492,0.751759529,0.336152911,-0.00677981181,0.741781473,0.326722682,-0.011830166,0.730440795,0.32342419,-0.0151672587,0.719772398,0.321615875,-0.0173380617,0.7573511,0.338076204,-0.0117908278,0.750108123,0.332285285,-0.0164293814,0.74162966,0.330275148,-0.0182330757,0.732618272,0.329390615,-0.0193104465
2849.9999999999964,0.512954831,0.337803632,1.36765109e-007,0.532485306,0.337836206,0.000258250744,0.548913419,0.335873932,-0.00153298804,0.561763763,0.33527413,-0.00461656461,0.572259784,0.333945364,-0.00737479888,0.547162592,0.320209593,0.00225219643,0.562369585,0.318594277,-0.00239856401,0.573939085,0.318682045,-0.00672915066,0.583125949,0.31944707,-0.00949055795,0.542691946,0.318844646,-0.00173188664,0.561641395,0.315760344,-0.00571921701,0.574738,0.316418022,-0.00900410488,0.585422218,0.318098813,-0.0112026902,0.538347065,0.319860965,-0.0063274,0.558525801,0.32195,-0.0115490686,0.569294214,0.326011956,-0.013451227,0.576878786,0.329723507,-0.0140372049,0.534865,0.323102921,-0.0110993246,0.551809907,0.325161576,-0.0148091884,0.561338484,0.327860385,-0.0150996624,0.568790376,0.330413282,-0.0147714382
2866.666666666663,0.778250635,0.359030306,-6.81840184e-009,0.759825766,0.357101828,0.000331743067,0.743404388,0.351511538,-0.00053116458,0.731710613,0.348122299,-0.00242809253,0.7211501,0.345643759,-0.00435239309,0.745546639,0.340103745,0.00115317025,0.730700374,0.334101796,-0.00397769315,0.718922257,0.331946701,-0.00860067643,0.708634496,0.331127882,-0.0119250473,0.750111,0.33873564,-0.003320663,0.73741138,0.329546034,-0.00842108484,0.724601209,0.326346159,-0.0128140282,0.712751865,0.324583441,-0.0159733742,0.755371213,0.339371145,-0.00845491048,0.746177852,0.329381019,-0.014086402,0.73436296,0.325413585,-0.0181518011,0.72357434,0.323107213,-0.0207919329,0.760232627,0.34174785,-0.0135680502,0.750723422,0.335406661,-0.0183565281,0.741396606,0.333785504,-0.0203941371,0.732241571,0.333616078,-0.0217649639
2866.666666666663,0.512113631,0.338497937,1.42825158e-007,0.531871557,0.338787198,-0.000103623584,0.548496187,0.337112576,-0.00237206207,0.561620116,0.33665204,-0.00589951687,0.572293699,0.335728526,-0.00917266309,0.54635638,0.321239978,0.000496682769,0.562185109,0.318944603,-0.00468561705,0.573955119,0.31883949,-0.00900196284,0.583189666,0.319446146,-0.011661672,0.541496,0.319994926,-0.00346404174,0.560768,0.316733867,-0.00824534148,0.573695838,0.317560166,-0.0116211111,0.583837211,0.319226384,-0.0136913853,0.536905527,0.321310222,-0.0079275975,0.556676447,0.323638469,-0.0138548939,0.566904724,0.328152776,-0.0156885888,0.573831439,0.332063526,-0.0159895923,0.533022523,0.324814171,-0.0125335455,0.549319208,0.326903313,-0.0164279658,0.558102548,0.329805166,-0.0164948627,0.564735889,0.332401484,-0.0159066226
2883.3333333333294,0.777797341,0.359749138,3.93524147e-009,0.761176705,0.35767597,0.000212377985,0.744988,0.351930529,-0.000593235483,0.733511209,0.348741353,-0.00241428171,0.723246336,0.346324772,-0.00421323953,0.7467013,0.340051234,0.00123357936,0.731963158,0.334161401,-0.00398710463,0.719779372,0.332095712,-0.00867692381,0.709420323,0.33145541,-0.0120223677,0.750830829,0.3386904,-0.0032061711,0.738848448,0.329182446,-0.00791049935,0.726037085,0.326005,-0.0117382575,0.714685202,0.324659973,-0.0144331874,0.755712748,0.339537621,-0.00839274377,0.745865643,0.330014765,-0.0135187646,0.733217478,0.326666117,-0.0170508306,0.722239256,0.32504791,-0.0193886254,0.760201097,0.342312366,-0.0136552667,0.750879407,0.336874783,-0.0182324871,0.741428435,0.33547169,-0.0201370493,0.732290924,0.335403174,-0.0214079339
2883.3333333333294,0.510695398,0.33925727,1.63819934e-007,0.531300247,0.339598745,-0.000866521557,0.547897935,0.337820709,-0.00362700131,0.561204076,0.33719784,-0.00758486474,0.572764277,0.335642099,-0.0111572091,0.545181,0.321896166,-0.000245026109,0.562576354,0.319951743,-0.00606873631,0.57515192,0.319309354,-0.0107317101,0.585372925,0.319218397,-0.0136167984,0.540456891,0.320860416,-0.00412063207,0.560068905,0.318014085,-0.00992475823,0.573847,0.318674475,-0.0136737069,0.58516258,0.320108652,-0.0158254188,0.536118627,0.322475821,-0.00859371852,0.556186,0.325171798,-0.015423825,0.566694438,0.32984665,-0.0174827557,0.57381767,0.333901137,-0.0176890381,0.53266263,0.3263008,-0.0132803349,0.549224079,0.329033792,-0.0177841075,0.557887256,0.332420021,-0.0180607885,0.564138353,0.335346758,-0.0174706355
2899.999999999996,0.77884376,0.360504866,-5.6104823e-009,0.761689663,0.358115345,-0.000266148185,0.746005416,0.352435112,-0.00201206,0.734784424,0.348863721,-0.00474594487,0.724599481,0.346240222,-0.00757074542,0.747575462,0.341020226,-0.000994133,0.73246336,0.334383965,-0.00801708084,0.719952285,0.332518846,-0.0140528148,0.70955,0.332509756,-0.0179375913,0.752377868,0.340012491,-0.00547938701,0.740442693,0.329950631,-0.0110085057,0.727079809,0.326581657,-0.015322037,0.715451658,0.325167179,-0.0183260031,0.75813067,0.341339588,-0.0106953466,0.746767938,0.330652,-0.0163130183,0.733326435,0.327658921,-0.0197740737,0.722034514,0.326474398,-0.0220567714,0.763769805,0.344721079,-0.0160194505,0.754416347,0.338602662,-0.021510927,0.7438851,0.337402642,-0.0236556474,0.734259665,0.337678134,-0.0248918906
2899.999999999996,0.51056838,0.339452773,1.56000453e-007,0.531193793,0.339807421,-0.000999880838,0.547231197,0.337823391,-0.00401357096,0.560233831,0.33696422,-0.00805138052,0.571952403,0.336015612,-0.0117972493,0.545685589,0.32226494,-0.00227286178,0.562724113,0.319427311,-0.00827010907,0.57491529,0.318547785,-0.0126686813,0.584751666,0.31829223,-0.0154248802,0.540489078,0.321357191,-0.00607587071,0.560116112,0.319182426,-0.012211238,0.573143661,0.320646882,-0.0157517716,0.583461583,0.322536677,-0.017781036,0.53545171,0.323165298,-0.0103335837,0.555112422,0.326464057,-0.0173910856,0.565674305,0.331484467,-0.0192918144,0.57283771,0.335662782,-0.0194982775,0.530760944,0.327111125,-0.0147491954,0.546150088,0.329851359,-0.0194736887,0.554745853,0.333069354,-0.0198084041,0.561111748,0.33584854,-0.0193450451
2916.6666666666624,0.780966163,0.36109814,-1.36662157e-008,0.762968183,0.358452201,0.00034341024,0.747686684,0.352684647,-0.000990085187,0.736394405,0.349180371,-0.00343731814,0.726133466,0.346595168,-0.00603166642,0.748930514,0.342129529,-0.000266436517,0.734287,0.334963024,-0.00696652662,0.722125828,0.332848132,-0.0127273556,0.711521149,0.332781,-0.0164570324,0.753718078,0.341085732,-0.00491034659,0.740651906,0.331521481,-0.0102460058,0.727561295,0.328478813,-0.0145440819,0.715757072,0.327557921,-0.0175355244,0.759563744,0.342232555,-0.0102114407,0.747857809,0.33197096,-0.0154401055,0.735119104,0.328865,-0.0187671315,0.723932385,0.327722609,-0.0210446231,0.765362203,0.345386446,-0.0155855948,0.755798519,0.339623362,-0.020536622,0.745954514,0.338693082,-0.0223486368,0.736946106,0.339342862,-0.0234243236
2916.6666666666624,0.509075165,0.340039074,1.60380765e-007,0.530668,0.340169489,-0.000591005723,0.545770228,0.337757409,-0.00341663975,0.557982147,0.336404979,-0.00747257378,0.569751382,0.335535,-0.0112487376,0.543989599,0.32268554,-0.00179144286,0.561241508,0.320222497,-0.00789952185,0.573503315,0.31928587,-0.0123283612,0.583388746,0.318902194,-0.0150537025,0.539357185,0.321907759,-0.0056522903,0.559118569,0.320252895,-0.0119404607,0.572482884,0.321486443,-0.015351234,0.583261788,0.323090315,-0.0172192473,0.534902155,0.323789299,-0.00997649133,0.555165052,0.327692389,-0.0172334891,0.565051615,0.332827657,-0.0188786164,0.571387887,0.337058038,-0.0187116619,0.530844688,0.327794284,-0.0144471368,0.547056615,0.331493109,-0.0190188289,0.555117,0.335119,-0.0190421157,0.560742,0.3381145,-0.0182420425
2933.333333333329,0.782577515,0.362301111,-1.43458045e-008,0.764871657,0.359745681,0.000352795905,0.749374032,0.353258818,-0.000109534536,0.738342822,0.349225312,-0.00166337343,0.729087114,0.34635365,-0.00328749488,0.750929892,0.34290877,0.000263549446,0.737704813,0.335329711,-0.00539897475,0.72589761,0.332526624,-0.0101581858,0.715580642,0.331710547,-0.0133604566,0.755983531,0.341756791,-0.00406706193,0.743071675,0.332238257,-0.00894133933,0.729373753,0.329386145,-0.0124346111,0.717248499,0.32895574,-0.0148154357,0.762043417,0.342736125,-0.00905861426,0.750386059,0.333081335,-0.0139114084,0.736969292,0.330576092,-0.0168657284,0.725719,0.330401331,-0.0187749378,0.767901659,0.345795751,-0.0141958157,0.757513,0.340174258,-0.0188090634,0.746895313,0.339695901,-0.0207306147,0.737814128,0.34113431,-0.021891702
2933.333333333329,0.508595228,0.340224922,1.58083694e-007,0.530512631,0.340231597,-0.000609488459,0.546615362,0.337847531,-0.00355730532,0.559467733,0.336710483,-0.00767541397,0.571512,0.33602041,-0.0114934398,0.543820322,0.323372185,-0.0022398408,0.560981393,0.320560426,-0.00835588574,0.572894335,0.319580317,-0.0126325861,0.582284749,0.319122732,-0.0152721163,0.538449109,0.322604567,-0.00609630672,0.558442652,0.321065724,-0.0126826894,0.571526229,0.322857589,-0.0160868745,0.581523359,0.324804932,-0.0178647693,0.533390045,0.324501157,-0.0103726201,0.553391159,0.328227401,-0.0177455358,0.563372135,0.33340165,-0.0192799903,0.569672048,0.337546527,-0.0190196037,0.528890848,0.328412533,-0.0147604458,0.544813275,0.331977338,-0.0194203369,0.552651703,0.335737407,-0.0193817988,0.557883263,0.338765413,-0.018522162
2949.9999999999955,0.783740938,0.362926304,-2.23587264e-008,0.766788781,0.359697163,0.000113363974,0.751471579,0.353386,-0.000528673816,0.740136087,0.349450588,-0.00240295846,0.731202185,0.346190512,-0.00432884367,0.754479885,0.343004286,0.00141048944,0.741544425,0.33552283,-0.0038452528,0.729206,0.332710028,-0.00847267173,0.719087243,0.331752092,-0.0117856991,0.759064496,0.341915101,-0.00302903238,0.745338798,0.332686365,-0.0080763679,0.730967224,0.330583155,-0.011931587,0.71923542,0.330646843,-0.014462743,0.764352798,0.342902422,-0.00820878707,0.750826597,0.333088458,-0.0136530399,0.736338198,0.331406236,-0.0169468913,0.725171387,0.331831247,-0.0189337842,0.769238949,0.345940262,-0.0135286879,0.757810414,0.340691596,-0.0190840606,0.746427596,0.340746,-0.0214606,0.737354875,0.342521,-0.0227377638
2949.9999999999955,0.507093728,0.341354519,1.45844652e-007,0.528495312,0.341531247,1.3492815e-005,0.544493198,0.339141488,-0.00267633051,0.556925297,0.337652624,-0.00658988114,0.568431854,0.336282939,-0.0103152823,0.542552531,0.324174821,-0.00202266313,0.560250461,0.32157129,-0.00825518928,0.57257694,0.320773453,-0.0127606122,0.582220554,0.320475608,-0.0155876968,0.537702,0.32333529,-0.0063096229,0.558546245,0.321795136,-0.0127477041,0.571532488,0.323715985,-0.0162320286,0.581238806,0.325740039,-0.0181852058,0.532936215,0.325198919,-0.0109650269,0.553866386,0.328381687,-0.0180254728,0.564557791,0.333351403,-0.0196352862,0.571419239,0.337336123,-0.019658057,0.528383613,0.329159,-0.0156886131,0.545019746,0.331825584,-0.0203524865,0.554183245,0.335077,-0.0204848,0.560750306,0.337811261,-0.0198691189
2966.666666666662,0.786123455,0.363199621,-3.82787668e-008,0.769269049,0.360061884,0.000422652258,0.754928,0.353803962,5.74313308e-005,0.743698,0.349831849,-0.00163898524,0.73369962,0.346835941,-0.00340817031,0.757995427,0.342976749,0.00331869745,0.744264841,0.336179495,-0.00116170989,0.73191452,0.333660841,-0.00542655215,0.72200793,0.33287856,-0.00857575145,0.761971533,0.34167549,-0.00108095934,0.746640384,0.333303601,-0.00544798421,0.732727766,0.331470788,-0.00938630663,0.721431375,0.331657439,-0.0120896315,0.766531408,0.342637271,-0.00629827,0.751418889,0.333867639,-0.0116326874,0.736925602,0.332403511,-0.0153020499,0.725805759,0.332841337,-0.0176156051,0.770179033,0.345743269,-0.0115713514,0.756851912,0.341632843,-0.0170292743,0.745456696,0.342260718,-0.0194784943,0.736596465,0.344279975,-0.0208858475
2966.666666666662,0.514587402,0.341263086,1.03939236e-007,0.531901419,0.342337251,-0.00217799679,0.546322942,0.339685738,-0.0048752958,0.558925,0.338367581,-0.00832798611,0.56928885,0.336840898,-0.0113794226,0.545950294,0.324158758,-0.00338399597,0.562958121,0.321834534,-0.0096521182,0.574308455,0.321677595,-0.0143452631,0.583243787,0.321832865,-0.0175104756,0.540935457,0.322976232,-0.00665568095,0.560347855,0.322071254,-0.0133617064,0.572363675,0.324546903,-0.0170152262,0.581690848,0.327268749,-0.019217344,0.535943508,0.324491918,-0.0105599863,0.554740608,0.328037471,-0.0179145541,0.565463185,0.332689226,-0.0201833174,0.573011756,0.336538762,-0.0209108796,0.531255782,0.328030527,-0.0147673925,0.546607137,0.330936641,-0.0205607619,0.554684699,0.334313,-0.0217260774,0.560624599,0.337283552,-0.0219340734
2983.3333333333285,0.785872221,0.36349079,-5.2661747e-008,0.768744,0.360024095,0.00099410757,0.754458189,0.353373975,0.000987579115,0.744275212,0.349095315,-0.000464382465,0.734883606,0.346355,-0.00206110161,0.757194638,0.342589766,0.00317713618,0.743796289,0.336360902,-0.00137250312,0.732216954,0.334386557,-0.00563832046,0.722675681,0.33401978,-0.0087232748,0.761869907,0.341311157,-0.00148965593,0.746352077,0.333913028,-0.00559271406,0.732946873,0.332267106,-0.00932585262,0.721859872,0.332529366,-0.0119940471,0.767364,0.342329443,-0.00693110423,0.752150059,0.3348279,-0.0121841859,0.737914264,0.333784759,-0.0157863833,0.726671636,0.334333777,-0.0181291569,0.772064507,0.345567971,-0.0123918047,0.758046627,0.342293352,-0.0179412812,0.746418834,0.343222231,-0.0204170346,0.737332523,0.345187873,-0.0218626391
2983.3333333333285,0.508235037,0.341774225,1.35078068e-007,0.528004169,0.342022032,-0.000623030588,0.544374347,0.340330184,-0.00334609044,0.556444764,0.339540213,-0.00719114067,0.566886187,0.338449329,-0.0110292556,0.543852627,0.325232327,-0.000860586762,0.560578406,0.32364884,-0.0068770228,0.572360277,0.323132098,-0.0120756635,0.58219713,0.323111653,-0.0156361777,0.539261341,0.323854804,-0.00482900487,0.558852911,0.323194325,-0.0103087658,0.571307838,0.32468304,-0.0145215625,0.581506193,0.326266497,-0.0174450334,0.534325123,0.324881166,-0.00929581467,0.553297818,0.326801121,-0.0152284298,0.564591885,0.330543727,-0.0174628049,0.573057771,0.333972961,-0.0185306687,0.529246807,0.328144044,-0.014031318,0.543572068,0.329437286,-0.0187150277,0.552359343,0.332063586,-0.019629607,0.559386611,0.334816217,-0.0197733641
2999.999999999995,0.78733927,0.364133209,-5.21606793e-008,0.770540237,0.360871673,0.000568776333,0.756576,0.354334384,0.000224520205,0.746361136,0.349934578,-0.00141594303,0.737443686,0.346641,-0.00307869725,0.75974375,0.343591303,0.00242031575,0.746769488,0.336894602,-0.00261746626,0.734633625,0.334938318,-0.00712568965,0.724801838,0.334759265,-0.0102083636,0.764187634,0.342477232,-0.001975836,0.749368,0.334283203,-0.00650100969,0.735413611,0.332872212,-0.0101883542,0.724266052,0.333523452,-0.0126485378,0.769194663,0.34350726,-0.0071594622,0.754769206,0.33544445,-0.012275123,0.740047,0.33454752,-0.0156007856,0.728707433,0.335439295,-0.0176865794,0.773228168,0.346698552,-0.0124292709,0.759877861,0.343133241,-0.0175506826,0.748133242,0.343851507,-0.0198076963,0.738925934,0.345615566,-0.0210812036
2999.999999999995,0.51350975,0.3417629,8.83311628e-008,0.529093742,0.342731059,-0.000687919266,0.544504702,0.340098441,-0.00231267279,0.557318211,0.339649439,-0.00487290509,0.568194866,0.340143472,-0.00734942593,0.546626329,0.326594412,-0.00112994213,0.562270284,0.323674172,-0.00571207423,0.57316941,0.323310286,-0.00942068361,0.581551,0.323436469,-0.0121278707,0.542133927,0.325003088,-0.00450255256,0.560088038,0.323390037,-0.00951857213,0.571554065,0.325299203,-0.0126964245,0.579942644,0.327762902,-0.0147914719,0.537079,0.325443655,-0.00840447564,0.554306746,0.325731754,-0.0141494824,0.565615296,0.328571677,-0.0165627822,0.573873162,0.331665635,-0.0178001542,0.531511903,0.327614844,-0.0124461586,0.545958459,0.328558415,-0.0175898205,0.554999709,0.331001729,-0.0192118268,0.56183362,0.333717346,-0.0199686401
3016.6666666666615,0.788412631,0.364480406,-5.61289255e-008,0.770106077,0.360512823,0.00174254098,0.756061375,0.354088247,0.00169911375,0.745943487,0.350060195,0.000132122965,0.736989737,0.347601086,-0.00153829413,0.761898398,0.343602687,0.00343051273,0.748234749,0.337578446,-0.00147446035,0.736055672,0.335716397,-0.00608668337,0.725986302,0.335769713,-0.00926020369,0.766091049,0.342491925,-0.0014493512,0.750692785,0.334917605,-0.00575399306,0.736762345,0.333554596,-0.00949096866,0.725481212,0.334230393,-0.0121116778,0.770476103,0.343715936,-0.00704434514,0.75570941,0.335753024,-0.0121911922,0.74078089,0.334664404,-0.0156594273,0.729323387,0.335569561,-0.0178229772,0.773552954,0.347308785,-0.0125988433,0.760966539,0.343516499,-0.0177822243,0.748914957,0.344219,-0.0200784076,0.739331961,0.34638381,-0.0214047581
3016.6666666666615,0.506074667,0.342651933,1.27414623e-007,0.52441287,0.343100667,-0.000204637196,0.541854501,0.341131538,-0.00203231815,0.554992497,0.340507746,-0.00503093051,0.566741,0.340039521,-0.00800184,0.541831136,0.326738387,0.00183777406,0.55740881,0.32447052,-0.00315552577,0.569670439,0.323811889,-0.00792779867,0.579352498,0.323809803,-0.0112611232,0.537748158,0.325045317,-0.00187655399,0.556160271,0.323562652,-0.00627414091,0.568835139,0.324925,-0.0101034464,0.578865469,0.326857656,-0.0128156031,0.533803105,0.325405329,-0.00625091838,0.551898718,0.325557083,-0.0108625293,0.564270616,0.327475429,-0.0130102616,0.57387,0.32991907,-0.0142737459,0.529812634,0.32777071,-0.0109486654,0.545076966,0.328181624,-0.0148635292,0.555433929,0.330100983,-0.0158337075,0.563723207,0.332504332,-0.016133612
3033.333333333328,0.787869155,0.365643233,-4.6951623e-008,0.770857334,0.361995041,0.00062974,0.756518364,0.355254799,0.000365711137,0.746129334,0.35090667,-0.00134040404,0.737144411,0.347774357,-0.00301048323,0.76003474,0.345544428,0.00301670958,0.747807741,0.338304669,-0.0024658672,0.735811889,0.336186439,-0.00737175811,0.726056933,0.336185694,-0.010562038,0.764805675,0.344483733,-0.00143566623,0.751892,0.335472316,-0.00648530759,0.737958908,0.334140897,-0.0103970347,0.726768076,0.335199118,-0.0127984649,0.77026695,0.345402271,-0.00676704245,0.75826937,0.336506099,-0.0121172713,0.743638396,0.335612625,-0.0154413348,0.732584655,0.336775839,-0.0173212364,0.774854422,0.348324358,-0.0122216977,0.762980163,0.343652099,-0.0172768682,0.7510373,0.344463199,-0.0194463469,0.7419433,0.346770585,-0.0205933265
3033.333333333328,0.503995717,0.343446344,1.28075413e-007,0.523228407,0.343604118,8.50213182e-005,0.540964842,0.341181755,-0.00125439418,0.554273129,0.340608686,-0.0039097378,0.566603839,0.340850294,-0.00650842441,0.540564477,0.328351647,0.00338585232,0.555210054,0.326466411,-0.00175790139,0.567108274,0.326270342,-0.00679519912,0.576921701,0.32653147,-0.0101721855,0.53705442,0.326683968,-0.000518500747,0.555061877,0.324578494,-0.00494963676,0.568590879,0.324765235,-0.00911410805,0.580055714,0.325465679,-0.0120284734,0.533134222,0.326557219,-0.00527659524,0.550486445,0.326066613,-0.0102812378,0.563377,0.32760489,-0.0131105632,0.573804736,0.329541057,-0.014629785,0.5289765,0.327976525,-0.010330257,0.543694675,0.32759136,-0.0145745492,0.554120362,0.329110324,-0.0159700755,0.562728405,0.330992,-0.0165349506
3049.9999999999945,0.786771297,0.366323769,-3.44371429e-008,0.770108461,0.362512052,-0.000323917135,0.755554736,0.355646,-0.00123221101,0.744610965,0.351283848,-0.00343879,0.734925449,0.348306715,-0.00569498,0.759127915,0.346202195,0.00187014905,0.747347593,0.338640958,-0.00410574907,0.735768676,0.336612672,-0.0094908122,0.726068199,0.336582392,-0.0130772097,0.764186919,0.345295221,-0.00243613985,0.751793861,0.336121142,-0.00784641411,0.737800062,0.334810942,-0.0120616267,0.726260483,0.335601568,-0.0148081211,0.770404,0.34636116,-0.00767963752,0.758638203,0.336212784,-0.0134363715,0.744101,0.335428059,-0.01665828,0.732996941,0.336501688,-0.0185426082,0.776274443,0.349303961,-0.013137429,0.765564382,0.343573064,-0.0187066793,0.754433692,0.344234109,-0.0208899379,0.746058345,0.346338153,-0.0220503975
3049.9999999999945,0.508539796,0.342817575,1.00898156e-007,0.52307266,0.343593657,-0.00219519809,0.539621651,0.341078401,-0.00419673836,0.553292632,0.340550065,-0.00691299234,0.565453768,0.340761065,-0.00951096695,0.541871428,0.328591347,0.000171826658,0.55687809,0.325856596,-0.00551714376,0.568538,0.326085985,-0.0104273204,0.577938735,0.326982,-0.0135619147,0.538853705,0.327076942,-0.00238041137,0.556448877,0.324923098,-0.00718106423,0.569028258,0.325942934,-0.0109001175,0.579281747,0.327639103,-0.0133815203,0.534930944,0.326713651,-0.00589525606,0.552131832,0.325544685,-0.0110412426,0.564646721,0.326926678,-0.0134690152,0.57457763,0.328920633,-0.0147439195,0.530059457,0.327481568,-0.00981926732,0.54424262,0.327136427,-0.0141547518,0.554172635,0.328430921,-0.0154756745,0.56225884,0.330070734,-0.0160178896
3066.666666666661,0.787253499,0.366484523,-4.30500755e-008,0.769984484,0.362789422,-1.46119828e-005,0.755127251,0.356078744,-0.00104606559,0.744541,0.351719677,-0.00335826655,0.735233486,0.348765433,-0.00578401331,0.75927037,0.346632779,0.00117909501,0.746323228,0.339389443,-0.00546271,0.734017491,0.337585658,-0.0113990456,0.723991096,0.3377572,-0.0152971856,0.764590085,0.345643222,-0.00341771,0.750858,0.336733758,-0.00951900892,0.736375809,0.335483521,-0.0143264979,0.724700034,0.336170822,-0.0173611846,0.771010578,0.346618056,-0.00883708,0.758460641,0.336500943,-0.0149910469,0.743759871,0.335599571,-0.0185201559,0.73235178,0.336486906,-0.0205308162,0.777208388,0.349579871,-0.0143950097,0.76652056,0.344245493,-0.0204225685,0.755463183,0.344709426,-0.02278,0.74687463,0.346488595,-0.0239292085
3066.666666666661,0.503476918,0.344640404,1.08847281e-007,0.522240043,0.344567776,-0.000515453226,0.538983941,0.341472,-0.00221448042,0.552900374,0.340653896,-0.00514221238,0.565566301,0.340698898,-0.0083407918,0.538156271,0.331590444,0.00145664124,0.552079141,0.328306347,-0.00494010793,0.56431,0.328329861,-0.0106958672,0.574599087,0.329237252,-0.0143466871,0.535072386,0.330393314,-0.00225164951,0.551153123,0.327136219,-0.00751269655,0.564316,0.327617377,-0.0120647391,0.575283706,0.329100966,-0.0151906786,0.530676484,0.330023289,-0.00687864283,0.545891881,0.326718658,-0.0120103741,0.55850029,0.327256,-0.0146653792,0.568900049,0.328830272,-0.0161554758,0.525232673,0.3304663,-0.0118246339,0.536189318,0.326959729,-0.0158649553,0.545841873,0.326626897,-0.0172242168,0.554385483,0.327371627,-0.0179482568
3083.3333333333276,0.787911117,0.366766155,-4.22036592e-008,0.770521402,0.363356054,0.000435220776,0.755435765,0.356645435,-0.000414599,0.744660258,0.352442861,-0.00263739703,0.735249579,0.349308,-0.00495238,0.758813441,0.347429603,0.00124890218,0.745893419,0.33977434,-0.00590740377,0.733613551,0.338447511,-0.0119699156,0.723859787,0.339196593,-0.0155799082,0.764410734,0.346514016,-0.00360166538,0.752133727,0.336523652,-0.00994023308,0.737378538,0.335259736,-0.0144881811,0.725542307,0.335965037,-0.0171769857,0.771241367,0.347572595,-0.00931203552,0.760696113,0.336960316,-0.0156455711,0.746118128,0.33620593,-0.0190457571,0.735022843,0.337207258,-0.0207928158,0.777695417,0.350492746,-0.0151053676,0.767019868,0.344417065,-0.0207148902,0.756074727,0.34518078,-0.0225792,0.747858405,0.347304463,-0.0233975388
3083.3333333333276,0.50968945,0.343723923,1.07445295e-007,0.524823129,0.343793541,-0.00259792316,0.539921343,0.341054916,-0.00539940968,0.552576065,0.340633661,-0.00885824114,0.564241529,0.340610892,-0.0126549127,0.540125549,0.33096981,-0.00314331194,0.55542779,0.3281115,-0.0110003268,0.56740129,0.328751087,-0.0173023976,0.577192187,0.330369174,-0.0212144163,0.537080228,0.330353737,-0.00630524196,0.553323269,0.327369899,-0.0129141361,0.566043,0.328198105,-0.017910108,0.576643407,0.329802305,-0.0212651137,0.532184243,0.330386639,-0.0103832856,0.546582282,0.326583743,-0.0168242678,0.558691859,0.32686761,-0.0199431647,0.569139302,0.328043222,-0.0217337627,0.525861204,0.330933869,-0.0147866271,0.533617198,0.326624721,-0.0202408,0.541969121,0.325635046,-0.0221587718,0.549750566,0.325729966,-0.023215577
3099.999999999994,0.7868011,0.36703077,-3.00873211e-008,0.769585729,0.363315,5.53133505e-005,0.754844129,0.35681051,-0.00104859693,0.744227827,0.35285145,-0.00350890518,0.735160708,0.349741846,-0.0059337765,0.75789696,0.347323567,0.00108038948,0.745479584,0.339706361,-0.00665610703,0.733198941,0.338699549,-0.013162639,0.723299682,0.339864373,-0.0169791561,0.763563573,0.346259862,-0.00367377908,0.752807856,0.335997462,-0.0105425799,0.738293648,0.334663957,-0.0154258097,0.726509869,0.335467279,-0.018204229,0.770439148,0.347286105,-0.00939002261,0.759991646,0.337450027,-0.0162589476,0.745388627,0.337060362,-0.0200810581,0.734268188,0.338325858,-0.0219526719,0.777024806,0.35030818,-0.0152171953,0.766985536,0.344878227,-0.0211501494,0.756098628,0.346011817,-0.0233209133,0.747897625,0.348474145,-0.0242827684
3099.999999999994,0.502870262,0.344361961,1.20232755e-007,0.519740343,0.344485462,-0.00165608549,0.536321938,0.341853648,-0.00413030386,0.549823046,0.34128502,-0.00731500285,0.562273383,0.341205359,-0.0107941609,0.535031497,0.332511663,-0.00122477789,0.549968421,0.329593152,-0.00795087125,0.56227994,0.329734296,-0.0135898106,0.572323501,0.330850393,-0.017134022,0.532566488,0.331453234,-0.00444691861,0.549847126,0.328231484,-0.00989714265,0.563228309,0.328166395,-0.0145880328,0.574068964,0.328992903,-0.0178582836,0.528596759,0.331117481,-0.00852966495,0.544309139,0.326754421,-0.0138362925,0.55695945,0.326272696,-0.0168915112,0.567591429,0.326833844,-0.0188172329,0.523506343,0.331364661,-0.0129145943,0.531229258,0.326112568,-0.0177275501,0.539596,0.324561059,-0.0198457148,0.547548115,0.324429333,-0.0211222116
3116.6666666666606,0.787305236,0.367449254,-2.95444593e-008,0.770587921,0.364079475,0.00065705122,0.755765259,0.357395947,-0.000175181849,0.745139241,0.353518426,-0.00235210638,0.736205637,0.350772858,-0.00446011079,0.759969234,0.346942157,0.000676652824,0.748137712,0.338365853,-0.00687458739,0.73573041,0.33679837,-0.0129715186,0.725555539,0.337747842,-0.016397506,0.765632391,0.34650749,-0.0042741471,0.754870534,0.335565805,-0.0113816317,0.739837527,0.334276915,-0.0160445683,0.727814734,0.335399121,-0.0183671284,0.772064805,0.348036587,-0.00999236852,0.761599183,0.338695109,-0.0168253928,0.746647179,0.338170677,-0.0203386806,0.735373676,0.339226186,-0.0217345506,0.777718365,0.351520389,-0.0157250501,0.767219126,0.346080214,-0.0210154857,0.756532669,0.347123891,-0.0223907921,0.748604834,0.34955129,-0.0226800162
3116.6666666666606,0.509311557,0.343923062,7.60273622e-008,0.523992598,0.344070762,-0.0020865479,0.538767636,0.341251701,-0.00487157842,0.551786,0.34025538,-0.00820028875,0.563310921,0.340305269,-0.0117879314,0.540271461,0.331760585,-0.00438978383,0.556289554,0.329494268,-0.01178178,0.566320062,0.330677211,-0.0171992,0.574103117,0.332608551,-0.0206029825,0.537206411,0.330346823,-0.00782621,0.554722,0.326963842,-0.014343637,0.566533208,0.327963591,-0.0186575856,0.575804651,0.329489857,-0.0214233492,0.53173852,0.329961747,-0.0119653512,0.546145916,0.325307,-0.0185816158,0.557739139,0.325508893,-0.0216681659,0.567913115,0.326398134,-0.0234767627,0.524662375,0.330470055,-0.0162746403,0.530209124,0.325054914,-0.0220155045,0.537887216,0.32363236,-0.0240983535,0.545844376,0.323487282,-0.0253385827
3133.333333333327,0.78773576,0.367361933,-2.48614054e-008,0.769961119,0.36398086,0.000841807167,0.754273474,0.357200444,0.000250534154,0.743232071,0.353324175,-0.00178316387,0.734880269,0.350389302,-0.00383113697,0.760147452,0.346431851,0.00139235426,0.749687493,0.337969184,-0.00497887,0.737939358,0.33594349,-0.0102381473,0.727950275,0.336194098,-0.0134416884,0.765756905,0.346056193,-0.00357984798,0.754599273,0.335788459,-0.00990437157,0.740014315,0.334444344,-0.0142811369,0.728244543,0.335436016,-0.0166068096,0.77206862,0.347734272,-0.00924548786,0.760429,0.339056939,-0.0157696195,0.745465219,0.339197516,-0.0190397147,0.734136045,0.340776682,-0.0203904919,0.777443469,0.351407588,-0.0148989754,0.766392,0.34648186,-0.0201708898,0.756406426,0.347813845,-0.021504892,0.749168575,0.350316048,-0.0218298864
3133.333333333327,0.503325045,0.344981521,1.04858785e-007,0.520652771,0.344792902,-0.000420249969,0.536345601,0.342042267,-0.00221987604,0.549263239,0.341131896,-0.00498418184,0.561002374,0.341022,-0.00806532893,0.535856068,0.334139168,-0.00068643,0.5515728,0.332054764,-0.00719536748,0.562787533,0.332958281,-0.0124612479,0.571525037,0.33472082,-0.015616524,0.5333184,0.332538158,-0.00445320364,0.550402105,0.328967154,-0.00958839431,0.563758492,0.32857582,-0.0137796393,0.57454443,0.329083055,-0.0166114252,0.528531373,0.331706762,-0.00897131767,0.542745948,0.326275498,-0.0142427366,0.554742932,0.325098246,-0.017532777,0.565156043,0.325130045,-0.019600682,0.522264,0.331455499,-0.0136154126,0.527854323,0.325439,-0.0184254665,0.535129905,0.323607981,-0.0204495676,0.542713881,0.323436975,-0.0216431841
3149.9999999999936,0.786909103,0.367881954,-1.10472529e-008,0.769192874,0.36437124,0.000622814579,0.753891706,0.357648224,3.89035558e-005,0.743109584,0.353676975,-0.00199472974,0.7345801,0.350524366,-0.00406780606,0.758844495,0.34739086,0.00154417509,0.748033464,0.339295447,-0.00487609161,0.736728668,0.337301791,-0.0101576559,0.727144122,0.337170959,-0.0133989183,0.764592707,0.346907616,-0.00353102619,0.753909171,0.335962236,-0.0099838106,0.739808559,0.334182948,-0.0145700797,0.728320181,0.33470723,-0.016957365,0.771461129,0.348548323,-0.00932767056,0.760263562,0.339949876,-0.0163478162,0.745431304,0.340141773,-0.0200756192,0.734288871,0.341642857,-0.0215958096,0.777641118,0.352174,-0.015091558,0.767199099,0.347315341,-0.0208096821,0.757596433,0.34885639,-0.0223178603,0.750780225,0.351524,-0.0227007307
3149.9999999999936,0.511378467,0.343806654,8.84508964e-008,0.524710357,0.344044834,-0.0017493529,0.538777947,0.340927541,-0.00415322091,0.551385701,0.339851141,-0.00686425,0.562063277,0.340224594,-0.00967757776,0.538141429,0.331821978,-0.00454576779,0.554941773,0.331021428,-0.0111231664,0.564312935,0.333485723,-0.0155771766,0.570750475,0.336467445,-0.0180999916,0.535207272,0.330244,-0.0075118551,0.554204285,0.326890945,-0.0127342558,0.566161752,0.327434868,-0.0156855471,0.575723767,0.328403622,-0.0175015144,0.530063868,0.329778969,-0.0110902805,0.544891179,0.325273514,-0.0166173428,0.555963635,0.32473439,-0.0191039667,0.56601733,0.324752241,-0.0206131376,0.523617387,0.330165446,-0.0147591503,0.529019594,0.324993342,-0.0195706654,0.535621941,0.323713511,-0.0210231077,0.542924225,0.323464394,-0.0218934715
3166.66666666666,0.787673175,0.368614286,-1.51803583e-008,0.769128382,0.36477226,0.000430118351,0.753790438,0.358317465,-0.000305843,0.742903,0.354689837,-0.00253635156,0.734407365,0.351454496,-0.00470694806,0.758455038,0.348205179,0.00238873716,0.74639374,0.340695918,-0.00475949701,0.735105872,0.339340448,-0.0106927538,0.72590524,0.339991242,-0.0140399542,0.764463,0.347645462,-0.00261528674,0.754689097,0.336551249,-0.00939304754,0.74092871,0.334947437,-0.0143619049,0.729758799,0.335725218,-0.0168568771,0.771397948,0.349193275,-0.00855326,0.761234224,0.341242492,-0.0157430563,0.74682945,0.34144035,-0.019887,0.736254454,0.342989624,-0.0215031598,0.777142823,0.352607071,-0.0145061444,0.766472042,0.348260969,-0.019876197,0.757262886,0.349831939,-0.0213530473,0.750988781,0.352590531,-0.0216969941
3166.66666666666,0.504138947,0.345560819,9.80009318e-008,0.519632,0.345220894,-0.00185023027,0.534275413,0.342105389,-0.00443293434,0.547184229,0.340826273,-0.00755780935,0.559140205,0.34041515,-0.0108306706,0.53407228,0.334250122,-0.00317116734,0.551087,0.332100809,-0.0101430239,0.560828865,0.334419936,-0.015554118,0.567827702,0.337685078,-0.0187017359,0.531999111,0.332768053,-0.00607083924,0.549378753,0.329036593,-0.0116345054,0.562474668,0.329266638,-0.0157571435,0.572583377,0.33071506,-0.0183829833,0.527388573,0.332284212,-0.00972678699,0.541148067,0.326397151,-0.0149252061,0.55312711,0.325014621,-0.0181004032,0.563580334,0.325071931,-0.020102689,0.52106142,0.332742,-0.0136151975,0.525128305,0.326159686,-0.0181363355,0.532250106,0.323950052,-0.02000219,0.540000618,0.323774219,-0.0211316515
3183.3333333333267,0.786989331,0.369303554,-1.62150151e-008,0.768502057,0.365459293,0.000315769983,0.753169477,0.358900249,-0.000483844022,0.742640555,0.354928166,-0.00273273606,0.734290898,0.351715416,-0.00503278663,0.756847441,0.349128962,0.00169939711,0.744049191,0.342438161,-0.00546622323,0.733785868,0.34140709,-0.011333975,0.725253701,0.341927588,-0.0146556757,0.763351142,0.348404169,-0.00342632737,0.752682745,0.337582469,-0.0101125119,0.739484727,0.3361983,-0.0150054693,0.728958488,0.337064028,-0.017449582,0.771013618,0.350109637,-0.00942247,0.760898769,0.342352,-0.0166824237,0.746950746,0.342968851,-0.0206731763,0.736979663,0.344641864,-0.0221384801,0.777653158,0.353885502,-0.0154162394,0.767617106,0.349271387,-0.0209025182,0.758652508,0.350808114,-0.0221528988,0.75273627,0.35355252,-0.0222859699
3183.3333333333267,0.5085783,0.34450078,8.0526064e-008,0.523945034,0.344964206,-0.000143846933,0.538291,0.341855407,-0.0018619718,0.550209939,0.340102911,-0.00417996477,0.560626268,0.339248657,-0.00657421071,0.5361678,0.3327398,-0.00268762466,0.554706872,0.332619816,-0.00882546883,0.562860966,0.336061418,-0.0128737185,0.567132115,0.339874893,-0.0149467718,0.532892406,0.331313372,-0.00613263575,0.553805709,0.328751504,-0.0114706019,0.565335393,0.330386609,-0.0146435844,0.573654294,0.332386255,-0.0162620302,0.527577698,0.331063092,-0.0100149149,0.544402957,0.326210797,-0.0154890828,0.555483282,0.325672299,-0.0182941165,0.565022,0.325752258,-0.0198230501,0.521256506,0.331571937,-0.013744819,0.527007461,0.326153517,-0.0181986801,0.533533156,0.324599862,-0.0195662845,0.540593147,0.324222863,-0.0202478692
3199.999999999993,0.787773848,0.370054632,-3.12031503e-008,0.769297361,0.366556346,-6.25090906e-005,0.753438234,0.359889448,-0.00088689971,0.742684066,0.355684787,-0.00305177434,0.735140622,0.351973474,-0.00515768724,0.757451177,0.348776698,0.00161781453,0.745861351,0.342143029,-0.00506178476,0.735464156,0.341023356,-0.0107126869,0.726193547,0.341471016,-0.0141084921,0.763955832,0.348307282,-0.00312857935,0.752315819,0.338953614,-0.00965936,0.739046693,0.338463962,-0.0143388463,0.728610933,0.340124637,-0.0166093744,0.771368444,0.350125223,-0.00871056691,0.759628713,0.343794227,-0.0156216742,0.745761871,0.345267653,-0.0189658646,0.73585242,0.347566962,-0.0199694429,0.777683794,0.354204148,-0.0143803,0.767115653,0.350928277,-0.0196710285,0.758412242,0.352251798,-0.0207731612,0.752733231,0.354466259,-0.0206735842
3199.999999999993,0.499695539,0.345390111,8.5145e-008,0.517181396,0.345577717,0.000241079557,0.533836901,0.342790157,-0.00114509708,0.546256721,0.341047287,-0.0032806322,0.55777061,0.340314984,-0.00561191561,0.532164276,0.335946858,-0.00158164324,0.549283266,0.335340738,-0.00751924841,0.557567537,0.337847233,-0.0118190991,0.563414156,0.340910465,-0.0143435169,0.529504776,0.334224254,-0.00511068059,0.548998356,0.331892371,-0.0105391,0.561211109,0.332984924,-0.0142262224,0.570500553,0.334855556,-0.0163247548,0.524664819,0.333546638,-0.00913428236,0.540634334,0.328243136,-0.015166658,0.552528679,0.326812238,-0.0187975746,0.562672377,0.326286525,-0.020819867,0.518745184,0.333700567,-0.0129449116,0.524942219,0.327903539,-0.0182227697,0.531628728,0.325760633,-0.0204028282,0.53860724,0.325072855,-0.0216449928
3216.6666666666597,0.788464367,0.371446609,-3.84352674e-008,0.770382822,0.368216217,7.12792462e-005,0.754811764,0.361467689,-0.000793582061,0.744321704,0.357052982,-0.00300751906,0.735548735,0.354118437,-0.00519509614,0.757798493,0.350494534,0.00108078646,0.744981289,0.344575,-0.0059617185,0.734432399,0.343537092,-0.0118327197,0.724921644,0.344001442,-0.0153641813,0.764239311,0.349869668,-0.00377399893,0.752364933,0.340722501,-0.0108652711,0.739646256,0.34035024,-0.0156344641,0.729397,0.342127383,-0.0178321637,0.771598,0.351674348,-0.00939432532,0.759702802,0.346243292,-0.0168624669,0.746840775,0.348507404,-0.019946184,0.737430632,0.351173818,-0.0205700789,0.7779935,0.355748475,-0.0150865456,0.768056571,0.352931917,-0.0206961334,0.759404898,0.354643583,-0.0216849446,0.753381133,0.357010663,-0.0214181449
3216.6666666666597,0.498985678,0.347327709,1.04612191e-007,0.517255604,0.347017765,-0.000843770744,0.533771455,0.343870908,-0.00212189672,0.546503067,0.341932267,-0.00423592562,0.557740927,0.341230154,-0.00653442973,0.532411158,0.336737514,-0.000756980968,0.547790349,0.335831583,-0.00745929,0.556627572,0.338162512,-0.0127080828,0.563333452,0.341139287,-0.0158968195,0.529391766,0.335182607,-0.00411245506,0.546387136,0.333255857,-0.00987560768,0.558555901,0.334626973,-0.0142113985,0.568187296,0.336818725,-0.016926771,0.524251044,0.33459875,-0.00828009471,0.539100826,0.329848379,-0.0144027332,0.5506984,0.329023361,-0.017929,0.561000347,0.329396576,-0.0199553482,0.517365456,0.334636033,-0.0125368871,0.523921311,0.329393923,-0.017902147,0.5311203,0.327509701,-0.0202026255,0.538597822,0.327052832,-0.0215196572
3233.333333333326,0.787853,0.374220967,-2.82566308e-008,0.769712925,0.370110571,-0.000680832483,0.754636884,0.363189518,-0.00229620421,0.744072318,0.358622968,-0.00510313036,0.73489958,0.355207413,-0.00789267756,0.75785923,0.352565557,-0.00108921481,0.745823383,0.346390128,-0.00908298,0.735316336,0.345005631,-0.0155668175,0.725589812,0.345295191,-0.0194347445,0.765163,0.352280527,-0.00582390092,0.753411829,0.343186826,-0.0140893124,0.740471482,0.342710495,-0.0192619972,0.729963362,0.344411582,-0.0216185488,0.773051202,0.354422539,-0.011296072,0.761203647,0.348703176,-0.0199551452,0.748223424,0.351456791,-0.0229948629,0.738786399,0.354747742,-0.0232336,0.779732704,0.358931124,-0.0168412887,0.769675255,0.355460286,-0.0234774593,0.760559261,0.357017487,-0.0246067122,0.754112482,0.359481901,-0.0241435282
3233.333333333326,0.498492151,0.348285735,1.0142837e-007,0.516015947,0.347712487,-0.0014768875,0.533044457,0.344261855,-0.0030921048,0.546273351,0.341882348,-0.00513594924,0.557537377,0.341892064,-0.00733679626,0.532104909,0.339602202,-0.00245007896,0.547545969,0.339146674,-0.00868620351,0.555223942,0.341522217,-0.013468096,0.561071813,0.344616026,-0.0165452454,0.529055774,0.337826341,-0.00516413758,0.54694438,0.336367786,-0.0108785061,0.557947874,0.33797887,-0.0148293125,0.566699147,0.340569705,-0.0172888171,0.523717344,0.336747855,-0.00857475121,0.540685833,0.332470179,-0.0148916282,0.5522753,0.331921786,-0.0184608959,0.562705815,0.332615197,-0.0205216352,0.516248584,0.336025894,-0.0119853746,0.523542,0.331368089,-0.0175467506,0.530416369,0.329612434,-0.0201233886,0.537668645,0.329206496,-0.0217061527
3249.9999999999927,0.78803879,0.37629953,-3.21271187e-008,0.770086169,0.372414708,-0.00045269879,0.755652487,0.365707338,-0.00227273861,0.745775819,0.361153692,-0.00521673355,0.736913562,0.358673871,-0.00828188658,0.757490635,0.354862541,-0.00159093412,0.744122744,0.349850446,-0.00992337521,0.733773589,0.348715574,-0.01663059,0.724812329,0.348965,-0.0204978678,0.764714956,0.354304641,-0.00646382431,0.752350748,0.345704168,-0.0149269318,0.73988694,0.345131248,-0.0202487409,0.730071902,0.346673608,-0.0225984305,0.772619963,0.35628897,-0.0119427284,0.759043872,0.351941258,-0.0206968933,0.746949196,0.355311275,-0.023631325,0.738696218,0.358797342,-0.0237100292,0.779095709,0.360714644,-0.017431464,0.766932786,0.359161347,-0.0237956978,0.758377671,0.361443251,-0.0244852,0.752884924,0.363860905,-0.0236786604
3249.9999999999927,0.499661,0.349452823,1.14447012e-007,0.516814232,0.348313898,0.000439537049,0.533505678,0.34482038,-0.000110703077,0.545565963,0.342665434,-0.0014843893,0.555106461,0.341905415,-0.0030092448,0.53151238,0.336037546,-0.000601732114,0.546080291,0.336654723,-0.00672934763,0.555376649,0.339630663,-0.0116588026,0.562516093,0.342863053,-0.0148029476,0.528235674,0.335202366,-0.00416330062,0.544577,0.336101085,-0.0098151071,0.555749595,0.339490622,-0.0138665186,0.565080762,0.343098581,-0.0164551698,0.523481607,0.335459381,-0.00825809781,0.538917422,0.334136695,-0.0141622303,0.550420165,0.336216182,-0.0172483027,0.560497284,0.338784486,-0.0189958513,0.517154574,0.336328715,-0.0123086255,0.525368154,0.333345205,-0.0173811726,0.533154488,0.333144397,-0.0194511898,0.540774226,0.333980858,-0.0206176173
3266.6666666666592,0.788065374,0.379054666,-2.43186111e-008,0.768541873,0.374786198,-0.0003769412,0.753749073,0.367951453,-0.00233870931,0.743537605,0.363376439,-0.00543647772,0.734654605,0.360752493,-0.00862174574,0.755804598,0.356910288,-0.00149487332,0.741427541,0.352800488,-0.00987652782,0.731435359,0.352018565,-0.0168662649,0.722518325,0.352464497,-0.0209619775,0.763569117,0.356681675,-0.00645807,0.751364052,0.349112928,-0.014494542,0.738975465,0.348411411,-0.0198787171,0.728923917,0.349715829,-0.0226619504,0.771846592,0.359027863,-0.01207319,0.759099483,0.355433,-0.0205042325,0.746862948,0.358469546,-0.0235501155,0.738244414,0.361798,-0.0240079165,0.778548419,0.363826096,-0.0177123118,0.767097831,0.362248451,-0.0238021743,0.758602619,0.36431548,-0.0244103745,0.752948105,0.36688143,-0.023720393
3266.6666666666592,0.495996475,0.350450307,1.41450769e-007,0.506230891,0.347711056,-0.00567972101,0.521015882,0.344192624,-0.00851928629,0.533901513,0.343153328,-0.0106097227,0.543892264,0.343394637,-0.0124076148,0.522753,0.334255219,-0.00557101844,0.540236115,0.336120039,-0.0106236078,0.551498473,0.338297307,-0.0150194308,0.56070441,0.340446353,-0.0180627927,0.524783075,0.336245149,-0.00502784,0.543036342,0.338818729,-0.00996274594,0.554429233,0.341797471,-0.0137786651,0.564037442,0.344939739,-0.0164783,0.525782943,0.339756548,-0.00518759247,0.543499,0.341444254,-0.0107263438,0.55364418,0.344092041,-0.0141267749,0.561158061,0.347119421,-0.0159669593,0.525610924,0.343848735,-0.00573065178,0.539392769,0.344696909,-0.0106797926,0.547706425,0.346595049,-0.0130623737,0.554480672,0.348717839,-0.0142554631
3283.3333333333258,0.787869573,0.381419599,-1.74710859e-008,0.768563449,0.37744379,-0.00125497405,0.753561914,0.370375097,-0.0038791874,0.742413342,0.36594972,-0.00749124773,0.732549131,0.36326614,-0.0110961972,0.75633204,0.359746784,-0.00338461716,0.742562711,0.354579031,-0.0128250588,0.731376827,0.353919297,-0.0201028194,0.72142756,0.354831219,-0.0241891351,0.764499903,0.359988809,-0.00828126818,0.75252074,0.351445735,-0.0175037123,0.738939106,0.351268232,-0.0230170805,0.728382766,0.352902323,-0.0255972482,0.772786319,0.362830251,-0.0138607714,0.759469032,0.358868241,-0.0234381296,0.747049689,0.362752527,-0.0261056107,0.739238441,0.366307467,-0.0258543324,0.779101908,0.368072242,-0.0194839966,0.766426504,0.366344064,-0.0263506081,0.757956326,0.368801355,-0.0267628264,0.753448308,0.371414185,-0.0256553963
3283.3333333333258,0.493673,0.352857798,1.10944718e-007,0.510933697,0.352268159,0.00153266219,0.525581956,0.348978221,0.000710614724,0.537304401,0.347753078,-0.00109918416,0.546826601,0.347119659,-0.00283708866,0.523554265,0.336304098,0.00152487436,0.540069,0.339607894,-0.00330246077,0.552219808,0.342523694,-0.00812127069,0.561169803,0.34526962,-0.0115060685,0.521762669,0.336108953,-0.00226896675,0.541189075,0.339600503,-0.00647849869,0.553838193,0.343005747,-0.00993239321,0.563461185,0.346105516,-0.0124377199,0.52000922,0.338022858,-0.00640964601,0.539325356,0.339915156,-0.0105303209,0.552022934,0.342546135,-0.0124622732,0.561253905,0.345082879,-0.0136215575,0.518201,0.3416107,-0.0105688414,0.53278327,0.341418952,-0.0137906233,0.542900264,0.341961086,-0.0146690588,0.551025569,0.342881858,-0.0150817204
3299.9999999999923,0.78796494,0.384453535,-1.79715e-008,0.768284678,0.380455792,-0.000364005362,0.752909839,0.373699844,-0.00303244032,0.741855323,0.369467,-0.00680969795,0.732150912,0.367166877,-0.0106925536,0.756763101,0.363137871,-0.00439744582,0.74240464,0.358132929,-0.0139817009,0.731486678,0.357535,-0.021098813,0.721936941,0.358354598,-0.0250392705,0.764796555,0.363509953,-0.00980951,0.751741827,0.354785055,-0.0195099674,0.738034129,0.354848653,-0.0249563325,0.727516472,0.356803685,-0.0273360498,0.772975862,0.366521299,-0.0156290382,0.758285344,0.363379747,-0.0255215596,0.747318923,0.367590219,-0.027743401,0.741025865,0.371299297,-0.0270269178,0.779317737,0.371853352,-0.0213704035,0.766675413,0.370301753,-0.0280220546,0.759230733,0.372933656,-0.027736824,0.755816519,0.375700802,-0.026089659
3299.9999999999923,0.492642075,0.35596016,1.0932969e-007,0.511675298,0.354303479,0.00178892096,0.526446462,0.350357026,0.000954764837,0.536832154,0.347954422,-0.000873955491,0.545282781,0.347421348,-0.00284623867,0.524021924,0.338312715,0.00129093905,0.53926748,0.341673255,-0.00349957938,0.551077425,0.344242573,-0.00842979457,0.559952796,0.346972823,-0.0119771296,0.520966232,0.338930666,-0.00248769554,0.538539529,0.342102736,-0.00629248656,0.550600946,0.344875365,-0.00974449236,0.559952497,0.347746909,-0.0124306977,0.517537117,0.341783196,-0.00647598598,0.534942865,0.343504399,-0.0104159983,0.546439111,0.345733106,-0.0122561147,0.554976165,0.348168284,-0.013484491,0.513898253,0.34630087,-0.0104157524,0.525448,0.346439034,-0.0134453615,0.533986032,0.346743494,-0.0141138956,0.541228712,0.347446024,-0.0144600431
3316.666666666659,0.787058175,0.387660146,-1.93248955e-008,0.767268062,0.38309449,-0.000750705774,0.751902282,0.376547426,-0.00425835326,0.740267,0.372474045,-0.00876481365,0.729595184,0.370818108,-0.0132540138,0.757077813,0.366342425,-0.00624727085,0.742178619,0.361131638,-0.0171411354,0.730785191,0.3607741,-0.0250704531,0.72101754,0.362122506,-0.0293543544,0.765042067,0.367098272,-0.0116337156,0.751204133,0.358829647,-0.0222689398,0.737070203,0.358912408,-0.0280255582,0.72612983,0.360947222,-0.030675292,0.773226619,0.370469928,-0.0174601115,0.758249044,0.368234068,-0.0278429519,0.74619782,0.372427,-0.0303202085,0.738636613,0.376096755,-0.0297865253,0.779628754,0.376189113,-0.0232468471,0.767678857,0.374726921,-0.0302042514,0.758889496,0.37692827,-0.0304733589,0.753413796,0.379345924,-0.0292927343
3316.666666666659,0.491856,0.359219253,1.18771815e-007,0.511576235,0.357564926,0.00154448336,0.525581658,0.353153408,0.000605497742,0.535418093,0.349957049,-0.00135248399,0.544002593,0.348363519,-0.0035448675,0.523813367,0.340991557,0.0006975914,0.539129615,0.34375295,-0.00502008293,0.55117327,0.345929325,-0.0104565872,0.560894251,0.348310083,-0.0143858436,0.520823121,0.34153536,-0.00338690751,0.538948774,0.344650716,-0.00820175,0.551588833,0.347334415,-0.0120530082,0.562275,0.349888563,-0.0149889179,0.516946316,0.344418317,-0.00782214757,0.534301519,0.346010268,-0.0130662089,0.546099246,0.34816587,-0.0156097692,0.555637836,0.350411206,-0.0172061473,0.512494147,0.349139154,-0.0121985013,0.523712695,0.349324137,-0.0168433338,0.532266915,0.349883795,-0.0184472762,0.539773,0.35075596,-0.0193208046
3333.3333333333253,0.787292778,0.391445905,-1.44919747e-008,0.766969085,0.386433959,-0.00143982435,0.75201,0.379796416,-0.0055900435,0.739704669,0.375620842,-0.0104251625,0.72840935,0.373378515,-0.0153327156,0.757306755,0.370250404,-0.00901958067,0.740822256,0.366435766,-0.0205106288,0.729422092,0.365967393,-0.0286521055,0.719239891,0.366705716,-0.0332138948,0.765594363,0.370996743,-0.014245932,0.750097513,0.36299023,-0.02559039,0.736353,0.362793595,-0.0314206406,0.72589469,0.364576399,-0.0341466963,0.774131596,0.374381751,-0.0197695084,0.758321047,0.372347921,-0.0306540895,0.745708108,0.376359195,-0.0330486186,0.737409472,0.379750639,-0.0325293131,0.780427933,0.380198538,-0.0252729598,0.768201411,0.379162163,-0.0328725539,0.759010136,0.381001532,-0.0334369242,0.75292927,0.382878363,-0.032449346
3333.3333333333253,0.489533454,0.362041444,1.18810625e-007,0.51171267,0.36039272,0.00183363981,0.526109636,0.356572717,0.000132490648,0.535883486,0.354187667,-0.00270209671,0.544456303,0.352842838,-0.00589489052,0.522169948,0.343698561,-0.00130161946,0.53858161,0.34671998,-0.0080356393,0.550946414,0.349033713,-0.0138970669,0.56101197,0.35159862,-0.018107418,0.518163,0.344414353,-0.00624296442,0.537704825,0.347519189,-0.012215741,0.550711274,0.350449026,-0.0164653715,0.561671376,0.35322696,-0.0197095964,0.513506234,0.347721577,-0.0114705553,0.532790422,0.349073887,-0.0178824272,0.545576453,0.351529062,-0.0208834782,0.556001484,0.354105681,-0.0227723513,0.508867562,0.352954268,-0.0165289491,0.520311117,0.352688223,-0.0220707338,0.5291,0.3530249,-0.0241907928,0.537156165,0.353744596,-0.0255281199
3349.999999999992,0.785138071,0.394826621,-1.65374399e-008,0.764612556,0.389770478,-0.000942312181,0.748933733,0.383307219,-0.00498146843,0.73679167,0.379066169,-0.00968215894,0.725610435,0.376761436,-0.0144566409,0.754732072,0.374140352,-0.00902239233,0.739094436,0.369927257,-0.0202731602,0.727816224,0.369606435,-0.0282597169,0.717733264,0.370702982,-0.0326696597,0.763022125,0.375205457,-0.0142703727,0.749515712,0.367792249,-0.0247804988,0.735923588,0.367511749,-0.0299830902,0.725073755,0.369436413,-0.0325912572,0.77156359,0.378858209,-0.019810956,0.756234109,0.377766967,-0.0296578631,0.744427204,0.381078422,-0.0316113345,0.736559451,0.384161323,-0.0311977379,0.77837038,0.384774059,-0.0253254324,0.765752673,0.384106249,-0.0322929323,0.757291496,0.385633677,-0.0326425508,0.751637399,0.387253553,-0.0317443237
3349.999999999992,0.484880328,0.363542587,1.0199323e-007,0.504165888,0.362475932,0.00179809751,0.519536376,0.358354449,0.00145843311,0.529183745,0.355194688,4.99882954e-005,0.537325561,0.352884769,-0.00163348205,0.521352589,0.347062141,0.0018592556,0.536875248,0.350144804,-0.00291895517,0.548793614,0.352254182,-0.0078078988,0.558111191,0.354451656,-0.0113861132,0.518290699,0.347234815,-0.00201144535,0.536299,0.350447088,-0.00544104073,0.548483,0.352960885,-0.00885471608,0.558850825,0.355388224,-0.0117157241,0.514255047,0.349568367,-0.00620596902,0.531841934,0.351707041,-0.0103792166,0.543617487,0.354021043,-0.0126102185,0.553481817,0.35629335,-0.0142619358,0.509732187,0.353710502,-0.0103738029,0.52113837,0.354567558,-0.0140764639,0.529257417,0.355605,-0.0152101386,0.536489308,0.356736928,-0.0159246586
3366.6666666666583,0.78529346,0.398128688,-2.92138029e-008,0.76597482,0.393114209,-0.000762042706,0.750311732,0.38671127,-0.00469202269,0.738545358,0.382658124,-0.00916036312,0.727578759,0.380001,-0.0136162564,0.755965948,0.377289355,-0.00956879463,0.740070701,0.372276664,-0.0203545857,0.726958394,0.372114599,-0.0276064128,0.716098785,0.373644054,-0.0314494297,0.763120711,0.378970444,-0.0145016825,0.746205509,0.371987551,-0.0243307874,0.731410325,0.372187883,-0.0287911259,0.720740378,0.374342978,-0.0308835227,0.770380855,0.383106977,-0.019593386,0.752241671,0.382360697,-0.0285527185,0.740452647,0.385913223,-0.0295269564,0.733606815,0.38893503,-0.0285634622,0.776570857,0.389340132,-0.0246542953,0.762346864,0.388947606,-0.0310558882,0.753688097,0.390538782,-0.0309112705,0.748481274,0.391877055,-0.0296458509
3366.6666666666583,0.483226776,0.366578698,1.13112698e-007,0.497921,0.362016529,0.00305196363,0.511893392,0.355589747,0.00257271924,0.519079149,0.350817263,0.000690903806,0.523962557,0.34684059,-0.00166121579,0.519040585,0.350652546,0.000148189647,0.535488,0.352656305,-0.00587433157,0.548384666,0.355089903,-0.0110515868,0.558076262,0.358015299,-0.0144201703,0.516153753,0.351537764,-0.00466127228,0.53484422,0.353436172,-0.00918993074,0.548252225,0.356318295,-0.0126816574,0.558895826,0.359386533,-0.0153722195,0.511963308,0.354158,-0.00958773866,0.530107617,0.354867697,-0.0140156718,0.542461157,0.357568473,-0.0163567849,0.552253187,0.360128492,-0.0179908108,0.50715977,0.35822624,-0.0143466,0.519920349,0.357545674,-0.0176455416,0.529070258,0.358355165,-0.0187520012,0.536987305,0.359531164,-0.0195641611
3383.333333333325,0.784576893,0.402156413,-2.99363627e-008,0.76516068,0.396818668,-0.000626758,0.749336123,0.389908522,-0.00438796589,0.73643285,0.38550064,-0.00870124623,0.724618196,0.382102787,-0.0131568471,0.756029665,0.381012529,-0.00983140431,0.737484515,0.376710594,-0.0197075102,0.724755824,0.376411438,-0.0262483135,0.714751899,0.377333701,-0.0297896285,0.762553215,0.382733911,-0.0145383291,0.743162572,0.376917601,-0.023732774,0.728283644,0.37679708,-0.0281885862,0.717673302,0.378424019,-0.030529514,0.769309521,0.38702625,-0.0192263126,0.74853605,0.387368053,-0.0278924275,0.73656404,0.391343534,-0.0294386409,0.729460299,0.394729882,-0.0291136354,0.774934471,0.393243134,-0.0237929039,0.759782791,0.393367201,-0.0301535,0.750984907,0.395130873,-0.0305349175,0.745481849,0.396719873,-0.0298188701
3383.333333333325,0.481465697,0.369582742,1.20006092e-007,0.495182514,0.36382556,0.00404215092,0.510901868,0.358181477,0.00456498796,0.51956284,0.354512811,0.00347574521,0.525075376,0.351429045,0.00209155423,0.517250061,0.353007704,0.0033915441,0.534081221,0.355859786,-0.00114669313,0.547317386,0.358070105,-0.00556337507,0.557551146,0.360183924,-0.00854716264,0.515117586,0.353929639,-0.00162440445,0.53439784,0.356919289,-0.00438608555,0.547885418,0.359443098,-0.00709645497,0.559558451,0.361770272,-0.0093442658,0.512100756,0.35666272,-0.00685796607,0.531094134,0.358093709,-0.00963749923,0.543493748,0.360357732,-0.0113565307,0.554156721,0.362352252,-0.0127262864,0.508662,0.360938549,-0.012001399,0.522021174,0.361068964,-0.0136571256,0.530487835,0.361928,-0.0138368839,0.538004935,0.362875432,-0.014133133
3399.9999999999914,0.78383714,0.406169146,-4.83203e-008,0.762938142,0.40112415,0.000279040571,0.74757129,0.394615591,-0.00254881894,0.736661255,0.390090704,-0.00617170427,0.72730118,0.387186319,-0.00991449878,0.750473082,0.384622931,-0.00745355338,0.734017193,0.381656975,-0.0171218663,0.723279715,0.381745726,-0.0241154749,0.714375257,0.382645786,-0.028048316,0.757871687,0.386189938,-0.0126977814,0.740525424,0.381339967,-0.0216907114,0.7274037,0.381749809,-0.0266641751,0.717232764,0.383543342,-0.0293326639,0.76542908,0.390204787,-0.017956268,0.746900797,0.391197026,-0.026587287,0.735411882,0.395398,-0.0284633,0.727700591,0.398657322,-0.0283078719,0.771680117,0.396260619,-0.0230759401,0.755838513,0.397485465,-0.0292031597,0.746410251,0.39981845,-0.0293741617,0.740256608,0.40168342,-0.0284505971
3399.9999999999914,0.480813205,0.372923762,1.33670511e-007,0.499093294,0.370451063,0.00227258983,0.514272094,0.365156591,0.00196176115,0.522549212,0.360999763,0.000453216169,0.528436363,0.357780367,-0.00149992201,0.51631844,0.356831312,-0.000424177881,0.533740699,0.359494179,-0.00627772324,0.547374368,0.361596853,-0.0112779746,0.558053374,0.363748789,-0.0146760382,0.513294458,0.357702732,-0.00485915504,0.533587277,0.360557407,-0.00930528808,0.54699564,0.363276333,-0.0125828162,0.558212101,0.365816534,-0.015117974,0.509211302,0.360637099,-0.00950099807,0.52836436,0.361889333,-0.0141746821,0.54072839,0.364084,-0.0164033845,0.551054955,0.366203159,-0.0179384761,0.504700184,0.365240574,-0.0140175,0.517287254,0.365400672,-0.0177055653,0.525726318,0.366166323,-0.0188605879,0.533172727,0.367081195,-0.0196661428
3416.666666666658,0.783002794,0.407826662,-4.66763e-008,0.768375576,0.400924742,0.000815212086,0.753839314,0.395054907,-0.00232654763,0.740796626,0.392739087,-0.00624312926,0.730526209,0.391787797,-0.0103887795,0.753468513,0.386725396,-0.00875355862,0.734177709,0.38317889,-0.0174217988,0.722248197,0.383681715,-0.0225256,0.713147104,0.385090321,-0.0249394421,0.758383,0.389488101,-0.0133344391,0.736219347,0.386203319,-0.0215157103,0.722570717,0.387379,-0.0248441175,0.712578475,0.38913238,-0.0264070835,0.763107181,0.394316882,-0.0176936146,0.741191149,0.397040784,-0.0251552705,0.731707752,0.401172429,-0.0256767925,0.72688067,0.40392229,-0.0246378556,0.766761661,0.400301,-0.0218079314,0.747862279,0.401999474,-0.0261786357,0.739435136,0.404300034,-0.0253259819,0.735005796,0.405884,-0.0238840822
3416.666666666658,0.479651719,0.375520736,1.39706145e-007,0.500352621,0.374687612,0.00157631235,0.516888618,0.37079981,-0.000166685626,0.526962698,0.367537081,-0.00281993789,0.535613358,0.365350783,-0.00621599937,0.517186522,0.360646874,-0.00600120705,0.535189211,0.36415565,-0.0139107676,0.548207581,0.366908967,-0.0198044386,0.558608,0.369803607,-0.0238568615,0.512464583,0.361926198,-0.0112398798,0.533959508,0.365198314,-0.0180803668,0.547426939,0.368412286,-0.0224466529,0.558593512,0.371486455,-0.0257526636,0.506337166,0.365165621,-0.0164416544,0.525881708,0.366522133,-0.023657186,0.538077414,0.368718266,-0.0269826837,0.54898566,0.370619,-0.0292347018,0.499946028,0.369941592,-0.0213163644,0.511057675,0.370150149,-0.0277073309,0.51875329,0.370764107,-0.0299675465,0.526308417,0.371537864,-0.031398125
3433.3333333333244,0.779808939,0.412238061,-4.76457487e-008,0.765829921,0.40455097,0.00136208837,0.751258671,0.398022085,-0.0011196282,0.738227963,0.395425677,-0.00432786299,0.728487313,0.394514561,-0.00800477713,0.751172602,0.389951855,-0.00810682215,0.731330037,0.386728913,-0.0161769204,0.718643427,0.387008369,-0.0212391205,0.708640218,0.388207555,-0.023749968,0.756328344,0.39331615,-0.0125329457,0.734683394,0.390503794,-0.0197143685,0.719771385,0.391823292,-0.0226254594,0.708603919,0.393892169,-0.0242416877,0.761003196,0.398761123,-0.0166542102,0.738866746,0.401142925,-0.0233026464,0.728693604,0.405173272,-0.023486875,0.723488092,0.407942772,-0.0224748291,0.764667869,0.405295551,-0.0204691328,0.746099651,0.406525016,-0.0242282823,0.739118218,0.40874061,-0.0228096694,0.736362278,0.410204649,-0.0210577045
3433.3333333333244,0.476006776,0.377012253,1.23348798e-007,0.494986385,0.375216067,0.000682682265,0.511421084,0.371721447,-0.00103677926,0.521589339,0.369137287,-0.0035178531,0.529713213,0.367881656,-0.00649171555,0.514971733,0.364660829,-0.00479855807,0.532196462,0.367116779,-0.0113974782,0.543964744,0.369205028,-0.016392028,0.553403735,0.371448666,-0.0199944861,0.510658681,0.366782308,-0.00929893181,0.531453252,0.369870335,-0.0150898006,0.544050813,0.372947246,-0.0192341153,0.55495137,0.375963449,-0.0223728176,0.504712343,0.370292842,-0.0138282897,0.523832381,0.37214011,-0.0199782718,0.535734057,0.374425203,-0.0231861789,0.54652971,0.376370907,-0.0254358575,0.49819085,0.37497282,-0.0181648973,0.50869745,0.376088321,-0.0233907402,0.515933394,0.37661618,-0.0253296085,0.522963226,0.377036691,-0.0266681202
3449.999999999991,0.776373267,0.414710343,-7.4612764e-008,0.763135731,0.406714976,0.00156031467,0.748072445,0.40114969,-0.00121520157,0.734403193,0.399255455,-0.00473257573,0.724175155,0.398659527,-0.00866074394,0.746157825,0.392667383,-0.00803122763,0.724535584,0.390127271,-0.0161404088,0.712041676,0.392100036,-0.0212977827,0.703449786,0.394704252,-0.0238743536,0.751727104,0.396489769,-0.0123754861,0.72781992,0.394958407,-0.0193774551,0.713831604,0.397303849,-0.0224619769,0.704594851,0.400034904,-0.0244225916,0.756586552,0.402279854,-0.0164085906,0.733559728,0.405769438,-0.0226701051,0.723356068,0.409759104,-0.0230850354,0.718275964,0.412551105,-0.0225962587,0.76010412,0.408891052,-0.0200971141,0.740727,0.411171556,-0.0239004213,0.733042,0.413156271,-0.0230721217,0.729383707,0.414275646,-0.0219414644
3449.999999999991,0.474042773,0.378568172,1.3047169e-007,0.48986271,0.372914374,0.00167668844,0.50768,0.371120602,-0.000376743817,0.521095872,0.371692508,-0.00318317674,0.530816317,0.373422444,-0.00634593517,0.512304187,0.368156374,-0.00605106913,0.530007362,0.370640129,-0.0115926117,0.540947,0.372971147,-0.0152186574,0.549721718,0.375286132,-0.0176236108,0.508610606,0.371892124,-0.0104878582,0.529843807,0.375492215,-0.0147804087,0.543015361,0.378851205,-0.0173069555,0.55359149,0.382201,-0.0194147974,0.503337801,0.376287937,-0.0146062123,0.522118747,0.378840715,-0.0183456447,0.5321576,0.381632894,-0.019412348,0.540152729,0.384003282,-0.0204277523,0.497255832,0.381083518,-0.0185541715,0.508959949,0.382247239,-0.0207760762,0.515506864,0.383251905,-0.0204489883,0.520804226,0.384124339,-0.0204005037
3466.6666666666574,0.774339616,0.418219984,-8.52620303e-008,0.761726618,0.410046041,0.00136318291,0.746448457,0.404593855,-0.00195644959,0.732093096,0.403055757,-0.00607179338,0.721577466,0.402814299,-0.0106827309,0.744381905,0.396410197,-0.00885196123,0.721668,0.394320339,-0.0173865166,0.708501637,0.39625296,-0.0227918662,0.699305534,0.398767591,-0.0256084744,0.749055326,0.400506884,-0.0134340897,0.723552346,0.399718404,-0.0212677903,0.709046602,0.402696073,-0.0246464089,0.699622393,0.405843556,-0.0267924592,0.752889097,0.406415612,-0.0177337714,0.72848773,0.409285605,-0.0246340167,0.717903197,0.413365692,-0.0251476336,0.712457716,0.416305572,-0.0247510821,0.755635321,0.41283235,-0.0216922704,0.73481065,0.414860576,-0.0259557813,0.726457357,0.416801602,-0.0253804382,0.721840143,0.417928219,-0.0244917646
3466.6666666666574,0.473521799,0.379237294,1.3602974e-007,0.490754336,0.374847,0.00135040306,0.509394586,0.374894,-0.000985988765,0.523085296,0.377067506,-0.00367417536,0.533118844,0.379298151,-0.00671593798,0.514705122,0.373461425,-0.00861646328,0.531879,0.376597553,-0.0140582118,0.542151511,0.378875524,-0.0170087907,0.550732315,0.380940557,-0.0190076753,0.50979495,0.377254575,-0.0128683886,0.530754924,0.382234216,-0.017630389,0.543186724,0.386623234,-0.0195000507,0.553061545,0.390503556,-0.0210126787,0.503021479,0.38163045,-0.0166053902,0.520837426,0.386190653,-0.0203956403,0.530650795,0.389260292,-0.0206124242,0.538377166,0.391345441,-0.0209811125,0.495147794,0.386071384,-0.0201555025,0.507052541,0.388776064,-0.0220400728,0.513429,0.390124232,-0.0210355632,0.518244386,0.390773684,-0.0205072891
3483.333333333324,0.770181,0.420915067,-9.50402068e-008,0.757328808,0.412822306,0.00132633117,0.740923882,0.40721494,-0.00137422548,0.725422144,0.405378044,-0.00471403683,0.713465154,0.405050486,-0.00883491058,0.738849699,0.399159163,-0.00870743487,0.715937436,0.398002893,-0.0162314698,0.702449858,0.400337219,-0.0211614314,0.693386674,0.402838469,-0.0238121916,0.744066536,0.403562963,-0.0126395794,0.717473567,0.404609174,-0.0192361902,0.702727139,0.408374786,-0.0219346043,0.693390131,0.411792874,-0.0238649603,0.748259187,0.409756154,-0.0162424855,0.722781539,0.412745118,-0.0222103409,0.710533738,0.416671127,-0.0228858087,0.703790367,0.419530958,-0.0229107682,0.751299,0.41641131,-0.0194309559,0.73018235,0.418520272,-0.0237653349,0.722050607,0.420464456,-0.0235373601,0.718029499,0.421692848,-0.022844702
3483.333333333324,0.472546518,0.380597174,1.41736294e-007,0.49205333,0.378190517,0.000579789281,0.511372447,0.380456388,-0.00215153303,0.525657773,0.384321302,-0.00513999909,0.535899937,0.388147146,-0.00831842236,0.513338208,0.378941268,-0.00954121351,0.531707585,0.383385956,-0.0158150457,0.542005479,0.387699068,-0.0194114391,0.549448609,0.391907454,-0.021510778,0.507745445,0.38308683,-0.0134870857,0.527832508,0.388881505,-0.0178546198,0.539785624,0.393776208,-0.0198590979,0.548016071,0.39811942,-0.0215593502,0.499763757,0.38766107,-0.0169633683,0.516684532,0.393513292,-0.0204255786,0.525244474,0.397312343,-0.0204509217,0.531281769,0.399971664,-0.0207692832,0.490897179,0.392164737,-0.0203445293,0.501638114,0.395970702,-0.0224050358,0.507447243,0.398249269,-0.021238083,0.51192379,0.399983674,-0.0204572
3499.9999999999905,0.767227829,0.424124926,-8.86731542e-008,0.755033314,0.415418237,0.00179622218,0.739162505,0.410060346,-0.000567144481,0.724315763,0.40872243,-0.0037563683,0.712512,0.408685476,-0.00792976934,0.734782636,0.403684139,-0.00836264249,0.712371409,0.402393192,-0.01573647,0.698824525,0.403736144,-0.0204437487,0.688685954,0.405347198,-0.0230834819,0.739457071,0.40818122,-0.0126977945,0.711688161,0.409883052,-0.0197067261,0.697803199,0.413950682,-0.0224628728,0.689548,0.417669117,-0.0242895801,0.743728459,0.414355725,-0.0166388322,0.717639923,0.417514265,-0.0231841896,0.706337,0.421466112,-0.02385954,0.700578272,0.424468935,-0.0236698929,0.747257411,0.420890659,-0.0201304387,0.726268768,0.423040569,-0.0248622578,0.718531132,0.424991429,-0.0245773215,0.714884818,0.426451057,-0.0236967299
3499.9999999999905,0.471160501,0.383933514,1.43344351e-007,0.490367711,0.382474154,8.39932618e-005,0.508828521,0.385813087,-0.00279128505,0.522023,0.390650749,-0.00579137076,0.531359494,0.394622266,-0.00888209604,0.513247728,0.38517186,-0.0105196862,0.532131672,0.39088884,-0.0169748347,0.541900575,0.395749688,-0.0205341168,0.548283756,0.400173068,-0.0224383641,0.506023467,0.388954,-0.0140536623,0.524825931,0.395733505,-0.0191988,0.536192894,0.401045024,-0.0214879345,0.544151,0.40559417,-0.0230414085,0.496639192,0.393114358,-0.0170659721,0.512323678,0.400595158,-0.0211061332,0.520299494,0.405252814,-0.0212927274,0.526082933,0.408594161,-0.0213494524,0.486576229,0.397111535,-0.0199540555,0.496986777,0.402584583,-0.0223102421,0.502783775,0.405724138,-0.0211436693,0.50744307,0.408239126,-0.0200509336
3516.666666666657,0.763210714,0.426212966,-7.44251381e-008,0.749936044,0.417811185,0.00193242682,0.732097626,0.413660228,-0.00043548987,0.716111183,0.413211882,-0.00354006677,0.703926802,0.413956583,-0.00749418698,0.729357481,0.407662243,-0.00781471469,0.706767142,0.406886816,-0.0148493098,0.693293631,0.408547,-0.0194359515,0.683969259,0.410543442,-0.0219884422,0.733655632,0.412232459,-0.0119787715,0.706468523,0.414549828,-0.0182601381,0.692877352,0.418798178,-0.0205784123,0.685182452,0.422433674,-0.0222097803,0.738022506,0.418215603,-0.0157664549,0.712327302,0.42201817,-0.0214429,0.700991035,0.42602405,-0.0216730349,0.695345342,0.429001123,-0.0214448236,0.742027342,0.424371481,-0.0191276558,0.722447336,0.426957518,-0.0232880153,0.715380311,0.429173678,-0.0226865727,0.712253809,0.43080318,-0.0217117928
3516.666666666657,0.469614,0.388365567,1.40564339e-007,0.489240795,0.387158126,3.83441584e-005,0.506753087,0.391986966,-0.00264520617,0.517697453,0.398569465,-0.00540393405,0.524359345,0.404029965,-0.00801773183,0.511738896,0.391967,-0.00999672897,0.531049371,0.397736698,-0.0156917647,0.540208697,0.402947873,-0.0186619,0.545311391,0.407649726,-0.0200681016,0.50472647,0.396212727,-0.0129623841,0.523627341,0.403801203,-0.0168347117,0.534165263,0.409487605,-0.0182037186,0.540112913,0.414086789,-0.0191972386,0.495289236,0.400508523,-0.0153927756,0.510874271,0.410053432,-0.0181469079,0.51658231,0.414232612,-0.0174419917,0.519068599,0.416475534,-0.0169796105,0.484978199,0.404139757,-0.0177720897,0.493732572,0.410978079,-0.0191836413,0.498414963,0.414118409,-0.017580606,0.501504362,0.41620779,-0.0161330774
3533.3333333333235,0.758192062,0.427989602,-5.26619814e-008,0.744965136,0.419011235,0.00145522633,0.726416647,0.415134549,-0.000932789873,0.710096955,0.415520281,-0.00379488245,0.698354542,0.417449057,-0.00760584604,0.722686052,0.410775751,-0.00872547552,0.699098527,0.410738945,-0.0152141508,0.685603201,0.413086176,-0.0193188358,0.676941752,0.415497035,-0.0216032881,0.727285266,0.416147143,-0.0124365585,0.700069547,0.419916958,-0.01808846,0.686909616,0.424372047,-0.0203743614,0.67924124,0.427673757,-0.022135973,0.732182622,0.422520131,-0.0156580675,0.706927419,0.426992327,-0.0209354814,0.693687,0.430896699,-0.0218082145,0.685708106,0.433592707,-0.0222082958,0.736887157,0.428669423,-0.0183558837,0.718227744,0.431310207,-0.0223897342,0.711441,0.433120936,-0.0220654011,0.708141923,0.434299231,-0.0213823244
3533.3333333333235,0.467501968,0.391869545,1.41495391e-007,0.486965328,0.392029583,0.000296381098,0.503962934,0.396992594,-0.00164893677,0.515141428,0.402967632,-0.00365083758,0.521514356,0.40828228,-0.00562887406,0.508244,0.398356438,-0.00860400125,0.527265131,0.403944701,-0.0137838656,0.536269844,0.409104824,-0.0160534922,0.541666031,0.413753718,-0.0170870963,0.501469314,0.402674019,-0.011882754,0.520019531,0.411536485,-0.0158743579,0.530077,0.417979687,-0.0175535847,0.536164224,0.423180848,-0.0185115207,0.491618365,0.406269848,-0.0147111071,0.504225731,0.416374564,-0.0184394103,0.511022627,0.422507226,-0.0192485657,0.515935123,0.427068532,-0.0196320042,0.480459422,0.408752739,-0.0172998253,0.486962408,0.416483968,-0.0197641421,0.491363823,0.421186358,-0.0191034321,0.495165914,0.424983561,-0.0183098521
3549.99999999999,0.755684912,0.430515319,-4.48565416e-008,0.741652,0.422074795,0.00197444297,0.723283291,0.418941587,-0.00040420951,0.707210243,0.419720829,-0.00324125309,0.695534945,0.422284842,-0.00694845617,0.719100654,0.415202886,-0.00921887811,0.695702314,0.414981544,-0.0157422051,0.682207286,0.41738981,-0.0196334179,0.673462749,0.420072824,-0.021654861,0.722913504,0.420429349,-0.0130509408,0.695525229,0.423833221,-0.0182296298,0.683283925,0.427997112,-0.0197948329,0.676868,0.431097627,-0.0210531224,0.727291822,0.426673532,-0.0163300894,0.7018556,0.431144893,-0.0207864251,0.689661801,0.434998184,-0.0210121349,0.683008194,0.437609166,-0.0211476963,0.731744766,0.432732,-0.0191075932,0.713543534,0.435745537,-0.0224939287,0.706473947,0.437595546,-0.0220307894,0.702980936,0.438701868,-0.0213622972
3549.99999999999,0.468750238,0.398876488,6.02966779e-008,0.487551719,0.39776203,-0.00110275345,0.504162,0.40118745,-0.003024515,0.516569793,0.405407369,-0.0046913363,0.525865,0.408169776,-0.00621902058,0.508199453,0.405620486,-0.00851341151,0.526639163,0.410811663,-0.013741049,0.535398662,0.415105641,-0.0162164159,0.541552663,0.418884486,-0.0174046326,0.500543714,0.410419315,-0.0107897473,0.517792463,0.419462949,-0.015028175,0.527501881,0.42546168,-0.0170603413,0.534026,0.430189341,-0.0182944164,0.491037697,0.414192259,-0.0128614707,0.501600862,0.424156278,-0.0171331987,0.508533597,0.430248916,-0.0190904401,0.513503492,0.434836179,-0.0201219227,0.481131971,0.416617453,-0.0147732319,0.485134721,0.424512655,-0.0176285822,0.488573492,0.429135084,-0.0179705061,0.491927236,0.433001935,-0.0179076251
3566.6666666666565,0.749951601,0.432397634,-3.671855e-008,0.734926939,0.424994618,0.00243333983,0.715742409,0.422761589,0.000146874969,0.699674785,0.423839122,-0.00249989331,0.687830448,0.425995529,-0.00600796891,0.711295068,0.41847387,-0.0103203664,0.687342048,0.419234037,-0.0167409666,0.674913347,0.422574222,-0.0201043598,0.667806506,0.42590037,-0.0216358323,0.716336191,0.423618078,-0.0142727485,0.688774884,0.428022772,-0.0192325581,0.677470386,0.432761669,-0.0201201253,0.672224224,0.436214626,-0.0208306368,0.72208643,0.429873288,-0.0175400097,0.696931958,0.435046911,-0.0214772616,0.685568392,0.439138055,-0.0210375059,0.679375052,0.441704273,-0.0207978394,0.727841139,0.435964078,-0.0202330183,0.710120201,0.439559489,-0.0233515166,0.70263344,0.4414455,-0.0225896444,0.698217392,0.442364,-0.0216900762
3566.6666666666565,0.46668011,0.403219938,1.35277702e-007,0.486011326,0.402122349,-0.000559551874,0.504023552,0.40642938,-0.00164807367,0.517893136,0.41016984,-0.00240455102,0.528878629,0.411951393,-0.00314743863,0.505498111,0.410570532,-0.00761158485,0.523294568,0.416446835,-0.0115466211,0.531584799,0.421060324,-0.0128799258,0.536926508,0.425154209,-0.0133607462,0.497707635,0.415572256,-0.0099307308,0.51507467,0.425493121,-0.0130813355,0.524331093,0.431888968,-0.0150270564,0.530633032,0.43716538,-0.0163342059,0.488046348,0.419369578,-0.0118799461,0.499396265,0.430347949,-0.0159828048,0.506234109,0.436765701,-0.018829463,0.511742413,0.441838205,-0.0206397623,0.478098065,0.421774954,-0.0134134982,0.481781542,0.430326939,-0.0173696503,0.484123,0.435609132,-0.0188168027,0.486986756,0.440056682,-0.0194729548
3583.333333333323,0.747680426,0.434141368,-3.81878351e-008,0.731474519,0.427513212,0.00295994803,0.711773515,0.42567113,0.00101086334,0.696138918,0.426769555,-0.00125086075,0.684179723,0.42904222,-0.00435340125,0.707611799,0.422895938,-0.0108346362,0.683559954,0.423077703,-0.0172588117,0.670783281,0.426505119,-0.0203642976,0.663005412,0.430062145,-0.0216505397,0.712175667,0.428115159,-0.0148081053,0.684767365,0.432119489,-0.0193803199,0.673897445,0.43677184,-0.0196072627,0.668912053,0.440014362,-0.0198904034,0.717476,0.434428066,-0.0180042088,0.692699373,0.439529836,-0.0214100182,0.681582272,0.443221837,-0.0205127466,0.675602674,0.445291877,-0.0200581905,0.722854376,0.440509588,-0.0205755197,0.704599559,0.444648325,-0.0230265614,0.696564,0.446385831,-0.0219463054,0.69179368,0.447011679,-0.0209476091
3583.333333333323,0.465673119,0.409626395,1.29533277e-007,0.485487074,0.408177346,-0.000375382573,0.503666103,0.41219306,-0.00150573894,0.517325163,0.415761501,-0.00232762354,0.528203,0.416460633,-0.00327047473,0.50511533,0.417968899,-0.00736173615,0.523364246,0.423612028,-0.0109745692,0.532211602,0.427928567,-0.0122459596,0.538240373,0.431588322,-0.0128012393,0.497114837,0.423051178,-0.00977052,0.513895392,0.432785809,-0.012766608,0.523244083,0.438936055,-0.0146824028,0.530070543,0.443858415,-0.016021397,0.4873088,0.426615864,-0.0117960451,0.498934925,0.437100738,-0.0159074906,0.506450295,0.44349125,-0.0190005749,0.512597144,0.448872149,-0.0210680868,0.477113247,0.428670436,-0.0133576719,0.480438411,0.437084436,-0.0174355358,0.482637763,0.442586392,-0.0191137679,0.485245377,0.447398067,-0.019991627
3599.9999999999895,0.744953752,0.437287062,-1.70752372e-008,0.728460073,0.430685401,0.00263788365,0.707760751,0.427538753,0.000631881645,0.69110173,0.426120758,-0.00155650941,0.677942276,0.425004721,-0.00453642197,0.703475535,0.426218361,-0.0111944824,0.67963022,0.42786786,-0.0172477048,0.667255938,0.431134015,-0.0198663361,0.660677671,0.433974653,-0.0207612161,0.708705544,0.431802511,-0.0150843961,0.681273222,0.436730832,-0.0198090095,0.671045303,0.440921247,-0.019836586,0.667675257,0.443743438,-0.0197311398,0.714547336,0.438244581,-0.0181846842,0.689507365,0.44396174,-0.0213254355,0.67843008,0.447337359,-0.0199825745,0.673161268,0.449068218,-0.0191410109,0.720427155,0.444512904,-0.020704383,0.700524,0.449061751,-0.0225964393,0.691688478,0.450855494,-0.0210824385,0.686291337,0.451389223,-0.0198134165
3599.9999999999895,0.464586914,0.416436344,1.08854756e-007,0.484247595,0.415010661,-0.000664097606,0.503344655,0.418569177,-0.00178964122,0.517941952,0.421127677,-0.00260620564,0.528686166,0.421243519,-0.00347856735,0.503512263,0.424337834,-0.00722908601,0.522134244,0.429565,-0.0108472491,0.53107357,0.43294543,-0.0119907595,0.536951184,0.435917109,-0.0124203023,0.49628365,0.429655403,-0.0095203286,0.514452755,0.438275188,-0.0126775913,0.524616182,0.443518192,-0.0145949544,0.531757295,0.447895527,-0.0158769283,0.487067848,0.433350772,-0.0114818085,0.498846,0.44355616,-0.0159168988,0.506301224,0.449785531,-0.0190935843,0.512353659,0.45512867,-0.0211178437,0.477299601,0.435240179,-0.0129939616,0.479931593,0.443956792,-0.017295016,0.481697202,0.449703962,-0.0190569572,0.483937085,0.454803,-0.0199661702
3616.666666666656,0.740125775,0.439851344,2.54776644e-009,0.722898304,0.433795661,0.00211032014,0.702222705,0.431312859,-0.000282239635,0.685920298,0.430360347,-0.00281833089,0.673061192,0.429988056,-0.00627682358,0.698244035,0.430440277,-0.0121328756,0.674937725,0.432918638,-0.0179914,0.662038207,0.435917079,-0.0206221808,0.653885126,0.438478261,-0.0218303166,0.703904271,0.436359614,-0.0161166023,0.676772714,0.44184342,-0.021204602,0.664551198,0.445957839,-0.0220031161,0.658223927,0.448783189,-0.02258729,0.71012944,0.44281885,-0.0192262717,0.68522042,0.449154884,-0.0224677678,0.67282176,0.452751964,-0.0217666421,0.665378392,0.454651535,-0.0215548314,0.716358423,0.448822439,-0.0218385197,0.697146356,0.453790337,-0.0242744237,0.686978519,0.455937445,-0.0235318486,0.679632664,0.456907749,-0.0228505209
3616.666666666656,0.4628447,0.423456877,7.88578305e-008,0.482455224,0.420267403,-0.000174262896,0.502074599,0.423466653,-0.000556563551,0.516946077,0.42590192,-0.000803982548,0.527476847,0.425502181,-0.001106087,0.503910363,0.431370229,-0.00399338,0.521972775,0.434464,-0.0070473426,0.530353069,0.43614921,-0.00831453595,0.535518408,0.437646538,-0.00882866327,0.497644067,0.437548,-0.00643424084,0.515320897,0.444841594,-0.00909031089,0.525513411,0.449002087,-0.0110880993,0.532844782,0.452512234,-0.0122865615,0.488898695,0.441515923,-0.0087740561,0.499797076,0.450833738,-0.0132343266,0.507214844,0.456478775,-0.0167288091,0.5135746,0.461371094,-0.0187811833,0.478906125,0.443196654,-0.0106151896,0.481028467,0.451660722,-0.0147404596,0.48295632,0.457285941,-0.0163443908,0.4854725,0.462198764,-0.0170808285
3633.3333333333226,0.736092806,0.44375059,1.29635875e-008,0.718868196,0.438004762,0.00228234124,0.69910717,0.435553372,-0.000119247627,0.683537126,0.434788883,-0.0025355462,0.671664178,0.435060412,-0.00586696668,0.696017623,0.435181648,-0.0127399592,0.672382474,0.437758386,-0.0183512475,0.660082698,0.440975457,-0.0204920508,0.652334869,0.443606228,-0.0212800018,0.70201385,0.441091985,-0.0166646931,0.67452383,0.446947932,-0.0216203444,0.662845671,0.451390356,-0.0219322275,0.657209754,0.454102367,-0.0219706874,0.70846951,0.447433591,-0.0196096692,0.683737397,0.454030603,-0.0227058344,0.671488881,0.457740515,-0.0217803065,0.664148211,0.45935905,-0.0213100538,0.714907587,0.45328927,-0.0219946653,0.696692526,0.458383769,-0.0240988117,0.687349737,0.460441858,-0.0229369774,0.680599272,0.461120784,-0.021940846
3633.3333333333226,0.461393595,0.430041105,7.29281382e-008,0.481057286,0.426657677,0.000970376539,0.501618743,0.429402471,0.00125096936,0.516643882,0.431063116,0.00126105617,0.526759624,0.43074894,0.00113295752,0.502996266,0.437917292,-0.00196944107,0.520469,0.440365285,-0.00429398241,0.529039264,0.441757411,-0.00524696149,0.534436882,0.443111777,-0.00567413308,0.497685939,0.444162965,-0.00487485,0.516553879,0.451074868,-0.00746228825,0.527040303,0.454875588,-0.00943849701,0.534318447,0.458003163,-0.0104286633,0.489452362,0.448544711,-0.00762824202,0.501258135,0.457583785,-0.0119357202,0.508951128,0.463009089,-0.0154306991,0.515628338,0.467615426,-0.0173948295,0.479596049,0.450725883,-0.00979954,0.481911898,0.459348261,-0.0134420358,0.483917534,0.464920551,-0.01475982,0.486676246,0.469741046,-0.0152875585
3649.999999999989,0.733489394,0.447865725,3.63653925e-008,0.716716826,0.442201734,0.00179966039,0.697378933,0.439326346,-0.000449551793,0.68209517,0.43880856,-0.0026063039,0.670514524,0.439203113,-0.00564675452,0.693284392,0.441242546,-0.0126937144,0.669631541,0.443371177,-0.0183800589,0.657834768,0.446163356,-0.020566389,0.651138,0.44852972,-0.0212861,0.698459327,0.447212964,-0.0162560586,0.672260523,0.452380151,-0.0211876594,0.661067545,0.456276059,-0.0218038037,0.655688,0.458711416,-0.0219082,0.704902828,0.45337972,-0.0188754927,0.681730092,0.459890544,-0.0222308859,0.669357896,0.463253856,-0.0221500192,0.661520779,0.464826465,-0.0222166236,0.711972952,0.458971322,-0.020897897,0.695789456,0.4636406,-0.0234107506,0.68733269,0.465487063,-0.0227267854,0.680896461,0.466197491,-0.0219778456
3649.999999999989,0.461423486,0.435643673,6.96871467e-008,0.480414748,0.433013201,-0.000325269299,0.500594735,0.435284495,-0.000678261626,0.515712202,0.436188102,-0.00121468632,0.526138127,0.435714334,-0.00192667684,0.50239718,0.444521427,-0.00256231497,0.518431187,0.446181685,-0.00586345,0.527861297,0.447090566,-0.00796865579,0.53477788,0.448008448,-0.0092667006,0.49789378,0.450616509,-0.00514190271,0.515809715,0.457059681,-0.00891697127,0.526954234,0.460717738,-0.0117298625,0.535343349,0.463877678,-0.0132536162,0.490493298,0.454779088,-0.00774463499,0.501967788,0.463507563,-0.0132631613,0.509488523,0.468884885,-0.017080782,0.516432345,0.473472357,-0.0190322381,0.481278807,0.456691682,-0.00989014562,0.483783275,0.465370387,-0.0144522786,0.48597163,0.470897436,-0.015924409,0.488937438,0.475670189,-0.0163921267
3666.6666666666556,0.730308473,0.452878743,6.62760158e-008,0.714169204,0.447001696,0.00048341442,0.695009351,0.443640202,-0.00225158874,0.679287255,0.442751497,-0.00471388968,0.667137146,0.442420721,-0.00796589348,0.691277146,0.447095573,-0.0133604789,0.666619599,0.449078947,-0.0191269554,0.654674,0.452173829,-0.021277735,0.648860276,0.454749465,-0.0218510181,0.695972264,0.453355432,-0.0161370095,0.669681072,0.457878917,-0.021067353,0.657979369,0.461281627,-0.022014359,0.652238965,0.463654757,-0.0223776177,0.702075303,0.459438294,-0.0180502776,0.67876935,0.46554178,-0.0210778397,0.667386591,0.46889928,-0.0208058432,0.660581827,0.470747381,-0.0207724273,0.709015906,0.464875132,-0.0195364319,0.692677,0.469709426,-0.0220842902,0.683915615,0.472094327,-0.0216795281,0.677395523,0.473447353,-0.0210356582
3666.6666666666556,0.462450027,0.441909283,4.67878394e-008,0.481594652,0.439320803,-0.00212817849,0.502179801,0.440817744,-0.00369677739,0.518444,0.441138804,-0.00496734912,0.529322803,0.439537853,-0.00621833885,0.501112223,0.451037258,-0.00544641772,0.520031214,0.451574177,-0.00941378064,0.529629469,0.45145157,-0.0117298495,0.536531746,0.451503098,-0.0129414937,0.496198744,0.457101315,-0.00690483768,0.513878644,0.462116152,-0.0105904052,0.524909139,0.465122908,-0.0131590273,0.533732474,0.467937708,-0.0148459906,0.489262521,0.460886151,-0.00847891532,0.500411868,0.469219178,-0.0139601938,0.508280277,0.474394679,-0.0177780241,0.515543,0.478921115,-0.0198223516,0.481404454,0.462276101,-0.00971818902,0.484475017,0.471132696,-0.0141687086,0.486668199,0.476974308,-0.0159371682,0.489494115,0.482042462,-0.0167921819
3683.333333333322,0.729768515,0.457949072,7.19367463e-008,0.713359952,0.452330291,-0.000447547267,0.693654597,0.449087828,-0.00344546884,0.677320778,0.448194474,-0.00608893344,0.66503948,0.447510183,-0.00957622379,0.690974593,0.452988505,-0.0137522118,0.668394,0.455045879,-0.0192448068,0.656236768,0.457847863,-0.0213626474,0.648379743,0.460285962,-0.0223053042,0.695805073,0.459473073,-0.0162717234,0.671399653,0.464127213,-0.0211985316,0.658790946,0.467116863,-0.0225049872,0.650673389,0.469320387,-0.0233915392,0.701824307,0.465429187,-0.0179687329,0.680285454,0.471422344,-0.0214145612,0.668682754,0.474389762,-0.0213741958,0.660437405,0.476094693,-0.0215598643,0.708610117,0.470587522,-0.0193355829,0.693236411,0.475762904,-0.0223832093,0.684347749,0.478185505,-0.0222103763,0.67721653,0.479666412,-0.0217557549
3683.333333333322,0.46312207,0.447809815,6.74595597e-008,0.480698228,0.445034802,-0.003438666,0.500856757,0.446364105,-0.00583994854,0.517224312,0.446663082,-0.00768839195,0.528306961,0.44505319,-0.00948986504,0.49964416,0.456664294,-0.00800660253,0.519692242,0.457292974,-0.013367584,0.530132174,0.456942,-0.0164267067,0.537647486,0.456643015,-0.0179179888,0.49531737,0.462905735,-0.00938695,0.515813589,0.468800366,-0.014460911,0.52924794,0.472551376,-0.0176192857,0.540066,0.475904405,-0.0194421038,0.488820851,0.466543466,-0.0109131485,0.500609934,0.475246191,-0.0175493825,0.50814414,0.480713099,-0.0217209775,0.515008092,0.485186875,-0.0236631036,0.481162935,0.46792376,-0.0121641476,0.484849244,0.476851016,-0.0173942558,0.487026691,0.482775152,-0.0191106554,0.489766538,0.487768203,-0.0197371
3699.9999999999886,0.727934897,0.463937134,1.1211602e-007,0.712338388,0.457761049,-0.00192096818,0.69202739,0.454837531,-0.0052021849,0.675372779,0.454970509,-0.00771710509,0.662400424,0.454289734,-0.0109763835,0.69036752,0.460292071,-0.0150534464,0.667484283,0.462183475,-0.0205694623,0.655024052,0.464185029,-0.0222576316,0.647237659,0.465818,-0.0227823444,0.694601238,0.467339039,-0.0164636038,0.670674503,0.471101344,-0.0212570634,0.657997072,0.473441929,-0.0223251898,0.650108397,0.47500053,-0.0229760073,0.699978054,0.473474294,-0.0171806384,0.678424597,0.478861243,-0.0205340534,0.666468441,0.481380373,-0.0208805259,0.65843451,0.482474387,-0.0212470479,0.706057966,0.478566438,-0.0176537242,0.689880431,0.483805656,-0.0207120851,0.680406809,0.486159205,-0.0211192202,0.673452556,0.487385869,-0.021007536
3699.9999999999886,0.465019733,0.453341037,5.52327855e-008,0.482294589,0.451057255,-0.00304916478,0.502104521,0.452043593,-0.0054800557,0.518298805,0.451940179,-0.00742547167,0.529176414,0.449940622,-0.00935990736,0.500946939,0.463183552,-0.00737273879,0.519464672,0.462833047,-0.0122750737,0.529613316,0.462431937,-0.01531683,0.537385345,0.462269306,-0.017010333,0.497119099,0.469277263,-0.00876024,0.516176,0.474674225,-0.013704136,0.528550744,0.478227317,-0.016717704,0.538638711,0.481418043,-0.0185060278,0.490565449,0.472873926,-0.0102022411,0.501859546,0.4812859,-0.0165884,0.509256482,0.486917824,-0.0204835478,0.516183078,0.49161914,-0.0222770944,0.482529759,0.474174976,-0.0113633256,0.486149907,0.482974231,-0.0160728339,0.488316983,0.488715351,-0.0174622461,0.490917593,0.493592203,-0.0179245379
3716.666666666655,0.728257537,0.4693048,1.18331009e-007,0.711858034,0.463586688,-0.00260904757,0.691312313,0.461281598,-0.00576850958,0.674727142,0.461832345,-0.00820062682,0.661655605,0.46175459,-0.011356947,0.691111445,0.467174023,-0.014066468,0.669709206,0.469772935,-0.0194518883,0.657250881,0.471582115,-0.0214820188,0.648302495,0.47286132,-0.0224886872,0.696198404,0.474127322,-0.0153729199,0.674575,0.478556454,-0.0201633945,0.662116528,0.480990142,-0.0219875965,0.653347671,0.482660651,-0.023370333,0.702533662,0.479983419,-0.0161444079,0.6829651,0.485646725,-0.0198618621,0.670494795,0.488619328,-0.0212250091,0.661025584,0.490206,-0.0224076603,0.709204078,0.484641403,-0.0167690199,0.694414914,0.4899441,-0.0205836501,0.684210598,0.492533565,-0.0220211558,0.675920427,0.494028598,-0.0227668118
3716.666666666655,0.466181666,0.459267884,4.09712975e-008,0.48324737,0.456586093,-0.00361688714,0.502790868,0.457388252,-0.00621189736,0.518774331,0.457219779,-0.00821624417,0.529556036,0.455569655,-0.0101821674,0.502088249,0.469423413,-0.00787329674,0.521199882,0.468356639,-0.0128323724,0.531432569,0.466883689,-0.0160604957,0.538722217,0.465879,-0.0178732723,0.498359263,0.475630254,-0.00885246787,0.517066181,0.480537772,-0.0139495907,0.529150963,0.483266294,-0.0171503052,0.539019644,0.485742241,-0.0190853514,0.492041767,0.479025483,-0.00991226,0.502218425,0.486991286,-0.0164221246,0.50949055,0.492121458,-0.0204047374,0.516509891,0.496458381,-0.0222812518,0.484375,0.479954362,-0.0107203061,0.487365454,0.488637358,-0.0155208176,0.489391118,0.494287,-0.0169575643,0.491976261,0.499050915,-0.0174879283
3733.3333333333217,0.728989065,0.474402487,1.49980053e-007,0.712874055,0.469075441,-0.00257860217,0.692733884,0.46710667,-0.00603563245,0.676454484,0.468006611,-0.00840246212,0.663871229,0.468757749,-0.0113281813,0.692635715,0.473474,-0.0158112328,0.668938041,0.475964129,-0.0208474305,0.657509506,0.47832492,-0.0218113791,0.651050508,0.480162352,-0.0216512103,0.69831121,0.480592281,-0.0164804142,0.674094856,0.485216469,-0.0204777513,0.661909223,0.487488627,-0.0208285525,0.654495716,0.488886118,-0.0208680443,0.704897761,0.486424595,-0.0164491199,0.683873415,0.492638856,-0.0191340204,0.671882093,0.494973719,-0.0195948277,0.663199902,0.495965391,-0.0202033445,0.711764932,0.490690798,-0.0161521807,0.697677076,0.495791078,-0.0189276114,0.689157128,0.497568578,-0.0194544885,0.682205737,0.498293847,-0.0195122939
3733.3333333333217,0.467639446,0.463695765,2.92409315e-008,0.485194087,0.461755574,-0.0031474717,0.504488349,0.462948948,-0.0059644375,0.519953966,0.462823033,-0.00839389302,0.530427814,0.460869789,-0.0109073818,0.501501381,0.475015193,-0.00740984548,0.520079,0.473888934,-0.0127628157,0.529691815,0.472186804,-0.0167356189,0.536581099,0.470840156,-0.0189760532,0.498035401,0.480487376,-0.00877022743,0.516767144,0.485260516,-0.0137711633,0.52908355,0.488042802,-0.0174095407,0.539409459,0.490599513,-0.0198677219,0.492003679,0.483468741,-0.0102018286,0.502738178,0.491938591,-0.0164933577,0.510387957,0.497481734,-0.0206774306,0.517734468,0.502133965,-0.0228955559,0.484857202,0.484163791,-0.0113505544,0.488733232,0.493161231,-0.0159515496,0.490925699,0.499079525,-0.0172759,0.493718922,0.504058063,-0.0178747568
3749.999999999988,0.730760813,0.480260074,1.67656623e-007,0.714329064,0.475144267,-0.00295287673,0.694854,0.473056674,-0.00639576884,0.679468274,0.473944962,-0.00874804519,0.667738378,0.474895477,-0.0114753703,0.69551158,0.480564892,-0.0151607953,0.672897875,0.48251003,-0.020162981,0.660776913,0.48460117,-0.0212620478,0.653102,0.486302197,-0.021253556,0.699846327,0.48774457,-0.015710514,0.675505817,0.49210009,-0.0198830627,0.662580132,0.494117647,-0.0202288646,0.654436469,0.495573103,-0.0201296918,0.705365598,0.493762404,-0.0155771244,0.684150398,0.500071049,-0.0183966067,0.672334075,0.501838624,-0.0184641816,0.664391577,0.502316117,-0.0185211282,0.711233675,0.498382032,-0.0152937472,0.696496904,0.504314661,-0.0176917911,0.687797904,0.50578475,-0.0176525936,0.681379855,0.505818248,-0.0171682443
3749.999999999988,0.468357474,0.470312387,2.34851392e-008,0.485073358,0.46754989,-0.00259293756,0.504250586,0.467985332,-0.0052043912,0.519461632,0.467478305,-0.00756215956,0.529544413,0.465038687,-0.00992857479,0.502597094,0.480487585,-0.00580298202,0.520118892,0.479202598,-0.0109123923,0.528906286,0.476979524,-0.0149382595,0.534924507,0.475063384,-0.0171846058,0.500029624,0.486320198,-0.0072933808,0.518508077,0.490686417,-0.0123997033,0.530749798,0.493208855,-0.0160570405,0.541155398,0.49564293,-0.0183766913,0.494522,0.489619642,-0.00887824129,0.505360663,0.497992158,-0.0151078515,0.513064802,0.50359863,-0.0192030873,0.520567596,0.508392334,-0.0212599896,0.487441361,0.490438133,-0.0101208296,0.491350293,0.499052435,-0.0140561704,0.493980616,0.504571557,-0.0147633329,0.49721843,0.509345055,-0.0149626238
3766.6666666666547,0.733067214,0.485889018,1.72685588e-007,0.716532946,0.481353194,-0.00366180413,0.697309911,0.479656875,-0.00711054262,0.682350457,0.48096934,-0.0094592385,0.670991957,0.481848896,-0.0122009153,0.697554469,0.488097966,-0.0140135046,0.675689,0.490867317,-0.018871136,0.662958205,0.492471,-0.0204193778,0.654075265,0.493443161,-0.0207604133,0.702347815,0.494982272,-0.0140545983,0.679531515,0.49960807,-0.0177149624,0.667134583,0.501274168,-0.0181639455,0.658841,0.502223,-0.0182362683,0.708311439,0.500474632,-0.0135662491,0.689329386,0.506567836,-0.0160127096,0.678506196,0.507968962,-0.0156867467,0.671300292,0.507922769,-0.0155119672,0.71499449,0.504582644,-0.0131027484,0.701002657,0.509896219,-0.0150818592,0.693136573,0.510534048,-0.0143701546,0.6879071,0.509873569,-0.0134224445
3766.6666666666547,0.469488114,0.475138664,2.26317614e-008,0.48603937,0.471996784,-0.00274101249,0.505515575,0.472442389,-0.00515657524,0.521068,0.47195518,-0.00717196614,0.531041741,0.469109774,-0.00926193688,0.504128933,0.484899074,-0.0061225621,0.522545576,0.483369738,-0.0104009928,0.531741798,0.481509089,-0.0137279974,0.537851334,0.480156898,-0.0156929437,0.501255214,0.490798861,-0.00727773272,0.519996047,0.494826436,-0.0117065944,0.532188833,0.496952772,-0.0151339732,0.542253554,0.499106914,-0.017435072,0.495826364,0.49403742,-0.00843272265,0.508038819,0.502264202,-0.0143306386,0.516233087,0.507866561,-0.0187592469,0.5239501,0.512653828,-0.0212166384,0.489170283,0.49473384,-0.00918495934,0.493609577,0.503210902,-0.0134783443,0.49644354,0.508747101,-0.0148433754,0.49984169,0.513541579,-0.0155492676
3783.333333333321,0.735772133,0.49047491,1.71002156e-007,0.718554556,0.486496,-0.00379444868,0.700847685,0.485134244,-0.0072746221,0.686693549,0.486335546,-0.00969687477,0.675998151,0.487896919,-0.0124210864,0.700996935,0.494788408,-0.0127144903,0.680332541,0.497735083,-0.0172688235,0.668636441,0.499251217,-0.0192673802,0.660160244,0.500306129,-0.0200429,0.706463397,0.501596391,-0.0125615103,0.685489476,0.506803453,-0.0156149939,0.674047112,0.508188367,-0.0162343495,0.666436,0.508875787,-0.0165669937,0.712836266,0.506697118,-0.0120097473,0.694750547,0.513002872,-0.014184067,0.683619082,0.514442384,-0.0144011779,0.67574954,0.514652133,-0.0147226453,0.719145119,0.509994447,-0.0114923976,0.706193388,0.514978,-0.013489306,0.699064553,0.515346944,-0.0129110655,0.694431186,0.514676809,-0.0120640341
3783.333333333321,0.471287072,0.478342414,2.64281965e-008,0.487385899,0.476120532,-0.00323062716,0.505562723,0.47636345,-0.00642947666,0.520681143,0.47565937,-0.00923390221,0.530998945,0.473697096,-0.0120996758,0.50599432,0.48894313,-0.0072879768,0.525035501,0.486980975,-0.0128840078,0.534779847,0.484574527,-0.017209135,0.542139769,0.482492834,-0.0196557529,0.503365695,0.494744241,-0.00836094748,0.522872,0.498444825,-0.0140021108,0.53573966,0.500470221,-0.0181350876,0.546924531,0.502387047,-0.0208149944,0.497762918,0.497793734,-0.00943822879,0.5096699,0.505945,-0.0159311071,0.517906606,0.51155442,-0.0203289241,0.525782585,0.516191244,-0.0226107221,0.490836531,0.498368055,-0.0101748267,0.495594412,0.506964,-0.0145380283,0.498921,0.512411237,-0.0156972092,0.502774656,0.517125189,-0.0161645915
3799.9999999999877,0.738548875,0.494358897,1.87991816e-007,0.720760524,0.491410941,-0.00414108438,0.702977419,0.490834296,-0.00777854817,0.68840909,0.492495596,-0.0102706812,0.67809397,0.495215178,-0.0129360305,0.706738,0.500308812,-0.0134581598,0.686174214,0.504188061,-0.0176972337,0.674478889,0.50639838,-0.0192190204,0.665874541,0.507845819,-0.0196042042,0.713483334,0.506714106,-0.0131547125,0.692711294,0.514097393,-0.0161976945,0.68037051,0.516839147,-0.0165308546,0.672238,0.518468797,-0.0165990349,0.720636,0.51128,-0.012375406,0.702625155,0.519341,-0.0145715158,0.691772819,0.520370483,-0.0143148517,0.684697807,0.519906282,-0.0140711553,0.727210879,0.514078557,-0.0116698658,0.714792311,0.520621896,-0.0137770101,0.706940949,0.520875633,-0.0130194528,0.702166617,0.519621611,-0.0118788863
3799.9999999999877,0.472814918,0.482569337,2.52609471e-008,0.488967478,0.48012951,-0.00339172082,0.506957293,0.479881,-0.00678812526,0.521685362,0.478945881,-0.00976873189,0.531418622,0.476691931,-0.0129243983,0.507305264,0.492553085,-0.00800306909,0.526073813,0.490111023,-0.0143829053,0.536254406,0.486860961,-0.0194831025,0.543336332,0.484047145,-0.0223302934,0.505289495,0.498392671,-0.00904043205,0.525130153,0.502746582,-0.015498329,0.538276732,0.505028963,-0.0200366098,0.549205542,0.506931961,-0.0227538794,0.500440896,0.501370668,-0.0100798663,0.51299125,0.509790778,-0.0170237925,0.521257699,0.515500963,-0.0215150956,0.528940499,0.519996285,-0.0236355606,0.493756533,0.501727939,-0.0107868854,0.499072254,0.510201335,-0.0153870778,0.502726197,0.51576972,-0.0164627489,0.506788969,0.520408392,-0.0167325065
3816.6666666666542,0.739311755,0.499197215,1.79691625e-007,0.7208969,0.496463835,-0.00464014802,0.703696966,0.495940953,-0.00831579,0.690075755,0.498562902,-0.0108812209,0.681319773,0.50276494,-0.0134148672,0.707302451,0.506346345,-0.0120578008,0.688434422,0.511843264,-0.0155402161,0.678877711,0.515069783,-0.0167007241,0.672152936,0.517471671,-0.0169835128,0.715436876,0.512400627,-0.0113345841,0.697633445,0.520271301,-0.0141136413,0.687786043,0.52313447,-0.0144328456,0.681222498,0.524692,-0.014561451,0.723271132,0.516594887,-0.0102610989,0.707707584,0.523816109,-0.0121679828,0.698672771,0.524934411,-0.0115650194,0.692804158,0.524619639,-0.011112324,0.729922473,0.519268036,-0.00939430296,0.717577577,0.525180578,-0.0109025333,0.710319102,0.525621533,-0.00975777209,0.705935836,0.52460891,-0.00839681458
3816.6666666666542,0.473735899,0.485707194,1.77068262e-008,0.489852309,0.483129829,-0.00376923452,0.508533,0.482620418,-0.00741120148,0.524223268,0.481322289,-0.0105780698,0.534743488,0.478866965,-0.0137487575,0.508842587,0.495950907,-0.00703331968,0.526564598,0.493361413,-0.0129585331,0.535112619,0.489817321,-0.0180701688,0.540611207,0.487011313,-0.0210913885,0.507248759,0.50160712,-0.00796643086,0.527291238,0.505510926,-0.0139498692,0.539719403,0.507283151,-0.0181896016,0.549956441,0.508929729,-0.0208361372,0.502533317,0.504410088,-0.00903643,0.515555143,0.512767792,-0.0157754198,0.523815215,0.518367648,-0.0197808519,0.531567931,0.522966564,-0.0216574166,0.495929539,0.504581511,-0.00983405393,0.501156807,0.512913346,-0.0142920846,0.504837632,0.518298149,-0.0149734421,0.508966,0.522785604,-0.015040135
3833.3333333333208,0.739406586,0.501199961,1.67506471e-007,0.720901191,0.499649644,-0.00496453792,0.703543544,0.500171423,-0.00923758186,0.690622151,0.503653169,-0.0120391017,0.682260513,0.508179188,-0.0148755237,0.710277319,0.509075642,-0.0158389974,0.692307889,0.516235054,-0.0199966058,0.68316108,0.520251513,-0.020915363,0.676803589,0.522948861,-0.0207611509,0.719527,0.51445055,-0.0149892485,0.701875389,0.524249673,-0.0183519255,0.692486465,0.527365744,-0.0178781841,0.68665272,0.528634608,-0.0173252411,0.727967739,0.518615067,-0.0135710165,0.710646689,0.527146578,-0.015709376,0.703369796,0.527512133,-0.0139443781,0.700208127,0.52647531,-0.0125382,0.73498559,0.521456778,-0.0123416744,0.721682131,0.528688431,-0.0137345372,0.715291381,0.528610587,-0.0117708528,0.712792754,0.527092,-0.00976336095
3833.3333333333208,0.474906862,0.489186,3.40464368e-008,0.490856349,0.48652032,-0.00462763757,0.50942564,0.485792965,-0.00901788753,0.525406659,0.484266609,-0.0126698036,0.536437452,0.481653839,-0.0161929764,0.509723961,0.499452591,-0.0103972377,0.529188871,0.496210754,-0.0172571279,0.539178431,0.492363602,-0.0224415,0.546239555,0.489300579,-0.0254736077,0.508584142,0.505211234,-0.01104098,0.531256676,0.508797348,-0.019399425,0.54612726,0.510519,-0.0245260727,0.558470249,0.511947155,-0.0273987968,0.504098058,0.507937074,-0.0115190856,0.517448246,0.516016543,-0.0193714518,0.526407719,0.521336,-0.0230482034,0.535038114,0.52555728,-0.0243960097,0.497861266,0.508099258,-0.011759554,0.503734112,0.516388893,-0.0162530355,0.507996678,0.521679699,-0.0164886396,0.512852907,0.526067495,-0.0161099117
3849.9999999999873,0.73911,0.503753,1.62631e-007,0.719956934,0.502096951,-0.00584112573,0.702340245,0.503041446,-0.0101431096,0.689691305,0.506805778,-0.0127136065,0.681209,0.511500359,-0.0150918281,0.709255695,0.512411058,-0.0151001951,0.692470729,0.520251095,-0.0183072947,0.684461415,0.524753869,-0.0187760647,0.679479063,0.527853727,-0.0184378307,0.71918416,0.51751,-0.0132743167,0.703263,0.527138293,-0.0156440847,0.694622397,0.529300034,-0.0145578366,0.690023,0.529231846,-0.0137167219,0.728069544,0.521299779,-0.0110290963,0.712085128,0.529752791,-0.0125295818,0.704838276,0.529444754,-0.0106411492,0.701875091,0.527637601,-0.00935224351,0.734769225,0.523919761,-0.0090580266,0.721473694,0.530669034,-0.0102347108,0.715881944,0.530065596,-0.00839638524,0.714114189,0.528158426,-0.00660221139
3849.9999999999873,0.477066875,0.49145031,6.3896306e-009,0.492427468,0.489295661,-0.00434036041,0.510051727,0.488625348,-0.00860944111,0.525796473,0.487270445,-0.0123850834,0.53688097,0.484238386,-0.0162973851,0.512029409,0.502027273,-0.00845241547,0.530266166,0.499086618,-0.0147843538,0.539911151,0.495432854,-0.0201582219,0.547023952,0.492437601,-0.023442639,0.510838211,0.507794917,-0.00923375878,0.53159976,0.511146486,-0.0157310832,0.54541558,0.512438416,-0.0202766974,0.557105124,0.513530612,-0.0232973583,0.506356478,0.510683656,-0.0100918319,0.519874513,0.518918693,-0.0169238765,0.529116869,0.523931563,-0.0207398478,0.537698925,0.52780664,-0.0226269886,0.50015974,0.51093781,-0.01077946,0.506629169,0.519396961,-0.0150284516,0.510933936,0.524556696,-0.0155936806,0.515509784,0.528744578,-0.0157019496
3866.666666666654,0.737535179,0.504562199,1.51053214e-007,0.719308615,0.502943695,-0.00561264483,0.701481283,0.504360259,-0.0103313336,0.689063668,0.507996678,-0.0132517871,0.680702388,0.51247,-0.016114831,0.709052,0.512225091,-0.0186161213,0.692360759,0.521180332,-0.0226826929,0.684109628,0.525999,-0.0230147652,0.679275,0.528936684,-0.022326963,0.719988763,0.517062247,-0.0172468554,0.702715397,0.528411567,-0.0203848742,0.694200456,0.530381858,-0.0187786222,0.691144466,0.5296579,-0.0174040645,0.729626656,0.520828,-0.0151726995,0.71132648,0.530361533,-0.0172347892,0.706118464,0.52865845,-0.0141406395,0.706722617,0.5255602,-0.0118125351,0.736873746,0.523540676,-0.0132826678,0.721952081,0.531120777,-0.0148273436,0.717553735,0.529568434,-0.0122303963,0.718337655,0.526909709,-0.00981023442
3866.666666666654,0.478486538,0.493995458,7.71727837e-009,0.493863672,0.491565078,-0.00412869453,0.512458861,0.490917385,-0.00786030199,0.52828747,0.489375591,-0.0109631,0.538794398,0.486449301,-0.0141607895,0.513260543,0.505394757,-0.00853522215,0.532750368,0.502381384,-0.0144799277,0.5427652,0.498448908,-0.0194777604,0.549401522,0.495294333,-0.0224230755,0.512244225,0.510943353,-0.00903993193,0.534251809,0.514128208,-0.0151391923,0.547494113,0.515563786,-0.0191253088,0.558267355,0.516872168,-0.0216382332,0.508113503,0.513568938,-0.00955834519,0.522409439,0.521311939,-0.0158140361,0.531556964,0.526010871,-0.0193255879,0.53985709,0.529651523,-0.0209990554,0.50227958,0.513628781,-0.00989098754,0.50902909,0.521789134,-0.0136153959,0.513351202,0.526824832,-0.013941586,0.517847776,0.530854583,-0.0138673633
3883.3333333333203,0.73727113,0.504715919,1.52193905e-007,0.718568325,0.503117859,-0.00547939725,0.700771213,0.504676163,-0.0100459289,0.687822402,0.508428633,-0.0128964055,0.679061532,0.512637138,-0.0156404134,0.708876,0.512261868,-0.0176607966,0.691075325,0.521049798,-0.0215314757,0.682773,0.525973678,-0.0216756836,0.678130507,0.529006898,-0.0208585896,0.719479442,0.517037809,-0.016301373,0.701249778,0.528091848,-0.0195349753,0.69264257,0.530425191,-0.0179910269,0.689533114,0.530074894,-0.0164635424,0.72878927,0.520874262,-0.0142701268,0.709896266,0.529997349,-0.0161430556,0.704655707,0.528969228,-0.0130694509,0.704951584,0.526513815,-0.0107099824,0.735596836,0.523601711,-0.0124536734,0.720596075,0.530600369,-0.0137111591,0.716208696,0.529416621,-0.0110651,0.716709316,0.527196527,-0.00857792702
3883.3333333333203,0.479288459,0.496213347,1.42586953e-009,0.495290548,0.494128555,-0.00390222901,0.514140606,0.493822247,-0.00731788436,0.52986306,0.492566526,-0.0101962816,0.53982693,0.48954,-0.0132139064,0.513269782,0.507417321,-0.00863815472,0.534034193,0.504800141,-0.0143240951,0.544668436,0.501276195,-0.0189243965,0.551916182,0.498437852,-0.0216008406,0.512018621,0.512815118,-0.00906611606,0.532783806,0.516683221,-0.0151220756,0.546199,0.518340051,-0.0190278459,0.557248116,0.519554079,-0.0215406436,0.508532941,0.515329182,-0.00945123937,0.522410572,0.523364782,-0.015587124,0.531808257,0.528128088,-0.0191516876,0.54025811,0.531669319,-0.0208897423,0.503956378,0.515218198,-0.00963709317,0.510986328,0.523426414,-0.0131305614,0.515556,0.528436661,-0.0135600483,0.519958198,0.532411277,-0.0136397537
3899.999999999987,0.735170245,0.50495857,1.51966972e-007,0.717153788,0.502946258,-0.00605069473,0.699916601,0.504037142,-0.0111316741,0.68682152,0.506908655,-0.0144491261,0.677832067,0.510747,-0.0176982377,0.708367,0.511592209,-0.0188650656,0.690199375,0.520252764,-0.0231402554,0.681581378,0.525108457,-0.0235137865,0.676515222,0.528238535,-0.0228797756,0.718739688,0.516423285,-0.0173857305,0.700653851,0.527540743,-0.0206973832,0.69223249,0.529585719,-0.0190564152,0.689373672,0.529047549,-0.0175966173,0.727926433,0.520253062,-0.0152593814,0.70914042,0.529137,-0.0173954889,0.704550385,0.527603567,-0.0140351709,0.705429554,0.524930656,-0.0115397638,0.734527767,0.523061872,-0.0134116365,0.719531715,0.529750526,-0.015014126,0.715396702,0.528341,-0.0123711107,0.716185212,0.526171088,-0.00996841863
3899.999999999987,0.481278092,0.498732656,8.55137117e-009,0.49698773,0.496733576,-0.00372370542,0.51595366,0.496693194,-0.00665870169,0.531562746,0.495622605,-0.00914224051,0.541889369,0.493065834,-0.011638117,0.515381336,0.510000408,-0.00640926883,0.535921,0.508041441,-0.01171395,0.546304,0.504907,-0.0162251834,0.552917361,0.502318084,-0.0187249165,0.513527632,0.515310824,-0.00682747,0.533688,0.519653797,-0.0116574597,0.546856105,0.521277249,-0.0150222527,0.557748675,0.522277057,-0.017250618,0.510159671,0.517834604,-0.00747751,0.523529828,0.525812864,-0.0123274047,0.533344567,0.530095696,-0.0153945778,0.542062,0.533134162,-0.016980825,0.505924642,0.517820716,-0.00807572156,0.512923539,0.52576834,-0.0106180357,0.517747462,0.530464947,-0.0107661523,0.522698641,0.533931911,-0.0107350349
3916.6666666666533,0.734666049,0.504324436,1.59115203e-007,0.716178238,0.502004445,-0.00629454758,0.699063718,0.502675653,-0.0114499396,0.685751498,0.505498111,-0.0147661772,0.677514851,0.510015726,-0.0178734865,0.707602501,0.510424256,-0.0192586,0.689077377,0.51938194,-0.023506023,0.680307567,0.524238706,-0.0237521864,0.674865603,0.527391553,-0.0229951441,0.717701852,0.515526772,-0.0175519083,0.699532032,0.52618438,-0.020922957,0.690658748,0.528530359,-0.0193708371,0.686611772,0.528437734,-0.0179500077,0.726428747,0.519784868,-0.0152182681,0.707701564,0.527906358,-0.0168863852,0.701757193,0.527008355,-0.0137255667,0.700548112,0.525013864,-0.0115319332,0.732562363,0.522976935,-0.0132658239,0.717371523,0.528757691,-0.0142718768,0.712169886,0.527682066,-0.0117347362,0.711394489,0.525864482,-0.00951942429
3916.6666666666533,0.484709442,0.50043714,-5.33601519e-009,0.499877363,0.498605251,-0.0042053014,0.51803261,0.499643385,-0.00687821675,0.533215165,0.499468863,-0.00874564331,0.543388069,0.497435749,-0.0104637947,0.515566349,0.512964547,-0.0079493,0.536210418,0.511868775,-0.0133490814,0.547862232,0.509513736,-0.0175701808,0.556356788,0.50738126,-0.0199331213,0.514191031,0.518210113,-0.00791931525,0.534173191,0.522996426,-0.0136218341,0.547233343,0.524301648,-0.0170329493,0.55812192,0.525003,-0.0189606063,0.511614323,0.520478487,-0.00793764647,0.524997532,0.528761089,-0.0134656429,0.534578741,0.532801867,-0.016314311,0.543269575,0.535754681,-0.017498441,0.508476734,0.520126522,-0.00787700433,0.515453875,0.527983427,-0.0108728763,0.520282209,0.532376528,-0.0109367063,0.525091171,0.535542846,-0.0106710549
3933.33333333332,0.732910573,0.503144562,1.62519143e-007,0.714444101,0.50125736,-0.00601897482,0.697274566,0.502087831,-0.0109437285,0.684133291,0.504954219,-0.0140580125,0.676359892,0.509711623,-0.0169211719,0.705279946,0.510569274,-0.0187413767,0.686512,0.519411445,-0.0230375547,0.678101063,0.524171889,-0.0231921747,0.673636496,0.527001679,-0.0221415274,0.715647101,0.515546083,-0.0171881132,0.696254134,0.526883662,-0.0209875051,0.688124597,0.528645694,-0.0193929579,0.686136603,0.527513,-0.0174810253,0.724750102,0.519550204,-0.014993716,0.705173612,0.527388453,-0.0173405521,0.701309144,0.525333583,-0.014096193,0.702988,0.522448301,-0.011251431,0.731127858,0.522585094,-0.0130632278,0.715228736,0.528389812,-0.0142755928,0.711171091,0.526668727,-0.0114924507,0.712101698,0.524422944,-0.00879042875
3933.33333333332,0.486529559,0.501615465,-2.40826967e-008,0.501509309,0.500902355,-0.00491750892,0.519738913,0.502679765,-0.00770983,0.535142064,0.503231645,-0.00969682727,0.545791686,0.502364874,-0.0114610214,0.515014887,0.515950143,-0.0074549946,0.537062764,0.516411126,-0.0122438157,0.548856676,0.514018238,-0.0162655022,0.55654788,0.511606574,-0.018440146,0.513257146,0.520841897,-0.00645279093,0.533132,0.5261271,-0.0111481156,0.546272099,0.527753949,-0.0143950107,0.556943715,0.528564453,-0.0164801553,0.511018634,0.522808194,-0.00559313782,0.524767339,0.530616224,-0.00980622601,0.535164297,0.534608424,-0.0127034513,0.544199407,0.537246704,-0.0142921973,0.508912623,0.522383571,-0.00480051897,0.516606867,0.529571772,-0.00719067315,0.522379875,0.533389509,-0.00757960603,0.527811706,0.53585583,-0.00769324927
3949.9999999999864,0.731822252,0.502514422,1.50206361e-007,0.713371396,0.501179934,-0.00532889832,0.69644469,0.502309203,-0.010029926,0.682980418,0.505133152,-0.0131902527,0.674699605,0.50924629,-0.0162338093,0.704156101,0.510470152,-0.017330464,0.686050892,0.518969536,-0.0211964622,0.677625239,0.523524404,-0.0214691535,0.672549427,0.526443243,-0.0208141822,0.713857472,0.515213966,-0.0162092578,0.695738733,0.525722623,-0.0191626213,0.687672496,0.527482808,-0.0176976919,0.684907317,0.526855648,-0.0163497943,0.722843945,0.519019783,-0.0144418348,0.704614341,0.526779592,-0.0161002856,0.700418115,0.524808645,-0.0129525987,0.701197088,0.522019327,-0.010620798,0.729442835,0.521896243,-0.0129496884,0.714434803,0.527603626,-0.0138555886,0.710348606,0.525916219,-0.0111348657,0.711069643,0.523631334,-0.00873019174
3949.9999999999864,0.490155965,0.502843082,-5.26237827e-008,0.505458295,0.502778172,-0.00461169658,0.524656057,0.506261,-0.00667848904,0.540062666,0.508354843,-0.00769667048,0.550851405,0.50850606,-0.00836720504,0.515224516,0.518498838,-0.00753511,0.537266374,0.520349324,-0.0118425228,0.549780607,0.519133031,-0.0152932424,0.558445513,0.517508,-0.0172075741,0.512848854,0.523161709,-0.00656932592,0.531779766,0.52933377,-0.0108011458,0.54477185,0.530655324,-0.0135611249,0.55516988,0.530963957,-0.0152662564,0.511134446,0.524967551,-0.00569481123,0.524679899,0.533168,-0.00974,0.535662234,0.536573768,-0.0124064125,0.544967294,0.538490236,-0.0138555588,0.510204554,0.524545848,-0.00482110353,0.519367456,0.531229615,-0.00742270751,0.526267648,0.534300566,-0.00791766401,0.532847166,0.535797358,-0.00808542222
3966.666666666653,0.729180098,0.503368258,1.55186569e-007,0.710975587,0.501432061,-0.00611292385,0.694131494,0.502489448,-0.0106349,0.681565046,0.505999327,-0.0135442792,0.673811853,0.510666549,-0.0163667463,0.702615738,0.510778487,-0.0168977249,0.684969544,0.518994,-0.0207990278,0.676682174,0.523585558,-0.0213547982,0.671699822,0.526759863,-0.0209651813,0.71262306,0.515520155,-0.0153545141,0.695129,0.525246263,-0.0182233769,0.687319398,0.527447522,-0.0170447808,0.684401274,0.527709424,-0.0160510354,0.721926033,0.519221306,-0.013322006,0.704859912,0.526976049,-0.0149333235,0.700970054,0.525379658,-0.0118531985,0.701857567,0.522979677,-0.00969213061,0.728775859,0.522031188,-0.0116694346,0.714368939,0.527742863,-0.0126234116,0.710563481,0.526260376,-0.00996000879,0.711668789,0.52420342,-0.00765528902
3966.666666666653,0.492734611,0.505026817,-7.64524088e-008,0.508199692,0.505376935,-0.00540750101,0.526182175,0.50940609,-0.00821498688,0.541344106,0.512544155,-0.0101420647,0.552996755,0.513561368,-0.0115582459,0.515451,0.522123754,-0.00721312,0.536346674,0.525199,-0.0122961961,0.54897958,0.524321556,-0.0165215768,0.557850122,0.522736132,-0.0187906958,0.512124062,0.52668,-0.00580571964,0.530271471,0.532580495,-0.010360389,0.544034839,0.533824265,-0.0133017572,0.554957211,0.533949,-0.0151601667,0.510258436,0.528619349,-0.00469579455,0.525061309,0.535726428,-0.00870075542,0.537434042,0.538123846,-0.0106480084,0.547381878,0.538996518,-0.0114497747,0.509879351,0.528580904,-0.00382207544,0.521443069,0.534943342,-0.00632201601,0.531140447,0.537736356,-0.00671923347,0.539549947,0.538959086,-0.00663103256
3983.3333333333194,0.727292597,0.503845096,1.64051087e-007,0.708647788,0.50212568,-0.00602726359,0.691255569,0.503540099,-0.0106776012,0.678884864,0.507070303,-0.0134254796,0.672459,0.511915445,-0.0159583706,0.700049818,0.511695147,-0.0186993089,0.682880342,0.520697,-0.0226823688,0.674853861,0.525437355,-0.0228638,0.670169234,0.528469861,-0.0220363438,0.710651,0.516500652,-0.0170329455,0.693026662,0.527740538,-0.0203334894,0.685389042,0.529256582,-0.0185472108,0.682954252,0.528191149,-0.0167571846,0.720178187,0.520250916,-0.0146898497,0.701727688,0.528289258,-0.0165656116,0.698505163,0.526049,-0.012916279,0.70027709,0.523143947,-0.0100960191,0.727098286,0.522994161,-0.0126482062,0.711595654,0.5288077,-0.0136217419,0.708467722,0.526852489,-0.0105454726,0.710113883,0.524510205,-0.00779442675
3983.3333333333194,0.494324118,0.506816149,-7.42662394e-008,0.510627389,0.50763905,-0.005968221,0.528209507,0.51246208,-0.00863299053,0.542571783,0.51680088,-0.0101681976,0.553707182,0.519795477,-0.0108113158,0.5156461,0.524217308,-0.00837391801,0.537482858,0.528962731,-0.012351945,0.549681,0.52853781,-0.0145719787,0.557084203,0.527363956,-0.0153483907,0.510833621,0.528746367,-0.00633252971,0.529477239,0.536114931,-0.0101095373,0.542386711,0.537483513,-0.0116232298,0.551721036,0.537520289,-0.0122918086,0.508398294,0.530714691,-0.00451063784,0.524466,0.538106501,-0.00797950197,0.536699355,0.539891183,-0.00903102383,0.546092629,0.540058196,-0.00911526475,0.508018434,0.530818343,-0.0029553303,0.520052969,0.537383914,-0.00536548626,0.529814899,0.539515495,-0.00556426588,0.538194954,0.539887249,-0.0051587373
3999.999999999986,0.727836192,0.5035339,1.49060071e-007,0.709662616,0.502405643,-0.00535905082,0.690921605,0.504600942,-0.00954623427,0.67810595,0.508911967,-0.0119725019,0.672985315,0.514218569,-0.0142281726,0.699329317,0.512712,-0.0175620317,0.682247043,0.522003829,-0.0213594288,0.67435509,0.527065217,-0.0214196052,0.66993624,0.530206,-0.0205199,0.710541308,0.517094,-0.0163507592,0.692628622,0.528949916,-0.0194818452,0.685076058,0.530122221,-0.0176686719,0.683378041,0.528480768,-0.015867997,0.720395863,0.52037704,-0.0144306654,0.702397406,0.529177785,-0.016449701,0.699020147,0.526878774,-0.0128957955,0.701218128,0.523655057,-0.0100491103,0.727691233,0.522747338,-0.0127246175,0.712572753,0.529611707,-0.0137267457,0.709477305,0.527588546,-0.01055614,0.711530268,0.524960876,-0.00774351135
3999.999999999986,0.497855037,0.507060111,-8.00332884e-008,0.514341056,0.509048581,-0.00528924027,0.53046608,0.515724599,-0.00751321483,0.543239295,0.521265626,-0.00861654,0.553581357,0.52493161,-0.00885829236,0.516038895,0.526289344,-0.00824169256,0.535998404,0.533065617,-0.0118186772,0.547327,0.533477306,-0.0134590268,0.554471254,0.532765925,-0.013733997,0.509016,0.530026376,-0.00636398233,0.527142704,0.539046884,-0.00964614563,0.539833486,0.540036082,-0.01035822,0.548747599,0.53936559,-0.0102440091,0.504796863,0.53112781,-0.00458234921,0.520211279,0.53945595,-0.00756238867,0.532602191,0.540739059,-0.0076582958,0.54179132,0.54048115,-0.0070102755,0.503358305,0.530474544,-0.00300637842,0.514924705,0.537919343,-0.00496158889,0.525088906,0.539944172,-0.00450070063,0.53366816,0.540148199,-0.00357834948
4016.6666666666524,0.726806223,0.504437,1.42174912e-007,0.707878888,0.503694654,-0.00471918471,0.689771354,0.506165862,-0.008647874,0.678346038,0.511028,-0.0109749977,0.670651436,0.515740156,-0.0131123178,0.69838351,0.514532208,-0.0159944948,0.681743085,0.52396059,-0.0192883052,0.674407363,0.528723061,-0.0190692525,0.670349061,0.531538486,-0.0180391688,0.709501,0.518676221,-0.0148191955,0.692264557,0.530086577,-0.0174514782,0.685182035,0.531187713,-0.0154383313,0.683415651,0.529623926,-0.0135668851,0.719338655,0.521704853,-0.0129396059,0.702583373,0.530169189,-0.0144966813,0.699408293,0.527931929,-0.0106623759,0.701273739,0.524773061,-0.00775030348,0.727004,0.523882091,-0.0112178838,0.712957263,0.530519485,-0.011781604,0.710285902,0.528515577,-0.00829129852,0.712294936,0.525958776,-0.00526101794
4016.6666666666524,0.499819666,0.508078575,-8.97317918e-008,0.516316056,0.510882318,-0.00527032465,0.531456649,0.518258929,-0.00751820439,0.542933941,0.524681389,-0.0089264838,0.5525738,0.529292107,-0.00950254686,0.516302884,0.527943432,-0.0066583869,0.534173429,0.535522819,-0.0106933406,0.545464754,0.536662757,-0.0131322462,0.552031755,0.53644681,-0.01401788,0.508524835,0.531187057,-0.00530324876,0.523696721,0.540844738,-0.00906985346,0.535867155,0.541529357,-0.0102172438,0.543738723,0.539972425,-0.0101813851,0.504143,0.532142341,-0.00429652,0.517532408,0.540987849,-0.0077505419,0.529674053,0.54210645,-0.00817364,0.538068771,0.541326463,-0.00755091151,0.502732277,0.531645238,-0.00356149417,0.513303697,0.53942436,-0.00602150243,0.52335304,0.54147774,-0.00589188235,0.531484127,0.541467547,-0.00503337476
4033.333333333319,0.726535201,0.505696833,1.28013852e-007,0.707809091,0.505093575,-0.00526544359,0.689524353,0.508178532,-0.00904251076,0.67799741,0.513770223,-0.0110689625,0.670132935,0.518977523,-0.0129048089,0.69768995,0.516074777,-0.0156087903,0.681995034,0.52550596,-0.018515585,0.675081432,0.530433893,-0.0181935858,0.671277225,0.533555508,-0.0172953084,0.709066808,0.520256102,-0.0140974568,0.692981362,0.531473041,-0.0164027549,0.687212229,0.531824946,-0.0143300574,0.686425447,0.529836893,-0.0125382748,0.719060481,0.523180187,-0.0119513795,0.70328,0.531451523,-0.0133232735,0.7007429,0.529114544,-0.00943728909,0.702830791,0.526049554,-0.00665688235,0.726779222,0.525290728,-0.0100185769,0.71348989,0.531673074,-0.0105694979,0.711208344,0.52953285,-0.00719660521,0.713367283,0.527054608,-0.00437283097
4033.333333333319,0.501608789,0.510109723,-9.11386e-008,0.518203139,0.51338464,-0.00562621374,0.532848,0.521547496,-0.00787127391,0.543581843,0.52868861,-0.00911361165,0.552793205,0.533756793,-0.00949248392,0.516951144,0.530720174,-0.00637567369,0.533292294,0.53882575,-0.00962329563,0.543491185,0.540095389,-0.0113364449,0.549551547,0.539880931,-0.0117564928,0.508336067,0.533645689,-0.00445863744,0.523434162,0.543240845,-0.00739744771,0.534683,0.543529034,-0.00791734643,0.541915178,0.541710854,-0.0074769035,0.503531575,0.534478068,-0.00290030101,0.516932964,0.543412805,-0.00574200228,0.527884424,0.544163108,-0.00574188307,0.535184,0.543117464,-0.00492151501,0.501988828,0.534039795,-0.00162599,0.512887955,0.541859865,-0.00377211277,0.522322357,0.543538928,-0.0034292012,0.529486656,0.543218672,-0.00241893716
4049.9999999999854,0.725781083,0.507260799,1.32597549e-007,0.707050443,0.506951,-0.00542550441,0.689667642,0.510253906,-0.00935654808,0.679265499,0.516682744,-0.0114966333,0.671433,0.522217572,-0.0134646092,0.697682381,0.518392086,-0.0153352376,0.682569385,0.527771175,-0.0182874463,0.67581,0.532521546,-0.0181419309,0.672052681,0.535502,-0.0173535626,0.708936393,0.522313595,-0.013624181,0.693224728,0.533026874,-0.015765056,0.687608,0.533700347,-0.0138374418,0.686725736,0.532095075,-0.0122273797,0.71888864,0.524982,-0.0113245342,0.70386982,0.533069432,-0.0123880263,0.7007972,0.531084239,-0.00866859,0.702319682,0.528161228,-0.00611459464,0.726744056,0.526827157,-0.00926836301,0.714024246,0.533234239,-0.00967510883,0.711319685,0.531281,-0.00644472614,0.712992191,0.528826594,-0.00372679485
4049.9999999999854,0.504054189,0.511826515,-8.50944133e-008,0.520668924,0.515955091,-0.00546066416,0.533966362,0.524164319,-0.00779310055,0.543056905,0.531533837,-0.00925530866,0.550396502,0.537385464,-0.0098082209,0.517065346,0.532470167,-0.00610389188,0.532633483,0.540992498,-0.00940300431,0.542317212,0.542517304,-0.0110500203,0.547466695,0.542362452,-0.0113401068,0.508059502,0.53486073,-0.00433667703,0.521897435,0.545216262,-0.00759435,0.53303957,0.545671284,-0.00822199229,0.539608955,0.543792784,-0.00765863433,0.503034174,0.535325289,-0.00290530873,0.51521039,0.544883966,-0.00596135808,0.526138,0.545862436,-0.00600406388,0.532823384,0.544732869,-0.00501644239,0.501432717,0.534653783,-0.00174063689,0.511044681,0.543029189,-0.0038791839,0.520213485,0.545126319,-0.00348905451,0.526986361,0.544937193,-0.00235096947
4066.666666666652,0.726026714,0.508515418,1.41541733e-007,0.707131445,0.508494079,-0.00588530628,0.689850867,0.512625754,-0.0100552412,0.679799676,0.519451082,-0.0124545656,0.671991765,0.525499701,-0.0147389965,0.698754,0.519830823,-0.0158589613,0.683763146,0.529475868,-0.0192566905,0.676837444,0.534766316,-0.0193673242,0.673023105,0.538061857,-0.0187137201,0.710183084,0.523665607,-0.0141959712,0.694838285,0.534647703,-0.0169121064,0.688281178,0.536298871,-0.0152868032,0.686736524,0.535231113,-0.013808731,0.720219135,0.526193798,-0.0120240794,0.704850793,0.535000801,-0.0135842888,0.701103747,0.533250511,-0.00994551461,0.702382803,0.530104578,-0.00729868747,0.727964282,0.527826488,-0.010145478,0.71531415,0.534865618,-0.0109309368,0.711919606,0.533241689,-0.00784381106,0.713320613,0.530655324,-0.00515040616
4066.666666666652,0.505802035,0.513554275,-9.14243614e-008,0.521920621,0.517732203,-0.00613161409,0.53459692,0.52617085,-0.0090008229,0.543032,0.534013569,-0.0108321616,0.549474418,0.540423393,-0.011788697,0.5166381,0.534066677,-0.00820228737,0.531936407,0.54291445,-0.0118769584,0.542272329,0.544887722,-0.0134987216,0.548128426,0.545334697,-0.0138216764,0.507358372,0.536391795,-0.0062196604,0.520948708,0.547050774,-0.00984260906,0.532300949,0.546964228,-0.00992983487,0.538486183,0.544999778,-0.00902011,0.502283633,0.536904931,-0.00452456623,0.513443232,0.547348499,-0.00785552338,0.524040163,0.547593772,-0.00711635686,0.529916823,0.545974493,-0.00562270731,0.500730813,0.536285758,-0.00316388044,0.50927031,0.544995129,-0.0056095859,0.51836127,0.546563923,-0.0049936627,0.52463752,0.545854151,-0.00368017983
4083.3333333333185,0.725037515,0.510237277,1.4166487e-007,0.706275,0.51074177,-0.0047350754,0.689513564,0.515780926,-0.0083973119,0.67997247,0.522933304,-0.0103174625,0.672898531,0.529114306,-0.0120214783,0.697794318,0.522175789,-0.0159212518,0.68294692,0.532791078,-0.0191486645,0.676396489,0.537592351,-0.0185389724,0.67317313,0.540226221,-0.0171003565,0.709767282,0.525833666,-0.0143615901,0.693779528,0.537472963,-0.0174253099,0.687637091,0.53877753,-0.015143944,0.686904371,0.537365198,-0.0127611924,0.719973803,0.528388381,-0.0121114384,0.704481244,0.537571907,-0.0134276971,0.70059967,0.535850048,-0.00924578123,0.701811135,0.532761395,-0.00595663255,0.727615654,0.530028224,-0.0100324303,0.715005755,0.537297904,-0.010341201,0.711553574,0.535762191,-0.00688825781,0.712732792,0.533264756,-0.00375521067
4083.3333333333185,0.507770777,0.516008139,-8.88533691e-008,0.523662031,0.520486057,-0.00629954599,0.535684645,0.528657377,-0.00973990746,0.543204188,0.53668,-0.0120757306,0.548988104,0.543207347,-0.0135498084,0.516375899,0.535211623,-0.00960443914,0.531258821,0.54514122,-0.0140089635,0.54183358,0.547796965,-0.0158280842,0.548059046,0.548622549,-0.0161518846,0.50697118,0.53749758,-0.00779432291,0.520083129,0.549059,-0.0120735848,0.531977713,0.549678564,-0.0121612391,0.538674057,0.548246622,-0.0111869546,0.502086639,0.538169324,-0.00626174873,0.51308012,0.549371,-0.0101103382,0.524267137,0.550361872,-0.00933636073,0.530842841,0.549421608,-0.00777865527,0.500896931,0.537856519,-0.00504375668,0.509320199,0.547117054,-0.00785754528,0.518676579,0.549171209,-0.0072540082,0.525237918,0.549038589,-0.00594819058
4099.999999999985,0.725377202,0.512064219,1.19213794e-007,0.706642628,0.513098538,-0.0036953825,0.690145552,0.5187428,-0.00683580665,0.680692196,0.526061893,-0.00863529369,0.674022794,0.532202423,-0.0103544733,0.697305679,0.525991082,-0.0132108452,0.683021426,0.536456287,-0.0164247248,0.676737487,0.540837288,-0.0163986497,0.674138129,0.543043256,-0.0154611561,0.70920074,0.529392242,-0.0123818098,0.693976045,0.540916741,-0.0149931526,0.688803792,0.540709496,-0.013216814,0.68917942,0.538243771,-0.0113804145,0.719682515,0.531431377,-0.0109229106,0.70553267,0.540547907,-0.0122095542,0.70202291,0.538394,-0.00841669459,0.703345358,0.535215199,-0.00560921757,0.728141904,0.532537699,-0.00952594727,0.716477573,0.539909303,-0.0100465287,0.713472188,0.537947893,-0.00660189427,0.714863837,0.535296679,-0.00356853683
4099.999999999985,0.508247137,0.517978132,-8.59508589e-008,0.524219751,0.522257209,-0.00650947634,0.536150694,0.530427814,-0.0102303056,0.543422163,0.538482964,-0.012839742,0.54885006,0.544970691,-0.014566605,0.516785324,0.537009239,-0.00968230609,0.530624151,0.547335863,-0.0142638367,0.540714085,0.550452709,-0.0162682105,0.546524763,0.551284492,-0.0166882165,0.507259369,0.539007723,-0.00781025505,0.519274414,0.550741196,-0.0122697931,0.530882955,0.551801145,-0.0125092901,0.537523568,0.550502658,-0.0116453944,0.502273917,0.539665878,-0.00626858,0.512270212,0.551107228,-0.0100696785,0.522994041,0.552249134,-0.00924877543,0.529370427,0.551105857,-0.00768653536,0.500980437,0.539436281,-0.0051054894,0.508443892,0.548787773,-0.00789617,0.517356455,0.551150441,-0.00742818508,0.523785532,0.551165283,-0.00623009074
4116.666666666652,0.726025164,0.513968647,1.1405244e-007,0.706617236,0.515503407,-0.00305626402,0.690264,0.521705151,-0.0058666761,0.681716383,0.529342413,-0.00741084199,0.675188899,0.535501301,-0.00887753908,0.697543502,0.528488,-0.0131295184,0.683637619,0.539402544,-0.0160185825,0.677420795,0.544184208,-0.0155618656,0.674642563,0.546658814,-0.014372672,0.709592581,0.531670868,-0.0124625023,0.69439733,0.543678582,-0.0150028961,0.688855886,0.544050694,-0.0130769052,0.688961685,0.541849911,-0.0111788707,0.720086396,0.533680856,-0.0110427123,0.706425488,0.543643236,-0.0120005738,0.701912165,0.541927576,-0.00824609585,0.70261234,0.538703382,-0.00554562453,0.728478312,0.534877777,-0.00963586569,0.717188835,0.542980313,-0.00978142489,0.713113964,0.54142642,-0.00639717747,0.713689268,0.538744569,-0.00349519192
4116.666666666652,0.509861231,0.519718468,-7.0762681e-008,0.525215089,0.524294198,-0.00622005574,0.53685683,0.532612324,-0.00964807812,0.543705404,0.54063648,-0.0119932946,0.548911035,0.546875358,-0.0134124244,0.51757443,0.538713872,-0.0090042064,0.529985607,0.549428165,-0.0132052768,0.539306283,0.552857876,-0.0149316303,0.544516563,0.553657591,-0.015101728,0.507963538,0.540578425,-0.00713717565,0.517726421,0.552608,-0.0108530382,0.528460264,0.554073,-0.0106165893,0.534451485,0.552928329,-0.00944942888,0.502679706,0.541158736,-0.00563921453,0.510280669,0.552914441,-0.00872767717,0.520361125,0.554405332,-0.00761824055,0.526333094,0.553278565,-0.00593955442,0.501017272,0.540810823,-0.00454591,0.506515741,0.55009979,-0.00679568248,0.514522076,0.55289638,-0.00617927918,0.520390153,0.553191185,-0.00491764024
4133.333333333319,0.726184785,0.515952229,9.50978887e-008,0.706876159,0.517740726,-0.00273273466,0.691237152,0.52400142,-0.00537662813,0.682634592,0.531785548,-0.00691201771,0.676506281,0.538200915,-0.00838214345,0.698110104,0.531490386,-0.011570693,0.684623361,0.541901112,-0.014141907,0.679100215,0.546303451,-0.0139307538,0.677196503,0.548342109,-0.0130133452,0.709948719,0.534532428,-0.0110869603,0.695911169,0.546562433,-0.0130490633,0.69096005,0.546086729,-0.0113432407,0.691778362,0.543013811,-0.00977546256,0.720362544,0.536122441,-0.00990483817,0.707920432,0.546255,-0.0106711276,0.703516901,0.54435879,-0.00733203907,0.704349518,0.540904105,-0.00506310025,0.728884339,0.536841094,-0.00867900811,0.718863308,0.545440137,-0.00894467626,0.715122521,0.54367131,-0.00570310047,0.715909064,0.540615082,-0.00296767196
4133.333333333319,0.511241078,0.521711946,-7.23576932e-008,0.525983095,0.52623862,-0.00665406277,0.537111044,0.534429073,-0.0103882337,0.543603659,0.542495906,-0.0129763186,0.548085332,0.548955381,-0.014649312,0.517505527,0.540297687,-0.0100314962,0.529214263,0.551204085,-0.0145919174,0.538419902,0.555023968,-0.0164330695,0.543537378,0.556387842,-0.0167471487,0.507820308,0.542016566,-0.00818370841,0.516980588,0.55441308,-0.0124418149,0.527997673,0.55574888,-0.0120876906,0.533947289,0.554523528,-0.0107208192,0.502614379,0.542561769,-0.00672157668,0.509548664,0.554590821,-0.0102462303,0.519703031,0.555884,-0.00881898869,0.525438845,0.554683566,-0.00681680394,0.501060724,0.542203,-0.00571435224,0.506031871,0.55168885,-0.00824935641,0.51392746,0.554348528,-0.00746499281,0.519533575,0.554487824,-0.00602150336
4149.999999999986,0.726497471,0.518088818,7.99351767e-008,0.707403719,0.520048618,-0.00258564018,0.692361534,0.526787221,-0.00530986767,0.684172511,0.534924567,-0.0071274084,0.677808583,0.541359067,-0.0088548949,0.698829114,0.53468281,-0.0107155172,0.685639322,0.545205355,-0.0138413189,0.680003107,0.548579574,-0.0141578354,0.678632438,0.549565315,-0.013505687,0.710600257,0.537633896,-0.0105266143,0.69644165,0.549343228,-0.0128833121,0.691209793,0.547586381,-0.0116558075,0.692575336,0.543864429,-0.0103493137,0.720956922,0.538957059,-0.00973771699,0.708658814,0.548939824,-0.0107680401,0.703962624,0.546503723,-0.00759401033,0.70510143,0.542906046,-0.00542927394,0.729545474,0.539378464,-0.00890705269,0.719519079,0.548105061,-0.00932268,0.715492427,0.546008646,-0.00606688904,0.716603577,0.542699337,-0.00333018624
4149.999999999986,0.51174432,0.523315549,-6.9438407e-008,0.526837409,0.528064549,-0.00625761831,0.537445724,0.536443114,-0.00988484081,0.543182671,0.544585943,-0.0124976728,0.547014654,0.551076949,-0.0142350746,0.518031955,0.541529119,-0.00928915,0.528445363,0.55279851,-0.0139223123,0.537320852,0.556966305,-0.0157932378,0.542303,0.558363199,-0.0160565805,0.50801152,0.543062747,-0.00770280045,0.515437424,0.555901766,-0.0121713905,0.526450217,0.557603836,-0.0119141936,0.532514691,0.5564394,-0.01048721,0.502449095,0.543505251,-0.00651498418,0.508101821,0.555911899,-0.010229419,0.518269479,0.55760324,-0.00887867436,0.524068058,0.556593597,-0.00681459578,0.500609934,0.54319,-0.00574035943,0.504772842,0.553009868,-0.00822162,0.512571216,0.555796385,-0.00732554076,0.518113434,0.555954874,-0.00578037789
4166.666666666653,0.726931512,0.520404,7.20943731e-008,0.707395673,0.522702277,-0.0023644194,0.692668855,0.529494107,-0.00495435577,0.68460834,0.5375911,-0.0067045074,0.678901553,0.544066966,-0.00834260322,0.69981,0.537490726,-0.0105115362,0.687036872,0.547991276,-0.0136033604,0.681207061,0.550753415,-0.0140194939,0.679669857,0.551134765,-0.0134964716,0.711604059,0.540369809,-0.0104630413,0.698466,0.552119,-0.0128052374,0.693377137,0.550199091,-0.0117218951,0.694649756,0.546492159,-0.0105728349,0.721959352,0.541640818,-0.00979855284,0.710529566,0.551665604,-0.0107747447,0.70587641,0.549287379,-0.00772457151,0.706864,0.545747817,-0.005707826,0.730626106,0.541933179,-0.00907839555,0.721408367,0.550564051,-0.00950210728,0.717312813,0.54859823,-0.00629870314,0.718265057,0.545386732,-0.00360713387
4166.666666666653,0.511990726,0.524336815,-6.8238144e-008,0.526811957,0.528978527,-0.00655495794,0.537329376,0.537458599,-0.0102188122,0.542925119,0.545729578,-0.0127853509,0.546772897,0.552449048,-0.0143140564,0.517465949,0.542798162,-0.00912588,0.527142525,0.553920686,-0.0140479766,0.535892487,0.558253825,-0.016316887,0.541177452,0.559690833,-0.0168621838,0.507415354,0.544441223,-0.00751739321,0.513608277,0.556856275,-0.0120619228,0.524150908,0.559182703,-0.0120947277,0.530852258,0.55829072,-0.0108942399,0.501987457,0.54501164,-0.00639263541,0.507241,0.556743681,-0.0101742204,0.516807318,0.558890879,-0.00896868575,0.523047566,0.558181286,-0.0069774976,0.500390887,0.544724941,-0.00572991418,0.504516363,0.554246485,-0.00831623189,0.512072742,0.557409942,-0.00747399218,0.518153667,0.557859421,-0.00590211572
4183.33333333332,0.727920711,0.522405148,7.76382052e-008,0.708430767,0.524921775,-0.00237941858,0.693807662,0.532058656,-0.00497119781,0.685979,0.540360928,-0.00665521,0.680478036,0.546913743,-0.0081434967,0.701871276,0.539473951,-0.0114832725,0.688724697,0.550726533,-0.0147737116,0.682654142,0.553274393,-0.0148534691,0.681113362,0.553121805,-0.0138722435,0.713818491,0.542305708,-0.011315,0.700422645,0.554913223,-0.0136933317,0.694351554,0.553339958,-0.0121499198,0.694861293,0.549591362,-0.0105560143,0.724071681,0.543548286,-0.0104904491,0.712182,0.554375052,-0.0115192086,0.70653224,0.552232802,-0.00826217327,0.706868708,0.548594475,-0.0059810807,0.732508123,0.543803692,-0.0095786918,0.723361552,0.552962601,-0.0100229196,0.718565583,0.551322699,-0.00677949749,0.718961835,0.548096478,-0.00396647304
4183.33333333332,0.513026893,0.525831461,-5.94470819e-008,0.527637482,0.530418,-0.00726917852,0.537760198,0.538769305,-0.0113508096,0.5427472,0.547264695,-0.0142180817,0.546499372,0.554228187,-0.0160650127,0.518404782,0.543300688,-0.0100378543,0.52684474,0.554595768,-0.0152954524,0.535461962,0.55929625,-0.0177488904,0.540796101,0.560950041,-0.0183882434,0.508072615,0.544937611,-0.00824194588,0.512173653,0.557503223,-0.0129944896,0.522410512,0.560008883,-0.0130774183,0.52902168,0.559083343,-0.0119178565,0.50238049,0.545558572,-0.00701153511,0.505561709,0.55746603,-0.0111278659,0.515086651,0.559818327,-0.0100212684,0.521352053,0.559088647,-0.00804652553,0.50046,0.545422375,-0.00629288,0.503348827,0.555111766,-0.00928084739,0.510685623,0.558397591,-0.0086580012,0.516626,0.558755755,-0.00721696904
4199.999999999987,0.728541732,0.523898304,7.63035857e-008,0.709138,0.526796043,-0.00222050399,0.694817781,0.53422296,-0.00457047392,0.686947227,0.542454422,-0.00611199532,0.681749463,0.549019456,-0.00740783708,0.703712642,0.54200995,-0.0103151184,0.690702438,0.553373635,-0.0131998947,0.684196234,0.55553335,-0.013233453,0.68211,0.555191636,-0.0123556731,0.715505838,0.544535577,-0.0101742176,0.701931894,0.557224929,-0.0119994059,0.696086705,0.555450559,-0.0104372641,0.69666034,0.552010417,-0.00901737,0.725534916,0.545494139,-0.00943118054,0.713294744,0.556437731,-0.0100102797,0.707924724,0.554107308,-0.00656972546,0.708431244,0.550683737,-0.00436117267,0.73365432,0.545533538,-0.00864012912,0.724076927,0.554475,-0.00873547513,0.719385803,0.552753747,-0.00530429836,0.720028639,0.549800575,-0.00251147174
4199.999999999987,0.513767123,0.526863337,-5.22325e-008,0.528490543,0.531488478,-0.00768317655,0.538066506,0.540127099,-0.0118250018,0.542887807,0.548844159,-0.01456792,0.54723531,0.555748403,-0.0163687635,0.518586099,0.544791877,-0.0104251821,0.527217805,0.556125641,-0.0151025243,0.535757244,0.560748041,-0.017115267,0.540887713,0.562705278,-0.0176344756,0.508383572,0.546045601,-0.00818020664,0.512159228,0.558784604,-0.012689882,0.52279222,0.561205149,-0.0126103135,0.529589,0.560514271,-0.0113796759,0.503013432,0.546196401,-0.00644170539,0.505849838,0.558365,-0.010569647,0.515612721,0.560561,-0.00958784577,0.521802723,0.559989393,-0.00771381,0.501234829,0.545750558,-0.00516546331,0.504036546,0.555496037,-0.00819348823,0.511313677,0.558756232,-0.00772327464,0.517002344,0.559451401,-0.00645621167
4216.666666666654,0.728707969,0.525885701,7.78382798e-008,0.709262908,0.529030561,-0.00273760222,0.695294499,0.536476076,-0.00525428448,0.68793869,0.544825077,-0.00691759819,0.682843804,0.55147016,-0.00827665627,0.704274118,0.544788897,-0.00954529457,0.692489207,0.555978119,-0.012383393,0.686136484,0.558437884,-0.0126106655,0.683957219,0.558216512,-0.0118613411,0.716059923,0.547247469,-0.00911783706,0.703310668,0.559535921,-0.0106575973,0.697214365,0.557919383,-0.00914881472,0.696999252,0.554432869,-0.00777090061,0.725812554,0.547940254,-0.00825587567,0.714032471,0.55858928,-0.00879910216,0.708041549,0.556596,-0.0057318816,0.707572699,0.553248525,-0.00379373203,0.733650863,0.547716,-0.00740919681,0.724395633,0.556235194,-0.00762578705,0.719189584,0.554716229,-0.00453480147,0.719103575,0.551873744,-0.00196576864
4216.666666666654,0.514070213,0.52770257,-4.91554282e-008,0.528520226,0.53229,-0.00788390823,0.538411438,0.540967584,-0.0121858232,0.543088496,0.549877942,-0.0149908308,0.546949267,0.557074487,-0.0167160984,0.518826544,0.545380354,-0.0111148953,0.527261376,0.557166576,-0.0158925597,0.535741866,0.561797857,-0.0176433939,0.540672183,0.563328743,-0.0178308785,0.508225501,0.546674967,-0.00873936247,0.510857105,0.559965491,-0.0135211702,0.52134949,0.562337339,-0.0132429628,0.52833879,0.561350942,-0.0116430316,0.502635598,0.546989381,-0.00683368,0.504795849,0.559336424,-0.0112098427,0.514466882,0.561447,-0.0100584608,0.520718753,0.560540855,-0.00786997937,0.500759661,0.546697736,-0.00536785461,0.503435493,0.556675613,-0.00858236104,0.510728955,0.559883177,-0.00797930826,0.516480803,0.560214341,-0.0064537907
4233.333333333321,0.728433192,0.527854502,8.42445189e-008,0.709202945,0.531220913,-0.00272364705,0.695824683,0.538827538,-0.00505203893,0.688499391,0.547113121,-0.00655300729,0.683839262,0.553861737,-0.0076852059,0.705177724,0.547770917,-0.00837773,0.693800569,0.558888435,-0.0106063196,0.68751806,0.561041474,-0.0107256901,0.685163379,0.560761511,-0.0100483214,0.716953874,0.549882829,-0.00774557143,0.704570115,0.561888635,-0.00878738239,0.698006153,0.560405791,-0.0074851769,0.697253823,0.557145059,-0.00641013216,0.726745844,0.550224125,-0.00669930177,0.715504587,0.56092149,-0.00685467944,0.709045231,0.559151351,-0.00407952117,0.708037436,0.555981696,-0.00245927041,0.734366953,0.549684465,-0.0056881723,0.725188,0.558267772,-0.00566471508,0.719728231,0.557009,-0.00272729876,0.719205797,0.554314196,-0.000345013279
4233.333333333321,0.514917,0.528501868,-5.38923359e-008,0.529429674,0.533180356,-0.00760747353,0.539008319,0.541805565,-0.0118840095,0.543473125,0.550548792,-0.0147987241,0.547020495,0.557537675,-0.0166462064,0.519288898,0.546158612,-0.0112333624,0.52757585,0.558031,-0.0164778121,0.536193252,0.562700629,-0.0185228195,0.540951192,0.564220905,-0.0188996363,0.508590937,0.547444701,-0.00925296638,0.510884285,0.560832381,-0.0143891275,0.521686852,0.563361704,-0.0141473319,0.528695762,0.562380075,-0.0125939865,0.502986431,0.547705829,-0.00774839381,0.504640639,0.560171545,-0.0123744747,0.514664471,0.562424541,-0.0111224605,0.520973682,0.56157434,-0.00888100639,0.501212299,0.547236383,-0.00668734033,0.503445208,0.557256758,-0.0100369779,0.511278868,0.560533702,-0.00934460573,0.517637074,0.560830176,-0.00775262527
4249.999999999988,0.728711605,0.529235363,9.34898878e-008,0.709273636,0.532928169,-0.00359533215,0.695957541,0.540852189,-0.00614054641,0.689367831,0.549392819,-0.00769867375,0.684721172,0.556255162,-0.00877229497,0.706770837,0.55006367,-0.00821565,0.696402133,0.560833395,-0.0105250664,0.689954638,0.563165069,-0.0106558213,0.687211812,0.562897384,-0.00988643058,0.718545914,0.551976502,-0.0071875453,0.706795096,0.563963294,-0.00825065561,0.699443579,0.563259184,-0.0068661,0.697492182,0.560246289,-0.00555746816,0.728130519,0.552071095,-0.00593424449,0.717335224,0.562948465,-0.0064585139,0.70981878,0.562009513,-0.00391503,0.707375288,0.559202611,-0.00221896148,0.735600173,0.551349163,-0.00478924485,0.726806939,0.560202599,-0.00523084495,0.720559716,0.559649706,-0.00261390838,0.718712568,0.557387233,-0.000260540051
4249.999999999988,0.515538752,0.528476238,-5.84955089e-008,0.530574143,0.53350991,-0.00731157884,0.53979075,0.542465806,-0.0110365283,0.544182181,0.551349759,-0.0134952515,0.547742903,0.55834347,-0.0149512729,0.519873083,0.547082841,-0.00970450323,0.52764678,0.558521,-0.0144946901,0.536315501,0.563164234,-0.0166997779,0.541594505,0.565014541,-0.0173215047,0.509246588,0.548367679,-0.00770484516,0.511189,0.561303735,-0.0123509523,0.52169,0.564039409,-0.0123368595,0.528583944,0.563252091,-0.0110630924,0.503746152,0.548479199,-0.00621716119,0.504785,0.56065768,-0.0104266312,0.514522493,0.563236,-0.00938520394,0.520744205,0.562589943,-0.00735800574,0.502054095,0.547841728,-0.005207262,0.503364,0.55761832,-0.00823289901,0.510720134,0.561236143,-0.00765441591,0.516819954,0.561798811,-0.0062029548
4266.666666666655,0.729295969,0.531092,8.70121113e-008,0.70998925,0.535004497,-0.00291394489,0.696808577,0.54319334,-0.00490783714,0.690637589,0.551874876,-0.00611267425,0.68600297,0.558701813,-0.00674302829,0.708146632,0.552319765,-0.00641228585,0.697970331,0.563566089,-0.00850185,0.691398084,0.565515041,-0.00879720785,0.688633382,0.564933896,-0.00821254868,0.719683707,0.553981304,-0.00560119189,0.708102822,0.565915048,-0.00647211447,0.700866342,0.565321207,-0.00555529771,0.699016809,0.562697113,-0.00467354711,0.728926539,0.553933,-0.00456231,0.718045533,0.564382076,-0.00456704944,0.710882187,0.563678682,-0.00216060621,0.708613157,0.561310709,-0.00072661665,0.735944271,0.553106,-0.00364224263,0.727119207,0.56149137,-0.00336793833,0.720942855,0.561318815,-0.000599434366,0.719151318,0.559528887,0.0017206131
4266.666666666655,0.517537057,0.528749049,-5.22252286e-008,0.531597614,0.534218371,-0.00724843703,0.540489614,0.543153703,-0.0112761986,0.544484079,0.552004,-0.014032145,0.548024416,0.558987439,-0.0157046579,0.52081126,0.546623945,-0.0104341134,0.528342605,0.558420897,-0.015875455,0.536445737,0.563469112,-0.0182469394,0.541232049,0.56545788,-0.0188135318,0.510207415,0.547911823,-0.00877318904,0.510786295,0.561261237,-0.0142294038,0.52069217,0.564122438,-0.0144194216,0.527484536,0.563124359,-0.0130082965,0.504608095,0.548329532,-0.00760539,0.505110502,0.560543597,-0.0123448269,0.514666855,0.563106894,-0.0111793391,0.520865321,0.562291563,-0.00882637687,0.50283885,0.548024833,-0.00690449448,0.504041076,0.557857275,-0.0101064118,0.51146543,0.561355114,-0.00927992817,0.517725348,0.561651111,-0.00750978058
4283.333333333322,0.72902292,0.532463431,8.63153957e-008,0.710457087,0.536539733,-0.00348973437,0.697594106,0.545096576,-0.00546745118,0.692073286,0.553941131,-0.00648989342,0.687562346,0.560791492,-0.00686113769,0.709531248,0.553822398,-0.0070777894,0.699907899,0.565537632,-0.00948126893,0.693327844,0.567486823,-0.00986047368,0.69036907,0.566717148,-0.00921539869,0.720926642,0.55534023,-0.00582296588,0.710079253,0.567568958,-0.00699401367,0.702550709,0.567389429,-0.00632879836,0.700074255,0.564786196,-0.00552197685,0.729846656,0.555219591,-0.00436814548,0.719953597,0.565690041,-0.00453127036,0.712436616,0.565356,-0.0025048079,0.709316313,0.563174725,-0.00123902049,0.73649019,0.554349363,-0.00307208416,0.728146851,0.562841713,-0.00291411416,0.721712947,0.562938,-0.000500969181,0.719233215,0.561280847,0.00161850499
4283.333333333322,0.517631412,0.528908372,-5.16110354e-008,0.531914592,0.534039378,-0.00765050482,0.541147172,0.543054163,-0.0115701556,0.545645118,0.551870167,-0.01422795,0.548663676,0.558927774,-0.0158265065,0.521526575,0.54755348,-0.00965319201,0.528906822,0.558946967,-0.0147445891,0.536935866,0.563967943,-0.0171379745,0.541756868,0.566274881,-0.0179383177,0.511015654,0.548750043,-0.00786989275,0.511111677,0.561865687,-0.0133177396,0.521097302,0.564552546,-0.0139286788,0.528137803,0.563511074,-0.0128223859,0.505554855,0.548919201,-0.00665592449,0.50516969,0.560825109,-0.0116741257,0.514722526,0.563446283,-0.0111700054,0.52110076,0.562820077,-0.00925605558,0.503770053,0.548414826,-0.00591194164,0.504400373,0.558102608,-0.00944824051,0.511353433,0.561671793,-0.00907059759,0.517439544,0.562202394,-0.00765854632
4299.999999999989,0.729027212,0.53395617,9.01947246e-008,0.710433483,0.538333237,-0.0036576807,0.698064625,0.546944618,-0.00583758345,0.692937732,0.55588007,-0.00687840767,0.688078,0.562804103,-0.00722868,0.710959911,0.555463672,-0.0077477647,0.701499224,0.56708777,-0.00971472729,0.694743156,0.569266915,-0.00934299827,0.691595793,0.568606257,-0.00815871172,0.722099,0.556866646,-0.00621974654,0.711746514,0.569416046,-0.00701599428,0.704103827,0.569550693,-0.00566777,0.701236248,0.567181706,-0.00433307467,0.730501175,0.55663377,-0.00443269359,0.72086668,0.567567825,-0.0043679052,0.713148355,0.567637265,-0.00193426013,0.709541559,0.565768838,-0.00037562169,0.736490428,0.555620074,-0.00278260442,0.728423238,0.564262331,-0.00256615621,0.721598268,0.565075457,-0.000121212724,0.718468666,0.564158738,0.00205693045
4299.999999999989,0.519098759,0.528591,-5.1074462e-008,0.533703446,0.533786535,-0.00770013034,0.542532802,0.54309243,-0.0115422811,0.546602488,0.552054286,-0.0140502006,0.549494684,0.559226573,-0.0154599175,0.522590458,0.547802925,-0.00969650317,0.530141115,0.559114277,-0.0149463359,0.537958801,0.564351141,-0.0174847692,0.542919815,0.566871524,-0.0182801522,0.51179409,0.548897266,-0.00783842057,0.51210475,0.561992764,-0.0132730128,0.522029281,0.564886451,-0.0136778746,0.528999209,0.563976,-0.0123307072,0.506098866,0.54891938,-0.00657327939,0.50597018,0.560956478,-0.0115317926,0.515545964,0.563673139,-0.0105696358,0.521801054,0.563046932,-0.00821000617,0.504240334,0.548166931,-0.00582761504,0.504689515,0.558009,-0.00927005894,0.512004733,0.561766863,-0.0085757412,0.518328726,0.562330782,-0.00679323869
4316.666666666656,0.728629768,0.535111,9.3689323e-008,0.710085869,0.539655626,-0.00350048672,0.698206186,0.548404336,-0.00555907888,0.693717241,0.557369351,-0.006655531,0.689960182,0.564432681,-0.00711739156,0.711515605,0.557115912,-0.00676978193,0.702761,0.568848789,-0.00909299683,0.696037292,0.571061194,-0.00945412274,0.692512631,0.570532918,-0.00882878713,0.722699,0.558254182,-0.00549728889,0.713221133,0.570852458,-0.00661682338,0.705240309,0.571430147,-0.00595161924,0.701560318,0.569277644,-0.00510755926,0.731096566,0.55771637,-0.00405218452,0.722539842,0.568757355,-0.00425732322,0.714510739,0.569500089,-0.0024139483,0.710062742,0.568046689,-0.00123789231,0.736946523,0.556448638,-0.00275686709,0.729645252,0.565371573,-0.00268288492,0.722656906,0.566719294,-0.000501540722,0.718835056,0.566114724,0.00148062513
4316.666666666656,0.520513177,0.529107571,-5.24431201e-008,0.534629,0.53445977,-0.00742605142,0.543714046,0.543594778,-0.0111819534,0.547648728,0.552397728,-0.0137334662,0.550031543,0.559548497,-0.015172665,0.523751915,0.5478881,-0.00912563782,0.530466855,0.559305906,-0.0144652072,0.538512945,0.564540088,-0.0172281358,0.54363,0.566986084,-0.0181824733,0.512985587,0.549078643,-0.00748346793,0.512547135,0.561955512,-0.0128183728,0.522658467,0.565667212,-0.0135140158,0.530158758,0.565405309,-0.0125814248,0.507394254,0.549359083,-0.00648967037,0.506816089,0.561328769,-0.0114533491,0.516679764,0.564680278,-0.0109014697,0.523708224,0.564528644,-0.00893303193,0.505652845,0.5489344,-0.00599311246,0.505916893,0.55906719,-0.0094234962,0.51317817,0.563255429,-0.00888725743,0.519801438,0.564218342,-0.00732056657
4333.333333333323,0.728129804,0.536554635,8.13239893e-008,0.710367441,0.540996671,-0.00367817399,0.698807061,0.549622476,-0.00562086282,0.694594443,0.558598161,-0.00679237396,0.691720366,0.565744758,-0.00728197629,0.712301075,0.559033036,-0.00524166599,0.703809917,0.57048279,-0.00777362287,0.697065413,0.572336495,-0.00866355468,0.693429351,0.571493566,-0.00847713184,0.722851396,0.559999466,-0.00411620783,0.713744,0.572167635,-0.00563759,0.705692768,0.57267189,-0.00568195339,0.70206362,0.57055974,-0.00536610233,0.730674,0.559417248,-0.00300893979,0.722546,0.570509672,-0.00383599312,0.71443826,0.571151316,-0.00259850896,0.710195482,0.569623947,-0.00172522129,0.735922277,0.55820179,-0.00209906697,0.729022741,0.567392647,-0.00248265,0.722117841,0.568670213,-0.000648179092,0.7186023,0.567874551,0.00110088254
4333.333333333323,0.520405948,0.529436886,-4.90412511e-008,0.535272658,0.534507275,-0.00750510348,0.54474318,0.543828845,-0.0112679619,0.548945844,0.552899,-0.0137269497,0.551935613,0.560092032,-0.01506091,0.525150716,0.548344374,-0.00984534714,0.531842291,0.560052454,-0.0151842693,0.539898574,0.564882815,-0.0176926535,0.544859827,0.566653609,-0.0183368195,0.514151096,0.549524963,-0.00790874474,0.514547229,0.562923491,-0.013320365,0.524657488,0.56633532,-0.0136802197,0.531626105,0.565677643,-0.0123945111,0.508321285,0.549603105,-0.00654677814,0.507995,0.561930716,-0.0112325195,0.517499149,0.565208673,-0.0102937426,0.523929179,0.56482029,-0.00805558544,0.506423712,0.548898339,-0.00568867475,0.506384969,0.559077561,-0.00870687608,0.513218343,0.56326437,-0.00794136338,0.519345462,0.56408608,-0.00623231661
4349.99999999999,0.727697253,0.537313,8.42704679e-008,0.710265815,0.542125642,-0.00334291183,0.698823571,0.550890684,-0.00514699845,0.694503307,0.559725821,-0.00628249627,0.692465603,0.566903293,-0.0067420816,0.713218093,0.559139132,-0.00513633387,0.704617739,0.570870101,-0.00772958575,0.697793245,0.573172867,-0.0085379649,0.693917751,0.572703302,-0.0082699582,0.723537743,0.560014606,-0.00419463497,0.714478552,0.572300255,-0.00576317543,0.706365049,0.573326588,-0.00570934778,0.702365816,0.571669757,-0.00538324285,0.731112182,0.559525132,-0.00326144882,0.722753048,0.570689,-0.00411811937,0.714508772,0.571870327,-0.00279335864,0.709790707,0.570807397,-0.00190550135,0.735770941,0.558538496,-0.00251752068,0.728311419,0.567775,-0.0028840974,0.721097171,0.569666862,-0.00103772269,0.717054546,0.569419742,0.000653476338
4349.99999999999,0.522975087,0.529411674,-4.4076053e-008,0.537621915,0.534950852,-0.00699870568,0.546243846,0.54418993,-0.0108825285,0.549966335,0.553160071,-0.0135059534,0.553394496,0.560138285,-0.0152254412,0.526775301,0.548012197,-0.0106107667,0.533704817,0.559935808,-0.0163847823,0.541513503,0.56521225,-0.019025417,0.546394467,0.567521632,-0.0197308,0.515387177,0.549342036,-0.00909998827,0.515515804,0.562509954,-0.0149531225,0.525394559,0.566780925,-0.015476454,0.533230364,0.56700474,-0.0142800752,0.509275198,0.549527943,-0.00812124182,0.507369101,0.562131286,-0.0135030951,0.516162694,0.566774786,-0.0131396046,0.523355961,0.567698538,-0.0111781424,0.507474601,0.548935235,-0.00751879578,0.506772578,0.558706403,-0.0115517732,0.512520909,0.5637573,-0.0116800833,0.518485,0.565922201,-0.0104466081
4366.666666666657,0.726631701,0.538120329,8.99537227e-008,0.709510565,0.542736232,-0.00401375117,0.698699951,0.551627,-0.00614793738,0.695017278,0.560539842,-0.00746489223,0.693312466,0.567805827,-0.00808160845,0.713557541,0.559348285,-0.00680489279,0.705697954,0.571661115,-0.0102683417,0.698222935,0.574034691,-0.0113768373,0.69391793,0.57341212,-0.0111173112,0.723884284,0.560225904,-0.00569279725,0.715695441,0.573216379,-0.00807358,0.707178891,0.574341536,-0.00814271,0.70295471,0.572588086,-0.00769920973,0.731345594,0.559781134,-0.00459630089,0.723518968,0.571172774,-0.00601349445,0.715079546,0.57236743,-0.0046189581,0.710288048,0.57128489,-0.00350602577,0.73591423,0.558827341,-0.00373516907,0.729050756,0.568156958,-0.00443202257,0.721709251,0.570106447,-0.0025595827,0.717592359,0.569863319,-0.00075294706
4366.666666666657,0.523452103,0.529101968,-5.5037745e-008,0.538237572,0.534679532,-0.00639815,0.547285318,0.543884873,-0.0101515427,0.551629782,0.552723825,-0.0127831763,0.555105,0.559650779,-0.0145854866,0.528462231,0.54803896,-0.0105024735,0.535249889,0.559937298,-0.0160171483,0.543070376,0.565166891,-0.0184129886,0.54799664,0.567409754,-0.0189911723,0.516937554,0.549322486,-0.00914398208,0.518557072,0.562750518,-0.0146109471,0.528243303,0.566714,-0.0148065407,0.535475612,0.56646204,-0.0135201812,0.510642171,0.549344718,-0.00822625309,0.509566844,0.562232196,-0.0131316455,0.518102586,0.567055881,-0.0125392396,0.524975061,0.567883134,-0.0106208026,0.508522332,0.548565924,-0.00764440326,0.507920384,0.558557749,-0.0112327496,0.513451457,0.563801646,-0.0112441173,0.519210935,0.5659585,-0.010093594
4383.333333333324,0.725167215,0.539109766,8.0355818e-008,0.708111346,0.543535769,-0.00485110935,0.69805342,0.552441955,-0.00666790316,0.694867909,0.56142664,-0.00740680657,0.693112969,0.568569601,-0.00730227958,0.712748706,0.561496854,-0.00525228353,0.705311656,0.573072851,-0.00759090669,0.698249757,0.575119734,-0.00830613077,0.694152117,0.574310958,-0.00797595456,0.722696185,0.562249601,-0.00320497644,0.714880943,0.574166596,-0.00456771394,0.706852853,0.574890554,-0.00456234161,0.702792346,0.573066533,-0.00417667674,0.729540944,0.561451912,-0.00133662613,0.722453654,0.572042584,-0.00214109803,0.714579642,0.572974,-0.00113524229,0.710005343,0.57191658,-0.000399377168,0.733466,0.560115695,0.000231127779,0.727404,0.568941295,-0.000232380713,0.720710814,0.570567906,0.00130153052,0.716807127,0.570195377,0.00283958158
4383.333333333324,0.52437681,0.529453576,-5.60505207e-008,0.539152801,0.534444392,-0.0071682632,0.548745275,0.543478489,-0.011133994,0.5532794,0.552390933,-0.013944664,0.556225896,0.559746385,-0.0157404803,0.529742897,0.548580706,-0.00984675,0.536770821,0.560534894,-0.0155124916,0.545028627,0.565571129,-0.0182899926,0.55016011,0.567574859,-0.0191377569,0.518617034,0.550062776,-0.00826587528,0.520758569,0.563250363,-0.0136589753,0.531207,0.56714344,-0.0141608641,0.538797379,0.566952229,-0.013174329,0.512357056,0.550345063,-0.00733626913,0.511425853,0.56312722,-0.0120042777,0.520211041,0.567855954,-0.0114176227,0.527157843,0.568649471,-0.00960895512,0.509984612,0.549776077,-0.00690147839,0.509453118,0.560072541,-0.0103973597,0.515132964,0.565450251,-0.0104111144,0.521011949,0.567657828,-0.00927904341
4399.999999999991,0.723175228,0.539830923,8.22977881e-008,0.706495941,0.544176579,-0.00548761059,0.69699955,0.553103447,-0.0074574179,0.694471121,0.56206435,-0.0082316082,0.693646967,0.569281399,-0.00808748789,0.712176442,0.561476648,-0.00613385811,0.705599,0.573418438,-0.00895654876,0.698242,0.575938642,-0.00987967,0.693419516,0.575678,-0.00961470418,0.721440673,0.562432587,-0.0037630368,0.713816643,0.574505866,-0.00586179737,0.705503047,0.576041102,-0.00619118474,0.700397909,0.57501471,-0.00590271456,0.727460384,0.562211871,-0.00160816719,0.719985366,0.572988331,-0.00295188813,0.711681604,0.574554741,-0.00225986145,0.706122398,0.574141741,-0.00157179392,0.730311275,0.561518073,0.000154866328,0.72351253,0.570454836,-0.000726380094,0.716304541,0.572601855,0.000412581139,0.711619377,0.572673142,0.00176704815
4399.999999999991,0.524869502,0.528593302,-5.46021717e-008,0.54025203,0.534346581,-0.00552307675,0.550011575,0.543743193,-0.00868359488,0.554427087,0.552875042,-0.0109127816,0.55670619,0.560253382,-0.0122376783,0.531412959,0.548462033,-0.00861105882,0.538733363,0.560370624,-0.0132401483,0.546433568,0.565226197,-0.0152935022,0.551162362,0.567614734,-0.0158846173,0.52004528,0.54974854,-0.00772918854,0.522287369,0.563196957,-0.0127071403,0.531556845,0.567462325,-0.0131941009,0.538809955,0.567988276,-0.0122746071,0.51352042,0.549893558,-0.00725239376,0.512189627,0.562656105,-0.0114406412,0.519831598,0.56794,-0.0110856546,0.526543558,0.569713891,-0.00959400181,0.510870099,0.549141467,-0.00710217282,0.508803725,0.559102535,-0.0101143,0.513311923,0.564408243,-0.0100575499,0.518781483,0.566890895,-0.00901087932
4416.666666666658,0.721408784,0.540446937,7.9917136e-008,0.704611301,0.544462681,-0.00552966632,0.695352137,0.553420365,-0.00729786418,0.693466723,0.562471032,-0.00792550948,0.692488968,0.569535,-0.00762858707,0.710571468,0.562036633,-0.00534499157,0.704431534,0.573786139,-0.00831153523,0.696897924,0.576240778,-0.00958058331,0.691720784,0.575816691,-0.00957108475,0.71977967,0.56301415,-0.00290842145,0.712519705,0.574516177,-0.00483385893,0.704308629,0.576186359,-0.00534297,0.698908567,0.575441,-0.00532059884,0.725729883,0.562847674,-0.000801713148,0.718397319,0.573031783,-0.00209058682,0.710196137,0.574749172,-0.0015709016,0.70445317,0.574597716,-0.00107122108,0.728580832,0.562290668,0.000873314,0.721781909,0.570945323,-5.57514468e-005,0.714682221,0.573210895,0.00091400533,0.709841728,0.573557198,0.00211582892
4416.666666666658,0.525949836,0.528684556,-3.93865207e-008,0.54167372,0.53419,-0.00549577363,0.551307857,0.543412924,-0.00870562065,0.555652618,0.552396655,-0.0109622488,0.558551788,0.559805512,-0.0122499382,0.533676684,0.548444,-0.00812512171,0.539390445,0.560323238,-0.0128826341,0.546483338,0.56516397,-0.0151085872,0.551112473,0.567192078,-0.0157181416,0.522077262,0.549731612,-0.00733544771,0.522747,0.56319046,-0.0121122,0.531734228,0.56766957,-0.0126843872,0.539181232,0.568278074,-0.0118393553,0.515180051,0.549840331,-0.00702142855,0.513159931,0.562740505,-0.0111131053,0.520590127,0.568008721,-0.0107730944,0.527299762,0.569850326,-0.00931248069,0.51208514,0.549055457,-0.00702260714,0.510144055,0.559118569,-0.00992716383,0.514635861,0.564214349,-0.0096356133,0.520126,0.566631854,-0.00840870105
4433.333333333325,0.719789743,0.54068011,7.69759367e-008,0.70303154,0.54487431,-0.0051426976,0.69357115,0.554005206,-0.00701722875,0.692161918,0.562936246,-0.00789223,0.692027688,0.569916368,-0.00799286645,0.708370924,0.561936319,-0.0061210054,0.70281589,0.573859036,-0.0098334346,0.69534272,0.576349378,-0.0114437342,0.690297,0.575694561,-0.0114637408,0.717791736,0.562662542,-0.00415755203,0.711374342,0.574712753,-0.00668043643,0.703048468,0.576387763,-0.00737227,0.697736502,0.575343847,-0.0073305103,0.724156439,0.562282622,-0.00246688048,0.717654347,0.572969258,-0.00416783849,0.709224,0.5747931,-0.00375732547,0.703300655,0.574522,-0.00323663326,0.727627635,0.561441243,-0.00114855135,0.721648276,0.570488751,-0.00234642602,0.714360058,0.572779596,-0.00138063822,0.709413111,0.57294482,-0.000150447784
4433.333333333325,0.527217448,0.529183209,-3.65559565e-008,0.543252647,0.534773707,-0.00568881026,0.552660644,0.54388535,-0.00894389581,0.556349933,0.552893221,-0.0110927839,0.559071,0.560146093,-0.0122710727,0.53506887,0.548352242,-0.008737633,0.540727377,0.560209155,-0.0137116117,0.54807955,0.565169215,-0.0160303507,0.552953482,0.567205966,-0.0166400373,0.523320675,0.549875498,-0.00782868732,0.524118,0.563199639,-0.0127516882,0.533086,0.567733824,-0.0133706089,0.540269315,0.568348587,-0.0125721255,0.516524673,0.550400734,-0.00740564428,0.515160263,0.563182294,-0.0115100583,0.522454321,0.568466544,-0.0112990346,0.528726816,0.570357084,-0.00996231474,0.513846,0.549967468,-0.00731026614,0.512539,0.559921384,-0.0102167614,0.516957819,0.565158784,-0.0100833029,0.522167444,0.567752779,-0.00901999697
4449.999999999992,0.717656076,0.540206432,5.98719296e-008,0.701023638,0.544217944,-0.0049733161,0.69201082,0.553545773,-0.00649840431,0.691244,0.5627141,-0.00721826218,0.691429913,0.569863141,-0.00709383376,0.705826581,0.56217283,-0.00417074142,0.700698078,0.573796868,-0.00763630075,0.693908513,0.576002955,-0.00936139748,0.689630032,0.574967682,-0.00947819557,0.715419829,0.562716126,-0.00227257516,0.710203528,0.574475706,-0.00452789571,0.702582359,0.575780034,-0.00531844702,0.698255837,0.574254692,-0.00530614331,0.721912444,0.562141657,-0.00078919,0.717007935,0.572763443,-0.00251739286,0.709524,0.574257255,-0.00210587587,0.704909384,0.573545158,-0.00144162355,0.72531,0.561153054,0.000307671697,0.720504761,0.570419788,-0.000831237587,0.714034855,0.572577178,0.000226849166,0.710100234,0.572488725,0.00157848792
4449.999999999992,0.527894616,0.528905094,-3.21462892e-008,0.543994129,0.534251928,-0.00521488534,0.553525031,0.54353255,-0.00812223,0.557894,0.552609801,-0.0100527247,0.560632229,0.560008109,-0.0111131724,0.536275,0.548882544,-0.00730509218,0.543282568,0.560786128,-0.0116002457,0.550322354,0.565681517,-0.0136951,0.554801226,0.567833424,-0.0142559055,0.524384618,0.550236166,-0.00643608579,0.526574135,0.563634694,-0.0106836157,0.534950256,0.568424463,-0.0115097053,0.541972339,0.569660842,-0.0109920651,0.517247856,0.550342083,-0.00600529928,0.516237319,0.563192666,-0.0097417431,0.522879601,0.568774581,-0.00984532,0.529072762,0.571269393,-0.00885924324,0.514192343,0.549547136,-0.00581107801,0.512511,0.559329331,-0.00844019745,0.516028941,0.564421,-0.00824794546,0.520765662,0.567207754,-0.00724028051
4466.666666666659,0.715506792,0.540486217,4.55529161e-008,0.698787808,0.544473,-0.0047720857,0.690346897,0.553546906,-0.00608467,0.689842,0.56257844,-0.00664379448,0.69018364,0.569611609,-0.00623637857,0.703968585,0.562359035,-0.003534697,0.698485374,0.574168146,-0.00677983323,0.692007363,0.575422406,-0.00827791914,0.688798,0.573529541,-0.008130881,0.713485122,0.562876403,-0.00152740988,0.707835734,0.574845672,-0.00354036363,0.700281,0.575456858,-0.00421186537,0.696799219,0.573196054,-0.0040380843,0.719863296,0.562266,6.46948247e-005,0.714793,0.573134482,-0.00149127585,0.70733279,0.57380259,-0.0010285665,0.703692734,0.572215259,-0.000224632458,0.723033309,0.561231494,0.00131389278,0.718250334,0.570677757,0.000460990443,0.711897314,0.572197795,0.00167126476,0.708707631,0.571318507,0.00315772113
4466.666666666659,0.528807163,0.52902317,-2.5456286e-008,0.544855356,0.534542441,-0.0053707473,0.554140508,0.543706238,-0.00844713487,0.558631599,0.552801788,-0.0104068303,0.562469423,0.560121894,-0.0115565676,0.536848962,0.548600614,-0.00855819136,0.545387685,0.560666382,-0.0132813994,0.552475929,0.565758705,-0.0155301187,0.557112575,0.56826365,-0.0161279012,0.525482416,0.550169945,-0.00755783916,0.529381514,0.563836873,-0.0124197109,0.537200391,0.569228113,-0.013468748,0.54375881,0.571496606,-0.0131249,0.518558145,0.550374866,-0.00689989468,0.518295765,0.5632447,-0.0112302126,0.524267077,0.569240153,-0.0115600945,0.529961169,0.572481871,-0.010602043,0.515463948,0.549595,-0.00643646624,0.513595045,0.559476614,-0.00927671883,0.516703069,0.564725,-0.00911542494,0.521156967,0.567768276,-0.00810477138
4483.333333333326,0.71380049,0.540285528,3.85901e-008,0.696769178,0.544203,-0.00469075795,0.688232839,0.553389907,-0.00617622165,0.687355161,0.562551916,-0.00692995591,0.687496722,0.569690347,-0.00661544967,0.701826096,0.562084854,-0.00401727716,0.696253359,0.574095368,-0.00755885104,0.689953327,0.574896872,-0.00905260351,0.687363803,0.572621703,-0.00879862905,0.711713433,0.562677,-0.00222161599,0.706212401,0.575017333,-0.00451025041,0.698758602,0.575435162,-0.00503560901,0.695905447,0.573003232,-0.00469365483,0.71856153,0.562119722,-0.000824781193,0.713296771,0.573394954,-0.00265724165,0.705929577,0.573867083,-0.00183897,0.702984929,0.572012484,-0.000682593,0.72213912,0.561151743,0.000250091369,0.717044353,0.571018398,-0.000606160669,0.710822761,0.572249115,0.00100900314,0.708334744,0.570937455,0.00282759545
4483.333333333326,0.529174924,0.528995,-2.19935412e-008,0.545112431,0.53439939,-0.00491787,0.554950655,0.543513894,-0.00744865881,0.559993446,0.552620113,-0.00895721372,0.563397,0.559826672,-0.00961063616,0.5383479,0.549091518,-0.00689764554,0.546692729,0.560885191,-0.0111566372,0.55345422,0.566031158,-0.0133070201,0.558023512,0.568680644,-0.0139603019,0.526780188,0.550730348,-0.00603854,0.530977786,0.563858688,-0.0102344,0.537991643,0.5694502,-0.0113386353,0.544096649,0.572237909,-0.011209256,0.519562602,0.550961137,-0.0055906293,0.519709349,0.563116908,-0.00963319,0.52489996,0.569047213,-0.0102620609,0.530248344,0.572596848,-0.00965564419,0.516178668,0.550116956,-0.00530491071,0.51398778,0.559155,-0.00806960743,0.516312838,0.564105332,-0.00806772523,0.520236731,0.567157388,-0.00724733528
4499.999999999993,0.712236226,0.539966762,4.53859279e-008,0.695803881,0.543895066,-0.00462874398,0.687229097,0.553018391,-0.0064805923,0.68614614,0.561939359,-0.00745009072,0.68613714,0.56890732,-0.00743303448,0.701204062,0.561202,-0.00659047347,0.695902884,0.574090362,-0.0104139885,0.689328074,0.575542569,-0.0115124527,0.686428428,0.573268056,-0.0108403899,0.711374462,0.562050641,-0.00478104595,0.706051,0.575228155,-0.0072300816,0.698352933,0.575937092,-0.00741302455,0.695349336,0.573373795,-0.00685685547,0.718394935,0.561863124,-0.00315489457,0.713192761,0.57370156,-0.00480806222,0.705640256,0.574315488,-0.00388111919,0.702525735,0.572375536,-0.00281659211,0.72219491,0.561184108,-0.00178783108,0.717386246,0.571142554,-0.00265480019,0.711032212,0.572616756,-0.00120557705,0.708414257,0.571491301,0.000417657138
4499.999999999993,0.52975291,0.529439151,-1.70005112e-008,0.545640647,0.534607,-0.00475237193,0.555601776,0.543234885,-0.0076391832,0.560453117,0.552141905,-0.0095304409,0.56416,0.559351802,-0.010611522,0.539747,0.549196243,-0.00769089302,0.547369599,0.560809255,-0.0121240513,0.554041624,0.565915585,-0.0142482556,0.558964074,0.56858,-0.0148163,0.528187037,0.550862432,-0.00702038,0.532507777,0.564187765,-0.011261289,0.539693177,0.569961667,-0.0122989062,0.54589963,0.57286495,-0.0121669946,0.520758,0.550992608,-0.00667013181,0.520839632,0.56345886,-0.0107394736,0.526454091,0.569482625,-0.0113703655,0.532134116,0.57295,-0.0107457759,0.517064273,0.550015271,-0.00644623907,0.515428901,0.559495389,-0.00911814347,0.518603921,0.564545,-0.0090373978,0.523187697,0.56743139,-0.00814535748
4516.66666666666,0.71176374,0.539101124,6.1814994e-008,0.694683552,0.54359287,-0.00374988164,0.685641825,0.552318275,-0.00613937946,0.683749437,0.56112504,-0.00763177406,0.683235884,0.568200767,-0.0082185464,0.698620439,0.559030056,-0.00899820123,0.694218218,0.572101951,-0.0130523555,0.687717497,0.574947894,-0.0133017013,0.6840536,0.573697209,-0.0118670892,0.709014893,0.560231686,-0.00781824812,0.704353869,0.574217916,-0.0109240739,0.696150839,0.576567173,-0.0103016617,0.691640615,0.575074255,-0.00890625454,0.716543,0.560453355,-0.00649731141,0.712045193,0.573214769,-0.00847835746,0.703804,0.57537353,-0.00680704601,0.698953331,0.574622154,-0.00505791791,0.721093,0.560075521,-0.00528835831,0.716299593,0.570408881,-0.00621736515,0.709373236,0.573279083,-0.00434906268,0.705357492,0.573283195,-0.00223479839
4516.66666666666,0.530438483,0.529421806,-1.46385615e-008,0.546795189,0.534425855,-0.00464225421,0.55681926,0.543293953,-0.00721475,0.561970174,0.552200258,-0.0087243123,0.565638304,0.559226453,-0.00936380867,0.540182769,0.548971355,-0.00771806296,0.548841238,0.561134636,-0.0117963059,0.555711269,0.566273868,-0.013547902,0.560321748,0.568748057,-0.013840992,0.528742731,0.550655723,-0.00693865167,0.533628225,0.56443727,-0.0112184854,0.541086316,0.570338905,-0.0121912714,0.547454715,0.573215187,-0.0119250799,0.521501541,0.550928,-0.00641918648,0.521688819,0.563482165,-0.0103615886,0.527267,0.569648445,-0.011041115,0.532840192,0.573251,-0.0104557043,0.518009305,0.550094485,-0.00599067099,0.516484439,0.55956471,-0.00839949772,0.519783139,0.564427197,-0.00817057863,0.524482369,0.567146301,-0.007229649
4533.333333333327,0.711508,0.538876534,6.89584354e-008,0.694300652,0.542916894,-0.00349466247,0.684329212,0.55174768,-0.00533733796,0.681339145,0.560147643,-0.00622543972,0.680331588,0.566842794,-0.00618806388,0.69714272,0.559515059,-0.0077032866,0.692721188,0.571774,-0.0110008027,0.686712086,0.574742079,-0.0110250674,0.682779312,0.5736866,-0.00963946525,0.707502067,0.560861111,-0.00640607066,0.702680826,0.574040651,-0.00925038662,0.694824219,0.576731682,-0.00855679438,0.689979434,0.575630188,-0.00705938973,0.715146661,0.561126232,-0.00499074161,0.710531652,0.573269546,-0.00682853116,0.702426434,0.57550168,-0.00516262045,0.697201192,0.574997962,-0.00331544946,0.719898105,0.560641885,-0.003689148,0.714874923,0.570590675,-0.00442328118,0.708248138,0.573218346,-0.0024651459,0.704112351,0.57313782,-0.000219824971
4533.333333333327,0.530683279,0.529072642,-1.92759764e-008,0.54765743,0.534050226,-0.00508505851,0.557982206,0.54293251,-0.0077108657,0.563122332,0.552190542,-0.00913289841,0.567055464,0.559222877,-0.00968855433,0.541446924,0.54880774,-0.00811121054,0.549949944,0.561148167,-0.0121846339,0.556942105,0.566360354,-0.0140169198,0.5619331,0.569066226,-0.0144228488,0.529891491,0.550542533,-0.00704894261,0.535172403,0.564417422,-0.0110932495,0.542584062,0.570247173,-0.0119964816,0.548837781,0.573244035,-0.0117592644,0.522458851,0.550802469,-0.00627588155,0.523165107,0.563399911,-0.0100696664,0.528432608,0.569602787,-0.0107006291,0.533754408,0.573349476,-0.0101600559,0.518785298,0.54996568,-0.00564204482,0.517580509,0.559507847,-0.00798311,0.520727277,0.564376295,-0.00775890844,0.525270104,0.56722647,-0.00686939899
4549.999999999994,0.710997224,0.538075447,8.66128644e-008,0.693653524,0.54214704,-0.00359164411,0.682980537,0.55077821,-0.00570042,0.678623319,0.559218168,-0.00689526,0.677079082,0.565968156,-0.00726946769,0.695599079,0.55877769,-0.00814232,0.690964818,0.570792794,-0.011912494,0.684913874,0.573870897,-0.012371067,0.680546939,0.573096275,-0.011185661,0.706103683,0.560031295,-0.00701730419,0.701494277,0.573322415,-0.0103418324,0.693293571,0.576985359,-0.00982185639,0.687409878,0.576543391,-0.00826382823,0.714079142,0.560064554,-0.00582235679,0.710113585,0.572087705,-0.00803145207,0.701764286,0.575279653,-0.00661632046,0.695459485,0.575497389,-0.00477474602,0.719290614,0.559345484,-0.0047705262,0.714778244,0.569055498,-0.00575931091,0.708326757,0.572238564,-0.00391409639,0.703309238,0.572726309,-0.00161639345
4549.999999999994,0.531913877,0.529102683,-1.82924751e-008,0.548212349,0.534163833,-0.00513635343,0.558836,0.543019891,-0.00770863425,0.564018846,0.552004576,-0.00909449253,0.56864655,0.558931947,-0.00969384331,0.541952,0.548874438,-0.00770422956,0.550902843,0.5605551,-0.0114654554,0.557735801,0.565528393,-0.0133044925,0.562589169,0.56834811,-0.0139730861,0.530785322,0.550719798,-0.0068594804,0.536402583,0.56390512,-0.0107345255,0.543417037,0.569663644,-0.0121803908,0.549502373,0.572923064,-0.0126097389,0.52359581,0.551002324,-0.00631268742,0.523637533,0.563215315,-0.0104531609,0.528142333,0.569578469,-0.0120226415,0.532959044,0.573781192,-0.0123618487,0.519937,0.550045073,-0.00584008545,0.518442512,0.558856666,-0.00888932403,0.520798743,0.563106894,-0.00925404765,0.524493,0.565574169,-0.0089114476
4566.666666666661,0.710484445,0.537532449,9.25571868e-008,0.692720711,0.541332,-0.00372195174,0.681243837,0.549883485,-0.00607413,0.676485181,0.558329701,-0.00726083945,0.673645139,0.565195441,-0.00758215692,0.694091,0.557458639,-0.0100422157,0.688555479,0.569844186,-0.014051374,0.68261534,0.573496699,-0.0137559175,0.678640544,0.572858572,-0.011793294,0.704791903,0.559151649,-0.00873171911,0.699296474,0.57298404,-0.0125365052,0.691321254,0.57682389,-0.0111684361,0.686056674,0.576121271,-0.00863530673,0.713002205,0.55961895,-0.00723591307,0.708500624,0.57190007,-0.00985917076,0.700531185,0.574882865,-0.00742867822,0.694871128,0.574718773,-0.00447500963,0.718598723,0.559188187,-0.00583246164,0.713859439,0.569108486,-0.00712100836,0.707387447,0.571998596,-0.00474773347,0.702697515,0.572106123,-0.00170432311
4566.666666666661,0.532681108,0.528679907,-1.38954031e-008,0.549088717,0.533759117,-0.00532653835,0.560058832,0.542363822,-0.00831520651,0.565718293,0.551285,-0.0101726325,0.569993377,0.558121085,-0.0113344351,0.543108642,0.548626721,-0.00800570659,0.552100718,0.560355246,-0.0123263644,0.559214234,0.565333903,-0.0148491152,0.564671874,0.568062,-0.0159214213,0.532116175,0.55037,-0.00726232398,0.537606835,0.563642383,-0.0114068668,0.544791102,0.569649279,-0.0134230834,0.551124513,0.573110163,-0.0143414466,0.524929583,0.550480962,-0.00682615815,0.524308264,0.563038588,-0.0112041198,0.528749108,0.569836855,-0.0132651152,0.533624113,0.574265,-0.0140260337,0.521221519,0.549302876,-0.00644875085,0.519312441,0.558398783,-0.00974129792,0.521431,0.56294328,-0.010278875,0.524993122,0.565635204,-0.0100910133
4583.333333333328,0.709236205,0.536795557,9.71595284e-008,0.691173077,0.540482,-0.004180321,0.679343581,0.548519552,-0.00684971549,0.67401135,0.557023168,-0.00839177612,0.671458125,0.564070463,-0.0091335224,0.691970825,0.556992352,-0.00918719824,0.685732603,0.568930745,-0.0135185933,0.679897249,0.572412908,-0.0143797593,0.675714672,0.572199762,-0.013381171,0.702496171,0.558942854,-0.00775980484,0.696882546,0.572272122,-0.0114316074,0.689148903,0.576220572,-0.0107114771,0.683616817,0.576070249,-0.00887985,0.710612833,0.559458613,-0.00631094491,0.706237257,0.571308196,-0.00876055099,0.698561311,0.574746728,-0.00702880416,0.692543387,0.575258851,-0.00479176315,0.716052473,0.558971405,-0.00504507916,0.711643755,0.568540275,-0.00611928804,0.705517173,0.571725249,-0.00406634249,0.700477481,0.572284341,-0.00144288526
4583.333333333328,0.534608,0.528850913,-7.83578e-009,0.550822318,0.533875585,-0.00541034341,0.561694145,0.542288125,-0.00831321534,0.567629635,0.550966144,-0.010009313,0.572038114,0.557695925,-0.0110673914,0.544155598,0.549187183,-0.00812393334,0.554831147,0.560463071,-0.0118532116,0.562628508,0.565177321,-0.0141333025,0.56817019,0.567981958,-0.0152617125,0.533217,0.551027894,-0.00707259448,0.540063262,0.563850462,-0.0108619053,0.54755038,0.569958746,-0.0128283994,0.554075778,0.573769808,-0.0139203509,0.526316166,0.550949156,-0.00624540355,0.525860906,0.563139379,-0.0105074402,0.529507697,0.569923699,-0.0128014171,0.533810794,0.574545145,-0.0139171844,0.523142397,0.549491644,-0.00544668641,0.520050287,0.557669342,-0.00893462077,0.521072388,0.561750352,-0.00974626373,0.523750722,0.564201415,-0.00985464733
4599.9999999999945,0.708611131,0.53626889,1.14231092e-007,0.690227,0.539469,-0.00494945142,0.677244186,0.546987355,-0.00823020749,0.672143459,0.555389166,-0.0102385376,0.668765664,0.562498927,-0.0115152607,0.69089359,0.554628909,-0.0117518008,0.682886839,0.567082226,-0.0169857237,0.676183164,0.571329832,-0.0178518202,0.671261609,0.571840942,-0.0166398026,0.70157665,0.556785107,-0.0101285568,0.694433093,0.570989251,-0.0149274282,0.68602407,0.575544834,-0.0141203459,0.679890931,0.57574,-0.0118824346,0.709424734,0.557715476,-0.00844159909,0.703459442,0.570517182,-0.0117863538,0.695404947,0.574271679,-0.0098087946,0.689083457,0.575062931,-0.00704083499,0.71448034,0.557743847,-0.00694986805,0.708979189,0.567977846,-0.00862762332,0.702203155,0.571522534,-0.00659004,0.696781456,0.572424114,-0.00373803335
4599.9999999999945,0.534702241,0.529667795,-1.42086858e-008,0.551245689,0.534114659,-0.00567377592,0.562970102,0.541881263,-0.00893511623,0.569209278,0.550572157,-0.0109729143,0.574954569,0.557108402,-0.0124596963,0.545618117,0.549163,-0.00856095087,0.556382835,0.559805512,-0.0124236038,0.56405139,0.564571619,-0.0148603162,0.569845319,0.567614079,-0.016246995,0.534958065,0.55135566,-0.00760129746,0.542109966,0.563681483,-0.0116230603,0.549423933,0.569936872,-0.0139292097,0.55590409,0.574027956,-0.0154184075,0.527943552,0.551613748,-0.0068731606,0.526908457,0.563165367,-0.0115231685,0.530011892,0.570320785,-0.0143126333,0.534001231,0.575338781,-0.015854625,0.524211884,0.550388038,-0.00615689112,0.521587491,0.557954729,-0.00987777,0.522629082,0.561798334,-0.0109042302,0.525235713,0.564101934,-0.0112710316
4616.6666666666615,0.706909597,0.535102487,1.25696488e-007,0.688129842,0.537826538,-0.00553104701,0.674142182,0.544946,-0.00935770944,0.668750286,0.553534806,-0.0117726596,0.664860725,0.56080091,-0.0134386839,0.687552452,0.551894248,-0.0140557624,0.679596,0.564641953,-0.0204974636,0.672424197,0.569299579,-0.0216752,0.666719139,0.570095718,-0.0204302799,0.698485792,0.554623,-0.0124084251,0.691118,0.569325328,-0.0187328942,0.682266355,0.574243784,-0.0181437545,0.675489724,0.57435447,-0.015627889,0.706501663,0.556107104,-0.0106531167,0.700059533,0.569317937,-0.0152143361,0.691764414,0.573543072,-0.0131743681,0.685033,0.574244201,-0.00986063,0.711902499,0.556490242,-0.00909710489,0.706750095,0.567206562,-0.0115629872,0.699711502,0.571116507,-0.00961342268,0.693721652,0.571887255,-0.00644405233
4616.6666666666615,0.535882354,0.529539824,-2.65742184e-009,0.552709579,0.533505261,-0.00584055716,0.564616859,0.541124046,-0.00915623363,0.571326554,0.549730599,-0.011159149,0.577155948,0.556253552,-0.0126025826,0.547525406,0.54880774,-0.00870208722,0.55857873,0.559512377,-0.0125995465,0.566694081,0.563995242,-0.015067718,0.572597146,0.566704214,-0.0164513849,0.536923528,0.551034093,-0.00773055945,0.544205725,0.563688457,-0.0116547262,0.551953137,0.569767475,-0.0139562842,0.558515787,0.573683798,-0.0153927393,0.530080616,0.551128507,-0.00700146472,0.528672457,0.563190043,-0.0116884513,0.53179884,0.570213079,-0.0145199541,0.535649836,0.575107098,-0.0161016881,0.526592672,0.549594879,-0.0062614074,0.522777319,0.557035863,-0.0103004621,0.523009956,0.561034,-0.011535814,0.525114775,0.563653529,-0.0120126987
4633.3333333333285,0.70473063,0.53451,1.29046143e-007,0.685488045,0.536622882,-0.00478853751,0.671393871,0.543062389,-0.00833651423,0.665140331,0.551230669,-0.0106306365,0.660753369,0.558109403,-0.0122630913,0.683315098,0.551115453,-0.0127202645,0.673095644,0.563220561,-0.0187368076,0.665377319,0.567596436,-0.0199519433,0.659889281,0.568350554,-0.0188667886,0.694455,0.55415684,-0.0113981422,0.685363114,0.567829132,-0.0170827918,0.676326454,0.572598875,-0.016521439,0.669754922,0.573184609,-0.0142902564,0.702880561,0.555732191,-0.0099607734,0.695112,0.56827265,-0.0140769919,0.686555564,0.572536707,-0.0122716958,0.679680347,0.573531032,-0.00940095,0.708415687,0.556112111,-0.00866809394,0.702151358,0.566200852,-0.0110227019,0.695154846,0.569904745,-0.00921077281,0.689459383,0.570743084,-0.00628259033
4633.3333333333285,0.537398279,0.529701948,-4.993852e-009,0.554439366,0.533299685,-0.00597460289,0.56689328,0.540760279,-0.00931037497,0.574281812,0.549155951,-0.0112786628,0.580194414,0.555448353,-0.0126833217,0.549971282,0.549018562,-0.00955268834,0.562339604,0.559895158,-0.0132980393,0.570907414,0.564225495,-0.015542618,0.57703954,0.567069232,-0.0168293528,0.539218485,0.551346362,-0.00835706852,0.5479725,0.564012349,-0.0124373632,0.556172371,0.569878459,-0.0143890288,0.562924862,0.57380718,-0.0155328009,0.5322662,0.551424205,-0.00735312048,0.532050729,0.56353718,-0.0120974304,0.53529036,0.570534706,-0.0146403257,0.539155185,0.575446546,-0.0159767047,0.528529167,0.549951553,-0.00635710126,0.524826884,0.557716727,-0.0103234835,0.525341451,0.561635375,-0.0114216832,0.527874947,0.564142287,-0.0118123312
4649.999999999995,0.700621247,0.533682287,1.2418073e-007,0.681359053,0.535434783,-0.00406289473,0.666958332,0.541146,-0.00733803445,0.660439312,0.549058735,-0.00949362572,0.655026078,0.555518031,-0.0111490367,0.67752409,0.549405038,-0.011573066,0.666330576,0.560290158,-0.0166065637,0.659391165,0.564555943,-0.0174821634,0.654778481,0.565534115,-0.0165156983,0.689010262,0.552747309,-0.0105731441,0.679415107,0.565982819,-0.0151858069,0.671079934,0.570644081,-0.0144134639,0.665202498,0.571306,-0.0124931829,0.698075831,0.55447036,-0.00940131396,0.690195322,0.566690743,-0.0128013771,0.681997478,0.570906937,-0.0113597577,0.675424635,0.571829855,-0.00921388436,0.704435229,0.554874599,-0.00828344,0.698388457,0.564455569,-0.010224307,0.691616178,0.567694187,-0.00855283346,0.686249733,0.568150461,-0.00609974423
4649.999999999995,0.538812399,0.529183328,-3.10210657e-009,0.555695891,0.532864809,-0.0054645068,0.56884,0.540124,-0.00876676664,0.576799214,0.548275709,-0.0109092165,0.582837284,0.554672182,-0.0125614358,0.553059399,0.549079895,-0.00860211719,0.565090895,0.559202194,-0.012911112,0.57359457,0.563554108,-0.0158623643,0.580047429,0.566349566,-0.0176497344,0.54289031,0.551476479,-0.00809055,0.551555514,0.563688,-0.0124324523,0.559540868,0.569708705,-0.0150165698,0.566298604,0.573794961,-0.0166773852,0.535716355,0.5514099,-0.00782807451,0.535099,0.563258946,-0.0128672933,0.53796041,0.570430338,-0.0158619843,0.541650295,0.575653672,-0.0175659452,0.531185925,0.549524784,-0.00755083514,0.526958644,0.557076514,-0.0118211312,0.526973307,0.561376393,-0.0131463232,0.529033482,0.564427912,-0.0137085365
4666.666666666662,0.696288824,0.532557547,1.33581011e-007,0.676879227,0.533511698,-0.00434102351,0.662253559,0.538534045,-0.00784940924,0.655212522,0.546548784,-0.0103176432,0.648743451,0.552892625,-0.0124847814,0.67054975,0.548167348,-0.0111430176,0.657628775,0.558441281,-0.0160303507,0.650269151,0.562349796,-0.0173358638,0.645208359,0.563459754,-0.0169807523,0.681895375,0.551914871,-0.0103354445,0.670840085,0.564039469,-0.014215894,0.662138104,0.568305075,-0.013895872,0.655921,0.569155157,-0.012822439,0.691550076,0.553659916,-0.00945126638,0.68303287,0.565095484,-0.0124655673,0.67448765,0.569189668,-0.0118489573,0.66752,0.570201218,-0.0108075524,0.698947906,0.553966343,-0.00864991639,0.693995476,0.563168287,-0.0109041287,0.687739611,0.565859,-0.00986999273,0.682480872,0.565899551,-0.00812386349
4666.666666666662,0.541187048,0.529655516,6.59109123e-009,0.55838412,0.533040166,-0.00525499554,0.571546495,0.539950848,-0.0084619727,0.579924166,0.547805905,-0.0103909951,0.586498439,0.553880692,-0.0117937634,0.556798875,0.549159706,-0.00871151499,0.569490135,0.559184313,-0.012238699,0.577959895,0.563321829,-0.0143983457,0.584128499,0.566094875,-0.015656542,0.546218753,0.551576793,-0.00791546889,0.555505455,0.563728,-0.0117506487,0.563574314,0.569420815,-0.0137114245,0.570167422,0.573283,-0.0148938987,0.538818359,0.551449478,-0.00724638347,0.538795471,0.563390315,-0.0118407905,0.541939259,0.570501685,-0.0143341683,0.545648396,0.575698674,-0.0156641603,0.534332454,0.54958111,-0.00648834882,0.530666,0.557226837,-0.0101568745,0.530801415,0.561554313,-0.0109791569,0.532688439,0.564671695,-0.0112082455
4683.333333333329,0.692878425,0.52982831,1.23534676e-007,0.673183382,0.53079927,-0.00399109581,0.65681541,0.535665035,-0.00705127465,0.648178339,0.543185413,-0.0090055326,0.641047657,0.549315155,-0.010610031,0.665171623,0.543720543,-0.0109662274,0.651632428,0.553548694,-0.0150966188,0.643712282,0.557546794,-0.0157276578,0.637738347,0.559254169,-0.0151992803,0.67610985,0.548035204,-0.0102574024,0.663783967,0.560204625,-0.0140984599,0.654777765,0.564717472,-0.0136703635,0.64820224,0.566076,-0.0125281792,0.685362,0.550519526,-0.00938536786,0.676147342,0.562120318,-0.0123928711,0.667281508,0.566441834,-0.0119621241,0.659835875,0.568041205,-0.0110615445,0.692312,0.551489234,-0.0085637616,0.686833441,0.560643077,-0.0105775576,0.680603,0.563600421,-0.00974956527,0.675124466,0.564208567,-0.00835470483
4683.333333333329,0.543618,0.529513597,7.80675347e-009,0.561022282,0.532847643,-0.0050359997,0.574654162,0.539568186,-0.00804567523,0.583352447,0.547151387,-0.00984022859,0.589682817,0.553189099,-0.0111207673,0.560229301,0.548879743,-0.00831853412,0.573021293,0.558255255,-0.0120104784,0.581491172,0.562463939,-0.014350323,0.587955594,0.565382063,-0.0157415271,0.550050855,0.551474571,-0.00783714,0.559817493,0.563348234,-0.0117739672,0.567898512,0.569065034,-0.0138482749,0.574492574,0.572877049,-0.0150446957,0.54262805,0.551443219,-0.00750776706,0.542930365,0.563146651,-0.0123753734,0.546346,0.570161045,-0.0149975736,0.55031985,0.575238943,-0.0163083896,0.537844121,0.549492717,-0.00708315,0.534231722,0.557114542,-0.0110960137,0.534491301,0.561500371,-0.0119667128,0.536479533,0.564558268,-0.0121135982
4699.999999999996,0.688496888,0.52810514,1.21290498e-007,0.668255568,0.528354347,-0.00291244336,0.651341,0.532911,-0.00543526327,0.642011106,0.540206492,-0.00702924281,0.63463676,0.546103716,-0.00841506477,0.658117115,0.541428745,-0.0102184601,0.643586397,0.550464213,-0.0141569963,0.635442853,0.554186583,-0.0147984326,0.629650533,0.555621147,-0.0142742107,0.668399215,0.54592216,-0.00998741109,0.654717743,0.557345569,-0.0131938364,0.645378828,0.561643064,-0.0126011632,0.638861418,0.562948406,-0.0115332557,0.677651465,0.548602402,-0.00948985759,0.666722476,0.559879541,-0.011890322,0.657804668,0.563904762,-0.0112703005,0.650506496,0.565201402,-0.0104380632,0.685213208,0.549702108,-0.00897934847,0.679556251,0.559053361,-0.0109032141,0.673311472,0.561988592,-0.0101670008,0.66767627,0.562504172,-0.00885895733
4699.999999999996,0.546677649,0.529956758,6.07639228e-009,0.56403625,0.532621145,-0.00459875399,0.577642441,0.538889587,-0.00754893851,0.586625516,0.54627496,-0.00940433517,0.593481064,0.552217722,-0.0107152909,0.564314485,0.548511446,-0.0079361666,0.577662945,0.557994902,-0.0113575412,0.585996866,0.562099218,-0.0133148357,0.59218967,0.564830601,-0.0143950647,0.554017484,0.55133462,-0.00756673096,0.564278364,0.563044,-0.0112942681,0.572734952,0.568601,-0.0131595181,0.579595327,0.572292149,-0.0142105771,0.546241283,0.55156064,-0.0073230546,0.547103226,0.563480437,-0.0119820563,0.551073313,0.570471942,-0.0145633332,0.555583358,0.575415611,-0.0158563387,0.540886223,0.549884498,-0.0069307792,0.537694812,0.557693,-0.010620988,0.538758337,0.561841965,-0.0114221778,0.541737556,0.564560831,-0.0115525285
4716.666666666663,0.682934642,0.526140928,1.250868e-007,0.662773907,0.525762081,-0.00309019978,0.645439386,0.529236436,-0.00599480746,0.63505882,0.536479115,-0.00782878138,0.627204776,0.5426296,-0.0093765147,0.650201857,0.538194537,-0.0106847892,0.634817481,0.546800137,-0.0145561118,0.627232492,0.550362349,-0.0149552925,0.622430801,0.551796615,-0.0141909728,0.660433173,0.543129504,-0.0104336692,0.644895911,0.554467797,-0.0139964083,0.635541201,0.558671236,-0.0132872928,0.629476726,0.560130775,-0.0119412327,0.669944644,0.546259046,-0.00990647636,0.657652736,0.557642102,-0.012577326,0.648297369,0.561455727,-0.0119484961,0.641017437,0.562601149,-0.0109295473,0.678052843,0.547680199,-0.00931679,0.669991255,0.557242334,-0.011056859,0.663215399,0.559554875,-0.0099471882,0.657600939,0.55941385,-0.00830929913
4716.666666666663,0.549372196,0.529316127,1.34019826e-008,0.56725055,0.532061279,-0.00401832815,0.58112216,0.538579345,-0.00659892894,0.590500832,0.545751,-0.00830824,0.597916365,0.551371276,-0.00951785594,0.569264174,0.548355103,-0.0057332674,0.581899822,0.557206213,-0.00915244,0.589865863,0.561293542,-0.0115045393,0.595913291,0.5639835,-0.0128761092,0.558974743,0.551089466,-0.00597178424,0.568413734,0.562395811,-0.00948712602,0.57678616,0.567956388,-0.0116640404,0.58381623,0.571766734,-0.012928769,0.550813,0.551249325,-0.00648002932,0.551491678,0.563028097,-0.0110363634,0.555375159,0.570135236,-0.0136608025,0.559798717,0.575328,-0.0149840824,0.544911444,0.549408913,-0.00685421471,0.542146564,0.557397544,-0.0103874896,0.542942464,0.561973572,-0.0109488228,0.545562506,0.565239,-0.0109137408
4733.33333333333,0.677287579,0.523020387,1.23288686e-007,0.657222,0.522172451,-0.00186689734,0.639946222,0.525753677,-0.00420327485,0.628431201,0.532094896,-0.00588379055,0.62066555,0.537924588,-0.00737182889,0.641456246,0.535253227,-0.00909674633,0.623799741,0.543330848,-0.0131206913,0.616129935,0.546790779,-0.0138071422,0.612569153,0.547915101,-0.0130407382,0.651254416,0.540526867,-0.00940271374,0.63470161,0.55130136,-0.0126166195,0.625564337,0.555032,-0.011797348,0.620348692,0.556160331,-0.010317022,0.661209643,0.54389,-0.00944704283,0.648255944,0.554855347,-0.0115541145,0.638992548,0.558351338,-0.0104709212,0.632268548,0.559212685,-0.00919377618,0.670002341,0.545495927,-0.00937863905,0.660663486,0.554500103,-0.0104582179,0.653822422,0.556683362,-0.00874760468,0.6485309,0.556594372,-0.00667047827
4733.33333333333,0.551931441,0.528588,1.4088597e-008,0.57023406,0.531201601,-0.00348865381,0.584767818,0.537459075,-0.00580021646,0.594185352,0.544622123,-0.00730286445,0.601508796,0.550315917,-0.00826332904,0.573393643,0.54768914,-0.00532487826,0.586326718,0.556537867,-0.00831474178,0.594458878,0.560553908,-0.0102718202,0.600690722,0.563287377,-0.0114050973,0.5626598,0.550533354,-0.00561815547,0.572966337,0.561822474,-0.00884317514,0.581118405,0.567284167,-0.0107190385,0.587846518,0.570999265,-0.0117777502,0.554173291,0.550924659,-0.00611570897,0.556039929,0.562794328,-0.0103733605,0.56054163,0.569693685,-0.0128156561,0.565608263,0.57450366,-0.0139911035,0.547869205,0.549392641,-0.00645629596,0.545839965,0.557809353,-0.00966155622,0.547367334,0.562238,-0.0101793595,0.55076617,0.565157652,-0.010111467
4749.999999999997,0.671492934,0.520488858,1.15005477e-007,0.650977612,0.519066453,-0.00119861634,0.633124,0.522143126,-0.00324550946,0.621382713,0.528548479,-0.00470728613,0.61276406,0.533939838,-0.00602781773,0.633249402,0.531112134,-0.00866693258,0.614895821,0.538420558,-0.0125393346,0.606553435,0.542289495,-0.0132377734,0.602212369,0.544146478,-0.0127372565,0.642589,0.536838591,-0.00941150077,0.625277698,0.547640443,-0.0127987191,0.615962684,0.55138272,-0.0122202495,0.610289097,0.552763581,-0.0110771498,0.652269959,0.540752411,-0.00975708,0.639038861,0.551526248,-0.0118963588,0.629976,0.554941118,-0.0108667258,0.623223662,0.555960178,-0.00981789734,0.661123693,0.542817175,-0.00994498,0.651328385,0.551351607,-0.0106844855,0.644717634,0.553292,-0.00869280659,0.639773488,0.553229928,-0.00666399952
4749.999999999997,0.554348946,0.528472126,1.75362158e-009,0.57370311,0.53105,-0.00246650702,0.588819146,0.537217855,-0.00412027678,0.597694397,0.544570327,-0.00508957496,0.604860604,0.549805224,-0.00556454808,0.576041698,0.547185719,-0.00525750965,0.590584636,0.555757523,-0.00757705374,0.59906894,0.559669852,-0.00890074484,0.605562508,0.562479079,-0.00964872446,0.565662742,0.550485,-0.00561203668,0.577556372,0.561424553,-0.00881056394,0.586184,0.566764891,-0.0104610259,0.593264401,0.570553184,-0.0113290036,0.557557106,0.551253915,-0.00591017539,0.560296953,0.562985659,-0.0101100635,0.565452,0.569886088,-0.0124674877,0.570906222,0.574557841,-0.0134626832,0.551612139,0.550005,-0.00590851903,0.550598323,0.55879879,-0.00862040929,0.553717136,0.562791884,-0.00870106462,0.55818975,0.564951599,-0.00832116231
4766.666666666664,0.665212572,0.518426,1.12235291e-007,0.645375729,0.516912341,-0.00104467093,0.626675665,0.518897,-0.00318168337,0.614661217,0.524465919,-0.00492532551,0.606679201,0.529777586,-0.00661541615,0.626436,0.527393639,-0.00910082925,0.607925415,0.533673048,-0.0135675315,0.598428,0.536312044,-0.0147802588,0.592663169,0.537105203,-0.0145461094,0.634902656,0.533388555,-0.0102192024,0.616859198,0.543622136,-0.0138015524,0.607401907,0.546746194,-0.0135002322,0.601973355,0.547433257,-0.0125506092,0.643792,0.537690461,-0.0109103713,0.629683256,0.547818482,-0.012964081,0.620480776,0.5506019,-0.0118035637,0.613893,0.550962925,-0.0106872488,0.65240252,0.540167689,-0.0115060788,0.641501367,0.548122466,-0.0121679567,0.634598,0.549741507,-0.0100149903,0.629755199,0.549445808,-0.00785319135
4766.666666666664,0.557289898,0.527902,-8.58552784e-009,0.575775564,0.530074656,-2.69149859e-005,0.589933455,0.535541415,-0.000520089641,0.599238157,0.540378,-0.000725665304,0.605419457,0.543268144,-0.000814069,0.580301106,0.545828402,-0.00503438106,0.594466567,0.554848194,-0.00759112,0.603322387,0.558918417,-0.00879597105,0.610131145,0.561467648,-0.00924059562,0.570475101,0.549307466,-0.00657930877,0.582351267,0.560632885,-0.00934471749,0.591272414,0.565922141,-0.0105375955,0.598622859,0.56938684,-0.011016652,0.562122703,0.550301909,-0.00781859457,0.565290034,0.562383771,-0.0113051571,0.570515,0.569308698,-0.0135274567,0.576029778,0.573939264,-0.014591001,0.555897593,0.548979819,-0.00858185254,0.554450691,0.557755291,-0.011006603,0.55721879,0.561886489,-0.0110402936,0.561548591,0.564064324,-0.01068376
4783.333333333331,0.659223855,0.515039563,1.14027273e-007,0.639313042,0.513455153,-0.000801786722,0.621353209,0.515785694,-0.00293691969,0.60867542,0.520691514,-0.00494385324,0.599400938,0.525333643,-0.00721014244,0.617944479,0.523315966,-0.00804921146,0.600064278,0.529406786,-0.0124723157,0.58994776,0.533010423,-0.0143892942,0.582806766,0.53541857,-0.0150747541,0.625793517,0.52936089,-0.00976200867,0.607803822,0.538397,-0.0131599316,0.59781146,0.542381048,-0.0137280896,0.591146231,0.54486227,-0.0137860896,0.635005832,0.533807337,-0.0111058615,0.620598,0.543070257,-0.0132257445,0.611589789,0.546546221,-0.0126340808,0.60490191,0.548037887,-0.0121613769,0.64471066,0.53653878,-0.0123906508,0.633852601,0.54428494,-0.013500208,0.62718159,0.546358645,-0.0117722135,0.622363508,0.546673656,-0.0100716809
4783.333333333331,0.560430467,0.52702868,2.97742506e-008,0.577841878,0.529230177,-0.0032554192,0.592497945,0.534469664,-0.00579958269,0.603034854,0.538856745,-0.00766569469,0.610673249,0.542207,-0.0091825258,0.583805621,0.544685543,-0.00791098736,0.598373234,0.553522885,-0.0117079904,0.607202649,0.558160067,-0.0136234956,0.613689542,0.561274827,-0.0144444788,0.574074566,0.548388362,-0.00849301834,0.585953891,0.559571862,-0.0120152859,0.594773352,0.565056443,-0.0133694028,0.601822257,0.568669736,-0.0139107,0.566065073,0.549699783,-0.00911967549,0.569997966,0.561573207,-0.0129594728,0.575582325,0.568127,-0.0147434985,0.581516683,0.572418809,-0.0154044377,0.55974865,0.548768699,-0.00966620725,0.559754193,0.557768404,-0.0122633148,0.562731802,0.561908066,-0.0119558536,0.567484796,0.56384927,-0.0111691775
4799.999999999998,0.653055608,0.512837529,1.10227624e-007,0.633424,0.510759473,-0.000223864612,0.615433276,0.51256758,-0.00215975079,0.602592826,0.51638484,-0.00398798753,0.59301877,0.518931806,-0.00622155936,0.612743199,0.518918037,-0.00880104303,0.593791783,0.524197936,-0.0132755078,0.582835913,0.527947307,-0.0152405277,0.575355351,0.530754209,-0.016119048,0.619559765,0.525384724,-0.0108473869,0.600126863,0.534103572,-0.0144000156,0.589823723,0.538253248,-0.0152314054,0.582774758,0.541131198,-0.0156314559,0.627755,0.530404747,-0.0123340357,0.611904323,0.539039135,-0.0144697018,0.60240835,0.542530179,-0.01424,0.595167339,0.54442662,-0.0142441932,0.636651874,0.534017444,-0.0136888241,0.625371397,0.541538894,-0.0149463061,0.61870414,0.544185758,-0.0136372726,0.61350286,0.545479178,-0.0124338679
4799.999999999998,0.563105404,0.525036097,2.69739786e-008,0.582601368,0.527602434,-0.00283081806,0.598413825,0.534003615,-0.00412737811,0.609838486,0.539001584,-0.00501321955,0.618435919,0.54257673,-0.00586381368,0.58794421,0.54307723,-0.00480520632,0.601864517,0.551584661,-0.00833960902,0.610087216,0.55645,-0.0106098568,0.616451144,0.559927106,-0.0118792681,0.578429699,0.546678245,-0.00587000465,0.58982265,0.557656527,-0.0092629781,0.598710418,0.563634276,-0.0117610088,0.606184781,0.567517161,-0.0133288084,0.570356786,0.548203528,-0.00717356708,0.574915171,0.56005,-0.0114700785,0.580579698,0.566537321,-0.0145214666,0.586236835,0.570667148,-0.0160739459,0.563603103,0.547906458,-0.00835681,0.565316856,0.556828201,-0.0119763063,0.568229,0.561202049,-0.0127813686,0.572268069,0.563268661,-0.0128140822
4816.666666666665,0.644725561,0.511121571,1.17628176e-007,0.626855314,0.508066177,-0.00198944588,0.608818173,0.509194434,-0.00470121624,0.595665812,0.512803376,-0.00730036106,0.585326791,0.516012192,-0.0103975404,0.602738559,0.517004907,-0.00866681244,0.584472299,0.521466672,-0.0137487166,0.57311523,0.524428,-0.0166766737,0.565188885,0.526605904,-0.018347146,0.609081924,0.523146927,-0.0104379253,0.590707123,0.529804289,-0.0143923815,0.579777062,0.53300488,-0.0164110716,0.571607888,0.535471439,-0.0178606883,0.617965519,0.528169513,-0.012010742,0.601468325,0.535877883,-0.0153623261,0.591589093,0.539461076,-0.0168116335,0.583784223,0.541824341,-0.0180488396,0.627695203,0.531979918,-0.0135355936,0.616091609,0.538953125,-0.0168183167,0.610592,0.542001724,-0.0172424726,0.607186377,0.544079602,-0.0171729214
4816.666666666665,0.568078876,0.525592625,4.13230232e-008,0.586215,0.527990758,-0.00445614709,0.602228582,0.534542263,-0.00655904924,0.614159226,0.540419757,-0.00792748388,0.624174953,0.544873834,-0.00892679766,0.592668295,0.542205393,-0.00602308568,0.607266188,0.550894,-0.00972331,0.615799367,0.555690408,-0.0117286267,0.622066617,0.559011161,-0.01269673,0.5830248,0.546139717,-0.00605017552,0.595313966,0.557326615,-0.00903393887,0.604317129,0.563290715,-0.0108428374,0.611628056,0.56691128,-0.0119963158,0.574593842,0.547952771,-0.00648180209,0.580224872,0.560005665,-0.0103291469,0.586120605,0.566142678,-0.0124170324,0.592264116,0.569670081,-0.0133409677,0.567256689,0.548090756,-0.00698576635,0.568965912,0.557025433,-0.0103635592,0.57220906,0.561336219,-0.0109617347,0.576824,0.563095152,-0.0108061945
4833.333333333332,0.637744963,0.50907284,1.10096813e-007,0.620204866,0.505343,-0.00115462136,0.602468252,0.505801141,-0.00354305119,0.589377522,0.509078562,-0.00595398946,0.580350459,0.512447,-0.00885069463,0.596054137,0.51370579,-0.00844787061,0.577521801,0.517464638,-0.0142594334,0.567459881,0.519554853,-0.0174166616,0.56226027,0.520537198,-0.0187356602,0.601917088,0.520035684,-0.0104514426,0.58280319,0.526414,-0.0151220551,0.57198,0.529422879,-0.0172840599,0.565426707,0.531177342,-0.0185251329,0.61002326,0.525293708,-0.0122547681,0.592593849,0.532496691,-0.0156465322,0.5821141,0.535659075,-0.0169438235,0.57463938,0.537205935,-0.0178109743,0.619014859,0.529380322,-0.0139363119,0.605258,0.535714686,-0.0166873932,0.596307695,0.538498044,-0.0170162041,0.589325249,0.53992933,-0.0168018173
4833.333333333332,0.570590496,0.526203632,3.30710428e-008,0.589721799,0.527117431,-0.00449898094,0.607087672,0.532865822,-0.0068836743,0.618984,0.538630843,-0.00838381704,0.627967715,0.543427408,-0.009497324,0.597790658,0.541497707,-0.0073538404,0.612518132,0.550710142,-0.0110747404,0.621365786,0.555667579,-0.0129111903,0.627647579,0.558783054,-0.0137155605,0.587867141,0.54569155,-0.00739526656,0.600627184,0.556640923,-0.0102683371,0.610077858,0.5623523,-0.0117257396,0.61750412,0.565603793,-0.0126269627,0.579138,0.547775865,-0.00774472812,0.586128771,0.559686303,-0.0112409908,0.59303838,0.565663159,-0.0128699252,0.599598467,0.569032371,-0.0136309098,0.571611941,0.548082471,-0.0081676608,0.575035155,0.556852698,-0.0113684945,0.578779459,0.560363591,-0.0114735961,0.583156943,0.561350226,-0.0109499171
4849.999999999999,0.633263707,0.506053865,1.07416774e-007,0.614896357,0.502868056,-0.000461557705,0.597297192,0.503415942,-0.00253587,0.584354401,0.50659579,-0.00457167206,0.575278223,0.509613574,-0.00714285951,0.594988167,0.509782672,-0.00912405085,0.576449156,0.513265,-0.0142652839,0.565297365,0.515921891,-0.0167745836,0.558125079,0.517793477,-0.0179011244,0.599829555,0.516079,-0.0113686211,0.57846415,0.522846818,-0.0152792493,0.566463888,0.526328623,-0.0168435592,0.55921185,0.528447866,-0.017761128,0.606762111,0.521208048,-0.0131484913,0.588240862,0.528648317,-0.0160524808,0.577743888,0.531777382,-0.0174265187,0.570581615,0.533265471,-0.0185136627,0.614971459,0.525034666,-0.0146671059,0.603351355,0.531445503,-0.0173843317,0.596178055,0.5343014,-0.0178925525,0.590829849,0.535953462,-0.0179242138
4849.999999999999,0.574711561,0.526831031,3.87093237e-008,0.593661,0.526955128,-0.00512697641,0.609944046,0.531887531,-0.00818258151,0.620904624,0.538625717,-0.00992619898,0.630054712,0.544261,-0.0111017413,0.600860238,0.541327357,-0.00959310587,0.617024,0.550449431,-0.0134554924,0.626107037,0.554985046,-0.0150492257,0.632460952,0.557964742,-0.0156105766,0.590839565,0.545278192,-0.00927563384,0.605321169,0.556453049,-0.0123533048,0.614818275,0.561630189,-0.0133328727,0.621975422,0.564698637,-0.0138378199,0.58242631,0.547097206,-0.00916398,0.590459108,0.559215188,-0.0126132844,0.597597063,0.56504041,-0.0136399809,0.604076087,0.568498373,-0.0140343904,0.575267494,0.547091782,-0.00913404,0.578473806,0.556001186,-0.0118716042,0.582152247,0.55980283,-0.011628286,0.586648464,0.561435759,-0.0109698419
4866.666666666666,0.627577245,0.505091727,8.57313793e-008,0.610167384,0.500951052,9.71860136e-005,0.591756,0.500875056,-0.00125709036,0.578722298,0.504082918,-0.00275304564,0.5699718,0.507045448,-0.00460352097,0.586304545,0.507945478,-0.00612751208,0.567368209,0.510741472,-0.010643593,0.55877459,0.513132513,-0.0128032435,0.555721462,0.514805436,-0.0133578824,0.590706885,0.514082432,-0.00827534776,0.570221424,0.519903064,-0.0111754127,0.561064243,0.522897,-0.0120834084,0.557986379,0.524602234,-0.0122653916,0.597860396,0.519195735,-0.0101673929,0.580181181,0.52643609,-0.012145496,0.571311176,0.529722393,-0.0127124349,0.566645324,0.53122,-0.0130933523,0.60694629,0.523354173,-0.0117880534,0.59549129,0.529830813,-0.013476043,0.589191139,0.532226682,-0.0130215017,0.585127,0.533117056,-0.0122080594
4866.666666666666,0.577994,0.527534664,2.80475021e-008,0.595706224,0.527133584,-0.00516641,0.611779094,0.531454265,-0.00847295672,0.623456717,0.537629902,-0.0105879512,0.63316673,0.543063879,-0.0121962987,0.60428673,0.540924966,-0.00990044139,0.620660126,0.549645305,-0.0142274518,0.629921496,0.55404973,-0.0161939245,0.636250317,0.556776583,-0.0169648528,0.595146358,0.545000136,-0.00975253526,0.609210968,0.555776298,-0.0130346771,0.61888659,0.560735941,-0.0141175054,0.625949621,0.563478172,-0.0146819381,0.586982906,0.54691273,-0.00983559433,0.595331311,0.558635831,-0.0134077501,0.602739,0.563988388,-0.0144013511,0.609171391,0.567020297,-0.0147690326,0.579602361,0.54697293,-0.0100234319,0.583629608,0.555541217,-0.0130598024,0.587587297,0.558900714,-0.0128803244,0.591835856,0.560192704,-0.0122135784
4883.333333333333,0.622804046,0.502529919,8.81603341e-008,0.605084419,0.498372793,0.00168172119,0.587183714,0.498752505,0.000765195233,0.574160218,0.501559317,-0.000416138122,0.564920604,0.503160417,-0.00209622225,0.582161069,0.505170345,-0.00635230355,0.563634038,0.508198619,-0.0100567481,0.554073155,0.510440648,-0.0115528833,0.548841596,0.512240946,-0.0119442511,0.586617172,0.511498928,-0.00912173837,0.564778328,0.517848611,-0.0119262114,0.554362655,0.521135032,-0.0124922348,0.549003124,0.523548901,-0.0125230895,0.59319,0.516844034,-0.0112378364,0.574915648,0.524229765,-0.0130130649,0.565309584,0.52759105,-0.0132269422,0.559557676,0.529546559,-0.0134425974,0.601583362,0.521067381,-0.0129089477,0.588797152,0.527380645,-0.013967732,0.582057118,0.529546261,-0.0128519516,0.577404,0.530437291,-0.0117319459
4883.333333333333,0.581288755,0.526904106,2.92099447e-008,0.599833548,0.526226401,-0.00372318667,0.615799785,0.53064996,-0.00631068647,0.62714839,0.536948562,-0.00791489892,0.63682729,0.542030275,-0.00910347514,0.60891223,0.539902627,-0.00842667185,0.624617696,0.548482299,-0.0120571358,0.63358587,0.55288285,-0.0136252753,0.639904141,0.55576694,-0.0142092882,0.599346638,0.544078171,-0.00877426285,0.613391161,0.554722607,-0.0115301898,0.622749627,0.559524536,-0.0123691522,0.62957716,0.562364697,-0.0127576068,0.590777934,0.546209633,-0.00919051934,0.599820256,0.557805479,-0.012208716,0.607535422,0.563141227,-0.013050518,0.614249587,0.566334486,-0.013363515,0.583247423,0.546458662,-0.00959597621,0.587791681,0.555228055,-0.0119659882,0.592121243,0.558745325,-0.011534119,0.596960962,0.560369,-0.0107667325
4900.0,0.61806941,0.500582457,8.40495744e-008,0.6012308,0.496578276,0.00219321065,0.584268332,0.496212125,0.00100666028,0.571567,0.497917742,-0.000617655751,0.562779367,0.498716146,-0.00276773097,0.578140438,0.503203392,-0.00629636971,0.55916959,0.506010532,-0.0103526749,0.549205542,0.50820291,-0.0119144507,0.544364393,0.509800315,-0.0121174557,0.582461894,0.509315491,-0.00931468885,0.560471773,0.515915871,-0.0126043269,0.550546706,0.518846512,-0.012879841,0.546617091,0.520692527,-0.012470115,0.588755906,0.514682591,-0.0116623314,0.569363594,0.522139907,-0.0138631789,0.560036302,0.525316834,-0.0134466495,0.555504,0.527062595,-0.0128779337,0.596710503,0.519067228,-0.0135065122,0.582788169,0.525943935,-0.0147320591,0.57611233,0.528303564,-0.0131340139,0.572416186,0.529342651,-0.0113943284
4900.0,0.583203316,0.525123298,3.00897121e-008,0.601783216,0.524518371,-0.00345001975,0.617957115,0.529209495,-0.00588490581,0.629892,0.535550594,-0.00735521829,0.639784217,0.540680647,-0.00841086823,0.611858964,0.538144588,-0.00825825,0.627860129,0.546899796,-0.0120331,0.636881411,0.551457644,-0.0135927312,0.643224835,0.554376185,-0.0140543906,0.602014,0.542449951,-0.00869787298,0.616489649,0.553272665,-0.0117721921,0.625880837,0.55793947,-0.0126312356,0.632814586,0.560689867,-0.0127970818,0.593174875,0.54464,-0.0091522485,0.602951229,0.556494236,-0.0125682959,0.611117363,0.561730444,-0.0133539084,0.618187189,0.564891458,-0.0133664599,0.58548,0.544829249,-0.00951532,0.59085983,0.553786039,-0.0120004211,0.595609188,0.557379842,-0.0113269063,0.600538075,0.559042454,-0.0102160135
4916.666666666667,0.613670766,0.499375552,6.8485825e-008,0.59615,0.495211095,0.00178251194,0.578549922,0.495297283,0.000530099,0.565018892,0.497704893,-0.00118339062,0.55440551,0.499173522,-0.00326617365,0.571998894,0.501685143,-0.00538356835,0.554159284,0.504704177,-0.00974290911,0.546058,0.506554663,-0.0115202917,0.542852283,0.507745206,-0.0117319049,0.577190638,0.507792115,-0.0081424918,0.557050526,0.514140725,-0.0120674158,0.548342049,0.516577065,-0.0124986535,0.545219362,0.518004298,-0.011944185,0.58414048,0.513123095,-0.0104566216,0.565641,0.520327687,-0.0132934,0.556957126,0.522956908,-0.0123505685,0.552763462,0.524256229,-0.0110286633,0.592362642,0.517471313,-0.0123373345,0.577895701,0.524204433,-0.0136444317,0.571453094,0.526099086,-0.0115606524,0.568446457,0.52668339,-0.00923838653
4916.666666666667,0.585751951,0.523961782,3.23263158e-008,0.604613543,0.523079932,-0.00324241957,0.620683849,0.527935505,-0.00541909505,0.63255626,0.534364164,-0.00671114679,0.642965674,0.539364398,-0.00754981861,0.615270436,0.537673175,-0.00697502214,0.631990314,0.546447754,-0.0101345377,0.640696168,0.550748587,-0.0113304984,0.646390796,0.553310871,-0.0115256058,0.605716825,0.541902542,-0.00730467681,0.620914817,0.55256027,-0.00964208413,0.630448103,0.557022274,-0.0102435173,0.637229383,0.559343159,-0.0102845877,0.596913159,0.543959737,-0.00772027252,0.607133389,0.555642903,-0.0105254939,0.615380406,0.560602665,-0.0113056386,0.622375,0.563377798,-0.0114373285,0.589078128,0.544109344,-0.00805976335,0.59421581,0.552934408,-0.0101076206,0.598885417,0.556336343,-0.00950061623,0.603894472,0.557804763,-0.0085335765
4933.333333333334,0.609702408,0.497283489,7.18579827e-008,0.59231329,0.492974,0.0016736571,0.575280726,0.492959023,0.00110213866,0.561739,0.495328903,-9.24059132e-005,0.551286936,0.496779829,-0.00133767317,0.566745639,0.500935376,-0.00142072304,0.550591111,0.502830684,-0.00447742362,0.544583917,0.503768861,-0.0059852968,0.543388069,0.504253626,-0.00622691633,0.571073651,0.506940067,-0.00392055698,0.55274725,0.512253404,-0.00628549512,0.544677436,0.513739347,-0.00673339749,0.541615725,0.514412344,-0.00648202933,0.578028321,0.511960685,-0.00628604507,0.562007308,0.51850003,-0.00820303336,0.554204762,0.520885229,-0.00792923942,0.549998701,0.522044182,-0.00738055073,0.586851776,0.515817463,-0.00830761,0.574247539,0.521822929,-0.00914246682,0.568225265,0.523637652,-0.00756739406,0.56484139,0.524258614,-0.00584855955
4933.333333333334,0.587106287,0.5220384,2.82607449e-008,0.606723845,0.52087605,-0.0036163,0.622793794,0.525853395,-0.00580543233,0.634552896,0.532825,-0.00697838468,0.645191669,0.538230479,-0.00759210298,0.618335426,0.536034405,-0.00678332848,0.634568334,0.545037448,-0.0098328311,0.643172562,0.549132586,-0.0110114366,0.648841262,0.551460445,-0.0111612603,0.608218968,0.540456,-0.00676757842,0.62311852,0.551219583,-0.00926050823,0.632709324,0.555602193,-0.00994795561,0.639789581,0.557917237,-0.00997051783,0.599172771,0.542594552,-0.00687799975,0.609693408,0.553839803,-0.00965552125,0.618039966,0.558673382,-0.0102690812,0.625205636,0.561443686,-0.0101755792,0.591327131,0.542866,-0.00697222259,0.597414196,0.551737547,-0.00856559444,0.602497876,0.555254161,-0.00770287309,0.607640207,0.556882501,-0.00653918739
4950.000000000001,0.605730772,0.496340036,6.61495321e-008,0.589145601,0.491910577,-0.000137714887,0.572282434,0.491546392,-0.00208483543,0.557985663,0.493439645,-0.00441481499,0.546330035,0.494893312,-0.00656932592,0.563398957,0.499681234,-0.00363370054,0.545865357,0.50183183,-0.00843169726,0.541481,0.502485633,-0.0105397785,0.543769956,0.502460718,-0.0104434518,0.567788363,0.505749881,-0.00539119169,0.548801303,0.51142472,-0.00864341576,0.542414129,0.512941718,-0.00907105673,0.543067098,0.51335156,-0.00834340695,0.574844539,0.510859549,-0.00719235372,0.557949066,0.517595589,-0.00972134154,0.551512539,0.518984139,-0.00834449753,0.550256252,0.518961132,-0.00650169607,0.583210528,0.514790654,-0.00882037822,0.570220709,0.520917,-0.0101059834,0.564938,0.522049785,-0.00780392764,0.563555121,0.521799803,-0.00499525573
4950.000000000001,0.589502454,0.519416869,2.71397447e-008,0.608912945,0.5191167,-0.00274733757,0.624906898,0.524721801,-0.00448017567,0.636937,0.531399846,-0.00529320259,0.647488058,0.536597788,-0.00552763976,0.620180488,0.534245908,-0.00658894703,0.637129188,0.543578148,-0.00925055891,0.64578,0.54772681,-0.00984036457,0.651303947,0.550193906,-0.009546794,0.609976828,0.538612366,-0.00668890076,0.626151204,0.549536943,-0.00893802,0.635720193,0.553947449,-0.00889221206,0.642483532,0.55640769,-0.00834180228,0.600791,0.54084754,-0.00680288766,0.612324655,0.552275062,-0.00922152121,0.620849907,0.556809723,-0.00905802473,0.62782979,0.559340835,-0.00835912302,0.592827559,0.541272581,-0.006845342,0.599848747,0.550562561,-0.00783344638,0.605272591,0.553811312,-0.00635014521,0.610323846,0.555176675,-0.00474270945
4966.666666666668,0.603637636,0.495214045,4.62716585e-008,0.586531758,0.491075963,0.000423118065,0.570118487,0.490116686,-0.00115352741,0.556385219,0.491399,-0.00329196663,0.545397758,0.492226362,-0.00557463337,0.562331855,0.498229891,-0.00142841751,0.547334194,0.499992311,-0.00491824467,0.541767359,0.500716686,-0.00736397551,0.540330887,0.500961065,-0.00834710523,0.566482127,0.504247427,-0.00327703985,0.55059129,0.508324,-0.00501272362,0.545122743,0.508973956,-0.00577361649,0.543688893,0.508927047,-0.00618405966,0.573135614,0.50943768,-0.00517439563,0.558332801,0.514545381,-0.00635873945,0.552629054,0.515366852,-0.00543133821,0.549971521,0.515082359,-0.00483999401,0.580990613,0.513546884,-0.00698216213,0.570141733,0.518550396,-0.00736456783,0.565374911,0.519458294,-0.00543695549,0.563045204,0.519348204,-0.00366661209
4966.666666666668,0.589124322,0.517688453,7.16980075e-009,0.609789073,0.517566681,-0.00218543597,0.626321435,0.523350954,-0.00348796928,0.638078868,0.530184031,-0.0041407817,0.648447633,0.535121143,-0.00433129724,0.621732712,0.532671154,-0.00471098209,0.637936354,0.541261077,-0.00734667387,0.646854579,0.545520186,-0.00848286413,0.653067291,0.548192859,-0.00872391742,0.611720741,0.537139475,-0.00517957797,0.627083,0.54749316,-0.00754181854,0.636742,0.551965773,-0.00809705071,0.643779397,0.554543614,-0.00805752352,0.60265696,0.539521396,-0.0057235891,0.614132822,0.550559044,-0.0083061941,0.622658432,0.555196702,-0.00859336648,0.629741609,0.557783842,-0.00824142806,0.594832957,0.539985418,-0.00620904937,0.601766884,0.549042165,-0.00727481674,0.607250035,0.55237788,-0.00603995053,0.612354279,0.553806841,-0.00468392344
4983.333333333335,0.598884225,0.493989676,1.5209233e-008,0.584027708,0.488878846,-0.00110959471,0.567623,0.487821549,-0.00284518441,0.554497957,0.489782155,-0.00485522533,0.543991268,0.491109878,-0.0067766821,0.556131721,0.497589469,-0.00167544954,0.542971253,0.499780476,-0.00508840429,0.543314874,0.499257565,-0.00775152724,0.547447681,0.498306572,-0.00887042,0.560822189,0.503915608,-0.0028442617,0.545883536,0.507858872,-0.00445389049,0.546291649,0.506813526,-0.00542423688,0.550926268,0.50554,-0.00594756659,0.568077624,0.509055614,-0.00415997347,0.554230332,0.513927758,-0.00570400897,0.554573357,0.512629569,-0.00481491908,0.558147311,0.510748446,-0.0041179019,0.576853871,0.513002515,-0.00543946913,0.565838873,0.517991126,-0.00645030709,0.566107094,0.516628146,-0.00422220118,0.569452703,0.514663696,-0.00204608752
4983.333333333335,0.589309931,0.516174912,6.5789334e-009,0.609844625,0.516015053,-0.00136821182,0.627217233,0.522025704,-0.00197405275,0.639176846,0.52881676,-0.00199574698,0.649668217,0.533518553,-0.00160128495,0.622822821,0.531201422,-0.00415129121,0.639474928,0.539686859,-0.00618618215,0.648800671,0.543645799,-0.0067270603,0.655487299,0.546129882,-0.00661791209,0.612627,0.535482883,-0.00491752848,0.628416657,0.545894206,-0.00714918552,0.638023496,0.550086617,-0.00748453755,0.645150423,0.55253768,-0.00719255675,0.603493273,0.537655354,-0.00566205522,0.614915311,0.548733294,-0.00823730417,0.623594,0.553594172,-0.00860624295,0.630982757,0.556484461,-0.00825953577,0.595755219,0.537961364,-0.00621957658,0.603238106,0.5471192,-0.00713775354,0.608935297,0.550594032,-0.00584224192,0.614294767,0.552241504,-0.00449716346
5000.000000000002,0.596314728,0.493460029,-3.86539831e-008,0.581410825,0.488257229,-0.0008886836,0.565675676,0.486572325,-0.00269120582,0.552630842,0.488339543,-0.00486681191,0.542494595,0.490585208,-0.00680471351,0.554237783,0.496220082,-0.00176409795,0.542704642,0.499336809,-0.00537551427,0.547324777,0.498719275,-0.00815757178,0.553334713,0.497288883,-0.00941007677,0.558913589,0.502559185,-0.00295601436,0.546294391,0.506961524,-0.00445613358,0.549946547,0.505993366,-0.00524130231,0.555418193,0.504065931,-0.00584262516,0.565885,0.507724,-0.0043045911,0.553452373,0.51303792,-0.0058518406,0.556333363,0.511714756,-0.00466439221,0.561079144,0.509289443,-0.00385918817,0.573827207,0.511699438,-0.0055822432,0.564425111,0.516994,-0.00646007061,0.566358805,0.515683293,-0.00408337312,0.570240855,0.513351202,-0.00189719663
5000.000000000002,0.590180635,0.515208423,1.20963985e-008,0.6106,0.515131176,-0.00194170361,0.627516568,0.520184517,-0.00336897373,0.639781177,0.526358724,-0.00419016834,0.64971894,0.531522453,-0.00449166074,0.623653054,0.528883457,-0.00541398209,0.640807152,0.537410676,-0.00844018348,0.650217175,0.541594863,-0.00935896765,0.656594813,0.544136,-0.00930367224,0.61381644,0.533544838,-0.00614102,0.630058765,0.544049382,-0.00927397888,0.639958799,0.548263431,-0.00978118367,0.647140205,0.55062604,-0.00942839123,0.604943395,0.536233306,-0.00689906161,0.616641521,0.547492623,-0.0101313395,0.625860333,0.55219686,-0.0104681673,0.633487165,0.554841042,-0.00988126174,0.597264171,0.536962569,-0.00750539359,0.605065525,0.54604435,-0.00886700768,0.611222863,0.54933244,-0.00759662874,0.616783738,0.550638556,-0.0060600196
5016.666666666669,0.595551372,0.491963565,-4.27196589e-008,0.581114411,0.486599326,-0.00174511853,0.564669788,0.48549071,-0.00298678712,0.55169189,0.487850517,-0.00451845955,0.541654587,0.490576506,-0.00572509645,0.552849293,0.495369434,0.000190382707,0.54375726,0.499507546,-0.00341797411,0.548910618,0.498714685,-0.00667606,0.554923832,0.496829152,-0.00828912575,0.558092237,0.501526892,-0.000494735315,0.547592044,0.506683469,-0.0025253396,0.552176476,0.505522132,-0.00412255339,0.557997644,0.503228843,-0.00504411384,0.565309942,0.506608307,-0.00160592026,0.555320501,0.512259722,-0.00373853277,0.559373796,0.510766208,-0.0029397097,0.564533889,0.508155,-0.00210770825,0.573412299,0.510473847,-0.00280803256,0.565262377,0.515699804,-0.00411202526,0.568324089,0.514249742,-0.0021018656,0.572553277,0.511779666,-4.89156046e-005
5016.666666666669,0.589160383,0.513604879,5.58763746e-009,0.60908252,0.513202369,-0.0021792124,0.626659751,0.517998159,-0.00370284799,0.63960892,0.523898959,-0.0046677,0.649650216,0.529181123,-0.00515030744,0.623474061,0.527266502,-0.00498271,0.640365362,0.53477186,-0.00828986336,0.650078475,0.538585424,-0.00978274737,0.656916,0.540882945,-0.0102166776,0.61417228,0.532037497,-0.00575466,0.630471706,0.541671,-0.00889022648,0.640553415,0.545837045,-0.009801507,0.648043036,0.548277378,-0.0098984642,0.605554044,0.534781,-0.0066488958,0.617836595,0.545513332,-0.0100715272,0.627325356,0.550020099,-0.0107324552,0.635391891,0.552509,-0.0104377596,0.59787339,0.535609365,-0.00743952719,0.606081426,0.544302464,-0.00911192223,0.612477243,0.547587216,-0.00815900415,0.618212759,0.548958063,-0.00689321663
5033.333333333336,0.594382,0.490615159,-4.66485979e-008,0.579933226,0.485712826,-0.00126239157,0.563403428,0.484716862,-0.00259694923,0.550977647,0.487347633,-0.00421242416,0.541028,0.489449978,-0.00557963224,0.552913,0.494056135,-0.000381625257,0.544306934,0.498294383,-0.00410543522,0.549231946,0.4975954,-0.00723126251,0.555236876,0.495614,-0.00867272075,0.558280468,0.50019151,-0.00113731425,0.548802,0.505317271,-0.00302125816,0.553496718,0.504289269,-0.00427577272,0.559147477,0.501904,-0.0050437944,0.565340161,0.505271435,-0.00221032021,0.556332111,0.510675371,-0.00410268549,0.560312331,0.509395897,-0.00311062881,0.565362394,0.5068326,-0.0022445966,0.573041141,0.509210289,-0.00330808875,0.565232098,0.514167666,-0.00425215345,0.568235934,0.512715399,-0.00208884059,0.572293162,0.510265589,-7.9563921e-007
5033.333333333336,0.588354468,0.511803806,8.10428524e-009,0.607554674,0.510998785,-0.00237140455,0.625026226,0.515458941,-0.0043845,0.638606369,0.521368861,-0.00565281138,0.64899385,0.526864707,-0.00636246428,0.621641159,0.524603426,-0.00726598315,0.640310347,0.532503843,-0.0109448703,0.650688589,0.53607738,-0.0121167693,0.657458961,0.538089037,-0.012122415,0.612491429,0.529634655,-0.00778646581,0.630598962,0.539618373,-0.0116765592,0.641489327,0.543376863,-0.012185147,0.649347305,0.545198679,-0.0117029948,0.604158938,0.532488704,-0.00824682135,0.617974758,0.543488562,-0.0119195189,0.62794733,0.547645,-0.0118722636,0.636177719,0.549630463,-0.010882278,0.596973658,0.533233643,-0.00856986549,0.605877757,0.542272806,-0.0101022907,0.612340569,0.545528889,-0.00862889364,0.617922962,0.546679437,-0.00685522053
5050.000000000003,0.594096482,0.489424258,-5.73209569e-008,0.580176175,0.484706223,-0.00117309659,0.563649535,0.483970731,-0.00221211324,0.551216602,0.486631423,-0.00348860421,0.54134357,0.488206804,-0.0046044034,0.552992165,0.492616177,1.9610372e-005,0.546040177,0.496941656,-0.00334301149,0.551273,0.496546417,-0.00621384569,0.556706667,0.494674206,-0.00763924513,0.557918727,0.498693645,-0.000709847256,0.55011636,0.504142821,-0.00273343851,0.555771112,0.503368378,-0.00382428104,0.561249614,0.500924051,-0.00434112,0.56472683,0.503826797,-0.00176209363,0.557160437,0.509478807,-0.00395172881,0.562275887,0.508366704,-0.00289849797,0.56717068,0.505752146,-0.00186763401,0.572443128,0.507868946,-0.00281321374,0.565712571,0.513023078,-0.00412783073,0.569845557,0.51152122,-0.00207421044,0.573819816,0.508897543,1.337917e-005
5050.000000000003,0.586911321,0.510066509,7.82015341e-010,0.606161177,0.509005189,-0.00247034291,0.623925507,0.513341665,-0.00435189111,0.637130439,0.519465208,-0.00544916745,0.647291839,0.524926901,-0.00598037243,0.619709313,0.522217214,-0.00753452629,0.638654411,0.529630661,-0.0112311691,0.649228215,0.532794,-0.0123576196,0.655948937,0.534623504,-0.0123738116,0.611352742,0.52735883,-0.00813651271,0.630329967,0.537534773,-0.0119706551,0.641494095,0.54117614,-0.0122353556,0.64896965,0.542961299,-0.0115944296,0.603648901,0.530366361,-0.00871835,0.617742121,0.541452825,-0.0123590892,0.627908051,0.545413613,-0.0122271702,0.635802567,0.547338188,-0.011221312,0.59693,0.531321,-0.0092041716,0.60605967,0.540338218,-0.0107780416,0.612739861,0.543464303,-0.00935727544,0.618279099,0.544540286,-0.00768344384
5066.66666666667,0.593683,0.488326937,-4.0379831e-008,0.580179155,0.483740479,-0.00071061973,0.564454854,0.483172208,-0.00161179178,0.552009463,0.484594226,-0.00290925638,0.542720139,0.486055017,-0.00407409342,0.553714037,0.490810871,0.000387399952,0.546687961,0.494327456,-0.00264356402,0.550805509,0.494581133,-0.00529466523,0.555531681,0.493494928,-0.00663163513,0.557897568,0.49691242,-0.00064469839,0.549121,0.50194037,-0.00248696911,0.55419296,0.501490533,-0.00335709448,0.559535325,0.499583215,-0.00364295789,0.564479947,0.502317429,-0.00195969734,0.555571735,0.507772446,-0.00390234333,0.560473382,0.507080197,-0.00280099711,0.565565646,0.504956603,-0.00170175266,0.572135687,0.506709099,-0.00325296819,0.564856172,0.51170373,-0.00428413553,0.568563581,0.510766387,-0.00217406382,0.572770119,0.508713543,-6.89507797e-005
5066.66666666667,0.586028874,0.507671595,-1.33830369e-009,0.605911493,0.507008553,-0.00245921919,0.623214662,0.511326969,-0.00435595354,0.635772467,0.517585,-0.00552208489,0.64593178,0.52290827,-0.00619693054,0.61796242,0.52022481,-0.00729319779,0.637194753,0.526816785,-0.011065702,0.647746563,0.529532,-0.0123796863,0.654827654,0.530991197,-0.0125453295,0.609654069,0.52527,-0.00802350417,0.628597558,0.535212576,-0.012408426,0.639797568,0.538702846,-0.0132842558,0.647698343,0.540329576,-0.0129589764,0.602108,0.528144538,-0.00870423,0.616601169,0.53927213,-0.0130452234,0.627360344,0.543403625,-0.0135677904,0.635682404,0.545444,-0.0128531856,0.595357299,0.528898418,-0.00920697,0.605526328,0.537567496,-0.0112994816,0.612646461,0.540273726,-0.0100485971,0.618002594,0.540929794,-0.00839106552
5083.333333333337,0.594098926,0.486488074,-3.86712067e-008,0.581312716,0.481239,-0.000839225308,0.565580606,0.480439395,-0.00175536517,0.55308032,0.481809497,-0.0029764364,0.543693244,0.482971579,-0.00401591836,0.55338794,0.488051921,-0.000385364925,0.544974804,0.49147144,-0.00368196634,0.547778726,0.492499381,-0.00615921058,0.552782416,0.491383165,-0.00724513363,0.557231426,0.494214296,-0.00145635731,0.54709661,0.499227256,-0.00362053351,0.552034855,0.499169737,-0.00431230525,0.557956517,0.497219414,-0.00429203641,0.563739061,0.499585241,-0.00278838747,0.555050373,0.504668951,-0.00497751171,0.560092628,0.504178762,-0.00398647878,0.565400958,0.501966,-0.00283365208,0.571464956,0.503985405,-0.0040884437,0.564850092,0.508995295,-0.00548422476,0.568100333,0.508324742,-0.00371409091,0.572026,0.506263,-0.00171571563
5083.333333333337,0.583896637,0.50587517,-1.16830723e-008,0.60397172,0.504887223,-0.00131463318,0.621521056,0.509221792,-0.00266933371,0.634303927,0.514972329,-0.00346131553,0.643648863,0.519782782,-0.00377039122,0.616267,0.516849339,-0.00700918445,0.636586249,0.523972,-0.0106833475,0.647248328,0.527155876,-0.0115936361,0.653993905,0.528758168,-0.0113333501,0.60801512,0.522134125,-0.0080757793,0.627188206,0.532292902,-0.0124285808,0.639188349,0.535722673,-0.0129491603,0.647782207,0.537120342,-0.0122858286,0.600576162,0.525629222,-0.00892408658,0.615171909,0.53669548,-0.0128086805,0.626094639,0.540702283,-0.0128048481,0.634442389,0.542650938,-0.011750618,0.594097495,0.52698642,-0.00952169579,0.604220092,0.535422802,-0.0109163979,0.610898256,0.537864149,-0.00905911252,0.615673184,0.53841728,-0.00698395679
5100.000000000004,0.59516418,0.485281378,-2.2059929e-008,0.583090365,0.47944957,-0.000126731917,0.567455947,0.477868885,-0.000693774782,0.555054247,0.478613228,-0.00168192992,0.545926869,0.479451835,-0.00246129697,0.55517149,0.485005558,-0.000291023665,0.543539941,0.487744,-0.00378184929,0.54377681,0.488955051,-0.00597874029,0.548630357,0.488519669,-0.00655766483,0.558340311,0.491382599,-0.00152793957,0.545400918,0.496409386,-0.00357821095,0.548384845,0.496420681,-0.00385315414,0.554063439,0.494951814,-0.00350581156,0.564108372,0.497063458,-0.00298454752,0.55295819,0.502110481,-0.00466630887,0.556516945,0.501614511,-0.00305479858,0.561635,0.499877632,-0.00158436701,0.571670771,0.501843929,-0.00435919827,0.563239634,0.506215394,-0.00475119194,0.565712571,0.505480528,-0.00216743653,0.569930792,0.503823817,0.00024440806
5100.000000000004,0.581913233,0.502948523,-2.28027375e-009,0.601652563,0.501314521,-0.00291655934,0.618960321,0.505581617,-0.00491361087,0.631296,0.511933744,-0.00593506033,0.641467512,0.516626358,-0.0064678886,0.612829387,0.513627112,-0.00972153153,0.633745313,0.520239234,-0.0138881467,0.645006359,0.523035526,-0.0150485681,0.652497768,0.524669468,-0.0150451241,0.604500353,0.519135,-0.0101398351,0.624141932,0.528968871,-0.0148805026,0.63657409,0.53234005,-0.0155889187,0.645645142,0.533838332,-0.0152135892,0.597573102,0.522551477,-0.0103960596,0.612428188,0.533305585,-0.0147952046,0.623693764,0.537337,-0.015198729,0.632539034,0.539310932,-0.0144667178,0.591988,0.523727059,-0.0105099725,0.602761149,0.53235966,-0.0126635963,0.610024691,0.535023212,-0.0113978134,0.615602314,0.535638511,-0.00976161752
5116.666666666671,0.596762359,0.482648283,-2.5278009e-008,0.584964871,0.476436466,0.000495206506,0.569940746,0.474939376,0.000177032751,0.558316112,0.476220667,-0.000602519372,0.549632609,0.477158338,-0.00121446699,0.557306528,0.481316268,-0.000941862585,0.543255866,0.484394848,-0.00429884344,0.542829,0.48599,-0.00619180128,0.547417641,0.485850543,-0.00652860617,0.559730411,0.487750471,-0.00231545931,0.544113636,0.492463499,-0.00444362964,0.546584964,0.493034869,-0.00459937053,0.552570522,0.492037773,-0.00400866708,0.564752221,0.493474871,-0.00369294104,0.552211583,0.498559,-0.00507171778,0.5555197,0.498254776,-0.00336947595,0.560887337,0.496569753,-0.00180289894,0.571747303,0.498323798,-0.00493153045,0.562553346,0.502725124,-0.0050379415,0.564271629,0.502167583,-0.00248436024,0.568229,0.500546753,-6.2080464e-005
5116.666666666671,0.581365108,0.499936819,-1.53278759e-008,0.599529624,0.498393655,-0.00294170808,0.615567088,0.502180755,-0.00493554724,0.627467692,0.508110225,-0.00617299043,0.636707067,0.513001442,-0.00691597769,0.6107077,0.510076106,-0.00824708119,0.63035953,0.516109645,-0.0127744898,0.641456723,0.518494546,-0.0144802853,0.648392916,0.519677162,-0.0148581844,0.603469491,0.515857816,-0.00898250844,0.622372448,0.525262594,-0.0138230929,0.635280132,0.528352261,-0.0150698423,0.644608915,0.529602587,-0.0150624895,0.59673357,0.519349337,-0.0097209746,0.61024785,0.529878378,-0.0144266533,0.621745408,0.53386271,-0.0153653733,0.630806506,0.53587544,-0.0149877556,0.590897202,0.520504236,-0.0103332251,0.600199938,0.528458595,-0.0129558342,0.607286036,0.531071723,-0.0121262269,0.612951159,0.531855583,-0.0107594058
5133.333333333338,0.598922,0.479490757,-3.09544959e-008,0.587686062,0.473392278,0.000635262171,0.573166907,0.471197724,2.41898579e-005,0.561108649,0.47198981,-0.00115967344,0.551647484,0.473740906,-0.0022474518,0.559877932,0.477036864,-0.00179739599,0.543536663,0.480184525,-0.00557696028,0.542791247,0.481978178,-0.00729929144,0.546281219,0.481805354,-0.00749167614,0.561564624,0.483188,-0.00363371382,0.54337275,0.488062918,-0.00703432318,0.546717107,0.489364088,-0.00723178359,0.553265035,0.488510191,-0.00616609026,0.566022396,0.488909572,-0.00539579196,0.551754415,0.494730622,-0.00787625,0.556393743,0.495038331,-0.00583452685,0.562446237,0.493219,-0.00359664462,0.572445631,0.493847,-0.0069971513,0.562718034,0.498778284,-0.00801115856,0.565850139,0.49859643,-0.00543131214,0.570524573,0.49672702,-0.00271334709
5133.333333333338,0.577774227,0.496700108,-1.70477019e-008,0.595651865,0.494768798,-0.00354814576,0.612360716,0.498000711,-0.00608282117,0.624595642,0.503366351,-0.00772123924,0.633444846,0.508148968,-0.00902992301,0.60701263,0.50629282,-0.0101462416,0.627352655,0.511718214,-0.0147229061,0.638760448,0.51382786,-0.0163920522,0.646315873,0.51497668,-0.0168681201,0.599746883,0.511946917,-0.0107324,0.619511187,0.521177351,-0.016144257,0.632667065,0.524069071,-0.0176776536,0.642223716,0.525063515,-0.0178581644,0.59308821,0.515381813,-0.0112155294,0.607997358,0.526289463,-0.0165123157,0.620114684,0.529895,-0.0178174954,0.629399836,0.531366944,-0.0176033322,0.587471187,0.516657,-0.0115253516,0.598410606,0.524746776,-0.0149074616,0.606183112,0.52747649,-0.0145533038,0.612058401,0.528342903,-0.0134231243
5150.000000000005,0.601516783,0.476337433,-3.33243371e-008,0.588581681,0.469797492,0.00197650609,0.572998047,0.468726695,0.0018663645,0.562573,0.471140593,0.000803960953,0.556089103,0.474278927,-0.000456216978,0.560940802,0.472040385,-0.000801327522,0.544999421,0.475259483,-0.00445801904,0.541803718,0.476929,-0.00664391555,0.543710053,0.477061659,-0.00739196269,0.562287748,0.478690863,-0.0035477113,0.544301093,0.483681351,-0.00613884721,0.545868754,0.484424651,-0.00674664043,0.551800668,0.483695745,-0.00655032089,0.566487432,0.484931648,-0.0061280732,0.550583899,0.490305811,-0.00790799,0.554026067,0.490280092,-0.00625932543,0.560040832,0.488824368,-0.00481909234,0.572671711,0.49038282,-0.00845692866,0.561184585,0.494836301,-0.00926348753,0.56379509,0.494490445,-0.00680339849,0.568629563,0.493107557,-0.00452156691
5150.000000000005,0.576186955,0.493682176,-3.19883888e-008,0.5928967,0.491068244,-0.0041316906,0.608187258,0.494000822,-0.00682737632,0.619852245,0.499535173,-0.00848497357,0.62932229,0.5040043,-0.00969272107,0.604314625,0.502125442,-0.0111866714,0.625417113,0.507681,-0.0162093397,0.637248039,0.509947777,-0.0179630108,0.645134509,0.510951221,-0.0183311161,0.597518265,0.508371651,-0.0113073224,0.618021071,0.516494,-0.0168964881,0.631081045,0.518787205,-0.0183042716,0.640633,0.519295812,-0.0183846578,0.591520369,0.512301445,-0.0113645922,0.606676519,0.522249699,-0.016548181,0.6185835,0.525344,-0.0175957624,0.62814635,0.526332855,-0.0172343906,0.586610913,0.51387769,-0.011365477,0.597396433,0.521802247,-0.0144549981,0.605108738,0.524151623,-0.0140827727,0.611491561,0.524451,-0.0129976375
5166.6666666666715,0.604160607,0.473267317,-3.68087854e-008,0.591506124,0.466924161,0.00163929362,0.575781465,0.465546161,0.00108030951,0.564634204,0.46817559,-0.000218195128,0.557834446,0.472006738,-0.00152690569,0.56361872,0.466919243,-0.00230147154,0.545711875,0.469103158,-0.00635409821,0.543885589,0.470704794,-0.00834734086,0.547087848,0.47066015,-0.0088369092,0.564498365,0.473320454,-0.00494145695,0.544844,0.477528065,-0.00788449124,0.546616733,0.478314698,-0.00813076831,0.552502215,0.477580905,-0.00760236941,0.5682019,0.479537517,-0.00736668101,0.55118233,0.484506607,-0.00926467218,0.554908037,0.484581769,-0.00705948286,0.5608989,0.483224273,-0.0051697162,0.57383883,0.485117465,-0.00957503263,0.561564684,0.489133924,-0.010126682,0.564316332,0.488805,-0.00717945956,0.569327772,0.487461746,-0.00454932591
5166.6666666666715,0.573196352,0.491338193,-3.72996567e-008,0.589749694,0.487860471,-0.00421216758,0.605847895,0.489979953,-0.00721045909,0.617969453,0.495224684,-0.00895084068,0.626819909,0.4995749,-0.010207288,0.600315273,0.49708119,-0.0135836983,0.622350156,0.502453148,-0.0187792964,0.634531379,0.503922284,-0.0200885162,0.642055631,0.504276693,-0.02007268,0.594102263,0.503598928,-0.013433191,0.615938544,0.511796832,-0.019033039,0.629406154,0.513680756,-0.0195305031,0.638454,0.51377064,-0.0190094728,0.588782907,0.50785017,-0.0130806426,0.605465293,0.517267108,-0.0179580264,0.617979765,0.520006359,-0.0182476696,0.627060056,0.520847738,-0.0174780153,0.584624171,0.509801924,-0.0126481745,0.597254395,0.516885579,-0.0154578891,0.606060386,0.519046247,-0.0148122339,0.612648487,0.519421101,-0.0136551354
5183.3333333333385,0.604658842,0.468373179,1.04423146e-008,0.591201961,0.461752802,0.00179116207,0.574382663,0.459873229,0.0015576696,0.562778413,0.462183803,0.000637924182,0.555337071,0.465655863,-0.000475844252,0.563936055,0.460999042,-0.00209059031,0.54617393,0.461862832,-0.00505561475,0.539917469,0.463665962,-0.00642767316,0.538903654,0.46482113,-0.0067450651,0.564020872,0.467405975,-0.00466240896,0.544777572,0.470474064,-0.00577917462,0.541030049,0.471554935,-0.00542521244,0.541605473,0.47191897,-0.0051268111,0.567189872,0.473864794,-0.00703194924,0.549038768,0.477717221,-0.00764397765,0.547818124,0.478486866,-0.00574946636,0.549630821,0.478104591,-0.00456736842,0.572317839,0.479947329,-0.00919565,0.558591723,0.483794212,-0.0091955848,0.557610512,0.484146565,-0.00657948,0.559647799,0.483715624,-0.00438339217
5183.3333333333385,0.569455683,0.486524403,-1.49354076e-008,0.584679246,0.482936084,-0.00482348632,0.600952327,0.484552175,-0.00798060745,0.61400187,0.489217252,-0.00988713838,0.62414217,0.493098527,-0.0114020314,0.596058846,0.492196888,-0.0131013887,0.616650522,0.496463329,-0.0179862976,0.628563225,0.498145044,-0.0194946527,0.637160778,0.499024123,-0.0198631696,0.590441942,0.498663872,-0.0128751406,0.611413538,0.506198347,-0.0175174605,0.624790609,0.508595645,-0.0183681101,0.634609103,0.50919807,-0.0185255464,0.585599303,0.502900243,-0.0125484513,0.603002071,0.511825562,-0.0169975534,0.615163088,0.514660597,-0.0179238357,0.624671638,0.515399694,-0.017846033,0.582005501,0.504840851,-0.0122354077,0.593920112,0.511983275,-0.0154317562,0.602791429,0.514756501,-0.0156470351,0.610324,0.51558435,-0.0151415067
5200.0000000000055,0.61053133,0.464445055,3.91234e-008,0.597806692,0.456851363,0.00249897176,0.583214879,0.454445362,0.00295699388,0.571751893,0.455457062,0.00242371392,0.563622296,0.457357794,0.00157156354,0.572652876,0.455673516,0.000931102782,0.556825876,0.454773635,-0.00113446871,0.548030853,0.454892784,-0.00277422857,0.542669535,0.455259085,-0.00367180374,0.570792139,0.461895883,-0.00199501496,0.552534699,0.462945,-0.00269412762,0.543080509,0.463257939,-0.00331820245,0.536682069,0.463593781,-0.00388721027,0.572143376,0.468281448,-0.00485222042,0.554653108,0.47052449,-0.00513571315,0.547499597,0.470531702,-0.00460661249,0.542806,0.469824821,-0.00457037287,0.575775862,0.474354416,-0.00755225169,0.56253314,0.476993173,-0.00759025104,0.558212459,0.47701326,-0.00575126,0.556310952,0.476422578,-0.00428325171
5200.0000000000055,0.565083683,0.482402712,-4.03657587e-008,0.579601109,0.478054136,-0.00597936334,0.597042739,0.479262292,-0.00961258542,0.611341059,0.484045386,-0.011575331,0.621601105,0.488289893,-0.012950087,0.589826405,0.485899687,-0.0158512425,0.611834943,0.491708815,-0.0210252106,0.623612046,0.493700176,-0.0219436772,0.631144285,0.49468857,-0.0217851326,0.585456073,0.492629498,-0.0147164073,0.608406842,0.499674618,-0.0198463853,0.62150538,0.500869334,-0.019828001,0.629526854,0.500311,-0.0192292258,0.582420945,0.497556239,-0.0135301622,0.602496743,0.505746603,-0.0176577568,0.614665747,0.507326305,-0.0176470373,0.622916162,0.506946921,-0.016963698,0.580602288,0.500352,-0.0125311092,0.594825208,0.506651461,-0.0154523123,0.604637265,0.508728862,-0.0158266816,0.61214745,0.508899033,-0.0155653916
5216.666666666672,0.612957597,0.459390491,6.39331e-008,0.602411509,0.451626,0.00144995144,0.587435484,0.447852135,0.00134866452,0.575479686,0.448790699,0.000550717639,0.567355573,0.451147288,-0.000587964,0.575232565,0.448467731,-0.000431595,0.560359597,0.446768045,-0.00303438539,0.551622033,0.446585864,-0.00494809635,0.546026,0.446838439,-0.00598469703,0.572349191,0.454842627,-0.00321313832,0.553597689,0.454969913,-0.00443758257,0.543598771,0.455031365,-0.0052530109,0.537291646,0.455460936,-0.00575195299,0.57297492,0.461527377,-0.00598867377,0.554701805,0.463206023,-0.00690376433,0.5460428,0.463262111,-0.00690767216,0.5402807,0.462847382,-0.00706244446,0.576472759,0.468043,-0.00862746127,0.562362969,0.469725341,-0.0091495635,0.557707727,0.469581485,-0.00750342058,0.555484533,0.469129741,-0.0060530575
5216.666666666672,0.560592353,0.478558928,-4.20484945e-008,0.574599,0.472950757,-0.00661325594,0.591945529,0.472994149,-0.0107651018,0.60647589,0.47711578,-0.013053176,0.617238,0.480993807,-0.0147777423,0.585513,0.480179846,-0.0175954327,0.606538057,0.484407306,-0.0232527144,0.618837774,0.48556608,-0.0244133621,0.62705344,0.486017823,-0.0244671274,0.582585037,0.487096369,-0.0162686966,0.605384707,0.49293837,-0.021930581,0.619129717,0.493582398,-0.0219796486,0.627860069,0.492781907,-0.0215463247,0.580884576,0.491873771,-0.0148438262,0.601330101,0.498583168,-0.0197389573,0.614048481,0.499335885,-0.0197884925,0.622683883,0.498315871,-0.0190955903,0.580282152,0.494301498,-0.0135986693,0.596211553,0.499509484,-0.0172480661,0.606734574,0.500795603,-0.0177787524,0.61483,0.500281394,-0.0176035929
5233.333333333339,0.615260899,0.454834074,6.40391846e-008,0.605154574,0.445557088,0.00147366687,0.590813875,0.440081894,0.00128207752,0.577807784,0.439581335,0.000438270421,0.568235815,0.440932691,-0.000750946521,0.580010474,0.441288888,-0.00124188676,0.563726127,0.438719332,-0.00412541162,0.5540905,0.437752038,-0.00603073603,0.547225356,0.437250644,-0.007135347,0.575997889,0.447744131,-0.00409523,0.556748,0.446703851,-0.00586723723,0.545414746,0.446284682,-0.00711808959,0.537207723,0.446319133,-0.00806280319,0.575160384,0.454401523,-0.00685185613,0.557176769,0.454675168,-0.00787214749,0.547154486,0.454204,-0.00819100067,0.540095687,0.453370959,-0.00873015728,0.576675057,0.460822314,-0.00950328354,0.56203419,0.46185562,-0.0101161897,0.555003643,0.461496621,-0.00909027457,0.550158322,0.460748851,-0.00825145282
5233.333333333339,0.556975126,0.473625898,-3.69626179e-008,0.568850636,0.467212647,-0.00660287403,0.585134089,0.465920359,-0.0110001098,0.598766088,0.469293177,-0.0134394402,0.607204676,0.47299853,-0.0152885458,0.577459216,0.472938657,-0.0193422642,0.59798646,0.476709574,-0.0252765119,0.60985738,0.477437466,-0.0262516961,0.616778135,0.477283835,-0.0258711334,0.575931668,0.480009735,-0.0177236516,0.59932375,0.484911501,-0.0233248398,0.612664938,0.484641284,-0.0226732157,0.619286716,0.482791781,-0.0215660054,0.576030314,0.485095352,-0.0159155894,0.597525239,0.490666,-0.0204840265,0.610102117,0.49030742,-0.0199972987,0.616977572,0.488133669,-0.0187922586,0.577025056,0.487753958,-0.0143063162,0.593358636,0.492069691,-0.0176754687,0.603886783,0.492438823,-0.0181489,0.610851705,0.490991414,-0.0178283155
5250.000000000006,0.618397117,0.448663712,6.20064711e-008,0.60992378,0.439479202,8.27594195e-005,0.593483925,0.43349,0.000276592647,0.579779387,0.430338532,-7.24889615e-005,0.569908917,0.428231716,-0.000547010277,0.579896808,0.435177088,0.000506745942,0.56389457,0.432651043,-0.00141891825,0.553663373,0.431529582,-0.00337593188,0.546309233,0.431051284,-0.00482565723,0.57728219,0.441495985,-0.00125366903,0.560143113,0.440596849,-0.00248977821,0.549361289,0.439903408,-0.00414517522,0.540994287,0.439582855,-0.00553148659,0.57728368,0.447897583,-0.00316102919,0.560880423,0.44740361,-0.00414566696,0.551437497,0.446623236,-0.00452815555,0.544067919,0.445741624,-0.00517632579,0.579643488,0.45389536,-0.00514650112,0.567090333,0.454233587,-0.00620831503,0.560184717,0.454025149,-0.00561921252,0.554653883,0.453644693,-0.0050640488
5250.000000000006,0.555968046,0.467670918,-1.23512556e-009,0.565628648,0.460341334,-0.00680422317,0.577574253,0.45761624,-0.0119700553,0.588078618,0.459087253,-0.015427554,0.594333947,0.462041914,-0.0186306592,0.571085393,0.465298116,-0.0208146777,0.587406218,0.467638642,-0.0275269505,0.599022865,0.467599869,-0.029776888,0.607099414,0.466677755,-0.0305676665,0.570840418,0.471942633,-0.0199020542,0.59038341,0.47565484,-0.0262645632,0.60357821,0.475253344,-0.0269594267,0.611583889,0.473402262,-0.0272144545,0.572138131,0.476354867,-0.0187008437,0.590818524,0.480620205,-0.0244290344,0.603313863,0.480138123,-0.0250449833,0.611588657,0.47813496,-0.0247724783,0.574361324,0.47845152,-0.0176452,0.589617431,0.482105523,-0.0221422072,0.60006994,0.482511342,-0.0229858942,0.607420862,0.481201589,-0.0231094882
5266.666666666673,0.620819092,0.443468034,6.59022916e-008,0.615214527,0.433734268,-0.000300148735,0.602364361,0.426192701,-0.000897622085,0.589201033,0.421945781,-0.00188004598,0.57939887,0.419051558,-0.00312114693,0.589354634,0.427800596,-0.00136256556,0.573686123,0.423647285,-0.00428064167,0.564048529,0.421837747,-0.00643255375,0.557401359,0.420756429,-0.00772580504,0.584621787,0.433603644,-0.00306913233,0.566301227,0.430400193,-0.00522605376,0.555377603,0.428932756,-0.00709061418,0.547126532,0.428115129,-0.00831855368,0.582377493,0.439784795,-0.00483112969,0.565417469,0.437735528,-0.00657692133,0.555248916,0.436548591,-0.0069426056,0.547243476,0.435647339,-0.00730702747,0.582616329,0.445948333,-0.00657951646,0.57001847,0.445242107,-0.00771128666,0.56301105,0.444446057,-0.00674779154,0.557339609,0.443752825,-0.0058487989
5266.666666666673,0.563458323,0.461032271,1.82390654e-008,0.570141077,0.452583492,-0.00667663291,0.58024621,0.448447943,-0.0127263768,0.590369165,0.449714631,-0.0171064623,0.596573353,0.453351974,-0.0208046436,0.564854264,0.453939766,-0.021802647,0.585721552,0.456647933,-0.0290630981,0.594739735,0.456279,-0.0313697048,0.596832335,0.455235362,-0.0313564911,0.562522531,0.461486667,-0.0206868537,0.58568126,0.465156198,-0.0263232794,0.599169731,0.4645,-0.0263209864,0.605231643,0.462789923,-0.0263090618,0.564878047,0.467254579,-0.0191863962,0.586428523,0.470217645,-0.0240508392,0.599890172,0.46889475,-0.0237341076,0.605825961,0.466229409,-0.0228076167,0.569816351,0.471035451,-0.0177954715,0.587618351,0.472859621,-0.0205031,0.598185301,0.471311569,-0.0197510868,0.602881134,0.468162745,-0.0189335067
5283.33333333334,0.621570706,0.436985344,9.77606902e-008,0.618623793,0.427624404,-0.00224505225,0.607895434,0.4191899,-0.00354439579,0.596451819,0.413650662,-0.00486306613,0.587504625,0.409990877,-0.00639603054,0.593376,0.419254035,-0.00407825503,0.576855719,0.413131416,-0.00748761185,0.56552434,0.410405219,-0.00962930731,0.557004154,0.409222126,-0.0109642157,0.587624967,0.424441516,-0.00505913934,0.569954574,0.419700205,-0.0079772817,0.558736742,0.417397201,-0.0102920905,0.549934804,0.41619733,-0.011854534,0.584258735,0.430198073,-0.00613437546,0.567968369,0.426827937,-0.00833954755,0.558631957,0.424952507,-0.00885883067,0.551161885,0.423514634,-0.00935212709,0.583319306,0.43610552,-0.00736128492,0.570539057,0.434295446,-0.00908874441,0.564186215,0.432793558,-0.00839958619,0.559089,0.431333,-0.00761212967
5300.000000000007,0.627986789,0.42842856,8.61139853e-008,0.624138236,0.418336809,0.000146080012,0.613677144,0.409509957,-0.000646633445,0.603112,0.404320806,-0.00215917453,0.594512522,0.40070343,-0.00411738176,0.600659549,0.408450603,-0.00222178758,0.584995866,0.402353048,-0.00591226388,0.574658096,0.399154663,-0.00858936179,0.566647172,0.397408813,-0.0102103055,0.59444344,0.413439423,-0.00492339069,0.575494409,0.40835169,-0.00760856085,0.563674569,0.40567705,-0.0101224929,0.554323375,0.404277354,-0.0118465442,0.590476274,0.419653714,-0.00760230748,0.572025418,0.416087061,-0.00961468183,0.560908258,0.414233714,-0.0108342348,0.552496076,0.412892312,-0.0118751861,0.589009047,0.426587611,-0.0102132568,0.574151158,0.425286621,-0.0118548125,0.566061378,0.424918234,-0.0113629606,0.559796929,0.424744636,-0.0107026147
5316.666666666674,0.631797194,0.420987785,8.93618832e-008,0.629422724,0.410244942,0.00140884554,0.621153,0.401545167,0.000382679806,0.612522721,0.395737231,-0.00165565358,0.604817569,0.391407728,-0.00416790647,0.605559289,0.398352116,-0.00098973047,0.591031969,0.391802728,-0.00475627463,0.581324935,0.388491035,-0.00780279189,0.573320746,0.386721104,-0.00986805651,0.598761141,0.403403908,-0.00459402287,0.582055,0.397195071,-0.00767564308,0.571139336,0.394021243,-0.0107863322,0.562009394,0.392227,-0.0130853252,0.594375372,0.409966409,-0.00811335351,0.577191412,0.405445188,-0.01065752,0.566328585,0.402886868,-0.0122941751,0.557585955,0.401064217,-0.0137106013,0.592404544,0.41729039,-0.0114362454,0.578088343,0.415120721,-0.0137709491,0.569169581,0.413657844,-0.0139275193,0.561405301,0.412441313,-0.0137882736
5333.333333333341,0.635643721,0.415675491,8.45950652e-008,0.636503518,0.404711038,0.00144161168,0.630527854,0.395313531,0.000673706119,0.6227808,0.388570577,-0.000673054194,0.615897179,0.383952528,-0.00227840594,0.616084397,0.392010421,-0.00181956089,0.603584349,0.383653879,-0.00499741221,0.594329655,0.379598022,-0.00727589661,0.586515,0.37721628,-0.00868551,0.606812477,0.395982534,-0.00434141746,0.592366099,0.387720585,-0.00674724812,0.582662582,0.383427083,-0.00853869598,0.574715376,0.380564839,-0.00984476786,0.599132061,0.401301593,-0.00661576865,0.584279954,0.394862235,-0.00793897919,0.575158834,0.39125523,-0.00836933218,0.568266034,0.388745576,-0.00903623831,0.593491,0.407219172,-0.00873755943,0.581203401,0.402973443,-0.00953727309,0.5737167,0.400239348,-0.00882670563,0.567506969,0.39782542,-0.0081824977
5333.333333333341,0.552973568,0.426490843,3.09551957e-008,0.551042616,0.417574,-0.0016678971,0.555056632,0.407760739,-0.00680012675,0.563520968,0.401267737,-0.0120103341,0.57127136,0.39798072,-0.0167207159,0.54859513,0.406118572,-0.014737851,0.56404078,0.396821856,-0.0234997086,0.571545839,0.398065835,-0.027571205,0.572428167,0.40069288,-0.0291121099,0.553116381,0.41174835,-0.0179187935,0.570094049,0.402968407,-0.024682682,0.577608585,0.403489202,-0.0252569597,0.579297125,0.40507108,-0.02551952,0.56003058,0.417540669,-0.0209488217,0.577087462,0.409300596,-0.0261968989,0.583335221,0.408792615,-0.0237946101,0.584233,0.409340858,-0.0219224915,0.568007946,0.422606528,-0.0239999518,0.58080554,0.415734738,-0.0270152,0.58586812,0.414524436,-0.0244455338,0.587048829,0.414381325,-0.0222434476
5350.000000000008,0.640496552,0.408525884,1.02465719e-007,0.641927123,0.397234857,0.00220307801,0.637980819,0.388005257,0.00156174134,0.63206917,0.38156718,-0.000134635193,0.626146,0.377644449,-0.00245660427,0.622618198,0.383133262,-0.000723877514,0.611758411,0.374773562,-0.00380525389,0.604161739,0.370503187,-0.00648483308,0.597513855,0.367825359,-0.00808901433,0.614056528,0.387216479,-0.0041526705,0.599782526,0.378548324,-0.00623773271,0.590348065,0.374086,-0.00860993098,0.582427263,0.371602327,-0.0102886455,0.607158482,0.393103123,-0.00723549258,0.591999471,0.386695325,-0.0083228061,0.583033681,0.383625567,-0.0090343738,0.576333165,0.381961375,-0.00976518728,0.602244258,0.400028348,-0.0100981938,0.589464366,0.395018458,-0.0104916189,0.583108783,0.393042862,-0.00903312583,0.578061879,0.392052919,-0.00771251088
5350.000000000008,0.549524546,0.423212528,1.64171524e-007,0.550547779,0.414203,-0.00122908747,0.552957356,0.404633969,-0.00518437941,0.558676958,0.397629768,-0.00935120229,0.564776421,0.392591476,-0.0136618363,0.543433905,0.403397053,-0.0131332,0.54487443,0.393366158,-0.0223311037,0.552939057,0.387748659,-0.0276859943,0.561537743,0.384419709,-0.0304588825,0.546303928,0.407087177,-0.0168409199,0.551171958,0.396612167,-0.0256743357,0.561524272,0.391040236,-0.0291072801,0.57156086,0.388256699,-0.0307680927,0.552570045,0.411762029,-0.0203903094,0.561361849,0.403036833,-0.0278462209,0.571901619,0.398293436,-0.0294696819,0.580569923,0.395353347,-0.0297323931,0.560946107,0.416728795,-0.0238807388,0.569614828,0.409826338,-0.0291332304,0.57676214,0.404690653,-0.0301110353,0.582982421,0.400590122,-0.0302049275
5366.666666666675,0.641568244,0.403801829,1.16939518e-007,0.645749509,0.393952966,0.0026227273,0.643746912,0.384755,0.00198291382,0.639047623,0.377432585,0.000617610756,0.637277603,0.372005343,-0.00136075052,0.632077515,0.380098343,-0.00426995661,0.623070776,0.368881971,-0.00717329653,0.615811706,0.362831771,-0.00833348464,0.609342873,0.359082669,-0.00878523849,0.622913778,0.382735133,-0.0075246878,0.610028327,0.370979,-0.00994871743,0.601083279,0.364823073,-0.010982153,0.593559265,0.361332893,-0.0115353549,0.614344358,0.387075067,-0.0101229595,0.598049164,0.378659338,-0.0117889754,0.588617146,0.374248058,-0.0129284309,0.581943274,0.371632695,-0.0138005894,0.606838703,0.392753601,-0.0122375749,0.593015313,0.387730926,-0.0131258452,0.586484909,0.385480493,-0.012528318,0.58214134,0.384055287,-0.0118548665
5366.666666666675,0.551041782,0.41567257,1.1213838e-007,0.552705228,0.405374944,-0.000300352636,0.554691136,0.39325884,-0.00383883552,0.560036898,0.384123415,-0.00797957368,0.565880895,0.377965271,-0.0123269968,0.543440759,0.390375584,-0.0119795846,0.547981203,0.378844857,-0.0208998788,0.557159781,0.373744667,-0.0259004738,0.56610316,0.371176153,-0.0286580324,0.545435667,0.394933045,-0.016339805,0.554588795,0.383231372,-0.0247257371,0.566215634,0.378385872,-0.0276783928,0.576646,0.375943959,-0.0294873416,0.551321626,0.400261253,-0.020544732,0.563404202,0.390243679,-0.0279295985,0.57521522,0.385791153,-0.0287577268,0.584702849,0.382985324,-0.0288722161,0.559735715,0.405792236,-0.0246788822,0.570589662,0.397458971,-0.0296225287,0.578815,0.39258945,-0.0297686849,0.585672438,0.388829678,-0.0295646228
5383.333333333342,0.646693528,0.399796784,1.11675234e-007,0.649577,0.389861882,0.00268218,0.646836102,0.381308615,0.00175217923,0.640412629,0.375969708,-6.79025325e-005,0.634520769,0.373199522,-0.00242966041,0.63910836,0.375787258,-0.0044183773,0.630930305,0.364543915,-0.00848118123,0.624848545,0.358046472,-0.0105876792,0.619180679,0.353425175,-0.0116498582,0.629666269,0.377927721,-0.0082446374,0.61842525,0.365950435,-0.0115031227,0.61085546,0.359080613,-0.0132676326,0.604131401,0.354586214,-0.014381445,0.620758891,0.381787777,-0.0115803648,0.605220497,0.372827381,-0.0141774863,0.59578073,0.367604434,-0.0162167829,0.588532448,0.364102721,-0.0175940134,0.613094509,0.386558264,-0.0144596528,0.599426806,0.379634023,-0.0167467911,0.591304541,0.375650167,-0.0175183956,0.584472656,0.372516751,-0.0177581534
5383.333333333342,0.553579628,0.408746958,1.13895283e-007,0.556620061,0.399330437,0.000167271515,0.559251,0.38900888,-0.00293604634,0.566390753,0.381425261,-0.00708225137,0.573672533,0.375983834,-0.0112474523,0.54445225,0.38504833,-0.00721697,0.549037457,0.373479486,-0.0147245303,0.556707859,0.367630929,-0.0194404256,0.563814104,0.363672107,-0.0221954789,0.545264184,0.388126224,-0.0118135987,0.552281082,0.375825375,-0.0186537635,0.560871065,0.369829148,-0.0217259172,0.568826616,0.365958631,-0.023671288,0.550275207,0.392231822,-0.0164702665,0.560088098,0.381877631,-0.0226640031,0.569196105,0.37739408,-0.0235920474,0.576563776,0.374572873,-0.023830954,0.558437109,0.396697521,-0.0211844128,0.56780237,0.388798743,-0.0253234915,0.575476,0.384758741,-0.0251762941,0.582120776,0.381801486,-0.0248012822
5400.000000000009,0.650755405,0.395388752,1.24531226e-007,0.655941427,0.387090117,0.00140267948,0.65480715,0.379416525,-0.000147053739,0.650137961,0.374074847,-0.00240384205,0.64791882,0.370813161,-0.00529214321,0.643017888,0.371986598,-0.00528389215,0.636367679,0.3606686,-0.00949987862,0.631402433,0.354037046,-0.0119285565,0.626604438,0.349203497,-0.013274746,0.633024395,0.37373,-0.00845322665,0.624127269,0.361506194,-0.0116254976,0.617533326,0.354546785,-0.0135187432,0.611646593,0.349753439,-0.0147259105,0.6242764,0.377367,-0.0111167757,0.611896515,0.367411375,-0.0133646121,0.603559315,0.361714423,-0.0150708938,0.597120047,0.357804745,-0.0163659696,0.617442787,0.382430911,-0.0134452116,0.607238054,0.37598905,-0.0151690841,0.600817204,0.37198168,-0.0151584372,0.595714569,0.368728548,-0.014849483
5400.000000000009,0.553855062,0.403200895,9.64330269e-008,0.552416921,0.394713104,-9.06974165e-005,0.553052545,0.384388536,-0.00343920686,0.558472872,0.377011746,-0.00777290668,0.564935267,0.372183204,-0.0121799493,0.545272,0.379009873,-0.00879834406,0.550330758,0.365983188,-0.0170784313,0.558166,0.360104352,-0.0219852477,0.565462053,0.356081218,-0.0248318519,0.547029436,0.381660521,-0.0134659922,0.555009723,0.368560672,-0.021437604,0.564517558,0.362511873,-0.0249604024,0.573318779,0.358471781,-0.0270351022,0.552518606,0.385535717,-0.0181692671,0.561768532,0.374040753,-0.0252398439,0.571960032,0.368731052,-0.027148068,0.580624402,0.365043849,-0.0279543586,0.560532928,0.390026897,-0.0228816234,0.568653584,0.381679,-0.0278754178,0.57592541,0.377109736,-0.0286965203,0.58289212,0.373404235,-0.028975131
5416.666666666676,0.651501238,0.392796874,1.24931944e-007,0.658143938,0.384561449,0.00163447065,0.658324957,0.376913041,0.00059346,0.655404389,0.371483505,-0.00131599582,0.654569,0.368122339,-0.00372715876,0.647579432,0.368712604,-0.00302467169,0.64270395,0.357139885,-0.0065830946,0.638654232,0.350398511,-0.00888990704,0.634573877,0.345533252,-0.0102451351,0.637671888,0.370412558,-0.0063010403,0.629385889,0.35818854,-0.00897535,0.623410702,0.351188868,-0.0109496769,0.617938042,0.346140653,-0.0123480204,0.628729641,0.373652756,-0.00922642928,0.619002104,0.36322242,-0.0111138662,0.61208564,0.356981575,-0.012827347,0.606622458,0.352394819,-0.0141936522,0.621172249,0.377936661,-0.0119043803,0.613139629,0.371196717,-0.0132803256,0.608038425,0.367096066,-0.0131777748,0.603977859,0.363799423,-0.0128936255
5416.666666666676,0.557881,0.398716569,1.4495437e-007,0.557855427,0.38933903,0.00123660476,0.55673182,0.37910375,-0.00119261525,0.559771895,0.371100545,-0.00463596638,0.564777672,0.365228623,-0.00808891281,0.549125075,0.374696255,-0.00625412259,0.553357124,0.362148255,-0.0131447241,0.560192287,0.355516046,-0.0171699431,0.566890776,0.35094133,-0.0192694142,0.55122143,0.376726985,-0.0106435614,0.55734235,0.363630563,-0.0162788387,0.56580627,0.356708556,-0.0187384021,0.574004114,0.352102399,-0.0202059262,0.556524932,0.379821956,-0.0149628622,0.565182745,0.368446738,-0.0194451921,0.575222433,0.362627447,-0.0205196813,0.584141731,0.358632684,-0.021139985,0.563940346,0.383577019,-0.0192674659,0.570007145,0.375895053,-0.0222132448,0.576403916,0.37136957,-0.0223051626,0.582980156,0.368024766,-0.0221755914
5433.333333333343,0.654025078,0.390203148,1.15647858e-007,0.660922587,0.381709069,0.000673643139,0.65993911,0.373372257,-0.000564286369,0.656079292,0.367418438,-0.00247760629,0.653316438,0.363295823,-0.00483312644,0.651637316,0.366476506,-0.00401149737,0.647336066,0.354750425,-0.00809915457,0.644194841,0.348062813,-0.010734125,0.641175568,0.343298435,-0.0122116068,0.641511083,0.367977887,-0.00686386693,0.634021223,0.355490297,-0.00997317396,0.629138827,0.348359436,-0.0121352151,0.625100911,0.343446493,-0.0135140661,0.632186651,0.370976776,-0.0094941752,0.623466671,0.359494448,-0.0119658317,0.617552638,0.35261324,-0.0138201667,0.612901628,0.347480178,-0.015174441,0.624218762,0.375098109,-0.0118982708,0.616632,0.36784631,-0.014368915,0.611581087,0.363093674,-0.0149311367,0.607586205,0.359103084,-0.0149380416
5433.333333333343,0.557622492,0.395287573,1.52020576e-007,0.557796061,0.385883331,0.0017122447,0.558701217,0.375561595,-0.00029465917,0.563109219,0.367801607,-0.00333083631,0.568727612,0.361912191,-0.0064807348,0.55302906,0.371869564,-0.0055412245,0.558576345,0.359111071,-0.0121525833,0.565456,0.352100849,-0.0159153864,0.572056711,0.347177207,-0.0177745409,0.555731058,0.373101592,-0.00997812301,0.561102808,0.359146953,-0.0158669129,0.569442,0.351650417,-0.0187557079,0.577396691,0.346709549,-0.0203689691,0.561297715,0.375451148,-0.0142600443,0.569036782,0.363724232,-0.0192566011,0.579027057,0.357586801,-0.0211210251,0.587456822,0.353622198,-0.0220233779,0.568727076,0.378506571,-0.0183825083,0.574296176,0.370241821,-0.0216315351,0.581272483,0.365404725,-0.0221455209,0.58827579,0.362108141,-0.0222626962
5450.00000000001,0.656918645,0.388996392,1.27113893e-007,0.662449777,0.379825264,0.0017943905,0.662249327,0.371724874,0.000294758473,0.659249,0.36612606,-0.00214565895,0.658037722,0.36266315,-0.00516305352,0.655770302,0.36578387,-0.00423192559,0.652470112,0.353719682,-0.00847826898,0.649651229,0.346743822,-0.0110342735,0.646805584,0.341469705,-0.0124680884,0.646122515,0.367049694,-0.0077410466,0.639684916,0.354047805,-0.011020219,0.635676384,0.346506923,-0.0128694093,0.632122,0.340809315,-0.0141108725,0.636755884,0.369663984,-0.010886116,0.628321767,0.358133405,-0.013116939,0.623084307,0.351407796,-0.0145791396,0.619087577,0.346458644,-0.0157174729,0.628265679,0.373118907,-0.0137737757,0.620997787,0.365073502,-0.0155027015,0.616586864,0.360006452,-0.0156103596,0.613046348,0.355851591,-0.0154767819
5450.00000000001,0.563933194,0.390638232,1.38423928e-007,0.566793382,0.380626678,0.00252561225,0.567944646,0.371001154,0.000738799397,0.571377099,0.363862544,-0.00225274963,0.57559216,0.358283877,-0.00540470937,0.559558094,0.367159724,-0.00502279308,0.564954937,0.354848236,-0.0109899873,0.571468949,0.348332494,-0.0142137185,0.57741487,0.343683124,-0.0156696886,0.561131299,0.368919134,-0.00977347884,0.566940725,0.355412215,-0.0148684448,0.57443893,0.348265886,-0.0170457531,0.581278861,0.34351787,-0.018120816,0.566199124,0.371661425,-0.0142827099,0.573463678,0.359776765,-0.0182200726,0.582130611,0.353480577,-0.0192688387,0.589602828,0.349339098,-0.0197568983,0.573554575,0.375164628,-0.0186239388,0.57838887,0.366767049,-0.0210834444,0.584750593,0.36172846,-0.020951299,0.591562748,0.358266801,-0.020593
5466.666666666677,0.659565449,0.386701345,1.32836405e-007,0.663311064,0.37620011,0.00269286544,0.661280692,0.367317498,0.00138512067,0.655657053,0.361556709,-0.000900549465,0.649817765,0.358391911,-0.00384261622,0.659209907,0.363752484,-0.00493792,0.656535387,0.351521283,-0.00963254459,0.654146612,0.344399452,-0.0123094143,0.651661396,0.33889541,-0.0136187747,0.650436163,0.365275383,-0.00891514309,0.644473493,0.351870149,-0.0126008457,0.640383363,0.34412089,-0.0144585762,0.636578,0.338258386,-0.0156620592,0.640928507,0.36805284,-0.0124053983,0.63244468,0.356220186,-0.0149177751,0.62663275,0.349356681,-0.016571451,0.62221235,0.344361633,-0.0177573171,0.631266594,0.371579707,-0.0155059807,0.62351352,0.362754613,-0.0172967725,0.61862576,0.357225955,-0.0176524408,0.614595711,0.352783769,-0.0177459605
5466.666666666677,0.566697836,0.387413621,1.36936066e-007,0.568151951,0.378313601,0.00265881559,0.569536269,0.368748814,0.00136429898,0.574295044,0.361911714,-0.00122876198,0.579112,0.356842488,-0.00395404873,0.562839091,0.364875883,-0.00345583702,0.56927985,0.352701128,-0.00905520469,0.576325357,0.345953315,-0.0123,0.582676589,0.341184139,-0.0138081908,0.564979434,0.3662242,-0.0080663627,0.571435869,0.352696955,-0.0126990601,0.579155624,0.345558643,-0.0149520785,0.586201072,0.340751022,-0.0161051862,0.570383489,0.368448168,-0.012508342,0.578060746,0.35651955,-0.016071327,0.586609483,0.35029313,-0.01727641,0.593964815,0.346211046,-0.0178698152,0.578066826,0.371345133,-0.016826652,0.584470212,0.363012284,-0.0188132394,0.590723097,0.35816884,-0.0186694618,0.596882761,0.354685128,-0.0183879826
5483.333333333344,0.657573342,0.384812862,1.32242988e-007,0.663336158,0.37507692,0.00165823661,0.662157178,0.366289943,0.000329256407,0.657076418,0.359951228,-0.00168864,0.651391327,0.355784833,-0.00428687036,0.658037126,0.362277985,-0.00571206398,0.655386567,0.35054177,-0.0103775,0.653445363,0.343669534,-0.0130297327,0.651516676,0.338323832,-0.0143346423,0.648803771,0.363443911,-0.0090827886,0.644061387,0.350087345,-0.0125050582,0.641074,0.342423797,-0.0140951928,0.638445616,0.336675733,-0.0150905605,0.639285862,0.366018981,-0.0120463474,0.631923378,0.354238629,-0.0143903559,0.627555907,0.347385406,-0.01577067,0.624626875,0.342382908,-0.0168300793,0.630112529,0.369526893,-0.0147166792,0.622846782,0.36117956,-0.016600173,0.618781388,0.355931938,-0.0168428812,0.615864217,0.351740539,-0.0168122631
5483.333333333344,0.571940839,0.385291934,1.32768193e-007,0.572102904,0.376627952,0.002091042,0.573748231,0.367060393,0.000662634,0.578784823,0.360410482,-0.00196646759,0.583855391,0.35571906,-0.00466773845,0.567137063,0.363331586,-0.00366770453,0.574032485,0.35116148,-0.00915444829,0.5805493,0.344415,-0.0121783055,0.586363375,0.339602649,-0.0135660097,0.569716513,0.364593953,-0.00811913889,0.575762808,0.35105437,-0.0130721023,0.582509458,0.343737304,-0.015590921,0.588537753,0.33861,-0.016871728,0.575494289,0.366748482,-0.0124601079,0.583962381,0.354711652,-0.0165847763,0.592885,0.348457307,-0.0181172173,0.600365341,0.344210595,-0.0187563486,0.583322048,0.369536221,-0.0166876055,0.589993656,0.360730857,-0.0191193856,0.596300185,0.355842799,-0.0192554649,0.602385581,0.352269024,-0.0190911684
5500.000000000011,0.657698929,0.3845599,1.35141462e-007,0.664011,0.375199586,0.000494735141,0.66404289,0.366416812,-0.00164204754,0.660064399,0.359679043,-0.00421490241,0.65530324,0.355145037,-0.00742957368,0.658522248,0.362463892,-0.00762449671,0.65643537,0.350495696,-0.013223744,0.655188739,0.343345821,-0.0165736955,0.653971255,0.337744564,-0.0183200315,0.649018884,0.363498092,-0.0106791,0.644824088,0.350079417,-0.0150068849,0.642389774,0.34212938,-0.0172957387,0.640289128,0.335972607,-0.0187969636,0.639210403,0.365965366,-0.0133660529,0.632578373,0.353663802,-0.0166199282,0.628866613,0.346112728,-0.0185370706,0.626483619,0.340441525,-0.0199306794,0.629681528,0.36946404,-0.0157718044,0.62275964,0.360821187,-0.0183960684,0.619305551,0.355011404,-0.0190133024,0.617085397,0.350241244,-0.0192500167
5500.000000000011,0.575208545,0.38385269,1.32155506e-007,0.575003326,0.375373691,0.0020553642,0.577104,0.365840793,0.000348481932,0.582650363,0.359365851,-0.0024800566,0.588485122,0.354727268,-0.00548150251,0.57268703,0.362015456,-0.00490212347,0.579499185,0.34994486,-0.0105740232,0.585494,0.343247861,-0.0135782203,0.590856075,0.338356018,-0.014940111,0.574839652,0.363181174,-0.00937293191,0.581065655,0.349814683,-0.0145383691,0.587196,0.342384607,-0.0170109421,0.592627585,0.337117404,-0.0182873309,0.579916954,0.36537832,-0.0136505272,0.58868587,0.353455067,-0.0179968849,0.597333312,0.347141445,-0.0197554156,0.604628503,0.342854083,-0.0205537062,0.587219894,0.368266821,-0.0177538786,0.594647,0.359319717,-0.0204566494,0.601293,0.354138702,-0.0208622981,0.607569337,0.350291133,-0.0208809301
5516.666666666678,0.657328188,0.385505557,1.35872952e-007,0.663235903,0.376323491,0.000893460587,0.663262844,0.367740214,-0.00107607769,0.659920633,0.361510426,-0.00364472135,0.65585351,0.35772866,-0.00688924966,0.657194436,0.363470495,-0.00649466971,0.655749083,0.35135892,-0.0119525678,0.655077577,0.343999177,-0.0153618744,0.654233515,0.338323981,-0.0171301924,0.648314834,0.364388704,-0.00964837894,0.644722879,0.350969434,-0.0139452908,0.643091738,0.342894614,-0.016268244,0.641495883,0.33655563,-0.0177279,0.638831913,0.366532058,-0.0124941096,0.63271,0.354231536,-0.015563135,0.629308581,0.346445113,-0.0177129824,0.626783133,0.340524912,-0.0192478728,0.629478157,0.369595349,-0.0150679862,0.62312609,0.360757411,-0.0173505526,0.619603038,0.355054796,-0.0179969091,0.616822302,0.350455403,-0.0183146503
5516.666666666678,0.577996314,0.383020729,1.22478326e-007,0.579158485,0.374047101,0.00270133931,0.582823634,0.364810377,0.00176693,0.589334786,0.359095395,-0.000614407356,0.594801,0.354978174,-0.00319041265,0.578316748,0.360738456,-0.0019834945,0.584637821,0.349500597,-0.00716657285,0.590264738,0.342882365,-0.0104876431,0.595293343,0.337839305,-0.0122578414,0.580081224,0.361639,-0.00685847225,0.586401,0.348847181,-0.0113026807,0.592435181,0.341471851,-0.0142038437,0.597853661,0.335970908,-0.015897505,0.584824324,0.363706291,-0.0116369631,0.593072891,0.352369517,-0.0153644765,0.600583851,0.345920354,-0.0173336379,0.606907129,0.341249734,-0.0183869619,0.591958046,0.36662969,-0.0162939895,0.599455774,0.358239651,-0.0184246562,0.605616212,0.353382081,-0.0185655635,0.611342,0.349643826,-0.0184922051
5533.333333333345,0.65703392,0.384885,1.39949378e-007,0.66304034,0.374978781,0.00104816456,0.662128031,0.36625585,-0.000894806057,0.656690538,0.360377282,-0.00346432975,0.650251925,0.357057482,-0.00676831556,0.658078492,0.362488359,-0.00623541558,0.65641427,0.35075286,-0.0114726005,0.655449331,0.343878627,-0.0147236753,0.654476345,0.338424891,-0.0163670648,0.648798168,0.363662094,-0.00952653587,0.645311177,0.350431383,-0.0134660481,0.643754959,0.34262225,-0.0155414185,0.64244473,0.336432815,-0.0169066,0.638521433,0.366133809,-0.0125421062,0.633200109,0.353554338,-0.0154742,0.630340219,0.345986,-0.0176350083,0.628410876,0.340307,-0.019195063,0.628275514,0.369538903,-0.0152460765,0.622624278,0.360209107,-0.0173302367,0.619629562,0.354668826,-0.0178203918,0.617228448,0.350429565,-0.0180784557
5533.333333333345,0.58155936,0.383727223,1.11650863e-007,0.582783639,0.375130177,0.00215921761,0.586477876,0.365727276,0.00109612744,0.592416406,0.359632701,-0.0012790343,0.597996235,0.355173469,-0.00382446172,0.582533062,0.361199051,-0.00280414941,0.587968767,0.349463612,-0.00840652548,0.593902409,0.34242,-0.0118552493,0.599608183,0.337244123,-0.0135838846,0.584558725,0.362093061,-0.00736089936,0.590857923,0.34917134,-0.0121106962,0.597346842,0.341636211,-0.0149835357,0.60352385,0.336143821,-0.0165414624,0.589602649,0.364125609,-0.0118766902,0.597509384,0.352288932,-0.0158750173,0.604729474,0.345241904,-0.0180344693,0.611151,0.340134501,-0.0191478636,0.596999526,0.366995692,-0.0162856486,0.604431868,0.358323306,-0.0186829176,0.610388041,0.35316053,-0.019102199,0.616123497,0.34906736,-0.0191677883
5550.000000000012,0.655159354,0.386023492,1.33819668e-007,0.661727965,0.376889467,0.000938053941,0.662445724,0.368291259,-0.0008768,0.659904659,0.361586809,-0.00323854689,0.65586,0.357362,-0.00633348105,0.656101525,0.364638329,-0.00622963859,0.653577745,0.352270782,-0.0115947658,0.652489662,0.344859,-0.0148686925,0.651356459,0.339064419,-0.0165011194,0.64777714,0.36555782,-0.00944384187,0.644591272,0.351661593,-0.0138183739,0.643195,0.34344539,-0.0161110424,0.641775966,0.33681649,-0.0174679682,0.638533711,0.367537588,-0.0123552382,0.63356328,0.354331,-0.0156084793,0.630923271,0.346212149,-0.017574748,0.629084468,0.340113133,-0.0188516621,0.628793299,0.370239705,-0.0149868419,0.624060094,0.360176712,-0.0173419602,0.621814966,0.354100525,-0.0177875571,0.620136,0.349298686,-0.0178919639
5550.000000000012,0.586325586,0.383417338,1.21938953e-007,0.586420059,0.37454325,0.00123826042,0.590018,0.365026921,-0.000710516935,0.595983684,0.358537763,-0.00382102351,0.602267146,0.354138583,-0.00720085297,0.5868662,0.36195,-0.00562515948,0.592282414,0.349063426,-0.0120632378,0.597536504,0.341537207,-0.0156697966,0.602619767,0.33584097,-0.0173935834,0.589416862,0.362959921,-0.0100754481,0.596041918,0.34886241,-0.0157163106,0.602344632,0.340412,-0.0190328155,0.608270824,0.334138513,-0.0208462961,0.595178783,0.36510691,-0.0143362926,0.603040457,0.352565408,-0.0189723298,0.610979259,0.345355064,-0.0213346444,0.617909312,0.3401905,-0.0225115139,0.603233278,0.367998213,-0.0185093712,0.609693646,0.358658612,-0.0213846341,0.615663111,0.353244603,-0.0218844116,0.621616423,0.349001467,-0.0219477639
5566.666666666679,0.654636204,0.386497557,1.32279936e-007,0.660641968,0.377396464,0.00111659314,0.660715818,0.368929386,-0.00050453766,0.657120109,0.362574846,-0.00275333016,0.652630925,0.358626932,-0.00581197115,0.655103385,0.364484489,-0.00523649482,0.652286351,0.352416068,-0.010124498,0.650676727,0.344921231,-0.0133349383,0.648925424,0.339056939,-0.0150645431,0.647432,0.36554122,-0.0085738916,0.644899368,0.352061063,-0.0122801578,0.643715858,0.344180167,-0.0144725675,0.642533779,0.337700546,-0.0159432,0.638874769,0.367827863,-0.0116269859,0.635485768,0.355091393,-0.0142697319,0.633811772,0.347193897,-0.0158991441,0.633005142,0.341172516,-0.0171687417,0.62942344,0.370988,-0.0144410543,0.625641644,0.361510515,-0.016247578,0.62393856,0.355815828,-0.0161955785,0.622600257,0.35142684,-0.0160821099
5566.666666666679,0.596180737,0.382067621,9.89960824e-008,0.593714595,0.371895939,0.00150429411,0.595124841,0.362906724,-0.000380499725,0.599376202,0.356551528,-0.00342252757,0.604228258,0.352391332,-0.0067089973,0.591315091,0.360901982,-0.0049609947,0.594548404,0.348968029,-0.0108852023,0.598425686,0.342157543,-0.0142975831,0.602166891,0.336827368,-0.0160608217,0.594955444,0.362213403,-0.00955044758,0.600749075,0.349250704,-0.0146663403,0.606085241,0.341489017,-0.0177425966,0.611079216,0.335536242,-0.0196919069,0.601206124,0.364485741,-0.0139963729,0.608778119,0.352856278,-0.0181355178,0.61563772,0.345927536,-0.0203988645,0.621699095,0.340794683,-0.0218105223,0.609133,0.36739251,-0.0183650851,0.614729345,0.358687222,-0.0208597574,0.619919658,0.353619099,-0.0212316439,0.625367641,0.349765539,-0.0214288086
5583.333333333346,0.654273,0.38769,1.34193016e-007,0.660128832,0.378914,0.000470451894,0.660640955,0.370515585,-0.00137687894,0.657375157,0.364444464,-0.00382321328,0.652691841,0.36100781,-0.00693835178,0.655391693,0.366697967,-0.00484581711,0.652722776,0.354541421,-0.0100027937,0.651328564,0.346806586,-0.0135152079,0.649947107,0.340649337,-0.0154660093,0.648075104,0.367144555,-0.00797388516,0.645721436,0.353571,-0.0122092841,0.644957125,0.345297068,-0.0147732208,0.644292474,0.338298857,-0.0164654907,0.639459789,0.368606091,-0.0109924246,0.636687398,0.355533868,-0.0141844759,0.635623753,0.347384542,-0.0162601564,0.635268,0.341156542,-0.0176949278,0.629636049,0.370821029,-0.0138606131,0.626826048,0.360824883,-0.01585369,0.625880659,0.354935199,-0.0161287785,0.625094533,0.350402266,-0.0162852202
5583.333333333346,0.598975062,0.381529629,1.12818427e-007,0.595201373,0.372380972,0.00155981386,0.59618926,0.363415,-0.000317864266,0.60024935,0.357463956,-0.00327356579,0.605324149,0.353639,-0.006639292,0.594346881,0.360890746,-0.00552204,0.596661,0.349185079,-0.0113757662,0.599739969,0.342190474,-0.0147513449,0.602918684,0.336762637,-0.0164701212,0.598693073,0.362043649,-0.0100282067,0.603455,0.349114418,-0.0149753913,0.608123481,0.341166496,-0.018140886,0.612626731,0.335077047,-0.0200977437,0.605271935,0.364172369,-0.0142433606,0.611501157,0.352317452,-0.0183948781,0.617703557,0.345440984,-0.0208455697,0.62306565,0.340368539,-0.0222855583,0.613465607,0.366931617,-0.0183007289,0.618801534,0.358142465,-0.0211155117,0.62368685,0.353177726,-0.0215861928,0.628520966,0.349417627,-0.021671325
5600.000000000013,0.652845204,0.387980968,1.10796208e-007,0.656936944,0.379301429,0.00160303863,0.655874848,0.370980948,0.000930595095,0.652102113,0.364882767,-0.000649076072,0.647938907,0.360734522,-0.00281823403,0.65234673,0.367040873,-0.00101661775,0.649979293,0.356004775,-0.0055819517,0.648766339,0.348479748,-0.00915666763,0.647758961,0.342510045,-0.0112654176,0.646921694,0.367146,-0.00441785,0.644592941,0.354913443,-0.00806889217,0.643530548,0.347080946,-0.0107654333,0.643075883,0.340365916,-0.0126532074,0.639917791,0.368225753,-0.00785523094,0.637893081,0.35635522,-0.0107350526,0.637047768,0.348661572,-0.0127847008,0.637273729,0.342672884,-0.0142221414,0.631160438,0.370157063,-0.0111600682,0.629784465,0.360702455,-0.0132351117,0.629374743,0.354598045,-0.0137624014,0.629406035,0.349682868,-0.0140646091
5600.000000000013,0.601644278,0.382378548,1.03612656e-007,0.597953558,0.37299329,0.000838280132,0.598991632,0.363624632,-0.001261789,0.60231626,0.3570126,-0.00419464,0.60678637,0.352377713,-0.00755661726,0.59757787,0.361395776,-0.00707095,0.59889,0.349679619,-0.0134493057,0.601903439,0.342534661,-0.0171313304,0.605465591,0.336977035,-0.0191410668,0.601563215,0.362794906,-0.0113232322,0.604725242,0.350382,-0.0171199497,0.608784199,0.342267424,-0.0207166523,0.613116801,0.336025834,-0.0229347982,0.608009279,0.365415841,-0.015281748,0.61312145,0.354021937,-0.0203993786,0.618620634,0.346827984,-0.0233913809,0.623622775,0.341344863,-0.0251621,0.616137743,0.368782252,-0.0190437213,0.620815635,0.360473096,-0.0230017696,0.625149548,0.355390608,-0.0242039263,0.629483759,0.351265281,-0.0247350074
5616.66666666668,0.651923478,0.387980074,1.05283974e-007,0.65691489,0.37975657,0.000270303368,0.656443775,0.370611668,-0.000224197443,0.653165281,0.36385569,-0.00115099608,0.649274111,0.359199971,-0.00234169909,0.65236181,0.367056876,-0.00113499304,0.649441302,0.356335133,-0.00500236452,0.647492647,0.348871,-0.00799615,0.64628917,0.343420088,-0.00975742377,0.646122694,0.367129385,-0.00327003561,0.643195868,0.355759203,-0.00638857484,0.641728282,0.34841,-0.00866826065,0.641062915,0.342144698,-0.0101178428,0.639093757,0.368121207,-0.00552027393,0.636484563,0.357268,-0.00778833777,0.635440648,0.350141048,-0.00884460751,0.635249317,0.344090194,-0.00957347266,0.631238639,0.369998455,-0.00777026406,0.630007327,0.361336917,-0.00947493501,0.629508257,0.355606705,-0.00939439423,0.629167497,0.35068202,-0.00914621726
5616.66666666668,0.603915095,0.38353774,9.95904941e-008,0.600419223,0.374529719,0.000893364311,0.601421058,0.365222842,-0.00121169654,0.605199218,0.358781636,-0.00419271318,0.610009968,0.354387879,-0.00748677552,0.599196732,0.362675488,-0.00636815792,0.600508749,0.350563437,-0.0124876695,0.603401542,0.343409896,-0.0158973932,0.606701314,0.337968677,-0.0176425893,0.603445649,0.363735706,-0.0105592776,0.6069839,0.350927055,-0.016081294,0.611099422,0.342857867,-0.0194290802,0.615204811,0.336691499,-0.0213919245,0.610259771,0.365960062,-0.0144996885,0.615807116,0.354044527,-0.0190945398,0.621331632,0.346831024,-0.0216911193,0.626090109,0.341438115,-0.023146145,0.618850648,0.368937194,-0.0182950404,0.623540938,0.36010167,-0.0213958248,0.627688587,0.354589611,-0.0221582912,0.63185215,0.350160807,-0.0224237498
5633.333333333347,0.650933146,0.38832891,1.13400951e-007,0.655134,0.380742103,-0.00116369536,0.655478895,0.371282965,-0.00241938769,0.653143823,0.363899201,-0.00373896817,0.649783909,0.358597487,-0.00524755381,0.651883304,0.36754629,-0.00307377544,0.64963758,0.356572717,-0.00769496197,0.648313165,0.348849177,-0.0111539,0.647770286,0.343233287,-0.0131691312,0.646163285,0.367724568,-0.004696602,0.64354223,0.356468201,-0.00830397569,0.642049,0.348874241,-0.0110019734,0.641431,0.342328727,-0.0127675552,0.639742672,0.368864298,-0.0065051089,0.636988878,0.358173639,-0.00946095586,0.635386169,0.350838035,-0.0108083477,0.634779334,0.344507128,-0.011684861,0.632433295,0.370828837,-0.0083887456,0.630536377,0.362589806,-0.0110669332,0.62970835,0.356846154,-0.0114426995,0.629044116,0.351773083,-0.0114017837
5633.333333333347,0.606932878,0.384322196,1.01462533e-007,0.603052557,0.375387847,0.000812445185,0.603566468,0.366032839,-0.00142533251,0.607133627,0.359389156,-0.00442056591,0.611356497,0.35484916,-0.00772618,0.601056,0.363719374,-0.00731092878,0.601340353,0.35133487,-0.0135389511,0.603592694,0.344054043,-0.016939709,0.606502473,0.338491529,-0.0187026765,0.605377555,0.364731729,-0.0115122041,0.608101308,0.351637542,-0.0171234477,0.611584306,0.343325,-0.0204769541,0.615340114,0.337010235,-0.0224742368,0.612184048,0.367019266,-0.0153813818,0.617394328,0.355054438,-0.0201147106,0.622538745,0.347952038,-0.0227544513,0.6271649,0.34254244,-0.0243177507,0.620764792,0.370040804,-0.0190707147,0.624852657,0.361658454,-0.0225751754,0.628412187,0.356340468,-0.0235257968,0.632218301,0.351900488,-0.0239174105
5650.000000000014,0.652510285,0.388669729,1.02556342e-007,0.657521069,0.381162703,-0.000171979656,0.659254432,0.372333497,-0.00136386068,0.657873631,0.365398854,-0.00294267689,0.655305624,0.360674769,-0.00487118633,0.655534744,0.368113846,-0.00213389285,0.65334636,0.357610852,-0.00662409654,0.651351929,0.350104302,-0.0100912433,0.649854124,0.34450081,-0.0122433975,0.649665296,0.36817804,-0.00453017559,0.647411942,0.356803,-0.00826812722,0.645519078,0.349415362,-0.0109147578,0.6441136,0.343090266,-0.0127125131,0.642627299,0.369263858,-0.00704926439,0.640413523,0.358339131,-0.0100345807,0.638635039,0.350943834,-0.011419028,0.637727082,0.344723105,-0.0123890331,0.634166718,0.371196181,-0.00960793626,0.633209467,0.362431228,-0.012120435,0.632866204,0.356529146,-0.0125264172,0.632767379,0.351415098,-0.0126351602
5650.000000000014,0.608116686,0.386133432,9.53308756e-008,0.604063392,0.377862304,0.000896634941,0.604884744,0.368559331,-0.00116577488,0.60857439,0.36197415,-0.00410990324,0.613065779,0.357517481,-0.00736017618,0.602968276,0.364753604,-0.00575309386,0.602916598,0.352786243,-0.0116627263,0.604554474,0.345479608,-0.0150777204,0.606999338,0.339945227,-0.0168843735,0.607059836,0.365448713,-0.0100002363,0.609577119,0.352466464,-0.015382275,0.612811923,0.344184965,-0.018704107,0.61631459,0.337931722,-0.0206783619,0.613627374,0.36738655,-0.0140536027,0.618399858,0.355351925,-0.0184394009,0.622880518,0.347974956,-0.0207994245,0.626892,0.34245339,-0.0221557226,0.621951342,0.370154798,-0.0180070493,0.626338899,0.361056685,-0.0208720025,0.630061567,0.355133951,-0.0214953516,0.633817315,0.350161821,-0.0217324384
5666.666666666681,0.650359035,0.387989104,1.0507398e-007,0.655532837,0.380297422,-0.00025088762,0.657631338,0.370954931,-0.0012022166,0.656970799,0.363907427,-0.00242777541,0.655235648,0.359028339,-0.00402310817,0.655165851,0.36745584,-0.0025271161,0.653376877,0.357254684,-0.00674462924,0.652017713,0.350371301,-0.00984915253,0.651069701,0.345285565,-0.0117273908,0.649641871,0.367657542,-0.00476006325,0.64792943,0.356763601,-0.00813498534,0.646703064,0.349666804,-0.010673386,0.646061838,0.343581706,-0.0124525493,0.642647445,0.368915141,-0.00712244632,0.641059816,0.358403921,-0.0101416921,0.63996321,0.351309329,-0.0116766524,0.639931321,0.34526968,-0.0127598466,0.634120643,0.371007234,-0.00943026599,0.632949054,0.362849563,-0.0122085391,0.633001566,0.357245952,-0.0127566364,0.633410692,0.352421522,-0.0129446927
5666.666666666681,0.609750509,0.387148142,8.76782593e-008,0.606262,0.378396541,0.00178678799,0.607060313,0.368929833,0.000348548172,0.610924721,0.362537205,-0.00217434345,0.615308881,0.358432621,-0.0049633109,0.60480839,0.365220815,-0.00377570512,0.605639338,0.353358388,-0.00904631149,0.607125819,0.345838457,-0.0121933715,0.608985722,0.340275913,-0.013910261,0.608570814,0.366176724,-0.00824225,0.611930966,0.353668,-0.0131372809,0.615373433,0.345756501,-0.016214205,0.618744969,0.339696407,-0.0179663133,0.614693046,0.368161,-0.0125168702,0.618818104,0.356320292,-0.0165270977,0.623254538,0.349056095,-0.0185567364,0.627403736,0.343559742,-0.0196386725,0.622606218,0.370911479,-0.016660545,0.626389384,0.362071335,-0.0192063618,0.629622221,0.356343836,-0.0195628796,0.63315177,0.351588935,-0.0195536371
5683.333333333348,0.651921749,0.389410585,7.08111756e-008,0.656303048,0.382110536,0.000639478734,0.657963932,0.374342412,-0.000381036225,0.657775342,0.368652225,-0.0020019142,0.657216489,0.364912868,-0.00401840126,0.654427648,0.369692206,-0.00126890175,0.652013183,0.359942,-0.00511191832,0.650436044,0.353661895,-0.00816121791,0.649489403,0.348908365,-0.0101340218,0.649717748,0.369932204,-0.00399135379,0.646862805,0.359467596,-0.00700124167,0.645055115,0.353228301,-0.0092826141,0.644105494,0.348050237,-0.0109625449,0.643684328,0.371246576,-0.00680538313,0.640836895,0.361184239,-0.00931621343,0.638895273,0.354933828,-0.0105580566,0.638158679,0.349791586,-0.0115952305,0.636181533,0.373460561,-0.00955153909,0.634307504,0.365996033,-0.0116838561,0.633724332,0.361340135,-0.0118353171,0.633517265,0.357254177,-0.0118851773
5683.333333333348,0.611055672,0.385807663,9.90666891e-008,0.607430816,0.376801938,0.00187169411,0.608029306,0.367266774,2.92007667e-006,0.611963689,0.360811561,-0.00294543849,0.616714776,0.356667668,-0.00616424,0.605317056,0.363999426,-0.00495942775,0.606308341,0.352107882,-0.0105256541,0.608162582,0.344909668,-0.0137511306,0.610522747,0.339471519,-0.0154583026,0.60845685,0.365184098,-0.00960451271,0.610904217,0.35252592,-0.014620089,0.61409384,0.344695389,-0.0175349079,0.617465496,0.33881551,-0.0192384236,0.614567935,0.367442608,-0.0139542054,0.618654847,0.355450243,-0.0180239957,0.623012304,0.348333061,-0.01987781,0.627206087,0.343048,-0.0209044348,0.622920752,0.370452583,-0.0181446243,0.62651366,0.361472726,-0.0208562091,0.629669368,0.355512142,-0.021269,0.633327901,0.350523442,-0.0213233419
5700.000000000015,0.652086616,0.388636112,9.87107e-008,0.656967759,0.381752312,0.00101758342,0.658221662,0.374591,-3.27457747e-005,0.657782555,0.369259834,-0.00170547364,0.657147527,0.365607113,-0.00377105875,0.654466748,0.369807899,-0.0016558232,0.65204668,0.359424025,-0.0057931738,0.650694311,0.352395952,-0.0089148758,0.649842262,0.34691444,-0.0107194185,0.650379896,0.369945347,-0.00453618867,0.647910416,0.358684957,-0.00768547365,0.646384537,0.351429105,-0.00994381215,0.645811617,0.34534508,-0.0115179848,0.644685507,0.370792359,-0.00736596668,0.642446816,0.360062242,-0.00964012556,0.641248405,0.353011578,-0.0108046355,0.641264677,0.347533613,-0.0116344374,0.637283921,0.37248072,-0.0101223132,0.63637954,0.363912344,-0.0117182313,0.636252403,0.358445197,-0.0115640648,0.636485755,0.353990376,-0.0113238273
5700.000000000015,0.612611771,0.38749972,8.2247837e-008,0.609448552,0.378241152,0.00199476071,0.610821545,0.368788421,0.000754773093,0.615514398,0.362757117,-0.00169089937,0.619995594,0.358873844,-0.00428240374,0.607995272,0.365142316,-0.00206083828,0.609444797,0.354002476,-0.00674606347,0.611390769,0.346981972,-0.0098380046,0.613522053,0.341827929,-0.0116348788,0.61184746,0.366217315,-0.00653111842,0.615866,0.354484349,-0.0104249865,0.619659841,0.347384274,-0.0131244296,0.623523474,0.342015624,-0.0147628337,0.618174136,0.368367165,-0.0108930292,0.622158647,0.3572568,-0.0140058184,0.62612921,0.350740314,-0.0154106049,0.630162537,0.345677793,-0.01626244,0.626552224,0.371288508,-0.0152040524,0.629404902,0.363360822,-0.0169784594,0.631891966,0.358560979,-0.0166639,0.63490057,0.354509771,-0.0162819866
5716.6666666666815,0.652632117,0.388410658,1.05493932e-007,0.657052875,0.381000608,0.00107805792,0.658455849,0.373199493,0.000380688492,0.658244967,0.367279887,-0.000959513069,0.657339394,0.362948298,-0.00262492104,0.654792,0.368686765,-0.000687152497,0.652997911,0.358332574,-0.00472254446,0.652353,0.351133585,-0.00787162874,0.652177632,0.345539749,-0.00968420878,0.651052415,0.36888,-0.00352147594,0.648917854,0.357759684,-0.00667945156,0.648077548,0.350357711,-0.00904853269,0.648071289,0.34401387,-0.0106508099,0.645648479,0.369685322,-0.00639602821,0.643580854,0.358988971,-0.00877876673,0.642865717,0.351836264,-0.0099806888,0.643113732,0.346092254,-0.0107402066,0.638543367,0.371286362,-0.00922849122,0.637718,0.362507254,-0.0109680435,0.637899876,0.356782228,-0.0109703951,0.638268828,0.352032155,-0.0107843885
5716.6666666666815,0.614039958,0.38640216,8.87424036e-008,0.609954536,0.377677143,0.00164954585,0.610183477,0.368506402,5.64518086e-005,0.613568187,0.362625241,-0.00260382285,0.617850065,0.359180033,-0.00538371596,0.608009,0.364227444,-0.00309743849,0.606953263,0.352475703,-0.00806417875,0.607363164,0.345170647,-0.0111836139,0.608331859,0.339560926,-0.0128271515,0.61188066,0.365137935,-0.00740252435,0.613272369,0.352687627,-0.0117223635,0.615505755,0.344725579,-0.0145196514,0.617904603,0.33852002,-0.016131226,0.618408382,0.367065638,-0.0115461452,0.622445405,0.355379701,-0.0148623316,0.626311898,0.348274648,-0.0163169764,0.629694939,0.342880607,-0.0169965159,0.627055824,0.369735509,-0.0156431776,0.630739152,0.360616148,-0.0174056459,0.633763552,0.354841024,-0.0170944743,0.636877894,0.349999815,-0.0165852644
5733.3333333333485,0.653178513,0.38982439,6.9683189e-008,0.656521201,0.382169068,0.000971325266,0.65732944,0.373759747,0.000423954858,0.656594276,0.367394745,-0.000614181801,0.654744387,0.362880558,-0.00188766571,0.654898942,0.369938552,-0.000703313854,0.65220952,0.359949827,-0.00423129415,0.650391877,0.353408307,-0.00691173645,0.649324179,0.348525017,-0.00858826563,0.651098192,0.370185107,-0.0033230884,0.648096621,0.359649211,-0.00621865643,0.646545291,0.353220522,-0.00824893918,0.645922065,0.347701609,-0.00969450735,0.645846248,0.371151388,-0.0060256361,0.643024,0.361106575,-0.00833334588,0.641539693,0.354630351,-0.00925694406,0.641223609,0.349247098,-0.0099989716,0.639097035,0.372829527,-0.00866359565,0.637315333,0.364921331,-0.0104058124,0.636851609,0.359985679,-0.0103702601,0.636679649,0.355755776,-0.0102991778
5733.3333333333485,0.6151703,0.387557834,9.92214737e-008,0.611374497,0.379427075,0.00155251171,0.610133827,0.370838761,-0.00042170292,0.610848,0.365472347,-0.00346685294,0.612717032,0.362599313,-0.00686188834,0.609289408,0.364759028,-0.00404978823,0.609191597,0.352829576,-0.0094926944,0.610365093,0.345397681,-0.0128248353,0.611879647,0.339906365,-0.0145975836,0.613298535,0.365820825,-0.00867403205,0.616603,0.353146464,-0.0135936914,0.620204329,0.345091,-0.0167302582,0.623825848,0.338816017,-0.0185669661,0.619511485,0.367941111,-0.0131520322,0.624526083,0.355926871,-0.0171078555,0.629771531,0.3486301,-0.019202562,0.634577394,0.342988,-0.0203279182,0.627618968,0.37090078,-0.0175245,0.632119417,0.361766756,-0.019969942,0.63595742,0.35594511,-0.020222269,0.639898777,0.351024,-0.0201258175
5750.0000000000155,0.653562963,0.38883847,9.75715082e-008,0.657187164,0.381353974,9.16118661e-005,0.658229351,0.372870922,-0.000573551,0.657345414,0.366191268,-0.0016693779,0.654814839,0.361333936,-0.00277149817,0.655026555,0.369140744,-0.000139365293,0.652498722,0.358983874,-0.00386802829,0.651212752,0.351803064,-0.00682791928,0.650858045,0.34655574,-0.00851431582,0.651258945,0.369295329,-0.00220836303,0.648304343,0.358567685,-0.0053834687,0.647047758,0.351407528,-0.00777130621,0.646899223,0.345420152,-0.00921449251,0.64633131,0.369896501,-0.00447152788,0.643787563,0.359659642,-0.006875413,0.642686725,0.352644712,-0.00786326081,0.642717659,0.346876442,-0.00836354215,0.640225,0.371112853,-0.00681837508,0.639448643,0.36275,-0.00855117105,0.639454365,0.357107401,-0.0085779326,0.639859378,0.352271676,-0.00832563
5750.0000000000155,0.615704,0.387919724,9.68211822e-008,0.612147152,0.379540831,0.00192967476,0.611457229,0.370707095,0.000229949874,0.613185585,0.365100265,-0.00262276363,0.61598891,0.362122446,-0.00573166832,0.60993427,0.3649593,-0.00344824628,0.609684348,0.352980018,-0.00883315,0.61031419,0.34544,-0.0122343265,0.611167,0.339789212,-0.0140159344,0.613957465,0.365792632,-0.00815477502,0.617325187,0.352711916,-0.0128715206,0.620192289,0.344276667,-0.0157866608,0.622949362,0.337652743,-0.0174609795,0.62037003,0.3675282,-0.0127108553,0.626241565,0.355143547,-0.0162442382,0.631109178,0.347645462,-0.0178301018,0.635423183,0.341851294,-0.0186159238,0.628756344,0.370036,-0.0172136687,0.634148359,0.360567153,-0.0190774594,0.637857437,0.354482949,-0.0188829154,0.64147532,0.349257559,-0.018502757
5766.666666666682,0.654182076,0.388610214,1.08518243e-007,0.656499684,0.380121291,0.000332088239,0.655465186,0.37068823,0.000285141781,0.652662873,0.363488317,-0.000329368981,0.648715675,0.358062834,-0.000945899228,0.6540218,0.368734151,0.00100196572,0.651548624,0.358531594,-0.0029718955,0.651275814,0.351178557,-0.00621892605,0.652019143,0.345625132,-0.00804631319,0.650908351,0.368890315,-0.00122702878,0.647881,0.358192831,-0.00441701338,0.647251129,0.350580722,-0.007121325,0.648078,0.343999773,-0.00883018412,0.646535337,0.369568348,-0.00376603031,0.643807,0.359359682,-0.00638351496,0.643295765,0.352210283,-0.00780881802,0.644236326,0.346173197,-0.00861323,0.640697718,0.370832622,-0.00637242524,0.63968575,0.362856776,-0.00841213949,0.639894605,0.35719043,-0.0088681411,0.640575349,0.352186412,-0.00897561572
5766.666666666682,0.617651343,0.387341827,9.04011657e-008,0.613317251,0.378829479,0.00216021924,0.612683535,0.369821191,0.000379073026,0.615653396,0.364154726,-0.00260272902,0.619628668,0.3611404,-0.00591234025,0.61092031,0.364768416,-0.00415218668,0.60989368,0.352583885,-0.0093823038,0.610370338,0.345311731,-0.0123895518,0.611548,0.339864939,-0.0139751341,0.614946544,0.365607738,-0.00905244,0.617165685,0.352386594,-0.0138982767,0.620204866,0.344345868,-0.0166830644,0.623415887,0.338348746,-0.0182458162,0.62152195,0.367598951,-0.0137207033,0.62653774,0.355095178,-0.0176832657,0.631491244,0.347946048,-0.019546099,0.63582027,0.34258619,-0.0205063373,0.630227447,0.370286167,-0.018214142,0.634531081,0.360912532,-0.0206510518,0.637908876,0.355024189,-0.0208396055,0.641425371,0.350009,-0.0207297094
5783.333333333349,0.617536128,0.389189363,8.96587338e-008,0.613126636,0.380627394,0.00177887967,0.612943053,0.371501207,0.000307018665,0.616196096,0.36555016,-0.00235721329,0.620896637,0.362027168,-0.00533154886,0.611437261,0.366077691,-0.00284012384,0.611748159,0.354179978,-0.00797457062,0.612675846,0.346673191,-0.01121906,0.613947332,0.341110229,-0.0130446618,0.615149617,0.366802812,-0.00736626051,0.619139552,0.354278445,-0.0120608546,0.622680664,0.346422225,-0.0150482478,0.626372516,0.340334773,-0.0168094747,0.621261358,0.368579865,-0.0118285613,0.62698,0.356545299,-0.0155525357,0.631896496,0.349418283,-0.0173346568,0.636552274,0.34394142,-0.0182693526,0.629335105,0.371186703,-0.0162438899,0.634311,0.361941576,-0.0184852947,0.63805449,0.35629,-0.0185855422,0.641882,0.351579279,-0.0183991678
5800.000000000016,0.624151289,0.388339758,6.29056558e-008,0.621004283,0.379614532,0.000901726191,0.622710407,0.369147658,-0.00022457882,0.627030313,0.361219943,-0.00221463619,0.630367696,0.356157,-0.0042316555,0.619194031,0.363532692,-0.00189150113,0.621563137,0.350542247,-0.00598502439,0.623436391,0.343078464,-0.00829914678,0.625156522,0.338041097,-0.00955832,0.621196866,0.364016,-0.00555576244,0.625395298,0.350350112,-0.00917065237,0.628510952,0.342882454,-0.0109496051,0.63111496,0.337481856,-0.0119896848,0.625864863,0.365914941,-0.00938306842,0.630942225,0.353150129,-0.0121360067,0.633810282,0.346196651,-0.0125730308,0.636343479,0.341069907,-0.0128577724,0.632718086,0.369132817,-0.0132990219,0.637437165,0.359808385,-0.0146615468,0.640139103,0.354370415,-0.0138797862,0.642802835,0.350246429,-0.0132149281
5800.000000000016,0.619924903,0.387845486,1.06219325e-007,0.615233898,0.379513562,0.00220493879,0.613052905,0.370688051,0.000553949969,0.613217294,0.365043193,-0.00232653413,0.614185035,0.3618747,-0.00549937878,0.61234951,0.365046293,-0.00312880264,0.613915622,0.353227347,-0.00834985729,0.615781724,0.345689714,-0.0117149875,0.617767155,0.340162605,-0.0136013543,0.616081,0.365815938,-0.00797987916,0.619122565,0.353138685,-0.0125686945,0.622363925,0.34477666,-0.0154786678,0.625530124,0.338467777,-0.0172755495,0.622546554,0.367597312,-0.0126712564,0.627413571,0.355513483,-0.0163182784,0.632278085,0.348113179,-0.0181985702,0.636790633,0.342600256,-0.0193149801,0.63136363,0.370348275,-0.0172462054,0.636140823,0.361630529,-0.019562196,0.639644921,0.35594368,-0.0197892133,0.643311679,0.351282567,-0.0197480842
5816.666666666683,0.618206739,0.388902962,9.56174375e-008,0.613752127,0.379974872,0.00174930284,0.612593174,0.370966852,5.70075572e-005,0.614274323,0.36494714,-0.00274778344,0.616572738,0.361691117,-0.00579870073,0.612376869,0.365007967,-0.00303707761,0.612784266,0.352471203,-0.00785957277,0.613406599,0.345041156,-0.0107574575,0.614329517,0.339575261,-0.0123123191,0.616944969,0.365932584,-0.00743668806,0.62071228,0.352725863,-0.0116487462,0.623854756,0.344970465,-0.0139566641,0.627129674,0.339094281,-0.0153443655,0.623455882,0.367971569,-0.0117745548,0.629964888,0.355565578,-0.0150218448,0.634745419,0.348678797,-0.0162043367,0.638853252,0.343498737,-0.0168703534,0.63178587,0.370899945,-0.0160899498,0.638000131,0.361852467,-0.0177633595,0.64176017,0.356155,-0.0174532793,0.645188928,0.351274252,-0.0171042327
5816.666666666683,0.618645966,0.387239546,1.05315657e-007,0.614903212,0.378709078,0.00221081893,0.613717079,0.369840682,0.000356537785,0.6151,0.364114344,-0.00260119978,0.617791951,0.361050576,-0.00588430138,0.612720191,0.364668,-0.00442644069,0.612910569,0.352617234,-0.00971865933,0.613731444,0.34526962,-0.0128098391,0.614738584,0.339886099,-0.0143913822,0.616947353,0.365647882,-0.00907457434,0.621067584,0.352908015,-0.0135901785,0.624283075,0.345115244,-0.0161060542,0.62731719,0.339184403,-0.0175506547,0.623286128,0.36756587,-0.0134234829,0.629393518,0.355467677,-0.0167991966,0.634353757,0.348468304,-0.018097749,0.638705611,0.343186438,-0.0187982973,0.631539166,0.370336413,-0.0176294539,0.636957943,0.361529231,-0.019495476,0.640556693,0.355922937,-0.019207,0.643993914,0.351220608,-0.0187807512
5833.33333333335,0.619715571,0.387208194,9.79755796e-008,0.61463058,0.378385186,0.00225530774,0.613731623,0.368909776,0.000638683501,0.616676331,0.362662971,-0.00207603467,0.620572388,0.359082729,-0.00498787127,0.612064,0.364075661,-0.00381704653,0.612027645,0.351625741,-0.00869068503,0.612704277,0.344232142,-0.011469502,0.613750935,0.338729739,-0.0128677972,0.616873085,0.364932925,-0.00842677336,0.620173156,0.351669312,-0.0127361482,0.623211622,0.343614161,-0.0150980474,0.626187,0.337642282,-0.0164308231,0.623675644,0.366955221,-0.0127770044,0.630202353,0.354639173,-0.0160168931,0.635418415,0.347535729,-0.0172886048,0.639739573,0.342222303,-0.0179920718,0.631939709,0.369890153,-0.0169695467,0.637921095,0.360932052,-0.018656563,0.641695678,0.355141133,-0.0182529911,0.645171344,0.350281119,-0.017781008
5833.33333333335,0.619597,0.386858553,9.54809707e-008,0.614760399,0.378124714,0.00188453,0.614295185,0.368649811,0.000182032309,0.61801,0.362343252,-0.00254072133,0.622689128,0.358527899,-0.00543156592,0.612389326,0.364404619,-0.00406648125,0.612277746,0.352140695,-0.00901354942,0.612867236,0.344737828,-0.0118753035,0.61375916,0.339216262,-0.0133118834,0.617138505,0.365285605,-0.00846263301,0.620153844,0.352280974,-0.0127524044,0.623114,0.344269216,-0.0152165303,0.62605083,0.338301569,-0.0165942386,0.624012709,0.367281497,-0.0126045085,0.629795074,0.355101436,-0.0156618729,0.634727597,0.347940892,-0.0168629196,0.638933182,0.342634648,-0.0175149497,0.632333457,0.370100886,-0.0166513491,0.637483537,0.361097395,-0.0181861352,0.640996695,0.355231673,-0.0177460033,0.644468188,0.350399673,-0.0172301531
5850.000000000017,0.620653272,0.387666255,9.73022622e-008,0.615072787,0.378993928,0.00215693703,0.613954127,0.369674474,0.000512077182,0.616827548,0.363454,-0.00228536502,0.620916724,0.359506786,-0.00533603551,0.61231029,0.365107238,-0.00372561463,0.612418413,0.352633774,-0.00856213737,0.61376965,0.345331103,-0.0113246879,0.615637362,0.339864939,-0.0127325095,0.617223203,0.365834057,-0.00830803,0.620501161,0.352560848,-0.0125508243,0.623763204,0.344530463,-0.0150427567,0.627013505,0.338582963,-0.0164912045,0.624382198,0.367695212,-0.0126602063,0.630076885,0.355278224,-0.0158332326,0.634822071,0.348044038,-0.0173231121,0.638739705,0.342739165,-0.0181996301,0.633097589,0.37037459,-0.0168675911,0.638164,0.36111334,-0.0185652543,0.641747236,0.355469346,-0.0182747468,0.645066559,0.350912124,-0.0178972222
5850.000000000017,0.620613396,0.3873806,1.01088077e-007,0.615225,0.379030257,0.0017385931,0.614372253,0.369763017,-0.000141463432,0.617574334,0.363604933,-0.00305733131,0.621802151,0.359745711,-0.00623045722,0.612638354,0.365102917,-0.00452105748,0.612891614,0.35257408,-0.00961163547,0.614404082,0.345231891,-0.0125371367,0.616498888,0.339696,-0.0140385721,0.617395222,0.365928292,-0.00893093087,0.620347619,0.352824837,-0.0134392716,0.623572,0.344731271,-0.0161529277,0.626912296,0.338651538,-0.017749859,0.624455154,0.367854476,-0.0131026367,0.629712939,0.355511844,-0.0165126324,0.634477556,0.348205298,-0.0182662681,0.638595462,0.342819512,-0.0193101801,0.633056,0.370553,-0.0171426404,0.637686431,0.361357212,-0.0191622339,0.641092777,0.355575144,-0.0192116015,0.64446938,0.350835741,-0.0190539025
5866.666666666684,0.620874047,0.387473881,1.22026364e-007,0.615271866,0.379320025,0.00151593669,0.612665176,0.37054643,-0.000902340864,0.613097966,0.364717811,-0.00420538289,0.614117,0.361782432,-0.00790100265,0.612747133,0.36489436,-0.00628979597,0.614724159,0.35241124,-0.0117970975,0.616896927,0.345061272,-0.014945264,0.619108379,0.339520782,-0.0166209899,0.617606103,0.366103441,-0.010882576,0.621799648,0.352582574,-0.015655499,0.625342667,0.344330698,-0.0182814803,0.62868607,0.338094205,-0.0198770631,0.624741733,0.368395925,-0.0151228635,0.630742,0.355664611,-0.0187770277,0.635741711,0.348345488,-0.0201845355,0.63996613,0.342890292,-0.021026399,0.633609176,0.371579051,-0.0192164239,0.638428032,0.362343073,-0.0214278176,0.64177072,0.356719524,-0.0211620107,0.645064,0.35206756,-0.0207741372
5866.666666666684,0.620597482,0.387470961,1.21042163e-007,0.615064085,0.379223645,0.00151274749,0.61270088,0.370381087,-0.000873021665,0.613488317,0.364584804,-0.00415704539,0.614960968,0.36169675,-0.00782865938,0.612654269,0.364956856,-0.00615043892,0.614678144,0.352504581,-0.011656086,0.616939127,0.345175415,-0.0148258125,0.619204581,0.339668632,-0.0165174603,0.617557526,0.366199434,-0.0107239718,0.6217888,0.352745742,-0.0155167459,0.625408769,0.344552815,-0.018194383,0.628791332,0.338349849,-0.0198052656,0.624737322,0.368512362,-0.0149528086,0.630599201,0.355820864,-0.0186086539,0.635638714,0.348521709,-0.0200462826,0.639902294,0.34308514,-0.0208897665,0.63362509,0.371701479,-0.0190380439,0.638326645,0.362505078,-0.0212034676,0.641634405,0.356916875,-0.0209237617,0.6449067,0.352306336,-0.0205254108
5883.333333333351,0.621474,0.388085157,1.06017865e-007,0.616170883,0.379677266,0.00157990574,0.614362657,0.370707721,-0.00036235273,0.615196586,0.364914387,-0.00328132045,0.617101729,0.361478925,-0.00649211183,0.613391936,0.365313619,-0.00456807157,0.613441885,0.352895588,-0.00989459828,0.614008188,0.345291257,-0.0130947903,0.614915907,0.339703292,-0.0147227682,0.618283689,0.366301864,-0.00894106366,0.62169,0.353015602,-0.0137472637,0.624594688,0.344628334,-0.0166883338,0.627462327,0.338090122,-0.0184003562,0.625315785,0.368139863,-0.0130826961,0.630829692,0.355558068,-0.0168753657,0.635719955,0.348090112,-0.0187619478,0.639898598,0.342489064,-0.0197786875,0.633974671,0.370812327,-0.0170960706,0.639517605,0.361363,-0.0193120502,0.64349407,0.355697185,-0.0192810688,0.647064388,0.35103488,-0.0189933516
5883.333333333351,0.621715665,0.388007879,1.04526528e-007,0.616171896,0.379583657,0.00156778388,0.614331901,0.370558,-0.000313216326,0.615313,0.364703536,-0.0031754775,0.617634356,0.361207396,-0.00633498235,0.613307953,0.365312248,-0.00431765057,0.613570571,0.353027493,-0.00961620547,0.614329755,0.345463812,-0.0128795542,0.615364671,0.339909524,-0.0145697324,0.618304551,0.366271,-0.00865353737,0.621693671,0.353141278,-0.0133828055,0.624580145,0.344764948,-0.0163846314,0.627404034,0.338195711,-0.0181738399,0.625419,0.368088543,-0.0127729056,0.630734086,0.355648339,-0.0165097099,0.635569513,0.348208189,-0.0184163768,0.639727235,0.342618227,-0.0194723681,0.634077966,0.370763659,-0.0167706106,0.639483929,0.361441135,-0.0190050527,0.643412948,0.355806231,-0.0190027282,0.646969855,0.351176351,-0.0187386274
5900.000000000018,0.622397542,0.388254941,1.10532589e-007,0.616081297,0.379573852,0.00145753042,0.61468482,0.3698183,-0.000549313,0.617099,0.36304915,-0.00350114075,0.621351898,0.358648062,-0.00675749825,0.613269866,0.365432441,-0.00453695189,0.61427933,0.353265315,-0.00981435,0.615981936,0.345707178,-0.0131538706,0.618113279,0.340125,-0.0149662048,0.618483722,0.366318345,-0.00886118412,0.622009277,0.353182346,-0.0134037668,0.625312,0.344722092,-0.0163963698,0.628670573,0.338317513,-0.0182100628,0.626229107,0.368307,-0.0129506104,0.630846918,0.355710357,-0.0165501367,0.635336936,0.347858191,-0.0184557699,0.639473,0.342043042,-0.0196219,0.63555342,0.371219188,-0.0169051178,0.640565515,0.361866683,-0.0192325059,0.644059122,0.35590288,-0.0192961376,0.647415757,0.351026356,-0.0191049743
5900.000000000018,0.622273147,0.388189584,1.13274922e-007,0.616174638,0.379511356,0.00143700303,0.61501056,0.369709671,-0.000545090472,0.617681444,0.362904,-0.00347153074,0.622038364,0.358394861,-0.00668405369,0.613421261,0.365403801,-0.00439645723,0.614955962,0.353257805,-0.00965446141,0.617093384,0.345636,-0.013017091,0.619636893,0.340028822,-0.01484395,0.618489802,0.366303027,-0.00867922511,0.62205857,0.353259683,-0.013136196,0.625476241,0.344824761,-0.0160789583,0.628960848,0.338448972,-0.0178732071,0.626201391,0.36828813,-0.0127375489,0.630825102,0.35577637,-0.0162177198,0.635358274,0.34797281,-0.0179487541,0.639578044,0.342220277,-0.0189993642,0.635557592,0.371191055,-0.0166857652,0.640475333,0.361832976,-0.018903181,0.643920124,0.355849177,-0.0188665278,0.647255778,0.351001203,-0.0186023302
5916.666666666685,0.621742487,0.388185471,1.06210308e-007,0.616012752,0.379304081,0.00131351396,0.615515828,0.369893283,-0.000801432936,0.619565606,0.363649368,-0.00378786144,0.625095069,0.359976351,-0.00701646553,0.614204764,0.365219921,-0.0046100216,0.615504563,0.353232414,-0.00947272126,0.6168378,0.346168816,-0.0124687422,0.618070126,0.340861171,-0.0141193094,0.620192111,0.366397142,-0.00868448801,0.625556827,0.353568316,-0.0126376338,0.629594,0.345998645,-0.0151554532,0.633138955,0.340211749,-0.0167337768,0.627972245,0.368493289,-0.0125076314,0.633808255,0.356405348,-0.015316858,0.638808548,0.349431366,-0.0164764114,0.642966568,0.344251841,-0.0172700193,0.636859179,0.371311814,-0.0162787,0.64144516,0.362236589,-0.0176515,0.644682,0.356959283,-0.0169775058,0.647677422,0.352718264,-0.0163778942
5916.666666666685,0.621860087,0.388130397,1.06079668e-007,0.616083562,0.379311,0.00131528068,0.615566,0.369931608,-0.000803143659,0.619574666,0.363716036,-0.0037914447,0.625062,0.360053062,-0.00701805064,0.614263177,0.365183949,-0.00456312811,0.615512252,0.353224,-0.00941097643,0.616820455,0.346160173,-0.0124055203,0.618058443,0.340866715,-0.0140512753,0.620232046,0.36632663,-0.00864204951,0.625601292,0.353503883,-0.0125648,0.629671395,0.345925063,-0.0150750354,0.633281052,0.340152681,-0.016653927,0.627991915,0.368402243,-0.0124716526,0.633882582,0.356325984,-0.015256769,0.638972104,0.34936747,-0.0163888354,0.643225,0.344207495,-0.0171691738,0.636852145,0.371227145,-0.0162504204,0.641474962,0.362148196,-0.0176002923,0.644799173,0.356864274,-0.0168909132,0.64787221,0.3526178,-0.0162671693
5933.333333333352,0.623150647,0.389289886,9.10467435e-008,0.61740607,0.380512923,0.00154476624,0.617101908,0.371078253,-0.000125303559,0.621073127,0.364421189,-0.00279240496,0.62595886,0.36013934,-0.00560791045,0.615596354,0.367544115,-0.00391195668,0.616489649,0.355267763,-0.00904830173,0.617940664,0.347806066,-0.0121109812,0.619613409,0.342301726,-0.0136290835,0.621086478,0.368106335,-0.00792855769,0.625786185,0.355005115,-0.0121076675,0.629732251,0.346976221,-0.0146711534,0.633417487,0.340811431,-0.0162131432,0.628658295,0.36947754,-0.0117594097,0.634657919,0.357173711,-0.0148034431,0.639847338,0.349922866,-0.0161906853,0.644249678,0.344589949,-0.0169960391,0.637505412,0.371493936,-0.0155469226,0.643015683,0.362122983,-0.0170828104,0.646834,0.356446445,-0.0167851299,0.650285125,0.351863384,-0.0163954981
5933.333333333352,0.62327081,0.389163613,9.18266707e-008,0.6174317,0.380351067,0.00155006512,0.617026508,0.370903909,-0.000135253489,0.620933831,0.364236981,-0.00281194365,0.625800431,0.359930784,-0.00564748095,0.615566313,0.367435694,-0.00398105849,0.616487563,0.355160385,-0.00911832,0.617938578,0.347711563,-0.0121798348,0.619603813,0.342204779,-0.013697857,0.621106625,0.368020713,-0.00800183509,0.625803411,0.354924798,-0.0121663827,0.629744649,0.346904099,-0.0147289457,0.633433104,0.340757877,-0.0162744466,0.628715515,0.369420707,-0.011827183,0.634689152,0.357132822,-0.0148590021,0.639853716,0.349888,-0.0162405614,0.64424324,0.344568819,-0.0170494579,0.637571871,0.371463239,-0.0156040778,0.643019736,0.362105787,-0.0171484388,0.646805525,0.356444806,-0.0168395825,0.650234163,0.351887643,-0.0164387226
5950.000000000019,0.624761283,0.387183785,1.13613339e-007,0.618737817,0.378449053,0.00120406866,0.617594838,0.369328231,-0.000525015173,0.62131232,0.362711906,-0.00299672619,0.626974106,0.358397812,-0.00561442506,0.61590755,0.3668347,-0.00477740448,0.616892397,0.35432753,-0.00945016928,0.618102491,0.347137034,-0.0118095595,0.619408071,0.341813892,-0.0127918255,0.622202,0.367433697,-0.00826477818,0.627439201,0.354050785,-0.0119360602,0.631734312,0.346199423,-0.0138521343,0.635687828,0.340313554,-0.014953739,0.630019248,0.368831515,-0.0115328534,0.636819243,0.356458843,-0.0141372597,0.641982138,0.349279702,-0.0153847476,0.646145225,0.343980879,-0.0162259433,0.638466358,0.370821655,-0.014705901,0.644074798,0.36188674,-0.0159126595,0.647862077,0.35658446,-0.0155343702,0.651100218,0.352301538,-0.0151957395
5950.000000000019,0.62478292,0.387313932,1.11811957e-007,0.618784368,0.378573239,0.00126630522,0.617660463,0.369458735,-0.000448160194,0.621457934,0.362936199,-0.00294621289,0.627217472,0.358731121,-0.00559245143,0.616008282,0.366863966,-0.00456014089,0.616884291,0.354444534,-0.00923158601,0.618070662,0.347261965,-0.0116288941,0.619384289,0.341967225,-0.0126464,0.622282922,0.36745736,-0.00811071228,0.627420127,0.354177713,-0.0117887426,0.631666481,0.346361727,-0.013747531,0.635619164,0.340513855,-0.0148778902,0.63009721,0.368847817,-0.0114551233,0.636875272,0.356541932,-0.014056907,0.642029524,0.349388421,-0.0153173991,0.646216571,0.344113052,-0.0161607619,0.638587356,0.370838046,-0.014711557,0.644278,0.361924917,-0.0159123018,0.648091674,0.35656929,-0.015560206,0.651395857,0.352217853,-0.0152401039
5966.666666666686,0.626866817,0.388293117,9.23890866e-008,0.620683253,0.379894555,0.00155014417,0.620127141,0.370674521,0.00013042381,0.623761117,0.364278764,-0.00214782148,0.628813624,0.360164404,-0.00463675382,0.618473053,0.366956115,-0.00318714371,0.61934793,0.355369329,-0.00762366457,0.620937109,0.348329812,-0.0102749383,0.622848809,0.343140244,-0.011661279,0.624445319,0.367645264,-0.00696134334,0.628814459,0.355435491,-0.0106045967,0.63277477,0.348016202,-0.0129888039,0.636679649,0.342296958,-0.0144473836,0.632003307,0.369282961,-0.0105552506,0.637161,0.357747406,-0.0133411344,0.641912401,0.350719512,-0.0147071127,0.646186709,0.345395625,-0.0155674471,0.640348434,0.371753961,-0.0140488679,0.644926488,0.363063097,-0.0156042753,0.648354232,0.357615441,-0.0153292986,0.651604593,0.35311088,-0.0149767371
5966.666666666686,0.626765311,0.388290763,9.60824877e-008,0.620430529,0.379945964,0.00150019838,0.619808912,0.370655566,6.09301e-007,0.623519778,0.364209473,-0.00233236817,0.62870121,0.360097289,-0.0048840153,0.618255377,0.366901815,-0.00352859823,0.619194388,0.355190814,-0.00805781595,0.620747268,0.348101199,-0.0107221948,0.622605205,0.342873037,-0.0120964972,0.624285698,0.367627859,-0.00733670127,0.628630579,0.355278194,-0.0110544572,0.632504344,0.347740263,-0.0134787215,0.636332214,0.341921359,-0.0149619607,0.631919563,0.369331211,-0.0109407473,0.637153,0.357704461,-0.0138149569,0.641933143,0.350605965,-0.0152666597,0.646205246,0.345218897,-0.0161835514,0.640345395,0.371881396,-0.0144307436,0.645051956,0.36311686,-0.0160928462,0.648553908,0.357634962,-0.0158711188,0.651869059,0.353097856,-0.0155453691
5983.333333333353,0.628647864,0.388142794,1.07318236e-007,0.621995032,0.380259663,0.00171495671,0.619918525,0.371604443,-4.81711832e-005,0.621869683,0.365614295,-0.00267962785,0.626985073,0.362178981,-0.00559984054,0.619301856,0.367765188,-0.00480401935,0.619584084,0.355539203,-0.00949096307,0.620450258,0.348402292,-0.011840865,0.621383905,0.343232065,-0.0128593976,0.625253379,0.368297875,-0.00877564307,0.630128622,0.354968607,-0.0126623195,0.634052455,0.347049892,-0.0147257764,0.637691379,0.341230601,-0.0158715248,0.632722199,0.369711965,-0.0124374228,0.638851643,0.357262969,-0.0153005263,0.643923938,0.349904865,-0.016794784,0.648305058,0.344553649,-0.0177205745,0.64107275,0.37191841,-0.0159223806,0.64664638,0.36272034,-0.0174451135,0.650598943,0.357085288,-0.0172435455,0.654187739,0.352492064,-0.0169592835
5983.333333333353,0.628631294,0.388319522,1.04574831e-007,0.621935487,0.3803626,0.00167397724,0.619766951,0.371700913,-0.000112039161,0.621653855,0.365686119,-0.00276988,0.626705,0.36225909,-0.00572610833,0.619234204,0.367925555,-0.00489622634,0.619497836,0.355695128,-0.0096490588,0.620331347,0.348565221,-0.0120506594,0.621215522,0.343369246,-0.013106552,0.625264704,0.368441135,-0.00888349302,0.630025804,0.355089486,-0.0128263719,0.63389492,0.347180456,-0.0149284834,0.637489378,0.341358423,-0.016104009,0.632793,0.369848877,-0.0125625422,0.638855278,0.357381433,-0.0154650724,0.643995821,0.35003382,-0.0169615392,0.648417532,0.34469825,-0.0178869069,0.641183138,0.372044474,-0.0160716474,0.646702409,0.362809807,-0.0176105537,0.650628567,0.35713169,-0.0174097344,0.654203296,0.352502942,-0.0171291418
6000.00000000002,0.628771424,0.388890624,1.03685814e-007,0.622126102,0.380686402,0.00192686275,0.620484948,0.37229982,0.000459707691,0.62318778,0.366663307,-0.00194165879,0.628262043,0.363458544,-0.00460314145,0.620751917,0.367735982,-0.00343414047,0.620947957,0.356095612,-0.00766324811,0.621868,0.349017411,-0.00999888778,0.623199642,0.343827307,-0.0111293737,0.627251327,0.368153095,-0.00744946348,0.632561088,0.35578987,-0.0107447859,0.636808872,0.348412782,-0.0126695614,0.640902519,0.342934936,-0.0137793776,0.63491106,0.369592965,-0.0112052439,0.641623199,0.3581402,-0.013581913,0.6466524,0.351393104,-0.0145508777,0.650901318,0.346333683,-0.0151327634,0.643114805,0.371966451,-0.0148433587,0.648690462,0.363284707,-0.0158977378,0.652260303,0.357997119,-0.0151338698,0.655376792,0.353620887,-0.0144048762
6000.00000000002,0.62891227,0.388942152,1.02522634e-007,0.622303605,0.380622566,0.00200982741,0.620693684,0.372226745,0.000568506,0.623576343,0.366656363,-0.00184932211,0.628787458,0.363539517,-0.00453520846,0.620845139,0.367767185,-0.00325518847,0.621015847,0.35618189,-0.0074733505,0.621901751,0.349108696,-0.00984637626,0.623206198,0.34391731,-0.0110198148,0.627285659,0.368165225,-0.00734913908,0.632435441,0.355839849,-0.0106402412,0.636604726,0.348436356,-0.0126298787,0.640637279,0.342924923,-0.0137980888,0.634945452,0.369594038,-0.0111864479,0.64154619,0.358184695,-0.013553408,0.64654094,0.351431429,-0.0145890992,0.650765419,0.34635213,-0.015227139,0.643215418,0.371974409,-0.0149065973,0.648692369,0.363342643,-0.0159422141,0.652197957,0.358064234,-0.0152012277,0.655278,0.35368374,-0.0145024844
6016.666666666687,0.629645169,0.389065236,1.12216561e-007,0.623268962,0.38065514,0.00121306197,0.621762097,0.372128695,-0.00104620366,0.625506938,0.366629779,-0.00416678796,0.631525636,0.363840044,-0.00758261792,0.621743798,0.367753088,-0.00500633428,0.622876883,0.356095761,-0.0100365151,0.624137282,0.349112511,-0.0130002396,0.625531256,0.343838483,-0.0145935798,0.6280545,0.368549705,-0.0090447953,0.633778751,0.356177539,-0.0132665243,0.638083339,0.348567069,-0.0158517454,0.642061,0.342739403,-0.0174234547,0.635760248,0.370293707,-0.0128451819,0.642257571,0.358683199,-0.0160017442,0.647406697,0.351575822,-0.017766526,0.651787519,0.346209,-0.0188688375,0.644219875,0.37290594,-0.0165552888,0.650244534,0.364114434,-0.0183310229,0.654352248,0.358542591,-0.0183393266,0.658268332,0.353817463,-0.0181919634
6016.666666666687,0.629512966,0.389094055,1.13701709e-007,0.623155177,0.380722702,0.00122101663,0.62157166,0.372251183,-0.00107079151,0.625263274,0.36681205,-0.00422574766,0.631301165,0.364036322,-0.00768628577,0.621662199,0.367757946,-0.00503885606,0.622812271,0.356070757,-0.0100783631,0.624070585,0.349097222,-0.0130441971,0.625457346,0.343830585,-0.0146344025,0.627949178,0.368553191,-0.00908943173,0.633702099,0.3561441,-0.0133119933,0.638000607,0.34853,-0.0158935972,0.641977131,0.342708319,-0.0174620617,0.635629952,0.370300829,-0.0129015502,0.642224431,0.358660311,-0.0160588,0.647380054,0.351547569,-0.0178247429,0.65176028,0.346177697,-0.0189284161,0.644080102,0.372931063,-0.0166190714,0.650165379,0.364109963,-0.0183956306,0.654286623,0.358544886,-0.0183889717,0.658201635,0.353825271,-0.0182294138
6033.333333333354,0.632033885,0.389342427,1.15343397e-007,0.624375284,0.382004499,0.000929325412,0.621360779,0.373750538,-0.00119998981,0.623551369,0.368009865,-0.00401143823,0.629454195,0.364657313,-0.00713808695,0.623528421,0.368067,-0.00544408895,0.62468642,0.355886161,-0.0100179249,0.625894725,0.348746419,-0.0123739745,0.627181113,0.343425721,-0.0135395005,0.630162895,0.36857307,-0.0090974234,0.635884464,0.355666667,-0.0128151262,0.640512228,0.348201483,-0.014811419,0.644750118,0.342733324,-0.0159748755,0.637830436,0.370290518,-0.012487404,0.6445719,0.358571589,-0.0152911264,0.650071502,0.351726,-0.0166081078,0.654717147,0.346740276,-0.0174399223,0.645923853,0.372983366,-0.0157746691,0.651834488,0.364069641,-0.0174632389,0.656032145,0.358809859,-0.0171355139,0.659851789,0.354561508,-0.016692359
6033.333333333354,0.63199085,0.389374852,1.16299638e-007,0.624315143,0.382101983,0.000860961096,0.6211766,0.373925239,-0.00135826482,0.623236775,0.368239343,-0.00425824057,0.629097044,0.364920318,-0.0074758213,0.623470366,0.368088216,-0.00554180332,0.624656558,0.355896175,-0.0101562887,0.625874877,0.348776072,-0.0125491135,0.627156913,0.343455762,-0.0137379542,0.630091846,0.368585795,-0.00918463618,0.635906696,0.355637044,-0.0128953531,0.640574396,0.348175,-0.0149001926,0.644841492,0.342712462,-0.016079681,0.637758851,0.370286822,-0.0125722736,0.644527495,0.358550549,-0.0153542,0.650041163,0.351699352,-0.016692983,0.654712915,0.346732974,-0.0175544117,0.645851493,0.372956157,-0.0158655792,0.651808262,0.364052594,-0.0175467171,0.65603894,0.35879302,-0.0172394123,0.659890532,0.354547828,-0.0168175
6050.000000000021,0.632779896,0.390110046,1.12937471e-007,0.624954045,0.382068962,0.00122031569,0.622638941,0.373307824,-0.000408107328,0.625854969,0.367120504,-0.00277926237,0.632291,0.36344111,-0.00539854495,0.624565303,0.369205296,-0.00457501132,0.6258834,0.35674873,-0.00887514837,0.627507865,0.349574745,-0.0109103844,0.629307568,0.344260275,-0.0118334135,0.631692529,0.369520366,-0.00808584224,0.637995422,0.356495827,-0.0114447223,0.642963231,0.349123061,-0.0132163279,0.647576332,0.343797207,-0.0142178405,0.639399588,0.37099418,-0.0113591682,0.646625936,0.359344959,-0.0139114596,0.652088344,0.35270068,-0.015078445,0.65676266,0.34785834,-0.0158191063,0.647063553,0.373379886,-0.0145188561,0.653096914,0.364764512,-0.016023552,0.657420695,0.359784305,-0.0156416316,0.661254883,0.355769217,-0.0151729984
6050.000000000021,0.632997572,0.390095025,1.11154698e-007,0.625146687,0.382043391,0.00121704279,0.622847795,0.373256624,-0.000377751508,0.626067221,0.367013216,-0.00271676225,0.632483304,0.363300651,-0.00529442029,0.624589562,0.369199812,-0.00443250127,0.625888765,0.35679689,-0.00869578402,0.627535,0.349645853,-0.0107449498,0.629344702,0.344340205,-0.0116878413,0.631733,0.369492,-0.00793064851,0.637942255,0.356522501,-0.0112342574,0.6428141,0.349164486,-0.0130182086,0.647336364,0.343822271,-0.0140446769,0.639486,0.370950162,-0.0111954072,0.646646917,0.359364271,-0.0136955464,0.652036726,0.352719098,-0.014837509,0.656667,0.347857624,-0.0155766401,0.647191882,0.373335093,-0.0143531291,0.653118372,0.364764571,-0.0158124529,0.657386839,0.359778732,-0.0153972851,0.661190093,0.355746746,-0.0149140283
6066.666666666688,0.63433522,0.390337497,1.19395622e-007,0.626406372,0.382330805,0.000993902213,0.623469532,0.373947024,-0.00107324123,0.625419378,0.368010581,-0.00376839237,0.63053143,0.364541382,-0.00677575078,0.626243651,0.369314164,-0.00645069685,0.627565444,0.356873542,-0.0113354633,0.628885806,0.349598825,-0.013676377,0.630314052,0.344215095,-0.0147345765,0.633305252,0.369857252,-0.0100403074,0.639494538,0.356761843,-0.0138587141,0.644642055,0.349231958,-0.0155579252,0.649511337,0.343855441,-0.0164718423,0.641091108,0.371630728,-0.0133191897,0.648329854,0.359948844,-0.0160268657,0.654194295,0.353439093,-0.0169252437,0.659246325,0.348814577,-0.0174598042,0.648949921,0.374299139,-0.0165016111,0.654900491,0.365661144,-0.0179905873,0.659145951,0.360650599,-0.0173730142,0.663089156,0.356678814,-0.016702069
6066.666666666688,0.634586155,0.390364349,1.20521918e-007,0.626476943,0.382392019,0.000954007,0.623509824,0.373972178,-0.00114231429,0.625593245,0.3680121,-0.00385960587,0.630774617,0.364534795,-0.00688991882,0.626148045,0.369365,-0.00654021231,0.627506137,0.356918335,-0.0114347227,0.628828704,0.349629045,-0.0137890242,0.630238771,0.344227463,-0.014864875,0.633256555,0.369900912,-0.0101279,0.639433265,0.356776536,-0.0139449444,0.644585311,0.349208683,-0.0156576075,0.64945507,0.343818694,-0.0165915638,0.641114295,0.371670276,-0.0134012541,0.648284137,0.359959096,-0.0161173418,0.65415,0.353417,-0.0170458425,0.659193397,0.348784685,-0.0176084936,0.649055,0.374322742,-0.0165792778,0.654923737,0.365659595,-0.0181142483,0.659135461,0.360619903,-0.0175413825,0.663074672,0.356636465,-0.0168991052
6083.333333333355,0.634567261,0.391211569,1.12906669e-007,0.626915514,0.383860379,-0.000148153485,0.623132825,0.375595391,-0.00245139841,0.622541368,0.368951917,-0.00519845122,0.623631656,0.364037216,-0.00810975675,0.627921641,0.369470447,-0.00586193055,0.629201651,0.357441902,-0.0106018502,0.630590916,0.35037607,-0.0131964236,0.632161677,0.345119059,-0.0144993523,0.634833455,0.37006864,-0.00900376495,0.641044557,0.357458949,-0.0126056578,0.646308,0.350182146,-0.014595083,0.65140903,0.344956309,-0.0157827102,0.642509699,0.372037709,-0.0120275449,0.649578512,0.360665768,-0.0148534123,0.655536056,0.354295224,-0.0159142371,0.660707712,0.349724472,-0.016620053,0.650385141,0.375053078,-0.0150601836,0.655980945,0.366616398,-0.0169272851,0.660146654,0.361795485,-0.0164516,0.664044142,0.357990086,-0.0158451069
6083.333333333355,0.63490814,0.391177952,1.13318087e-007,0.627207637,0.383774787,-2.34251347e-005,0.623390734,0.375537425,-0.0022823608,0.622853696,0.36895445,-0.00501610618,0.624186814,0.364189208,-0.00792561471,0.628036141,0.36949867,-0.00570025807,0.629263341,0.35752359,-0.0103704445,0.630645,0.350458026,-0.0129265683,0.632241249,0.345187664,-0.0142260808,0.634947479,0.370050937,-0.00890344568,0.640987694,0.357460946,-0.0124655087,0.646212935,0.350176722,-0.0144338896,0.651317298,0.344960779,-0.0156186828,0.642637,0.371980786,-0.0119803539,0.649630964,0.360585093,-0.0148110697,0.655504882,0.354213208,-0.0158967599,0.660593,0.349651545,-0.0166240558,0.650523305,0.374973029,-0.015051432,0.656055152,0.366542488,-0.0169339888,0.660218596,0.361758947,-0.0164720397,0.664116859,0.35800007,-0.0158841591
6100.000000000022,0.635553777,0.391218543,9.84610651e-008,0.627238929,0.383871496,0.0010429644,0.622782528,0.375921518,-0.000774904678,0.622075,0.369454,-0.00316796568,0.624878943,0.365058,-0.00582561595,0.62818712,0.370029,-0.00506906956,0.630452812,0.358231485,-0.0094197439,0.632131,0.351388961,-0.0116620436,0.633715,0.34637481,-0.0127141224,0.635743141,0.37041834,-0.00849064067,0.642749071,0.357731432,-0.0116531802,0.647976279,0.350647062,-0.0131211216,0.65272,0.345567048,-0.0140098557,0.64397347,0.371992856,-0.011676413,0.651470482,0.36024496,-0.0140741095,0.657297134,0.353785574,-0.0146845374,0.662264228,0.349176139,-0.0151363099,0.652170837,0.374573678,-0.0147484951,0.658551812,0.365729958,-0.0160811469,0.66322118,0.360794216,-0.0151604228,0.667355776,0.356854171,-0.0143087553
6100.000000000022,0.635843635,0.391162872,9.87057618e-008,0.627489388,0.383840561,0.000994660775,0.622906864,0.375894517,-0.000872563804,0.622224152,0.369392544,-0.00329518109,0.6254071,0.365000725,-0.00597786,0.628322124,0.37008056,-0.00523144146,0.630463123,0.358277202,-0.00960153434,0.632093847,0.351437151,-0.011834925,0.63367641,0.346431136,-0.0128823547,0.635910928,0.37045297,-0.0086302245,0.642811954,0.357749581,-0.0118180709,0.648008108,0.350652605,-0.0132825691,0.652769,0.345583349,-0.0141693735,0.64416194,0.372025788,-0.0117805842,0.651595652,0.360280305,-0.0142005589,0.657436252,0.353826821,-0.014788867,0.662433505,0.349221647,-0.0152293146,0.652360618,0.374606967,-0.0148138823,0.658672512,0.365776211,-0.0161699615,0.663259149,0.360845983,-0.0152313234,0.667323589,0.356909543,-0.0143675189
6116.666666666689,0.636737347,0.391216904,1.04084272e-007,0.629045129,0.383764565,0.000570677104,0.625129,0.375833869,-0.00161376921,0.624299228,0.369428188,-0.0043362435,0.62577188,0.364232153,-0.00726735685,0.630112946,0.370191932,-0.00542871794,0.63196,0.35827443,-0.0102371685,0.634230137,0.351361662,-0.0127697857,0.6365031,0.346318811,-0.0139383068,0.637190938,0.370734274,-0.00876199,0.643612802,0.358093113,-0.012379339,0.648806095,0.351020634,-0.0141344825,0.653624058,0.345903158,-0.0151829645,0.645150185,0.372327626,-0.0119593665,0.652548373,0.360425115,-0.0147708924,0.658174217,0.353706628,-0.0155627979,0.663085163,0.348846406,-0.0160879213,0.653375626,0.374848843,-0.0150873717,0.660158038,0.366022706,-0.0168864392,0.665028095,0.36069268,-0.0163651835,0.669368,0.356334955,-0.0157561973
6116.666666666689,0.636794925,0.391152143,1.05714e-007,0.629136086,0.383699685,0.000511157617,0.625109375,0.375766814,-0.00174510642,0.624172628,0.369373441,-0.0045324997,0.625781894,0.364242613,-0.00751896668,0.629947722,0.370229304,-0.00556151709,0.631898701,0.358326405,-0.0103952577,0.634148,0.351396739,-0.0129397176,0.636350274,0.346330911,-0.0141279204,0.637067199,0.370770246,-0.00888497848,0.643600821,0.358134538,-0.0125552611,0.648833454,0.351051509,-0.0143212732,0.653651,0.345914155,-0.0153813018,0.645110488,0.372345805,-0.0120685287,0.652554035,0.360453933,-0.0149322217,0.658232152,0.353730708,-0.0157127175,0.663153172,0.348874062,-0.0162222907,0.653438628,0.374831378,-0.0151847396,0.660300255,0.366006136,-0.0170234591,0.665202618,0.360655278,-0.0165121518,0.669569,0.356289268,-0.0159078762
6133.333333333356,0.636061907,0.392940789,1.00859396e-007,0.62783891,0.385373,0.000695062045,0.625076234,0.376769632,-0.00101491646,0.626173556,0.370179862,-0.00328577659,0.629027605,0.365602106,-0.00577017106,0.629892707,0.371023774,-0.00447339611,0.632374048,0.359323889,-0.0089687556,0.635095179,0.352525443,-0.0115006398,0.637634873,0.347674102,-0.0127156517,0.637697637,0.371397018,-0.00775406,0.644371152,0.358902395,-0.011083222,0.649577498,0.351947248,-0.0128978305,0.65433085,0.346954674,-0.0139351599,0.646129251,0.373022616,-0.0108834943,0.653098404,0.361265808,-0.0134431291,0.658693731,0.354766488,-0.0141855869,0.663658381,0.350088537,-0.0146441841,0.65453738,0.375812829,-0.013962294,0.661026537,0.36701721,-0.0154917287,0.665847123,0.361988544,-0.0147248264,0.670321882,0.357940972,-0.0138965165
6133.333333333356,0.635990441,0.39280656,1.01002037e-007,0.627801239,0.385218084,0.000783593918,0.625104368,0.376594663,-0.000877204235,0.626195669,0.370025,-0.00311632711,0.62919873,0.365493715,-0.00557321729,0.62977612,0.371022791,-0.00439305138,0.632317603,0.359351575,-0.00883657113,0.635060668,0.352585316,-0.0112996828,0.637604892,0.347767919,-0.0124673499,0.637568653,0.371372491,-0.00769844092,0.644269228,0.358895957,-0.0110000223,0.649457812,0.351967275,-0.0127642406,0.654165149,0.346998215,-0.0137597416,0.646024525,0.372975886,-0.0108426567,0.653035283,0.361220926,-0.0133803627,0.658613145,0.354759216,-0.0140758026,0.663543046,0.35011521,-0.014497445,0.654471219,0.37574017,-0.0139258662,0.661002278,0.36695379,-0.0154363234,0.665864825,0.361943036,-0.014642409,0.670359433,0.35791868,-0.01379262
6150.000000000023,0.6359061,0.393665,9.41533287e-008,0.629331946,0.385066062,0.00190999347,0.627351701,0.376278967,0.000542096212,0.62864989,0.369793057,-0.00168679911,0.632457435,0.365466058,-0.00416930579,0.631530225,0.371678114,-0.003492516,0.634022415,0.359810978,-0.00767809525,0.636581182,0.353123158,-0.0098374635,0.639030635,0.348347932,-0.0107720327,0.638803661,0.372238368,-0.00734041259,0.646160185,0.359394938,-0.0102929138,0.651466906,0.352373362,-0.0117881373,0.656208634,0.347370476,-0.0125955474,0.647001,0.373954654,-0.0109593049,0.654857337,0.361740828,-0.0131709976,0.660446703,0.355047077,-0.0138626499,0.665224373,0.350245029,-0.0143309543,0.655450523,0.376793921,-0.014416676,0.662414074,0.367800593,-0.0155152949,0.66724205,0.362664312,-0.0145806829,0.671595037,0.358484209,-0.0137144551
6150.000000000023,0.635971904,0.393578589,9.4574979e-008,0.629400909,0.385028303,0.00187063462,0.627365947,0.376255512,0.000482757459,0.628544152,0.369702637,-0.00174523517,0.632221639,0.365273058,-0.00422505336,0.631561697,0.371690303,-0.00363534526,0.634082615,0.359783977,-0.00785009097,0.636658788,0.35308814,-0.00999563746,0.639112771,0.348308921,-0.0109031266,0.638811648,0.372273982,-0.0074488651,0.646175921,0.359383941,-0.0104189,0.65148747,0.352355719,-0.0118890787,0.656220853,0.347357273,-0.0126713663,0.647013307,0.373996675,-0.01102788,0.654863536,0.361744791,-0.0132490154,0.660444796,0.355047971,-0.0139114354,0.665204883,0.35025683,-0.0143543351,0.655485213,0.376821518,-0.0144434124,0.662415862,0.36777848,-0.0155621553,0.667243183,0.362636656,-0.0146230627,0.671582758,0.358457327,-0.0137461573
6166.66666666669,0.637204766,0.394738257,9.59631592e-008,0.629371524,0.386455774,0.00109147781,0.626447618,0.377639294,-0.000440015137,0.626244426,0.370893925,-0.00263715722,0.626919806,0.36613211,-0.00500283344,0.631279707,0.371767402,-0.00411296217,0.634550393,0.359925956,-0.00874545,0.637552619,0.35307315,-0.0112528456,0.640282571,0.348129034,-0.0124044809,0.638967276,0.372599572,-0.00774128269,0.646695197,0.360155225,-0.0111900587,0.652212441,0.353183836,-0.0128687099,0.657132447,0.348087251,-0.0137772979,0.647519052,0.37464869,-0.0112511041,0.655327678,0.362892598,-0.0138875581,0.66103512,0.356224507,-0.0146230645,0.665835798,0.351359844,-0.0150295906,0.656352758,0.377840579,-0.0146980537,0.663101792,0.368887156,-0.016071504,0.66745472,0.36384508,-0.015207544,0.6715343,0.359775722,-0.0143281678
6166.66666666669,0.637195647,0.394744843,9.55908348e-008,0.629370689,0.386507541,0.00112527201,0.626422822,0.377678,-0.000359308353,0.626141608,0.37092635,-0.00251007453,0.626614034,0.366158366,-0.00483072782,0.631334722,0.371790767,-0.0041005197,0.634566069,0.359924018,-0.00873638317,0.637564242,0.353055626,-0.0112284375,0.640283644,0.34811306,-0.0123597346,0.63899,0.372624785,-0.00773936324,0.646699,0.360162616,-0.0112114791,0.652217209,0.353187472,-0.0128856851,0.65713191,0.348103076,-0.0137747489,0.647520185,0.374672592,-0.0112560876,0.655306816,0.362894326,-0.0139169339,0.661009908,0.356226,-0.0146495923,0.66581291,0.351366401,-0.0150398081,0.656347036,0.377863735,-0.0147041399,0.663101792,0.368898213,-0.0160974842,0.667446136,0.36385,-0.0152394893,0.671524465,0.359778643,-0.0143561903
6183.333333333357,0.637970328,0.395095766,1.02895868e-007,0.629300058,0.386792,0.000893923105,0.625536084,0.37766394,-0.000574225793,0.625084877,0.370213687,-0.00258119474,0.626632214,0.364787638,-0.00473545492,0.632478118,0.372807026,-0.00446689967,0.636574805,0.360810667,-0.00859001093,0.640041173,0.354117781,-0.0106292041,0.643182814,0.349345803,-0.0114626251,0.640486479,0.373573124,-0.00763450144,0.648576379,0.360653847,-0.0102118384,0.654328346,0.353604257,-0.01127127,0.65942961,0.348721266,-0.0118467081,0.649199247,0.375549585,-0.0106096147,0.656891227,0.36336416,-0.0123864952,0.662311852,0.356627762,-0.0125945425,0.666878581,0.35193029,-0.0128270714,0.657963395,0.378588438,-0.0135337943,0.664114773,0.369586974,-0.0144415069,0.66808027,0.3644436,-0.0133337723,0.671645045,0.360409498,-0.0123460125
6183.333333333357,0.637934446,0.395126939,1.0196846e-007,0.629284501,0.38682881,0.00092180731,0.625539839,0.377698779,-0.000516828441,0.625151157,0.370240718,-0.00250318297,0.626708,0.364839733,-0.00463576522,0.63253051,0.372797281,-0.00440937048,0.636572599,0.360806346,-0.00851010904,0.640005589,0.354114711,-0.0105364835,0.643114626,0.349341363,-0.0113645317,0.640519083,0.373550028,-0.00758861285,0.648577631,0.360652775,-0.0101555819,0.654308081,0.353621244,-0.0112092337,0.659390688,0.348750144,-0.0117799649,0.64920944,0.375515223,-0.010577186,0.656904876,0.363348484,-0.0123480158,0.662317812,0.356621563,-0.012565162,0.666865051,0.351933122,-0.0128022293,0.657953739,0.378545344,-0.0135157751,0.664146781,0.369540125,-0.0144064156,0.668127477,0.364397049,-0.0133043015,0.671696842,0.360366106,-0.0123243416
6200.000000000024,0.637468219,0.395643771,1.0609628e-007,0.629254,0.387236953,0.000507026154,0.625671148,0.378264606,-0.00116960553,0.625311911,0.371370256,-0.00349606504,0.627397418,0.365930617,-0.00590633694,0.634435773,0.372553259,-0.00387672195,0.640295506,0.361177564,-0.00841430202,0.645503521,0.354928553,-0.0111171193,0.650140107,0.350636065,-0.0124454983,0.641695738,0.373683751,-0.00719133671,0.649076462,0.361485153,-0.0103097362,0.655098081,0.354673684,-0.0119049344,0.660443783,0.349865198,-0.0128568588,0.649782777,0.376020044,-0.0105125811,0.656971514,0.364285022,-0.0128917126,0.662405,0.35781461,-0.0135231139,0.666916132,0.353245229,-0.013991205,0.658353448,0.37949425,-0.0138667487,0.664716899,0.370875329,-0.0154590122,0.669335,0.36595425,-0.0147997839,0.673573315,0.36205405,-0.0140671236
6200.000000000024,0.637508214,0.395644397,1.05625482e-007,0.62924695,0.387230814,0.00046718074,0.625627398,0.378275782,-0.00122093,0.625215828,0.371389657,-0.00355080352,0.627240419,0.365931213,-0.00595835317,0.634462059,0.372540861,-0.00386889977,0.640277386,0.361186206,-0.00841416698,0.645470619,0.354946464,-0.0111325616,0.650093198,0.350653142,-0.0124730514,0.641729116,0.373675436,-0.00716994517,0.649068892,0.361502498,-0.0102922013,0.655044,0.354689,-0.011899963,0.660353601,0.349856615,-0.0128674051,0.649800479,0.376014888,-0.0104862303,0.656992495,0.364302874,-0.012879841,0.662408292,0.357827902,-0.0135239875,0.666900039,0.353242069,-0.0140016517,0.658340096,0.37949577,-0.0138403242,0.664732516,0.370900303,-0.0154522033,0.669358492,0.365988761,-0.0148048392,0.673593044,0.362092376,-0.014080191
6216.666666666691,0.637703538,0.396211028,1.04420593e-007,0.629182637,0.387975544,-2.86393915e-005,0.625343204,0.379466981,-0.00208832859,0.624891,0.372410208,-0.00463409256,0.627128601,0.36680311,-0.00721092755,0.635481894,0.374039322,-0.00462948577,0.641939461,0.362325519,-0.00915242452,0.647074521,0.356033921,-0.0116758607,0.65154618,0.351844192,-0.0128374267,0.64288944,0.375082403,-0.00758228544,0.65095216,0.362660289,-0.0106879389,0.656966865,0.355939418,-0.0121084619,0.662309468,0.351441503,-0.012906326,0.650883317,0.377305776,-0.0105455015,0.658569098,0.365433633,-0.0129049206,0.664173126,0.359053969,-0.013326834,0.669044,0.354703426,-0.0136538651,0.65914315,0.380666405,-0.0135701913,0.665946841,0.372169644,-0.0151815591,0.670795858,0.367306173,-0.0144151719,0.675316334,0.363503397,-0.0135669047
6216.666666666691,0.637696326,0.396174043,1.04933569e-007,0.629183292,0.387963295,-6.75915317e-006,0.62533921,0.379462749,-0.0020811779,0.624877572,0.372416228,-0.00464127585,0.627130628,0.366816849,-0.00723449513,0.635427833,0.374031603,-0.004690181,0.641907811,0.362301499,-0.00921186712,0.647056,0.35602,-0.0117116766,0.651542425,0.351845384,-0.0128486138,0.642829657,0.37508449,-0.00764471944,0.65094322,0.36263907,-0.0107441358,0.656983614,0.355924606,-0.012134973,0.662346303,0.351442397,-0.0129079567,0.650838792,0.377312064,-0.0106012775,0.65857929,0.365416,-0.0129407542,0.664196193,0.359040052,-0.0133303497,0.669074178,0.354697526,-0.0136365928,0.659117699,0.380671322,-0.0136149861,0.665942848,0.372157842,-0.0152016589,0.670801401,0.367291868,-0.0144113461,0.675328,0.363489091,-0.0135464892
6233.333333333358,0.638806343,0.396401048,1.01543939e-007,0.629758954,0.388831615,-0.000607748,0.625296891,0.38072145,-0.00302055129,0.624831557,0.373857,-0.00570268277,0.626980245,0.368245661,-0.00834659487,0.636818945,0.374667048,-0.00603979547,0.642901063,0.362735808,-0.0106104994,0.648155153,0.356721699,-0.0129634878,0.65289861,0.352850378,-0.0139464708,0.644898951,0.375751913,-0.00858267676,0.652102053,0.363205671,-0.0115325218,0.657930315,0.356751978,-0.0128017878,0.662976861,0.352564871,-0.0135492031,0.653209448,0.378045321,-0.011088212,0.659802318,0.366311789,-0.0134035209,0.664795399,0.360270321,-0.0138009256,0.668999851,0.356305629,-0.0141312862,0.661503,0.381450802,-0.0136545394,0.667993426,0.373137325,-0.0154281501,0.672686517,0.368503958,-0.0147952223,0.676927447,0.364963382,-0.0140031762
6233.333333333358,0.638811946,0.396388739,1.02256244e-007,0.629761517,0.388831854,-0.000641251216,0.625287116,0.380709946,-0.00307990983,0.624821901,0.373850197,-0.00577862281,0.627006888,0.368245959,-0.00844372436,0.636817276,0.374675721,-0.00615857122,0.642918885,0.362724781,-0.0107637392,0.648195505,0.356697887,-0.0131289149,0.652959108,0.352819949,-0.0141157014,0.644911647,0.375765622,-0.00869510416,0.652136266,0.363202959,-0.011676684,0.657978237,0.356729567,-0.0129529135,0.663032711,0.352528334,-0.0137007413,0.653237224,0.378064692,-0.0111897131,0.659818351,0.366305888,-0.0135249756,0.664817929,0.360242814,-0.0139237586,0.6690346,0.356259108,-0.0142521262,0.661534667,0.381473601,-0.0137450332,0.667996407,0.373142928,-0.0155383619,0.672695935,0.368507206,-0.0149037773,0.676954806,0.364971727,-0.0141060678
6250.000000000025,0.640013516,0.397807449,9.89212268e-008,0.63039428,0.390015423,-0.000215371212,0.625639737,0.381253541,-0.00229578721,0.625378907,0.374077559,-0.00473200344,0.627814233,0.368430257,-0.00714084506,0.636777401,0.37511313,-0.00527608441,0.643170595,0.363500655,-0.00967226457,0.648673296,0.357409239,-0.012022323,0.653549552,0.35340178,-0.0130688408,0.645110548,0.376328081,-0.00806143321,0.65271318,0.364033133,-0.0108966241,0.65877676,0.357487947,-0.0122654187,0.664030254,0.353156984,-0.0130836181,0.653747082,0.378873229,-0.010799828,0.661309242,0.367259234,-0.013146909,0.666589439,0.361252964,-0.0137050916,0.670851529,0.357251644,-0.0141055444,0.662221253,0.382551968,-0.0135428114,0.669229,0.374283582,-0.0153599773,0.674014509,0.369724244,-0.0147837931,0.678289473,0.366253465,-0.0140093137
6250.000000000025,0.640023172,0.397833228,9.88074618e-008,0.630398095,0.390037239,-0.000215037158,0.625641,0.381265849,-0.00229259185,0.625375509,0.374085307,-0.0047277282,0.6277951,0.368426591,-0.0071344045,0.636763453,0.375118434,-0.00526110129,0.643148482,0.363497525,-0.00966128,0.648657918,0.357406169,-0.0120142801,0.653535664,0.353401542,-0.0130604468,0.64509666,0.376332521,-0.00804775301,0.652702749,0.364034235,-0.0108865416,0.658771,0.357491136,-0.0122596463,0.664023578,0.353164315,-0.0130787,0.653735876,0.378874928,-0.0107894428,0.661304295,0.367256463,-0.0131365648,0.666586757,0.361249059,-0.0136994366,0.670849919,0.357248455,-0.0141022624,0.662217438,0.382551879,-0.0135359606,0.669237375,0.374277413,-0.0153503483,0.674024,0.369716823,-0.0147749586,0.678295314,0.366246581,-0.0140008954
6266.6666666666915,0.640436232,0.398418158,9.81549775e-008,0.630952835,0.390126586,7.46983778e-006,0.626179576,0.381170243,-0.00199175579,0.626105368,0.374001473,-0.00423002429,0.628557742,0.368409306,-0.00648879819,0.637406349,0.375980139,-0.0064921733,0.643647969,0.364367068,-0.0109061245,0.648939431,0.358305454,-0.0129511543,0.653802872,0.354399383,-0.0137959318,0.646252394,0.3776353,-0.00931089278,0.653634191,0.365352094,-0.0125471428,0.659605682,0.35877943,-0.0137363579,0.664828598,0.354406267,-0.0143850353,0.655234933,0.380435854,-0.0119469548,0.66300422,0.368781805,-0.0148332445,0.668542385,0.362531602,-0.0154141551,0.673034728,0.35816288,-0.0157416686,0.663994193,0.384195745,-0.0144608608,0.67128545,0.37591818,-0.0167138614,0.676091731,0.371189,-0.0162385516,0.680392623,0.367472857,-0.0155073032
6266.6666666666915,0.640399098,0.398431659,9.85147963e-008,0.630924,0.390116513,1.60105337e-005,0.626178622,0.381167591,-0.00199478073,0.626119077,0.374012679,-0.00424776878,0.628605247,0.368440509,-0.00652226573,0.637391686,0.376001447,-0.00652269647,0.643634558,0.364374131,-0.0109567847,0.648935378,0.358305156,-0.0130152535,0.653803229,0.354397982,-0.0138672451,0.646225095,0.377655476,-0.00935201719,0.653621495,0.365362257,-0.0126063908,0.659608066,0.358780444,-0.0138013167,0.664839566,0.354409397,-0.0144534968,0.655201733,0.380452663,-0.0119962329,0.662981153,0.368788123,-0.0148907,0.668524325,0.362526536,-0.0154758487,0.673020124,0.358158916,-0.0158075653,0.663959146,0.384208649,-0.0145181222,0.671274304,0.375931203,-0.0167809986,0.676087737,0.371195853,-0.0163120329,0.680393696,0.367480665,-0.0155849988
6283.3333333333585,0.639658451,0.400205314,9.34018658e-008,0.631380439,0.391479522,0.000363947096,0.62695688,0.382140398,-0.00167744979,0.626999915,0.374658018,-0.0040753521,0.630196452,0.369147569,-0.00647998881,0.63690567,0.377387077,-0.00603543082,0.64322859,0.365691543,-0.0105181346,0.648688853,0.359954029,-0.0127264215,0.653683662,0.356271565,-0.0137447631,0.645969272,0.378940821,-0.00915412884,0.653516531,0.366377383,-0.0124277789,0.659673333,0.359648,-0.0141112749,0.664857745,0.35504961,-0.0151372747,0.655494809,0.381841242,-0.0120265083,0.663825154,0.370376259,-0.014803132,0.669806719,0.364127249,-0.0156853124,0.674367845,0.35959959,-0.0163066909,0.664806724,0.38582319,-0.0147309126,0.67211318,0.377685249,-0.0167862121,0.676436245,0.372961611,-0.0163069,0.68014729,0.369154334,-0.0156262033
6283.3333333333585,0.639654398,0.400210053,9.34403133e-008,0.631383181,0.391486377,0.000364755804,0.626966774,0.382146478,-0.0016796235,0.62699008,0.374664605,-0.00408088043,0.63016808,0.369145304,-0.00648773322,0.636895478,0.377397686,-0.00603852794,0.64322716,0.365693837,-0.0105238175,0.64868623,0.359951943,-0.0127317989,0.653680682,0.356265843,-0.0137470653,0.645963848,0.378946334,-0.00915406831,0.653505206,0.366371721,-0.0124219097,0.659658134,0.359639347,-0.0141010331,0.664843202,0.35504058,-0.0151249105,0.655502737,0.381838739,-0.0120222578,0.66382587,0.370367378,-0.0147869904,0.669793904,0.364121705,-0.0156582016,0.674346149,0.359598935,-0.0162742,0.664834142,0.385811388,-0.0147230402,0.672136664,0.377668142,-0.016762007,0.676455319,0.372944534,-0.0162713099,0.680162072,0.369136244,-0.0155840432
6300.0000000000255,0.640537441,0.400849164,8.92289478e-008,0.631594241,0.391957372,-0.000295917707,0.626838624,0.382404029,-0.00233842316,0.627254546,0.374386966,-0.00448115729,0.629667342,0.368413836,-0.00647714781,0.638948321,0.377922267,-0.00654777884,0.644834578,0.366326094,-0.010551882,0.650142,0.360970318,-0.0124049308,0.655176044,0.35749051,-0.0131609542,0.648456752,0.37993595,-0.00907438528,0.655989,0.367755562,-0.0117118116,0.662052,0.361496538,-0.0127304792,0.667203188,0.357400447,-0.0134293148,0.657749712,0.383149445,-0.0113841724,0.667740643,0.372837633,-0.0135023529,0.674366117,0.36761874,-0.0135235516,0.67907697,0.364079475,-0.0135944467,0.666208923,0.387138963,-0.0136354649,0.674000382,0.379471838,-0.0148693062,0.678690076,0.375330925,-0.0136225112,0.682382,0.372258276,-0.0124692302
6300.0000000000255,0.640521049,0.400858253,8.90989469e-008,0.631587565,0.391964346,-0.000293405232,0.626833081,0.382399827,-0.00233166828,0.627257347,0.374374628,-0.00447276235,0.629689038,0.36840111,-0.00646745972,0.638929,0.377922684,-0.00653224159,0.644808292,0.366327614,-0.0105356574,0.650109768,0.360973686,-0.0123885497,0.655141711,0.357494354,-0.0131459627,0.648444,0.37993753,-0.00906170439,0.655975223,0.367759168,-0.0116986353,0.662036657,0.361500382,-0.0127201267,0.667188525,0.357402861,-0.0134219145,0.6577456,0.383153915,-0.0113757094,0.667722702,0.372844934,-0.0134945447,0.674339533,0.367622763,-0.0135211935,0.679042399,0.36407721,-0.0135973366,0.666213393,0.387146354,-0.0136315906,0.67400831,0.379481912,-0.0148697607,0.678698,0.375334978,-0.0136324381,0.68239373,0.372251511,-0.0124872988
6316.666666666692,0.639379203,0.402795583,7.95475756e-008,0.631175399,0.393435508,-0.00127588445,0.626362205,0.383398205,-0.00370131573,0.627302945,0.37523368,-0.0059197396,0.630003929,0.369009972,-0.00787920132,0.641851604,0.379950792,-0.00698162289,0.646564364,0.368558049,-0.0110235242,0.650642872,0.36268416,-0.0131765259,0.654156268,0.35848397,-0.0142367734,0.651656151,0.382657856,-0.00880949851,0.662109733,0.371719182,-0.0110724447,0.668876648,0.366092831,-0.0118268831,0.674150944,0.362255454,-0.0123925433,0.660098076,0.386466056,-0.0105433045,0.671114862,0.377438217,-0.0124546308,0.678182,0.372357517,-0.0121634593,0.682970524,0.368795633,-0.0120479912,0.667364478,0.390884161,-0.0122814849,0.675967693,0.384133846,-0.0133130476,0.680024624,0.380568,-0.0116195781,0.682408512,0.377892673,-0.010186675
6316.666666666692,0.639383614,0.402817786,7.95181876e-008,0.631204903,0.393439412,-0.0012942031,0.626373172,0.38341704,-0.00372824492,0.627264798,0.375264823,-0.00596158719,0.629955888,0.369044095,-0.0079345135,0.641854942,0.379978865,-0.00692624832,0.64655745,0.368616,-0.0109786307,0.650599599,0.362727433,-0.0131526282,0.654092848,0.358492613,-0.0142352851,0.651643872,0.382676303,-0.00876109675,0.662089348,0.371766895,-0.0110342922,0.668851912,0.366137892,-0.0118057616,0.674141288,0.36227721,-0.0123870317,0.660067499,0.386477292,-0.0105121313,0.671067,0.377478957,-0.0124424631,0.67814827,0.372404844,-0.0121597601,0.682965159,0.368835151,-0.0120470971,0.667325258,0.390892357,-0.0122736674,0.675926924,0.384166181,-0.013321924,0.680001438,0.380605787,-0.011638945,0.68241179,0.377926618,-0.0102146054
6333.333333333359,0.641042531,0.404646695,5.18695202e-008,0.632417798,0.395412236,-0.00268359017,0.628528774,0.384772152,-0.00611834088,0.63036412,0.375825524,-0.00876472704,0.633414567,0.368954808,-0.0110655474,0.64553988,0.383357644,-0.0102908639,0.650113583,0.371663481,-0.0148688657,0.65242964,0.365170956,-0.0169665087,0.654385149,0.360185862,-0.0178972669,0.656181812,0.386168808,-0.0112716882,0.667098761,0.375240147,-0.0140207829,0.672519267,0.369667053,-0.0141192758,0.676834464,0.365519822,-0.0140430052,0.664444506,0.389847159,-0.0120316623,0.675434232,0.380319297,-0.014343367,0.681005418,0.375172108,-0.0128224231,0.684936762,0.371506512,-0.0114812907,0.670997202,0.393971711,-0.0128352586,0.678048253,0.385456443,-0.0141151873,0.681444168,0.380671829,-0.0117588621,0.683830142,0.376872838,-0.00951977819
6333.333333333359,0.641079,0.404669762,5.00054753e-008,0.632467091,0.3954615,-0.00272496953,0.628552556,0.384803355,-0.00616926281,0.630324602,0.375822484,-0.00882110652,0.633378625,0.368929446,-0.0111211417,0.645522296,0.383377969,-0.010277112,0.650068343,0.371657461,-0.014853349,0.652350366,0.365190238,-0.0169582982,0.654272795,0.3602162,-0.0179029908,0.656146288,0.386162698,-0.0112439627,0.666784585,0.375203252,-0.0140001606,0.671985686,0.369546711,-0.0141533343,0.676102579,0.365296423,-0.0141368378,0.664416671,0.389814079,-0.0119981598,0.675261,0.380224407,-0.0143577801,0.680833042,0.375034958,-0.0129301138,0.68475163,0.371329099,-0.0116563756,0.670986056,0.393912107,-0.0127946548,0.677979469,0.38532868,-0.0141694024,0.681344271,0.380486,-0.0119291851,0.683698416,0.376627237,-0.00977132656
6350.000000000026,0.643180072,0.406967282,3.18871827e-008,0.634548,0.397109628,-0.00297339656,0.631759763,0.387094736,-0.00673629483,0.634383678,0.379024923,-0.00980680622,0.638845444,0.373027831,-0.0124601964,0.650262773,0.38661027,-0.0103638805,0.655142248,0.375062644,-0.0158162955,0.657609582,0.368078351,-0.0189673901,0.659726679,0.362607718,-0.0206973664,0.661143243,0.38980487,-0.0111155128,0.671233177,0.379593164,-0.0141129149,0.675071657,0.375058204,-0.013837168,0.678007126,0.37176767,-0.0135317659,0.668885589,0.393483549,-0.0117398091,0.678606391,0.383786619,-0.0139542464,0.679744363,0.379235178,-0.0107602468,0.679750383,0.376425028,-0.00820416771,0.674328,0.397241235,-0.0126006436,0.681265533,0.388459951,-0.0137365079,0.681921601,0.384321749,-0.0102245398,0.681667805,0.381643981,-0.00705737062
6350.000000000026,0.643157661,0.406977534,3.26018821e-008,0.634538,0.397101909,-0.00304642529,0.631795883,0.387031376,-0.00680484343,0.634509504,0.378921092,-0.00984712783,0.638822734,0.372825623,-0.0124710798,0.650316715,0.386597365,-0.0103574041,0.655178368,0.375086188,-0.0158576015,0.657632411,0.368103594,-0.01908179,0.659723461,0.362624884,-0.0208648704,0.661189854,0.38980034,-0.0110473596,0.671206415,0.379663527,-0.0140084652,0.675103128,0.375091434,-0.0137446849,0.678101361,0.371730864,-0.0134843159,0.66889447,0.393475354,-0.011630415,0.678466558,0.383857042,-0.013809951,0.679707,0.379279912,-0.0106547102,0.679813802,0.37642923,-0.00815129466,0.674302638,0.397224367,-0.0124600902,0.681181073,0.388501942,-0.0136037562,0.681959569,0.384326518,-0.0101535656,0.681825101,0.38158378,-0.00704518519
6366.666666666693,0.646119,0.409800291,1.38215146e-008,0.637128115,0.399727464,-0.0035324085,0.635669768,0.389566153,-0.00720731169,0.640772879,0.381738275,-0.0096980175,0.646034539,0.375608087,-0.0117495293,0.653998911,0.390334189,-0.0127997948,0.660369277,0.377867788,-0.0183801204,0.664307117,0.370543063,-0.0212663915,0.66712606,0.36500749,-0.0226506218,0.666215897,0.394023687,-0.012677229,0.676719785,0.382217497,-0.0159268025,0.67560035,0.377327204,-0.0145378746,0.672964871,0.374792516,-0.0128352679,0.673502,0.397826523,-0.0122271497,0.68157351,0.386951476,-0.014097319,0.679532766,0.381621569,-0.00990461092,0.676683724,0.379024208,-0.00642034411,0.677545488,0.401393712,-0.0119616752,0.68275857,0.392016053,-0.0127791548,0.680552483,0.387372911,-0.00861993339,0.677528918,0.384815425,-0.00478723412
6366.666666666693,0.646087289,0.409797907,1.39825689e-008,0.637139499,0.399741828,-0.00353445811,0.6357342,0.38956067,-0.00721410476,0.640808165,0.381690472,-0.00970540196,0.646034241,0.375505447,-0.0117588332,0.653926373,0.390359,-0.0128178671,0.660351574,0.37791723,-0.0184513666,0.664290488,0.370578945,-0.0213840362,0.667090416,0.365029931,-0.0227970704,0.666166902,0.394034594,-0.012680795,0.676739693,0.38219583,-0.0159426816,0.675645053,0.377289087,-0.0145516954,0.673011184,0.374726623,-0.0128444079,0.673486769,0.397826731,-0.012218236,0.681607842,0.386906028,-0.0140612,0.679578125,0.381550491,-0.00985078327,0.676712275,0.378913224,-0.00635754364,0.677551389,0.401395082,-0.0119444504,0.682825267,0.392004848,-0.0127480784,0.680627346,0.387322873,-0.00860395841,0.677595615,0.384711713,-0.00478161266
6383.33333333336,0.646361232,0.413504809,-1.66282135e-008,0.638349533,0.403011411,-0.00452518323,0.639925361,0.392486542,-0.00782132,0.647880495,0.384624928,-0.00991171412,0.653745472,0.378196597,-0.0115763824,0.657873631,0.394074082,-0.0124087827,0.665411,0.381315231,-0.0173775591,0.669705093,0.374566287,-0.019557355,0.672884703,0.369642556,-0.0205111988,0.669684589,0.398286611,-0.0121517908,0.678357124,0.385769218,-0.015567448,0.676852345,0.379905164,-0.0150264539,0.673499107,0.376907766,-0.0140577136,0.676499367,0.402458668,-0.0117358686,0.683376133,0.391215593,-0.0143837035,0.680518687,0.385376811,-0.0117467511,0.677150488,0.382421076,-0.0093545327,0.680014,0.406158417,-0.0115658315,0.683568418,0.396762401,-0.0136849191,0.680923522,0.391379267,-0.0113125835,0.677932262,0.38830024,-0.00873617
6383.33333333336,0.646397769,0.413513899,-1.65633285e-008,0.638385534,0.403009742,-0.00462376513,0.639971852,0.392438024,-0.00797081366,0.647982,0.384509414,-0.0100848712,0.653816342,0.378013283,-0.0117711481,0.657843828,0.394087821,-0.0125984158,0.665383458,0.381320268,-0.017623011,0.669663906,0.374573469,-0.0198276509,0.672828794,0.369622201,-0.0207978077,0.66968751,0.398289531,-0.0123013752,0.678239524,0.385722786,-0.015711436,0.676703513,0.379756331,-0.0151543552,0.673360765,0.376614422,-0.0142068146,0.676524401,0.402456969,-0.0118475026,0.683305085,0.391204923,-0.0145279448,0.680341125,0.385404319,-0.0118639944,0.676890135,0.382470071,-0.00945686083,0.680051744,0.4061611,-0.011647149,0.683542609,0.396763355,-0.0137968976,0.680808544,0.391419888,-0.0114116585,0.677750111,0.38838768,-0.0088268742
6400.000000000027,0.64746207,0.418434978,-7.97946265e-010,0.642035663,0.408040971,-0.00402904721,0.644470692,0.398536116,-0.00712776277,0.651319921,0.391322315,-0.00946560688,0.657644451,0.38595435,-0.0114353411,0.665059924,0.398882896,-0.00942199212,0.677954,0.389735937,-0.0132229915,0.684689462,0.384341568,-0.0149730695,0.689620554,0.380136639,-0.0157482717,0.674311101,0.403879613,-0.00913757365,0.684575796,0.394165277,-0.01132135,0.686913848,0.388756603,-0.0109262718,0.687998712,0.385169894,-0.010504852,0.679837942,0.408561975,-0.00879311282,0.688106537,0.399576187,-0.0104904361,0.688536048,0.394666314,-0.00782069,0.688295543,0.391818881,-0.00565479416,0.682775438,0.412471324,-0.00881013367,0.688873053,0.404715449,-0.00996329822,0.68861717,0.400531977,-0.00731181353,0.687460184,0.398119897,-0.00470351242
6400.000000000027,0.647502482,0.418447822,8.26551327e-010,0.642071784,0.408036768,-0.00407027453,0.644470453,0.398543775,-0.00720038731,0.65126282,0.391326547,-0.00956523791,0.657642722,0.385968506,-0.0115471603,0.665030837,0.398877352,-0.00934021268,0.677878618,0.38974455,-0.0131619424,0.68460536,0.384331405,-0.0149375964,0.689554214,0.380120546,-0.0157242324,0.674274743,0.403865159,-0.00904572196,0.684555173,0.394128442,-0.0112370914,0.6871351,0.388648272,-0.010898469,0.688469529,0.384941846,-0.0105227837,0.67983675,0.408528954,-0.00870491564,0.688110948,0.399501801,-0.0104142539,0.688725591,0.394504696,-0.00780357933,0.688652217,0.391534835,-0.00567877106,0.682813406,0.412434548,-0.00873053167,0.688934207,0.404656589,-0.00989940483,0.688827693,0.400422603,-0.00727836881,0.687798738,0.397922456,-0.00469067832
6416.666666666694,0.653650105,0.420895576,-3.58442193e-010,0.647715569,0.406943589,-0.000497196335,0.644183755,0.392587,-0.00370656373,0.640072525,0.382585257,-0.00752736302,0.634813428,0.37578246,-0.0116144679,0.647341728,0.394237787,-0.013739517,0.643663287,0.381566525,-0.0245222412,0.636829853,0.375835329,-0.0309176855,0.628503263,0.371747613,-0.0344935805,0.651084721,0.399858147,-0.0193826593,0.648777366,0.386571765,-0.0303213857,0.640568,0.380181253,-0.035114,0.631828368,0.375667095,-0.0378519967,0.65737468,0.406268328,-0.0248720031,0.659851789,0.396165133,-0.0355999917,0.656513155,0.391346395,-0.038890183,0.652740896,0.387046456,-0.0401406549,0.666182399,0.41279906,-0.0301048979,0.67478472,0.405215383,-0.038492389,0.679581285,0.400765866,-0.0406356454,0.683494508,0.396570086,-0.0415567644
6416.666666666694,0.647476792,0.424187452,-5.86661297e-009,0.644275308,0.413317978,-0.00531205162,0.649126709,0.403213412,-0.00862306,0.6579,0.396071166,-0.010993869,0.664694488,0.389945328,-0.0129055856,0.671709299,0.406147897,-0.00953307189,0.685434163,0.397070646,-0.0131330034,0.693063736,0.392135829,-0.0150639294,0.698940516,0.388415247,-0.0160926022,0.679643333,0.411595643,-0.00839359127,0.689136207,0.401982635,-0.0105233425,0.689255953,0.397218734,-0.0101066055,0.689043045,0.394774467,-0.00972590689,0.683201,0.416418344,-0.00735948561,0.689451218,0.407913834,-0.00885817688,0.687589049,0.404154539,-0.00615058932,0.685901284,0.40288198,-0.0040361057,0.684491694,0.420322835,-0.0068346397,0.689772,0.413378209,-0.00781508908,0.687704444,0.410100102,-0.00523178093,0.685111284,0.408774346,-0.00275897561
6433.333333333361,0.656715751,0.422821,-1.97219929e-008,0.647097409,0.412105709,-0.000284372,0.639884114,0.399795949,-0.00291412976,0.633368552,0.390657365,-0.00589013705,0.629066885,0.383877903,-0.00922135729,0.649513,0.397297919,-0.00976566132,0.641893,0.383259594,-0.0189379901,0.631799519,0.376933128,-0.0245246235,0.621573389,0.373857081,-0.0272725876,0.654429913,0.399611086,-0.0136725325,0.645339489,0.384652,-0.0217526071,0.633534551,0.377923459,-0.0256264,0.622385085,0.374149293,-0.0275920816,0.660473049,0.403282553,-0.0175628327,0.652148068,0.389746,-0.0239827931,0.641153812,0.382768303,-0.0255725309,0.631398,0.378225029,-0.0259818844,0.667745233,0.40781948,-0.0212712046,0.661487401,0.398182422,-0.0260551702,0.655176282,0.392535985,-0.0265035387,0.64913249,0.388441592,-0.026141502
6433.333333333361,0.649451,0.429560155,-5.42551781e-008,0.648399174,0.418359697,-0.00316705112,0.655374646,0.408872366,-0.0050412151,0.664672375,0.402509421,-0.00632921606,0.671310127,0.3976264,-0.00732722599,0.677890658,0.412694275,-0.00665350212,0.692578673,0.404949874,-0.00843326,0.699662328,0.400738448,-0.00906344317,0.704815447,0.397669733,-0.00935664494,0.684042513,0.418663234,-0.00599079905,0.69511646,0.410417557,-0.00721693272,0.690895617,0.408164471,-0.00602651946,0.686210394,0.408481359,-0.00487839757,0.68563056,0.423662633,-0.00520913908,0.694333,0.416265547,-0.00652299263,0.689994,0.414442778,-0.00441811606,0.685547054,0.415154368,-0.00265998114,0.68537128,0.427485466,-0.00454238383,0.692617953,0.421280593,-0.00485200901,0.689211786,0.419574946,-0.00226692576,0.684756458,0.42010504,2.56390194e-005
6450.000000000028,0.665943,0.433530957,6.42556515e-008,0.660232484,0.422555566,-0.00341166719,0.656180501,0.409992665,-0.00678968616,0.651346922,0.399806976,-0.0101082725,0.646288276,0.391979754,-0.0134639777,0.650398314,0.410111099,-0.0159418602,0.640626073,0.396777868,-0.0261741392,0.634285808,0.388185352,-0.03177277,0.628073,0.381799221,-0.0351093262,0.656478167,0.413313955,-0.0194097385,0.646962404,0.400932342,-0.0310513079,0.640845299,0.393415242,-0.0362133943,0.635885239,0.387358218,-0.0388407,0.666927,0.417977333,-0.0227609314,0.665094733,0.409378,-0.0352822877,0.663248718,0.40719977,-0.0384348743,0.661536217,0.404960483,-0.0385319181,0.680730402,0.422883689,-0.0259716939,0.688414395,0.416539639,-0.0359312557,0.693684518,0.413079083,-0.038490992,0.698338807,0.40972966,-0.0388873369
6450.000000000028,0.651639342,0.436933279,-2.10176516e-008,0.652114272,0.425374031,-0.00487156352,0.660068572,0.416604251,-0.00722753303,0.668625295,0.410866857,-0.00848129,0.67531836,0.4066239,-0.00927769765,0.682709396,0.421310663,-0.00768011482,0.697143078,0.413321137,-0.00909247715,0.704847,0.408501804,-0.00996397808,0.710429072,0.404502362,-0.0104193203,0.688023388,0.42705366,-0.00551584,0.700206637,0.41852358,-0.00576935103,0.702314138,0.41323778,-0.00489453832,0.702851892,0.409932345,-0.00437395042,0.688652337,0.431601584,-0.00328932027,0.697968364,0.423845321,-0.00315483822,0.698179722,0.419396102,-0.000843134,0.697218418,0.417296529,0.000757819449,0.687289834,0.434664309,-0.00146972202,0.695426047,0.428536832,-0.00101883092,0.695372045,0.424518466,0.00158438587,0.693646371,0.422373444,0.00380240567
6466.666666666695,0.65362972,0.443319649,-6.6161121e-008,0.656353712,0.431710184,-0.00412667962,0.666884482,0.422887206,-0.00651961844,0.679491937,0.418399125,-0.00812101923,0.689041793,0.415957272,-0.00909655821,0.688552678,0.429619282,-0.00666807871,0.702934623,0.422839969,-0.00880427938,0.706944585,0.418055981,-0.00990253408,0.708261669,0.415528297,-0.0104088793,0.692513704,0.436276555,-0.00565829501,0.70477277,0.429100424,-0.0061996677,0.703815699,0.425126433,-0.00581969367,0.7009238,0.423864186,-0.00577613,0.69292295,0.441699624,-0.00469935453,0.703670442,0.435076684,-0.00550129311,0.702126,0.431331724,-0.00368487579,0.698735476,0.43023926,-0.0024813558,0.691539288,0.445839882,-0.00399722205,0.700910926,0.440499902,-0.00447192183,0.699990094,0.437391251,-0.00215398124,0.696879447,0.436377347,-5.29987592e-005
6483.333333333362,0.654237509,0.414543629,-8.86241622e-008,0.633971,0.4074606,0.00592830637,0.623860598,0.398854315,0.00665061362,0.616975486,0.392490208,0.00496097701,0.609677732,0.38809827,0.00333891902,0.635312319,0.386746764,0.0107093416,0.618256509,0.38022545,0.00741018867,0.605343759,0.378981233,0.00320112612,0.59584862,0.379204,0.000680696103,0.636376858,0.387077421,0.00516307307,0.617156565,0.379861891,0.00326268747,0.605081439,0.378803283,0.000120375873,0.595326066,0.379235566,-0.00228908518,0.635305882,0.388492137,-0.000839210639,0.616846859,0.381135494,-0.00178112381,0.604444623,0.380219519,-0.0019168281,0.594692,0.380974,-0.00231440528,0.631886184,0.390848666,-0.00676737912,0.61624521,0.385063082,-0.00603446877,0.607077181,0.383628964,-0.00429142173,0.599042833,0.383599401,-0.00320517574
6483.333333333362,0.6555655,0.451243877,-4.05977154e-008,0.659940898,0.440108418,-0.00386843598,0.671987355,0.432162344,-0.00599747431,0.685762465,0.428506434,-0.00742201414,0.696594,0.426811725,-0.00832143426,0.68942827,0.438783556,-0.00630556652,0.706035793,0.432804376,-0.00880581886,0.714548528,0.429469645,-0.0100413244,0.720934629,0.42768544,-0.0107094971,0.693791389,0.445351779,-0.00569670042,0.708297431,0.439137578,-0.0072817672,0.71015656,0.435852408,-0.00712381816,0.709962189,0.43504703,-0.00681044813,0.694671035,0.450647831,-0.00521582086,0.707296669,0.444702357,-0.00711325835,0.708387494,0.441285759,-0.00545201823,0.707562864,0.440460742,-0.00390449399,0.693718314,0.454522431,-0.00498105772,0.704924047,0.449578941,-0.00638070703,0.706110597,0.446599364,-0.0044078473,0.704975426,0.445489913,-0.00232377741
6500.000000000029,0.650360465,0.414176583,-7.5681406e-008,0.629662,0.408832,0.00383377029,0.618052423,0.400901765,0.00511651533,0.610119462,0.394793838,0.00441801082,0.602802753,0.390638977,0.00367560983,0.619769752,0.391601264,0.010258656,0.605981112,0.385456711,0.00671550818,0.595226109,0.384841859,0.00210852874,0.586988568,0.385554612,-0.000549001386,0.622500122,0.391175121,0.00624043867,0.607151151,0.383953422,0.0037851329,0.596791208,0.383421093,9.82930578e-006,0.588100493,0.384368122,-0.00241726893,0.624833703,0.391900569,0.00148797384,0.610748529,0.384906381,-0.000195358094,0.600099683,0.383647591,-0.00202239375,0.590756774,0.384190828,-0.00322887488,0.626405,0.393565595,-0.00331931747,0.616892219,0.388564676,-0.00349843758,0.609392524,0.386756718,-0.00351517741,0.601714,0.386350185,-0.00364272459
6500.000000000029,0.659656823,0.457344264,-5.87713913e-008,0.664874613,0.447063416,-0.00361689669,0.679533303,0.439707696,-0.00578282587,0.694189072,0.43592,-0.00737607898,0.705867,0.432926059,-0.00832309201,0.69646579,0.447752833,-0.00616756268,0.714417696,0.442387968,-0.0104102865,0.717924297,0.438265294,-0.0128522832,0.716666,0.436312348,-0.0135567663,0.698558688,0.454373807,-0.00608978,0.716114044,0.449684113,-0.0076833223,0.718749881,0.44607088,-0.00779224886,0.716835856,0.44455716,-0.00782009214,0.697597623,0.459943056,-0.00632314198,0.714664459,0.456294894,-0.00839741621,0.717973232,0.452777892,-0.00671628676,0.717133105,0.451067299,-0.00519211916,0.695171714,0.464140683,-0.00675220322,0.710788429,0.461204559,-0.00862935372,0.715365291,0.458432317,-0.00674256636,0.716180444,0.456723392,-0.00464953296
6516.666666666696,0.644730926,0.41367,-5.14581586e-008,0.629623413,0.408270717,0.00588066597,0.617599607,0.400825858,0.008021608,0.609083354,0.395491362,0.00836742111,0.601025403,0.392479837,0.00869217142,0.61422956,0.392537981,0.00878801662,0.598097324,0.387213916,0.00680941204,0.58629775,0.386642665,0.00398169691,0.577191234,0.387446374,0.00233787159,0.614663124,0.392459154,0.00426294236,0.595985413,0.387376726,0.00317042554,0.58348465,0.386984646,0.000989161,0.573763669,0.388270706,-0.000642895931,0.614911914,0.394093156,-0.000454786234,0.597149491,0.388797402,-0.000803410599,0.58478862,0.38804844,-0.00198554667,0.575343311,0.38879329,-0.00327481492,0.614776194,0.396926,-0.0049339626,0.602935851,0.393364102,-0.00465451693,0.594676793,0.392213523,-0.00455150288,0.587788582,0.392126888,-0.00475435564
6516.666666666696,0.657741189,0.465065926,-2.46741472e-008,0.665172279,0.454858869,-0.00303218397,0.680077553,0.44753021,-0.00504959,0.693947613,0.444461912,-0.00650843745,0.704806626,0.442805201,-0.00749341026,0.696506381,0.456900358,-0.00581466546,0.713683426,0.454290837,-0.00903205,0.723175466,0.452259094,-0.0111022228,0.729259074,0.450457066,-0.0121054668,0.697843,0.464141756,-0.00621593278,0.717130363,0.462018728,-0.00819480605,0.725388527,0.458918542,-0.00867372658,0.729419351,0.456481487,-0.00865543541,0.69626528,0.469843566,-0.00672739325,0.714960873,0.468173444,-0.00856041815,0.723368764,0.464876354,-0.00760309,0.727796793,0.462505132,-0.00645946432,0.692820907,0.473923206,-0.00743524358,0.708585322,0.472399771,-0.0089945849,0.716847599,0.469412088,-0.00746423611,0.721688807,0.466706067,-0.0055513815
6533.333333333363,0.641874,0.417201281,-4.44969146e-008,0.625992,0.413590103,0.00333704264,0.616373599,0.406326,0.00378398667,0.611371458,0.401053399,0.002812583,0.607611775,0.396838874,0.00159687363,0.611175716,0.397703648,0.00389804901,0.594289184,0.392799824,-0.000313198223,0.580338657,0.391418219,-0.00415825611,0.568936348,0.391491592,-0.00657974184,0.611964464,0.39725098,-0.000527824857,0.593336284,0.391548276,-0.00453494582,0.578704894,0.390365332,-0.00787595939,0.566468418,0.390861541,-0.010116647,0.612161458,0.39857316,-0.00522564072,0.594409,0.392528921,-0.00869562943,0.580167651,0.391174138,-0.0111673698,0.568318546,0.391442567,-0.0127890799,0.611227751,0.401469052,-0.00978095643,0.597386241,0.397143275,-0.0123196896,0.587303,0.395664513,-0.0133842295,0.578313053,0.395397186,-0.0140856262
6533.333333333363,0.656592548,0.469865978,-1.80671069e-008,0.667838752,0.46052,-0.00211270317,0.685237646,0.454974234,-0.00408983463,0.700329602,0.452553183,-0.00578461494,0.711758494,0.449850947,-0.00703187799,0.698611796,0.464405179,-0.00488295406,0.716448545,0.463588,-0.00799964555,0.725132048,0.462298334,-0.0098223919,0.729957581,0.460917801,-0.010500947,0.697783887,0.471740454,-0.00574663142,0.716959476,0.471411705,-0.00669223303,0.723413587,0.469123334,-0.00602402398,0.725887716,0.467339814,-0.0054209847,0.694113672,0.477712482,-0.00672034221,0.712148786,0.478583515,-0.00759393582,0.718197703,0.476147532,-0.00514720054,0.720192313,0.474359602,-0.00327738584,0.688719153,0.482375085,-0.00788650103,0.702830553,0.483161122,-0.00804066844,0.707931101,0.481471449,-0.00502219377,0.709719777,0.479823709,-0.00231179572
6550.00000000003,0.632663846,0.415314376,-2.23434071e-008,0.620416164,0.408100873,0.00458261184,0.607746661,0.402277231,0.00514387386,0.597316504,0.399677306,0.00422309153,0.588361263,0.399376571,0.00307019148,0.60261029,0.396806777,0.00264941575,0.584266782,0.392174482,-0.00213944423,0.570471764,0.392065644,-0.00604701601,0.560282946,0.393473357,-0.00819148589,0.601260126,0.39780882,-0.00198351499,0.58164,0.392489,-0.00542383734,0.567344546,0.392437905,-0.00765421102,0.556557536,0.393859595,-0.00916052423,0.600345,0.400650889,-0.00669111451,0.580942,0.395614773,-0.00936997123,0.56717366,0.39554742,-0.0112904347,0.556758821,0.396728128,-0.0127773182,0.59971112,0.40477857,-0.011079059,0.586354792,0.40229848,-0.0136892656,0.576307178,0.402130336,-0.0149946213,0.567847669,0.402902901,-0.0158162806
6550.00000000003,0.658247471,0.47451061,9.29834876e-009,0.670002222,0.465728819,-0.00288240938,0.688767433,0.461161107,-0.00426178519,0.70425576,0.459647834,-0.00502743619,0.715755403,0.457690805,-0.00512119476,0.701606452,0.471519738,-0.00419232296,0.720202565,0.470725447,-0.00664229412,0.728370845,0.470765322,-0.00779310521,0.731719613,0.47055462,-0.0077258409,0.699834824,0.478698283,-0.00414982345,0.719002604,0.480228186,-0.00447846903,0.726278961,0.4800044,-0.00352864107,0.727974892,0.479319721,-0.00232063094,0.695253,0.48437798,-0.00438873377,0.711465836,0.487413764,-0.00506338151,0.718078554,0.486925274,-0.00311840302,0.720402718,0.485918701,-0.0012241333,0.689003,0.488771,-0.00482656155,0.701457798,0.491382599,-0.00500953896,0.7064147,0.491055787,-0.00230220752,0.708517671,0.49002111,0.000470515079
6566.666666666697,0.626442,0.416018665,-7.38231387e-009,0.61515671,0.4090873,0.00453103427,0.600895524,0.403938055,0.00450799568,0.589548588,0.401836336,0.00309539773,0.580595732,0.402343899,0.00131663587,0.594070494,0.399881065,-0.000179072827,0.575908601,0.394750446,-0.00473863678,0.562654793,0.39439854,-0.00797967799,0.553061545,0.395569533,-0.00975335762,0.59249723,0.402060807,-0.00499196257,0.571569085,0.397245169,-0.00831895601,0.557818294,0.39770627,-0.0098024318,0.548249245,0.39947775,-0.0108391121,0.59163475,0.405951828,-0.00962427724,0.570877135,0.402356297,-0.0116741881,0.557101369,0.402767628,-0.0128203072,0.547320962,0.403998822,-0.0139796203,0.591422796,0.411113203,-0.0138878804,0.575591087,0.409660339,-0.0152880708,0.565276146,0.41008988,-0.0156376977,0.55685544,0.41104278,-0.0160087049
6566.666666666697,0.658289909,0.477706134,-2.9914593e-009,0.671304,0.469686,-0.00156199769,0.690171182,0.466401517,-0.00282398914,0.70550108,0.465590239,-0.00398183055,0.717052341,0.464068353,-0.00456745271,0.703590751,0.476488054,-0.0022242933,0.722811,0.477738202,-0.00523155276,0.72739619,0.478426814,-0.00733354269,0.726446092,0.478567332,-0.00795609225,0.700799167,0.483715177,-0.0033474511,0.719668031,0.486684829,-0.00406698836,0.725748658,0.487588555,-0.00466787,0.727076769,0.487692565,-0.00494445348,0.695113301,0.48933503,-0.00477462495,0.710254788,0.493977368,-0.005765351,0.71711427,0.495301843,-0.00544974301,0.720290601,0.495439649,-0.0051941066,0.687606573,0.493617415,-0.00626816414,0.698794782,0.497138113,-0.00658825133,0.702595651,0.497697145,-0.00448919274,0.70390296,0.497049183,-0.00259710476
6583.333333333364,0.618582368,0.417484254,-4.6052695e-009,0.608567476,0.409888804,0.00498971343,0.594787121,0.405101806,0.00529105728,0.584348142,0.403624326,0.00440401863,0.576747179,0.403783,0.00306372391,0.584571481,0.401556075,-0.00168722647,0.564190447,0.397327721,-0.0056123049,0.55123347,0.397756249,-0.00764632737,0.542863,0.399403423,-0.00839940645,0.582428813,0.405477583,-0.00623997394,0.557861745,0.403164506,-0.00948773324,0.545194864,0.405566633,-0.0100519238,0.537718594,0.408234537,-0.0100515913,0.581334591,0.410861462,-0.0103474902,0.557741165,0.409083217,-0.012575319,0.544234812,0.410693765,-0.0131384628,0.535582066,0.412434161,-0.0134009542,0.581290185,0.416984,-0.0138722267,0.561744034,0.416740954,-0.0163218062,0.549881816,0.418059975,-0.0168914255,0.541079581,0.419652104,-0.0167850554
6583.333333333364,0.659095228,0.48107937,-2.94453049e-008,0.672890246,0.473565251,-0.00213431264,0.691040576,0.471015185,-0.00462418562,0.706094921,0.471086204,-0.00700527662,0.717698693,0.469731,-0.00858201832,0.705205,0.481134355,-0.00481934799,0.724384606,0.484217554,-0.00914626569,0.723568618,0.484450936,-0.0119176935,0.718280673,0.483690858,-0.0128136044,0.701278508,0.48817414,-0.00616847537,0.720277965,0.492170036,-0.00750480127,0.722583473,0.492915481,-0.00797343627,0.720988095,0.492744148,-0.00836793706,0.694493234,0.49364239,-0.00779022649,0.709524572,0.499123722,-0.00917695835,0.712976038,0.499903768,-0.00814388413,0.713433444,0.499449521,-0.00754220039,0.686076641,0.4978787,-0.00951014366,0.697652519,0.502499,-0.0100517161,0.699559093,0.502897203,-0.00743477652,0.698753238,0.502089202,-0.00518898247
6600.000000000031,0.61111939,0.419925869,1.4080249e-008,0.599474311,0.412072361,0.00417500641,0.584701836,0.40618965,0.00354020437,0.573505759,0.402268738,0.00173912407,0.566727579,0.397960424,-0.000518530491,0.573775649,0.40539214,-0.00296786102,0.554665208,0.401831478,-0.00743318116,0.542089939,0.401722401,-0.0100344531,0.53319782,0.402563244,-0.0114032347,0.572476208,0.409886748,-0.00758819608,0.548862934,0.408871561,-0.0118373912,0.536154568,0.411338687,-0.0131665394,0.528058887,0.41399911,-0.013721345,0.572663784,0.415683687,-0.0117056342,0.55012846,0.416278541,-0.0144213941,0.53700918,0.418282807,-0.0145646269,0.528036177,0.420089364,-0.0146323023,0.574235201,0.422209501,-0.0153723005,0.55616653,0.423355252,-0.0172317736,0.545459,0.424555659,-0.0169917531,0.536869645,0.425588667,-0.0165134389
6600.000000000031,0.659603477,0.482898772,-8.15125958e-008,0.674629,0.476370692,-0.00023547007,0.692363799,0.4746885,-0.00208463706,0.706932247,0.476038873,-0.00436083926,0.718509734,0.475484788,-0.0059515615,0.705861568,0.484870553,-0.00361922802,0.723249137,0.488912,-0.00767709687,0.719443619,0.48898834,-0.0100985989,0.712337613,0.487917662,-0.0107219154,0.701088786,0.491533309,-0.00586810615,0.717760086,0.497265488,-0.00740347197,0.713475287,0.496574253,-0.00728323404,0.70693028,0.494735241,-0.00693119224,0.693692267,0.496705681,-0.00810631551,0.706632078,0.502716362,-0.00897089485,0.703218162,0.501479149,-0.0066687488,0.69775933,0.499329984,-0.00509032281,0.685118616,0.500593,-0.0103521207,0.696216643,0.505707085,-0.00978658,0.694265,0.504498661,-0.00619851565,0.689877,0.502492368,-0.00329545862
6616.666666666698,0.603778601,0.422300428,2.98579295e-008,0.593800664,0.414556682,0.00343362964,0.580407917,0.408468872,0.0026862938,0.569971204,0.404434502,0.000986071886,0.561829507,0.401717126,-0.00123250822,0.565578341,0.40915215,-0.00374304783,0.545038462,0.406666845,-0.00790965091,0.533056319,0.406663299,-0.0100700902,0.524858594,0.407440484,-0.0111044524,0.564158,0.413957953,-0.00804015808,0.538826227,0.414335132,-0.0121847671,0.527812302,0.41695562,-0.013405242,0.521744728,0.419632256,-0.0137035074,0.564557314,0.419953376,-0.0118346103,0.541249096,0.421934098,-0.0147224106,0.529316664,0.424089551,-0.0147838937,0.521988094,0.426080287,-0.014594622,0.566463411,0.426367611,-0.0151700256,0.547516584,0.428965181,-0.0173031352,0.537255049,0.430384427,-0.0169985164,0.529283643,0.431394726,-0.0163050052
6616.666666666698,0.66139257,0.483411521,-5.88182623e-008,0.676365376,0.47765246,-0.000132409303,0.693019152,0.477057666,-0.00164701405,0.706486702,0.47892946,-0.00359650422,0.716591895,0.478074491,-0.00509576965,0.7053743,0.486209303,-0.00308385864,0.721254349,0.491370946,-0.00660126656,0.720461965,0.493231237,-0.00860797241,0.715550601,0.493150443,-0.00918134302,0.700650156,0.492582321,-0.00517747039,0.71524,0.498614758,-0.006692681,0.712240756,0.499057889,-0.00662898505,0.706805646,0.497709274,-0.00651933951,0.693543375,0.497702479,-0.00730370032,0.705682516,0.504273713,-0.00844008755,0.703562379,0.504127264,-0.00653647259,0.69908458,0.502443492,-0.00533507951,0.685334325,0.50184,-0.00945630763,0.695544541,0.507503331,-0.00963577349,0.69444263,0.507033944,-0.00691042189,0.691031456,0.505307138,-0.00470803911
6633.333333333365,0.598104596,0.426059,3.60870978e-008,0.588134289,0.417583793,0.00337538822,0.57484597,0.4113608,0.00264896802,0.563880265,0.407322,0.000965491345,0.556952298,0.403333127,-0.00128372665,0.558303058,0.413075298,-0.0031265174,0.537152827,0.410936803,-0.00647375733,0.525391698,0.411135018,-0.00820949953,0.51784,0.412179291,-0.00897202361,0.557117403,0.418244332,-0.00692515587,0.532835424,0.418870956,-0.00996350404,0.5224033,0.421042651,-0.010897724,0.51711,0.423359066,-0.0111672161,0.55794847,0.424340665,-0.0101672737,0.535324514,0.426520675,-0.0121549238,0.524614751,0.428686023,-0.0120171076,0.518660545,0.4306,-0.0118106883,0.560392618,0.430744797,-0.0129600074,0.542332292,0.43370679,-0.0143489288,0.533268511,0.435401261,-0.0136699323,0.526804626,0.436682,-0.0127155138
6633.333333333365,0.663516343,0.483517826,-3.31377379e-008,0.678427875,0.478765488,-9.39154e-005,0.693760216,0.478714317,-0.00167731487,0.705614924,0.480281979,-0.00363193941,0.714752555,0.47942397,-0.00530836452,0.706629157,0.487564325,-0.00233070855,0.720221162,0.492865324,-0.00589074194,0.719191313,0.495525539,-0.00829485618,0.714182556,0.495834082,-0.00931697,0.701694191,0.493645906,-0.00468703127,0.713918805,0.500470102,-0.00615326175,0.711476266,0.502430439,-0.00655022403,0.706917942,0.50206995,-0.00693386281,0.693938315,0.498439401,-0.00724012684,0.704553068,0.505858302,-0.00869627949,0.703386664,0.5079,-0.00774464,0.700607657,0.50785923,-0.00743097626,0.684820771,0.502299964,-0.00978758,0.692564666,0.507897377,-0.0107235853,0.690573812,0.508089364,-0.00865253527,0.68737489,0.506716311,-0.00703545846
6650.000000000032,0.591289461,0.428842276,3.47988198e-008,0.582043231,0.420312494,0.0024109059,0.568999827,0.414322585,0.00144702301,0.557163775,0.410645962,-0.000248413504,0.547977149,0.407569617,-0.00232294551,0.551495194,0.416814178,-0.0036988135,0.530495,0.415391088,-0.00733770384,0.519352555,0.416009,-0.00909535494,0.512703657,0.417248785,-0.00963231362,0.549855232,0.422272235,-0.00684335921,0.525597334,0.422837019,-0.0102999741,0.516861,0.425341338,-0.0109839197,0.513837636,0.427820116,-0.0106449956,0.550724745,0.428454757,-0.00947172754,0.528866231,0.430686563,-0.0114066517,0.521168411,0.432890981,-0.0101789227,0.518443108,0.434483677,-0.00888397824,0.553677499,0.434794396,-0.0117941992,0.536881685,0.437617481,-0.0126666604,0.529159,0.439021528,-0.0111275492,0.524589479,0.439756125,-0.00933102891
6650.000000000032,0.665085495,0.483304501,-1.47277435e-008,0.680134773,0.479231805,0.00061964459,0.694440603,0.479829,-0.000659494428,0.705244184,0.480846584,-0.00236527598,0.713387191,0.479518175,-0.00399851939,0.705995321,0.487429053,-0.00137047761,0.71875,0.493134946,-0.00426431559,0.718436658,0.496165067,-0.00626304187,0.714867532,0.497359902,-0.00721919863,0.700694442,0.493209541,-0.0037146213,0.711174667,0.500018239,-0.00465028,0.710223317,0.50275737,-0.00519826682,0.707451582,0.503788948,-0.00598184904,0.693071067,0.497916281,-0.00620076433,0.703022242,0.505399764,-0.00760456,0.70453167,0.509128,-0.00766583625,0.704152763,0.510931,-0.00816678721,0.684305668,0.501681566,-0.00854712,0.692095101,0.507690787,-0.00967009086,0.692291319,0.50976187,-0.00842753612,0.691266716,0.510416746,-0.00752808433
6666.666666666699,0.586252332,0.431355029,1.88175715e-008,0.576289058,0.422743201,0.00231984816,0.562995374,0.417226672,0.00113420782,0.550774276,0.413878,-0.000850951357,0.541014135,0.411243409,-0.00320258876,0.547022521,0.419589609,-0.00339687988,0.526516497,0.418733776,-0.00714984071,0.515924931,0.420290649,-0.00901109632,0.51037854,0.422516793,-0.00954330154,0.545296133,0.425387025,-0.00641843863,0.521844506,0.426487833,-0.00937474146,0.514388084,0.428862661,-0.00980606675,0.512610853,0.431198865,-0.00952656288,0.545982957,0.431790501,-0.00902780611,0.524577737,0.434125662,-0.0104348836,0.517509,0.436029792,-0.00893877726,0.515629411,0.43747592,-0.00775943743,0.548482895,0.438054383,-0.0113775227,0.531658173,0.44073227,-0.0120031,0.524187386,0.441911966,-0.0103291376,0.520111,0.442519754,-0.00860506855
6666.666666666699,0.666373551,0.482554674,-1.22681154e-008,0.68061769,0.478710324,0.00149177772,0.694010556,0.478857547,0.000462081662,0.703876495,0.479794532,-0.0012804463,0.71121347,0.478848606,-0.00294145988,0.705488503,0.487704217,-0.000205593,0.716074049,0.493642569,-0.00268553686,0.715069473,0.49658516,-0.00451454381,0.710959852,0.49762556,-0.00533711,0.700141788,0.493154466,-0.00275790296,0.709711671,0.500104964,-0.00336799491,0.708169341,0.502893686,-0.0038028257,0.704444051,0.503870189,-0.00441561593,0.692763805,0.497668505,-0.00529712392,0.701699674,0.505097687,-0.005795551,0.700626135,0.507729232,-0.00472635357,0.697938919,0.50848496,-0.00433836,0.684247673,0.501307964,-0.00774908345,0.691612899,0.507633626,-0.00790035166,0.692646921,0.510371208,-0.00609630346,0.692433059,0.511805713,-0.00468096975
6683.333333333366,0.580570459,0.433644086,1.57581326e-008,0.57259196,0.424671769,0.000509456149,0.562027395,0.417629868,-0.0012074681,0.550111055,0.413426965,-0.00347557897,0.53983891,0.410787791,-0.00564066321,0.543940663,0.421453893,-0.00211753068,0.526837707,0.419012427,-0.00621995,0.519040704,0.421142876,-0.00836984348,0.516529381,0.424003124,-0.00880743,0.540781677,0.427280754,-0.0040209638,0.519826353,0.428704739,-0.00634893868,0.514270127,0.431807697,-0.0061232578,0.513685524,0.434328735,-0.00537338853,0.540355265,0.43350634,-0.00601544604,0.52128,0.436193168,-0.00725559099,0.515111148,0.438855886,-0.00542175677,0.513694704,0.440672398,-0.00386869698,0.54178828,0.439307868,-0.00797363278,0.527305186,0.442159414,-0.00817481242,0.521751,0.443553448,-0.00603484362,0.519580662,0.444179118,-0.00383206713
6683.333333333366,0.66825068,0.481140912,5.73905545e-008,0.682125628,0.477842718,0.00112063217,0.694532454,0.478423506,-0.000293329766,0.703471,0.479512304,-0.00247221463,0.709644,0.47837162,-0.00467493711,0.706027925,0.487131476,0.000463803561,0.712079287,0.493739933,-0.00198595878,0.711789,0.498199791,-0.00415594783,0.709292054,0.501085341,-0.00538964896,0.700992405,0.492282718,-0.00245288783,0.709324479,0.50018692,-0.00334988371,0.709767818,0.504990637,-0.00410999451,0.708022535,0.508098602,-0.00482836179,0.693800926,0.496384054,-0.00549374288,0.70280093,0.504489541,-0.00632441929,0.702391207,0.508675218,-0.00556025608,0.700679541,0.51108712,-0.00512468535,0.68470645,0.499785066,-0.00856769737,0.692397058,0.506666601,-0.00834045745,0.693834782,0.510127842,-0.00609788252,0.693886518,0.512156844,-0.00437194156
6700.000000000033,0.576257646,0.433694482,2.1266148e-008,0.569564104,0.424386382,-0.000348498783,0.559889674,0.417112708,-0.00169129367,0.548563898,0.413116425,-0.00358063215,0.538216,0.410910636,-0.00523179723,0.539132893,0.421479642,0.000338681246,0.523762763,0.419582427,-0.00303354603,0.517146468,0.421456277,-0.00536338054,0.515678644,0.424090177,-0.00597029366,0.535979152,0.427513093,-0.000790726684,0.518309116,0.428523213,-0.00200043828,0.514734447,0.430626631,-0.00199965551,0.51538384,0.432284176,-0.00153088011,0.535735309,0.433691263,-0.00227697892,0.519439161,0.435662925,-0.00287766964,0.51518023,0.437546819,-0.00119981356,0.515171349,0.438734323,0.0002468249,0.537544668,0.439391822,-0.00389370788,0.524514616,0.441411942,-0.00383036491,0.519586623,0.442429,-0.00182230293,0.518075526,0.442912757,0.000339950901
6700.000000000033,0.670617402,0.479785383,7.30864755e-008,0.684350967,0.477243632,0.00128377543,0.696323931,0.477920175,-0.000173075867,0.704710126,0.478104085,-0.00248706457,0.710184336,0.476616442,-0.00488932617,0.706652641,0.486789882,0.000989723834,0.711122274,0.493682504,-0.00134887767,0.711449325,0.498323649,-0.00355404103,0.709941447,0.501193821,-0.00495133549,0.702275634,0.491592228,-0.00216796598,0.709603429,0.499831915,-0.00284937746,0.710402906,0.505002201,-0.00338564184,0.709619105,0.508547366,-0.00407665223,0.695591509,0.49556002,-0.00552845094,0.704106212,0.503859758,-0.00636126241,0.704013288,0.508667,-0.00564464647,0.703246,0.5119012,-0.00542835845,0.686566353,0.498841166,-0.0089546,0.692804575,0.50584358,-0.00906067807,0.693768501,0.509817898,-0.00710746041,0.693821192,0.512455821,-0.00570386415
6716.6666666667,0.573273361,0.433201939,1.12907808e-008,0.567985415,0.424249381,-0.000849852047,0.558014691,0.417146116,-0.00220952951,0.54636842,0.413606465,-0.00403939607,0.536028206,0.411716282,-0.00566658052,0.536629736,0.420882314,7.60836e-005,0.521206081,0.420325696,-0.00293214223,0.515145838,0.42245242,-0.00523000723,0.514684796,0.424904794,-0.0060330471,0.533732831,0.426800907,-0.000900582876,0.517229736,0.427583843,-0.00197407487,0.51506412,0.429500878,-0.00246362505,0.517227471,0.430916727,-0.00262699649,0.533611238,0.432919323,-0.00218339404,0.51777178,0.434074759,-0.00302789686,0.516910732,0.435732782,-0.00181309483,0.520540774,0.436633319,-0.0008274375,0.535496771,0.438860506,-0.0036070433,0.522606075,0.441218525,-0.0040831943,0.520188093,0.442139536,-0.00255140616,0.52157861,0.44227165,-0.000816196669
6716.6666666667,0.671373069,0.478854805,4.5037889e-009,0.684889,0.476575345,0.00178086199,0.69693,0.477137208,0.000509323145,0.705838442,0.476962835,-0.00160903495,0.711582184,0.47524491,-0.00364418491,0.708129942,0.485717475,0.00133442087,0.712707579,0.491921544,-0.000698705961,0.709986329,0.494308501,-0.00253649103,0.70657,0.494816512,-0.00371292629,0.703622043,0.490614831,-0.00184414291,0.71089834,0.497923851,-0.00223978306,0.708919525,0.501144707,-0.00270493072,0.706007123,0.502555549,-0.0034273467,0.696894288,0.494707733,-0.00516954763,0.705420732,0.502663314,-0.00586290704,0.704537511,0.506938398,-0.00555474358,0.703148961,0.509465098,-0.00578876911,0.688219368,0.497962445,-0.00837589521,0.694274366,0.504778445,-0.0085542677,0.69454354,0.50840652,-0.00698351348,0.694381118,0.51063478,-0.00595275313
6733.333333333367,0.571188152,0.432230353,2.7464373e-009,0.566122293,0.42328617,-0.000965542276,0.555602551,0.416658461,-0.00180093665,0.544173896,0.413893729,-0.00314895017,0.534949899,0.411921799,-0.00430779671,0.534361541,0.420683,0.000649757,0.519089341,0.420749038,-0.00208183168,0.514573455,0.422973365,-0.0042811688,0.515183508,0.42499733,-0.00515196472,0.531906366,0.426709592,-0.000243550458,0.516135573,0.427663267,-0.00143091194,0.51547873,0.429718018,-0.00212950446,0.518572509,0.430994779,-0.00238905521,0.532176,0.432925016,-0.00148403889,0.517123163,0.434207261,-0.0027288131,0.517874,0.435897142,-0.00175984285,0.522289515,0.436505795,-0.00082660414,0.534324765,0.438982308,-0.00285452,0.521900415,0.441556245,-0.00366507191,0.52122432,0.44258222,-0.00222017383,0.523908138,0.442524374,-0.000515773136
6733.333333333367,0.671578407,0.477746516,1.32536018e-008,0.684874058,0.4745906,0.000558429747,0.696958303,0.475093126,-0.0013318439,0.706083059,0.475552768,-0.003963931,0.71252805,0.474003136,-0.00646761106,0.709296882,0.484140605,0.000456083333,0.71356976,0.490162313,-0.00240863394,0.709840953,0.492471784,-0.005194264,0.705595076,0.492920786,-0.00694789039,0.7049582,0.489493847,-0.00253026187,0.712169766,0.497155815,-0.00340674166,0.709775031,0.500902712,-0.00457704952,0.706094205,0.502633452,-0.0057478305,0.698206782,0.493660688,-0.00578444544,0.706002593,0.501802206,-0.0068045184,0.703488708,0.505906641,-0.00674829772,0.700642407,0.507899404,-0.00706907734,0.689277172,0.496888906,-0.00909206085,0.695212185,0.503615856,-0.00910902116,0.694298327,0.506386,-0.00724935532,0.692869484,0.507529676,-0.00600307481
6750.000000000034,0.570746362,0.431761384,-2.61084541e-008,0.564865828,0.422919065,-0.000700876408,0.553448677,0.41624096,-0.00111356622,0.541579723,0.413913786,-0.00200032583,0.531894505,0.412546784,-0.0026317921,0.532521248,0.420609921,0.0016510532,0.519126892,0.421419144,-0.000695887429,0.519194245,0.423507452,-0.00287896628,0.523496747,0.424783379,-0.0038057405,0.530440688,0.426990569,0.000767739781,0.516275287,0.4286865,-0.000267371041,0.5190745,0.430277616,-0.00118915574,0.524563789,0.430692017,-0.00169605936,0.530950427,0.433347821,-0.000448536186,0.517361,0.435126811,-0.00182651053,0.521012068,0.436363041,-0.00103646319,0.527239621,0.436381966,-0.000245071162,0.533289731,0.439329714,-0.00171128218,0.521109164,0.441693217,-0.00251879706,0.523522079,0.442398131,-0.000814201776,0.528566778,0.442032158,0.00102940144
6750.000000000034,0.671497226,0.476676822,-7.06191e-009,0.685022891,0.473013639,0.000635834935,0.697618723,0.473215282,-0.00101792195,0.707225502,0.473870337,-0.00340306736,0.713894248,0.47230953,-0.00566813722,0.709844589,0.482758164,0.000490697566,0.715019643,0.488332331,-0.00220430596,0.71197933,0.490424395,-0.00480198627,0.708053708,0.490567863,-0.00645448547,0.705069721,0.487964898,-0.00233692024,0.712816834,0.495035857,-0.00335582625,0.710079134,0.497861892,-0.00448126718,0.70616889,0.498685777,-0.00551850954,0.698114395,0.491946131,-0.00538164331,0.705918908,0.499756694,-0.00641840603,0.703807175,0.502916276,-0.00605397904,0.701417685,0.50392592,-0.00610176055,0.689272225,0.494919,-0.00846280251,0.694912,0.501532376,-0.00889774,0.694598317,0.503965437,-0.00733155245,0.694101155,0.504772365,-0.00617004512
6766.666666666701,0.570087,0.431046575,-4.81553819e-008,0.564157,0.422233641,-0.000196385168,0.552345216,0.415999681,-0.000405391882,0.540866196,0.414309651,-0.00125423749,0.532055497,0.413461924,-0.00188916875,0.530912697,0.420734018,0.00198681117,0.518786132,0.423069924,-0.000655798474,0.522792339,0.424802959,-0.00316223921,0.529514253,0.424738139,-0.00434137043,0.529394388,0.427309424,0.000697303854,0.51628381,0.429735392,-0.00102330977,0.521504283,0.430888832,-0.0021620444,0.52870822,0.430395812,-0.00261077029,0.530341446,0.433676094,-0.000898198166,0.518089473,0.436068267,-0.00280471588,0.523042738,0.436843872,-0.00204861769,0.530015886,0.436165243,-0.00108102558,0.533037901,0.439590931,-0.00249259709,0.521103,0.44213596,-0.00355429272,0.524926245,0.442516863,-0.00168325508,0.530985475,0.441733867,0.000365060376
6766.666666666701,0.671497583,0.47536245,-1.69673022e-008,0.684510767,0.471413732,-0.000282589346,0.697427392,0.471344858,-0.00251651066,0.707649648,0.471889,-0.00521247601,0.715267777,0.470529497,-0.00769290514,0.709902287,0.480761468,-0.00101082691,0.71741724,0.485708416,-0.00463216379,0.7144261,0.48760429,-0.00767493201,0.709575057,0.487583131,-0.00939894933,0.705283642,0.486133784,-0.00356005831,0.714492261,0.492866576,-0.00580945099,0.711753964,0.495514929,-0.00770763913,0.707388878,0.496215373,-0.00900654588,0.698369622,0.490453809,-0.00639923615,0.708085,0.498266,-0.008662384,0.707261503,0.502373695,-0.00948247313,0.705124259,0.504450619,-0.0101586198,0.689540207,0.493779808,-0.00920523796,0.696321368,0.500535429,-0.0108411703,0.696644425,0.503312707,-0.0102046765,0.696224749,0.504603088,-0.00958360918
6783.333333333368,0.568475068,0.430649966,-4.6586937e-008,0.562108696,0.422238886,-0.00082739559,0.550186157,0.416566342,-0.00143561733,0.538844943,0.415475845,-0.00252259942,0.53006041,0.415175468,-0.00338104228,0.5285936,0.421579212,0.000888711598,0.51753056,0.424718738,-0.00173085078,0.522273958,0.426231176,-0.00428920658,0.528863251,0.425848395,-0.00565438159,0.527581036,0.427970737,-0.000182036616,0.515599132,0.431162149,-0.00177044258,0.521114767,0.432157427,-0.0027920783,0.528038859,0.431330204,-0.00333487033,0.529270589,0.434080124,-0.00156148116,0.517839909,0.4371517,-0.00351280789,0.522799313,0.437800705,-0.00283219316,0.52950412,0.436811268,-0.0020228466,0.532666147,0.439714789,-0.002980622,0.521263301,0.442917585,-0.00438181264,0.525124729,0.443157971,-0.00275507034,0.531117201,0.442059696,-0.000886530965
6783.333333333368,0.672297418,0.473772079,-1.84120985e-008,0.685676813,0.469457,0.000580708322,0.699183166,0.469672859,-0.000963597,0.709257424,0.470315695,-0.00309796864,0.716520309,0.468930304,-0.00507607497,0.71199441,0.479569942,0.000797616492,0.718949556,0.48426193,-0.0023732956,0.715564907,0.486231387,-0.00535532,0.710346103,0.486379981,-0.0070356857,0.707553,0.485132784,-0.00198007724,0.71629107,0.491755515,-0.00333148893,0.713434279,0.494511187,-0.00481827185,0.708888829,0.495467365,-0.0060047945,0.700681448,0.489573866,-0.00504524028,0.709944,0.497396141,-0.00674078846,0.708403,0.501176476,-0.00703671481,0.705687046,0.503044248,-0.00744174607,0.691808939,0.492975,-0.00805527251,0.698816538,0.499761224,-0.0090604946,0.698141575,0.502402902,-0.00773553923,0.696701109,0.503612399,-0.00667802524
6800.000000000035,0.566255391,0.4310444,-4.70421853e-008,0.561114252,0.422314942,-0.00137840305,0.54936254,0.416820556,-0.00196190085,0.537261188,0.415833086,-0.00282852561,0.528274655,0.415897101,-0.00342879468,0.526322186,0.422284335,0.000519219844,0.516381264,0.425706983,-0.00155516912,0.521675408,0.427122593,-0.00381450192,0.528154433,0.426597059,-0.00515424414,0.52515012,0.428798407,-0.000149635569,0.514662385,0.432127029,-0.00130110723,0.52067548,0.43300283,-0.00217538839,0.527484298,0.432084709,-0.0027178789,0.526988626,0.435074359,-0.00112619495,0.516479313,0.438101739,-0.00302039972,0.521873534,0.438750625,-0.0025662845,0.528619647,0.437752426,-0.00192497438,0.530461,0.440803409,-0.00215798523,0.519655883,0.444283366,-0.00383803272,0.52344811,0.444793105,-0.00260401261,0.529277384,0.443870962,-0.000969495391
6800.000000000035,0.671387672,0.473721504,-3.777145e-008,0.685584843,0.469093114,-6.58404315e-005,0.699872375,0.468440324,-0.00179993827,0.710946798,0.468682021,-0.00412119878,0.718509614,0.466963,-0.00618372159,0.712024033,0.478192031,0.000150330277,0.72026825,0.48231104,-0.00276159425,0.716525912,0.483809471,-0.0054561249,0.711164713,0.483562052,-0.00696236361,0.707613528,0.483855605,-0.00217794,0.716752231,0.489561081,-0.00316484296,0.713713109,0.491439909,-0.00439873897,0.708895743,0.491458893,-0.00551807741,0.701096475,0.488423,-0.00479042437,0.709933043,0.495026469,-0.00596854882,0.708058894,0.497122437,-0.00585218146,0.704786897,0.497188866,-0.00602616742,0.693059504,0.49197185,-0.00747203548,0.700087607,0.497784495,-0.00805112161,0.699033916,0.499189883,-0.00644828286,0.696777761,0.499076426,-0.00517412275
6816.6666666667015,0.56610328,0.43184337,-5.48870638e-008,0.560668111,0.423309058,-0.00123243558,0.548769176,0.417860657,-0.00192787417,0.537264407,0.416523874,-0.00298938132,0.528081298,0.416016519,-0.00386032881,0.52546072,0.423146546,0.000519395806,0.515473545,0.427371502,-0.00190778985,0.520757318,0.428760558,-0.00432668254,0.527152061,0.427799791,-0.0056922161,0.524463892,0.429684877,-0.000358529942,0.513520718,0.433703899,-0.00198382302,0.519698739,0.434752941,-0.0029995,0.526728034,0.4335379,-0.00348171475,0.526537359,0.436024129,-0.00155883853,0.515316904,0.439769328,-0.00388118671,0.521041334,0.440553486,-0.00336310104,0.527886,0.43920055,-0.00253078598,0.530466,0.441860765,-0.00280284532,0.519168735,0.44560793,-0.0048115151,0.523649573,0.446037859,-0.00349655747,0.530036688,0.444749713,-0.00170345732
6816.6666666667015,0.672143817,0.472580016,-5.02408426e-008,0.68506211,0.46743688,-0.000619866652,0.699179769,0.466716856,-0.00246485788,0.710654,0.467283785,-0.00476378808,0.718955278,0.465388536,-0.006645313,0.712887108,0.476112336,-0.000178909511,0.721121848,0.480243385,-0.00321297278,0.716623962,0.481609911,-0.0056200684,0.710818529,0.480882674,-0.00680698548,0.709006548,0.481917679,-0.00224275328,0.718273044,0.48756355,-0.00367818703,0.713674784,0.488951,-0.00483779144,0.708049476,0.488192677,-0.00566487387,0.702796638,0.486706555,-0.00461819721,0.71162,0.493476093,-0.00630223099,0.708295226,0.495156825,-0.00597219262,0.704118431,0.494502723,-0.00581803592,0.694751,0.490522176,-0.00707107456,0.701469541,0.496602058,-0.00815351214,0.699620485,0.49758485,-0.00669941306,0.697161555,0.496849298,-0.00541451294
6833.3333333333685,0.565768778,0.43350628,-5.88321356e-008,0.560751498,0.424356878,-0.000963867467,0.548078835,0.41876927,-0.00121160119,0.535517216,0.417922944,-0.00181276712,0.526442051,0.417367488,-0.00225609425,0.524758756,0.424988657,0.00127463,0.515387654,0.42827943,-0.000599591527,0.520265698,0.429467589,-0.00280991709,0.526324093,0.428801447,-0.00414880412,0.523476779,0.431525767,0.000562788045,0.513522267,0.434696138,-0.000425788836,0.51928097,0.435452163,-0.00136680959,0.526040435,0.434363663,-0.00194667606,0.525185704,0.437653571,-0.000420190161,0.515087783,0.440628231,-0.00214159698,0.520443618,0.441183329,-0.00166566262,0.527016878,0.440025091,-0.00101718912,0.52874428,0.44319132,-0.00143202371,0.518289208,0.446469486,-0.0028674386,0.522657931,0.446751565,-0.00147073972,0.528811812,0.445566386,0.000240964335
6833.3333333333685,0.672804117,0.471600592,-5.80249591e-008,0.685313761,0.466495633,-0.000207964244,0.699206173,0.465286,-0.00180077681,0.710322499,0.465791821,-0.00396822114,0.717900217,0.46385178,-0.00578783965,0.712338328,0.474252522,-0.000606944435,0.721895,0.478193849,-0.00373791205,0.717806,0.479405195,-0.00613447046,0.711696,0.478629351,-0.00724448543,0.708580613,0.48023814,-0.00282844529,0.719171762,0.485791534,-0.00454795873,0.714245379,0.486854851,-0.00565342,0.708208382,0.485608071,-0.00630712137,0.702407181,0.48513481,-0.00524029462,0.712307513,0.491425514,-0.0067704278,0.708073556,0.492363721,-0.00597167481,0.703074634,0.490890533,-0.00540807238,0.694692194,0.48891148,-0.00772960577,0.702759564,0.494867325,-0.00890907366,0.700780332,0.495770514,-0.00740965363,0.697876692,0.494799554,-0.00597373908
6850.0000000000355,0.563447595,0.434824258,-4.32115215e-008,0.558239639,0.425492287,-0.00159238139,0.547011137,0.419811636,-0.00257064728,0.535105288,0.418346763,-0.00378600135,0.525521815,0.417498469,-0.0046987175,0.522214174,0.426462263,0.0012375653,0.513491,0.430224806,-0.000687709253,0.518675208,0.431538582,-0.003176108,0.525023162,0.430853724,-0.0047059,0.520656466,0.432880551,0.000910495466,0.512933195,0.436430693,0.000356461096,0.518891573,0.437317073,-0.000592538156,0.525137901,0.436071128,-0.00141489948,0.522432804,0.439138472,0.000221628812,0.514233887,0.442175746,-0.00117956509,0.519688785,0.442843169,-0.000658279285,0.525925,0.441565841,-0.000173348075,0.525807381,0.444770753,-0.000583441753,0.51723361,0.447981358,-0.00196618401,0.52181375,0.44816938,-0.000617621583,0.527462,0.446886301,0.00105609151
6850.0000000000355,0.672659,0.470335364,-4.54944775e-008,0.685198128,0.464998126,-0.000694446964,0.698749542,0.463539869,-0.00262834691,0.70980072,0.463774681,-0.00518090976,0.717518,0.461900145,-0.00739253638,0.712206602,0.472609371,-0.000319311657,0.721090257,0.476377904,-0.00379031966,0.717746913,0.477834374,-0.00674148696,0.711782873,0.477277488,-0.00825000834,0.708682239,0.478450179,-0.00259875786,0.719315112,0.483835876,-0.00454602716,0.715076327,0.485170096,-0.00608763052,0.709018409,0.484047771,-0.00705604302,0.7027421,0.483216971,-0.00518722972,0.712323,0.489260316,-0.00690803537,0.708104432,0.490018189,-0.00622553751,0.703057647,0.488311499,-0.00570039731,0.6950804,0.486959726,-0.00795136578,0.703067839,0.492818505,-0.00902484823,0.701110423,0.493546784,-0.00731999,0.698113441,0.492367834,-0.00574553153
6866.666666666702,0.562649965,0.436132759,-4.44057449e-008,0.557070673,0.426641881,-0.00196073623,0.545918226,0.420899808,-0.00290414528,0.534073472,0.418731064,-0.00417851564,0.524040639,0.417698,-0.00527824694,0.521784604,0.42776984,0.00215681689,0.51549542,0.431090802,0.000649579859,0.520952165,0.4323636,-0.00183765462,0.526510537,0.431752175,-0.00365553587,0.519664407,0.434199601,0.0017914495,0.512529373,0.437492222,0.00132035685,0.518595517,0.438429832,0.000169595383,0.524776,0.437384,-0.000844165334,0.521286786,0.440358073,0.000975325,0.512672067,0.443383455,-0.000792840146,0.518569648,0.44410947,-0.000380979851,0.524921536,0.442902207,9.11312527e-005,0.52468437,0.445737779,1.85403551e-005,0.516211569,0.449240148,-0.00182738772,0.521048427,0.449489951,-0.000420965545,0.527025342,0.448260695,0.00135695783
6866.666666666702,0.674300432,0.468831271,-4.2262311e-008,0.686523259,0.463867635,-0.00029630115,0.699052572,0.462467343,-0.00266644848,0.709301353,0.462169498,-0.0057161618,0.716811836,0.459997296,-0.00843688473,0.712523282,0.470820397,-0.00134950445,0.722372234,0.474888176,-0.00503998436,0.719156086,0.476379365,-0.00779778278,0.712841392,0.475505501,-0.00905194134,0.709329247,0.476747721,-0.00390226953,0.720354259,0.482248187,-0.00571115082,0.716151774,0.483868152,-0.0069277091,0.710085571,0.48273921,-0.00780441146,0.703505218,0.481716216,-0.00667056581,0.713870347,0.48789987,-0.00807015598,0.709619761,0.489188403,-0.00706436625,0.704513133,0.487647384,-0.00652697589,0.695910752,0.48577112,-0.00957302842,0.70459789,0.491689414,-0.0104035055,0.702357471,0.492688626,-0.00842072256,0.698995948,0.4914051,-0.00677307555
6883.333333333369,0.561359286,0.43680802,-5.27313553e-008,0.555560052,0.427203804,-0.00150135485,0.544782877,0.421054035,-0.00233796146,0.532892883,0.419196546,-0.00368736312,0.522519231,0.419156164,-0.00502977474,0.52191174,0.428224295,0.00267914566,0.51877588,0.431665152,0.000857361534,0.524427176,0.433077842,-0.00206137169,0.529214501,0.432518333,-0.00417312142,0.519363523,0.434785426,0.00183887489,0.514022887,0.43841213,0.00102814671,0.52021122,0.439611077,-0.000528977136,0.526171148,0.438317358,-0.00177834742,0.520595133,0.44116804,0.000597219157,0.513194442,0.444658697,-0.00159358629,0.519276202,0.445618838,-0.00137183897,0.525459,0.444010049,-0.00091308594,0.52358228,0.446770191,-0.000748593768,0.515838146,0.450765222,-0.0028659848,0.52075547,0.451221406,-0.00140981015,0.526911914,0.449742436,0.000491666433
6883.333333333369,0.673849821,0.467769414,-5.52445698e-008,0.686633885,0.463104188,-0.000132918241,0.699133039,0.461860836,-0.00254051015,0.709570944,0.461133152,-0.00556603214,0.71651572,0.458625168,-0.00826286804,0.71247983,0.46908474,-0.00217850669,0.721549392,0.472921163,-0.00565484446,0.716189742,0.474025398,-0.00824584439,0.709943831,0.472988516,-0.00957172457,0.70942831,0.474992663,-0.00488036359,0.720389128,0.480277121,-0.00635138527,0.715209365,0.481804579,-0.00723754661,0.708990693,0.480756968,-0.00804896187,0.703694046,0.480122775,-0.00767348893,0.713483632,0.486278832,-0.00879494287,0.708345711,0.487272531,-0.00757947098,0.703109443,0.485687941,-0.00708767539,0.696223,0.484422684,-0.0105709843,0.704343736,0.490235299,-0.0111689363,0.70043993,0.490412951,-0.0089476062,0.69600749,0.48866421,-0.00725532789
6900.000000000036,0.562295437,0.437279463,-5.93727449e-008,0.553971469,0.428428054,0.000629450544,0.541764498,0.423304915,0.000763172458,0.529666603,0.42160207,-5.34470601e-005,0.519965827,0.421569496,-0.000915841607,0.520149589,0.429546893,0.0049939123,0.51650244,0.433623314,0.00405725744,0.522841871,0.434883595,0.00148589991,0.528493524,0.433968186,-0.000425416947,0.517814338,0.435654789,0.00339320512,0.513370752,0.439808041,0.00350444973,0.519650936,0.440893352,0.00191968633,0.525981128,0.439290076,0.000579903484,0.51946944,0.441935211,0.00160704495,0.512875617,0.445682973,0.000588594761,0.518772542,0.446499437,0.000870384,0.524968624,0.444654107,0.00113274204,0.522675693,0.447693199,-0.000166193015,0.51549989,0.451849252,-0.00127892138,0.520191133,0.452234209,0.000546407071,0.526128,0.450635195,0.00260681054
6900.000000000036,0.673933625,0.467497021,-6.28007584e-008,0.686967134,0.462788403,-3.82013532e-005,0.699068,0.461284548,-0.00231667934,0.70846957,0.460351139,-0.00534884119,0.714415252,0.457768142,-0.00808778312,0.712015271,0.467925131,-0.00145396905,0.721564233,0.47129336,-0.00526648201,0.716333449,0.472314984,-0.00824479572,0.71001786,0.471299,-0.00974237,0.709151149,0.473841488,-0.00418870151,0.719943583,0.478482425,-0.00599465659,0.714439094,0.479572266,-0.0071689575,0.708087087,0.478202164,-0.00804713555,0.703728378,0.479083985,-0.00708622904,0.71314913,0.484305501,-0.00836802647,0.707652569,0.484619,-0.00724057341,0.702056408,0.482687652,-0.0066479,0.69657,0.483528346,-0.0101229884,0.704546392,0.488666832,-0.0106797479,0.700581253,0.488523096,-0.00849663466,0.695925653,0.486710817,-0.00675922632
6916.666666666703,0.560513616,0.437662482,-6.24294287e-008,0.551500797,0.429631442,0.000163055694,0.53932488,0.424784631,-0.000312971679,0.528169394,0.422835201,-0.00162938482,0.518798232,0.422080487,-0.00299485889,0.518733859,0.430829972,0.0036496236,0.516635716,0.435019195,0.00197505788,0.523723066,0.43601945,-0.00107623229,0.529587567,0.434988439,-0.00324994465,0.516936362,0.436881274,0.00195342186,0.513921797,0.440968901,0.00131245574,0.52087,0.441854358,-0.00042784086,0.527351141,0.440186888,-0.00178849301,0.518892407,0.442924023,5.42648086e-005,0.513684273,0.446712524,-0.00164644339,0.52018255,0.44731161,-0.00128483586,0.526328623,0.445283473,-0.00084390858,0.52221787,0.448292,-0.00186103606,0.515844464,0.452357441,-0.00361651904,0.521538079,0.452556223,-0.00173583021,0.527722657,0.450794816,0.000491304439
6916.666666666703,0.674134731,0.467936873,-6.37850448e-008,0.686156273,0.463328272,-0.000370632479,0.698235154,0.461647183,-0.00289440085,0.707519472,0.460241169,-0.00607442856,0.713167965,0.457285017,-0.00895721186,0.71186614,0.467562914,-0.00196914794,0.721408129,0.470365196,-0.00621025497,0.716038406,0.471377671,-0.00943490863,0.709517062,0.470379382,-0.0109996265,0.70921576,0.473434776,-0.00466082757,0.720079,0.477492,-0.00694896746,0.714364469,0.47837615,-0.00833787303,0.707856238,0.476940334,-0.00922131259,0.703855,0.478738725,-0.00753463292,0.71334,0.483396,-0.00918364804,0.7076177,0.48353678,-0.00801994279,0.701843679,0.481683463,-0.00729582971,0.696590602,0.483345181,-0.0105502717,0.704936802,0.487998962,-0.0113233896,0.700923264,0.487719715,-0.00910826121,0.69628644,0.486030728,-0.00729974499
6933.33333333337,0.558496237,0.437898695,-5.61482132e-008,0.550614834,0.430232912,-0.000265235576,0.538608551,0.425717205,-0.000754046487,0.527627647,0.424350441,-0.00194119196,0.519143105,0.423746228,-0.00303211017,0.517770529,0.431775659,0.0030843378,0.514941514,0.436079502,0.00148920238,0.521384418,0.437534362,-0.00133537035,0.527002156,0.436653048,-0.00334300869,0.516044438,0.437717944,0.00182447594,0.512258947,0.441941142,0.00146032555,0.518601,0.443142146,0.000112382586,0.524425566,0.441589117,-0.0010047101,0.51802808,0.443493336,0.000320337102,0.51224035,0.447451741,-0.00104948517,0.51786232,0.44853875,-0.000691976747,0.523498058,0.446802557,-0.000322496955,0.521406353,0.448567718,-0.00124714011,0.514971554,0.452773124,-0.00266476884,0.519293547,0.453588694,-0.00101599027,0.524658918,0.452272117,0.000943814404
6933.33333333337,0.672391772,0.46807912,-7.40887955e-008,0.683796883,0.463138163,0.00029748783,0.696641564,0.46136567,-0.00169621396,0.706375182,0.459971249,-0.00438553747,0.711788535,0.456964225,-0.00680893427,0.711038768,0.467315733,-0.00134115666,0.720742226,0.47027725,-0.0051656561,0.715120792,0.471381,-0.00811243,0.708556354,0.470429778,-0.00952613,0.708119035,0.473271608,-0.00414776662,0.718723416,0.477243692,-0.00600996474,0.712980211,0.478129655,-0.00703736907,0.706468,0.476665765,-0.00767166354,0.702760875,0.478727072,-0.00706998352,0.712463737,0.482943773,-0.00841079559,0.706859648,0.483110189,-0.00707238959,0.700999737,0.481343836,-0.00622428302,0.695656,0.483540893,-0.0100523885,0.704405487,0.487684727,-0.0106628584,0.700457454,0.487450331,-0.00834416412,0.695831239,0.485951126,-0.00640474027
6950.000000000037,0.556919515,0.438339263,-5.87751288e-008,0.549476862,0.431178093,-0.000215334934,0.537837207,0.426650494,-0.00091524038,0.526987255,0.424502611,-0.00222558691,0.518188715,0.423122495,-0.00343555538,0.516848505,0.432404637,0.00297704618,0.515086293,0.436377943,0.00170113693,0.521589518,0.437537491,-0.000963586615,0.526810169,0.436502039,-0.00297632,0.515112519,0.438174,0.00166426657,0.512864113,0.442064285,0.00161197956,0.519406736,0.442950577,0.000275068334,0.524926,0.44133383,-0.000964988722,0.517152369,0.443879962,0.000171767068,0.512913108,0.447611749,-0.000722321798,0.518878758,0.448288828,-0.000208177429,0.523989081,0.446399719,3.36752746e-005,0.520470619,0.448924065,-0.00140259054,0.515273929,0.45292148,-0.00246364297,0.520397127,0.453229696,-0.000631280302,0.525584936,0.451641619,0.00132937648
6950.000000000037,0.669968843,0.46808514,-8.30023126e-008,0.681457639,0.46231252,-0.000111928479,0.694797158,0.460537225,-0.00201953226,0.705457568,0.459555328,-0.00446535693,0.711850882,0.456551343,-0.00659953197,0.709184468,0.466997802,-0.00162256334,0.719092846,0.470088065,-0.00519563723,0.713378727,0.470649034,-0.00789667293,0.706605077,0.469233632,-0.00916305277,0.706169724,0.473421812,-0.00404957123,0.716761589,0.477137715,-0.00564093143,0.711133242,0.477680653,-0.00666811829,0.704483271,0.476140857,-0.00737850042,0.700830221,0.47912848,-0.00658197561,0.710639179,0.483037382,-0.00768010132,0.705468714,0.482958615,-0.00649513816,0.699709475,0.48111102,-0.00585595611,0.693932474,0.483924031,-0.00917437486,0.703054309,0.487706125,-0.00966182724,0.699213803,0.487365305,-0.00749017205,0.69447273,0.485867977,-0.00570152327
6966.666666666704,0.555878818,0.438407034,-4.97753696e-008,0.548127949,0.431197941,0.00039033877,0.536524594,0.426819563,4.3404063e-005,0.52614373,0.424721032,-0.00112373941,0.517855,0.423461854,-0.00218638638,0.515690327,0.432919145,0.00409138249,0.51297158,0.436550498,0.00305646751,0.518606,0.438012034,0.000548366632,0.523405254,0.437420458,-0.00130695174,0.514491856,0.438490838,0.00266318605,0.511086,0.442087382,0.00288157677,0.516589463,0.443413556,0.00151759107,0.521829605,0.442273051,0.000312574586,0.516846716,0.443884104,0.00102935953,0.511279285,0.447238117,0.000494970649,0.515632868,0.448557258,0.000738684,0.520272315,0.447312683,0.000863581547,0.520474792,0.448566169,-0.000652001,0.515189,0.45210582,-0.00113086076,0.518055,0.453127086,0.00043850849,0.521881282,0.452396363,0.00214920263
6966.666666666704,0.668161,0.468188763,-8.16132086e-008,0.680218756,0.462310731,-0.000720560434,0.693292,0.460690767,-0.00332135335,0.70388025,0.459750235,-0.00639933953,0.71038729,0.456822306,-0.00917866733,0.707249641,0.467226148,-0.00290946127,0.71752882,0.470031917,-0.00751674082,0.711388052,0.470389336,-0.011105109,0.704297245,0.468913,-0.0128714768,0.704292476,0.473655969,-0.00538892252,0.714862525,0.477423131,-0.00757360365,0.709096611,0.477793187,-0.0088271061,0.702502191,0.476122826,-0.00972578302,0.698931754,0.479294538,-0.00804973487,0.70803535,0.483493179,-0.00962933339,0.702657104,0.483300984,-0.0083168,0.696890891,0.481329739,-0.00757245487,0.692122936,0.484041035,-0.0108483173,0.701002896,0.488069385,-0.0114083476,0.696679413,0.487511367,-0.0088592,0.691732883,0.485781372,-0.00682791183
6983.333333333371,0.554160476,0.43829748,-5.22025516e-008,0.546530843,0.431206912,-0.000419983087,0.535309076,0.426664263,-0.0013364607,0.525132358,0.424782217,-0.00285165943,0.516348839,0.423836082,-0.00426752819,0.513762653,0.432623148,0.00238162815,0.511477411,0.437591106,0.000525701209,0.518046319,0.438699514,-0.0024608369,0.523583531,0.437354028,-0.00452824496,0.512569308,0.438399553,0.00116513588,0.509777367,0.442851663,0.000477516296,0.516188383,0.443909794,-0.00111763738,0.522095561,0.442116559,-0.00233047968,0.514897704,0.443972707,-0.000268850388,0.51061064,0.448041111,-0.00159166823,0.516209185,0.44896403,-0.00137273676,0.521689296,0.446957886,-0.00108999561,0.518437743,0.44882527,-0.00181173289,0.513328,0.452782273,-0.00316101662,0.517995298,0.453341335,-0.00171790191,0.523356557,0.451823145,0.000137248018
6983.333333333371,0.665997326,0.468475163,-7.73752333e-008,0.678148508,0.462921292,-2.57580868e-005,0.691783,0.461250037,-0.00221849,0.702722311,0.459833235,-0.00496486155,0.708365202,0.456288368,-0.00748034287,0.70594579,0.46770066,-0.001761558,0.716027856,0.470478088,-0.00579916267,0.709765911,0.471081346,-0.00921669602,0.702858925,0.469722092,-0.0109492522,0.702955604,0.474053144,-0.00439079758,0.713653445,0.477909297,-0.00603103917,0.707944,0.478601784,-0.00719221868,0.701371312,0.477104545,-0.00804142747,0.69749,0.479679,-0.00711905723,0.706666112,0.484051853,-0.00817548204,0.701532781,0.484131932,-0.00691696769,0.69588995,0.482282579,-0.00625645602,0.690473735,0.484360784,-0.00992570724,0.699293315,0.488387227,-0.0100250971,0.695014119,0.487978697,-0.00741420453,0.690027893,0.486372799,-0.00537345698
7000.000000000038,0.554104805,0.43920356,-6.11421243e-008,0.547044694,0.431500703,0.000615494035,0.535604239,0.427224338,0.000490347215,0.524897218,0.425557107,-0.000392021786,0.516366065,0.424761,-0.00112017477,0.514169753,0.432785571,0.0041567483,0.511400819,0.435886502,0.0031944958,0.517277896,0.437064916,0.000598044891,0.522675455,0.436543316,-0.00128234318,0.512105584,0.438684255,0.00273984531,0.5098297,0.441617161,0.0033629511,0.515828967,0.442424178,0.00202566222,0.521472454,0.441247731,0.000726654718,0.513971865,0.444439143,0.0011851514,0.509707272,0.447102696,0.00103384734,0.514903665,0.447808802,0.00140354305,0.520215452,0.446526706,0.00147729786,0.517251909,0.44952628,-0.000373187417,0.511736393,0.452542,-0.00062683085,0.515446782,0.453260899,0.00121981348,0.520065904,0.452557117,0.00309624686
7000.000000000038,0.665378153,0.469313771,-7.7284632e-008,0.676574826,0.463646173,-0.000974917493,0.690242767,0.461349577,-0.00352210365,0.701337218,0.459869415,-0.00653333077,0.708598495,0.456712127,-0.00922222249,0.703154087,0.468326747,-0.00308140693,0.71376,0.470964193,-0.00796646252,0.707816362,0.471305192,-0.0114432685,0.700770319,0.470252454,-0.0129885282,0.700317,0.474561125,-0.00529789645,0.712257266,0.478259593,-0.00823531207,0.70610714,0.478370786,-0.00959429,0.699053347,0.477001071,-0.0101589,0.694945,0.480018,-0.0077119288,0.705861211,0.48465839,-0.0100477645,0.700483322,0.484204531,-0.00886625051,0.694478154,0.482268274,-0.00781332236,0.687948346,0.484508038,-0.0102100214,0.696427941,0.488995254,-0.0114096748,0.692566037,0.488211602,-0.00930398423,0.68799448,0.486355543,-0.00734218583
7016.666666666705,0.551105738,0.439257145,-5.46384094e-008,0.544254363,0.431742698,0.00192700303,0.533089578,0.428400695,0.00272141118,0.523324728,0.42745623,0.00244610244,0.51667577,0.427150697,0.00206238497,0.512678921,0.432995945,0.00571758766,0.508500516,0.437583387,0.00546266604,0.514361799,0.438748062,0.00357807218,0.519690752,0.437570184,0.00214404357,0.510573149,0.438728869,0.00388136762,0.505865097,0.443126112,0.00481212186,0.512021661,0.444300413,0.00405580457,0.517787218,0.442651302,0.00329097849,0.512240529,0.44440636,0.00194801111,0.505923331,0.448412627,0.00171742891,0.511704564,0.449197859,0.00228159525,0.517000854,0.447273731,0.00261827884,0.515701592,0.449582309,0.000151060696,0.508395791,0.45332396,-0.000362048595,0.513514578,0.453680515,0.00156905921,0.519316852,0.452147722,0.00354301673
7016.666666666705,0.662168324,0.46932897,-8.82727136e-008,0.675268531,0.464120418,0.000104784514,0.689650834,0.462111264,-0.0019262135,0.700665355,0.460196465,-0.00453063846,0.706997156,0.456680596,-0.00688842358,0.701643825,0.468867451,-0.00232858141,0.711396754,0.471272618,-0.0062430324,0.705245733,0.471947402,-0.00909412559,0.698435307,0.470915616,-0.0105146989,0.69869256,0.475086659,-0.0049939272,0.709741712,0.478747785,-0.00692599034,0.703695536,0.479305804,-0.00775042875,0.696838796,0.47785306,-0.00834136922,0.693336725,0.480719864,-0.00770012802,0.703558445,0.485250294,-0.00924693141,0.698132932,0.485116,-0.00779009238,0.692234814,0.483138949,-0.00692099147,0.686385036,0.485491842,-0.010430621,0.694971502,0.489776313,-0.011213473,0.690738618,0.489064813,-0.00889878161,0.68589741,0.487151951,-0.00701364968
7033.333333333372,0.547306,0.439181626,-4.72729553e-008,0.540729344,0.431699544,-0.000654522388,0.530301929,0.427120596,-0.00116659107,0.520149767,0.425212055,-0.00228568353,0.511495,0.42407164,-0.00334033184,0.510672271,0.433458924,0.00364772393,0.508840203,0.437013805,0.00252773659,0.514978766,0.438105017,4.18704403e-005,0.519971788,0.437155753,-0.0017774991,0.508672297,0.439048082,0.00270450977,0.505940616,0.442656964,0.00277311099,0.512331247,0.443710119,0.00150252634,0.517547548,0.442150444,0.000423475052,0.510317922,0.444556177,0.00142799108,0.505402565,0.447997123,0.000308439659,0.511458933,0.44893989,0.000622503285,0.516611814,0.447100729,0.000917014608,0.513400555,0.449387133,6.74824187e-005,0.50770241,0.45336318,-0.00134375389,0.51267451,0.454026848,0.000163899502,0.517932355,0.45256573,0.0019916743
7033.333333333372,0.660072863,0.469425172,-8.41437924e-008,0.673230886,0.464050293,0.000302309316,0.687240064,0.462045103,-0.0017536087,0.69834435,0.460199565,-0.00448099338,0.704602599,0.456598818,-0.00694671,0.69986254,0.468757629,-0.00190686074,0.710323036,0.471877426,-0.00563266035,0.7042346,0.472421259,-0.00840770453,0.697199643,0.471157193,-0.0097436728,0.696620941,0.475116879,-0.00461336458,0.707821727,0.479059726,-0.00622294284,0.702136338,0.47947818,-0.00704844,0.695277154,0.477842867,-0.00773738511,0.691080511,0.48076874,-0.00736595131,0.701648235,0.485337,-0.00838918146,0.696667731,0.485207468,-0.00690478738,0.690640211,0.483198166,-0.00615357747,0.684262,0.485490531,-0.0101554263,0.693529069,0.489745349,-0.0104973596,0.689738154,0.489203095,-0.00810567,0.684755147,0.487435549,-0.00625085924
7050.000000000039,0.54670918,0.439027071,-4.98055321e-008,0.539880157,0.431476384,-0.000164099212,0.529813051,0.426915228,-0.000499663118,0.519044161,0.425513268,-0.00156476675,0.509901762,0.424693435,-0.00252844323,0.507905364,0.434247822,0.00476021273,0.505719483,0.438692242,0.00419408269,0.511314273,0.44009766,0.00200763857,0.515708,0.439294666,0.000336213183,0.506274521,0.439658254,0.00357595133,0.502979755,0.444070339,0.00389344804,0.508980155,0.445304424,0.00250044907,0.513940752,0.443987727,0.00136077346,0.5082196,0.444902688,0.00209824508,0.502859533,0.449252188,0.00110863603,0.507998765,0.45049113,0.00109100924,0.512580693,0.449029118,0.00123591698,0.511583328,0.449624419,0.000569005555,0.505149662,0.454330593,-0.000567706884,0.508527577,0.4555071,0.000817859,0.512508869,0.454658955,0.00254969765
7050.000000000039,0.656345665,0.469274133,-8.39642809e-008,0.66964221,0.464156687,-0.000163271208,0.68449527,0.46236369,-0.00266769645,0.696341157,0.460183948,-0.00571737206,0.702974141,0.456170738,-0.00842130277,0.697441578,0.468723327,-0.00268466957,0.707603395,0.471981674,-0.00648371084,0.701130211,0.472712845,-0.00926107,0.694458365,0.471366674,-0.0106706219,0.694386363,0.475016534,-0.00533045083,0.705717564,0.479111612,-0.00708376244,0.699351788,0.479830027,-0.00775109744,0.6925385,0.478222758,-0.00830919575,0.688860834,0.480652362,-0.00800849,0.699959695,0.485345811,-0.00940685533,0.694320142,0.485583901,-0.00770409126,0.68818742,0.48359111,-0.0067088,0.681709886,0.485402882,-0.0107354,0.691550314,0.489952028,-0.0114630712,0.68746835,0.48967731,-0.00886365678,0.682404399,0.487738132,-0.00673707342
7066.666666666706,0.54420346,0.438890815,-5.7648414e-008,0.536362648,0.432077795,0.000960121804,0.525999784,0.428426296,0.00108743424,0.515366793,0.427158535,0.000116374904,0.506409228,0.426504582,-0.000832127233,0.506611645,0.434840649,0.00607427116,0.503461599,0.439331651,0.00502032181,0.509205341,0.44080016,0.00260460284,0.513948,0.439898103,0.000932917465,0.504966319,0.440121293,0.0042743925,0.500421584,0.44489193,0.00401772512,0.50670743,0.446219534,0.00263658888,0.511808097,0.444691598,0.00171635428,0.506667495,0.445377082,0.00213509705,0.500289261,0.450168878,0.000766640704,0.505792081,0.451522321,0.000966828084,0.510470867,0.449840277,0.0014163343,0.509814918,0.450170636,2.58134532e-005,0.502886117,0.455237627,-0.00112475315,0.506766617,0.456442595,0.000501837814,0.511221588,0.455273181,0.00242956844
7066.666666666706,0.653730333,0.46871832,-8.56393783e-008,0.667690933,0.4638592,0.000144863894,0.682970226,0.46197933,-0.00208358467,0.694638252,0.459668607,-0.00491679786,0.701262832,0.455754906,-0.00738628581,0.695429385,0.468750626,-0.00191375439,0.705547333,0.472300231,-0.00536492933,0.699013352,0.472953707,-0.00805768184,0.692535341,0.471456438,-0.00947823562,0.692043066,0.474830061,-0.00460399175,0.703134179,0.479159147,-0.00593053,0.69685483,0.479927778,-0.00653165206,0.690321267,0.47825259,-0.00717501575,0.686411262,0.480309188,-0.007334942,0.697616398,0.485331565,-0.0084163174,0.69201076,0.48573339,-0.00670182798,0.685999632,0.48374477,-0.00579345413,0.679324031,0.484932274,-0.0100955684,0.689536572,0.489638537,-0.0106555335,0.685525835,0.489584744,-0.00806860253,0.680631,0.48779586,-0.00601010537
7083.333333333373,0.543227315,0.439709306,-6.12284055e-008,0.536417,0.432885587,-0.00136305648,0.524758935,0.428803623,-0.00203644019,0.513505101,0.427995831,-0.00320470077,0.504154265,0.427641392,-0.00423442153,0.503755748,0.435719401,0.00372668216,0.502652049,0.440222234,0.00172170741,0.508813441,0.441217154,-0.00148202572,0.513569891,0.440025061,-0.00366574083,0.502390146,0.441003948,0.00294085243,0.49937892,0.44589147,0.00172628858,0.506154418,0.446769297,-0.00013626281,0.511683,0.444889516,-0.00126801222,0.504335701,0.446177274,0.00165389571,0.499263614,0.451013714,-0.000618160702,0.505557656,0.451848596,-0.000614754739,0.510667145,0.449748337,-0.000124455415,0.507755,0.450878561,0.0002072114,0.502084672,0.455676377,-0.00183848769,0.5072698,0.456306875,-0.000567608338,0.512540758,0.454636216,0.00127791602
7083.333333333373,0.652609944,0.468924284,-7.00725309e-008,0.666199,0.463638812,-7.00594392e-005,0.680180371,0.461673439,-0.00258026482,0.691488564,0.459453762,-0.00557675539,0.698209763,0.455764979,-0.00824143272,0.69286412,0.468763143,-0.00226214575,0.703274965,0.472264647,-0.0054596616,0.697794557,0.47353965,-0.00797400903,0.691640377,0.47260803,-0.00932143629,0.689648688,0.474897772,-0.00468369154,0.701014102,0.479203165,-0.00594740873,0.696196,0.480587542,-0.00663277181,0.690042734,0.479569823,-0.00735525,0.68427211,0.480379,-0.00715579605,0.696365058,0.4855313,-0.00842454471,0.693100095,0.487494,-0.00742951222,0.687884688,0.486920029,-0.00699144928,0.677634239,0.484980464,-0.00958630443,0.687957346,0.489581227,-0.010478978,0.68535161,0.490615547,-0.00833462086,0.680937946,0.4897919,-0.00654597953
7100.00000000004,0.541780472,0.440258175,-7.00690848e-008,0.534356534,0.433540285,0.000375199335,0.522196889,0.429534793,0.000565971364,0.511020184,0.428826481,-2.49145924e-005,0.501694262,0.428584725,-0.000543042435,0.503192306,0.435900182,0.00536295259,0.500851035,0.43995142,0.00398187619,0.507250428,0.441124231,0.00134994683,0.512533724,0.439935297,-0.000395775976,0.500939429,0.441283464,0.00397127261,0.497926861,0.445759654,0.0035415811,0.505008,0.446820199,0.00209028763,0.510612369,0.444846511,0.00117890828,0.502214313,0.446675718,0.00222887052,0.497467697,0.451061279,0.000702508492,0.504098177,0.451906145,0.000970407,0.509312451,0.44960323,0.00148411025,0.50494206,0.451638699,0.000489995,0.499416649,0.456103623,-0.000960539503,0.504988432,0.456602603,0.000644754618,0.510462344,0.454687536,0.00266774534
7100.00000000004,0.649350822,0.469071716,-7.05265109e-008,0.6620785,0.463440806,-0.000278592401,0.676256061,0.46116066,-0.00248580403,0.68788439,0.458902985,-0.00509344181,0.69498688,0.45541,-0.00738057,0.68920511,0.468209952,-0.00244437088,0.700172,0.471537173,-0.00535919238,0.695629478,0.472780526,-0.00752749667,0.689848185,0.471970171,-0.00868712179,0.686641037,0.474583685,-0.00472088391,0.698483407,0.478962868,-0.00590150431,0.693937659,0.480263591,-0.00650896318,0.688041925,0.479283422,-0.0070891073,0.681597829,0.480245054,-0.00703655044,0.694057405,0.485643208,-0.00819102,0.691222906,0.487318337,-0.00727002,0.686494827,0.486576438,-0.00687790057,0.675031066,0.484882444,-0.00931732729,0.684891284,0.48938787,-0.0101054739,0.68282032,0.490117878,-0.00799266342,0.678891063,0.489027947,-0.00622412749
7116.666666666707,0.538005233,0.440458357,-5.71405501e-008,0.530914187,0.433436722,-0.000647096313,0.519479632,0.429413319,-0.000837765343,0.508709908,0.429102838,-0.00162959343,0.499462694,0.429466873,-0.00228725071,0.499634564,0.436218023,0.004269592,0.498089731,0.440373242,0.00267567579,0.504103422,0.44174552,8.91066447e-005,0.508897185,0.441038817,-0.00160899363,0.497836202,0.441571951,0.00334945,0.493871272,0.446417391,0.00271484465,0.500223637,0.447859436,0.00140897976,0.505412936,0.446288645,0.00060931989,0.499377251,0.446747094,0.00198819721,0.493440241,0.451649129,-8.53492893e-005,0.499322444,0.453018695,0.000107732129,0.504223943,0.451146871,0.000781238195,0.50275743,0.451378256,0.000588284,0.496032268,0.456058234,-0.00123622047,0.500351667,0.457023412,0.000191549378,0.505241692,0.455508143,0.00217367895
7116.666666666707,0.646454096,0.467975795,-7.68071331e-008,0.660766304,0.462600529,0.000913109398,0.672846437,0.46255064,-0.000500375638,0.680105746,0.465459019,-0.00269327918,0.683147848,0.468541652,-0.00465510413,0.68585974,0.468191773,-0.000758097449,0.696073055,0.471235186,-0.00375772757,0.692675054,0.472049206,-0.00585994311,0.686967075,0.471334457,-0.0068277,0.68367368,0.474788636,-0.00342493528,0.694933772,0.478658617,-0.00498806546,0.691301465,0.479460865,-0.00572113413,0.685602248,0.478680164,-0.00608304609,0.678679526,0.480550379,-0.00616870727,0.691672564,0.48548767,-0.00769021967,0.690174341,0.486841887,-0.00697342353,0.68627727,0.486426264,-0.00639324309,0.671794891,0.485053,-0.00880597718,0.681838572,0.489320427,-0.00971890241,0.680905342,0.490067542,-0.00767738,0.677926898,0.489361495,-0.00574394595
7133.333333333374,0.536613166,0.440497816,-6.02557506e-008,0.529554725,0.433454782,-0.001017779,0.517928481,0.429509372,-0.00131944206,0.506708741,0.42917636,-0.00212388276,0.497363716,0.429376066,-0.00280187884,0.498431563,0.435791671,0.00407211483,0.496149033,0.439922839,0.00256475573,0.501769483,0.441254258,2.40427853e-005,0.506214917,0.440454662,-0.00172614935,0.49678725,0.441215158,0.00336215016,0.492591709,0.445540816,0.00263786805,0.499111921,0.446835101,0.0012133494,0.504440427,0.445294559,0.000348770467,0.498308867,0.446531802,0.00219423859,0.491885334,0.450843364,0.000160872456,0.497908652,0.4521662,0.000250874757,0.503177643,0.450422794,0.000801886606,0.501413703,0.451352179,0.000964181731,0.494269401,0.45574069,-0.00108368194,0.498750657,0.456907839,0.000105185689,0.503842115,0.455624908,0.00193812791
7133.333333333374,0.643916368,0.467851549,-8.38342658e-008,0.659501135,0.462335914,0.00151722296,0.671984,0.462508351,0.000467143,0.679226518,0.465978682,-0.00131568126,0.681486964,0.469364315,-0.00284985779,0.68328923,0.467786,-0.001086,0.69223851,0.471203566,-0.00284671318,0.687267244,0.471762657,-0.00346589671,0.681650102,0.470817268,-0.00356577686,0.680844069,0.474372625,-0.00364646572,0.691245377,0.478103638,-0.00395250507,0.686862826,0.478669733,-0.00356406462,0.681253314,0.477947831,-0.00340984087,0.675769031,0.480124652,-0.0060409219,0.68843931,0.484557718,-0.00659479806,0.686003149,0.485473484,-0.00511917612,0.681960642,0.484963119,-0.00423570629,0.669000924,0.484753042,-0.00824473891,0.679950476,0.488723427,-0.00839659292,0.679196477,0.489241779,-0.00584320212,0.677049041,0.488663435,-0.00367029663
7150.000000000041,0.534037471,0.440313369,-5.61960825e-008,0.52785939,0.433046222,-0.000220218135,0.516448617,0.429386526,0.000134375427,0.50533694,0.429053605,-0.000137068608,0.496339798,0.429254293,-0.000300459,0.4958601,0.43550539,0.00496385619,0.492842823,0.440415591,0.00396280037,0.498461276,0.441633224,0.00180246809,0.503365,0.440542132,0.000344029802,0.494150817,0.440722525,0.0041545839,0.488970369,0.445919812,0.00397073524,0.495110631,0.447254092,0.00282929186,0.500520468,0.445491493,0.00209420896,0.495755434,0.446009219,0.00294757425,0.488683462,0.450884759,0.00126272195,0.494574487,0.452106893,0.0014807746,0.499715745,0.450136691,0.00207266025,0.499160945,0.450928777,0.00174965593,0.491093,0.455291122,0.000109418135,0.495680124,0.456253827,0.00146861805,0.501021147,0.454762489,0.00331938593
7150.000000000041,0.641249657,0.466949284,-6.8362553e-008,0.656415224,0.461802125,0.00201999303,0.66881156,0.462352663,0.00127153762,0.67629087,0.466018766,-0.00021542082,0.678886652,0.47010383,-0.0014905259,0.679694355,0.466784596,-0.000611300289,0.688515902,0.470156461,-0.00218285923,0.685492516,0.471365333,-0.00237756595,0.68062681,0.471081555,-0.0021032691,0.677518308,0.473158419,-0.00325813843,0.688322961,0.477217793,-0.00367152714,0.685438037,0.478416622,-0.00313426973,0.680584788,0.478305846,-0.00274461671,0.672711611,0.478909016,-0.00571546797,0.686107,0.483652055,-0.00646686275,0.685839891,0.485291839,-0.00511059584,0.683271229,0.485567391,-0.00419540191,0.666132808,0.48357,-0.00789025,0.67769897,0.48762387,-0.00823584665,0.678935826,0.488751531,-0.00588638149,0.678245485,0.488719791,-0.00379505963
7166.666666666708,0.53219533,0.440481901,-5.1849959e-008,0.525513411,0.433439255,0.000589135,0.513985932,0.429577738,0.00120981887,0.502852082,0.428945959,0.00108015095,0.493729591,0.429279953,0.00105217763,0.494892925,0.435252398,0.00578817353,0.490284085,0.439282477,0.00556634413,0.495036691,0.440677345,0.00400982145,0.499276936,0.439880639,0.00291659636,0.492972761,0.440524518,0.00471037067,0.486427605,0.444870949,0.00538629387,0.491779685,0.446314543,0.00465893885,0.496621221,0.444929063,0.00415699789,0.494091272,0.445915848,0.00332777807,0.485706508,0.44993934,0.00270609395,0.490864366,0.45119071,0.00310340873,0.495716959,0.449559122,0.00363757228,0.497042418,0.450885057,0.00200097868,0.488393903,0.454822272,0.00140597473,0.492259473,0.455804199,0.003066801,0.497268468,0.454537243,0.00495623471
7166.666666666708,0.639103889,0.466363132,-6.63036133e-008,0.653904796,0.461585522,0.00190055079,0.665718079,0.46168223,0.000951453287,0.673315167,0.464655966,-0.000818243308,0.676540613,0.467840582,-0.00234324508,0.676860809,0.466025591,-0.000617793819,0.686251223,0.46925047,-0.00257098954,0.683026731,0.470562249,-0.00311957602,0.678140223,0.470437527,-0.00304289721,0.674523771,0.472152323,-0.0033450448,0.685640812,0.476009,-0.00418597087,0.682993233,0.477244854,-0.00405458501,0.678505659,0.477110624,-0.00388064119,0.669803083,0.477705359,-0.00592677481,0.683086872,0.481959432,-0.00670416793,0.683101356,0.483499736,-0.00548594259,0.681063354,0.483599335,-0.0046547316,0.663360536,0.482334703,-0.00828719698,0.674779117,0.486002207,-0.00843154918,0.676837802,0.487153441,-0.00620612409,0.677245438,0.487250298,-0.00426245434
7183.333333333375,0.530116856,0.440596402,-4.91074523e-008,0.524323881,0.433571935,-0.000896454207,0.512622,0.429065913,-0.00115593313,0.5013358,0.428459555,-0.00188116741,0.49184534,0.428884238,-0.00246057706,0.492660105,0.434724659,0.00326434756,0.486763597,0.439124286,0.0018425592,0.491316974,0.440639883,-0.000189699233,0.495715976,0.439742327,-0.00145653135,0.491373777,0.440075606,0.00262075034,0.483796507,0.44453159,0.00201778673,0.489370316,0.445991099,0.00117600686,0.494640619,0.444479167,0.000746281818,0.492748886,0.445393264,0.00155559543,0.484106272,0.449666321,-0.000255553285,0.489414811,0.450841278,0.000213160922,0.494747728,0.449095041,0.000995918061,0.495803028,0.450433224,0.000435336813,0.486889094,0.454316378,-0.00120729534,0.491372794,0.455042422,0.000138910647,0.497043967,0.453606218,0.00194279815
7183.333333333375,0.636950791,0.465538591,-5.3472359e-008,0.65037781,0.460638255,0.0023115885,0.662763357,0.460760683,0.00176132901,0.67114526,0.463393211,0.000356209319,0.675632358,0.466287374,-0.000768532103,0.674586475,0.464304447,0.000855819439,0.683961868,0.467892408,-0.00105637137,0.681978762,0.469572157,-0.0018464739,0.677823365,0.469609857,-0.00189196982,0.672531605,0.470312029,-0.00199414743,0.683676243,0.474610776,-0.00284110475,0.682362676,0.476527214,-0.00316472119,0.678630173,0.476764381,-0.00322193373,0.668123603,0.475878417,-0.00475448184,0.681235194,0.480489135,-0.00555474916,0.682836652,0.482904285,-0.00482668821,0.682167411,0.483663023,-0.0042363368,0.661913931,0.480664045,-0.00724305678,0.673304856,0.484667271,-0.00736881,0.677037895,0.486646116,-0.00554284872,0.679181,0.48740527,-0.00388680538
7200.000000000042,0.529145718,0.44001478,-4.68461501e-008,0.523140073,0.432685256,-0.000803595525,0.511387467,0.428625315,-0.000823636714,0.499969602,0.428237408,-0.00133945979,0.490661532,0.428507775,-0.00163728709,0.490755439,0.434285164,0.00393226324,0.483276933,0.439296812,0.00264603109,0.487485081,0.441069603,0.000850617536,0.492683589,0.440187931,-0.000111776768,0.489708722,0.439403713,0.0033248961,0.48085013,0.444391817,0.00271377782,0.486991286,0.445972,0.00206112093,0.492919475,0.444535673,0.00200750865,0.491192281,0.444672644,0.00224295701,0.481691271,0.44942078,0.000507972902,0.487517208,0.450800419,0.00112160062,0.493072629,0.449293613,0.00213143067,0.494524837,0.449819177,0.00109255465,0.484858781,0.453923315,-0.000581277476,0.489476383,0.454987437,0.000752739259,0.495086044,0.453918368,0.00262174057
7200.000000000042,0.636082709,0.464204848,-1.18149908e-008,0.650758803,0.45987165,0.00169782445,0.66382122,0.460320443,0.000878369436,0.670609534,0.463726759,-0.000981125515,0.672530532,0.467683405,-0.00262803934,0.673788786,0.463581741,0.00198617135,0.682401717,0.467122614,-0.00115048571,0.680983245,0.469124168,-0.0036469996,0.677109241,0.469647914,-0.0047402312,0.671621,0.469286442,-0.000966323947,0.682841718,0.473576725,-0.00244754017,0.683276951,0.476278454,-0.00370387291,0.680581212,0.477650136,-0.00433656108,0.667041183,0.474620223,-0.0041520535,0.679466486,0.479266763,-0.00526569178,0.681676865,0.482075095,-0.00492598768,0.681696,0.483536184,-0.00446261885,0.660512507,0.479302347,-0.00728228688,0.671708763,0.483472288,-0.00710137468,0.67547822,0.485686511,-0.00500205113,0.677362204,0.486919731,-0.00314812688
7216.666666666709,0.528381288,0.439478189,-4.87900138e-008,0.521734595,0.432436615,-0.00063982,0.509847581,0.428189069,-0.000834689243,0.498747021,0.427725762,-0.00162897178,0.489535183,0.428141654,-0.00221524155,0.488965064,0.434263378,0.00399258547,0.481969595,0.439134,0.00227889605,0.486444,0.440732747,-0.000109363413,0.491522551,0.439845175,-0.00150063576,0.488116,0.439445943,0.00310409279,0.479756176,0.444201231,0.00227677426,0.485595077,0.445641786,0.00119789178,0.491371363,0.444219559,0.000698405376,0.489800602,0.444647819,0.00173615804,0.480756074,0.449175,6.94529153e-005,0.486334562,0.450412,0.000517969602,0.491920292,0.448834836,0.0012757777,0.493076831,0.449643552,0.000266065646,0.483978212,0.453601062,-0.00108657812,0.488150269,0.45456323,0.000296055456,0.493419498,0.453403652,0.00208353275
7216.666666666709,0.633929133,0.463621438,-4.16411972e-008,0.648919344,0.458793491,0.00179996586,0.661866486,0.458995908,0.00076286518,0.668610752,0.462389976,-0.00123601255,0.670332789,0.466220826,-0.00304873032,0.672278583,0.462106913,0.000578355626,0.680551,0.465145499,-0.0025075227,0.677463889,0.466877,-0.0046394025,0.672821581,0.466855228,-0.0055198567,0.670238316,0.467992067,-0.00253829756,0.681449115,0.471937954,-0.00428388594,0.679642916,0.473984599,-0.00532665569,0.675495088,0.474341,-0.00574612664,0.665619433,0.473467231,-0.00571898138,0.678430438,0.47805354,-0.00716569647,0.679238677,0.480558604,-0.00671537779,0.678039253,0.481407225,-0.00613806769,0.65910852,0.478108078,-0.00873514637,0.670806646,0.482126921,-0.0089174509,0.67349112,0.484087825,-0.00672749663,0.674441516,0.48486343,-0.00475391932
7233.333333333376,0.526763618,0.439706028,-5.25851434e-008,0.520623505,0.432694316,-0.000255781313,0.508639932,0.428826272,-0.000295575883,0.497244865,0.428294897,-0.00108301104,0.487850904,0.428487659,-0.00171005016,0.487987816,0.434393942,0.00454318,0.481071502,0.438865155,0.00289012794,0.48545748,0.440372586,0.000556385319,0.49056676,0.439588845,-0.000775964116,0.486971974,0.439625859,0.00346679,0.478024215,0.44401294,0.00261477474,0.483845741,0.445383817,0.00155896,0.489822507,0.444139063,0.00116024131,0.488506347,0.444922656,0.00191077159,0.478517026,0.448944032,0.000204493947,0.48380816,0.450124443,0.000630009803,0.489486068,0.448747396,0.00145727559,0.491662413,0.450032026,0.00031089937,0.481701493,0.453688025,-0.00084220554,0.485475868,0.454614908,0.00067897432,0.490852416,0.453594565,0.00252786768
7233.333333333376,0.631543338,0.462333,-3.52789939e-008,0.645405412,0.458053887,0.00228826609,0.658165038,0.45843491,0.00157476903,0.666117549,0.461522222,-4.66837118e-005,0.669323564,0.464983881,-0.00140543317,0.670055926,0.4601717,0.000505925,0.679213881,0.463462651,-0.00155479112,0.677111387,0.465828568,-0.00253102416,0.673078954,0.466371268,-0.00279230811,0.668114066,0.465975553,-0.00262866961,0.679600835,0.470122814,-0.00366540928,0.678385675,0.472711295,-0.00420301408,0.674764037,0.47354418,-0.00444388809,0.663546145,0.471564442,-0.00564406719,0.676503718,0.476042211,-0.00652416702,0.677478135,0.478904545,-0.00587789668,0.676392615,0.480060518,-0.00537312729,0.6568771,0.476586878,-0.00842483249,0.668638825,0.480415,-0.00839245133,0.67189306,0.482653677,-0.00637306226,0.673495889,0.483759552,-0.00463267881
7250.000000000043,0.525701761,0.439643621,-5.64748852e-008,0.518889546,0.432711452,0.00067384,0.506898105,0.429101557,0.00109019119,0.495949388,0.428514242,0.000522740302,0.487424552,0.428685069,4.66507227e-005,0.486562818,0.434240669,0.00541378884,0.478801191,0.439084947,0.00380391255,0.482777506,0.440888345,0.00145689945,0.487734705,0.440177679,0.000122873724,0.485608041,0.439306229,0.00389289553,0.476406604,0.444254607,0.00305188121,0.482130051,0.445859,0.00187015673,0.488031656,0.444578439,0.00139187695,0.487267882,0.444523931,0.00195295981,0.477376461,0.449170709,0.000388631248,0.482517451,0.450531483,0.000770151208,0.487989426,0.449113041,0.00153413787,0.490638435,0.449634314,1.70643725e-005,0.480495781,0.453591645,-0.000998265925,0.484135509,0.454620153,0.000585479604,0.489409059,0.453540981,0.00246392819
7250.000000000043,0.630509555,0.462136716,-4.8047319e-008,0.643999934,0.45742029,0.00224092626,0.65661478,0.457294077,0.00165420829,0.665369213,0.460122287,3.22385495e-005,0.669570804,0.463445455,-0.00122234598,0.668341339,0.459050506,0.00171678246,0.67762953,0.462345421,-0.000465437974,0.67501092,0.464133,-0.00191350025,0.670608103,0.464156836,-0.00248585059,0.667058825,0.464882374,-0.00124735932,0.678554773,0.468536645,-0.00228716084,0.676463723,0.470616668,-0.0030433794,0.67173785,0.470885873,-0.00341350469,0.663325846,0.470521688,-0.00419611484,0.675928116,0.474539816,-0.00507316599,0.674885452,0.476791024,-0.00427201064,0.671489656,0.477010965,-0.00355392881,0.657596052,0.475624233,-0.00696873059,0.668761194,0.479533315,-0.00686757825,0.670518637,0.481240302,-0.00482670544,0.670446932,0.481363893,-0.00301924627
7266.66666666671,0.524312794,0.440013558,-6.12663769e-008,0.517567873,0.433074534,0.000666363223,0.505772,0.429416,0.000903816079,0.494941,0.428728253,0.000148040053,0.486137509,0.429114491,-0.000525554526,0.485214114,0.434350967,0.00490192976,0.477861285,0.439318359,0.00295510236,0.482660145,0.440675974,0.000425713806,0.488188118,0.439636916,-0.0010019216,0.484265119,0.439291388,0.00326092378,0.475455612,0.444181949,0.00218387018,0.481599867,0.445382059,0.00107082759,0.487686664,0.443865,0.00057902094,0.485937774,0.444525599,0.00121223612,0.476324,0.449142337,-0.000667092216,0.48217988,0.450126797,-6.96254428e-005,0.487997621,0.448458344,0.000802885275,0.489214122,0.449741781,-0.000831643643,0.479387373,0.453661561,-0.00226996397,0.483834386,0.454421222,-0.000644164,0.489665359,0.453248918,0.0012869254
7266.66666666671,0.629492939,0.461124688,-3.90438828e-008,0.643326461,0.45659706,0.00202942872,0.655784428,0.45635891,0.00121692941,0.664310396,0.459274501,-0.000450014864,0.668221056,0.462687224,-0.00171586603,0.666811168,0.457317799,0.00020061557,0.67721504,0.460305601,-0.00156769599,0.674612105,0.462619632,-0.00210436014,0.669812083,0.462989,-0.00203533471,0.66557163,0.463296056,-0.00266104564,0.677675724,0.467092782,-0.00324429944,0.675931334,0.469644308,-0.00349890767,0.671597838,0.470134228,-0.00367823313,0.661807,0.469099939,-0.00537772104,0.67482686,0.473075151,-0.00586942909,0.674198449,0.475709319,-0.00490675448,0.671332896,0.476157963,-0.00430225767,0.655954599,0.474403262,-0.00788778905,0.667817295,0.477995962,-0.00769997295,0.669445097,0.479780793,-0.00551802805,0.669205,0.479928523,-0.00370454183
7283.333333333377,0.523267269,0.439730346,-5.54810065e-008,0.516903758,0.433172345,5.67412062e-005,0.504447281,0.429754525,0.000205895383,0.49306488,0.429667443,-0.000466166675,0.483962357,0.429864705,-0.00099978107,0.484458387,0.434907526,0.00460925698,0.47658813,0.439933568,0.00272400817,0.480638146,0.441578,0.000342783605,0.486014336,0.440750837,-0.000957357232,0.483668804,0.439888239,0.0033628759,0.474091768,0.444799513,0.00231350982,0.479753077,0.446277738,0.00133643823,0.485696256,0.444899082,0.000992700341,0.485182792,0.444969326,0.00163076399,0.474948198,0.449545085,-0.000274874852,0.480013,0.450970978,0.000264211529,0.485660642,0.449526906,0.00118395872,0.488250136,0.450023085,-0.000137964467,0.477893174,0.453902245,-0.00146256736,0.481399179,0.455137819,9.86410305e-006,0.486763477,0.454256445,0.00181854097
7283.333333333377,0.627831101,0.461417079,-2.91737692e-008,0.639642894,0.456326216,0.00157518452,0.651217401,0.455370665,0.000279655796,0.660323679,0.456809551,-0.00160368101,0.665661275,0.458544582,-0.00317963376,0.664314389,0.456608027,-0.00176411727,0.67511493,0.458572149,-0.00380647415,0.673653185,0.460860759,-0.00421285257,0.669510424,0.461873472,-0.00401891721,0.663428426,0.462517738,-0.00439628912,0.675904393,0.465550363,-0.00534005603,0.675677359,0.468068331,-0.00535143679,0.672334433,0.469193637,-0.00539516844,0.659866393,0.468214869,-0.00683062151,0.673390865,0.471629739,-0.00778144458,0.674786866,0.474020898,-0.00680489605,0.67360121,0.474910021,-0.00620469078,0.654247761,0.47349751,-0.00902126357,0.666493,0.476622254,-0.00914629921,0.669637442,0.478131682,-0.00709849084,0.67070204,0.478496641,-0.00539568253
7300.000000000044,0.521749735,0.440576524,-6.33309654e-008,0.514952421,0.433757156,0.00064087694,0.502433538,0.430157304,0.000924432417,0.491233736,0.429884791,0.000285784248,0.482204169,0.430196106,-0.000242518232,0.483175606,0.43530643,0.0046767965,0.475305587,0.440052181,0.00277272123,0.479750663,0.441776216,0.000416197494,0.485383421,0.440991849,-0.000821683556,0.482562125,0.440446556,0.00320132426,0.472999513,0.44524014,0.00204878137,0.478989124,0.44681856,0.00102224119,0.485319465,0.445471615,0.000681790174,0.484112293,0.445747614,0.00134087959,0.473819226,0.450098425,-0.000469477207,0.47925958,0.451539934,0.000110839108,0.485328764,0.450135827,0.0010444267,0.487035841,0.450954288,-0.000488507852,0.476858199,0.454693645,-0.00164034858,0.480887175,0.455802053,-4.05803848e-006,0.486718416,0.454859853,0.00191518397
7300.000000000044,0.62692976,0.460600734,-2.0252374e-008,0.639865875,0.456290722,0.00215783902,0.651629388,0.455691338,0.00118367327,0.659840286,0.457706183,-0.000720175798,0.664174497,0.460418224,-0.00244644843,0.662224054,0.456850141,-0.000425619335,0.672715545,0.458524674,-0.00293247751,0.671662569,0.461096644,-0.00407356815,0.667853236,0.462484837,-0.00429521594,0.66141516,0.462269783,-0.00344484905,0.673804462,0.465378106,-0.00476052426,0.673888564,0.468375653,-0.00543698808,0.670661449,0.469966918,-0.00576854451,0.658035696,0.467583835,-0.00628760876,0.670882225,0.470970213,-0.00722915167,0.671634734,0.47374633,-0.00652412558,0.669667959,0.474894613,-0.00595739344,0.652579129,0.472647429,-0.00892712548,0.664586186,0.475772589,-0.00884713884,0.667862713,0.477724791,-0.00687959045,0.66886133,0.478607386,-0.00517478678
7316.666666666711,0.519598603,0.440724313,-5.20712433e-008,0.512637317,0.434352815,0.00060254545,0.500258088,0.431393087,0.000839380664,0.489477932,0.431188852,0.00018603928,0.480915546,0.431168765,-0.000281323417,0.481819719,0.436535537,0.00436810171,0.473926902,0.440668315,0.00251934072,0.477903754,0.441946656,0.000150318927,0.483229786,0.441228062,-0.00109697564,0.481354326,0.441547781,0.00294507807,0.471811086,0.445802122,0.00207246584,0.477010697,0.446952373,0.00111741573,0.482940286,0.445774347,0.0007117684,0.483068466,0.446671337,0.00116718095,0.472766697,0.450543106,-0.000345727662,0.477453649,0.451570094,0.000267136347,0.483174413,0.450314224,0.00113017333,0.486164898,0.451607347,-0.000586660695,0.476014972,0.454910368,-0.00146530825,0.479320586,0.455758154,0.000250010693,0.484727681,0.45498234,0.00214732136
7316.666666666711,0.62574029,0.460845858,-5.99286238e-008,0.639007092,0.456238151,0.00197977154,0.650539219,0.456100196,0.000966256659,0.658456266,0.458800107,-0.00091820996,0.661927,0.461880058,-0.00242617982,0.660768092,0.456878394,-0.000794235733,0.670853674,0.458209962,-0.00318422797,0.667582095,0.460098416,-0.00398237584,0.662435114,0.460306853,-0.00391053827,0.66006875,0.462398916,-0.00362250535,0.671880662,0.464746356,-0.00494032353,0.668716192,0.46662122,-0.00514865806,0.663423419,0.466576397,-0.00509704743,0.656979501,0.467885017,-0.00626088399,0.669712424,0.470846,-0.00727809314,0.667422175,0.472444087,-0.00588637,0.66297859,0.472022533,-0.00474672345,0.651964962,0.472893149,-0.00872630253,0.66397661,0.476151586,-0.00896628,0.665127516,0.477388084,-0.00691037718,0.664434135,0.477062553,-0.00505272392
7333.333333333378,0.518327951,0.441277772,-5.79894284e-008,0.511498511,0.434631228,0.000547938282,0.499460369,0.431358844,0.000791396305,0.488704413,0.430869132,6.05996211e-005,0.480121583,0.431691349,-0.000550892786,0.479710788,0.436786503,0.00491241366,0.471956432,0.441911072,0.00295433239,0.476314813,0.443608761,0.000561844,0.482010305,0.442652136,-0.000651803042,0.479274303,0.441661209,0.00342208892,0.469771147,0.446888953,0.00238708081,0.475815386,0.448408246,0.00140158879,0.481969923,0.446893811,0.00110444392,0.481200784,0.446741343,0.00148948119,0.47098738,0.451640397,-0.000344435655,0.476516426,0.453041375,0.000204297277,0.48245436,0.451443166,0.00115173799,0.484578282,0.451783419,-0.00044385888,0.474481791,0.455883563,-0.00180586916,0.478535324,0.457032382,-0.000296615035,0.484427363,0.455961615,0.00158292544
7333.333333333378,0.625029683,0.461684048,-6.07477162e-008,0.638132155,0.457068861,0.00176792021,0.649865866,0.456448764,0.000487147336,0.657956541,0.458927304,-0.00175301242,0.661658704,0.462068498,-0.0036909224,0.658237338,0.457405269,-0.00124386838,0.669346929,0.458227783,-0.00472943811,0.665578485,0.459952474,-0.00667659892,0.660172,0.460106313,-0.00720727,0.657579184,0.462913394,-0.00409435248,0.670146525,0.465060532,-0.00609352626,0.666844,0.466960371,-0.00682246406,0.661530614,0.466864645,-0.00699491845,0.654611766,0.468308508,-0.00683165109,0.667582452,0.471225291,-0.00840023812,0.66525,0.473022312,-0.00732696569,0.660760105,0.472694039,-0.00619709352,0.650069892,0.473197311,-0.00940074213,0.662327528,0.476287901,-0.0099175917,0.66404891,0.4778952,-0.00801017601,0.663674772,0.477932751,-0.00616728142
7350.000000000045,0.516396463,0.441849738,-4.78869815e-008,0.510416806,0.43549335,-0.00162268837,0.498383939,0.431640148,-0.0025369951,0.487381607,0.431515455,-0.00385475834,0.477904856,0.432289571,-0.00486626197,0.477579564,0.437583685,0.00215473,0.470802605,0.442639947,-0.000582350593,0.475597203,0.443998516,-0.00345115224,0.48103109,0.442904353,-0.0050105229,0.477272749,0.442624182,0.00155681535,0.468891919,0.447510362,-0.000258876738,0.474792302,0.448712647,-0.00153236417,0.480771124,0.447076529,-0.00205679587,0.479304314,0.447698414,0.000423275138,0.470263481,0.452148169,-0.00200467231,0.475798666,0.453284383,-0.00151074363,0.481498599,0.451591641,-0.00058416836,0.482595593,0.452593237,-0.000877608778,0.474171758,0.456356436,-0.00262629846,0.478356749,0.457207829,-0.0013327396,0.483701169,0.456043512,0.000432153669
7350.000000000045,0.623743713,0.461994201,-5.3148554e-008,0.636555791,0.457177758,0.00174781203,0.648748815,0.456753522,0.000433838315,0.657039046,0.459379047,-0.0017221052,0.660545528,0.462860137,-0.00353441085,0.658087432,0.457843304,-0.000703558035,0.668319464,0.459855109,-0.00372983981,0.664959311,0.461092591,-0.00572040258,0.660178661,0.460950583,-0.00648880377,0.656776,0.46347025,-0.00342011405,0.66864568,0.466401577,-0.00505650276,0.666128,0.467776954,-0.00571500137,0.66103971,0.467711955,-0.00590581261,0.653316617,0.469052315,-0.00599686103,0.666207194,0.472423285,-0.00700196251,0.664694726,0.473668903,-0.00558972871,0.66048789,0.4733347,-0.00435514515,0.648164511,0.474207133,-0.00844799448,0.66011858,0.477429,-0.00826217886,0.662653685,0.47822547,-0.00600768439,0.663013816,0.477753162,-0.00402461505
7366.6666666667115,0.514266789,0.4420757,-5.41804e-008,0.507863,0.435571909,1.55719556e-006,0.495864689,0.432301611,-4.04163893e-006,0.484737515,0.432079881,-0.000716905051,0.475688726,0.432730675,-0.00128589431,0.475845575,0.438033819,0.00382589339,0.46892786,0.442998379,0.00204696739,0.473784328,0.44431144,-0.000266437186,0.479521453,0.443234921,-0.00153500773,0.47538197,0.443048805,0.00270294072,0.467235357,0.447873175,0.00177671504,0.473127246,0.44896397,0.000597079052,0.479321271,0.447433472,-4.37884864e-006,0.477553606,0.44811967,0.00122244016,0.468629688,0.452529758,-0.000398189703,0.474133968,0.453325033,-9.37901132e-006,0.479932904,0.45166108,0.000639213307,0.481162071,0.452952117,-0.00026948459,0.472468823,0.45668456,-0.00154201034,0.476891547,0.457169086,-0.000164261524,0.482569724,0.455892891,0.00153381296
7366.6666666667115,0.622396171,0.463017,-6.08536439e-008,0.634247124,0.457960486,0.000576421793,0.64676851,0.457407713,-0.000883179309,0.655607283,0.460083932,-0.00294581708,0.659701765,0.463170201,-0.0044788518,0.657522678,0.458280087,-0.00172023766,0.667424738,0.460905135,-0.00441895192,0.663511276,0.462440312,-0.00583349029,0.658124566,0.462036,-0.0062356689,0.656229794,0.464166492,-0.00406737952,0.66749382,0.467044711,-0.0052977372,0.66349411,0.468489736,-0.00553667312,0.657581449,0.467955619,-0.00559413526,0.652735054,0.469985545,-0.00636247173,0.664737,0.473340929,-0.00747306971,0.660982311,0.474268883,-0.00582001777,0.655185163,0.47331512,-0.00453346735,0.647547841,0.47540158,-0.00863336399,0.65941447,0.478880465,-0.0089353025,0.657815456,0.479178518,-0.00643241685,0.653941095,0.478013813,-0.00425237557
7383.3333333333785,0.513022602,0.442154467,-5.05916056e-008,0.506394148,0.435888,0.000398274919,0.49404642,0.432362765,0.000725033344,0.48307091,0.432053804,0.000247215823,0.474083841,0.432955652,-7.03608748e-005,0.47450012,0.438036323,0.00519702677,0.468135953,0.442353785,0.00385415135,0.472370386,0.444013208,0.00168940495,0.477498919,0.443200856,0.000500577444,0.473813355,0.443071514,0.0040113437,0.466054976,0.447587371,0.00348383118,0.471772552,0.448984563,0.00238916418,0.477615118,0.447579801,0.001920401,0.475866348,0.448155284,0.0024406244,0.467201889,0.452413946,0.00110999739,0.472748309,0.453587055,0.00145149208,0.478425264,0.452073365,0.00213299296,0.479486912,0.452979684,0.000872900884,0.471557,0.456707329,1.49835387e-007,0.475635678,0.457600445,0.00140309473,0.48085916,0.456486344,0.00312553346
7383.3333333333785,0.620430827,0.463730603,-6.27751362e-008,0.632561088,0.458294719,0.000745978905,0.645165563,0.457717985,-0.000669653586,0.653931916,0.460805416,-0.00268746098,0.657530963,0.464204937,-0.0042031263,0.65611732,0.459458917,-0.00192960864,0.666282535,0.462408453,-0.00460530585,0.662133574,0.463631421,-0.00611584866,0.656868398,0.463049829,-0.00664663315,0.654450834,0.465494186,-0.00431033038,0.665737569,0.468476325,-0.00535923196,0.661642313,0.469562024,-0.00533371465,0.655961215,0.468965888,-0.00529533578,0.650674641,0.471277416,-0.00660845032,0.662737906,0.474595398,-0.00746834883,0.658989489,0.475029886,-0.00551563501,0.653381169,0.473899096,-0.00410820544,0.645216703,0.47658664,-0.00888607278,0.657242417,0.479979098,-0.00880257692,0.655996144,0.479786813,-0.00604003156,0.652565718,0.47832191,-0.00375542091
7400.0000000000455,0.510150135,0.44188723,-5.41584519e-008,0.503663123,0.435324371,0.000380715646,0.491473675,0.432297796,0.000754144741,0.480758041,0.432514101,0.000315755839,0.472375333,0.433546811,3.46155446e-007,0.472719193,0.437761545,0.00456494745,0.466396272,0.442298025,0.00302182743,0.470781982,0.443956375,0.000852110446,0.475836754,0.443222702,-0.000383138977,0.471922487,0.44288075,0.00332576595,0.464177817,0.447440743,0.00259516179,0.469714731,0.448891163,0.00159987423,0.475320727,0.447566658,0.0011809679,0.47372058,0.447981894,0.00171791168,0.465079665,0.452295184,0.000200064052,0.470285028,0.453466594,0.000611018797,0.475482017,0.45194006,0.00132328982,0.477063298,0.45279184,0.000122857717,0.468515396,0.456551164,-0.000980024459,0.472328365,0.457440376,0.000462454482,0.477283031,0.456279635,0.00221788604
7400.0000000000455,0.618439,0.464175612,-5.38583187e-008,0.629857659,0.459240675,0.000247108954,0.642365217,0.458434939,-0.00114770094,0.651427686,0.460267901,-0.00324273668,0.65659374,0.462899297,-0.00500790309,0.652537644,0.461990088,-0.000812747,0.663167596,0.463867873,-0.00440508872,0.661045909,0.464458615,-0.00698142266,0.656957567,0.463941187,-0.00811465643,0.651227236,0.467390776,-0.00292871054,0.663185358,0.469996,-0.00527963322,0.660394788,0.470764458,-0.00648048,0.655720592,0.470354348,-0.00686609838,0.647464,0.472512603,-0.00516224559,0.660156786,0.475622475,-0.00703429943,0.65853554,0.476171881,-0.00601405744,0.655005,0.475430071,-0.00483815,0.641710818,0.476930797,-0.00738713285,0.652837217,0.480298609,-0.008159074,0.655968785,0.48094824,-0.00643574027,0.657393634,0.480490804,-0.00466288254
7416.666666666712,0.508618295,0.441593677,-4.84462568e-008,0.501874447,0.434842765,0.000215362132,0.489799678,0.431894571,0.000803375326,0.479232073,0.432003528,0.000710691791,0.471007824,0.433085233,0.000786179851,0.47117129,0.437378,0.00474837655,0.46544835,0.441947043,0.00362906978,0.469646454,0.443687737,0.00169143511,0.474269867,0.443141311,0.000552308513,0.470047802,0.442636,0.0037790481,0.462677658,0.447306395,0.00351766939,0.467877358,0.448831171,0.0027379964,0.473275542,0.44767,0.00237949612,0.471756965,0.448000431,0.00243367441,0.46321708,0.452161103,0.00125911727,0.468183368,0.453334749,0.00178044441,0.473196149,0.452002883,0.00248317,0.475309521,0.453004181,0.00110565987,0.466592073,0.456432432,0.000252998696,0.470401019,0.457383037,0.0019013047,0.475151271,0.456427395,0.00376436184
7416.666666666712,0.616447806,0.464944631,-3.37242021e-008,0.627958834,0.459799528,-8.37267144e-005,0.639992774,0.458988816,-0.00163278019,0.647944689,0.460949659,-0.00387735758,0.651438713,0.463556707,-0.00584406732,0.651793718,0.462792575,2.93191879e-005,0.661180079,0.464672744,-0.0036664044,0.659523547,0.465850621,-0.00658664573,0.655530453,0.46590665,-0.00799014326,0.650444746,0.468461901,-0.00216181949,0.661740839,0.470892757,-0.00480288,0.660392702,0.472477794,-0.00681611709,0.656354427,0.473057151,-0.00769149512,0.646494627,0.473729163,-0.00463486416,0.658027649,0.477030188,-0.00676849671,0.658891201,0.478895247,-0.00701194257,0.657408237,0.479618669,-0.00670229178,0.640553534,0.478292525,-0.00712202862,0.650820613,0.481441915,-0.00789181236,0.654834747,0.482898384,-0.00662685651,0.657018423,0.483518898,-0.00523972046
7433.333333333379,0.505904913,0.441820264,-4.99625621e-008,0.49983111,0.43487668,-0.000459472969,0.487827033,0.431466937,-0.000355430413,0.476879537,0.431669444,-0.000818053,0.468171775,0.432468683,-0.00112768414,0.4688631,0.437327862,0.00391927036,0.462796301,0.442045897,0.00237529469,0.467122287,0.443755,0.000239320347,0.47207582,0.443027675,-0.00098705932,0.468068331,0.442549467,0.00317972084,0.460457712,0.447222114,0.00244135666,0.466012716,0.448652148,0.0014836418,0.471567661,0.447307646,0.00104392425,0.469729364,0.447733939,0.00201037037,0.461180776,0.452040941,0.000296333223,0.466464311,0.453147948,0.000753215398,0.471700579,0.451626658,0.0015181303,0.472976118,0.45265305,0.000806147233,0.464140415,0.45623529,-0.000573469792,0.468408644,0.4570117,0.000827590178,0.473701179,0.455813617,0.00258363178
7433.333333333379,0.614369154,0.465517133,-7.19481079e-008,0.627312958,0.460056752,-3.02015815e-005,0.639778078,0.460066766,-0.00159300154,0.647735417,0.463466793,-0.00371820456,0.651128232,0.467407942,-0.00547170546,0.650639,0.464327663,-0.00177807466,0.659433722,0.466778368,-0.00536011485,0.654635072,0.467119515,-0.0077898656,0.649251,0.466127843,-0.008872048,0.648542523,0.470218867,-0.00393020734,0.660086691,0.472864658,-0.00631523365,0.655468404,0.473409027,-0.00727312593,0.649498403,0.472701401,-0.00747331418,0.644088328,0.475629508,-0.00617405,0.656445324,0.478895962,-0.00797588844,0.653278112,0.479229748,-0.00667677727,0.648580432,0.478245765,-0.00533538079,0.637859046,0.480148256,-0.00845306739,0.649214327,0.48360917,-0.00898004603,0.649129272,0.483776659,-0.00669702236,0.647335172,0.482829809,-0.00451666536
7450.000000000046,0.503599942,0.442046911,-4.59313831e-008,0.498252124,0.435010016,-0.000415499817,0.486069709,0.431075424,1.22056081e-005,0.474458843,0.431244135,3.17101e-005,0.465488553,0.432136506,0.00021732779,0.46744591,0.437149435,0.00400194665,0.460840315,0.441367686,0.00342043,0.464776039,0.443014503,0.00194917305,0.469009429,0.44242838,0.0010269304,0.466535032,0.442501724,0.003616645,0.458549112,0.446788311,0.00380354607,0.463651121,0.44821763,0.00327916676,0.468782812,0.446996272,0.00298308069,0.467943192,0.447720468,0.00288637984,0.459116101,0.451624811,0.00185809948,0.463913321,0.452671945,0.00229490455,0.468897223,0.451232553,0.0029069446,0.470823824,0.452642351,0.00216513802,0.461828083,0.455793232,0.00132267165,0.465922356,0.456381708,0.0027308485,0.471095681,0.45513314,0.00436355406
7450.000000000046,0.611652374,0.466358572,-7.88157735e-008,0.622871101,0.461569399,0.000655310054,0.635379434,0.461256564,-0.000384303683,0.643942654,0.463722825,-0.00218689349,0.649113536,0.466709256,-0.00365712703,0.645430923,0.465519518,-0.000659276,0.656826317,0.467639267,-0.00357406214,0.653816938,0.467511415,-0.00560933445,0.648748517,0.466647744,-0.00642425055,0.644369185,0.471021205,-0.00275753089,0.657316267,0.47396037,-0.00447944924,0.653486729,0.474015206,-0.0052353479,0.647362053,0.473116428,-0.00545029,0.640649438,0.476139635,-0.00489030592,0.654787898,0.480015159,-0.00624005264,0.652072132,0.479629129,-0.00502524525,0.646903098,0.478285432,-0.00390842184,0.635012269,0.48036021,-0.00697302306,0.646187246,0.484654635,-0.00743013807,0.646407247,0.48405087,-0.00549183832,0.644199073,0.482521266,-0.00367584522
7466.666666666713,0.501386046,0.442557693,-4.62337688e-008,0.495893121,0.435482979,-0.000337616977,0.484071761,0.431483835,-2.43477898e-005,0.472903609,0.431505948,-0.00018402694,0.464012265,0.43203488,-0.00020083008,0.465257466,0.437244385,0.00394058507,0.458914906,0.44174546,0.00286860974,0.462968051,0.443268538,0.00114705449,0.467664808,0.442512184,0.00017443033,0.46422419,0.442504853,0.00337373023,0.45652166,0.446970075,0.00306772627,0.461844355,0.448319674,0.00232247962,0.46724534,0.446989536,0.00199513859,0.465604335,0.447725862,0.00243873894,0.456898302,0.451726198,0.00113270537,0.461970896,0.452791154,0.00161539332,0.467109382,0.451331526,0.00234088511,0.468657017,0.452673107,0.00149925391,0.460036,0.455866069,0.000525152427,0.46426186,0.456484288,0.00197526254,0.469396174,0.455338508,0.00370532763
7466.666666666713,0.608978391,0.466845155,-2.8224715e-008,0.610298157,0.475752205,0.000584701542,0.620481789,0.480583578,0.000472640182,0.631574214,0.48117581,-8.71298544e-005,0.638957918,0.479197741,-0.000571859477,0.63078779,0.483042508,-0.00176417152,0.644335806,0.486617953,-0.00452426914,0.648451209,0.485726714,-0.00599467242,0.647758,0.483595371,-0.0062781563,0.637105107,0.477894187,-0.00298068766,0.651776552,0.480132341,-0.00419446221,0.65121305,0.479218841,-0.00391889689,0.646776,0.477443844,-0.00345330499,0.641016722,0.471917838,-0.00414072908,0.656057954,0.474129438,-0.00484398287,0.653198361,0.473503947,-0.00306807505,0.647465944,0.472129047,-0.00182112912,0.642921448,0.465742946,-0.00513662258,0.65395087,0.467,-0.0054240115,0.65150553,0.466733307,-0.00322605507,0.646627545,0.465834081,-0.00128615426
7483.33333333338,0.499156296,0.442324311,-4.55583837e-008,0.493751079,0.43536669,0.00133153226,0.482002318,0.432135046,0.0027481711,0.470920324,0.432197422,0.00332507142,0.462380946,0.432283521,0.00398857845,0.46316269,0.437701,0.00706536463,0.457485,0.441906899,0.00745216059,0.461808354,0.443649948,0.00641475804,0.466452152,0.443008959,0.00574938953,0.461663,0.442881674,0.00601740461,0.45475924,0.447038054,0.00725541776,0.460132,0.448632747,0.00697908271,0.465281069,0.447423905,0.00684188958,0.463139296,0.448042452,0.00466565881,0.454642653,0.451747864,0.00451972941,0.459836364,0.453162432,0.00504196342,0.465017289,0.451923132,0.00564040383,0.466487497,0.452890813,0.00342100253,0.458441585,0.456169277,0.00336955627,0.462363422,0.457201183,0.00499443477,0.467315048,0.456368566,0.00674241269
7483.33333333338,0.603580296,0.468090147,-8.72101822e-008,0.615206,0.462150812,0.000351393042,0.62770468,0.461264282,-0.000649639813,0.63599056,0.46286574,-0.00249297032,0.641398,0.464055359,-0.00404715445,0.642050505,0.467335463,0.000865248381,0.652954221,0.468309075,-0.00139869191,0.651922286,0.467495233,-0.00322467228,0.647729099,0.467004508,-0.00409971457,0.640224874,0.473356366,-0.000983731356,0.653182328,0.475188226,-0.0025883913,0.65225184,0.474089175,-0.0033520821,0.647433937,0.473280102,-0.00348848756,0.635627031,0.478516519,-0.00302739348,0.649505615,0.48137188,-0.00450825831,0.650663614,0.480425119,-0.00398439262,0.647755325,0.479586393,-0.00312157231,0.629424572,0.482951164,-0.00507173315,0.640428364,0.486717671,-0.00540227536,0.64543128,0.486769348,-0.00400609663,0.646937728,0.486330479,-0.00245510018
7500.000000000047,0.497572094,0.44342792,-4.52278321e-008,0.492109358,0.436057419,-0.000324062043,0.480389774,0.432166845,7.24064303e-005,0.469871551,0.432435215,-4.51718324e-006,0.461344659,0.432979465,4.84584343e-005,0.462306291,0.438019931,0.00412888685,0.458278775,0.441827774,0.00331500522,0.462996334,0.442973435,0.00146918942,0.467071801,0.442213327,0.000229339625,0.460797548,0.443414301,0.00352050457,0.454207629,0.447134435,0.00339668128,0.459381789,0.448264658,0.00250450498,0.464562476,0.447085,0.00199209293,0.461978644,0.44879216,0.00260961638,0.453839809,0.451983035,0.00156136276,0.458929628,0.452788591,0.00197697384,0.464105546,0.451416582,0.00255320338,0.464707166,0.453748554,0.00169936439,0.457179308,0.456423253,0.00104536233,0.461251348,0.456995279,0.00266834279,0.466205269,0.45608,0.00444669276
7500.000000000047,0.60204339,0.467988312,-4.83319651e-009,0.605393469,0.476958811,0.00101277756,0.61551851,0.482051522,0.00124156987,0.626066625,0.482982785,0.000909891329,0.633565128,0.481329948,0.000576094608,0.625881433,0.484167427,-0.000135362425,0.638451397,0.487554073,-0.00168620877,0.644645393,0.487594634,-0.00274975761,0.646623611,0.486487627,-0.00313498569,0.631918788,0.479468197,-0.00152349251,0.647067308,0.481350243,-0.002322505,0.649665773,0.480559289,-0.00247722724,0.647112191,0.479062557,-0.00227864948,0.63583523,0.473683327,-0.00278128032,0.651311576,0.475655973,-0.00325874472,0.651781499,0.474785179,-0.00230926624,0.647926,0.473457187,-0.00157617743,0.637785554,0.467505932,-0.00383086153,0.648916066,0.468306482,-0.00419531856,0.648597121,0.467650175,-0.00257748389,0.645044923,0.466764778,-0.000963429164
7516.666666666714,0.495847821,0.443772286,-4.2524757e-008,0.490479082,0.436500907,-0.0011865173,0.479336798,0.432190627,-0.00141109456,0.468567759,0.431831807,-0.00185019651,0.459575534,0.4328233,-0.00213037129,0.461086392,0.437894404,0.00232790108,0.457193375,0.441696435,0.00111059134,0.46260488,0.442694694,-0.000967807893,0.467111856,0.441781,-0.00233569974,0.4593,0.443519175,0.00206177542,0.453345656,0.447145551,0.00189167378,0.45870623,0.448262215,0.000966513297,0.464139253,0.446998805,0.00026390588,0.460439265,0.449086308,0.00148472935,0.452973068,0.452240974,0.000182550561,0.458193,0.453002542,0.00048851996,0.463618875,0.451528,0.000938831188,0.463125378,0.454108894,0.000876138569,0.455320388,0.456991494,-0.000442958932,0.459642202,0.457448542,0.000913089607,0.465021193,0.45625326,0.00259666401
7516.666666666714,0.598891616,0.469357818,-9.81822126e-008,0.611417711,0.463224,0.000880741281,0.624858677,0.462858319,0.000253399,0.633802831,0.465555578,-0.00123442453,0.639920056,0.46817705,-0.00233807275,0.638443172,0.468676507,0.00076871278,0.650917411,0.469662607,-0.00203270302,0.648936272,0.468591809,-0.004010465,0.643351734,0.467907399,-0.00467028795,0.636445,0.474913,-0.00109321962,0.65098983,0.476702422,-0.00273946929,0.649267793,0.475270867,-0.00318948622,0.643451452,0.474388,-0.00304971752,0.631880105,0.480193406,-0.00308718695,0.6475178,0.482652247,-0.00454001548,0.647147477,0.481131673,-0.00355927693,0.642463863,0.480084956,-0.00234338222,0.62587744,0.484618366,-0.00503035821,0.638223112,0.487996161,-0.00514930161,0.64264369,0.487618,-0.00342891598,0.643055141,0.487018168,-0.00161770638
7533.333333333381,0.495500207,0.444518596,-4.52069422e-008,0.489490211,0.437585443,2.75080529e-005,0.477491498,0.433323,0.000442295277,0.46675539,0.432763875,0.000398879696,0.457957149,0.433376491,0.000422377692,0.459235638,0.439057022,0.00396558875,0.455760181,0.443166375,0.00326947263,0.461100668,0.44427231,0.00133243832,0.46584785,0.443354249,5.28855235e-005,0.45785898,0.444598198,0.00323278201,0.452887952,0.448266536,0.00363280182,0.458344102,0.449309736,0.0026402208,0.463778704,0.448004276,0.00182547711,0.459442645,0.450027436,0.00228581391,0.452460736,0.45307827,0.00153394579,0.457756728,0.453868151,0.00187378132,0.463305891,0.452476,0.00227335817,0.462463379,0.454972684,0.00137171731,0.455020726,0.457602024,0.000708430191,0.459225863,0.458059788,0.00234052166,0.464305609,0.457090884,0.00414924696
7533.333333333381,0.596790791,0.469428,-7.74029658e-008,0.610602558,0.463730872,0.0019180706,0.624329329,0.464184761,0.00153689587,0.633472204,0.467466861,0.000227430472,0.638264775,0.470744669,-0.000822602,0.636490703,0.469137669,0.00118233368,0.649439692,0.470896393,-0.00139646255,0.64850229,0.469804615,-0.00326663512,0.644119799,0.468844026,-0.00389844761,0.634745181,0.475345284,-0.00121654395,0.649276853,0.477546215,-0.00254905829,0.648519158,0.476960838,-0.00303341891,0.644053638,0.476361394,-0.00293113315,0.630587,0.480682135,-0.00359835266,0.645562649,0.483371347,-0.00428564288,0.646671593,0.482756644,-0.00301173772,0.644470036,0.48179549,-0.00179529295,0.624915957,0.484984607,-0.00585251348,0.637549162,0.488275111,-0.00535033597,0.641947925,0.488536686,-0.00317435642,0.643909216,0.488134801,-0.0011359012
7550.000000000048,0.493581623,0.444810897,-4.20872439e-008,0.48795858,0.438055456,-0.00156878156,0.476347029,0.434080303,-0.00220839283,0.465631038,0.433887273,-0.00295159547,0.456896961,0.434495866,-0.00355077279,0.458005875,0.43955946,0.00133741682,0.455588162,0.443484724,-0.000533753657,0.461229861,0.444424719,-0.00301033258,0.465984315,0.443565756,-0.00457696756,0.456666261,0.445218831,0.0010797244,0.452168643,0.448978841,0.000222368719,0.45780763,0.449960709,-0.00095000345,0.4634175,0.44861266,-0.00171735,0.458330095,0.450774729,0.000516382745,0.451800883,0.454062641,-0.00132929918,0.45719102,0.454683095,-0.000926856766,0.462559104,0.453111529,-0.000306545204,0.461563915,0.45574075,-0.000105971849,0.454826713,0.458506465,-0.00178391079,0.459572464,0.458788395,-0.000312280521,0.464809448,0.457560211,0.00155312452
7550.000000000048,0.597176135,0.468447357,-4.54969218e-008,0.601750612,0.476379871,0.00153546361,0.613454878,0.481329501,0.0018620328,0.625046849,0.482143134,0.00141046592,0.633007348,0.480476916,0.00108738081,0.624968648,0.484741509,0.000562363188,0.638882637,0.48730889,-0.00170564977,0.641461253,0.485866219,-0.00320429588,0.639837563,0.484420985,-0.00376647827,0.63016,0.48050186,-0.00131296855,0.645990431,0.482000887,-0.0026838656,0.645141482,0.480067879,-0.00273959665,0.640080869,0.478564531,-0.00229373225,0.633070409,0.475302428,-0.00311743282,0.648906,0.476889223,-0.00396466162,0.646615326,0.475306183,-0.00231003,0.64088887,0.474029571,-0.000960793288,0.633940578,0.469691187,-0.0047400496,0.64483583,0.470458031,-0.00505971443,0.643134713,0.46964559,-0.00290268334,0.638767123,0.468875349,-0.000835878775
7566.666666666715,0.492785394,0.445238769,-5.04550925e-008,0.487281561,0.438438982,-0.000774057233,0.475318521,0.434550762,-0.000994893373,0.464359075,0.434304237,-0.0014040973,0.455377102,0.435258687,-0.00168234506,0.457804173,0.439935535,0.00156960497,0.454699934,0.443467379,-5.88039948e-005,0.460134,0.444416434,-0.00230159331,0.46467486,0.443519384,-0.00372095453,0.456104696,0.445644677,0.00108954159,0.451801747,0.448992848,0.000683173188,0.457267225,0.4501158,-7.59383111e-005,0.462581933,0.44872725,-0.000689159497,0.457372695,0.451268613,0.000374741096,0.451333314,0.454178035,-0.00101026858,0.456645101,0.45495531,-0.000396555522,0.461952955,0.453302,0.000200805051,0.460030973,0.456284821,-0.000345555309,0.453526556,0.458864212,-0.00165202527,0.45825702,0.459273428,-0.000118148753,0.463567674,0.458003968,0.00166750047
7566.666666666715,0.593721926,0.46933198,-1.09199213e-007,0.607021213,0.463710636,0.00166105956,0.62074,0.463922054,0.00158230413,0.630482078,0.466761142,0.00059162965,0.636998415,0.469298601,-1.68765655e-005,0.635006845,0.469235033,0.00147351983,0.647267938,0.470172584,-0.000245043717,0.646092236,0.469207257,-0.00107098545,0.641571164,0.468281329,-0.00105510571,0.633182168,0.475404441,-0.00051989255,0.64817524,0.476839,-0.00137460639,0.647257328,0.475446194,-0.00134931062,0.642182946,0.474306434,-0.00104092516,0.628351,0.480600178,-0.00250075711,0.64488095,0.482523352,-0.00347084599,0.64544,0.481189668,-0.00253511872,0.641783357,0.479911476,-0.00152773468,0.621791244,0.484839499,-0.00433845818,0.634683847,0.488204062,-0.00440608058,0.640746176,0.488264143,-0.00301736174,0.643389285,0.48764,-0.00157646218
7583.333333333382,0.49118036,0.446323454,-4.22329514e-008,0.485721231,0.439536721,-0.00220276881,0.473894894,0.435000032,-0.00315041956,0.462658435,0.43476373,-0.00409264257,0.453510851,0.436294168,-0.00483243214,0.456225246,0.44086656,0.000542422698,0.453601211,0.444385052,-0.00175959256,0.459581673,0.445170492,-0.00456567109,0.464104146,0.444274306,-0.00634010555,0.454995155,0.446581542,0.000451708533,0.451192677,0.449741393,-0.000634994,0.456957817,0.450505495,-0.00197642669,0.462240279,0.449009895,-0.00292328419,0.456576914,0.452067614,-1.78677419e-005,0.451203912,0.454901606,-0.00189754029,0.456428766,0.455368817,-0.00147272134,0.461516857,0.45364666,-0.000901619904,0.459236,0.457026094,-0.000650938891,0.45301348,0.459402502,-0.00225733197,0.457682282,0.459529,-0.000793155748,0.462845474,0.458203018,0.00101669738
7583.333333333382,0.593152404,0.469622403,-9.62641309e-008,0.608197749,0.463677675,0.00238422561,0.622613728,0.464258373,0.00255654682,0.631819308,0.467580616,0.00176753313,0.637013316,0.470842779,0.00129475514,0.633809566,0.469320416,0.00104904349,0.647134244,0.470227152,-0.000984712,0.644995451,0.468779892,-0.0018900428,0.639492691,0.468056947,-0.0017750382,0.631705105,0.475578934,-0.00132939743,0.64715904,0.476849794,-0.00265475689,0.6454252,0.475049913,-0.0023506193,0.639742434,0.47423476,-0.00149960769,0.627194583,0.480846316,-0.00359081221,0.643353462,0.482924,-0.00446961634,0.643771291,0.481122494,-0.00266536884,0.640103042,0.479925096,-0.000850032666,0.621361494,0.484960735,-0.00566168502,0.635225773,0.488025069,-0.00533143152,0.639952958,0.487400413,-0.00303755957,0.641167879,0.486681581,-0.000755305053
7600.000000000049,0.492099,0.446957827,-4.18837551e-008,0.486649632,0.439737767,-0.00224603922,0.474233985,0.435328871,-0.00285596075,0.462523252,0.43535623,-0.00338183134,0.452888548,0.436516672,-0.00371197634,0.455829442,0.44075346,0.00134888315,0.453191847,0.444684803,-0.000426057319,0.458669931,0.445762575,-0.00303159142,0.463267237,0.444997311,-0.00473195082,0.454817951,0.446659356,0.00152500567,0.45030728,0.450138807,0.00084017677,0.455534458,0.451074272,-0.000555851031,0.461123735,0.449926287,-0.00157096132,0.456705481,0.452321827,0.00131252664,0.450516969,0.455312,-0.000237513144,0.455429196,0.455960274,-8.63368332e-005,0.460846901,0.454613924,0.000274474034,0.459864765,0.457352102,0.000952911214,0.453382462,0.460116208,-0.000488580845,0.457435399,0.46042785,0.000662285951,0.462174624,0.459307373,0.00223053596
7600.000000000049,0.593319893,0.469720364,-9.88682629e-008,0.607498825,0.463732064,0.00209355215,0.621481359,0.464009017,0.00211904501,0.630821,0.46686095,0.00125941227,0.636734128,0.469413191,0.00070484716,0.632826209,0.469383448,0.000756402675,0.646691561,0.469629496,-0.00122752844,0.644036591,0.467944741,-0.00232673017,0.638254344,0.467383862,-0.00249337289,0.631328642,0.475502372,-0.001515251,0.646895766,0.476420909,-0.00281206286,0.645131,0.47481373,-0.00280391192,0.639867902,0.474232048,-0.00223939866,0.627111375,0.480674505,-0.00368076959,0.64335835,0.48289752,-0.00462530879,0.644753754,0.481892824,-0.0032825605,0.642457604,0.481268704,-0.00191958086,0.621241033,0.484659553,-0.00561914779,0.634408236,0.487766296,-0.00546968868,0.63904953,0.487721235,-0.00341521553,0.640841305,0.487424135,-0.00138944353
7616.666666666716,0.48989594,0.447106779,-3.80713381e-008,0.484461248,0.439648122,-0.0021123183,0.472360671,0.435305208,-0.00276390323,0.460946739,0.435408086,-0.00333866267,0.452379435,0.437173694,-0.00379037717,0.454248697,0.441758722,0.000599586,0.453046679,0.44463107,-0.00115908356,0.459253967,0.445245922,-0.00386984064,0.463597924,0.44451955,-0.00578252086,0.453393102,0.447843641,0.000620199426,0.451329261,0.450076222,5.48745957e-005,0.457324892,0.450526655,-0.00126727321,0.462687075,0.449325621,-0.00238484214,0.455801278,0.453493208,0.000364022213,0.451908082,0.455377311,-0.00107576046,0.457610041,0.455510736,-0.000649751339,0.462994218,0.454114199,-0.00028600762,0.459258318,0.458384633,-3.79293524e-005,0.454892904,0.460018337,-0.00142844615,0.460036367,0.459870189,4.59427611e-005,0.46502775,0.458764464,0.00174794719
7616.666666666716,0.593340099,0.469979703,-8.87402933e-008,0.607131481,0.464887172,0.00258155679,0.621087074,0.465534896,0.00295302435,0.630529225,0.468511134,0.00235805917,0.636782408,0.47105962,0.00195199938,0.63171804,0.470435888,0.00137854752,0.646059394,0.470747024,-0.000432109839,0.644963384,0.468659699,-0.00168546708,0.639905453,0.467769235,-0.00193173485,0.63090378,0.47589159,-0.000804999436,0.646466613,0.476981908,-0.00148705195,0.645266175,0.47507453,-0.00150666526,0.639948308,0.474371105,-0.00116690586,0.627105594,0.480550736,-0.00280988077,0.642880857,0.482435226,-0.003052335,0.643441319,0.480662405,-0.00166835613,0.639824,0.479780138,-0.000509331701,0.621694088,0.484056503,-0.00457906397,0.633997381,0.486576408,-0.00378800742,0.637251675,0.485706061,-0.00153417198,0.637024522,0.485022187,0.000500898692
7633.333333333383,0.488607407,0.446611762,-3.5671377e-008,0.483533919,0.439586,-0.00155617471,0.472221702,0.435324728,-0.00194300653,0.46073243,0.435576826,-0.0023225036,0.451803237,0.437030524,-0.00258327019,0.45407483,0.442061752,0.0017717249,0.452600658,0.444862455,0.000918652222,0.458388805,0.445539057,-0.00118547,0.46241203,0.444761813,-0.00276325387,0.453628868,0.44793576,0.00183321291,0.450873584,0.450235963,0.00209270814,0.45645985,0.450761795,0.000982095604,0.461715251,0.44953087,-7.53993663e-005,0.456345886,0.453266382,0.00167824642,0.451620489,0.455262184,0.000879515079,0.456884503,0.455474049,0.00119747128,0.462304443,0.45409736,0.00141766586,0.460137784,0.457856268,0.00145049964,0.455576509,0.459718704,0.000665750122,0.46011886,0.459609151,0.00206106436,0.46491009,0.45847261,0.00360022299
7633.333333333383,0.592970848,0.470082521,-9.58865698e-008,0.605543852,0.463469,0.00119492586,0.619305491,0.462063611,0.000819025969,0.628957391,0.463254958,-0.00029185976,0.635239482,0.463804185,-0.0010302494,0.632713437,0.469161958,-0.000196265362,0.646202207,0.469154775,-0.00202952232,0.64340663,0.467197388,-0.00303802406,0.637614,0.466558278,-0.00325741363,0.631037652,0.475521296,-0.00233422243,0.646304846,0.476401389,-0.00352369086,0.644287,0.474429041,-0.00352812861,0.638708591,0.473658353,-0.00308035268,0.626638174,0.480758935,-0.00439333962,0.642369747,0.482819259,-0.0053073056,0.642734,0.481219351,-0.00398305571,0.639183104,0.480287492,-0.00267121335,0.620518,0.484882027,-0.0063506281,0.633726954,0.488129228,-0.00641281065,0.638136923,0.487481833,-0.00451307883,0.639028311,0.486732304,-0.00256968825
7650.00000000005,0.489294231,0.446759,-3.79729954e-008,0.48359251,0.439787656,-0.00268367515,0.471925676,0.43572247,-0.00392030599,0.460667551,0.436036229,-0.0049419892,0.451513767,0.437166512,-0.00574979838,0.454109281,0.442122132,-0.000246241892,0.452490032,0.445183605,-0.00251112971,0.458541274,0.445689082,-0.00527857291,0.462715775,0.444817066,-0.00715477206,0.453769386,0.448067904,-4.54769506e-005,0.45085007,0.450501949,-0.00147073,0.45692873,0.450850815,-0.00297152391,0.462342501,0.44949469,-0.00397019275,0.456407547,0.453486,-0.000165771984,0.452213168,0.455727875,-0.00218360405,0.457812548,0.455676615,-0.00179848634,0.46301949,0.454091966,-0.00125209871,0.460156083,0.4581016,-0.000460015493,0.455939293,0.460017145,-0.00217631878,0.46080637,0.459649533,-0.000919568934,0.465470821,0.458327293,0.000739084033
7650.00000000005,0.592833877,0.470110387,-9.69988747e-008,0.605450749,0.462776154,0.000851226388,0.619728923,0.460692,0.000429827167,0.629599094,0.461902827,-0.000624443928,0.63458395,0.462571,-0.00122931006,0.633317232,0.468651801,-0.000788473757,0.646601915,0.468816727,-0.00240284111,0.64263308,0.467079103,-0.0031973857,0.636480868,0.466610759,-0.00336016132,0.631328702,0.475346386,-0.00285235466,0.646579206,0.476302952,-0.00399758201,0.643842876,0.474461555,-0.00372184487,0.637941897,0.473899364,-0.00304763648,0.62687248,0.480887234,-0.00483059371,0.642249465,0.483087331,-0.00571523327,0.642223477,0.481643796,-0.0041858796,0.638524294,0.480913192,-0.00272224075,0.620689034,0.485269576,-0.00673395256,0.634235263,0.488403112,-0.00645732274,0.637511194,0.487406582,-0.00403428683,0.637076795,0.486433357,-0.00176463858
7666.666666666717,0.489060104,0.446779937,-3.56113254e-008,0.483452886,0.439648569,-0.0020027922,0.471729815,0.435733169,-0.00258345832,0.460969776,0.436258435,-0.00311568263,0.452320635,0.437491983,-0.00346341077,0.454248369,0.442462265,0.00113764638,0.452045619,0.446198553,-0.000609715702,0.457676291,0.447082609,-0.00310656358,0.462324709,0.44611454,-0.00478122,0.453656316,0.44851464,0.0012455273,0.450019479,0.451580107,0.000415598624,0.455645144,0.452311665,-0.0009921866,0.461102188,0.450905025,-0.0019825052,0.455994427,0.454030037,0.00102853903,0.451077431,0.456676871,-0.000696631847,0.45626992,0.45713371,-0.000670753885,0.461621374,0.455603123,-0.000376089389,0.459496379,0.458778948,0.000705180573,0.454502553,0.461283684,-0.000967836764,0.458773375,0.461465627,-4.66266647e-005,0.463471562,0.460237116,0.00138450763
7666.666666666717,0.593562067,0.469936132,-8.88732075e-008,0.607032895,0.462957025,0.00114686484,0.621252179,0.461618781,0.000816119427,0.630531132,0.463616699,-0.000293761434,0.6353544,0.466010898,-0.00101637351,0.634063065,0.468778491,0.00109904457,0.646468401,0.469305724,-0.000817102,0.643053949,0.468154937,-0.00236946554,0.637165904,0.467830539,-0.00303059514,0.632386863,0.475289375,-0.000868529314,0.646561742,0.476423591,-0.00178830349,0.644128382,0.475175381,-0.00199845107,0.63850373,0.474708915,-0.00178722944,0.628092647,0.480706662,-0.00288244546,0.642578721,0.48281154,-0.00356765743,0.642501354,0.481695443,-0.00238805078,0.639246345,0.480870366,-0.00125931518,0.621877491,0.484922618,-0.00481721759,0.633960187,0.488069415,-0.00469873054,0.637441754,0.487541288,-0.0026809338,0.638045967,0.486674786,-0.000693646201
7683.333333333384,0.490709424,0.446608126,-4.32766107e-008,0.485023677,0.439350873,-0.00221957592,0.472893745,0.435861588,-0.00284158229,0.46163258,0.436597824,-0.00345854624,0.452440709,0.437689126,-0.0038505,0.454146743,0.443066239,0.00150928681,0.451613843,0.44724533,-0.000143226949,0.457743138,0.447902203,-0.00264606485,0.462393552,0.446665555,-0.00436905539,0.4536452,0.449067324,0.00167327642,0.449893177,0.452398598,0.000999389915,0.456047803,0.452950239,-0.000316945778,0.461326212,0.451296657,-0.0012954229,0.456183553,0.454538763,0.00144089072,0.45063296,0.457449406,-0.000400539226,0.456286252,0.45783484,-0.000351684808,0.461879492,0.456095576,1.70137664e-005,0.459793806,0.459328681,0.00107743952,0.453702658,0.46227029,-0.00073330733,0.458181798,0.462438554,0.000225329539,0.463282287,0.461035341,0.00172323524
7683.333333333384,0.596039712,0.46967876,-4.58101432e-008,0.599839628,0.478508,0.00114009157,0.610185385,0.482948899,0.00115846947,0.620942771,0.483430564,0.000561078836,0.628461897,0.481308162,8.07082542e-005,0.622648299,0.485530347,-0.000370401569,0.635195673,0.488108456,-0.00246751984,0.637696624,0.486196369,-0.00372205582,0.636486769,0.484164804,-0.00414283946,0.629092515,0.480658501,-0.00187792047,0.643770278,0.481635,-0.00287692086,0.642479241,0.479462117,-0.00241503655,0.637583733,0.477882862,-0.00177668571,0.632700861,0.474807143,-0.00329519343,0.647949457,0.475883693,-0.00411016075,0.644771039,0.474425256,-0.00238559325,0.638639688,0.473503947,-0.00110329548,0.634018719,0.468778759,-0.00448398618,0.644758642,0.468896627,-0.00521856407,0.642060518,0.467963129,-0.00316286529,0.636911273,0.467454433,-0.00113225321
7700.000000000051,0.492324144,0.446677595,-5.83714872e-008,0.485752046,0.439670056,-0.00176673196,0.473141074,0.436056495,-0.00230180426,0.462202489,0.436610252,-0.00289609726,0.453160703,0.438074827,-0.0032253915,0.455197155,0.443251431,0.00173267291,0.453725,0.446795344,9.24542037e-005,0.460369051,0.4476161,-0.00233460404,0.465257049,0.446588337,-0.00399274891,0.454632491,0.44914037,0.00170515198,0.451908529,0.45241645,0.00101012795,0.458617181,0.453106165,-0.00024552393,0.463973492,0.451493293,-0.00118709111,0.456990361,0.454659671,0.00133222586,0.452642471,0.457742602,-0.000245767325,0.458702564,0.458227962,0.000109625194,0.464182824,0.456459939,0.000592367782,0.460294485,0.459497511,0.000828950782,0.455203503,0.462499887,-0.000466007565,0.45993197,0.462704778,0.000892450684,0.465011716,0.461277694,0.00258230744
7700.000000000051,0.595377088,0.470640153,-1.02826895e-007,0.607230127,0.463088155,0.000213650768,0.621545732,0.460736483,-0.000594232639,0.631625712,0.46245417,-0.00210309797,0.637139618,0.464461476,-0.00314847031,0.635865033,0.468977153,-0.000408218941,0.647750914,0.46875903,-0.00212357147,0.643875659,0.467706442,-0.00325629557,0.637731969,0.467538208,-0.00378142623,0.633906722,0.475539893,-0.0021761558,0.648011804,0.476064414,-0.00320620229,0.644560456,0.474540383,-0.00329657481,0.637892604,0.474023581,-0.00320016919,0.629068613,0.48105821,-0.00401456328,0.644384086,0.482597113,-0.00502774306,0.642334819,0.481022179,-0.00409370288,0.636508,0.480078906,-0.00324371317,0.622697,0.485664159,-0.00588706648,0.634626329,0.488679826,-0.0060918997,0.636715114,0.487587392,-0.00458859606,0.635038137,0.48638463,-0.00310262945
7716.666666666718,0.493210882,0.446722716,-5.52604149e-008,0.485350102,0.439565748,-0.00173705874,0.472844094,0.435951024,-0.0023572694,0.461760551,0.436768889,-0.0030357854,0.452526659,0.438142419,-0.0034109212,0.455767542,0.443262577,0.00195903773,0.453977197,0.44628647,0.000155896705,0.460199624,0.446857631,-0.00258523691,0.465028912,0.445966452,-0.00443941494,0.455215424,0.449198097,0.0018263791,0.453249454,0.451905519,0.00126589288,0.459494561,0.452238292,-0.00018377087,0.464660704,0.450726867,-0.00133582018,0.457573324,0.454674542,0.00133761077,0.454215407,0.457190782,-0.000177349953,0.459986061,0.457328141,6.75017727e-005,0.465361327,0.455617368,0.000416541559,0.460892349,0.459406644,0.000703401165,0.456357569,0.462366253,-0.000864061702,0.46119523,0.462227166,0.000393327267,0.466247499,0.460705549,0.0020822084
7716.666666666718,0.595376134,0.470262,-8.21663946e-008,0.607634962,0.462789327,0.000144520076,0.621987,0.460695416,-0.000350116607,0.630826414,0.463194668,-0.00135759322,0.63449353,0.465976894,-0.00181897474,0.637237549,0.468861073,0.000121074365,0.648531556,0.46939519,-0.00152740697,0.645208359,0.468607664,-0.00267497962,0.638794303,0.468267024,-0.00307248952,0.634988725,0.475636899,-0.00157800992,0.64850837,0.47678718,-0.00259454618,0.64599812,0.475741506,-0.00269497721,0.640153408,0.475111276,-0.00232733437,0.630190253,0.481186,-0.00342408,0.643708408,0.483641565,-0.00440547802,0.643929541,0.482775956,-0.00346620544,0.640821099,0.481847584,-0.00244983495,0.623279154,0.485494,-0.00528941955,0.634964764,0.488866836,-0.00555634126,0.637725472,0.487876385,-0.00367088756,0.637179375,0.486292273,-0.00174071896
7733.333333333385,0.491802484,0.446095407,-5.69151446e-008,0.484373301,0.439633608,-0.00111831469,0.472472966,0.436243027,-0.00167066627,0.461716682,0.436887681,-0.00248759403,0.452747434,0.438388735,-0.00315929484,0.455973327,0.443279654,0.00186994195,0.453919142,0.446492463,-5.99895611e-005,0.460389942,0.447245717,-0.00272111292,0.465658754,0.446359,-0.00435819803,0.455111414,0.449183941,0.00144077372,0.452115357,0.45237577,0.000971777306,0.458557785,0.452983737,-0.000144287289,0.464069307,0.451319933,-0.0010311784,0.457352,0.454574287,0.000699098047,0.452621251,0.457799852,-0.000908833405,0.458539844,0.458241493,-0.00059592718,0.464157581,0.4563407,-0.000123135658,0.460855037,0.459210813,-7.70621118e-005,0.45496273,0.462903589,-0.00167586922,0.459725022,0.463009775,-0.000295531063,0.465299875,0.461259723,0.00149141578
7733.333333333385,0.595608771,0.470339209,-9.00329908e-008,0.607512534,0.462773621,-8.65999755e-005,0.621285498,0.460243,-0.000995069626,0.630512774,0.462287039,-0.00241575,0.634836257,0.464919776,-0.00333481212,0.637103558,0.468996167,-0.00107813173,0.64851886,0.469477057,-0.0027104984,0.644800484,0.468291134,-0.0037604305,0.638334513,0.467787623,-0.00415840652,0.634895504,0.475764275,-0.00269492064,0.648326218,0.47679168,-0.00339111965,0.645342588,0.475220978,-0.00325712096,0.639074206,0.474411637,-0.002991891,0.629995108,0.481271237,-0.00436103763,0.643616617,0.483340353,-0.00509840716,0.642550468,0.481691867,-0.00387247303,0.637906,0.480467588,-0.00283369096,0.623243272,0.485561758,-0.00605503144,0.63530755,0.488852292,-0.00613941764,0.637353063,0.487381458,-0.00412388565,0.635703325,0.485693038,-0.00218676054
7750.000000000052,0.491823196,0.44614923,-6.2166329e-008,0.484161198,0.4396092,-0.0012010627,0.471765846,0.436419547,-0.0015693804,0.461213142,0.437248349,-0.00219797785,0.452317506,0.438502967,-0.00267553749,0.454677403,0.443700314,0.00269870483,0.453752935,0.44752267,0.000873066194,0.46038574,0.448289722,-0.00191951951,0.465498954,0.447115272,-0.00371055538,0.454402924,0.449465722,0.00235347892,0.452192634,0.453196,0.00176938355,0.458955169,0.453845143,0.000340001221,0.464395791,0.451947063,-0.000694298826,0.457211703,0.454698056,0.00165233505,0.453209,0.458302617,-1.63563327e-005,0.459444612,0.458779275,9.62863705e-005,0.464886516,0.456647128,0.000492828607,0.461117327,0.459238082,0.000890786119,0.455866218,0.462889373,-0.000663497252,0.460821599,0.463084728,0.000656884,0.466179043,0.461276412,0.00243449304
7750.000000000052,0.59677726,0.470356017,-8.54086437e-008,0.609217882,0.462866813,0.000410577923,0.623084664,0.460456908,-0.000584398804,0.631862044,0.462794691,-0.0021406454,0.635273159,0.465673119,-0.00319362618,0.638572514,0.468941659,-0.00158634933,0.649590552,0.469489396,-0.00327751786,0.645239174,0.468822598,-0.00423302967,0.638447165,0.468441606,-0.00445135031,0.636229,0.475596935,-0.00338135706,0.649532497,0.476697028,-0.00379601913,0.646210074,0.475412756,-0.00337650278,0.639652789,0.474799365,-0.00294681685,0.631211817,0.481174141,-0.00509306556,0.644066155,0.483240962,-0.00526737049,0.642526567,0.481671125,-0.00367508456,0.637472749,0.48055324,-0.00245792372,0.624301,0.485706598,-0.00682918867,0.63648665,0.489144534,-0.00638489518,0.638862133,0.487730294,-0.00406134082,0.637438059,0.486125618,-0.00191364042
7766.666666666719,0.4908562,0.445453,-5.78710342e-008,0.482944757,0.439027488,-0.00128158857,0.470832705,0.43631053,-0.00162270188,0.460379899,0.437341332,-0.00221380428,0.451566428,0.438562959,-0.00265601347,0.454214543,0.443984687,0.00275888224,0.454472095,0.447782964,0.00117707602,0.461224854,0.448101193,-0.00158131123,0.465865433,0.446673155,-0.00341903465,0.453754634,0.449673206,0.00245712977,0.45305109,0.453315526,0.00204660324,0.460082,0.453591436,0.000585836591,0.465074182,0.451450169,-0.000482757285,0.456658959,0.454887211,0.00181017665,0.453852057,0.458462745,0.000333007367,0.460190594,0.458556414,0.000585407543,0.465072542,0.456190884,0.00101660436,0.460727721,0.459468335,0.00107215159,0.455785781,0.462947845,-0.00031300119,0.46085763,0.462940693,0.00125083956,0.465998173,0.461063266,0.00317937112
7766.666666666719,0.59730655,0.470215708,-7.85729952e-008,0.609447479,0.462742358,-0.000536123174,0.62296778,0.460195154,-0.00198450591,0.631022215,0.462273449,-0.00391719304,0.633990467,0.464682966,-0.0053789285,0.639213145,0.468748778,-0.0018665744,0.649679,0.469545156,-0.00438122498,0.645560861,0.469387114,-0.00616359385,0.638571203,0.46894297,-0.00690857973,0.6371122,0.475619644,-0.00365740294,0.64994359,0.477018028,-0.00496441405,0.646291912,0.476331443,-0.00541487662,0.639275849,0.475532174,-0.0054913424,0.632211387,0.48139441,-0.00555673521,0.644781828,0.48396638,-0.00665375451,0.642587662,0.482899278,-0.00583954854,0.637000561,0.481568426,-0.00505066756,0.62509805,0.486098647,-0.00754388655,0.636465847,0.489613295,-0.0078473622,0.637078226,0.488425314,-0.00585264619,0.634079456,0.486661702,-0.00388834602
7783.333333333386,0.490478158,0.445751935,-5.75110803e-008,0.482370973,0.439647913,-0.00167221657,0.470338285,0.436845779,-0.00245804689,0.46030885,0.437423199,-0.00342171662,0.451761276,0.439052194,-0.0041583092,0.454586625,0.443981171,0.00163121405,0.455135,0.446730703,-0.000529031036,0.461611539,0.447054654,-0.00353134028,0.466395438,0.446106136,-0.00543198083,0.454229265,0.449661493,0.00131633622,0.454295069,0.452361584,0.000672650756,0.460779279,0.452495158,-0.000793582469,0.465545058,0.45070371,-0.00198290776,0.457156181,0.454969347,0.000637321325,0.455352902,0.457514882,-0.00119001477,0.461519927,0.457438022,-0.00095900055,0.466437399,0.455347121,-0.000534015824,0.46095854,0.459722698,-0.000160670141,0.456879944,0.462735564,-0.00189815741,0.461736113,0.462574601,-0.00044180642,0.466782272,0.460796297,0.00143887359
7783.333333333386,0.598983109,0.470655352,-7.50740341e-008,0.610775948,0.463282585,-0.000679394812,0.623522103,0.460390657,-0.00250109518,0.631097198,0.461804956,-0.00479720766,0.633388162,0.463171691,-0.00668438058,0.639829934,0.469179928,-0.00321481633,0.651177466,0.469832689,-0.00590356486,0.646688,0.46930483,-0.00774234813,0.639798582,0.468980193,-0.00858656596,0.637315929,0.475881189,-0.00499978708,0.651079059,0.477284789,-0.00659360318,0.647319317,0.476065576,-0.00694044353,0.64044565,0.475293666,-0.0069439467,0.632237852,0.481417328,-0.00680662738,0.644750595,0.483848184,-0.00776404189,0.642444134,0.482248217,-0.00680028601,0.636983395,0.480889946,-0.00599967176,0.625342309,0.485935539,-0.00873733,0.636793137,0.48955071,-0.00877656229,0.637570918,0.4879179,-0.00672425423,0.634808123,0.485952914,-0.00483058579
